运输架次编号,通信阶段,开始时刻（s）,结束时刻（s）,保障方式,中继架次编号
P00137,leg1-climb,330,339.6904406738281,直连,
P00146,leg1-climb,330,339.6904406738281,直连,
P00137,leg1-climb,339.6904406738281,349.3808813476563,直连,
P00146,leg1-climb,339.6904406738281,349.3808813476563,直连,
P00137,leg1-climb,349.3808813476563,359.0713220214844,直连,
P00146,leg1-climb,349.3808813476563,359.0713220214844,直连,
P00137,leg1-climb,359.0713220214844,368.7617626953125,直连,
P00146,leg1-climb,359.0713220214844,368.7617626953125,直连,
P00137,leg1-climb,368.7617626953125,378.4522033691406,直连,
P00146,leg1-climb,368.7617626953125,378.4522033691406,直连,
P00137,leg1-cruise,378.4522033691406,388.2708294149384,直连,
P00146,leg1-cruise,378.4522033691406,388.2708294149384,直连,
P00107,leg1-climb,382.5214399762144,391.5708341005634,直连,
P00137,leg1-cruise,388.2708294149384,398.0894554607362,直连,
P00146,leg1-cruise,388.2708294149384,398.0894554607362,直连,
P00024,leg1-climb,390,399.6718205769857,直连,
P00107,leg1-climb,391.5708341005634,400.6202282249124,直连,
P00137,leg1-cruise,398.0894554607362,407.908081506534,直连,
P00146,leg1-cruise,398.0894554607362,407.908081506534,直连,
P00024,leg1-climb,399.6718205769857,409.3436411539714,直连,
P00107,leg1-climb,400.6202282249124,409.6696223492613,直连,
P00137,leg1-cruise,407.908081506534,417.7267075523317,直连,
P00146,leg1-cruise,407.908081506534,417.7267075523317,直连,
P00024,leg1-climb,409.3436411539714,419.015461730957,直连,
P00107,leg1-climb,409.6696223492613,418.7190164736103,直连,
P00137,leg1-cruise,417.7267075523317,427.5453335981295,直连,
P00146,leg1-cruise,417.7267075523317,427.5453335981295,直连,
P00107,leg1-climb,418.7190164736103,427.7684105979592,直连,
P00024,leg1-climb,419.015461730957,428.6872823079427,直连,
P00137,leg1-cruise,427.5453335981295,437.3639596439273,直连,
P00146,leg1-cruise,427.5453335981295,437.3639596439273,直连,
P00107,leg1-climb,427.7684105979592,436.8178047223082,直连,
P00057,leg1-climb,428.6607964974155,438.5139548320008,直连,
P00024,leg1-climb,428.6872823079427,438.3591028849284,直连,
P00107,leg1-climb,436.8178047223082,445.8671988466571,直连,
P00137,leg1-cruise,437.3639596439273,447.1825856897251,直连,
P00146,leg1-cruise,437.3639596439273,447.1825856897251,直连,
P00024,leg1-climb,438.3591028849284,448.0309234619141,直连,
P00057,leg1-climb,438.5139548320008,448.3671131665862,直连,
P00107,leg1-climb,445.8671988466571,454.9165929710061,直连,
P00020,leg1-climb,446.5536172370353,456.0736503994702,直连,
P00137,leg1-cruise,447.1825856897251,457.0012117355228,直连,
P00146,leg1-cruise,447.1825856897251,457.0012117355228,直连,
P00024,leg1-climb,448.0309234619141,457.7027440388998,直连,
P00057,leg1-climb,448.3671131665862,458.2202715011715,直连,
P00107,leg1-climb,454.9165929710061,463.965987095355,直连,
P00020,leg1-climb,456.0736503994702,465.5936835619051,直连,
P00137,leg1-cruise,457.0012117355228,466.8198377813206,直连,
P00146,leg1-cruise,457.0012117355228,466.8198377813206,直连,
P00024,leg1-climb,457.7027440388998,467.3745646158854,直连,
P00057,leg1-climb,458.2202715011715,468.0734298357569,直连,
P00107,leg1-climb,463.965987095355,473.015381219704,直连,
P00020,leg1-climb,465.5936835619051,475.11371672434,直连,
P00137,leg1-cruise,466.8198377813206,476.6384638271184,直连,
P00146,leg1-cruise,466.8198377813206,476.6384638271184,直连,
P00024,leg1-climb,467.3745646158854,477.0463851928711,直连,
P00057,leg1-climb,468.0734298357569,477.9265881703422,直连,
P00107,leg1-cruise,473.015381219704,477.94292898384,直连,
P00020,leg1-climb,475.11371672434,484.6337498867749,直连,
P00137,leg1-cruise,476.6384638271184,486.4570898729162,直连,
P00146,leg1-cruise,476.6384638271184,486.4570898729162,直连,
P00024,leg1-climb,477.0463851928711,486.7182057698568,直连,
P00057,leg1-climb,477.9265881703422,487.7797465049275,直连,
P00107,leg1-cruise,477.94292898384,482.870476747976,直连,
P00011,leg1-climb,480,489.5359135742187,直连,
P00107,leg1-cruise,482.870476747976,487.798024512112,直连,
P00020,leg1-climb,484.6337498867749,494.1537830492098,直连,
P00137,leg1-cruise,486.4570898729162,496.275715918714,直连,
P00146,leg1-cruise,486.4570898729162,496.275715918714,直连,
P00024,leg1-climb,486.7182057698568,496.3900263468425,直连,
P00057,leg1-climb,487.7797465049275,497.6329048395129,直连,
P00107,leg1-cruise,487.798024512112,492.725572276248,直连,
P00011,leg1-climb,489.5359135742187,499.0718271484375,直连,
P00107,leg1-cruise,492.725572276248,497.653120040384,直连,
P00020,leg1-climb,494.1537830492098,503.6738162116447,直连,
P00137,leg1-cruise,496.275715918714,506.0943419645117,直连,
P00146,leg1-cruise,496.275715918714,506.0943419645117,直连,
P00024,leg1-climb,496.3900263468425,506.0618469238282,直连,
P00057,leg1-climb,497.6329048395129,507.4860631740982,直连,
P00107,leg1-cruise,497.653120040384,502.58066780452,直连,
P00011,leg1-climb,499.0718271484375,508.6077407226563,直连,
P00107,leg1-cruise,502.58066780452,507.508215568656,直连,
P00020,leg1-climb,503.6738162116447,513.1938493740796,直连,
P00024,leg1-climb,506.0618469238282,515.7336675008139,直连,
P00137,leg1-cruise,506.0943419645117,515.9129680103094,直连,
P00146,leg1-cruise,506.0943419645117,515.9129680103094,直连,
P00057,leg1-climb,507.4860631740982,517.3392215086835,直连,
P00107,leg1-cruise,507.508215568656,512.435763332792,直连,
P00011,leg1-climb,508.6077407226563,518.143654296875,直连,
P00107,leg1-cruise,512.435763332792,517.363311096928,直连,
P00020,leg1-climb,513.1938493740796,522.7138825365145,直连,
P00024,leg1-climb,515.7336675008139,525.4054880777995,直连,
P00137,leg1-cruise,515.9129680103094,525.7315940561073,直连,
P00146,leg1-cruise,515.9129680103094,525.7315940561073,直连,
P00057,leg1-climb,517.3392215086835,527.1923798432689,直连,
P00107,leg1-cruise,517.363311096928,522.290858861064,直连,
P00011,leg1-climb,518.143654296875,527.6795678710937,直连,
P00107,leg1-cruise,522.290858861064,527.2184066251999,直连,
P00020,leg1-climb,522.7138825365145,532.2339156989494,直连,
P00024,leg1-climb,525.4054880777995,535.0773086547852,直连,
P00137,leg1-cruise,525.7315940561073,535.5502201019051,直连,
P00146,leg1-cruise,525.7315940561073,535.5502201019051,直连,
P00057,leg1-climb,527.1923798432689,537.0455381778543,直连,
P00107,leg1-cruise,527.2184066251999,532.1459543893359,直连,
P00011,leg1-climb,527.6795678710937,537.2154814453125,直连,
P00107,leg1-cruise,532.1459543893359,537.073502153472,直连,
P00020,leg1-climb,532.2339156989494,541.7539488613843,直连,
P00024,leg1-climb,535.0773086547852,544.7491292317709,直连,
P00137,leg1-cruise,535.5502201019051,545.3688461477028,直连,
P00146,leg1-cruise,535.5502201019051,545.3688461477028,直连,
P00057,leg1-climb,537.0455381778543,546.8986965124395,直连,
P00107,leg1-cruise,537.073502153472,542.0010499176079,直连,
P00011,leg1-climb,537.2154814453125,546.7513950195313,直连,
P00035,leg1-climb,540,549.6904406738281,直连,
P00020,leg1-cruise,541.7539488613843,546.6862485689091,直连,
P00107,leg1-cruise,542.0010499176079,546.9285976817439,直连,
P00024,leg1-cruise,544.7491292317709,549.6238293167884,直连,
P00137,leg1-cruise,545.3688461477028,555.1874721935006,直连,
P00146,leg1-cruise,545.3688461477028,555.1874721935006,直连,
P00020,leg1-cruise,546.6862485689091,551.6185482764341,直连,
P00011,leg1-climb,546.7513950195313,556.28730859375,直连,
P00057,leg1-climb,546.8986965124395,556.7518548470249,直连,
P00107,leg1-cruise,546.9285976817439,551.85614544588,直连,
P00024,leg1-cruise,549.6238293167884,554.4985294018059,直连,
P00035,leg1-climb,549.6904406738281,559.3808813476562,直连,
P00020,leg1-cruise,551.6185482764341,556.5508479839591,直连,
P00107,leg1-cruise,551.85614544588,556.7836932100159,直连,
P00024,leg1-cruise,554.4985294018059,559.3732294868233,直连,
P00137,leg1-cruise,555.1874721935006,565.0060982392984,直连,
P00146,leg1-cruise,555.1874721935006,565.0060982392984,直连,
P00011,leg1-climb,556.28730859375,565.8232221679688,直连,
P00020,leg1-cruise,556.5508479839591,561.483147691484,直连,
P00057,leg1-cruise,556.7518548470249,561.581488423138,直连,
P00107,leg1-cruise,556.7836932100159,561.7112409741519,直连,
P00024,leg1-cruise,559.3732294868233,564.2479295718408,直连,
P00035,leg1-climb,559.3808813476562,569.0713220214843,直连,
P00020,leg1-cruise,561.483147691484,566.4154473990088,直连,
P00057,leg1-cruise,561.581488423138,566.4111219992511,直连,
P00107,leg1-cruise,561.7112409741519,566.6387887382879,直连,
P00024,leg1-cruise,564.2479295718408,569.1226296568583,直连,
P00137,leg1-cruise,565.0060982392984,574.8247242850962,直连,
P00146,leg1-cruise,565.0060982392984,574.8247242850962,直连,
P00011,leg1-climb,565.8232221679688,575.3591357421875,直连,
P00057,leg1-cruise,566.4111219992511,571.2407555753641,直连,
P00020,leg1-cruise,566.4154473990088,571.3477471065338,直连,
P00107,leg1-cruise,566.6387887382879,571.5663365024238,直连,
P00035,leg1-climb,569.0713220214843,578.7617626953125,直连,
P00024,leg1-cruise,569.1226296568583,573.9973297418758,直连,
P00057,leg1-cruise,571.2407555753641,576.0703891514772,直连,
P00020,leg1-cruise,571.3477471065338,576.2800468140587,直连,
P00107,leg1-cruise,571.5663365024238,576.4938842665599,直连,
P00024,leg1-cruise,573.9973297418758,578.8720298268933,直连,
P00137,leg1-cruise,574.8247242850962,584.6433503308939,直连,
P00146,leg1-cruise,574.8247242850962,584.6433503308939,直连,
P00011,leg1-cruise,575.3591357421875,580.1788831789388,直连,
P00057,leg1-cruise,576.0703891514772,580.9000227275903,直连,
P00020,leg1-cruise,576.2800468140587,581.2123465215835,直连,
P00107,leg1-cruise,576.4938842665599,581.4214320306959,直连,
P00035,leg1-climb,578.7617626953125,588.4522033691406,直连,
P00024,leg1-cruise,578.8720298268933,583.7467299119107,直连,
P00011,leg1-cruise,580.1788831789388,584.9986306156902,直连,
P00057,leg1-cruise,580.9000227275903,585.7296563037035,直连,
P00020,leg1-cruise,581.2123465215835,586.1446462291085,直连,
P00107,leg1-cruise,581.4214320306959,586.3489797948318,直连,
P00024,leg1-cruise,583.7467299119107,588.6214299969282,直连,
P00137,leg1-cruise,584.6433503308939,594.4619763766917,直连,
P00146,leg1-cruise,584.6433503308939,594.4619763766917,直连,
P00011,leg1-cruise,584.9986306156902,589.8183780524416,直连,
P00057,leg1-cruise,585.7296563037035,590.5592898798166,直连,
P00020,leg1-cruise,586.1446462291085,591.0769459366334,直连,
P00107,leg1-cruise,586.3489797948318,591.2765275589679,直连,
P00035,leg1-climb,588.4522033691406,598.1426440429688,直连,
P00024,leg1-cruise,588.6214299969282,593.4961300819457,直连,
P00011,leg1-cruise,589.8183780524416,594.6381254891929,直连,
P00057,leg1-cruise,590.5592898798166,595.3889234559297,直连,
P00020,leg1-cruise,591.0769459366334,596.0092456441582,直连,
P00107,leg1-cruise,591.2765275589679,596.2040753231039,直连,
P00024,leg1-cruise,593.4961300819457,598.3708301669632,直连,
P00137,leg1-cruise,594.4619763766917,604.2806024224894,直连,
P00146,leg1-cruise,594.4619763766917,604.2806024224894,直连,
P00011,leg1-cruise,594.6381254891929,599.4578729259442,直连,
P00057,leg1-cruise,595.3889234559297,600.2185570320428,直连,
P00020,leg1-cruise,596.0092456441582,600.9415453516832,直连,
P00107,leg1-cruise,596.2040753231039,601.1316230872399,直连,
P00035,leg1-cruise,598.1426440429688,602.9067128432,直连,
P00024,leg1-cruise,598.3708301669632,603.2455302519807,直连,
P00011,leg1-cruise,599.4578729259442,604.2776203626956,直连,
P00057,leg1-cruise,600.2185570320428,605.0481906081559,直连,
P00020,leg1-cruise,600.9415453516832,605.8738450592082,直连,
P00107,leg1-cruise,601.1316230872399,606.0591708513758,直连,
P00035,leg1-cruise,602.9067128432,607.6707816434312,直连,
P00024,leg1-cruise,603.2455302519807,608.1202303369981,直连,
P00011,leg1-cruise,604.2776203626956,609.097367799447,直连,
P00137,leg1-cruise,604.2806024224894,614.0992284682873,直连,
P00146,leg1-cruise,604.2806024224894,614.0992284682873,直连,
P00057,leg1-cruise,605.0481906081559,609.877824184269,直连,
P00020,leg1-cruise,605.8738450592082,610.806144766733,直连,
P00107,leg1-cruise,606.0591708513758,610.9867186155118,直连,
P00035,leg1-cruise,607.6707816434312,612.4348504436623,直连,
P00024,leg1-cruise,608.1202303369981,612.9949304220156,直连,
P00011,leg1-cruise,609.097367799447,613.9171152361984,直连,
P00057,leg1-cruise,609.877824184269,614.707457760382,直连,
P00020,leg1-cruise,610.806144766733,615.7384444742579,直连,
P00107,leg1-cruise,610.9867186155118,615.9142663796479,直连,
P00035,leg1-cruise,612.4348504436623,617.1989192438936,直连,
P00024,leg1-cruise,612.9949304220156,617.869630507033,直连,
P00011,leg1-cruise,613.9171152361984,618.7368626729497,直连,
P00137,leg1-cruise,614.0992284682873,623.917854514085,直连,
P00146,leg1-cruise,614.0992284682873,623.917854514085,直连,
P00057,leg1-cruise,614.707457760382,619.5370913364951,直连,
P00020,leg1-cruise,615.7384444742579,620.6707441817829,直连,
P00107,leg1-cruise,615.9142663796479,620.8418141437838,直连,
P00035,leg1-cruise,617.1989192438936,621.9629880441248,直连,
P00024,leg1-cruise,617.869630507033,622.7443305920505,直连,
P00011,leg1-cruise,618.7368626729497,623.5566101097011,直连,
P00057,leg1-cruise,619.5370913364951,624.3667249126082,直连,
P00020,leg1-cruise,620.6707441817829,625.6030438893079,直连,
P00107,leg1-cruise,620.8418141437838,625.7693619079198,直连,
P00035,leg1-cruise,621.9629880441248,626.7270568443561,直连,
P00024,leg1-cruise,622.7443305920505,627.6190306770679,直连,
P00011,leg1-cruise,623.5566101097011,628.3763575464525,直连,
P00137,leg1-cruise,623.917854514085,633.7364805598828,直连,
P00146,leg1-cruise,623.917854514085,633.7364805598828,直连,
P00057,leg1-cruise,624.3667249126082,629.1963584887213,直连,
P00020,leg1-cruise,625.6030438893079,630.5353435968327,直连,
P00107,leg1-cruise,625.7693619079198,630.6969096720559,直连,
P00035,leg1-cruise,626.7270568443561,631.4911256445873,直连,
P00024,leg1-cruise,627.6190306770679,632.4937307620854,直连,
P00011,leg1-cruise,628.3763575464525,633.1961049832038,直连,
P00057,leg1-cruise,629.1963584887213,634.0259920648344,直连,
P00020,leg1-cruise,630.5353435968327,635.4676433043576,直连,
P00107,leg1-cruise,630.6969096720559,635.6244574361918,直连,
P00035,leg1-cruise,631.4911256445873,636.2551944448185,直连,
P00024,leg1-cruise,632.4937307620854,637.3684308471029,直连,
P00011,leg1-cruise,633.1961049832038,638.0158524199551,直连,
P00137,leg1-descent,633.7364805598828,642.642141570625,直连,
P00146,leg1-descent,633.7364805598828,642.642141570625,直连,
P00057,leg1-cruise,634.0259920648344,638.8556256409474,直连,
P00020,leg1-cruise,635.4676433043576,640.3999430118824,直连,
P00107,leg1-cruise,635.6244574361918,640.5520052003278,直连,
P00035,leg1-cruise,636.2551944448185,641.0192632450496,直连,
P00024,leg1-cruise,637.3684308471029,642.2431309321204,直连,
P00011,leg1-cruise,638.0158524199551,642.8355998567065,直连,
P00057,leg1-cruise,638.8556256409474,643.6852592170605,直连,
P00020,leg1-cruise,640.3999430118824,645.3322427194073,直连,
P00107,leg1-cruise,640.5520052003278,645.4795529644638,直连,
P00035,leg1-cruise,641.0192632450496,645.7833320452809,直连,
P00024,leg1-cruise,642.2431309321204,647.1178310171379,直连,
P00137,leg1-descent,642.642141570625,651.5478025813673,直连,
P00146,leg1-descent,642.642141570625,651.5478025813673,直连,
P00011,leg1-cruise,642.8355998567065,647.6553472934579,直连,
P00057,leg1-cruise,643.6852592170605,648.5148927931737,直连,
P00020,leg1-cruise,645.3322427194073,650.2645424269323,直连,
P00107,leg1-cruise,645.4795529644638,650.4071007285997,直连,
P00035,leg1-cruise,645.7833320452809,650.5474008455121,直连,
P00024,leg1-cruise,647.1178310171379,651.9925311021553,直连,
P00011,leg1-cruise,647.6553472934579,652.4750947302092,直连,
P00057,leg1-cruise,648.5148927931737,653.3445263692868,直连,
P00020,leg1-cruise,650.2645424269323,655.1968421344573,直连,
P00107,leg1-cruise,650.4071007285997,655.3346484927358,直连,
P00035,leg1-cruise,650.5474008455121,655.3114696457433,直连,
P00137,leg1-descent,651.5478025813673,660.4534635921094,直连,
P00146,leg1-descent,651.5478025813673,660.4534635921094,直连,
P00024,leg1-cruise,651.9925311021553,656.8672311871728,直连,
P00011,leg1-cruise,652.4750947302092,657.2948421669605,直连,
P00057,leg1-cruise,653.3445263692868,658.1741599453999,直连,
P00020,leg1-cruise,655.1968421344573,660.1291418419821,直连,
P00035,leg1-cruise,655.3114696457433,660.0755384459744,直连,
P00107,leg1-cruise,655.3346484927358,660.2621962568718,直连,
P00024,leg1-cruise,656.8672311871728,661.7419312721903,直连,
P00011,leg1-cruise,657.2948421669605,662.1145896037119,直连,
P00057,leg1-cruise,658.1741599453999,663.003793521513,直连,
P00035,leg1-cruise,660.0755384459744,664.8396072462057,直连,
P00020,leg1-cruise,660.1291418419821,665.061441549507,直连,
P00107,leg1-cruise,660.2621962568718,665.1897440210078,直连,
P00137,leg1-descent,660.4534635921094,669.3591246028516,直连,
P00146,leg1-descent,660.4534635921094,669.3591246028516,直连,
P00024,leg1-cruise,661.7419312721903,666.6166313572078,直连,
P00011,leg1-cruise,662.1145896037119,666.9343370404633,直连,
P00057,leg1-cruise,663.003793521513,667.8334270976261,直连,
P00035,leg1-cruise,664.8396072462057,669.6036760464369,直连,
P00020,leg1-cruise,665.061441549507,669.993741257032,直连,
P00107,leg1-cruise,665.1897440210078,670.1172917851438,直连,
P00024,leg1-cruise,666.6166313572078,671.4913314422253,直连,
P00011,leg1-cruise,666.9343370404633,671.7540844772147,直连,
P00057,leg1-cruise,667.8334270976261,672.6630606737392,直连,
P00137,S001-handoff,669.3591246028516,679.2725406836075,直连,
P00146,S001-handoff,669.3591246028516,679.2725406836075,直连,
P00035,leg1-cruise,669.6036760464369,674.3677448466681,直连,
P00020,leg1-cruise,669.993741257032,674.9260409645569,直连,
P00107,leg1-cruise,670.1172917851438,675.0448395492798,直连,
P00024,leg1-cruise,671.4913314422253,676.3660315272427,直连,
P00011,leg1-cruise,671.7540844772147,676.573831913966,直连,
P00057,leg1-cruise,672.6630606737392,677.4926942498523,直连,
P00035,leg1-cruise,674.3677448466681,679.1318136468993,直连,
P00020,leg1-cruise,674.9260409645569,679.8583406720818,直连,
P00107,leg1-cruise,675.0448395492798,679.9723873134158,直连,
P00024,leg1-cruise,676.3660315272427,681.2407316122602,直连,
P00011,leg1-cruise,676.573831913966,681.3935793507173,直连,
P00057,leg1-cruise,677.4926942498523,682.3223278259653,直连,
P00035,leg1-cruise,679.1318136468993,683.8958824471306,直连,
P00137,S001-handoff,679.2725406836075,689.1859567643636,直连,
P00146,S001-handoff,679.2725406836075,689.1859567643636,直连,
P00020,leg1-cruise,679.8583406720818,684.7906403796067,直连,
P00107,leg1-cruise,679.9723873134158,684.8999350775517,直连,
P00024,leg1-cruise,681.2407316122602,686.1154316972777,直连,
P00011,leg1-cruise,681.3935793507173,686.2133267874688,直连,
P00057,leg1-cruise,682.3223278259653,687.1519614020784,直连,
P00035,leg1-cruise,683.8958824471306,688.6599512473617,直连,
P00020,leg1-cruise,684.7906403796067,689.7229400871315,直连,
P00107,leg1-cruise,684.8999350775517,689.8274828416877,直连,
P00024,leg1-cruise,686.1154316972777,690.9901317822952,直连,
P00011,leg1-cruise,686.2133267874688,691.0330742242202,直连,
P00057,leg1-cruise,687.1519614020784,691.9815949781915,直连,
P00035,leg1-cruise,688.6599512473617,693.424020047593,直连,
P00137,S001-handoff,689.1859567643636,699.0993728451195,直连,
P00146,S001-handoff,689.1859567643636,699.0993728451195,直连,
P00020,leg1-cruise,689.7229400871315,694.6552397946565,直连,
P00107,leg1-cruise,689.8274828416877,694.7550306058238,直连,
P00024,leg1-cruise,690.9901317822952,695.8648318673127,直连,
P00011,leg1-cruise,691.0330742242202,695.8528216609716,直连,
P00057,leg1-cruise,691.9815949781915,696.8112285543046,直连,
P00035,leg1-cruise,693.424020047593,698.1880888478242,直连,
P00020,leg1-cruise,694.6552397946565,699.5875395021815,直连,
P00107,leg1-cruise,694.7550306058238,699.6825783699597,直连,
P00011,leg1-cruise,695.8528216609716,700.6725690977229,直连,
P00024,leg1-cruise,695.8648318673127,700.7395319523301,直连,
P00057,leg1-cruise,696.8112285543046,701.6408621304178,直连,
P00035,leg1-cruise,698.1880888478242,702.9521576480554,直连,
P00137,S001-handoff,699.0993728451195,709.0127889258756,直连,
P00146,S001-handoff,699.0993728451195,709.0127889258756,直连,
P00020,leg1-cruise,699.5875395021815,704.5198392097063,直连,
P00107,leg1-cruise,699.6825783699597,704.6101261340957,直连,
P00011,leg1-cruise,700.6725690977229,705.4923165344742,直连,
P00024,leg1-cruise,700.7395319523301,705.6142320373476,直连,
P00057,leg1-cruise,701.6408621304178,706.4704957065308,直连,
P00035,leg1-cruise,702.9521576480554,707.7162264482865,直连,
P00020,leg1-cruise,704.5198392097063,709.4521389172312,直连,
P00107,leg1-cruise,704.6101261340957,709.5376738982318,直连,
P00011,leg1-cruise,705.4923165344742,710.3120639712256,直连,
P00024,leg1-cruise,705.6142320373476,710.488932122365,直连,
P00057,leg1-cruise,706.4704957065308,711.3001292826439,直连,
P00035,leg1-cruise,707.7162264482865,712.4802952485178,直连,
P00137,S001-handoff,709.0127889258756,718.9262050066316,直连,
P00146,S001-handoff,709.0127889258756,718.9262050066316,直连,
P00020,leg1-cruise,709.4521389172312,714.3844386247562,直连,
P00107,leg1-cruise,709.5376738982318,714.4652216623678,直连,
P00011,leg1-cruise,710.3120639712256,715.131811407977,直连,
P00024,leg1-cruise,710.488932122365,715.3636322073825,直连,
P00057,leg1-cruise,711.3001292826439,716.129762858757,直连,
P00035,leg1-cruise,712.4802952485178,717.244364048749,直连,
P00020,leg1-cruise,714.3844386247562,719.3167383322811,直连,
P00107,leg1-cruise,714.4652216623678,719.3927694265037,直连,
P00011,leg1-cruise,715.131811407977,719.9515588447283,直连,
P00024,leg1-cruise,715.3636322073825,720.2383322924,直连,
P00057,leg1-cruise,716.129762858757,720.9593964348701,直连,
P00035,leg1-cruise,717.244364048749,722.0084328489802,直连,
P00137,S001-handoff,718.9262050066316,728.8396210873876,直连,
P00146,S001-handoff,718.9262050066316,728.8396210873876,直连,
P00020,leg1-cruise,719.3167383322811,724.249038039806,直连,
P00107,leg1-cruise,719.3927694265037,724.3203171906397,直连,
P00011,leg1-cruise,719.9515588447283,724.7713062814796,直连,
P00024,leg1-cruise,720.2383322924,725.1130323774174,直连,
P00057,leg1-cruise,720.9593964348701,725.7890300109832,直连,
P00035,leg1-cruise,722.0084328489802,726.7725016492114,直连,
P00020,leg1-cruise,724.249038039806,729.1813377473309,直连,
P00107,leg1-cruise,724.3203171906397,729.2478649547757,直连,
P00011,leg1-cruise,724.7713062814796,729.591053718231,直连,
P00024,leg1-cruise,725.1130323774174,729.9877324624349,直连,
P00057,leg1-cruise,725.7890300109832,730.6186635870963,直连,
P00035,leg1-cruise,726.7725016492114,731.5365704494427,直连,
P00137,S001-handoff,728.8396210873876,738.7530371681436,直连,
P00146,S001-handoff,728.8396210873876,738.7530371681436,直连,
P00020,leg1-cruise,729.1813377473309,734.1136374548557,直连,
P00107,leg1-cruise,729.2478649547757,734.1754127189117,直连,
P00011,leg1-cruise,729.591053718231,734.4108011549824,直连,
P00024,leg1-cruise,729.9877324624349,734.8624325474524,直连,
P00057,leg1-cruise,730.6186635870963,735.4482971632094,直连,
P00035,leg1-cruise,731.5365704494427,736.3006392496738,直连,
P00020,leg1-cruise,734.1136374548557,739.0459371623807,直连,
P00107,leg1-cruise,734.1754127189117,739.1029604830477,直连,
P00011,leg1-cruise,734.4108011549824,739.2305485917337,直连,
P00024,leg1-cruise,734.8624325474524,739.7371326324699,直连,
P00057,leg1-cruise,735.4482971632094,740.2779307393225,直连,
P00035,leg1-cruise,736.3006392496738,741.0647080499051,直连,
P00137,S001-handoff,738.7530371681436,748.6664532488996,直连,
P00146,S001-handoff,738.7530371681436,748.6664532488996,直连,
P00020,leg1-cruise,739.0459371623807,743.9782368699057,直连,
P00107,leg1-cruise,739.1029604830477,744.0305082471837,直连,
P00011,leg1-cruise,739.2305485917337,744.050296028485,直连,
P00024,leg1-cruise,739.7371326324699,744.6118327174873,直连,
P00057,leg1-cruise,740.2779307393225,745.1075643154356,直连,
P00035,leg1-cruise,741.0647080499051,745.8287768501364,直连,
P00020,leg1-cruise,743.9782368699057,748.9105365774305,直连,
P00107,leg1-cruise,744.0305082471837,748.9580560113197,直连,
P00011,leg1-cruise,744.050296028485,748.8700434652364,直连,
P00024,leg1-cruise,744.6118327174873,749.4865328025048,直连,
P00057,leg1-cruise,745.1075643154356,749.9371978915486,直连,
P00035,leg1-cruise,745.8287768501364,750.5928456503675,直连,
P00137,S001-handoff,748.6664532488996,758.5798693296556,直连,
P00146,S001-handoff,748.6664532488996,758.5798693296556,直连,
P00011,leg1-cruise,748.8700434652364,753.6897909019879,直连,
P00020,leg1-cruise,748.9105365774305,753.8428362849554,直连,
P00107,leg1-cruise,748.9580560113197,753.8856037754557,直连,
P00024,leg1-cruise,749.4865328025048,754.3612328875223,直连,
P00057,leg1-cruise,749.9371978915486,754.7668314676617,直连,
P00035,leg1-cruise,750.5928456503675,755.3569144505987,直连,
P00011,leg1-cruise,753.6897909019879,758.5095383387392,直连,
P00020,leg1-cruise,753.8428362849554,758.7751359924803,直连,
P00107,leg1-cruise,753.8856037754557,758.8131515395917,直连,
P00024,leg1-cruise,754.3612328875223,759.2359329725398,直连,
P00057,leg1-cruise,754.7668314676617,759.5964650437749,直连,
P00035,leg1-cruise,755.3569144505987,760.1209832508299,直连,
P00011,leg1-cruise,758.5095383387392,763.3292857754905,直连,
P00137,S001-handoff,758.5798693296556,768.4932854104117,直连,
P00146,S001-handoff,758.5798693296556,768.4932854104117,直连,
P00020,leg1-cruise,758.7751359924803,763.7074357000052,直连,
P00107,leg1-cruise,758.8131515395917,763.7406993037276,直连,
P00024,leg1-cruise,759.2359329725398,764.1106330575573,直连,
P00057,leg1-cruise,759.5964650437749,764.426098619888,直连,
P00035,leg1-cruise,760.1209832508299,764.8850520510612,直连,
P00011,leg1-cruise,763.3292857754905,768.1490332122419,直连,
P00020,leg1-cruise,763.7074357000052,768.6397354075302,直连,
P00107,leg1-cruise,763.7406993037276,768.6682470678636,直连,
P00024,leg1-cruise,764.1106330575573,768.9853331425747,直连,
P00057,leg1-cruise,764.426098619888,769.2557321960011,直连,
P00035,leg1-cruise,764.8850520510612,769.6491208512923,直连,
P00011,leg1-cruise,768.1490332122419,772.9687806489933,直连,
P00137,S001-handoff,768.4932854104117,778.4067014911676,直连,
P00146,S001-handoff,768.4932854104117,778.4067014911676,直连,
P00020,leg1-cruise,768.6397354075302,773.5720351150551,直连,
P00107,leg1-cruise,768.6682470678636,773.5957948319997,直连,
P00024,leg1-cruise,768.9853331425747,773.8600332275922,直连,
P00057,leg1-cruise,769.2557321960011,774.0853657721141,直连,
P00035,leg1-cruise,769.6491208512923,774.4131896515236,直连,
P00011,leg1-cruise,772.9687806489933,777.7885280857446,直连,
P00020,leg1-cruise,773.5720351150551,778.50433482258,直连,
P00107,leg1-cruise,773.5957948319997,778.5233425961356,直连,
P00024,leg1-cruise,773.8600332275922,778.7347333126097,直连,
P00057,leg1-cruise,774.0853657721141,778.9149993482272,直连,
P00035,leg1-cruise,774.4131896515236,779.1772584517548,直连,
P00011,leg1-cruise,777.7885280857446,782.6082755224959,直连,
P00137,S001-handoff,778.4067014911676,788.3201175719237,直连,
P00146,S001-handoff,778.4067014911676,788.3201175719237,直连,
P00020,leg1-cruise,778.50433482258,783.4366345301048,直连,
P00107,leg1-cruise,778.5233425961356,783.4508903602716,直连,
P00024,leg1-cruise,778.7347333126097,783.6094333976272,直连,
P00057,leg1-cruise,778.9149993482272,783.7446329243403,直连,
P00035,leg1-cruise,779.1772584517548,783.941327251986,直连,
P00011,leg1-cruise,782.6082755224959,787.4280229592473,直连,
P00020,leg1-cruise,783.4366345301048,788.3689342376298,直连,
P00107,leg1-cruise,783.4508903602716,788.3784381244077,直连,
P00024,leg1-cruise,783.6094333976272,788.4841334826447,直连,
P00057,leg1-cruise,783.7446329243403,788.5742665004534,直连,
P00035,leg1-cruise,783.941327251986,788.7053960522172,直连,
P00011,leg1-descent,787.4280229592473,792.8307783059635,直连,
P00137,S001-handoff,788.3201175719237,798.2335336526796,直连,
P00146,S001-handoff,788.3201175719237,798.2335336526796,直连,
P00020,leg1-cruise,788.3689342376298,793.3012339451548,直连,
P00107,leg1-cruise,788.3784381244077,793.3059858885437,直连,
P00024,leg1-cruise,788.4841334826447,793.3588335676621,直连,
P00057,leg1-cruise,788.5742665004534,793.4039000765665,直连,
P00035,leg1-cruise,788.7053960522172,793.4694648524485,直连,
P00011,leg1-descent,792.8307783059635,798.2335336526796,直连,
P00020,leg1-cruise,793.3012339451548,798.2335336526796,直连,
P00107,leg1-cruise,793.3059858885437,798.2335336526796,直连,
P00024,leg1-cruise,793.3588335676621,798.2335336526796,直连,
P00057,leg1-cruise,793.4039000765665,798.2335336526796,直连,
P00035,leg1-cruise,793.4694648524485,798.2335336526796,直连,
P00011,leg1-descent,798.2335336526796,798.2335336526797,直连,
P00020,leg1-cruise,798.2335336526796,798.2335336526797,直连,
P00024,leg1-cruise,798.2335336526796,798.2335336526797,直连,
P00035,leg1-cruise,798.2335336526796,798.2335336526797,直连,
P00057,leg1-cruise,798.2335336526796,798.2335336526797,直连,
P00107,leg1-cruise,798.2335336526796,798.2335336526797,直连,
P00137,S001-handoff,798.2335336526796,798.2335336526797,直连,
P00146,S001-handoff,798.2335336526796,798.2335336526797,直连,
P00011,leg1-descent,798.2335336526797,798.2335336526802,直连,
P00020,leg1-cruise,798.2335336526797,798.2335336526802,直连,
P00024,leg1-cruise,798.2335336526797,798.2335336526802,直连,
P00035,leg1-cruise,798.2335336526797,798.2335336526802,直连,
P00057,leg1-cruise,798.2335336526797,798.2335336526802,直连,
P00107,leg1-cruise,798.2335336526797,798.2335336526802,直连,
P00137,S001-handoff,798.2335336526797,798.2335336526802,直连,
P00146,S001-handoff,798.2335336526797,798.2335336526802,直连,
P00011,leg1-descent,798.2335336526802,805.655238144831,直连,
P00020,leg1-cruise,798.2335336526802,803.0459940691285,直连,
P00024,leg1-cruise,798.2335336526802,803.0459940691285,直连,
P00035,leg1-cruise,798.2335336526802,802.3700657955625,直连,
P00057,leg1-cruise,798.2335336526802,803.0459940691285,直连,
P00107,leg1-cruise,798.2335336526802,803.1610814168162,中继,RU-001
P00137,S001-handoff,798.2335336526802,806.7544654777088,直连,
P00146,S001-handoff,798.2335336526802,806.7544654777088,直连,
P00035,leg1-descent,802.3700657955625,811.2757268063046,直连,
P00020,leg1-cruise,803.0459940691285,807.8584544855767,中继,RU-001
P00024,leg1-cruise,803.0459940691285,807.8584544855767,中继,RU-001
P00057,leg1-cruise,803.0459940691285,807.8584544855767,直连,
P00107,leg1-cruise,803.1610814168162,808.0886291809522,中继,RU-001
P00011,leg1-descent,805.655238144831,813.0769426369817,直连,
P00137,S001-handoff,806.7544654777088,815.2753973027374,直连,
P00146,S001-handoff,806.7544654777088,815.2753973027374,直连,
P00020,leg1-cruise,807.8584544855767,812.670914902025,中继,RU-001
P00024,leg1-cruise,807.8584544855767,812.670914902025,中继,RU-001
P00057,leg1-cruise,807.8584544855767,812.670914902025,直连,
P00107,leg1-cruise,808.0886291809522,813.0161769450882,中继,RU-001
P00035,leg1-descent,811.2757268063046,820.1813878170468,直连,
P00020,leg1-cruise,812.670914902025,817.4833753184732,中继,RU-001
P00024,leg1-cruise,812.670914902025,817.4833753184732,中继,RU-001
P00057,leg1-cruise,812.670914902025,817.4833753184732,直连,
P00107,leg1-cruise,813.0161769450882,817.9437247092242,中继,RU-001
P00011,S006-handoff,813.0769426369817,822.0495524509525,直连,
P00137,S001-handoff,815.2753973027374,823.7963291277658,直连,
P00146,S001-handoff,815.2753973027374,823.7963291277658,直连,
P00020,leg1-cruise,817.4833753184732,822.2958357349214,中继,RU-001
P00024,leg1-cruise,817.4833753184732,822.2958357349214,中继,RU-001
P00057,leg1-cruise,817.4833753184732,822.2958357349214,直连,
P00107,leg1-cruise,817.9437247092242,822.8712724733602,中继,RU-001
P00035,leg1-descent,820.1813878170468,829.0870488277891,直连,
P00011,S006-handoff,822.0495524509525,831.0221622649235,直连,
P00020,leg1-cruise,822.2958357349214,827.1082961513697,中继,RU-001
P00024,leg1-cruise,822.2958357349214,827.1082961513697,中继,RU-001
P00057,leg1-cruise,822.2958357349214,827.1082961513697,直连,
P00107,leg1-cruise,822.8712724733602,827.7988202374962,中继,RU-001
P00137,S001-handoff,823.7963291277658,832.3172609527944,直连,
P00146,S001-handoff,823.7963291277658,832.3172609527944,直连,
P00020,leg1-cruise,827.1082961513697,831.920756567818,中继,RU-001
P00024,leg1-cruise,827.1082961513697,831.920756567818,中继,RU-001
P00057,leg1-cruise,827.1082961513697,831.920756567818,直连,
P00107,leg1-cruise,827.7988202374962,832.7263680016322,中继,RU-001
P00035,leg1-descent,829.0870488277891,837.9927098385313,直连,
P00011,S006-handoff,831.0221622649235,839.9947720788944,直连,
P00020,leg1-cruise,831.920756567818,836.7332169842662,中继,RU-001
P00024,leg1-cruise,831.920756567818,836.7332169842662,中继,RU-001
P00057,leg1-cruise,831.920756567818,836.7332169842662,直连,
P00137,S001-handoff,832.3172609527944,840.838192777823,直连,
P00146,S001-handoff,832.3172609527944,840.838192777823,直连,
P00107,leg1-cruise,832.7263680016322,837.6539157657683,中继,RU-001
P00020,leg1-cruise,836.7332169842662,841.5456774007145,中继,RU-001
P00024,leg1-cruise,836.7332169842662,841.5456774007145,中继,RU-001
P00057,leg1-cruise,836.7332169842662,841.5456774007145,直连,
P00107,leg1-cruise,837.6539157657683,842.5814635299042,中继,RU-001
P00035,leg1-descent,837.9927098385313,846.8983708492734,直连,
P00011,S006-handoff,839.9947720788944,848.9673818928652,直连,
P00137,S001-handoff,840.838192777823,849.3591246028516,直连,
P00146,S001-handoff,840.838192777823,849.3591246028516,直连,
P00020,leg1-cruise,841.5456774007145,846.3581378171627,中继,RU-001
P00024,leg1-cruise,841.5456774007145,846.3581378171627,中继,RU-001
P00057,leg1-cruise,841.5456774007145,846.3581378171627,直连,
P00107,leg1-cruise,842.5814635299042,847.5090112940402,中继,RU-001
P00020,leg1-cruise,846.3581378171627,851.1705982336109,中继,RU-001
P00024,leg1-cruise,846.3581378171627,851.1705982336109,中继,RU-001
P00057,leg1-cruise,846.3581378171627,851.1705982336109,直连,
P00035,S001-handoff,846.8983708492734,856.3882334241423,直连,
P00107,leg1-cruise,847.5090112940402,852.4365590581763,中继,RU-001
P00011,S006-handoff,848.9673818928652,857.939991706836,直连,
P00137,leg2-climb,849.3591246028516,859.2543035036763,直连,
P00146,leg2-climb,849.3591246028516,859.2543035036763,直连,
P00020,leg1-cruise,851.1705982336109,855.9830586500592,中继,RU-001
P00024,leg1-cruise,851.1705982336109,855.9830586500592,中继,RU-001
P00057,leg1-cruise,851.1705982336109,855.9830586500592,直连,
P00107,leg1-cruise,852.4365590581763,857.3641068223122,中继,RU-001
P00020,leg1-cruise,855.9830586500592,860.7955190665075,中继,RU-001
P00024,leg1-cruise,855.9830586500592,860.7955190665075,中继,RU-001
P00057,leg1-cruise,855.9830586500592,860.7955190665075,直连,
P00035,S001-handoff,856.3882334241423,865.8780959990111,直连,
P00107,leg1-cruise,857.3641068223122,862.2916545864482,中继,RU-001
P00011,S006-handoff,857.939991706836,866.9126015208069,直连,
P00137,leg2-climb,859.2543035036763,869.1494824045009,直连,
P00146,leg2-climb,859.2543035036763,869.1494824045009,直连,
P00020,leg1-cruise,860.7955190665075,865.6079794829557,中继,RU-001
P00024,leg1-cruise,860.7955190665075,865.6079794829557,中继,RU-001
P00057,leg1-cruise,860.7955190665075,865.6079794829557,直连,
P00107,leg1-cruise,862.2916545864482,867.2192023505842,中继,RU-001
P00020,leg1-cruise,865.6079794829557,870.420439899404,中继,RU-001
P00024,leg1-cruise,865.6079794829557,870.420439899404,中继,RU-001
P00057,leg1-cruise,865.6079794829557,870.420439899404,直连,
P00035,S001-handoff,865.8780959990111,875.3679585738798,直连,
P00011,S006-handoff,866.9126015208069,875.8852113347779,直连,
P00107,leg1-cruise,867.2192023505842,872.1467501147201,中继,RU-001
P00137,leg2-climb,869.1494824045009,879.0446613053256,直连,
P00146,leg2-climb,869.1494824045009,879.0446613053256,直连,
P00020,leg1-cruise,870.420439899404,875.2329003158522,中继,RU-001
P00024,leg1-cruise,870.420439899404,875.2329003158522,中继,RU-001
P00057,leg1-cruise,870.420439899404,875.2329003158522,直连,
P00107,leg1-cruise,872.1467501147201,877.0742978788562,中继,RU-001
P00020,leg1-cruise,875.2329003158522,880.0453607323004,中继,RU-001
P00024,leg1-cruise,875.2329003158522,880.0453607323004,中继,RU-001
P00057,leg1-cruise,875.2329003158522,880.0453607323004,直连,
P00035,S001-handoff,875.3679585738798,884.8578211487487,直连,
P00011,S006-handoff,875.8852113347779,884.8578211487487,直连,
P00107,leg1-descent,877.0742978788562,884.8578211487487,中继,RU-001
P00137,leg2-cruise,879.0446613053256,884.8578211487487,直连,
P00146,leg2-cruise,879.0446613053256,884.8578211487487,直连,
P00020,leg1-cruise,880.0453607323004,884.8578211487487,中继,RU-001
P00024,leg1-cruise,880.0453607323004,884.8578211487487,中继,RU-001
P00057,leg1-cruise,880.0453607323004,884.8578211487487,直连,
P00011,S006-handoff,884.8578211487487,894.6826430120285,直连,
P00020,leg1-cruise,884.8578211487487,889.5492617257839,中继,RU-001
P00024,leg1-cruise,884.8578211487487,891.7308592735205,中继,RU-001
P00035,S001-handoff,884.8578211487487,894.8416904223209,直连,
P00057,leg1-cruise,884.8578211487487,889.8291236684718,中继,RU-002
P00107,leg1-descent,884.8578211487487,890.4624242598962,中继,RU-001
P00137,leg2-cruise,884.8578211487487,889.847243495695,直连,
P00146,leg2-cruise,884.8578211487487,889.847243495695,直连,
P00020,leg1-cruise,889.5492617257839,894.2407023028192,中继,RU-001
P00057,leg1-cruise,889.8291236684718,894.8004261881949,中继,RU-002
P00137,leg2-cruise,889.847243495695,894.8366658426414,直连,
P00146,leg2-cruise,889.847243495695,894.8366658426414,直连,
P00107,leg1-descent,890.4624242598962,896.0670273710438,中继,RU-001
P00024,leg1-cruise,891.7308592735205,898.6038973982924,中继,RU-001
P00020,leg1-cruise,894.2407023028192,898.9321428798544,中继,RU-001
P00011,S006-handoff,894.6826430120285,904.5074648753083,直连,
P00057,leg1-cruise,894.8004261881949,899.771728707918,中继,RU-002
P00137,leg2-cruise,894.8366658426414,899.8260881895878,直连,
P00146,leg2-cruise,894.8366658426414,899.8260881895878,直连,
P00035,S001-handoff,894.8416904223209,904.825559695893,直连,
P00107,S013-handoff,896.0670273710438,905.5407115815701,中继,RU-001
P00024,leg1-cruise,898.6038973982924,905.4769355230642,中继,RU-001
P00020,leg1-cruise,898.9321428798544,903.6235834568895,中继,RU-001
P00057,leg1-cruise,899.771728707918,904.743031227641,中继,RU-002
P00137,leg2-cruise,899.8260881895878,904.8155105365342,直连,
P00146,leg2-cruise,899.8260881895878,904.8155105365342,直连,
P00020,leg1-cruise,903.6235834568895,908.3150240339247,中继,RU-001
P00011,S006-handoff,904.5074648753083,914.3322867385881,直连,
P00057,leg1-cruise,904.743031227641,909.7143337473642,中继,RU-002
P00137,leg2-cruise,904.8155105365342,909.8049328834807,直连,
P00146,leg2-cruise,904.8155105365342,909.8049328834807,直连,
P00035,S001-handoff,904.825559695893,914.8094289694652,直连,
P00024,leg1-descent,905.4769355230642,915.1148310308766,中继,RU-001
P00107,S013-handoff,905.5407115815701,915.0143957920964,中继,RU-001
P00020,leg1-cruise,908.3150240339247,913.0064646109599,中继,RU-001
P00057,leg1-cruise,909.7143337473642,914.6856362670873,中继,RU-002
P00137,leg2-cruise,909.8049328834807,914.794355230427,直连,
P00146,leg2-cruise,909.8049328834807,914.794355230427,直连,
P00020,leg1-cruise,913.0064646109599,917.6979051879952,中继,RU-001
P00011,S006-handoff,914.3322867385881,924.1571086018679,直连,
P00057,leg1-cruise,914.6856362670873,919.6569387868103,中继,RU-002
P00137,leg2-cruise,914.794355230427,919.7837775773734,直连,
P00146,leg2-cruise,914.794355230427,919.7837775773734,直连,
P00035,S001-handoff,914.8094289694652,924.7932982430373,直连,
P00107,S013-handoff,915.0143957920964,924.4880800026227,中继,RU-001
P00024,leg1-descent,915.1148310308766,924.7527265386892,中继,RU-001
P00020,leg1-cruise,917.6979051879952,922.3893457650304,中继,RU-001
P00057,leg1-cruise,919.6569387868103,924.6282413065334,中继,RU-002
P00137,leg2-cruise,919.7837775773734,924.7731999243198,直连,
P00146,leg2-cruise,919.7837775773734,924.7731999243198,直连,
P00020,leg1-cruise,922.3893457650304,927.0807863420655,中继,RU-001
P00011,S006-handoff,924.1571086018679,933.9819304651476,直连,
P00107,S013-handoff,924.4880800026227,933.9617642131491,中继,RU-001
P00057,leg1-cruise,924.6282413065334,929.5995438262564,中继,RU-002
P00024,leg1-descent,924.7527265386892,934.3906220465017,中继,RU-001
P00137,leg2-cruise,924.7731999243198,929.7626222712661,直连,
P00146,leg2-cruise,924.7731999243198,929.7626222712661,直连,
P00035,S001-handoff,924.7932982430373,934.7771675166094,直连,
P00020,leg1-cruise,927.0807863420655,931.7722269191007,中继,RU-001
P00057,leg1-cruise,929.5995438262564,934.5708463459796,中继,RU-002
P00137,leg2-cruise,929.7626222712661,934.7520446182125,直连,
P00146,leg2-cruise,929.7626222712661,934.7520446182125,直连,
P00020,leg1-cruise,931.7722269191007,936.4636674961359,中继,RU-001
P00107,S013-handoff,933.9617642131491,943.4354484236753,中继,RU-001
P00011,S006-handoff,933.9819304651476,943.8067523284274,直连,
P00024,leg1-descent,934.3906220465017,944.0285175543142,中继,RU-001
P00057,leg1-descent,934.5708463459796,943.912170634484,中继,RU-002
P00137,leg2-cruise,934.7520446182125,939.7414669651589,直连,
P00146,leg2-cruise,934.7520446182125,939.7414669651589,直连,
P00035,S001-handoff,934.7771675166094,944.7610367901816,直连,
P00020,leg1-cruise,936.4636674961359,941.1551080731712,中继,RU-001
P00137,leg2-cruise,939.7414669651589,944.7308893121052,直连,
P00146,leg2-cruise,939.7414669651589,944.7308893121052,直连,
P00020,leg1-cruise,941.1551080731712,945.8465486502064,中继,RU-001
P00107,S013-handoff,943.4354484236753,952.9091326342017,中继,RU-001
P00011,S006-handoff,943.8067523284274,953.6315741917072,直连,
P00057,leg1-descent,943.912170634484,953.2534949229886,中继,RU-002
P00024,leg1-descent,944.0285175543142,953.6664130621267,中继,RU-001
P00137,leg2-cruise,944.7308893121052,949.7203116590516,直连,
P00146,leg2-cruise,944.7308893121052,949.7203116590516,直连,
P00035,S001-handoff,944.7610367901816,954.7449060637538,直连,
P00020,leg1-cruise,945.8465486502064,950.5379892272416,中继,RU-001
P00137,leg2-cruise,949.7203116590516,954.709734005998,直连,
P00146,leg2-cruise,949.7203116590516,954.709734005998,直连,
P00020,leg1-cruise,950.5379892272416,955.2294298042768,中继,RU-001
P00107,S013-handoff,952.9091326342017,962.382816844728,中继,RU-001
P00057,leg1-descent,953.2534949229886,962.594819211493,中继,RU-002
P00011,S006-handoff,953.6315741917072,963.456396054987,直连,
P00024,leg1-descent,953.6664130621267,963.3043085699392,中继,RU-001
P00137,leg2-cruise,954.709734005998,959.6991563529443,直连,
P00146,leg2-cruise,954.709734005998,959.6991563529443,直连,
P00035,S001-handoff,954.7449060637538,964.7287753373259,直连,
P00020,leg1-cruise,955.2294298042768,959.9208703813119,中继,RU-001
P00137,leg2-cruise,959.6991563529443,964.6885786998907,直连,
P00146,leg2-cruise,959.6991563529443,964.6885786998907,直连,
P00020,leg1-cruise,959.9208703813119,964.6123109583472,中继,RU-001
P00107,S013-handoff,962.382816844728,971.8565010552543,中继,RU-001
P00057,leg1-descent,962.594819211493,971.9361434999975,中继,RU-002
P00024,leg1-descent,963.3043085699392,972.9422040777517,中继,RU-001
P00011,S006-handoff,963.456396054987,973.2812179182667,直连,
P00020,leg1-cruise,964.6123109583472,969.3037515353824,中继,RU-001
P00137,leg2-cruise,964.6885786998907,969.6780010468372,直连,
P00146,leg2-cruise,964.6885786998907,969.6780010468372,直连,
P00035,S001-handoff,964.7287753373259,974.7126446108981,直连,
P00020,leg1-cruise,969.3037515353824,973.9951921124176,中继,RU-001
P00137,leg2-cruise,969.6780010468372,974.6674233937836,直连,
P00146,leg2-cruise,969.6780010468372,974.6674233937836,直连,
P00107,S013-handoff,971.8565010552543,981.3301852657806,中继,RU-001
P00057,leg1-descent,971.9361434999975,981.2774677885019,中继,RU-002
P00024,leg1-descent,972.9422040777517,982.5800995855642,中继,RU-001
P00011,S006-handoff,973.2812179182667,983.1060397815465,直连,
P00020,leg1-cruise,973.9951921124176,978.6866326894528,中继,RU-001
P00137,leg2-cruise,974.6674233937836,979.65684574073,直连,
P00146,leg2-cruise,974.6674233937836,979.65684574073,直连,
P00035,S001-handoff,974.7126446108981,984.6965138844703,直连,
P00020,leg1-cruise,978.6866326894528,983.3780732664881,中继,RU-001
P00137,leg2-cruise,979.65684574073,984.6462680876763,直连,
P00146,leg2-cruise,979.65684574073,984.6462680876763,直连,
P00057,leg1-descent,981.2774677885019,990.6187920770064,中继,RU-002
P00107,S013-handoff,981.3301852657806,990.803869476307,中继,RU-001
P00024,leg1-descent,982.5800995855642,992.2179950933768,中继,RU-001
P00011,S006-handoff,983.1060397815465,992.9308616448263,直连,
P00020,leg1-cruise,983.3780732664881,988.0695138435233,中继,RU-001
P00137,leg2-cruise,984.6462680876763,989.6356904346226,直连,
P00146,leg2-cruise,984.6462680876763,989.6356904346226,直连,
P00035,S001-handoff,984.6965138844703,994.6803831580423,直连,
P00020,leg1-cruise,988.0695138435233,992.7609544205584,中继,RU-001
P00137,leg2-cruise,989.6356904346226,994.625112781569,直连,
P00146,leg2-cruise,989.6356904346226,994.625112781569,直连,
P00057,leg1-descent,990.6187920770064,999.9601163655109,中继,RU-002
P00107,S013-handoff,990.803869476307,1000.277553686833,中继,RU-001
P00024,leg1-descent,992.2179950933768,1001.855890601189,中继,RU-001
P00020,leg1-cruise,992.7609544205584,997.4523949975936,中继,RU-001
P00011,S006-handoff,992.9308616448263,1002.755683508106,直连,
P00137,leg2-cruise,994.625112781569,999.6145351285154,直连,
P00146,leg2-cruise,994.625112781569,999.6145351285154,直连,
P00035,S001-handoff,994.6803831580423,1004.664252431614,直连,
P00020,leg1-cruise,997.4523949975936,1002.143835574629,中继,RU-001
P00137,leg2-cruise,999.6145351285154,1004.603957475462,直连,
P00146,leg2-cruise,999.6145351285154,1004.603957475462,直连,
P00057,S007-handoff,999.9601163655109,1009.960116365511,中继,RU-002
P00107,S013-handoff,1000.277553686833,1009.75123789736,中继,RU-001
P00024,S014-handoff,1001.855890601189,1011.855890601189,中继,RU-001
P00020,leg1-cruise,1002.143835574629,1006.835276151664,中继,RU-001
P00011,S006-handoff,1002.755683508106,1012.580505371386,直连,
P00137,leg2-cruise,1004.603957475462,1009.593379822408,直连,
P00146,leg2-cruise,1004.603957475462,1009.593379822408,直连,
P00035,S001-handoff,1004.664252431614,1014.648121705187,直连,
P00020,leg1-cruise,1006.835276151664,1011.526716728699,中继,RU-001
P00137,leg2-cruise,1009.593379822408,1014.582802169355,直连,
P00146,leg2-cruise,1009.593379822408,1014.582802169355,直连,
P00107,S013-handoff,1009.75123789736,1019.224922107886,中继,RU-001
P00057,S007-handoff,1009.960116365511,1019.960116365511,中继,RU-002
P00020,leg1-cruise,1011.526716728699,1016.218157305734,中继,RU-001
P00024,S014-handoff,1011.855890601189,1021.855890601189,中继,RU-001
P00011,S006-handoff,1012.580505371386,1022.405327234666,直连,
P00137,leg2-cruise,1014.582802169355,1019.572224516301,直连,
P00146,leg2-cruise,1014.582802169355,1019.572224516301,直连,
P00035,S001-handoff,1014.648121705187,1024.631990978759,直连,
P00020,leg1-cruise,1016.218157305734,1020.90959788277,中继,RU-001
P00107,S013-handoff,1019.224922107886,1028.698606318412,中继,RU-001
P00137,leg2-cruise,1019.572224516301,1024.561646863247,直连,
P00146,leg2-cruise,1019.572224516301,1024.561646863247,直连,
P00057,S007-handoff,1019.960116365511,1029.960116365511,中继,RU-002
P00020,leg1-cruise,1020.90959788277,1025.601038459805,中继,RU-001
P00024,S014-handoff,1021.855890601189,1031.855890601189,中继,RU-001
P00011,S006-handoff,1022.405327234666,1032.230149097946,直连,
P00137,leg2-cruise,1024.561646863247,1029.551069210194,直连,
P00146,leg2-cruise,1024.561646863247,1029.551069210194,直连,
P00035,S001-handoff,1024.631990978759,1034.615860252331,直连,
P00020,leg1-cruise,1025.601038459805,1030.29247903684,中继,RU-001
P00107,S013-handoff,1028.698606318412,1038.172290528939,中继,RU-001
P00137,leg2-cruise,1029.551069210194,1034.54049155714,直连,
P00146,leg2-cruise,1029.551069210194,1034.54049155714,直连,
P00057,S007-handoff,1029.960116365511,1039.960116365511,中继,RU-002
P00020,leg1-cruise,1030.29247903684,1034.983919613875,中继,RU-001
P00024,S014-handoff,1031.855890601189,1041.855890601189,中继,RU-001
P00011,S006-handoff,1032.230149097946,1042.054970961225,直连,
P00137,leg2-cruise,1034.54049155714,1039.529913904086,直连,
P00146,leg2-cruise,1034.54049155714,1039.529913904086,直连,
P00035,S001-handoff,1034.615860252331,1044.599729525903,直连,
P00020,leg1-descent,1034.983919613875,1043.883985938745,中继,RU-001
P00107,S013-handoff,1038.172290528939,1047.645974739465,中继,RU-001
P00137,leg2-cruise,1039.529913904086,1044.519336251033,直连,
P00146,leg2-cruise,1039.529913904086,1044.519336251033,直连,
P00057,S007-handoff,1039.960116365511,1049.960116365511,中继,RU-002
P00024,S014-handoff,1041.855890601189,1051.855890601189,中继,RU-001
P00011,S006-handoff,1042.054970961225,1051.879792824505,直连,
P00020,leg1-descent,1043.883985938745,1052.784052263615,中继,RU-001
P00137,leg2-cruise,1044.519336251033,1049.508758597979,直连,
P00146,leg2-cruise,1044.519336251033,1049.508758597979,直连,
P00035,S001-handoff,1044.599729525903,1054.583598799475,直连,
P00107,S013-handoff,1047.645974739465,1057.119658949991,中继,RU-001
P00137,leg2-cruise,1049.508758597979,1054.498180944925,直连,
P00146,leg2-cruise,1049.508758597979,1054.498180944925,直连,
P00057,S007-handoff,1049.960116365511,1059.960116365511,中继,RU-002
P00024,S014-handoff,1051.855890601189,1061.855890601189,中继,RU-001
P00011,S006-handoff,1051.879792824505,1061.704614687785,直连,
P00020,leg1-descent,1052.784052263615,1061.684118588485,中继,RU-001
P00137,leg2-cruise,1054.498180944925,1059.487603291872,直连,
P00146,leg2-cruise,1054.498180944925,1059.487603291872,直连,
P00035,S001-handoff,1054.583598799475,1064.567468073047,直连,
P00107,S013-handoff,1057.119658949991,1066.593343160518,中继,RU-001
P00137,leg2-cruise,1059.487603291872,1064.477025638818,直连,
P00146,leg2-cruise,1059.487603291872,1064.477025638818,直连,
P00057,S007-handoff,1059.960116365511,1069.960116365511,中继,RU-002
P00020,leg1-descent,1061.684118588485,1070.584184913354,中继,RU-001
P00011,S006-handoff,1061.704614687785,1071.529436551065,直连,
P00024,S014-handoff,1061.855890601189,1071.855890601189,中继,RU-001
P00137,leg2-cruise,1064.477025638818,1069.466447985765,直连,
P00146,leg2-cruise,1064.477025638818,1069.466447985765,直连,
P00035,S001-handoff,1064.567468073047,1074.55133734662,直连,
P00107,S013-handoff,1066.593343160518,1076.067027371044,中继,RU-001
P00137,leg2-cruise,1069.466447985765,1074.455870332711,直连,
P00146,leg2-cruise,1069.466447985765,1074.455870332711,直连,
P00057,S007-handoff,1069.960116365511,1079.960116365511,中继,RU-002
P00020,leg1-descent,1070.584184913354,1079.484251238224,中继,RU-001
P00011,S006-handoff,1071.529436551065,1081.354258414344,直连,
P00024,S014-handoff,1071.855890601189,1081.855890601189,中继,RU-001
P00137,leg2-cruise,1074.455870332711,1079.445292679658,直连,
P00146,leg2-cruise,1074.455870332711,1079.445292679658,直连,
P00035,S001-handoff,1074.55133734662,1084.535206620192,直连,
P00107,leg2-climb,1076.067027371044,1084.532048122997,中继,RU-001
P00137,leg2-cruise,1079.445292679658,1084.434715026604,直连,
P00146,leg2-cruise,1079.445292679658,1084.434715026604,直连,
P00020,leg1-descent,1079.484251238224,1088.384317563094,中继,RU-001
P00057,S007-handoff,1079.960116365511,1089.960116365511,中继,RU-002
P00011,S006-handoff,1081.354258414344,1091.179080277624,直连,
P00024,S014-handoff,1081.855890601189,1091.855890601189,中继,RU-001
P00137,leg2-cruise,1084.434715026604,1089.42413737355,直连,
P00146,leg2-cruise,1084.434715026604,1089.42413737355,直连,
P00107,leg2-climb,1084.532048122997,1092.99706887495,中继,RU-001
P00035,S001-handoff,1084.535206620192,1094.519075893764,直连,
P00020,S012-handoff,1088.384317563094,1098.200834186975,中继,RU-001
P00137,leg2-cruise,1089.42413737355,1094.413559720497,直连,
P00146,leg2-cruise,1089.42413737355,1094.413559720497,直连,
P00057,S007-handoff,1089.960116365511,1099.960116365511,中继,RU-002
P00011,S006-handoff,1091.179080277624,1101.003902140904,直连,
P00024,S014-handoff,1091.855890601189,1101.855890601189,中继,RU-001
P00107,leg2-climb,1092.99706887495,1101.462089626903,中继,RU-001
P00137,leg2-cruise,1094.413559720497,1099.402982067443,直连,
P00146,leg2-cruise,1094.413559720497,1099.402982067443,直连,
P00035,S001-handoff,1094.519075893764,1104.502945167336,直连,
P00020,S012-handoff,1098.200834186975,1108.017350810856,中继,RU-001
P00137,leg2-cruise,1099.402982067443,1104.392404414389,直连,
P00146,leg2-cruise,1099.402982067443,1104.392404414389,直连,
P00057,S007-handoff,1099.960116365511,1109.960116365511,中继,RU-002
P00011,S006-handoff,1101.003902140904,1110.828724004184,直连,
P00107,leg2-climb,1101.462089626903,1109.927110378856,中继,RU-001
P00024,S014-handoff,1101.855890601189,1111.855890601189,中继,RU-001
P00137,leg2-cruise,1104.392404414389,1109.381826761336,直连,
P00146,leg2-cruise,1104.392404414389,1109.381826761336,直连,
P00035,S001-handoff,1104.502945167336,1114.486814440908,直连,
P00020,S012-handoff,1108.017350810856,1117.833867434736,中继,RU-001
P00137,leg2-cruise,1109.381826761336,1114.371249108282,直连,
P00146,leg2-cruise,1109.381826761336,1114.371249108282,直连,
P00107,leg2-climb,1109.927110378856,1118.39213113081,中继,RU-001
P00057,S007-handoff,1109.960116365511,1119.960116365511,中继,RU-002
P00011,S006-handoff,1110.828724004184,1120.653545867463,直连,
P00024,S014-handoff,1111.855890601189,1121.855890601189,中继,RU-001
P00137,leg2-cruise,1114.371249108282,1119.360671455228,直连,
P00146,leg2-cruise,1114.371249108282,1119.360671455228,直连,
P00035,S001-handoff,1114.486814440908,1124.47068371448,直连,
P00020,S012-handoff,1117.833867434736,1127.650384058617,中继,RU-001
P00107,leg2-climb,1118.39213113081,1126.857151882763,中继,RU-001
P00137,leg2-cruise,1119.360671455228,1124.350093802175,直连,
P00146,leg2-cruise,1119.360671455228,1124.350093802175,直连,
P00057,S007-handoff,1119.960116365511,1129.960116365511,中继,RU-002
P00011,S006-handoff,1120.653545867463,1130.478367730743,直连,
P00024,S014-handoff,1121.855890601189,1131.855890601189,中继,RU-001
P00137,leg2-cruise,1124.350093802175,1129.339516149121,直连,
P00146,leg2-cruise,1124.350093802175,1129.339516149121,直连,
P00035,S001-handoff,1124.47068371448,1134.454552988052,直连,
P00107,leg2-cruise,1126.857151882763,1136.463774888408,中继,RU-001
P00020,S012-handoff,1127.650384058617,1137.466900682498,中继,RU-001
P00137,leg2-cruise,1129.339516149121,1134.328938496068,直连,
P00146,leg2-cruise,1129.339516149121,1134.328938496068,直连,
P00057,S007-handoff,1129.960116365511,1139.960116365511,中继,RU-002
P00011,S006-handoff,1130.478367730743,1140.303189594023,直连,
P00024,S014-handoff,1131.855890601189,1141.855890601189,中继,RU-001
P00137,leg2-descent,1134.328938496068,1144.019379169896,直连,
P00146,leg2-descent,1134.328938496068,1144.019379169896,直连,
P00035,S001-handoff,1134.454552988052,1144.438422261625,直连,
P00107,leg2-cruise,1136.463774888408,1146.070397894053,中继,RU-001
P00020,S012-handoff,1137.466900682498,1147.283417306379,中继,RU-001
P00057,S007-handoff,1139.960116365511,1149.960116365511,中继,RU-002
P00011,S006-handoff,1140.303189594023,1150.128011457303,直连,
P00024,S014-handoff,1141.855890601189,1151.855890601189,中继,RU-001
P00137,leg2-descent,1144.019379169896,1153.709819843724,直连,
P00146,leg2-descent,1144.019379169896,1153.709819843724,直连,
P00035,S001-handoff,1144.438422261625,1154.422291535197,直连,
P00107,leg2-cruise,1146.070397894053,1155.677020899698,中继,RU-001
P00020,S012-handoff,1147.283417306379,1157.099933930259,中继,RU-001
P00057,S007-handoff,1149.960116365511,1159.960116365511,中继,RU-002
P00011,S006-handoff,1150.128011457303,1159.952833320583,直连,
P00024,S014-handoff,1151.855890601189,1161.855890601189,中继,RU-001
P00137,leg2-descent,1153.709819843724,1163.400260517552,直连,
P00146,leg2-descent,1153.709819843724,1163.400260517552,直连,
P00035,S001-handoff,1154.422291535197,1164.406160808769,直连,
P00107,leg2-cruise,1155.677020899698,1165.283643905343,中继,RU-001
P00020,S012-handoff,1157.099933930259,1166.91645055414,中继,RU-001
P00011,S006-handoff,1159.952833320583,1169.777655183862,直连,
P00057,S007-handoff,1159.960116365511,1169.960116365511,中继,RU-002
P00024,S014-handoff,1161.855890601189,1171.855890601189,中继,RU-001
P00137,leg2-descent,1163.400260517552,1173.09070119138,直连,
P00146,leg2-descent,1163.400260517552,1173.09070119138,直连,
P00035,S001-handoff,1164.406160808769,1174.390030082341,直连,
P00107,leg2-cruise,1165.283643905343,1174.890266910989,中继,RU-001
P00020,S012-handoff,1166.91645055414,1176.732967178021,中继,RU-001
P00011,S006-handoff,1169.777655183862,1179.602477047142,直连,
P00057,S007-handoff,1169.960116365511,1179.960116365511,中继,RU-002
P00024,S014-handoff,1171.855890601189,1181.855890601189,中继,RU-001
P00137,leg2-descent,1173.09070119138,1182.781141865208,直连,
P00146,leg2-descent,1173.09070119138,1182.781141865208,直连,
P00035,S001-handoff,1174.390030082341,1184.373899355913,直连,
P00107,leg2-cruise,1174.890266910989,1184.496889916634,中继,RU-001
P00020,S012-handoff,1176.732967178021,1186.549483801901,中继,RU-001
P00011,S006-handoff,1179.602477047142,1189.427298910422,直连,
P00057,S007-handoff,1179.960116365511,1189.960116365511,中继,RU-002
P00024,S014-handoff,1181.855890601189,1191.855890601189,中继,RU-001
P00137,leg2-descent,1182.781141865208,1192.471582539036,直连,
P00146,leg2-descent,1182.781141865208,1192.471582539036,直连,
P00035,S001-handoff,1184.373899355913,1194.357768629485,直连,
P00107,leg2-cruise,1184.496889916634,1194.103512922279,中继,RU-001
P00020,S012-handoff,1186.549483801901,1196.366000425782,中继,RU-001
P00011,S006-handoff,1189.427298910422,1199.252120773702,直连,
P00057,S007-handoff,1189.960116365511,1199.960116365511,中继,RU-002
P00024,S014-handoff,1191.855890601189,1201.855890601189,中继,RU-001
P00107,leg2-cruise,1194.103512922279,1203.710135927924,中继,RU-001
P00035,S001-handoff,1194.357768629485,1204.341637903058,直连,
P00020,S012-handoff,1196.366000425782,1206.182517049663,中继,RU-001
P00011,S006-handoff,1199.252120773702,1209.076942636982,直连,
P00057,S007-handoff,1199.960116365511,1209.960116365511,中继,RU-002
P00024,S014-handoff,1201.855890601189,1211.855890601189,中继,RU-001
P00107,leg2-cruise,1203.710135927924,1213.316758933569,中继,RU-001
P00035,S001-handoff,1204.341637903058,1214.32550717663,直连,
P00020,S012-handoff,1206.182517049663,1215.999033673544,中继,RU-001
P00011,leg2-climb,1209.076942636982,1215.916654551044,直连,
P00057,leg2-climb,1209.960116365511,1219.041959423779,中继,RU-002
P00024,S014-handoff,1211.855890601189,1221.855890601189,中继,RU-001
P00107,leg2-cruise,1213.316758933569,1222.923381939215,中继,RU-001
P00035,S001-handoff,1214.32550717663,1224.309376450202,直连,
P00011,leg2-climb,1215.916654551044,1222.756366465107,直连,
P00020,S012-handoff,1215.999033673544,1225.815550297425,中继,RU-001
P00057,leg2-climb,1219.041959423779,1228.123802482047,中继,RU-002
P00024,S014-handoff,1221.855890601189,1231.855890601189,中继,RU-001
P00011,leg2-climb,1222.756366465107,1229.596078379169,直连,
P00107,leg2-cruise,1222.923381939215,1232.53000494486,中继,RU-001
P00035,S001-handoff,1224.309376450202,1234.293245723774,直连,
P00020,S012-handoff,1225.815550297425,1235.632066921305,中继,RU-001
P00057,leg2-climb,1228.123802482047,1237.205645540316,中继,RU-002
P00011,leg2-cruise,1229.596078379169,1234.294307353235,直连,
P00024,S014-handoff,1231.855890601189,1241.855890601189,中继,RU-001
P00107,leg2-cruise,1232.53000494486,1242.136627950505,中继,RU-001
P00035,S001-handoff,1234.293245723774,1244.277114997346,直连,
P00011,leg2-cruise,1234.294307353235,1238.992536327301,直连,
P00020,S012-handoff,1235.632066921305,1245.448583545186,中继,RU-001
P00057,leg2-climb,1237.205645540316,1246.287488598584,中继,RU-002
P00011,leg2-cruise,1238.992536327301,1243.690765301366,直连,
P00024,leg2-climb,1241.855890601189,1250.894429265084,中继,RU-001
P00107,leg2-descent,1242.136627950505,1250.849220723943,中继,RU-001
P00011,leg2-cruise,1243.690765301366,1248.388994275432,直连,
P00035,S001-handoff,1244.277114997346,1254.260984270918,直连,
P00020,S012-handoff,1245.448583545186,1255.265100169067,中继,RU-001
P00057,leg2-climb,1246.287488598584,1255.369331656852,中继,RU-002
P00011,leg2-cruise,1248.388994275432,1253.087223249498,直连,
P00107,leg2-descent,1250.849220723943,1259.56181349738,中继,RU-001
P00024,leg2-climb,1250.894429265084,1259.93296792898,中继,RU-001
P00011,leg2-cruise,1253.087223249498,1257.785452223563,直连,
P00035,S001-handoff,1254.260984270918,1264.244853544491,直连,
P00020,S012-handoff,1255.265100169067,1265.081616792947,中继,RU-001
P00057,leg2-climb,1255.369331656852,1264.45117471512,中继,RU-002
P00011,leg2-cruise,1257.785452223563,1262.483681197629,直连,
P00107,leg2-descent,1259.56181349738,1268.274406270818,中继,RU-001
P00024,leg2-climb,1259.93296792898,1268.971506592875,中继,RU-001
P00011,leg2-cruise,1262.483681197629,1267.181910171694,直连,
P00035,S001-handoff,1264.244853544491,1274.228722818063,直连,
P00057,leg2-cruise,1264.45117471512,1269.422477234843,中继,RU-002
P00020,S012-handoff,1265.081616792947,1274.898133416828,中继,RU-001
P00011,leg2-cruise,1267.181910171694,1271.88013914576,直连,
P00107,leg2-descent,1268.274406270818,1276.986999044255,中继,RU-001
P00024,leg2-climb,1268.971506592875,1278.01004525677,中继,RU-001
P00057,leg2-cruise,1269.422477234843,1274.393779754566,中继,RU-002
P00011,leg2-cruise,1271.88013914576,1276.578368119826,直连,
P00035,S001-handoff,1274.228722818063,1284.212592091635,直连,
P00057,leg2-cruise,1274.393779754566,1279.36508227429,中继,RU-002
P00020,S012-handoff,1274.898133416828,1284.714650040709,中继,RU-001
P00011,leg2-cruise,1276.578368119826,1281.276597093891,直连,
P00107,leg2-descent,1276.986999044255,1285.699591817693,中继,RU-001
P00024,leg2-climb,1278.01004525677,1287.048583920666,中继,RU-001
P00057,leg2-cruise,1279.36508227429,1284.336384794013,中继,RU-002
P00011,leg2-cruise,1281.276597093891,1285.974826067957,直连,
P00035,S001-handoff,1284.212592091635,1294.196461365207,直连,
P00057,leg2-cruise,1284.336384794013,1289.307687313736,中继,RU-002
P00020,S012-handoff,1284.714650040709,1294.53116666459,中继,RU-001
P00107,leg2-descent,1285.699591817693,1294.41218459113,中继,RU-001
P00011,leg2-cruise,1285.974826067957,1290.673055042023,直连,
P00024,leg2-climb,1287.048583920666,1296.087122584561,中继,RU-001
P00057,leg2-cruise,1289.307687313736,1294.278989833459,中继,RU-002
P00011,leg2-cruise,1290.673055042023,1295.371284016089,直连,
P00035,S001-handoff,1294.196461365207,1304.180330638779,直连,
P00057,leg2-cruise,1294.278989833459,1299.250292353182,中继,RU-002
P00107,leg2-descent,1294.41218459113,1303.124777364568,中继,RU-001
P00020,S012-handoff,1294.53116666459,1304.347683288471,中继,RU-001
P00011,leg2-cruise,1295.371284016089,1300.069512990154,直连,
P00024,leg2-climb,1296.087122584561,1305.125661248456,中继,RU-001
P00057,leg2-cruise,1299.250292353182,1304.221594872905,中继,RU-002
P00011,leg2-cruise,1300.069512990154,1304.76774196422,直连,
P00107,S010-handoff,1303.124777364568,1308.644488638459,中继,RU-001
P00035,S001-handoff,1304.180330638779,1314.164199912351,直连,
P00057,leg2-cruise,1304.221594872905,1309.192897392628,中继,RU-002
P00020,S012-handoff,1304.347683288471,1314.164199912351,中继,RU-001
P00011,leg2-cruise,1304.76774196422,1309.465970938285,直连,
P00024,leg2-climb,1305.125661248456,1314.164199912351,中继,RU-001
P00107,S010-handoff,1308.644488638459,1314.164199912351,中继,RU-001
P00057,leg2-cruise,1309.192897392628,1314.164199912351,中继,RU-002
P00011,leg2-cruise,1309.465970938285,1318.966320264754,直连,
P00020,S012-handoff,1314.164199912351,1321.274258737723,中继,RU-001
P00024,leg2-climb,1314.164199912351,1322.171686499627,中继,RU-001
P00035,S001-handoff,1314.164199912351,1314.898370849273,直连,
P00057,leg2-cruise,1314.164199912351,1318.966320264754,直连,
P00107,S010-handoff,1314.164199912351,1323.768440617156,中继,RU-001
P00035,leg2-climb,1314.898370849273,1323.804031860016,直连,
P00011,leg2-cruise,1318.966320264754,1323.768440617156,直连,
P00057,leg2-cruise,1318.966320264754,1323.768440617156,直连,
P00020,S012-handoff,1321.274258737723,1328.384317563094,中继,RU-001
P00024,leg2-cruise,1322.171686499627,1327.046386584644,中继,RU-001
P00011,leg2-cruise,1323.768440617156,1328.570560969559,直连,
P00057,leg2-cruise,1323.768440617156,1328.570560969559,直连,
P00107,S010-handoff,1323.768440617156,1333.372681321961,中继,RU-001
P00035,leg2-climb,1323.804031860016,1332.709692870758,直连,
P00024,leg2-cruise,1327.046386584644,1331.921086669662,中继,RU-001
P00020,leg2-climb,1328.384317563094,1337.284383887964,中继,RU-001
P00011,leg2-cruise,1328.570560969559,1333.372681321961,直连,
P00057,leg2-cruise,1328.570560969559,1333.372681321961,直连,
P00024,leg2-cruise,1331.921086669662,1336.795786754679,中继,RU-001
P00035,leg2-climb,1332.709692870758,1341.6153538815,直连,
P00011,leg2-cruise,1333.372681321961,1338.174801674364,直连,
P00057,leg2-cruise,1333.372681321961,1338.174801674364,直连,
P00107,S010-handoff,1333.372681321961,1342.976922026766,中继,RU-001
P00024,leg2-cruise,1336.795786754679,1341.670486839697,中继,RU-001
P00020,leg2-climb,1337.284383887964,1346.184450212834,中继,RU-001
P00011,leg2-cruise,1338.174801674364,1342.976922026766,直连,
P00057,leg2-cruise,1338.174801674364,1342.976922026766,直连,
P00035,leg2-climb,1341.6153538815,1350.521014892242,直连,
P00024,leg2-cruise,1341.670486839697,1346.545186924714,中继,RU-001
P00011,leg2-cruise,1342.976922026766,1347.779042379169,直连,
P00057,leg2-cruise,1342.976922026766,1347.779042379169,直连,
P00107,S010-handoff,1342.976922026766,1352.581162731571,中继,RU-001
P00020,leg2-climb,1346.184450212834,1355.084516537703,中继,RU-001
P00024,leg2-cruise,1346.545186924714,1351.419887009732,中继,RU-001
P00011,leg2-cruise,1347.779042379169,1352.581162731571,直连,
P00057,leg2-cruise,1347.779042379169,1352.581162731571,直连,
P00035,leg2-cruise,1350.521014892242,1355.451894484603,直连,
P00024,leg2-cruise,1351.419887009732,1356.294587094749,中继,RU-001
P00011,leg2-cruise,1352.581162731571,1357.383283083974,直连,
P00057,leg2-cruise,1352.581162731571,1357.383283083974,直连,
P00107,S010-handoff,1352.581162731571,1362.185403436376,中继,RU-001
P00020,leg2-climb,1355.084516537703,1363.984582862573,中继,RU-001
P00035,leg2-cruise,1355.451894484603,1360.382774076963,直连,
P00024,leg2-cruise,1356.294587094749,1361.169287179767,中继,RU-001
P00011,leg2-cruise,1357.383283083974,1362.185403436376,直连,
P00057,leg2-cruise,1357.383283083974,1362.185403436376,直连,
P00035,leg2-cruise,1360.382774076963,1365.313653669324,直连,
P00024,leg2-cruise,1361.169287179767,1366.043987264784,中继,RU-001
P00011,leg2-cruise,1362.185403436376,1366.987523788779,直连,
P00057,leg2-cruise,1362.185403436376,1366.987523788779,直连,
P00107,S010-handoff,1362.185403436376,1371.789644141181,中继,RU-001
P00020,leg2-climb,1363.984582862573,1372.884649187443,中继,RU-001
P00035,leg2-cruise,1365.313653669324,1370.244533261684,直连,
P00024,leg2-cruise,1366.043987264784,1370.918687349802,中继,RU-001
P00011,leg2-cruise,1366.987523788779,1371.789644141181,直连,
P00057,leg2-cruise,1366.987523788779,1371.789644141181,直连,
P00035,leg2-cruise,1370.244533261684,1375.175412854045,直连,
P00024,leg2-cruise,1370.918687349802,1375.793387434819,中继,RU-001
P00011,leg2-cruise,1371.789644141181,1376.591764493584,直连,
P00057,leg2-cruise,1371.789644141181,1376.591764493584,直连,
P00107,S010-handoff,1371.789644141181,1381.393884845986,中继,RU-001
P00020,leg2-cruise,1372.884649187443,1377.595519119324,中继,RU-001
P00035,leg2-cruise,1375.175412854045,1380.106292446405,直连,
P00024,leg2-cruise,1375.793387434819,1380.668087519836,中继,RU-001
P00011,leg2-cruise,1376.591764493584,1381.393884845986,直连,
P00057,leg2-cruise,1376.591764493584,1381.393884845986,直连,
P00020,leg2-cruise,1377.595519119324,1382.306389051204,中继,RU-001
P00035,leg2-cruise,1380.106292446405,1385.037172038766,直连,
P00024,leg2-cruise,1380.668087519836,1385.542787604854,中继,RU-001
P00011,leg2-cruise,1381.393884845986,1386.196005198389,直连,
P00057,leg2-cruise,1381.393884845986,1386.196005198389,直连,
P00107,S010-handoff,1381.393884845986,1390.998125550791,中继,RU-001
P00020,leg2-cruise,1382.306389051204,1387.017258983085,中继,RU-001
P00035,leg2-cruise,1385.037172038766,1389.968051631127,直连,
P00024,leg2-cruise,1385.542787604854,1390.417487689871,中继,RU-001
P00011,leg2-cruise,1386.196005198389,1390.998125550791,直连,
P00057,leg2-cruise,1386.196005198389,1390.998125550791,直连,
P00020,leg2-cruise,1387.017258983085,1391.728128914966,中继,RU-001
P00035,leg2-cruise,1389.968051631127,1394.898931223487,直连,
P00024,leg2-cruise,1390.417487689871,1395.292187774889,中继,RU-001
P00011,leg2-cruise,1390.998125550791,1395.800245903194,直连,
P00057,leg2-cruise,1390.998125550791,1395.800245903194,直连,
P00107,S010-handoff,1390.998125550791,1400.602366255596,中继,RU-001
P00020,leg2-cruise,1391.728128914966,1396.438998846847,中继,RU-001
P00035,leg2-cruise,1394.898931223487,1399.829810815848,直连,
P00024,leg2-cruise,1395.292187774889,1400.166887859906,中继,RU-001
P00011,leg2-cruise,1395.800245903194,1400.602366255596,直连,
P00057,leg2-cruise,1395.800245903194,1400.602366255596,直连,
P00020,leg2-cruise,1396.438998846847,1401.149868778727,中继,RU-001
P00035,leg2-cruise,1399.829810815848,1404.760690408208,直连,
P00024,leg2-cruise,1400.166887859906,1405.041587944924,中继,RU-001
P00011,leg2-cruise,1400.602366255596,1405.404486607999,直连,
P00057,leg2-cruise,1400.602366255596,1405.404486607999,直连,
P00107,S010-handoff,1400.602366255596,1410.206606960401,中继,RU-001
P00020,leg2-cruise,1401.149868778727,1405.860738710608,中继,RU-001
P00035,leg2-cruise,1404.760690408208,1409.691570000569,直连,
P00024,leg2-cruise,1405.041587944924,1409.916288029941,中继,RU-001
P00011,leg2-cruise,1405.404486607999,1410.206606960401,直连,
P00057,leg2-cruise,1405.404486607999,1410.206606960401,直连,
P00020,leg2-cruise,1405.860738710608,1410.571608642489,中继,RU-001
P00035,leg2-cruise,1409.691570000569,1414.62244959293,直连,
P00024,leg2-cruise,1409.916288029941,1414.790988114959,中继,RU-001
P00011,leg2-cruise,1410.206606960401,1415.008727312804,直连,
P00057,leg2-cruise,1410.206606960401,1415.008727312804,直连,
P00107,S010-handoff,1410.206606960401,1419.810847665206,中继,RU-001
P00020,leg2-cruise,1410.571608642489,1415.282478574369,中继,RU-001
P00035,leg2-cruise,1414.62244959293,1419.55332918529,直连,
P00024,leg2-cruise,1414.790988114959,1419.665688199976,中继,RU-001
P00011,leg2-cruise,1415.008727312804,1419.810847665206,直连,
P00057,leg2-cruise,1415.008727312804,1419.810847665206,直连,
P00020,leg2-cruise,1415.282478574369,1419.99334850625,中继,RU-001
P00035,leg2-cruise,1419.55332918529,1424.484208777651,直连,
P00024,leg2-cruise,1419.665688199976,1424.540388284994,中继,RU-001
P00011,leg2-cruise,1419.810847665206,1424.612968017609,直连,
P00057,leg2-cruise,1419.810847665206,1424.612968017609,直连,
P00107,S010-handoff,1419.810847665206,1429.415088370011,中继,RU-001
P00020,leg2-cruise,1419.99334850625,1424.704218438131,中继,RU-001
P00035,leg2-cruise,1424.484208777651,1429.415088370011,直连,
P00024,leg2-cruise,1424.540388284994,1429.415088370011,直连,
P00011,leg2-cruise,1424.612968017609,1429.415088370011,直连,
P00057,leg2-cruise,1424.612968017609,1429.415088370011,直连,
P00020,leg2-cruise,1424.704218438131,1429.415088370011,中继,RU-001
P00011,leg2-cruise,1429.415088370011,1435.54002698312,直连,
P00020,leg2-cruise,1429.415088370011,1434.146571165054,中继,RU-001
P00024,leg2-cruise,1429.415088370011,1434.146571165054,直连,
P00035,leg2-cruise,1429.415088370011,1434.235601765197,直连,
P00057,leg2-cruise,1429.415088370011,1434.146571165054,直连,
P00107,S010-handoff,1429.415088370011,1438.366703202437,中继,RU-001
P00020,leg2-cruise,1434.146571165054,1438.878053960097,中继,RU-001
P00024,leg2-cruise,1434.146571165054,1438.878053960097,直连,
P00057,leg2-cruise,1434.146571165054,1438.878053960097,直连,
P00035,leg2-cruise,1434.235601765197,1439.056115160382,直连,
P00011,leg2-cruise,1435.54002698312,1441.664965596229,直连,
P00107,S010-handoff,1438.366703202437,1447.318318034863,中继,RU-001
P00020,leg2-cruise,1438.878053960097,1443.60953675514,中继,RU-001
P00024,leg2-cruise,1438.878053960097,1443.60953675514,直连,
P00057,leg2-cruise,1438.878053960097,1443.60953675514,直连,
P00035,leg2-cruise,1439.056115160382,1443.876628555568,直连,
P00011,leg2-descent,1441.664965596229,1451.598208902707,直连,
P00020,leg2-cruise,1443.60953675514,1448.341019550183,中继,RU-001
P00024,leg2-cruise,1443.60953675514,1448.341019550183,直连,
P00057,leg2-cruise,1443.60953675514,1448.341019550183,直连,
P00035,leg2-cruise,1443.876628555568,1448.697141950754,直连,
P00107,S010-handoff,1447.318318034863,1456.269932867289,中继,RU-001
P00020,leg2-cruise,1448.341019550183,1453.072502345226,中继,RU-001
P00024,leg2-cruise,1448.341019550183,1453.072502345226,直连,
P00057,leg2-cruise,1448.341019550183,1453.072502345226,直连,
P00035,leg2-cruise,1448.697141950754,1453.517655345939,直连,
P00011,leg2-descent,1451.598208902707,1461.531452209184,直连,
P00020,leg2-cruise,1453.072502345226,1457.803985140269,中继,RU-001
P00024,leg2-cruise,1453.072502345226,1457.803985140269,直连,
P00057,leg2-cruise,1453.072502345226,1457.803985140269,直连,
P00035,leg2-cruise,1453.517655345939,1458.338168741125,直连,
P00107,S010-handoff,1456.269932867289,1465.221547699716,中继,RU-001
P00020,leg2-cruise,1457.803985140269,1462.535467935312,中继,RU-001
P00024,leg2-cruise,1457.803985140269,1462.535467935312,直连,
P00057,leg2-cruise,1457.803985140269,1462.535467935312,直连,
P00035,leg2-cruise,1458.338168741125,1463.15868213631,直连,
P00011,leg2-descent,1461.531452209184,1471.464695515662,直连,
P00020,leg2-cruise,1462.535467935312,1467.266950730354,中继,RU-001
P00024,leg2-cruise,1462.535467935312,1467.266950730354,直连,
P00057,leg2-cruise,1462.535467935312,1467.266950730354,直连,
P00035,leg2-cruise,1463.15868213631,1467.979195531496,直连,
P00107,S010-handoff,1465.221547699716,1474.173162532142,中继,RU-001
P00020,leg2-cruise,1467.266950730354,1471.998433525397,中继,RU-001
P00024,leg2-cruise,1467.266950730354,1471.998433525397,直连,
P00057,leg2-cruise,1467.266950730354,1471.998433525397,直连,
P00035,leg2-cruise,1467.979195531496,1472.799708926681,直连,
P00011,leg2-descent,1471.464695515662,1481.39793882214,直连,
P00020,leg2-cruise,1471.998433525397,1476.72991632044,中继,RU-001
P00024,leg2-cruise,1471.998433525397,1476.72991632044,直连,
P00057,leg2-cruise,1471.998433525397,1476.72991632044,直连,
P00035,leg2-cruise,1472.799708926681,1477.620222321867,直连,
P00107,S010-handoff,1474.173162532142,1483.124777364568,中继,RU-001
P00020,leg2-cruise,1476.72991632044,1481.461399115483,中继,RU-001
P00024,leg2-cruise,1476.72991632044,1481.461399115483,直连,
P00057,leg2-cruise,1476.72991632044,1481.461399115483,直连,
P00035,leg2-cruise,1477.620222321867,1482.440735717052,直连,
P00011,leg2-descent,1481.39793882214,1491.331182128618,直连,
P00020,leg2-cruise,1481.461399115483,1486.192881910526,中继,RU-001
P00024,leg2-cruise,1481.461399115483,1486.192881910526,直连,
P00057,leg2-cruise,1481.461399115483,1486.192881910526,直连,
P00035,leg2-cruise,1482.440735717052,1487.261249112238,直连,
P00107,leg3-climb,1483.124777364568,1492.46217021396,中继,RU-001
P00020,leg2-cruise,1486.192881910526,1490.924364705569,中继,RU-001
P00024,leg2-cruise,1486.192881910526,1490.924364705569,直连,
P00057,leg2-cruise,1486.192881910526,1490.924364705569,直连,
P00035,leg2-cruise,1487.261249112238,1492.081762507423,直连,
P00020,leg2-cruise,1490.924364705569,1495.655847500612,中继,RU-001
P00024,leg2-cruise,1490.924364705569,1495.655847500612,直连,
P00057,leg2-cruise,1490.924364705569,1495.655847500612,直连,
P00011,leg2-descent,1491.331182128618,1501.264425435096,直连,
P00035,leg2-cruise,1492.081762507423,1496.902275902609,直连,
P00107,leg3-climb,1492.46217021396,1501.799563063352,中继,RU-001
P00020,leg2-cruise,1495.655847500612,1500.387330295655,中继,RU-001
P00024,leg2-cruise,1495.655847500612,1500.387330295655,直连,
P00057,leg2-cruise,1495.655847500612,1500.387330295655,直连,
P00035,leg2-cruise,1496.902275902609,1501.722789297795,直连,
P00020,leg2-cruise,1500.387330295655,1505.118813090698,中继,RU-001
P00024,leg2-cruise,1500.387330295655,1505.118813090698,直连,
P00057,leg2-cruise,1500.387330295655,1505.118813090698,直连,
P00011,leg2-descent,1501.264425435096,1511.197668741574,直连,
P00035,leg2-cruise,1501.722789297795,1506.54330269298,直连,
P00107,leg3-climb,1501.799563063352,1511.136955912745,中继,RU-001
P00020,leg2-cruise,1505.118813090698,1509.85029588574,中继,RU-001
P00024,leg2-cruise,1505.118813090698,1509.85029588574,直连,
P00057,leg2-cruise,1505.118813090698,1509.85029588574,直连,
P00035,leg2-cruise,1506.54330269298,1511.363816088166,直连,
P00020,leg2-cruise,1509.85029588574,1514.581778680783,中继,RU-001
P00024,leg2-cruise,1509.85029588574,1514.581778680783,直连,
P00057,leg2-cruise,1509.85029588574,1514.581778680783,直连,
P00107,leg3-cruise,1511.136955912745,1516.114497476933,中继,RU-001
P00011,leg2-descent,1511.197668741574,1521.130912048052,直连,
P00035,leg2-cruise,1511.363816088166,1516.184329483351,直连,
P00020,leg2-cruise,1514.581778680783,1519.313261475826,中继,RU-001
P00024,leg2-cruise,1514.581778680783,1519.313261475826,直连,
P00057,leg2-cruise,1514.581778680783,1519.313261475826,直连,
P00107,leg3-cruise,1516.114497476933,1521.092039041122,中继,RU-001
P00035,leg2-cruise,1516.184329483351,1521.004842878537,直连,
P00020,leg2-cruise,1519.313261475826,1524.044744270869,中继,RU-001
P00024,leg2-cruise,1519.313261475826,1524.044744270869,直连,
P00057,leg2-cruise,1519.313261475826,1524.044744270869,直连,
P00035,leg2-cruise,1521.004842878537,1525.825356273722,直连,
P00107,leg3-cruise,1521.092039041122,1526.06958060531,中继,RU-001
P00011,leg2-descent,1521.130912048052,1531.06415535453,直连,
P00020,leg2-cruise,1524.044744270869,1528.776227065912,中继,RU-001
P00024,leg2-cruise,1524.044744270869,1528.776227065912,直连,
P00057,leg2-cruise,1524.044744270869,1528.776227065912,直连,
P00035,leg2-cruise,1525.825356273722,1530.645869668908,直连,
P00107,leg3-cruise,1526.06958060531,1531.047122169499,中继,RU-001
P00020,leg2-cruise,1528.776227065912,1533.507709860955,中继,RU-001
P00024,leg2-cruise,1528.776227065912,1533.507709860955,直连,
P00057,leg2-cruise,1528.776227065912,1533.507709860955,直连,
P00035,leg2-cruise,1530.645869668908,1535.466383064093,直连,
P00107,leg3-cruise,1531.047122169499,1536.024663733687,中继,RU-001
P00011,leg2-descent,1531.06415535453,1540.997398661008,直连,
P00020,leg2-cruise,1533.507709860955,1538.239192655998,中继,RU-001
P00024,leg2-cruise,1533.507709860955,1538.239192655998,直连,
P00057,leg2-cruise,1533.507709860955,1538.239192655998,直连,
P00035,leg2-cruise,1535.466383064093,1540.286896459279,直连,
P00107,leg3-cruise,1536.024663733687,1541.002205297876,中继,RU-001
P00020,leg2-cruise,1538.239192655998,1542.970675451041,中继,RU-001
P00024,leg2-cruise,1538.239192655998,1542.970675451041,直连,
P00057,leg2-cruise,1538.239192655998,1542.970675451041,直连,
P00035,leg2-cruise,1540.286896459279,1545.107409854465,直连,
P00011,leg2-descent,1540.997398661008,1550.930641967485,直连,
P00107,leg3-cruise,1541.002205297876,1545.979746862064,中继,RU-001
P00020,leg2-cruise,1542.970675451041,1547.702158246084,中继,RU-001
P00024,leg2-cruise,1542.970675451041,1547.702158246084,直连,
P00057,leg2-cruise,1542.970675451041,1547.702158246084,直连,
P00035,leg2-cruise,1545.107409854465,1549.92792324965,直连,
P00107,leg3-cruise,1545.979746862064,1550.957288426253,中继,RU-001
P00020,leg2-cruise,1547.702158246084,1552.433641041127,中继,RU-001
P00024,leg2-cruise,1547.702158246084,1552.433641041127,直连,
P00057,leg2-cruise,1547.702158246084,1552.433641041127,直连,
P00035,leg2-cruise,1549.92792324965,1554.748436644836,直连,
P00011,leg2-descent,1550.930641967485,1560.863885273963,直连,
P00107,leg3-cruise,1550.957288426253,1555.934829990441,中继,RU-001
P00020,leg2-cruise,1552.433641041127,1557.165123836169,中继,RU-001
P00024,leg2-cruise,1552.433641041127,1557.165123836169,直连,
P00057,leg2-cruise,1552.433641041127,1557.165123836169,直连,
P00037,leg1-climb,1552.471583539037,1561.921901629819,直连,
P00071,leg1-climb,1552.471583539037,1561.921901629819,直连,
P00035,leg2-descent,1554.748436644836,1563.439803700352,直连,
P00107,leg3-cruise,1555.934829990441,1560.91237155463,中继,RU-001
P00020,leg2-cruise,1557.165123836169,1561.896606631212,中继,RU-001
P00024,leg2-cruise,1557.165123836169,1561.896606631212,直连,
P00057,leg2-cruise,1557.165123836169,1561.896606631212,直连,
P00107,leg3-cruise,1560.91237155463,1565.889913118818,中继,RU-001
P00020,leg2-cruise,1561.896606631212,1566.628089426255,中继,RU-001
P00024,leg2-cruise,1561.896606631212,1566.628089426255,直连,
P00057,leg2-cruise,1561.896606631212,1566.628089426255,直连,
P00037,leg1-climb,1561.921901629819,1571.372219720601,直连,
P00071,leg1-climb,1561.921901629819,1571.372219720601,直连,
P00035,leg2-descent,1563.439803700352,1572.131170755868,直连,
P00107,leg3-cruise,1565.889913118818,1570.867454683007,中继,RU-001
P00020,leg2-cruise,1566.628089426255,1571.359572221298,中继,RU-001
P00024,leg2-cruise,1566.628089426255,1571.359572221298,直连,
P00057,leg2-cruise,1566.628089426255,1571.359572221298,直连,
P00107,leg3-cruise,1570.867454683007,1575.844996247195,中继,RU-001
P00020,leg2-cruise,1571.359572221298,1576.091055016341,中继,RU-001
P00024,leg2-cruise,1571.359572221298,1576.091055016341,直连,
P00057,leg2-cruise,1571.359572221298,1576.091055016341,直连,
P00037,leg1-climb,1571.372219720601,1580.822537811384,直连,
P00071,leg1-climb,1571.372219720601,1580.822537811384,直连,
P00035,leg2-descent,1572.131170755868,1580.822537811384,直连,
P00107,leg3-cruise,1575.844996247195,1580.822537811384,中继,RU-001
P00020,leg2-cruise,1576.091055016341,1580.822537811384,中继,RU-001
P00024,leg2-cruise,1576.091055016341,1580.822537811384,直连,
P00057,leg2-cruise,1576.091055016341,1580.822537811384,直连,
P00020,leg2-cruise,1580.822537811384,1585.624620700926,中继,RU-001
P00024,leg2-cruise,1580.822537811384,1585.624620700926,直连,
P00035,leg2-descent,1580.822537811384,1590.426703590469,直连,
P00037,leg1-climb,1580.822537811384,1590.426703590469,直连,
P00057,leg2-cruise,1580.822537811384,1585.624620700926,直连,
P00071,leg1-climb,1580.822537811384,1590.426703590469,直连,
P00107,leg3-cruise,1580.822537811384,1585.624620700926,直连,
P00020,leg2-cruise,1585.624620700926,1590.426703590469,中继,RU-001
P00024,leg2-cruise,1585.624620700926,1590.426703590469,直连,
P00057,leg2-cruise,1585.624620700926,1590.426703590469,直连,
P00107,leg3-cruise,1585.624620700926,1590.426703590469,直连,
P00020,leg2-cruise,1590.426703590469,1595.228786480011,中继,RU-001
P00024,leg2-cruise,1590.426703590469,1595.228786480011,直连,
P00035,leg2-descent,1590.426703590469,1600.030869369554,直连,
P00037,leg1-climb,1590.426703590469,1600.030869369554,直连,
P00057,leg2-cruise,1590.426703590469,1595.228786480011,直连,
P00071,leg1-climb,1590.426703590469,1600.030869369554,直连,
P00107,leg3-cruise,1590.426703590469,1595.228786480011,直连,
P00020,leg2-cruise,1595.228786480011,1600.030869369554,中继,RU-001
P00024,leg2-cruise,1595.228786480011,1600.030869369554,直连,
P00057,leg2-cruise,1595.228786480011,1600.030869369554,直连,
P00107,leg3-cruise,1595.228786480011,1600.030869369554,直连,
P00020,leg2-cruise,1600.030869369554,1604.832952259096,中继,RU-001
P00024,leg2-cruise,1600.030869369554,1604.832952259096,直连,
P00035,leg2-descent,1600.030869369554,1609.635035148639,直连,
P00037,leg1-climb,1600.030869369554,1609.635035148639,直连,
P00057,leg2-cruise,1600.030869369554,1604.832952259096,直连,
P00071,leg1-climb,1600.030869369554,1609.635035148639,直连,
P00107,leg3-cruise,1600.030869369554,1604.832952259096,直连,
P00020,leg2-cruise,1604.832952259096,1609.635035148639,直连,
P00024,leg2-cruise,1604.832952259096,1609.635035148639,直连,
P00057,leg2-cruise,1604.832952259096,1609.635035148639,直连,
P00107,leg3-cruise,1604.832952259096,1609.635035148639,直连,
P00020,leg2-cruise,1609.635035148639,1614.567334856164,直连,
P00024,leg2-cruise,1609.635035148639,1614.214063751281,直连,
P00035,leg2-descent,1609.635035148639,1618.530888423593,直连,
P00037,leg1-climb,1609.635035148639,1612.889668255833,直连,
P00057,leg2-cruise,1609.635035148639,1617.793817914998,直连,
P00071,leg1-climb,1609.635035148639,1618.73144720302,直连,
P00107,leg3-cruise,1609.635035148639,1614.630122580292,直连,
P00037,leg1-cruise,1612.889668255833,1617.886495217082,直连,
P00024,leg2-cruise,1614.214063751281,1618.793092353924,直连,
P00020,leg2-cruise,1614.567334856164,1619.499634563688,直连,
P00107,leg3-cruise,1614.630122580292,1619.625210011945,直连,
P00057,leg2-cruise,1617.793817914998,1625.952600681357,直连,
P00037,leg1-cruise,1617.886495217082,1622.883322178332,直连,
P00035,leg2-descent,1618.530888423593,1627.426741698547,直连,
P00071,leg1-climb,1618.73144720302,1627.827859257402,直连,
P00024,leg2-cruise,1618.793092353924,1623.372120956567,直连,
P00020,leg2-cruise,1619.499634563688,1624.431934271213,直连,
P00107,leg3-cruise,1619.625210011945,1624.620297443598,直连,
P00037,leg1-cruise,1622.883322178332,1627.880149139581,直连,
P00024,leg2-cruise,1623.372120956567,1627.951149559209,直连,
P00020,leg2-cruise,1624.431934271213,1629.364233978738,直连,
P00107,leg3-cruise,1624.620297443598,1629.615384875251,直连,
P00057,leg2-cruise,1625.952600681357,1634.111383447716,直连,
P00071,leg1-climb,1627.827859257402,1636.924271311784,直连,
P00037,leg1-cruise,1627.880149139581,1632.87697610083,直连,
P00024,leg2-cruise,1627.951149559209,1632.530178161852,直连,
P00020,leg2-cruise,1629.364233978738,1634.296533686263,直连,
P00107,leg3-cruise,1629.615384875251,1634.610472306904,直连,
P00024,leg2-cruise,1632.530178161852,1637.109206764494,直连,
P00037,leg1-cruise,1632.87697610083,1637.873803062079,直连,
P00057,leg2-cruise,1634.111383447716,1642.270166214075,直连,
P00020,leg2-cruise,1634.296533686263,1639.228833393788,直连,
P00107,leg3-cruise,1634.610472306904,1639.605559738558,直连,
P00071,leg1-climb,1636.924271311784,1646.020683366165,直连,
P00024,leg2-cruise,1637.109206764494,1641.688235367137,直连,
P00037,leg1-cruise,1637.873803062079,1642.870630023328,直连,
P00020,leg2-cruise,1639.228833393788,1644.161133101313,直连,
P00107,leg3-cruise,1639.605559738558,1644.600647170211,直连,
P00024,leg2-cruise,1641.688235367137,1646.267263969779,直连,
P00057,leg2-descent,1642.270166214075,1651.876995590296,直连,
P00037,leg1-cruise,1642.870630023328,1647.867456984578,直连,
P00020,leg2-cruise,1644.161133101313,1649.093432808838,直连,
P00107,leg3-cruise,1644.600647170211,1649.595734601864,直连,
P00071,leg1-climb,1646.020683366165,1655.117095420547,直连,
P00024,leg2-cruise,1646.267263969779,1650.846292572422,直连,
P00037,leg1-cruise,1647.867456984578,1652.864283945827,直连,
P00020,leg2-cruise,1649.093432808838,1654.025732516363,直连,
P00107,leg3-cruise,1649.595734601864,1654.590822033517,直连,
P00024,leg2-cruise,1650.846292572422,1655.425321175064,直连,
P00057,leg2-descent,1651.876995590296,1661.483824966517,直连,
P00037,leg1-cruise,1652.864283945827,1657.861110907076,直连,
P00020,leg2-cruise,1654.025732516363,1658.958032223888,直连,
P00107,leg3-cruise,1654.590822033517,1659.58590946517,直连,
P00071,leg1-cruise,1655.117095420547,1660.073693605462,直连,
P00024,leg2-cruise,1655.425321175064,1660.004349777707,直连,
P00037,leg1-cruise,1657.861110907076,1662.857937868325,直连,
P00020,leg2-cruise,1658.958032223888,1663.890331931413,直连,
P00107,leg3-cruise,1659.58590946517,1664.580996896823,直连,
P00024,leg2-cruise,1660.004349777707,1664.58337838035,直连,
P00071,leg1-cruise,1660.073693605462,1665.030291790377,直连,
P00057,leg2-descent,1661.483824966517,1671.090654342737,直连,
P00037,leg1-cruise,1662.857937868325,1667.854764829574,直连,
P00020,leg2-cruise,1663.890331931413,1668.822631638938,直连,
P00107,leg3-cruise,1664.580996896823,1669.576084328476,直连,
P00024,leg2-cruise,1664.58337838035,1669.162406982992,直连,
P00071,leg1-cruise,1665.030291790377,1669.986889975292,直连,
P00037,leg1-cruise,1667.854764829574,1672.851591790823,直连,
P00020,leg2-cruise,1668.822631638938,1673.754931346463,直连,
P00024,leg2-cruise,1669.162406982992,1673.741435585635,直连,
P00107,leg3-cruise,1669.576084328476,1674.571171760129,直连,
P00071,leg1-cruise,1669.986889975292,1674.943488160206,直连,
P00057,leg2-descent,1671.090654342737,1680.697483718958,直连,
P00037,leg1-cruise,1672.851591790823,1677.848418752073,直连,
P00024,leg2-cruise,1673.741435585635,1678.320464188278,直连,
P00020,leg2-cruise,1673.754931346463,1678.687231053987,直连,
P00107,leg3-cruise,1674.571171760129,1679.566259191782,直连,
P00071,leg1-cruise,1674.943488160206,1679.900086345122,直连,
P00037,leg1-cruise,1677.848418752073,1682.845245713322,直连,
P00024,leg2-cruise,1678.320464188278,1682.89949279092,直连,
P00020,leg2-cruise,1678.687231053987,1683.619530761512,直连,
P00107,leg3-cruise,1679.566259191782,1684.561346623435,直连,
P00071,leg1-cruise,1679.900086345122,1684.856684530036,直连,
P00057,leg2-descent,1680.697483718958,1690.304313095178,直连,
P00037,leg1-cruise,1682.845245713322,1687.842072674571,直连,
P00024,leg2-descent,1682.89949279092,1692.673122005558,直连,
P00020,leg2-cruise,1683.619530761512,1688.551830469037,直连,
P00107,leg3-cruise,1684.561346623435,1689.556434055089,直连,
P00071,leg1-cruise,1684.856684530036,1689.813282714951,直连,
P00037,leg1-cruise,1687.842072674571,1692.83889963582,直连,
P00020,leg2-cruise,1688.551830469037,1693.484130176562,直连,
P00107,leg3-cruise,1689.556434055089,1694.551521486742,直连,
P00071,leg1-cruise,1689.813282714951,1694.769880899866,直连,
P00057,leg2-descent,1690.304313095178,1699.911142471399,直连,
P00024,leg2-descent,1692.673122005558,1702.446751220196,直连,
P00037,leg1-cruise,1692.83889963582,1697.835726597069,直连,
P00020,leg2-cruise,1693.484130176562,1698.416429884087,直连,
P00107,leg3-cruise,1694.551521486742,1699.546608918395,直连,
P00071,leg1-cruise,1694.769880899866,1699.726479084781,直连,
P00037,leg1-cruise,1697.835726597069,1702.832553558319,直连,
P00020,leg2-cruise,1698.416429884087,1703.348729591612,直连,
P00107,leg3-cruise,1699.546608918395,1704.541696350048,直连,
P00071,leg1-cruise,1699.726479084781,1704.683077269696,直连,
P00057,leg2-descent,1699.911142471399,1709.51797184762,直连,
P00024,leg2-descent,1702.446751220196,1712.220380434834,直连,
P00037,leg1-cruise,1702.832553558319,1707.829380519568,直连,
P00020,leg2-cruise,1703.348729591612,1708.281029299137,直连,
P00107,leg3-cruise,1704.541696350048,1709.536783781701,直连,
P00071,leg1-cruise,1704.683077269696,1709.639675454611,直连,
P00037,leg1-cruise,1707.829380519568,1712.826207480817,直连,
P00020,leg2-cruise,1708.281029299137,1713.213329006662,直连,
P00057,leg2-descent,1709.51797184762,1719.124801223841,直连,
P00107,leg3-cruise,1709.536783781701,1714.531871213354,直连,
P00071,leg1-cruise,1709.639675454611,1714.596273639526,直连,
P00024,leg2-descent,1712.220380434834,1721.994009649473,直连,
P00037,leg1-cruise,1712.826207480817,1717.823034442066,直连,
P00020,leg2-cruise,1713.213329006662,1718.145628714187,直连,
P00107,leg3-cruise,1714.531871213354,1719.526958645007,直连,
P00071,leg1-cruise,1714.596273639526,1719.55287182444,直连,
P00037,leg1-cruise,1717.823034442066,1722.819861403315,直连,
P00020,leg2-cruise,1718.145628714187,1723.077928421712,直连,
P00057,leg2-descent,1719.124801223841,1728.731630600061,直连,
P00107,leg3-cruise,1719.526958645007,1724.52204607666,直连,
P00071,leg1-cruise,1719.55287182444,1724.509470009355,直连,
P00024,leg2-descent,1721.994009649473,1731.767638864111,直连,
P00037,leg1-cruise,1722.819861403315,1727.816688364564,直连,
P00020,leg2-cruise,1723.077928421712,1728.010228129237,直连,
P00071,leg1-cruise,1724.509470009355,1729.46606819427,直连,
P00107,leg3-cruise,1724.52204607666,1729.517133508313,直连,
P00037,leg1-cruise,1727.816688364564,1732.813515325814,直连,
P00020,leg2-cruise,1728.010228129237,1732.942527836761,直连,
P00057,leg2-descent,1728.731630600061,1738.338459976282,直连,
P00071,leg1-cruise,1729.46606819427,1734.422666379185,直连,
P00107,leg3-cruise,1729.517133508313,1734.512220939966,直连,
P00024,leg2-descent,1731.767638864111,1741.541268078749,直连,
P00037,leg1-cruise,1732.813515325814,1737.810342287063,直连,
P00020,leg2-cruise,1732.942527836761,1737.874827544286,直连,
P00071,leg1-cruise,1734.422666379185,1739.3792645641,直连,
P00107,leg3-cruise,1734.512220939966,1739.50730837162,直连,
P00037,leg1-cruise,1737.810342287063,1742.807169248312,直连,
P00020,leg2-cruise,1737.874827544286,1742.807127251811,直连,
P00057,leg2-descent,1738.338459976282,1747.945289352503,直连,
P00071,leg1-cruise,1739.3792645641,1744.335862749015,直连,
P00107,leg3-cruise,1739.50730837162,1744.502395803273,直连,
P00024,leg2-descent,1741.541268078749,1751.314897293387,直连,
P00020,leg2-cruise,1742.807127251811,1747.739426959336,直连,
P00037,leg1-cruise,1742.807169248312,1747.803996209561,直连,
P00071,leg1-cruise,1744.335862749015,1749.29246093393,直连,
P00107,leg3-cruise,1744.502395803273,1749.497483234926,直连,
P00020,leg2-cruise,1747.739426959336,1752.671726666861,直连,
P00037,leg1-cruise,1747.803996209561,1752.80082317081,直连,
P00057,leg2-descent,1747.945289352503,1757.552118728724,直连,
P00071,leg1-cruise,1749.29246093393,1754.249059118845,直连,
P00107,leg3-cruise,1749.497483234926,1754.492570666579,直连,
P00024,leg2-descent,1751.314897293387,1761.088526508025,直连,
P00020,leg2-cruise,1752.671726666861,1757.604026374386,直连,
P00037,leg1-cruise,1752.80082317081,1757.79765013206,直连,
P00071,leg1-cruise,1754.249059118845,1759.205657303759,直连,
P00107,leg3-cruise,1754.492570666579,1759.487658098232,直连,
P00057,leg2-descent,1757.552118728724,1767.158948104944,直连,
P00020,leg2-cruise,1757.604026374386,1762.536326081911,直连,
P00037,leg1-cruise,1757.79765013206,1762.794477093309,直连,
P00071,leg1-cruise,1759.205657303759,1764.162255488674,直连,
P00107,leg3-cruise,1759.487658098232,1764.482745529885,直连,
P00024,leg2-descent,1761.088526508025,1770.862155722663,直连,
P00020,leg2-cruise,1762.536326081911,1767.468625789436,直连,
P00037,leg1-cruise,1762.794477093309,1767.791304054558,直连,
P00071,leg1-cruise,1764.162255488674,1769.118853673589,直连,
P00107,leg3-cruise,1764.482745529885,1769.477832961538,直连,
P00057,leg2-descent,1767.158948104944,1776.765777481165,直连,
P00020,leg2-cruise,1767.468625789436,1772.400925496961,直连,
P00037,leg1-cruise,1767.791304054558,1772.788131015807,直连,
P00071,leg1-cruise,1769.118853673589,1774.075451858504,直连,
P00107,leg3-cruise,1769.477832961538,1774.472920393192,直连,
P00024,leg2-descent,1770.862155722663,1780.635784937302,直连,
P00020,leg2-cruise,1772.400925496961,1777.333225204486,直连,
P00037,leg1-cruise,1772.788131015807,1777.784957977056,直连,
P00071,leg1-cruise,1774.075451858504,1779.032050043419,直连,
P00107,leg3-cruise,1774.472920393192,1779.468007824845,直连,
P00057,leg2-descent,1776.765777481165,1786.372606857386,直连,
P00020,leg2-cruise,1777.333225204486,1782.265524912011,直连,
P00037,leg1-cruise,1777.784957977056,1782.781784938305,直连,
P00071,leg1-cruise,1779.032050043419,1783.988648228334,直连,
P00107,leg3-cruise,1779.468007824845,1784.463095256498,直连,
P00024,leg2-descent,1780.635784937302,1790.40941415194,直连,
P00020,leg2-cruise,1782.265524912011,1787.197824619536,直连,
P00037,leg1-cruise,1782.781784938305,1787.778611899555,直连,
P00071,leg1-cruise,1783.988648228334,1788.945246413249,直连,
P00107,leg3-cruise,1784.463095256498,1789.458182688151,直连,
P00057,leg2-descent,1786.372606857386,1795.979436233606,直连,
P00020,leg2-cruise,1787.197824619536,1792.13012432706,直连,
P00037,leg1-cruise,1787.778611899555,1792.775438860804,直连,
P00071,leg1-cruise,1788.945246413249,1793.901844598164,直连,
P00107,leg3-cruise,1789.458182688151,1794.453270119804,直连,
P00024,leg2-descent,1790.40941415194,1800.183043366578,直连,
P00020,leg2-cruise,1792.13012432706,1797.062424034585,直连,
P00037,leg1-cruise,1792.775438860804,1797.772265822053,直连,
P00071,leg1-cruise,1793.901844598164,1798.858442783079,直连,
P00107,leg3-cruise,1794.453270119804,1799.448357551457,直连,
P00020,leg2-cruise,1797.062424034585,1801.99472374211,直连,
P00037,leg1-cruise,1797.772265822053,1802.769092783302,直连,
P00071,leg1-cruise,1798.858442783079,1803.815040967994,直连,
P00107,leg3-cruise,1799.448357551457,1804.44344498311,直连,
P00024,leg2-descent,1800.183043366578,1809.956672581216,直连,
P00020,leg2-cruise,1801.99472374211,1806.927023449635,直连,
P00037,leg1-cruise,1802.769092783302,1807.765919744551,直连,
P00071,leg1-cruise,1803.815040967994,1808.771639152908,直连,
P00107,leg3-cruise,1804.44344498311,1809.438532414763,直连,
P00020,leg2-cruise,1806.927023449635,1811.85932315716,直连,
P00037,leg1-cruise,1807.765919744551,1812.7627467058,直连,
P00071,leg1-cruise,1808.771639152908,1813.728237337823,直连,
P00107,leg3-cruise,1809.438532414763,1814.433619846416,直连,
P00024,leg2-descent,1809.956672581216,1819.730301795854,直连,
P00020,leg2-cruise,1811.85932315716,1816.791622864685,直连,
P00037,leg1-cruise,1812.7627467058,1817.75957366705,直连,
P00071,leg1-cruise,1813.728237337823,1818.684835522738,直连,
P00107,leg3-cruise,1814.433619846416,1819.428707278069,直连,
P00020,leg2-cruise,1816.791622864685,1821.72392257221,直连,
P00037,leg1-cruise,1817.75957366705,1822.756400628299,直连,
P00071,leg1-cruise,1818.684835522738,1823.641433707653,直连,
P00107,leg3-cruise,1819.428707278069,1824.423794709723,直连,
P00024,leg2-descent,1819.730301795854,1829.503931010492,直连,
P00020,leg2-cruise,1821.72392257221,1826.656222279735,直连,
P00037,leg1-cruise,1822.756400628299,1827.753227589548,直连,
P00071,leg1-cruise,1823.641433707653,1828.598031892568,直连,
P00107,leg3-cruise,1824.423794709723,1829.418882141376,直连,
P00020,leg2-cruise,1826.656222279735,1831.58852198726,直连,
P00037,leg1-cruise,1827.753227589548,1832.750054550797,直连,
P00071,leg1-cruise,1828.598031892568,1833.554630077483,直连,
P00107,leg3-cruise,1829.418882141376,1834.413969573029,直连,
P00024,leg2-descent,1829.503931010492,1839.277560225131,直连,
P00020,leg2-cruise,1831.58852198726,1836.520821694785,直连,
P00037,leg1-cruise,1832.750054550797,1837.746881512046,直连,
P00071,leg1-cruise,1833.554630077483,1838.511228262398,直连,
P00107,leg3-cruise,1834.413969573029,1839.409057004682,直连,
P00020,leg2-cruise,1836.520821694785,1841.45312140231,直连,
P00037,leg1-cruise,1837.746881512046,1842.743708473295,直连,
P00071,leg1-cruise,1838.511228262398,1843.467826447313,直连,
P00024,leg2-descent,1839.277560225131,1849.051189439769,直连,
P00107,leg3-cruise,1839.409057004682,1844.404144436335,直连,
P00020,leg2-cruise,1841.45312140231,1846.385421109834,直连,
P00037,leg1-cruise,1842.743708473295,1847.740535434545,直连,
P00071,leg1-cruise,1843.467826447313,1848.424424632227,直连,
P00107,leg3-cruise,1844.404144436335,1849.399231867988,直连,
P00020,leg2-cruise,1846.385421109834,1851.317720817359,直连,
P00037,leg1-cruise,1847.740535434545,1852.737362395794,直连,
P00071,leg1-cruise,1848.424424632227,1853.381022817142,直连,
P00024,leg2-descent,1849.051189439769,1858.824818654407,直连,
P00107,leg3-cruise,1849.399231867988,1854.394319299641,直连,
P00020,leg2-cruise,1851.317720817359,1856.250020524884,直连,
P00037,leg1-cruise,1852.737362395794,1857.734189357043,直连,
P00071,leg1-cruise,1853.381022817142,1858.337621002057,直连,
P00107,leg3-cruise,1854.394319299641,1859.389406731294,直连,
P00020,leg2-cruise,1856.250020524884,1861.182320232409,直连,
P00037,leg1-cruise,1857.734189357043,1862.731016318292,直连,
P00071,leg1-cruise,1858.337621002057,1863.294219186972,直连,
P00024,leg2-descent,1858.824818654407,1868.598447869045,直连,
P00107,leg3-cruise,1859.389406731294,1864.384494162947,直连,
P00020,leg2-cruise,1861.182320232409,1866.114619939934,直连,
P00037,leg1-cruise,1862.731016318292,1867.727843279541,直连,
P00071,leg1-cruise,1863.294219186972,1868.250817371887,直连,
P00107,leg3-cruise,1864.384494162947,1869.3795815946,直连,
P00020,leg2-descent,1866.114619939934,1875.624901916484,直连,
P00037,leg1-cruise,1867.727843279541,1872.72467024079,直连,
P00071,leg1-cruise,1868.250817371887,1873.207415556802,直连,
P00107,leg3-cruise,1869.3795815946,1874.374669026254,直连,
P00037,leg1-cruise,1872.72467024079,1877.72149720204,直连,
P00071,leg1-cruise,1873.207415556802,1878.164013741717,直连,
P00107,leg3-cruise,1874.374669026254,1879.369756457907,直连,
P00020,leg2-descent,1875.624901916484,1885.135183893033,直连,
P00037,leg1-cruise,1877.72149720204,1882.718324163289,直连,
P00071,leg1-cruise,1878.164013741717,1883.120611926632,直连,
P00107,leg3-cruise,1879.369756457907,1884.36484388956,直连,
P00037,leg1-cruise,1882.718324163289,1887.715151124538,直连,
P00071,leg1-cruise,1883.120611926632,1888.077210111546,直连,
P00107,leg3-cruise,1884.36484388956,1889.359931321213,直连,
P00020,leg2-descent,1885.135183893033,1894.645465869582,直连,
P00037,leg1-cruise,1887.715151124538,1892.711978085787,直连,
P00071,leg1-cruise,1888.077210111546,1893.033808296461,直连,
P00107,leg3-cruise,1889.359931321213,1894.355018752866,直连,
P00037,leg1-cruise,1892.711978085787,1897.708805047036,直连,
P00071,leg1-cruise,1893.033808296461,1897.990406481376,直连,
P00107,leg3-cruise,1894.355018752866,1899.350106184519,直连,
P00020,leg2-descent,1894.645465869582,1904.155747846132,直连,
P00037,leg1-cruise,1897.708805047036,1902.705632008285,直连,
P00071,leg1-cruise,1897.990406481376,1902.947004666291,直连,
P00107,leg3-cruise,1899.350106184519,1904.345193616172,直连,
P00037,leg1-cruise,1902.705632008285,1907.702458969535,直连,
P00071,leg1-cruise,1902.947004666291,1907.903602851206,直连,
P00020,leg2-descent,1904.155747846132,1913.666029822682,直连,
P00107,leg3-cruise,1904.345193616172,1909.340281047826,直连,
P00037,leg1-cruise,1907.702458969535,1912.699285930784,直连,
P00071,leg1-cruise,1907.903602851206,1912.860201036121,直连,
P00107,leg3-descent,1909.340281047826,1917.122385290477,直连,
P00037,leg1-cruise,1912.699285930784,1917.696112892033,直连,
P00071,leg1-cruise,1912.860201036121,1917.816799221036,直连,
P00020,leg2-descent,1913.666029822682,1923.176311799231,直连,
P00107,leg3-descent,1917.122385290477,1924.904489533129,直连,
P00037,leg1-cruise,1917.696112892033,1922.692939853282,直连,
P00071,leg1-cruise,1917.816799221036,1922.773397405951,直连,
P00037,leg1-cruise,1922.692939853282,1927.689766814531,直连,
P00071,leg1-cruise,1922.773397405951,1927.729995590866,直连,
P00020,leg2-descent,1923.176311799231,1932.68659377578,直连,
P00107,leg3-descent,1924.904489533129,1932.68659377578,直连,
P00037,leg1-cruise,1927.689766814531,1932.68659377578,直连,
P00071,leg1-cruise,1927.729995590866,1932.68659377578,直连,
P00020,leg2-descent,1932.68659377578,1942.220278598455,直连,
P00037,leg1-cruise,1932.68659377578,1941.177967922649,直连,
P00071,leg1-cruise,1932.68659377578,1941.177967922649,直连,
P00107,leg3-descent,1932.68659377578,1941.177967922649,直连,
P00037,leg1-cruise,1941.177967922649,1949.669342069516,中继,RU-002
P00071,leg1-cruise,1941.177967922649,1949.669342069516,直连,
P00107,leg3-descent,1941.177967922649,1949.669342069516,直连,
P00020,leg2-descent,1942.220278598455,1951.753963421129,直连,
P00037,leg1-cruise,1949.669342069516,1958.160716216385,中继,RU-002
P00071,leg1-cruise,1949.669342069516,1958.160716216385,直连,
P00107,leg3-descent,1949.669342069516,1958.160716216385,直连,
P00020,leg2-descent,1951.753963421129,1961.287648243804,直连,
P00037,leg1-cruise,1958.160716216385,1966.652090363253,中继,RU-002
P00071,leg1-cruise,1958.160716216385,1966.652090363253,直连,
P00107,leg3-descent,1958.160716216385,1966.652090363253,直连,
P00020,leg2-descent,1961.287648243804,1970.821333066478,直连,
P00037,leg1-cruise,1966.652090363253,1975.143464510121,中继,RU-002
P00071,leg1-cruise,1966.652090363253,1975.143464510121,直连,
P00107,leg3-descent,1966.652090363253,1975.143464510121,直连,
P00020,leg2-descent,1970.821333066478,1980.355017889153,直连,
P00037,leg1-cruise,1975.143464510121,1983.634838656989,中继,RU-002
P00071,leg1-cruise,1975.143464510121,1979.389151583555,直连,
P00107,leg3-descent,1975.143464510121,1983.634838656989,直连,
P00071,leg1-cruise,1979.389151583555,1983.634838656989,直连,
P00037,leg1-cruise,1983.634838656989,1988.612066112863,中继,RU-002
P00071,leg1-cruise,1983.634838656989,1988.612380221177,中继,RU-001
P00107,leg3-descent,1983.634838656989,1993.410849986719,直连,
P00037,leg1-cruise,1988.612066112863,1993.589293568738,中继,RU-002
P00071,leg1-cruise,1988.612380221177,1993.589921785366,中继,RU-001
P00107,leg3-descent,1993.410849986719,2003.186861316448,直连,
P00037,leg1-cruise,1993.589293568738,1998.566521024613,中继,RU-002
P00071,leg1-cruise,1993.589921785366,1998.567463349554,中继,RU-001
P00037,leg1-cruise,1998.566521024613,2003.543748480488,中继,RU-002
P00071,leg1-cruise,1998.567463349554,2003.545004913743,中继,RU-001
P00107,leg3-descent,2003.186861316448,2012.962872646178,直连,
P00037,leg1-cruise,2003.543748480488,2008.520975936363,中继,RU-002
P00071,leg1-cruise,2003.545004913743,2008.522546477931,中继,RU-001
P00037,leg1-cruise,2008.520975936363,2013.498203392238,中继,RU-002
P00071,leg1-cruise,2008.522546477931,2013.50008804212,中继,RU-001
P00107,leg3-descent,2012.962872646178,2022.738883975908,直连,
P00037,leg1-cruise,2013.498203392238,2018.475430848112,中继,RU-002
P00071,leg1-cruise,2013.50008804212,2018.477629606308,中继,RU-001
P00037,leg1-cruise,2018.475430848112,2023.452658303987,中继,RU-002
P00071,leg1-cruise,2018.477629606308,2023.455171170497,中继,RU-001
P00107,leg3-descent,2022.738883975908,2032.514895305638,直连,
P00037,leg1-cruise,2023.452658303987,2028.429885759862,中继,RU-002
P00071,leg1-cruise,2023.455171170497,2028.432712734685,中继,RU-001
P00037,leg1-cruise,2028.429885759862,2033.407113215737,中继,RU-002
P00071,leg1-cruise,2028.432712734685,2033.410254298874,中继,RU-001
P00037,leg1-cruise,2033.407113215737,2038.384340671612,中继,RU-002
P00071,leg1-cruise,2033.410254298874,2038.387795863062,中继,RU-001
P00037,leg1-cruise,2038.384340671612,2043.361568127487,中继,RU-002
P00071,leg1-cruise,2038.387795863062,2043.365337427251,中继,RU-001
P00040,leg1-climb,2040.863886273963,2049.926598981483,直连,
P00037,leg1-cruise,2043.361568127487,2048.338795583361,中继,RU-002
P00071,leg1-cruise,2043.365337427251,2048.342878991439,中继,RU-001
P00037,leg1-cruise,2048.338795583361,2053.316023039236,中继,RU-002
P00071,leg1-cruise,2048.342878991439,2053.320420555628,中继,RU-001
P00040,leg1-climb,2049.926598981483,2058.989311689003,直连,
P00037,leg1-cruise,2053.316023039236,2058.293250495111,中继,RU-002
P00071,leg1-descent,2053.320420555628,2061.724074120081,中继,RU-001
P00037,leg1-cruise,2058.293250495111,2063.270477950986,中继,RU-002
P00040,leg1-climb,2058.989311689003,2068.052024396522,直连,
P00071,leg1-descent,2061.724074120081,2070.127727684534,中继,RU-001
P00037,leg1-cruise,2063.270477950986,2068.247705406861,中继,RU-002
P00040,leg1-climb,2068.052024396522,2077.114737104042,直连,
P00037,leg1-cruise,2068.247705406861,2073.224932862736,中继,RU-002
P00071,leg1-descent,2070.127727684534,2078.531381248987,中继,RU-001
P00037,leg1-cruise,2073.224932862736,2078.20216031861,中继,RU-002
P00040,leg1-climb,2077.114737104042,2086.177449811561,直连,
P00037,leg1-cruise,2078.20216031861,2083.179387774485,中继,RU-002
P00071,leg1-descent,2078.531381248987,2086.93503481344,中继,RU-001
P00037,leg1-cruise,2083.179387774485,2088.15661523036,中继,RU-002
P00040,leg1-climb,2086.177449811561,2095.240162519081,直连,
P00071,S010-handoff,2086.93503481344,2096.93503481344,中继,RU-001
P00037,leg1-cruise,2088.15661523036,2098.11107014211,中继,RU-002
P00040,leg1-climb,2095.240162519081,2104.3028752266,直连,
P00071,S010-handoff,2096.93503481344,2106.93503481344,中继,RU-001
P00037,leg1-cruise,2098.11107014211,2108.065525053859,中继,RU-002
P00040,leg1-climb,2104.3028752266,2113.36558793412,直连,
P00071,S010-handoff,2106.93503481344,2116.93503481344,中继,RU-001
P00037,leg1-cruise,2108.065525053859,2118.019979965609,中继,RU-002
P00040,leg1-cruise,2113.36558793412,2118.322440279679,直连,
P00071,S010-handoff,2116.93503481344,2126.93503481344,中继,RU-001
P00037,leg1-cruise,2118.019979965609,2122.997207421484,中继,RU-002
P00040,leg1-cruise,2118.322440279679,2123.279292625238,直连,
P00037,leg1-cruise,2122.997207421484,2127.974434877359,中继,RU-002
P00040,leg1-cruise,2123.279292625238,2128.236144970797,直连,
P00071,S010-handoff,2126.93503481344,2136.93503481344,中继,RU-001
P00037,leg1-cruise,2127.974434877359,2132.951662333234,中继,RU-002
P00040,leg1-cruise,2128.236144970797,2133.192997316356,直连,
P00037,leg1-cruise,2132.951662333234,2137.928889789109,中继,RU-002
P00040,leg1-cruise,2133.192997316356,2138.149849661915,直连,
P00071,S010-handoff,2136.93503481344,2146.93503481344,中继,RU-001
P00037,leg1-cruise,2137.928889789109,2142.906117244984,中继,RU-002
P00040,leg1-cruise,2138.149849661915,2143.106702007475,直连,
P00037,leg1-cruise,2142.906117244984,2147.883344700858,中继,RU-002
P00040,leg1-cruise,2143.106702007475,2148.063554353034,直连,
P00071,S010-handoff,2146.93503481344,2156.93503481344,中继,RU-001
P00037,leg1-cruise,2147.883344700858,2152.860572156733,中继,RU-002
P00040,leg1-cruise,2148.063554353034,2153.020406698593,直连,
P00037,leg1-cruise,2152.860572156733,2157.837799612608,中继,RU-002
P00040,leg1-cruise,2153.020406698593,2157.977259044152,直连,
P00071,S010-handoff,2156.93503481344,2166.93503481344,中继,RU-001
P00037,leg1-cruise,2157.837799612608,2162.815027068483,中继,RU-002
P00040,leg1-cruise,2157.977259044152,2162.934111389711,直连,
P00037,leg1-cruise,2162.815027068483,2167.792254524358,中继,RU-002
P00040,leg1-cruise,2162.934111389711,2167.89096373527,直连,
P00071,S010-handoff,2166.93503481344,2176.93503481344,中继,RU-001
P00037,leg1-cruise,2167.792254524358,2172.769481980233,中继,RU-002
P00040,leg1-cruise,2167.89096373527,2172.847816080829,直连,
P00037,leg1-cruise,2172.769481980233,2177.746709436107,中继,RU-002
P00040,leg1-cruise,2172.847816080829,2177.804668426389,直连,
P00071,S010-handoff,2176.93503481344,2186.93503481344,中继,RU-001
P00037,leg1-cruise,2177.746709436107,2182.723936891982,中继,RU-002
P00040,leg1-cruise,2177.804668426389,2182.761520771948,直连,
P00037,leg1-cruise,2182.723936891982,2187.701164347857,中继,RU-002
P00040,leg1-cruise,2182.761520771948,2187.718373117507,直连,
P00071,S010-handoff,2186.93503481344,2196.93503481344,中继,RU-001
P00037,leg1-cruise,2187.701164347857,2192.678391803732,中继,RU-002
P00040,leg1-cruise,2187.718373117507,2197.632077808626,直连,
P00037,leg1-cruise,2192.678391803732,2197.655619259607,中继,RU-002
P00071,S010-handoff,2196.93503481344,2206.93503481344,中继,RU-001
P00040,leg1-cruise,2197.632077808626,2202.588930154185,直连,
P00037,leg1-cruise,2197.655619259607,2202.632846715482,中继,RU-002
P00040,leg1-cruise,2202.588930154185,2207.545782499744,直连,
P00037,leg1-cruise,2202.632846715482,2207.610074171356,中继,RU-002
P00071,S010-handoff,2206.93503481344,2216.93503481344,中继,RU-001
P00040,leg1-cruise,2207.545782499744,2212.502634845303,直连,
P00037,leg1-cruise,2207.610074171356,2212.587301627231,中继,RU-002
P00040,leg1-cruise,2212.502634845303,2217.459487190862,直连,
P00037,leg1-cruise,2212.587301627231,2217.564529083106,中继,RU-002
P00071,S010-handoff,2216.93503481344,2226.93503481344,中继,RU-001
P00040,leg1-cruise,2217.459487190862,2222.416339536422,直连,
P00037,leg1-cruise,2217.564529083106,2222.541756538981,中继,RU-002
P00040,leg1-cruise,2222.416339536422,2227.373191881981,直连,
P00037,leg1-cruise,2222.541756538981,2227.518983994856,中继,RU-002
P00071,S010-handoff,2226.93503481344,2236.93503481344,中继,RU-001
P00040,leg1-cruise,2227.373191881981,2232.33004422754,直连,
P00037,leg1-cruise,2227.518983994856,2232.496211450731,中继,RU-002
P00040,leg1-cruise,2232.33004422754,2237.286896573099,直连,
P00037,leg1-descent,2232.496211450731,2241.44163686577,中继,RU-002
P00071,S010-handoff,2236.93503481344,2246.93503481344,中继,RU-001
P00040,leg1-cruise,2237.286896573099,2242.243748918658,直连,
P00037,leg1-descent,2241.44163686577,2250.387062280809,中继,RU-002
P00040,leg1-cruise,2242.243748918658,2247.200601264217,直连,
P00071,S010-handoff,2246.93503481344,2256.93503481344,中继,RU-001
P00040,leg1-cruise,2247.200601264217,2252.157453609776,直连,
P00037,leg1-descent,2250.387062280809,2259.332487695848,中继,RU-002
P00040,leg1-cruise,2252.157453609776,2257.114305955336,直连,
P00071,S010-handoff,2256.93503481344,2266.93503481344,中继,RU-001
P00040,leg1-cruise,2257.114305955336,2262.071158300895,直连,
P00037,leg1-descent,2259.332487695848,2268.277913110887,中继,RU-002
P00040,leg1-cruise,2262.071158300895,2267.028010646454,直连,
P00071,S010-handoff,2266.93503481344,2276.93503481344,中继,RU-001
P00040,leg1-cruise,2267.028010646454,2271.984862992013,直连,
P00037,S002-handoff,2268.277913110887,2277.627367364733,中继,RU-002
P00040,leg1-cruise,2271.984862992013,2276.941715337573,直连,
P00071,S010-handoff,2276.93503481344,2286.93503481344,中继,RU-001
P00040,leg1-cruise,2276.941715337573,2281.898567683132,直连,
P00037,S002-handoff,2277.627367364733,2286.976821618579,中继,RU-002
P00040,leg1-cruise,2281.898567683132,2291.81227237425,直连,
P00071,S010-handoff,2286.93503481344,2296.93503481344,中继,RU-001
P00037,S002-handoff,2286.976821618579,2296.326275872426,中继,RU-002
P00014,leg1-climb,2290.619501547076,2299.815552233382,直连,
P00040,leg1-cruise,2291.81227237425,2296.769124719809,直连,
P00037,S002-handoff,2296.326275872426,2305.675730126272,中继,RU-002
P00040,leg1-cruise,2296.769124719809,2301.725977065368,直连,
P00071,leg2-climb,2296.93503481344,2306.272427662833,中继,RU-001
P00014,leg1-climb,2299.815552233382,2309.011602919689,直连,
P00040,leg1-cruise,2301.725977065368,2306.682829410927,直连,
P00037,S002-handoff,2305.675730126272,2315.025184380119,中继,RU-002
P00071,leg2-climb,2306.272427662833,2315.609820512225,中继,RU-001
P00040,leg1-cruise,2306.682829410927,2311.639681756487,直连,
P00014,leg1-climb,2309.011602919689,2318.207653605995,直连,
P00040,leg1-cruise,2311.639681756487,2316.596534102046,直连,
P00037,S002-handoff,2315.025184380119,2324.374638633965,中继,RU-002
P00071,leg2-climb,2315.609820512225,2324.947213361617,中继,RU-001
P00040,leg1-cruise,2316.596534102046,2321.553386447605,直连,
P00014,leg1-climb,2318.207653605995,2327.403704292301,直连,
P00040,leg1-cruise,2321.553386447605,2326.510238793164,直连,
P00037,S002-handoff,2324.374638633965,2333.724092887811,中继,RU-002
P00071,leg2-cruise,2324.947213361617,2334.182152669933,中继,RU-001
P00040,leg1-cruise,2326.510238793164,2331.467091138723,直连,
P00014,leg1-climb,2327.403704292301,2336.599754978608,直连,
P00040,leg1-cruise,2331.467091138723,2336.423943484283,直连,
P00037,S002-handoff,2333.724092887811,2343.073547141658,中继,RU-002
P00071,leg2-cruise,2334.182152669933,2343.417091978249,中继,RU-001
P00040,leg1-cruise,2336.423943484283,2341.380795829842,直连,
P00014,leg1-climb,2336.599754978608,2345.795805664914,直连,
P00040,leg1-cruise,2341.380795829842,2346.337648175401,直连,
P00037,S002-handoff,2343.073547141658,2352.423001395504,中继,RU-002
P00071,leg2-cruise,2343.417091978249,2352.652031286565,中继,RU-001
P00014,leg1-cruise,2345.795805664914,2350.016823037961,直连,
P00040,leg1-cruise,2346.337648175401,2351.29450052096,直连,
P00014,leg1-cruise,2350.016823037961,2354.237840411009,直连,
P00040,leg1-cruise,2351.29450052096,2356.251352866519,直连,
P00037,S002-handoff,2352.423001395504,2361.77245564935,中继,RU-002
P00071,leg2-cruise,2352.652031286565,2361.886970594881,中继,RU-001
P00014,leg1-cruise,2354.237840411009,2358.458857784056,直连,
P00040,leg1-cruise,2356.251352866519,2361.208205212079,直连,
P00014,leg1-cruise,2358.458857784056,2362.679875157103,直连,
P00040,leg1-cruise,2361.208205212079,2366.165057557638,直连,
P00037,S002-handoff,2361.77245564935,2371.121909903197,中继,RU-002
P00071,leg2-cruise,2361.886970594881,2371.121909903197,中继,RU-001
P00014,leg1-cruise,2362.679875157103,2366.90089253015,直连,
P00040,leg1-cruise,2366.165057557638,2371.121909903197,直连,
P00014,leg1-cruise,2366.90089253015,2378.958871688883,直连,
P00037,S002-handoff,2371.121909903197,2378.958871688883,中继,RU-002
P00040,leg1-cruise,2371.121909903197,2378.958871688883,中继,RU-002
P00071,leg2-cruise,2371.121909903197,2378.958871688883,中继,RU-001
P00014,leg1-cruise,2378.958871688883,2386.79583347457,直连,
P00037,S002-handoff,2378.958871688883,2386.79583347457,中继,RU-002
P00040,leg1-cruise,2378.958871688883,2386.79583347457,中继,RU-002
P00071,leg2-cruise,2378.958871688883,2386.79583347457,中继,RU-001
P00014,leg1-cruise,2386.79583347457,2394.632795260256,直连,
P00037,S002-handoff,2386.79583347457,2394.632795260256,中继,RU-002
P00040,leg1-cruise,2386.79583347457,2394.632795260256,中继,RU-002
P00071,leg2-cruise,2386.79583347457,2394.632795260256,中继,RU-001
P00014,leg1-cruise,2394.632795260256,2399.525756241547,直连,
P00037,S002-handoff,2394.632795260256,2403.92669724366,中继,RU-002
P00040,leg1-cruise,2394.632795260256,2399.525756241547,中继,RU-002
P00071,leg2-cruise,2394.632795260256,2399.525756241547,直连,
P00014,leg1-cruise,2399.525756241547,2404.418717222837,直连,
P00040,leg1-cruise,2399.525756241547,2404.418717222837,中继,RU-002
P00071,leg2-cruise,2399.525756241547,2404.418717222837,直连,
P00037,S002-handoff,2403.92669724366,2413.220599227063,中继,RU-002
P00014,leg1-cruise,2404.418717222837,2409.311678204128,直连,
P00040,leg1-cruise,2404.418717222837,2409.311678204128,中继,RU-002
P00071,leg2-cruise,2404.418717222837,2409.311678204128,直连,
P00089,leg1-climb,2405.797980632527,2414.847374756876,直连,
P00014,leg1-cruise,2409.311678204128,2414.204639185418,直连,
P00040,leg1-cruise,2409.311678204128,2414.204639185418,中继,RU-002
P00071,leg2-cruise,2409.311678204128,2414.204639185418,直连,
P00037,S002-handoff,2413.220599227063,2422.514501210467,中继,RU-002
P00014,leg1-cruise,2414.204639185418,2419.097600166709,直连,
P00040,leg1-cruise,2414.204639185418,2419.097600166709,中继,RU-002
P00071,leg2-cruise,2414.204639185418,2419.097600166709,直连,
P00089,leg1-climb,2414.847374756876,2423.896768881225,直连,
P00014,leg1-cruise,2419.097600166709,2423.990561147999,直连,
P00040,leg1-cruise,2419.097600166709,2423.990561147999,中继,RU-002
P00071,leg2-cruise,2419.097600166709,2423.990561147999,直连,
P00037,S002-handoff,2422.514501210467,2431.80840319387,中继,RU-002
P00089,leg1-climb,2423.896768881225,2432.946163005574,直连,
P00014,leg1-cruise,2423.990561147999,2428.883522129289,直连,
P00040,leg1-cruise,2423.990561147999,2428.883522129289,中继,RU-002
P00071,leg2-cruise,2423.990561147999,2428.883522129289,直连,
P00014,leg1-cruise,2428.883522129289,2433.77648311058,直连,
P00040,leg1-cruise,2428.883522129289,2433.77648311058,中继,RU-002
P00071,leg2-cruise,2428.883522129289,2433.77648311058,直连,
P00037,S002-handoff,2431.80840319387,2441.102305177273,中继,RU-002
P00089,leg1-climb,2432.946163005574,2441.995557129923,直连,
P00014,leg1-cruise,2433.77648311058,2438.66944409187,直连,
P00040,leg1-cruise,2433.77648311058,2438.66944409187,中继,RU-002
P00071,leg2-cruise,2433.77648311058,2438.66944409187,直连,
P00014,leg1-cruise,2438.66944409187,2443.562405073161,直连,
P00040,leg1-cruise,2438.66944409187,2443.562405073161,中继,RU-002
P00071,leg2-cruise,2438.66944409187,2443.562405073161,直连,
P00037,S002-handoff,2441.102305177273,2450.396207160677,中继,RU-002
P00089,leg1-climb,2441.995557129923,2451.044951254272,直连,
P00014,leg1-cruise,2443.562405073161,2448.455366054451,直连,
P00040,leg1-cruise,2443.562405073161,2448.455366054451,中继,RU-002
P00071,leg2-cruise,2443.562405073161,2448.455366054451,直连,
P00014,leg1-cruise,2448.455366054451,2453.348327035741,直连,
P00040,leg1-cruise,2448.455366054451,2453.348327035741,中继,RU-002
P00071,leg2-cruise,2448.455366054451,2453.348327035741,直连,
P00037,S002-handoff,2450.396207160677,2459.69010914408,中继,RU-002
P00089,leg1-climb,2451.044951254272,2460.094345378621,直连,
P00014,leg1-cruise,2453.348327035741,2458.241288017032,直连,
P00040,leg1-cruise,2453.348327035741,2458.241288017032,中继,RU-002
P00071,leg2-cruise,2453.348327035741,2458.241288017032,直连,
P00014,leg1-cruise,2458.241288017032,2463.134248998323,直连,
P00040,leg1-cruise,2458.241288017032,2463.134248998323,中继,RU-002
P00071,leg2-cruise,2458.241288017032,2463.134248998323,直连,
P00037,S002-handoff,2459.69010914408,2468.984011127483,中继,RU-002
P00089,leg1-climb,2460.094345378621,2469.14373950297,直连,
P00014,leg1-cruise,2463.134248998323,2468.027209979613,直连,
P00040,leg1-cruise,2463.134248998323,2468.027209979613,中继,RU-002
P00071,leg2-cruise,2463.134248998323,2468.027209979613,直连,
P00014,leg1-cruise,2468.027209979613,2472.920170960903,直连,
P00040,leg1-cruise,2468.027209979613,2472.920170960903,中继,RU-002
P00071,leg2-cruise,2468.027209979613,2472.920170960903,直连,
P00037,S002-handoff,2468.984011127483,2478.277913110887,中继,RU-002
P00089,leg1-climb,2469.14373950297,2478.193133627319,直连,
P00014,leg1-cruise,2472.920170960903,2477.813131942194,直连,
P00040,leg1-cruise,2472.920170960903,2477.813131942194,中继,RU-002
P00071,leg2-cruise,2472.920170960903,2477.813131942194,直连,
P00014,leg1-cruise,2477.813131942194,2482.706092923484,直连,
P00040,leg1-cruise,2477.813131942194,2482.706092923484,中继,RU-002
P00071,leg2-cruise,2477.813131942194,2482.706092923484,直连,
P00089,leg1-climb,2478.193133627319,2487.242527751668,直连,
P00037,leg2-climb,2478.277913110887,2488.217274683152,中继,RU-002
P00014,leg1-cruise,2482.706092923484,2487.599053904774,直连,
P00040,leg1-cruise,2482.706092923484,2487.599053904774,中继,RU-002
P00071,leg2-cruise,2482.706092923484,2487.599053904774,直连,
P00089,leg1-climb,2487.242527751668,2496.291921876017,直连,
P00014,leg1-cruise,2487.599053904774,2492.492014886065,直连,
P00040,leg1-cruise,2487.599053904774,2492.492014886065,中继,RU-002
P00071,leg2-cruise,2487.599053904774,2492.492014886065,直连,
P00037,leg2-climb,2488.217274683152,2498.156636255418,中继,RU-002
P00014,leg1-cruise,2492.492014886065,2497.384975867355,直连,
P00040,leg1-cruise,2492.492014886065,2497.384975867355,中继,RU-002
P00071,leg2-cruise,2492.492014886065,2497.384975867355,直连,
P00089,leg1-cruise,2496.291921876017,2501.01215981231,直连,
P00014,leg1-cruise,2497.384975867355,2502.277936848646,直连,
P00040,leg1-cruise,2497.384975867355,2502.277936848646,中继,RU-002
P00071,leg2-cruise,2497.384975867355,2502.277936848646,直连,
P00037,leg2-climb,2498.156636255418,2508.095997827684,中继,RU-002
P00089,leg1-cruise,2501.01215981231,2505.732397748602,直连,
P00014,leg1-cruise,2502.277936848646,2507.170897829937,直连,
P00040,leg1-cruise,2502.277936848646,2507.170897829937,中继,RU-002
P00071,leg2-cruise,2502.277936848646,2507.170897829937,直连,
P00089,leg1-cruise,2505.732397748602,2510.452635684895,直连,
P00014,leg1-cruise,2507.170897829937,2512.063858811227,直连,
P00040,leg1-cruise,2507.170897829937,2512.063858811227,中继,RU-002
P00071,leg2-cruise,2507.170897829937,2512.063858811227,直连,
P00037,leg2-cruise,2508.095997827684,2512.698055760022,中继,RU-002
P00089,leg1-cruise,2510.452635684895,2515.172873621188,直连,
P00014,leg1-cruise,2512.063858811227,2516.956819792517,直连,
P00040,leg1-cruise,2512.063858811227,2516.956819792517,中继,RU-002
P00071,leg2-cruise,2512.063858811227,2516.956819792517,直连,
P00037,leg2-cruise,2512.698055760022,2517.300113692361,中继,RU-002
P00089,leg1-cruise,2515.172873621188,2519.89311155748,直连,
P00014,leg1-cruise,2516.956819792517,2521.849780773808,直连,
P00040,leg1-cruise,2516.956819792517,2521.849780773808,中继,RU-002
P00071,leg2-cruise,2516.956819792517,2521.849780773808,直连,
P00037,leg2-cruise,2517.300113692361,2526.504229557038,中继,RU-002
P00089,leg1-cruise,2519.89311155748,2524.613349493773,直连,
P00014,leg1-cruise,2521.849780773808,2526.742741755098,直连,
P00040,leg1-cruise,2521.849780773808,2526.742741755098,中继,RU-002
P00071,leg2-cruise,2521.849780773808,2526.742741755098,直连,
P00089,leg1-cruise,2524.613349493773,2529.333587430066,直连,
P00037,leg2-cruise,2526.504229557038,2535.708345421715,中继,RU-002
P00014,leg1-cruise,2526.742741755098,2531.635702736388,直连,
P00040,leg1-cruise,2526.742741755098,2531.635702736388,中继,RU-002
P00071,leg2-cruise,2526.742741755098,2531.635702736388,直连,
P00089,leg1-cruise,2529.333587430066,2534.053825366358,直连,
P00014,leg1-cruise,2531.635702736388,2536.528663717679,直连,
P00040,leg1-cruise,2531.635702736388,2536.528663717679,中继,RU-002
P00071,leg2-cruise,2531.635702736388,2536.528663717679,直连,
P00089,leg1-cruise,2534.053825366358,2538.774063302651,直连,
P00037,leg2-cruise,2535.708345421715,2544.912461286392,中继,RU-002
P00014,leg1-cruise,2536.528663717679,2541.421624698969,直连,
P00040,leg1-cruise,2536.528663717679,2541.421624698969,中继,RU-002
P00071,leg2-cruise,2536.528663717679,2541.421624698969,直连,
P00089,leg1-cruise,2538.774063302651,2543.494301238943,直连,
P00014,leg1-cruise,2541.421624698969,2546.31458568026,直连,
P00040,leg1-cruise,2541.421624698969,2546.31458568026,中继,RU-002
P00071,leg2-cruise,2541.421624698969,2546.31458568026,直连,
P00089,leg1-cruise,2543.494301238943,2548.214539175236,直连,
P00037,leg2-cruise,2544.912461286392,2554.116577151069,中继,RU-002
P00014,leg1-cruise,2546.31458568026,2551.20754666155,直连,
P00040,leg1-cruise,2546.31458568026,2551.20754666155,中继,RU-002
P00071,leg2-cruise,2546.31458568026,2551.20754666155,直连,
P00089,leg1-cruise,2548.214539175236,2552.934777111529,直连,
P00014,leg1-cruise,2551.20754666155,2556.100507642841,直连,
P00040,leg1-cruise,2551.20754666155,2556.100507642841,中继,RU-002
P00071,leg2-cruise,2551.20754666155,2556.100507642841,直连,
P00089,leg1-cruise,2552.934777111529,2557.655015047821,直连,
P00037,leg2-cruise,2554.116577151069,2563.320693015746,中继,RU-002
P00014,leg1-cruise,2556.100507642841,2560.993468624131,直连,
P00040,leg1-cruise,2556.100507642841,2560.993468624131,中继,RU-002
P00071,leg2-cruise,2556.100507642841,2560.993468624131,直连,
P00089,leg1-cruise,2557.655015047821,2562.375252984114,直连,
P00014,leg1-cruise,2560.993468624131,2565.886429605422,直连,
P00040,leg1-cruise,2560.993468624131,2565.886429605422,中继,RU-002
P00071,leg2-cruise,2560.993468624131,2565.886429605422,直连,
P00089,leg1-cruise,2562.375252984114,2567.095490920407,直连,
P00037,leg2-cruise,2563.320693015746,2572.524808880423,中继,RU-002
P00014,leg1-cruise,2565.886429605422,2570.779390586712,直连,
P00040,leg1-cruise,2565.886429605422,2570.779390586712,中继,RU-002
P00071,leg2-cruise,2565.886429605422,2570.779390586712,直连,
P00089,leg1-cruise,2567.095490920407,2571.815728856699,直连,
P00014,leg1-cruise,2570.779390586712,2575.672351568002,直连,
P00040,leg1-cruise,2570.779390586712,2575.672351568002,中继,RU-002
P00071,leg2-cruise,2570.779390586712,2575.672351568002,直连,
P00089,leg1-cruise,2571.815728856699,2576.535966792992,直连,
P00037,leg2-cruise,2572.524808880423,2581.7289247451,中继,RU-002
P00014,leg1-cruise,2575.672351568002,2580.565312549293,直连,
P00040,leg1-cruise,2575.672351568002,2580.565312549293,中继,RU-002
P00071,leg2-cruise,2575.672351568002,2580.565312549293,直连,
P00089,leg1-cruise,2576.535966792992,2581.256204729284,直连,
P00014,leg1-cruise,2580.565312549293,2585.458273530583,直连,
P00040,leg1-cruise,2580.565312549293,2585.458273530583,中继,RU-002
P00071,leg2-cruise,2580.565312549293,2585.458273530583,直连,
P00089,leg1-cruise,2581.256204729284,2585.976442665577,直连,
P00037,leg2-cruise,2581.7289247451,2590.933040609777,中继,RU-002
P00014,leg1-cruise,2585.458273530583,2590.351234511874,直连,
P00040,leg1-cruise,2585.458273530583,2590.351234511874,中继,RU-002
P00071,leg2-cruise,2585.458273530583,2590.351234511874,直连,
P00089,leg1-cruise,2585.976442665577,2590.69668060187,直连,
P00014,leg1-cruise,2590.351234511874,2595.244195493164,直连,
P00040,leg1-cruise,2590.351234511874,2595.244195493164,中继,RU-002
P00071,leg2-cruise,2590.351234511874,2595.244195493164,直连,
P00089,leg1-cruise,2590.69668060187,2595.416918538162,直连,
P00037,leg2-cruise,2590.933040609777,2600.137156474455,中继,RU-002
P00014,leg1-cruise,2595.244195493164,2600.137156474455,直连,
P00040,leg1-cruise,2595.244195493164,2600.137156474455,中继,RU-002
P00071,leg2-cruise,2595.244195493164,2600.137156474455,直连,
P00089,leg1-cruise,2595.416918538162,2600.137156474455,直连,
P00014,leg1-cruise,2600.137156474455,2605.028336297715,直连,
P00037,leg2-cruise,2600.137156474455,2605.084024546554,中继,RU-002
P00040,leg1-cruise,2600.137156474455,2604.593989482246,中继,RU-002
P00071,leg2-cruise,2600.137156474455,2604.868440398387,直连,
P00089,leg1-cruise,2600.137156474455,2605.084024546554,直连,
P00040,leg1-cruise,2604.593989482246,2609.050822490037,中继,RU-002
P00071,leg2-cruise,2604.868440398387,2609.59972432232,直连,
P00014,leg1-cruise,2605.028336297715,2609.919516120975,中继,RU-002
P00037,leg2-cruise,2605.084024546554,2610.030892618654,中继,RU-002
P00089,leg1-cruise,2605.084024546554,2610.030892618654,直连,
P00040,leg1-descent,2609.050822490037,2617.996247905076,中继,RU-002
P00071,leg2-cruise,2609.59972432232,2614.331008246252,直连,
P00014,leg1-cruise,2609.919516120975,2614.810695944236,中继,RU-002
P00037,leg2-cruise,2610.030892618654,2614.977760690753,中继,RU-002
P00089,leg1-cruise,2610.030892618654,2614.977760690753,直连,
P00071,leg2-cruise,2614.331008246252,2619.062292170184,直连,
P00014,leg1-cruise,2614.810695944236,2619.701875767496,中继,RU-002
P00037,leg2-cruise,2614.977760690753,2619.924628762853,中继,RU-002
P00089,leg1-cruise,2614.977760690753,2619.924628762853,直连,
P00040,leg1-descent,2617.996247905076,2626.941673320116,中继,RU-002
P00071,leg2-cruise,2619.062292170184,2623.793576094117,直连,
P00014,leg1-cruise,2619.701875767496,2624.593055590756,中继,RU-002
P00037,leg2-cruise,2619.924628762853,2624.871496834952,中继,RU-002
P00089,leg1-cruise,2619.924628762853,2624.871496834952,直连,
P00071,leg2-cruise,2623.793576094117,2628.524860018049,直连,
P00014,leg1-cruise,2624.593055590756,2629.484235414017,中继,RU-002
P00037,leg2-cruise,2624.871496834952,2629.818364907052,中继,RU-002
P00089,leg1-cruise,2624.871496834952,2629.818364907052,直连,
P00040,leg1-descent,2626.941673320116,2635.887098735154,中继,RU-002
P00071,leg2-cruise,2628.524860018049,2633.256143941981,直连,
P00014,leg1-cruise,2629.484235414017,2634.375415237277,中继,RU-002
P00037,leg2-cruise,2629.818364907052,2634.765232979151,中继,RU-002
P00089,leg1-cruise,2629.818364907052,2634.765232979151,直连,
P00071,leg2-cruise,2633.256143941981,2637.987427865914,直连,
P00014,leg1-cruise,2634.375415237277,2639.266595060537,中继,RU-002
P00037,leg2-cruise,2634.765232979151,2639.712101051251,中继,RU-002
P00089,leg1-cruise,2634.765232979151,2639.712101051251,直连,
P00040,leg1-descent,2635.887098735154,2644.832524150193,中继,RU-002
P00071,leg2-cruise,2637.987427865914,2642.718711789847,直连,
P00010,leg1-climb,2639.215708564157,2649.15125299775,直连,
P00014,leg1-cruise,2639.266595060537,2644.157774883798,中继,RU-002
P00037,leg2-cruise,2639.712101051251,2644.65896912335,中继,RU-002
P00089,leg1-cruise,2639.712101051251,2644.65896912335,直连,
P00071,leg2-cruise,2642.718711789847,2647.449995713779,直连,
P00014,leg1-cruise,2644.157774883798,2649.048954707058,中继,RU-002
P00037,leg2-cruise,2644.65896912335,2649.60583719545,中继,RU-002
P00089,leg1-cruise,2644.65896912335,2649.60583719545,直连,
P00040,leg1-descent,2644.832524150193,2653.777949565233,中继,RU-002
P00071,leg2-cruise,2647.449995713779,2652.181279637712,直连,
P00014,leg1-cruise,2649.048954707058,2653.940134530319,中继,RU-002
P00010,leg1-climb,2649.15125299775,2659.086797431344,直连,
P00037,leg2-cruise,2649.60583719545,2654.552705267549,中继,RU-002
P00089,leg1-cruise,2649.60583719545,2654.552705267549,直连,
P00071,leg2-cruise,2652.181279637712,2656.912563561644,直连,
P00040,S002-handoff,2653.777949565233,2663.41092868632,中继,RU-002
P00014,leg1-cruise,2653.940134530319,2658.831314353579,中继,RU-002
P00037,leg2-cruise,2654.552705267549,2659.499573339649,中继,RU-002
P00089,leg1-cruise,2654.552705267549,2659.499573339649,直连,
P00071,leg2-cruise,2656.912563561644,2661.643847485576,直连,
P00014,leg1-cruise,2658.831314353579,2663.72249417684,中继,RU-002
P00010,leg1-climb,2659.086797431344,2669.022341864938,直连,
P00037,leg2-cruise,2659.499573339649,2664.446441411748,中继,RU-002
P00089,leg1-cruise,2659.499573339649,2664.446441411748,直连,
P00071,leg2-cruise,2661.643847485576,2666.375131409509,直连,
P00040,S002-handoff,2663.41092868632,2673.043907807408,中继,RU-002
P00014,leg1-cruise,2663.72249417684,2668.6136740001,中继,RU-002
P00037,leg2-cruise,2664.446441411748,2669.393309483848,中继,RU-002
P00089,leg1-cruise,2664.446441411748,2669.393309483848,直连,
P00071,leg2-cruise,2666.375131409509,2671.106415333441,直连,
P00014,leg1-cruise,2668.6136740001,2673.50485382336,中继,RU-002
P00010,leg1-climb,2669.022341864938,2678.957886298532,直连,
P00037,leg2-cruise,2669.393309483848,2674.340177555947,中继,RU-002
P00089,leg1-cruise,2669.393309483848,2674.340177555947,直连,
P00071,leg2-cruise,2671.106415333441,2675.837699257374,直连,
P00040,S002-handoff,2673.043907807408,2682.676886928495,中继,RU-002
P00014,leg1-cruise,2673.50485382336,2678.396033646621,中继,RU-002
P00037,leg2-cruise,2674.340177555947,2679.287045628047,中继,RU-002
P00089,leg1-cruise,2674.340177555947,2679.287045628047,直连,
P00071,leg2-cruise,2675.837699257374,2680.568983181306,直连,
P00014,leg1-cruise,2678.396033646621,2683.287213469881,中继,RU-002
P00010,leg1-climb,2678.957886298532,2688.893430732125,直连,
P00037,leg2-cruise,2679.287045628047,2684.233913700146,中继,RU-002
P00089,leg1-cruise,2679.287045628047,2684.233913700146,直连,
P00071,leg2-cruise,2680.568983181306,2685.300267105239,直连,
P00040,S002-handoff,2682.676886928495,2692.309866049583,中继,RU-002
P00014,leg1-cruise,2683.287213469881,2688.178393293142,中继,RU-002
P00037,leg2-cruise,2684.233913700146,2689.180781772246,中继,RU-002
P00089,leg1-cruise,2684.233913700146,2689.180781772246,直连,
P00071,leg2-cruise,2685.300267105239,2690.031551029171,直连,
P00014,leg1-cruise,2688.178393293142,2693.069573116402,中继,RU-002
P00010,leg1-climb,2688.893430732125,2698.828975165719,直连,
P00037,leg2-cruise,2689.180781772246,2694.127649844345,中继,RU-002
P00089,leg1-cruise,2689.180781772246,2694.127649844345,直连,
P00071,leg2-cruise,2690.031551029171,2694.762834953103,直连,
P00040,S002-handoff,2692.309866049583,2701.94284517067,中继,RU-002
P00014,leg1-cruise,2693.069573116402,2697.960752939662,中继,RU-002
P00037,leg2-cruise,2694.127649844345,2699.074517916445,中继,RU-002
P00089,leg1-cruise,2694.127649844345,2699.074517916445,直连,
P00071,leg2-cruise,2694.762834953103,2699.494118877036,直连,
P00014,leg1-cruise,2697.960752939662,2702.851932762923,中继,RU-002
P00010,leg1-climb,2698.828975165719,2708.764519599313,直连,
P00037,leg2-cruise,2699.074517916445,2704.021385988544,中继,RU-002
P00089,leg1-cruise,2699.074517916445,2704.021385988544,直连,
P00071,leg2-cruise,2699.494118877036,2704.225402800968,直连,
P00040,S002-handoff,2701.94284517067,2711.575824291758,中继,RU-002
P00014,leg1-cruise,2702.851932762923,2707.743112586183,中继,RU-002
P00037,leg2-cruise,2704.021385988544,2708.968254060644,中继,RU-002
P00089,leg1-cruise,2704.021385988544,2708.968254060644,直连,
P00071,leg2-cruise,2704.225402800968,2708.9566867249,直连,
P00014,leg1-cruise,2707.743112586183,2712.634292409443,中继,RU-002
P00010,leg1-climb,2708.764519599313,2718.700064032907,直连,
P00071,leg2-cruise,2708.9566867249,2713.687970648833,直连,
P00037,leg2-cruise,2708.968254060644,2713.915122132743,中继,RU-002
P00089,leg1-cruise,2708.968254060644,2713.915122132743,直连,
P00040,S002-handoff,2711.575824291758,2721.208803412846,中继,RU-002
P00014,leg1-cruise,2712.634292409443,2717.525472232704,中继,RU-002
P00071,leg2-cruise,2713.687970648833,2718.419254572766,直连,
P00037,leg2-cruise,2713.915122132743,2718.861990204843,中继,RU-002
P00089,leg1-cruise,2713.915122132743,2718.861990204843,直连,
P00014,leg1-cruise,2717.525472232704,2722.416652055964,中继,RU-002
P00071,leg2-cruise,2718.419254572766,2723.150538496698,直连,
P00010,leg1-cruise,2718.700064032907,2723.655928003447,直连,
P00037,leg2-cruise,2718.861990204843,2723.808858276942,中继,RU-002
P00089,leg1-cruise,2718.861990204843,2723.808858276942,直连,
P00040,S002-handoff,2721.208803412846,2730.841782533933,中继,RU-002
P00014,leg1-cruise,2722.416652055964,2727.307831879225,中继,RU-002
P00071,leg2-descent,2723.150538496698,2732.567769275136,直连,
P00010,leg1-cruise,2723.655928003447,2728.611791973987,直连,
P00037,leg2-cruise,2723.808858276942,2728.755726349042,中继,RU-002
P00089,leg1-cruise,2723.808858276942,2728.755726349042,直连,
P00014,leg1-descent,2727.307831879225,2735.73835352636,中继,RU-002
P00010,leg1-cruise,2728.611791973987,2733.567655944527,直连,
P00037,leg2-cruise,2728.755726349042,2733.702594421141,中继,RU-002
P00089,leg1-cruise,2728.755726349042,2733.702594421141,直连,
P00040,S002-handoff,2730.841782533933,2740.474761655021,中继,RU-002
P00071,leg2-descent,2732.567769275136,2741.985000053573,直连,
P00010,leg1-cruise,2733.567655944527,2738.523519915068,直连,
P00037,leg2-cruise,2733.702594421141,2738.649462493241,中继,RU-002
P00089,leg1-cruise,2733.702594421141,2738.649462493241,直连,
P00014,leg1-descent,2735.73835352636,2744.168875173496,中继,RU-002
P00010,leg1-cruise,2738.523519915068,2743.479383885609,直连,
P00037,leg2-cruise,2738.649462493241,2743.59633056534,中继,RU-002
P00089,leg1-cruise,2738.649462493241,2743.59633056534,直连,
P00040,S002-handoff,2740.474761655021,2750.107740776108,中继,RU-002
P00071,leg2-descent,2741.985000053573,2751.40223083201,直连,
P00028,leg1-climb,2743.118563302327,2752.373856473799,直连,
P00010,leg1-cruise,2743.479383885609,2748.435247856149,直连,
P00037,leg2-cruise,2743.59633056534,2748.54319863744,中继,RU-002
P00089,leg1-cruise,2743.59633056534,2748.54319863744,直连,
P00014,leg1-descent,2744.168875173496,2752.599396820631,中继,RU-002
P00010,leg1-cruise,2748.435247856149,2753.39111182669,直连,
P00037,leg2-cruise,2748.54319863744,2753.490066709539,中继,RU-002
P00089,leg1-cruise,2748.54319863744,2753.490066709539,直连,
P00040,S002-handoff,2750.107740776108,2759.740719897196,中继,RU-002
P00071,leg2-descent,2751.40223083201,2760.819461610447,直连,
P00028,leg1-climb,2752.373856473799,2761.629149645272,直连,
P00014,S009-handoff,2752.599396820631,2761.817099934298,中继,RU-002
P00010,leg1-cruise,2753.39111182669,2758.34697579723,直连,
P00037,leg2-cruise,2753.490066709539,2758.436934781639,中继,RU-002
P00089,leg1-cruise,2753.490066709539,2758.436934781639,直连,
P00032,leg1-climb,2757.607637684634,2767.298078358462,直连,
P00010,leg1-cruise,2758.34697579723,2763.30283976777,直连,
P00037,leg2-cruise,2758.436934781639,2763.383802853738,中继,RU-002
P00089,leg1-cruise,2758.436934781639,2763.383802853738,直连,
P00040,S002-handoff,2759.740719897196,2769.373699018283,中继,RU-002
P00071,leg2-descent,2760.819461610447,2770.236692388884,直连,
P00028,leg1-climb,2761.629149645272,2770.884442816744,直连,
P00014,S009-handoff,2761.817099934298,2771.034803047965,中继,RU-002
P00010,leg1-cruise,2763.30283976777,2768.25870373831,直连,
P00037,leg2-cruise,2763.383802853738,2768.330670925838,中继,RU-002
P00089,leg1-cruise,2763.383802853738,2768.330670925838,直连,
P00032,leg1-climb,2767.298078358462,2776.98851903229,直连,
P00010,leg1-cruise,2768.25870373831,2773.214567708851,直连,
P00037,leg2-cruise,2768.330670925838,2773.277538997937,中继,RU-002
P00089,leg1-cruise,2768.330670925838,2773.277538997937,直连,
P00040,S002-handoff,2769.373699018283,2779.006678139371,中继,RU-002
P00071,leg2-descent,2770.236692388884,2779.653923167322,直连,
P00028,leg1-climb,2770.884442816744,2780.139735988217,直连,
P00014,S009-handoff,2771.034803047965,2780.252506161632,中继,RU-002
P00010,leg1-cruise,2773.214567708851,2778.170431679391,直连,
P00037,leg2-cruise,2773.277538997937,2778.224407070037,中继,RU-002
P00089,leg1-cruise,2773.277538997937,2778.224407070037,直连,
P00032,leg1-climb,2776.98851903229,2786.678959706118,直连,
P00010,leg1-cruise,2778.170431679391,2783.126295649932,直连,
P00037,leg2-cruise,2778.224407070037,2783.171275142136,中继,RU-002
P00089,leg1-cruise,2778.224407070037,2783.171275142136,直连,
P00040,S002-handoff,2779.006678139371,2788.639657260459,中继,RU-002
P00071,leg2-descent,2779.653923167322,2789.071153945759,直连,
P00028,leg1-climb,2780.139735988217,2789.395029159689,直连,
P00014,S009-handoff,2780.252506161632,2789.4702092753,中继,RU-002
P00010,leg1-cruise,2783.126295649932,2788.082159620472,直连,
P00037,leg2-cruise,2783.171275142136,2788.118143214236,中继,RU-002
P00089,leg1-cruise,2783.171275142136,2788.118143214236,直连,
P00032,leg1-climb,2786.678959706118,2796.369400379946,直连,
P00010,leg1-cruise,2788.082159620472,2793.038023591012,直连,
P00037,leg2-cruise,2788.118143214236,2793.065011286335,中继,RU-002
P00089,leg1-cruise,2788.118143214236,2793.065011286335,直连,
P00040,S002-handoff,2788.639657260459,2798.272636381546,中继,RU-002
P00071,leg2-descent,2789.071153945759,2798.488384724196,直连,
P00028,leg1-climb,2789.395029159689,2798.650322331162,直连,
P00014,S009-handoff,2789.4702092753,2798.687912388967,中继,RU-002
P00010,leg1-cruise,2793.038023591012,2797.993887561553,直连,
P00037,leg2-cruise,2793.065011286335,2798.011879358435,中继,RU-002
P00089,leg1-cruise,2793.065011286335,2798.011879358435,直连,
P00032,leg1-climb,2796.369400379946,2806.059841053774,直连,
P00010,leg1-cruise,2797.993887561553,2802.949751532094,直连,
P00037,leg2-cruise,2798.011879358435,2802.958747430534,中继,RU-002
P00089,leg1-cruise,2798.011879358435,2802.958747430534,直连,
P00040,S002-handoff,2798.272636381546,2807.905615502634,中继,RU-002
P00071,leg2-descent,2798.488384724196,2807.905615502634,直连,
P00028,leg1-climb,2798.650322331162,2807.905615502634,直连,
P00014,S009-handoff,2798.687912388967,2807.905615502634,中继,RU-002
P00010,leg1-cruise,2802.949751532094,2807.905615502634,直连,
P00037,leg2-cruise,2802.958747430534,2807.905615502634,直连,
P00089,leg1-cruise,2802.958747430534,2807.905615502634,直连,
P00032,leg1-cruise,2806.059841053774,2807.905615502634,直连,
P00010,leg1-cruise,2807.905615502634,2814.707844905814,直连,
P00014,S009-handoff,2807.905615502634,2814.707844905814,中继,RU-002
P00028,leg1-climb,2807.905615502634,2814.707844905814,直连,
P00032,leg1-cruise,2807.905615502634,2814.707844905814,直连,
P00037,leg2-cruise,2807.905615502634,2814.707844905814,直连,
P00040,S002-handoff,2807.905615502634,2814.707844905814,中继,RU-002
P00071,leg2-descent,2807.905615502634,2814.707844905814,直连,
P00089,leg1-cruise,2807.905615502634,2814.707844905814,直连,
P00010,leg1-cruise,2814.707844905814,2821.510074308993,直连,
P00014,S009-handoff,2814.707844905814,2821.510074308993,中继,RU-002
P00028,leg1-climb,2814.707844905814,2821.510074308993,直连,
P00032,leg1-cruise,2814.707844905814,2821.510074308993,直连,
P00037,leg2-cruise,2814.707844905814,2821.510074308993,直连,
P00040,S002-handoff,2814.707844905814,2821.510074308993,中继,RU-002
P00071,leg2-descent,2814.707844905814,2821.510074308993,直连,
P00089,leg1-cruise,2814.707844905814,2821.510074308993,直连,
P00010,leg1-cruise,2821.510074308993,2826.274838074087,直连,
P00014,S009-handoff,2821.510074308993,2831.03960183918,中继,RU-002
P00028,leg1-climb,2821.510074308993,2824.855007394124,直连,
P00032,leg1-cruise,2821.510074308993,2831.03960183918,直连,
P00037,leg2-cruise,2821.510074308993,2831.03960183918,直连,
P00040,S002-handoff,2821.510074308993,2831.03960183918,中继,RU-002
P00071,leg2-descent,2821.510074308993,2829.781767124166,直连,
P00089,leg1-cruise,2821.510074308993,2826.437622073129,中继,RU-001
P00028,leg1-cruise,2824.855007394124,2829.825924307386,直连,
P00010,leg1-cruise,2826.274838074087,2831.03960183918,直连,
P00089,leg1-cruise,2826.437622073129,2831.365169837266,中继,RU-001
P00071,leg2-descent,2829.781767124166,2838.053459939338,直连,
P00028,leg1-cruise,2829.825924307386,2834.796841220648,直连,
P00010,leg1-cruise,2831.03960183918,2835.804365604274,直连,
P00014,S009-handoff,2831.03960183918,2840.569129369367,中继,RU-002
P00032,leg1-cruise,2831.03960183918,2840.569129369367,直连,
P00037,leg2-cruise,2831.03960183918,2840.569129369367,直连,
P00040,S002-handoff,2831.03960183918,2840.569129369367,中继,RU-002
P00089,leg1-cruise,2831.365169837266,2836.292717601401,中继,RU-001
P00028,leg1-cruise,2834.796841220648,2839.76775813391,直连,
P00010,leg1-cruise,2835.804365604274,2840.569129369367,直连,
P00089,leg1-cruise,2836.292717601401,2841.220265365537,中继,RU-001
P00071,leg2-descent,2838.053459939338,2846.325152754511,直连,
P00028,leg1-cruise,2839.76775813391,2844.738675047172,直连,
P00010,leg1-cruise,2840.569129369367,2845.333893134461,直连,
P00014,S009-handoff,2840.569129369367,2850.098656899554,中继,RU-002
P00032,leg1-cruise,2840.569129369367,2850.098656899554,直连,
P00037,leg2-cruise,2840.569129369367,2850.098656899554,直连,
P00040,S002-handoff,2840.569129369367,2850.098656899554,中继,RU-002
P00089,leg1-cruise,2841.220265365537,2846.147813129674,中继,RU-001
P00028,leg1-cruise,2844.738675047172,2849.709591960434,直连,
P00010,leg1-cruise,2845.333893134461,2850.098656899554,直连,
P00089,leg1-cruise,2846.147813129674,2851.075360893809,中继,RU-001
P00028,leg1-cruise,2849.709591960434,2854.680508873696,直连,
P00010,leg1-cruise,2850.098656899554,2854.863420664647,直连,
P00014,S009-handoff,2850.098656899554,2859.628184429741,中继,RU-002
P00032,leg1-cruise,2850.098656899554,2859.628184429741,直连,
P00037,leg2-cruise,2850.098656899554,2859.628184429741,直连,
P00040,S002-handoff,2850.098656899554,2859.628184429741,中继,RU-002
P00089,leg1-cruise,2851.075360893809,2856.002908657945,中继,RU-001
P00028,leg1-cruise,2854.680508873696,2859.651425786958,直连,
P00010,leg1-cruise,2854.863420664647,2859.628184429741,直连,
P00089,leg1-cruise,2856.002908657945,2860.930456422081,中继,RU-001
P00010,leg1-cruise,2859.628184429741,2864.392948194834,直连,
P00014,S009-handoff,2859.628184429741,2869.157711959928,中继,RU-002
P00032,leg1-cruise,2859.628184429741,2869.157711959928,直连,
P00037,leg2-cruise,2859.628184429741,2869.157711959928,直连,
P00040,S002-handoff,2859.628184429741,2869.157711959928,中继,RU-002
P00028,leg1-cruise,2859.651425786958,2864.62234270022,直连,
P00089,leg1-cruise,2860.930456422081,2865.858004186217,中继,RU-001
P00010,leg1-cruise,2864.392948194834,2869.157711959928,直连,
P00028,leg1-cruise,2864.62234270022,2869.593259613482,直连,
P00089,leg1-cruise,2865.858004186217,2870.785551950353,中继,RU-001
P00010,leg1-cruise,2869.157711959928,2873.922475725022,直连,
P00014,S009-handoff,2869.157711959928,2878.687239490115,中继,RU-002
P00032,leg1-cruise,2869.157711959928,2878.687239490115,直连,
P00037,leg2-cruise,2869.157711959928,2878.687239490115,直连,
P00040,S002-handoff,2869.157711959928,2878.687239490115,中继,RU-002
P00028,leg1-cruise,2869.593259613482,2874.564176526744,直连,
P00089,leg1-cruise,2870.785551950353,2875.71309971449,中继,RU-001
P00010,leg1-cruise,2873.922475725022,2878.687239490115,直连,
P00028,leg1-cruise,2874.564176526744,2879.535093440006,直连,
P00089,leg1-cruise,2875.71309971449,2880.640647478625,中继,RU-001
P00010,leg1-cruise,2878.687239490115,2883.452003255209,直连,
P00014,S009-handoff,2878.687239490115,2888.216767020302,中继,RU-002
P00032,leg1-cruise,2878.687239490115,2888.216767020302,直连,
P00037,leg2-cruise,2878.687239490115,2888.216767020302,直连,
P00040,S002-handoff,2878.687239490115,2888.216767020302,中继,RU-002
P00028,leg1-cruise,2879.535093440006,2884.506010353268,直连,
P00089,leg1-cruise,2880.640647478625,2885.568195242761,中继,RU-001
P00010,leg1-cruise,2883.452003255209,2888.216767020302,直连,
P00028,leg1-cruise,2884.506010353268,2889.47692726653,直连,
P00089,leg1-cruise,2885.568195242761,2890.495743006897,中继,RU-001
P00010,leg1-cruise,2888.216767020302,2892.981530785396,直连,
P00014,S009-handoff,2888.216767020302,2897.746294550489,中继,RU-002
P00032,leg1-cruise,2888.216767020302,2897.746294550489,直连,
P00037,leg2-cruise,2888.216767020302,2897.746294550489,直连,
P00040,S002-handoff,2888.216767020302,2897.746294550489,中继,RU-002
P00028,leg1-cruise,2889.47692726653,2894.447844179792,直连,
P00089,leg1-cruise,2890.495743006897,2895.423290771033,中继,RU-001
P00010,leg1-cruise,2892.981530785396,2897.746294550489,直连,
P00028,leg1-cruise,2894.447844179792,2899.418761093054,直连,
P00089,leg1-cruise,2895.423290771033,2900.350838535169,中继,RU-001
P00010,leg1-cruise,2897.746294550489,2902.511058315582,直连,
P00014,S009-handoff,2897.746294550489,2907.275822080676,中继,RU-002
P00032,leg1-cruise,2897.746294550489,2907.275822080676,直连,
P00037,leg2-cruise,2897.746294550489,2907.275822080676,直连,
P00040,S002-handoff,2897.746294550489,2907.275822080676,中继,RU-002
P00028,leg1-cruise,2899.418761093054,2904.389678006316,直连,
P00089,leg1-descent,2900.350838535169,2909.847203281263,中继,RU-001
P00010,leg1-cruise,2902.511058315582,2907.275822080676,直连,
P00028,leg1-cruise,2904.389678006316,2909.360594919578,直连,
P00010,leg1-cruise,2907.275822080676,2912.040585845769,直连,
P00014,S009-handoff,2907.275822080676,2916.805349610863,中继,RU-002
P00032,leg1-cruise,2907.275822080676,2916.805349610863,直连,
P00037,leg2-cruise,2907.275822080676,2916.805349610863,直连,
P00040,S002-handoff,2907.275822080676,2916.805349610863,中继,RU-002
P00028,leg1-cruise,2909.360594919578,2914.33151183284,直连,
P00089,leg1-descent,2909.847203281263,2919.343568027357,中继,RU-001
P00010,leg1-cruise,2912.040585845769,2916.805349610863,直连,
P00028,leg1-cruise,2914.33151183284,2919.302428746102,直连,
P00010,leg1-cruise,2916.805349610863,2921.570113375956,直连,
P00014,S009-handoff,2916.805349610863,2926.33487714105,中继,RU-002
P00032,leg1-cruise,2916.805349610863,2926.33487714105,直连,
P00037,leg2-cruise,2916.805349610863,2926.33487714105,直连,
P00040,S002-handoff,2916.805349610863,2926.33487714105,中继,RU-002
P00028,leg1-cruise,2919.302428746102,2924.273345659364,直连,
P00089,S013-handoff,2919.343568027357,2928.450059154795,中继,RU-001
P00010,leg1-cruise,2921.570113375956,2926.33487714105,直连,
P00028,leg1-cruise,2924.273345659364,2929.244262572626,直连,
P00010,leg1-cruise,2926.33487714105,2931.099640906144,直连,
P00014,S009-handoff,2926.33487714105,2935.864404671237,中继,RU-002
P00032,leg1-cruise,2926.33487714105,2935.864404671237,直连,
P00037,leg2-cruise,2926.33487714105,2935.864404671237,直连,
P00040,S002-handoff,2926.33487714105,2935.864404671237,中继,RU-002
P00089,S013-handoff,2928.450059154795,2937.556550282233,中继,RU-001
P00028,leg1-cruise,2929.244262572626,2934.215179485888,直连,
P00010,leg1-cruise,2931.099640906144,2935.864404671237,直连,
P00028,leg1-cruise,2934.215179485888,2939.18609639915,直连,
P00010,leg1-cruise,2935.864404671237,2940.62916843633,直连,
P00014,S009-handoff,2935.864404671237,2945.393932201424,中继,RU-002
P00032,leg1-cruise,2935.864404671237,2945.393932201424,直连,
P00037,leg2-cruise,2935.864404671237,2945.393932201424,直连,
P00040,S002-handoff,2935.864404671237,2945.393932201424,中继,RU-002
P00089,S013-handoff,2937.556550282233,2946.663041409671,中继,RU-001
P00028,leg1-cruise,2939.18609639915,2944.157013312412,直连,
P00010,leg1-cruise,2940.62916843633,2945.393932201424,直连,
P00028,leg1-cruise,2944.157013312412,2949.127930225674,直连,
P00010,leg1-cruise,2945.393932201424,2950.158695966517,直连,
P00014,S009-handoff,2945.393932201424,2954.923459731611,中继,RU-002
P00032,leg1-cruise,2945.393932201424,2954.923459731611,直连,
P00037,leg2-cruise,2945.393932201424,2954.923459731611,直连,
P00040,S002-handoff,2945.393932201424,2954.923459731611,中继,RU-002
P00089,S013-handoff,2946.663041409671,2955.769532537109,中继,RU-001
P00028,leg1-cruise,2949.127930225674,2954.098847138936,直连,
P00010,leg1-cruise,2950.158695966517,2954.923459731611,直连,
P00028,leg1-cruise,2954.098847138936,2959.069764052198,直连,
P00010,leg1-cruise,2954.923459731611,2959.688223496704,直连,
P00014,S009-handoff,2954.923459731611,2964.452987261798,中继,RU-002
P00032,leg1-cruise,2954.923459731611,2964.452987261798,直连,
P00037,leg2-cruise,2954.923459731611,2964.452987261798,直连,
P00040,S002-handoff,2954.923459731611,2964.452987261798,中继,RU-002
P00089,S013-handoff,2955.769532537109,2964.876023664547,中继,RU-001
P00028,leg1-cruise,2959.069764052198,2964.040680965461,直连,
P00010,leg1-cruise,2959.688223496704,2964.452987261798,直连,
P00028,leg1-cruise,2964.040680965461,2969.011597878723,直连,
P00010,leg1-cruise,2964.452987261798,2969.217751026891,直连,
P00014,S009-handoff,2964.452987261798,2973.982514791985,中继,RU-002
P00032,leg1-cruise,2964.452987261798,2973.982514791985,直连,
P00037,leg2-cruise,2964.452987261798,2973.982514791985,直连,
P00040,S002-handoff,2964.452987261798,2973.982514791985,中继,RU-002
P00089,S013-handoff,2964.876023664547,2973.982514791985,中继,RU-001
P00028,leg1-cruise,2969.011597878723,2973.982514791985,直连,
P00010,leg1-cruise,2969.217751026891,2978.891792691198,直连,
P00014,S009-handoff,2973.982514791985,2983.290955806307,中继,RU-002
P00028,leg1-cruise,2973.982514791985,2978.837256296732,直连,
P00032,leg1-cruise,2973.982514791985,2983.689359620044,直连,
P00037,leg2-cruise,2973.982514791985,2983.69199780148,直连,
P00040,S002-handoff,2973.982514791985,2983.456944138641,中继,RU-002
P00089,S013-handoff,2973.982514791985,2983.69199780148,中继,RU-001
P00028,leg1-cruise,2978.837256296732,2983.69199780148,直连,
P00010,leg1-cruise,2978.891792691198,2983.801070590411,中继,RU-002
P00014,S009-handoff,2983.290955806307,2992.599396820631,中继,RU-002
P00040,S002-handoff,2983.456944138641,2992.931373485297,中继,RU-002
P00032,leg1-cruise,2983.689359620044,2993.396204448103,直连,
P00028,leg1-cruise,2983.69199780148,2988.546739306228,直连,
P00037,leg2-cruise,2983.69199780148,2993.401480810976,直连,
P00089,S013-handoff,2983.69199780148,2993.401480810976,中继,RU-001
P00010,leg1-cruise,2983.801070590411,2988.710348489624,中继,RU-002
P00028,leg1-cruise,2988.546739306228,2993.401480810976,直连,
P00010,leg1-cruise,2988.710348489624,2993.619626388837,中继,RU-002
P00014,leg2-climb,2992.599396820631,2999.624831526577,中继,RU-002
P00040,S002-handoff,2992.931373485297,3002.405802831953,中继,RU-002
P00032,leg1-cruise,2993.396204448103,3003.103049276162,直连,
P00028,leg1-cruise,2993.401480810976,2998.256222315724,直连,
P00037,leg2-cruise,2993.401480810976,3003.110963820472,直连,
P00089,S013-handoff,2993.401480810976,3003.110963820472,中继,RU-001
P00010,leg1-cruise,2993.619626388837,2998.528904288049,中继,RU-002
P00028,leg1-cruise,2998.256222315724,3003.110963820472,直连,
P00010,leg1-cruise,2998.528904288049,3003.438182187263,中继,RU-002
P00014,leg2-climb,2999.624831526577,3006.650266232523,中继,RU-002
P00040,S002-handoff,3002.405802831953,3011.880232178609,中继,RU-002
P00032,leg1-cruise,3003.103049276162,3012.809894104221,直连,
P00028,leg1-cruise,3003.110963820472,3007.965705325219,直连,
P00037,leg2-cruise,3003.110963820472,3012.820446829967,直连,
P00089,S013-handoff,3003.110963820472,3012.820446829967,中继,RU-001
P00010,leg1-cruise,3003.438182187263,3008.347460086476,中继,RU-002
P00014,leg2-climb,3006.650266232523,3013.675700938469,中继,RU-002
P00028,leg1-cruise,3007.965705325219,3012.820446829967,直连,
P00010,leg1-cruise,3008.347460086476,3013.256737985689,中继,RU-002
P00040,S002-handoff,3011.880232178609,3021.354661525264,中继,RU-002
P00032,leg1-cruise,3012.809894104221,3022.51673893228,直连,
P00028,leg1-cruise,3012.820446829967,3017.675188334715,直连,
P00037,leg2-cruise,3012.820446829967,3022.529929839463,直连,
P00089,S013-handoff,3012.820446829967,3022.529929839463,中继,RU-001
P00010,leg1-cruise,3013.256737985689,3018.166015884902,中继,RU-002
P00014,leg2-cruise,3013.675700938469,3018.487679737792,中继,RU-002
P00028,leg1-cruise,3017.675188334715,3022.529929839463,直连,
P00010,leg1-cruise,3018.166015884902,3023.075293784115,中继,RU-002
P00014,leg2-cruise,3018.487679737792,3023.299658537115,中继,RU-002
P00040,S002-handoff,3021.354661525264,3030.82909087192,中继,RU-002
P00032,leg1-cruise,3022.51673893228,3032.223583760339,直连,
P00028,leg1-cruise,3022.529929839463,3027.384671344211,直连,
P00037,leg2-cruise,3022.529929839463,3032.239412848959,直连,
P00089,S013-handoff,3022.529929839463,3032.239412848959,中继,RU-001
P00010,leg1-cruise,3023.075293784115,3027.984571683328,中继,RU-002
P00014,leg2-cruise,3023.299658537115,3028.111637336438,中继,RU-002
P00028,leg1-cruise,3027.384671344211,3032.239412848959,直连,
P00010,leg1-cruise,3027.984571683328,3032.893849582541,中继,RU-002
P00014,leg2-cruise,3028.111637336438,3032.92361613576,中继,RU-002
P00040,S002-handoff,3030.82909087192,3040.303520218577,中继,RU-002
P00032,leg1-cruise,3032.223583760339,3041.930428588398,直连,
P00028,leg1-cruise,3032.239412848959,3037.094154353706,直连,
P00037,leg2-cruise,3032.239412848959,3041.948895858454,直连,
P00089,S013-handoff,3032.239412848959,3041.948895858454,中继,RU-001
P00010,leg1-cruise,3032.893849582541,3037.803127481754,中继,RU-002
P00014,leg2-cruise,3032.92361613576,3037.735594935083,中继,RU-002
P00028,leg1-cruise,3037.094154353706,3041.948895858454,直连,
P00014,leg2-cruise,3037.735594935083,3042.547573734405,中继,RU-002
P00010,leg1-cruise,3037.803127481754,3042.712405380967,中继,RU-002
P00040,S002-handoff,3040.303520218577,3049.777949565233,中继,RU-002
P00032,leg1-cruise,3041.930428588398,3051.637273416457,直连,
P00028,leg1-cruise,3041.948895858454,3046.803637363202,直连,
P00037,leg2-cruise,3041.948895858454,3051.65837886795,直连,
P00089,S013-handoff,3041.948895858454,3051.65837886795,中继,RU-001
P00014,leg2-cruise,3042.547573734405,3047.359552533728,中继,RU-002
P00010,leg1-cruise,3042.712405380967,3047.62168328018,中继,RU-002
P00028,leg1-cruise,3046.803637363202,3051.65837886795,直连,
P00014,leg2-cruise,3047.359552533728,3052.171531333051,中继,RU-002
P00010,leg1-cruise,3047.62168328018,3052.530961179393,中继,RU-002
P00040,leg2-climb,3049.777949565233,3058.723374980272,中继,RU-002
P00032,leg1-cruise,3051.637273416457,3061.344118244516,直连,
P00028,leg1-cruise,3051.65837886795,3056.513120372698,直连,
P00037,leg2-cruise,3051.65837886795,3061.367861877446,直连,
P00089,S013-handoff,3051.65837886795,3061.367861877446,中继,RU-001
P00014,leg2-cruise,3052.171531333051,3056.983510132374,中继,RU-002
P00010,leg1-cruise,3052.530961179393,3057.440239078606,中继,RU-002
P00028,leg1-cruise,3056.513120372698,3061.367861877446,直连,
P00014,leg2-cruise,3056.983510132374,3061.795488931697,中继,RU-002
P00010,leg1-cruise,3057.440239078606,3062.349516977819,中继,RU-002
P00040,leg2-climb,3058.723374980272,3067.66880039531,中继,RU-002
P00032,leg1-descent,3061.344118244516,3070.249779255259,直连,
P00028,leg1-cruise,3061.367861877446,3066.222603382193,直连,
P00037,leg2-cruise,3061.367861877446,3071.077344886941,直连,
P00089,S013-handoff,3061.367861877446,3071.077344886941,中继,RU-001
P00014,leg2-cruise,3061.795488931697,3066.607467731019,中继,RU-002
P00010,leg1-cruise,3062.349516977819,3067.258794877032,中继,RU-002
P00028,leg1-cruise,3066.222603382193,3071.077344886941,直连,
P00014,leg2-cruise,3066.607467731019,3071.419446530342,中继,RU-002
P00010,leg1-cruise,3067.258794877032,3072.168072776245,中继,RU-002
P00040,leg2-climb,3067.66880039531,3076.61422581035,中继,RU-002
P00032,leg1-descent,3070.249779255259,3079.155440266,直连,
P00028,leg1-cruise,3071.077344886941,3075.932086391689,直连,
P00037,leg2-cruise,3071.077344886941,3080.786827896437,直连,
P00089,S013-handoff,3071.077344886941,3080.786827896437,中继,RU-001
P00014,leg2-cruise,3071.419446530342,3076.231425329665,中继,RU-002
P00010,leg1-descent,3072.168072776245,3081.604873813415,中继,RU-002
P00028,leg1-cruise,3075.932086391689,3080.786827896437,直连,
P00014,leg2-cruise,3076.231425329665,3081.043404128988,中继,RU-002
P00040,leg2-climb,3076.61422581035,3085.559651225389,中继,RU-002
P00032,leg1-descent,3079.155440266,3088.061101276743,直连,
P00028,leg1-cruise,3080.786827896437,3085.641569401185,直连,
P00037,leg2-cruise,3080.786827896437,3090.496310905933,直连,
P00089,S013-handoff,3080.786827896437,3090.496310905933,中继,RU-001
P00014,leg2-cruise,3081.043404128988,3085.85538292831,中继,RU-002
P00010,leg1-descent,3081.604873813415,3091.041674850585,中继,RU-002
P00040,leg2-cruise,3085.559651225389,3089.618922175311,中继,RU-002
P00028,leg1-cruise,3085.641569401185,3090.496310905933,直连,
P00014,leg2-cruise,3085.85538292831,3090.667361727633,中继,RU-002
P00032,leg1-descent,3088.061101276743,3096.966762287485,直连,
P00040,leg2-cruise,3089.618922175311,3093.678193125234,中继,RU-002
P00028,leg1-cruise,3090.496310905933,3095.35105241068,直连,
P00037,leg2-cruise,3090.496310905933,3100.205793915428,直连,
P00089,S013-handoff,3090.496310905933,3100.205793915428,中继,RU-001
P00014,leg2-cruise,3090.667361727633,3095.479340526956,中继,RU-002
P00010,leg1-descent,3091.041674850585,3100.478475887754,中继,RU-002
P00040,leg2-cruise,3093.678193125234,3097.737464075156,中继,RU-002
P00028,leg1-cruise,3095.35105241068,3100.205793915428,直连,
P00014,leg2-cruise,3095.479340526956,3100.291319326278,中继,RU-002
P00032,S001-handoff,3096.966762287485,3103.441019606204,直连,
P00040,leg2-cruise,3097.737464075156,3101.796735025079,中继,RU-002
P00028,leg1-cruise,3100.205793915428,3105.060535420176,直连,
P00037,leg2-cruise,3100.205793915428,3109.915276924924,直连,
P00089,S013-handoff,3100.205793915428,3109.915276924924,中继,RU-001
P00014,leg2-cruise,3100.291319326278,3105.103298125601,中继,RU-002
P00010,leg1-descent,3100.478475887754,3109.915276924924,中继,RU-002
P00040,leg2-cruise,3101.796735025079,3105.856005975002,中继,RU-002
P00032,S001-handoff,3103.441019606204,3109.915276924924,直连,
P00028,leg1-cruise,3105.060535420176,3109.915276924924,直连,
P00014,leg2-cruise,3105.103298125601,3109.915276924924,中继,RU-002
P00040,leg2-cruise,3105.856005975002,3109.915276924924,中继,RU-002
P00010,leg1-descent,3109.915276924924,3119.234690320677,中继,RU-002
P00014,leg2-cruise,3109.915276924924,3117.648051779503,中继,RU-002
P00028,leg1-cruise,3109.915276924924,3117.648051779503,中继,RU-002
P00032,S001-handoff,3109.915276924924,3117.648051779503,直连,
P00037,leg2-cruise,3109.915276924924,3118.808908973752,直连,
P00040,leg2-cruise,3109.915276924924,3117.648051779503,中继,RU-002
P00089,S013-handoff,3109.915276924924,3119.62942247614,中继,RU-001
P00014,leg2-cruise,3117.648051779503,3125.380826634082,中继,RU-002
P00028,leg1-cruise,3117.648051779503,3125.380826634082,中继,RU-002
P00032,S001-handoff,3117.648051779503,3125.380826634082,直连,
P00040,leg2-cruise,3117.648051779503,3125.380826634082,中继,RU-002
P00037,leg2-cruise,3118.808908973752,3127.702541022581,直连,
P00010,leg1-descent,3119.234690320677,3128.55410371643,中继,RU-002
P00089,S013-handoff,3119.62942247614,3129.343568027357,中继,RU-001
P00014,leg2-cruise,3125.380826634082,3133.113601488661,中继,RU-002
P00028,leg1-cruise,3125.380826634082,3133.113601488661,中继,RU-002
P00032,S001-handoff,3125.380826634082,3133.113601488661,直连,
P00040,leg2-cruise,3125.380826634082,3133.113601488661,中继,RU-002
P00037,leg2-descent,3127.702541022581,3134.27445868291,直连,
P00010,leg1-descent,3128.55410371643,3137.873517112183,中继,RU-002
P00089,leg2-climb,3129.343568027357,3135.094972185298,中继,RU-001
P00014,leg2-cruise,3133.113601488661,3140.846376343239,直连,
P00028,leg1-cruise,3133.113601488661,3140.846376343239,中继,RU-002
P00032,S001-handoff,3133.113601488661,3140.846376343239,直连,
P00040,leg2-cruise,3133.113601488661,3140.846376343239,中继,RU-002
P00037,leg2-descent,3134.27445868291,3140.846376343239,直连,
P00089,leg2-climb,3135.094972185298,3140.846376343239,中继,RU-001
P00010,S005-handoff,3137.873517112183,3150.086957508474,中继,RU-002
P00014,leg2-cruise,3140.846376343239,3145.466666925857,直连,
P00028,leg1-cruise,3140.846376343239,3145.466666925857,中继,RU-002
P00032,S001-handoff,3140.846376343239,3150.086957508474,直连,
P00037,leg2-descent,3140.846376343239,3150.739354066489,直连,
P00040,leg2-cruise,3140.846376343239,3145.466666925857,中继,RU-002
P00089,leg2-climb,3140.846376343239,3145.17084260418,中继,RU-001
P00089,leg2-cruise,3145.17084260418,3150.098390368316,中继,RU-001
P00014,leg2-cruise,3145.466666925857,3150.086957508474,直连,
P00028,leg1-cruise,3145.466666925857,3150.086957508474,中继,RU-002
P00040,leg2-cruise,3145.466666925857,3150.086957508474,中继,RU-002
P00010,S005-handoff,3150.086957508474,3159.32753867371,中继,RU-002
P00014,leg2-cruise,3150.086957508474,3154.707248091092,直连,
P00028,leg1-cruise,3150.086957508474,3154.707248091092,中继,RU-002
P00032,S001-handoff,3150.086957508474,3159.32753867371,直连,
P00040,leg2-cruise,3150.086957508474,3154.707248091092,中继,RU-002
P00089,leg2-cruise,3150.098390368316,3155.025938132452,中继,RU-001
P00037,leg2-descent,3150.739354066489,3160.632331789739,直连,
P00014,leg2-cruise,3154.707248091092,3159.32753867371,直连,
P00028,leg1-cruise,3154.707248091092,3159.32753867371,中继,RU-002
P00040,leg2-cruise,3154.707248091092,3159.32753867371,中继,RU-002
P00089,leg2-cruise,3155.025938132452,3159.953485896588,中继,RU-001
P00010,S005-handoff,3159.32753867371,3168.568119838945,中继,RU-002
P00014,leg2-cruise,3159.32753867371,3163.947829256327,直连,
P00028,leg1-cruise,3159.32753867371,3163.947829256327,中继,RU-002
P00032,S001-handoff,3159.32753867371,3168.568119838945,直连,
P00040,leg2-cruise,3159.32753867371,3163.947829256327,中继,RU-002
P00089,leg2-cruise,3159.953485896588,3164.881033660724,中继,RU-001
P00037,leg2-descent,3160.632331789739,3170.525309512988,直连,
P00014,leg2-cruise,3163.947829256327,3168.568119838945,直连,
P00028,leg1-cruise,3163.947829256327,3168.568119838945,中继,RU-002
P00040,leg2-cruise,3163.947829256327,3168.568119838945,中继,RU-002
P00089,leg2-cruise,3164.881033660724,3169.80858142486,中继,RU-001
P00010,S005-handoff,3168.568119838945,3177.80870100418,中继,RU-002
P00014,leg2-cruise,3168.568119838945,3173.188410421562,直连,
P00028,leg1-cruise,3168.568119838945,3173.188410421562,中继,RU-002
P00032,S001-handoff,3168.568119838945,3177.80870100418,直连,
P00040,leg2-cruise,3168.568119838945,3173.188410421562,中继,RU-002
P00089,leg2-cruise,3169.80858142486,3174.736129188996,中继,RU-001
P00037,leg2-descent,3170.525309512988,3180.418287236238,直连,
P00014,leg2-cruise,3173.188410421562,3177.80870100418,直连,
P00028,leg1-cruise,3173.188410421562,3177.80870100418,中继,RU-002
P00040,leg2-cruise,3173.188410421562,3177.80870100418,中继,RU-002
P00089,leg2-cruise,3174.736129188996,3179.663676953132,中继,RU-001
P00272,leg1-climb,3176.325153755343,3185.862444370346,直连,
P00010,S005-handoff,3177.80870100418,3187.049282169415,中继,RU-002
P00014,leg2-cruise,3177.80870100418,3182.428991586798,直连,
P00028,leg1-cruise,3177.80870100418,3182.428991586798,中继,RU-002
P00032,S001-handoff,3177.80870100418,3187.049282169415,直连,
P00040,leg2-cruise,3177.80870100418,3182.428991586798,中继,RU-002
P00089,leg2-cruise,3179.663676953132,3184.591224717268,中继,RU-001
P00037,leg2-descent,3180.418287236238,3190.311264959488,直连,
P00014,leg2-cruise,3182.428991586798,3187.049282169415,直连,
P00028,leg1-cruise,3182.428991586798,3187.049282169415,中继,RU-002
P00040,leg2-cruise,3182.428991586798,3187.049282169415,中继,RU-002
P00089,leg2-cruise,3184.591224717268,3189.518772481404,中继,RU-001
P00272,leg1-climb,3185.862444370346,3195.399734985348,直连,
P00010,S005-handoff,3187.049282169415,3196.28986333465,中继,RU-002
P00014,leg2-cruise,3187.049282169415,3191.669572752033,直连,
P00028,leg1-cruise,3187.049282169415,3191.669572752033,中继,RU-002
P00032,S001-handoff,3187.049282169415,3196.28986333465,直连,
P00040,leg2-cruise,3187.049282169415,3191.669572752033,中继,RU-002
P00089,leg2-cruise,3189.518772481404,3194.44632024554,中继,RU-001
P00037,leg2-descent,3190.311264959488,3200.204242682737,直连,
P00014,leg2-cruise,3191.669572752033,3196.28986333465,直连,
P00028,leg1-cruise,3191.669572752033,3196.28986333465,中继,RU-002
P00040,leg2-cruise,3191.669572752033,3196.28986333465,中继,RU-002
P00089,leg2-cruise,3194.44632024554,3199.373868009676,中继,RU-001
P00272,leg1-climb,3195.399734985348,3204.937025600351,直连,
P00010,S005-handoff,3196.28986333465,3205.530444499886,中继,RU-002
P00014,leg2-cruise,3196.28986333465,3200.910153917268,直连,
P00028,leg1-cruise,3196.28986333465,3200.910153917268,中继,RU-002
P00032,S001-handoff,3196.28986333465,3205.530444499886,直连,
P00040,leg2-cruise,3196.28986333465,3200.910153917268,中继,RU-002
P00089,leg2-cruise,3199.373868009676,3204.301415773812,中继,RU-001
P00014,leg2-cruise,3200.910153917268,3205.530444499886,直连,
P00028,leg1-cruise,3200.910153917268,3205.530444499886,中继,RU-002
P00040,leg2-cruise,3200.910153917268,3205.530444499886,中继,RU-002
P00089,leg2-cruise,3204.301415773812,3209.228963537948,中继,RU-001
P00272,leg1-climb,3204.937025600351,3214.474316215354,直连,
P00010,S005-handoff,3205.530444499886,3214.771025665121,中继,RU-002
P00014,leg2-cruise,3205.530444499886,3210.150735082503,直连,
P00028,leg1-cruise,3205.530444499886,3210.150735082503,中继,RU-002
P00032,S001-handoff,3205.530444499886,3214.771025665121,直连,
P00040,leg2-cruise,3205.530444499886,3210.150735082503,中继,RU-002
P00089,leg2-cruise,3209.228963537948,3214.156511302084,中继,RU-001
P00014,leg2-cruise,3210.150735082503,3214.771025665121,直连,
P00028,leg1-cruise,3210.150735082503,3214.771025665121,中继,RU-002
P00040,leg2-cruise,3210.150735082503,3214.771025665121,中继,RU-002
P00089,leg2-cruise,3214.156511302084,3219.08405906622,中继,RU-001
P00272,leg1-climb,3214.474316215354,3224.011606830356,直连,
P00010,S005-handoff,3214.771025665121,3224.011606830356,中继,RU-002
P00014,leg2-cruise,3214.771025665121,3219.391316247738,直连,
P00028,leg1-cruise,3214.771025665121,3219.391316247738,中继,RU-002
P00032,S001-handoff,3214.771025665121,3224.011606830356,直连,
P00040,leg2-cruise,3214.771025665121,3219.391316247738,中继,RU-002
P00089,leg2-cruise,3219.08405906622,3224.011606830356,中继,RU-001
P00014,leg2-cruise,3219.391316247738,3224.011606830356,直连,
P00028,leg1-cruise,3219.391316247738,3224.011606830356,中继,RU-002
P00040,leg2-cruise,3219.391316247738,3224.011606830356,中继,RU-002
P00010,S005-handoff,3224.011606830356,3233.959302528544,中继,RU-002
P00014,leg2-cruise,3224.011606830356,3228.98545467945,直连,
P00028,leg1-cruise,3224.011606830356,3228.98545467945,中继,RU-002
P00032,S001-handoff,3224.011606830356,3233.959302528544,直连,
P00040,leg2-cruise,3224.011606830356,3228.98545467945,中继,RU-002
P00089,leg2-cruise,3224.011606830356,3228.98545467945,直连,
P00272,leg1-climb,3224.011606830356,3232.945451860867,直连,
P00014,leg2-cruise,3228.98545467945,3233.959302528544,直连,
P00028,leg1-cruise,3228.98545467945,3233.959302528544,中继,RU-002
P00040,leg2-cruise,3228.98545467945,3233.959302528544,中继,RU-002
P00089,leg2-cruise,3228.98545467945,3233.959302528544,直连,
P00272,leg1-climb,3232.945451860867,3241.879296891378,直连,
P00010,S005-handoff,3233.959302528544,3243.906998226731,中继,RU-002
P00014,leg2-cruise,3233.959302528544,3238.933150377637,直连,
P00028,leg1-cruise,3233.959302528544,3238.933150377637,中继,RU-002
P00032,S001-handoff,3233.959302528544,3243.906998226731,直连,
P00040,leg2-cruise,3233.959302528544,3238.933150377637,中继,RU-002
P00089,leg2-cruise,3233.959302528544,3238.933150377637,直连,
P00014,leg2-cruise,3238.933150377637,3243.906998226731,直连,
P00028,leg1-cruise,3238.933150377637,3243.906998226731,中继,RU-002
P00040,leg2-cruise,3238.933150377637,3243.906998226731,中继,RU-002
P00089,leg2-cruise,3238.933150377637,3243.906998226731,直连,
P00272,leg1-climb,3241.879296891378,3250.813141921888,直连,
P00010,S005-handoff,3243.906998226731,3253.854693924918,中继,RU-002
P00014,leg2-cruise,3243.906998226731,3248.880846075825,直连,
P00028,leg1-cruise,3243.906998226731,3248.880846075825,中继,RU-002
P00032,S001-handoff,3243.906998226731,3253.854693924918,直连,
P00040,leg2-cruise,3243.906998226731,3248.880846075825,中继,RU-002
P00089,leg2-cruise,3243.906998226731,3248.880846075825,直连,
P00014,leg2-cruise,3248.880846075825,3253.854693924918,直连,
P00028,leg1-cruise,3248.880846075825,3253.854693924918,中继,RU-002
P00040,leg2-cruise,3248.880846075825,3253.854693924918,中继,RU-002
P00089,leg2-cruise,3248.880846075825,3253.854693924918,直连,
P00272,leg1-climb,3250.813141921888,3259.746986952399,直连,
P00010,S005-handoff,3253.854693924918,3263.802389623105,中继,RU-002
P00014,leg2-cruise,3253.854693924918,3258.828541774012,直连,
P00028,leg1-cruise,3253.854693924918,3258.828541774012,中继,RU-002
P00032,S001-handoff,3253.854693924918,3263.802389623105,直连,
P00040,leg2-cruise,3253.854693924918,3258.828541774012,中继,RU-002
P00089,leg2-cruise,3253.854693924918,3258.828541774012,直连,
P00014,leg2-cruise,3258.828541774012,3263.802389623105,直连,
P00028,leg1-cruise,3258.828541774012,3263.802389623105,中继,RU-002
P00040,leg2-cruise,3258.828541774012,3263.802389623105,中继,RU-002
P00089,leg2-cruise,3258.828541774012,3263.802389623105,直连,
P00272,leg1-climb,3259.746986952399,3268.68083198291,直连,
P00010,S005-handoff,3263.802389623105,3273.750085321293,中继,RU-002
P00014,leg2-cruise,3263.802389623105,3268.776237472199,直连,
P00028,leg1-cruise,3263.802389623105,3268.776237472199,中继,RU-002
P00032,S001-handoff,3263.802389623105,3273.750085321293,直连,
P00040,leg2-cruise,3263.802389623105,3268.776237472199,中继,RU-002
P00089,leg2-cruise,3263.802389623105,3268.776237472199,直连,
P00272,leg1-climb,3268.68083198291,3277.614677013421,直连,
P00014,leg2-cruise,3268.776237472199,3273.750085321293,直连,
P00028,leg1-cruise,3268.776237472199,3273.750085321293,中继,RU-002
P00040,leg2-cruise,3268.776237472199,3273.750085321293,中继,RU-002
P00089,leg2-cruise,3268.776237472199,3273.750085321293,直连,
P00010,S005-handoff,3273.750085321293,3283.69778101948,中继,RU-002
P00014,leg2-cruise,3273.750085321293,3278.723933170387,直连,
P00028,leg1-cruise,3273.750085321293,3278.723933170387,中继,RU-002
P00032,S001-handoff,3273.750085321293,3283.69778101948,直连,
P00040,leg2-cruise,3273.750085321293,3278.723933170387,中继,RU-002
P00089,leg2-cruise,3273.750085321293,3278.723933170387,直连,
P00272,leg1-climb,3277.614677013421,3286.548522043931,直连,
P00014,leg2-cruise,3278.723933170387,3283.69778101948,直连,
P00028,leg1-cruise,3278.723933170387,3283.69778101948,中继,RU-002
P00040,leg2-cruise,3278.723933170387,3283.69778101948,中继,RU-002
P00089,leg2-cruise,3278.723933170387,3283.69778101948,直连,
P00010,S005-handoff,3283.69778101948,3293.645476717667,中继,RU-002
P00014,leg2-cruise,3283.69778101948,3288.671628868574,直连,
P00028,leg1-cruise,3283.69778101948,3288.671628868574,中继,RU-002
P00032,S001-handoff,3283.69778101948,3293.645476717667,直连,
P00040,leg2-cruise,3283.69778101948,3288.671628868574,中继,RU-002
P00089,leg2-cruise,3283.69778101948,3288.671628868574,直连,
P00272,leg1-climb,3286.548522043931,3295.482367074442,直连,
P00014,leg2-cruise,3288.671628868574,3293.645476717667,直连,
P00028,leg1-cruise,3288.671628868574,3293.645476717667,中继,RU-002
P00040,leg2-cruise,3288.671628868574,3293.645476717667,中继,RU-002
P00089,leg2-cruise,3288.671628868574,3293.645476717667,直连,
P00010,S005-handoff,3293.645476717667,3303.593172415855,中继,RU-002
P00014,leg2-cruise,3293.645476717667,3298.619324566761,直连,
P00028,leg1-cruise,3293.645476717667,3298.619324566761,中继,RU-002
P00032,S001-handoff,3293.645476717667,3303.593172415855,直连,
P00040,leg2-cruise,3293.645476717667,3298.619324566761,中继,RU-002
P00089,leg2-cruise,3293.645476717667,3298.619324566761,直连,
P00272,leg1-climb,3295.482367074442,3304.416212104953,直连,
P00014,leg2-cruise,3298.619324566761,3303.593172415855,直连,
P00028,leg1-cruise,3298.619324566761,3303.593172415855,中继,RU-002
P00040,leg2-cruise,3298.619324566761,3303.593172415855,中继,RU-002
P00089,leg2-cruise,3298.619324566761,3303.593172415855,直连,
P00010,S005-handoff,3303.593172415855,3313.540868114042,中继,RU-002
P00014,leg2-cruise,3303.593172415855,3308.567020264948,直连,
P00028,leg1-cruise,3303.593172415855,3308.567020264948,中继,RU-002
P00032,S001-handoff,3303.593172415855,3313.540868114042,直连,
P00040,leg2-cruise,3303.593172415855,3308.567020264948,中继,RU-002
P00089,leg2-cruise,3303.593172415855,3308.567020264948,直连,
P00272,leg1-cruise,3304.416212104953,3309.184300031772,直连,
P00014,leg2-cruise,3308.567020264948,3313.540868114042,直连,
P00028,leg1-cruise,3308.567020264948,3313.540868114042,中继,RU-002
P00040,leg2-cruise,3308.567020264948,3313.540868114042,中继,RU-002
P00089,leg2-cruise,3308.567020264948,3313.540868114042,直连,
P00272,leg1-cruise,3309.184300031772,3313.952387958591,直连,
P00010,S005-handoff,3313.540868114042,3323.48856381223,中继,RU-002
P00014,leg2-cruise,3313.540868114042,3318.514715963136,直连,
P00028,leg1-cruise,3313.540868114042,3318.514715963136,中继,RU-002
P00032,S001-handoff,3313.540868114042,3323.48856381223,直连,
P00040,leg2-cruise,3313.540868114042,3318.514715963136,中继,RU-002
P00089,leg2-cruise,3313.540868114042,3318.514715963136,直连,
P00272,leg1-cruise,3313.952387958591,3318.72047588541,直连,
P00014,leg2-cruise,3318.514715963136,3323.48856381223,直连,
P00028,leg1-cruise,3318.514715963136,3323.48856381223,中继,RU-002
P00040,leg2-cruise,3318.514715963136,3323.48856381223,直连,
P00089,leg2-cruise,3318.514715963136,3323.48856381223,直连,
P00272,leg1-cruise,3318.72047588541,3323.48856381223,直连,
P00010,S005-handoff,3323.48856381223,3333.051516234955,中继,RU-002
P00014,leg2-cruise,3323.48856381223,3327.969761521014,直连,
P00028,leg1-cruise,3323.48856381223,3327.688362736605,中继,RU-002
P00032,S001-handoff,3323.48856381223,3330.227663049857,直连,
P00040,leg2-cruise,3323.48856381223,3328.445416157789,直连,
P00089,leg2-cruise,3323.48856381223,3328.395981104645,直连,
P00272,leg1-cruise,3323.48856381223,3328.472976950849,直连,
P00028,leg1-cruise,3327.688362736605,3331.888161660981,中继,RU-002
P00014,leg2-cruise,3327.969761521014,3332.450959229798,直连,
P00089,leg2-cruise,3328.395981104645,3333.30339839706,直连,
P00040,leg2-cruise,3328.445416157789,3333.402268503348,直连,
P00272,leg1-cruise,3328.472976950849,3333.45739008947,直连,
P00032,S001-handoff,3330.227663049857,3336.966762287485,直连,
P00028,leg1-cruise,3331.888161660981,3336.087960585357,中继,RU-002
P00014,leg2-cruise,3332.450959229798,3336.932156938582,直连,
P00010,S005-handoff,3333.051516234955,3342.61446865768,中继,RU-002
P00089,leg2-cruise,3333.30339839706,3338.210815689476,直连,
P00040,leg2-cruise,3333.402268503348,3338.359120848907,直连,
P00272,leg1-cruise,3333.45739008947,3338.44180322809,直连,
P00028,leg1-cruise,3336.087960585357,3340.287759509732,中继,RU-002
P00014,leg2-cruise,3336.932156938582,3341.413354647367,直连,
P00032,leg2-climb,3336.966762287485,3346.86194118831,直连,
P00089,leg2-cruise,3338.210815689476,3343.118232981891,直连,
P00040,leg2-cruise,3338.359120848907,3343.315973194466,直连,
P00272,leg1-cruise,3338.44180322809,3343.42621636671,直连,
P00028,leg1-cruise,3340.287759509732,3344.487558434108,中继,RU-002
P00014,leg2-cruise,3341.413354647367,3345.894552356152,直连,
P00010,S005-handoff,3342.61446865768,3352.177421080405,中继,RU-002
P00089,leg2-cruise,3343.118232981891,3348.025650274306,直连,
P00040,leg2-cruise,3343.315973194466,3348.272825540025,直连,
P00272,leg1-cruise,3343.42621636671,3348.41062950533,直连,
P00028,leg1-cruise,3344.487558434108,3348.687357358483,中继,RU-002
P00014,leg2-cruise,3345.894552356152,3350.375750064936,直连,
P00032,leg2-climb,3346.86194118831,3356.757120089134,直连,
P00089,leg2-cruise,3348.025650274306,3352.933067566721,直连,
P00040,leg2-cruise,3348.272825540025,3353.229677885585,直连,
P00272,leg1-cruise,3348.41062950533,3353.39504264395,直连,
P00028,leg1-cruise,3348.687357358483,3352.887156282859,中继,RU-002
P00014,leg2-cruise,3350.375750064936,3354.85694777372,直连,
P00010,S005-handoff,3352.177421080405,3361.74037350313,中继,RU-002
P00028,leg1-cruise,3352.887156282859,3357.086955207234,中继,RU-002
P00089,leg2-cruise,3352.933067566721,3357.840484859136,直连,
P00040,leg2-cruise,3353.229677885585,3358.186530231144,直连,
P00272,leg1-cruise,3353.39504264395,3358.37945578257,直连,
P00014,leg2-cruise,3354.85694777372,3359.338145482504,直连,
P00032,leg2-climb,3356.757120089134,3366.652298989959,直连,
P00028,leg1-cruise,3357.086955207234,3361.28675413161,中继,RU-002
P00089,leg2-cruise,3357.840484859136,3362.747902151552,直连,
P00040,leg2-cruise,3358.186530231144,3363.143382576703,直连,
P00272,leg1-cruise,3358.37945578257,3363.363868921191,直连,
P00014,leg2-cruise,3359.338145482504,3363.819343191289,直连,
P00028,leg1-cruise,3361.28675413161,3365.486553055986,中继,RU-002
P00010,S005-handoff,3361.74037350313,3371.303325925855,中继,RU-002
P00089,leg2-cruise,3362.747902151552,3367.655319443967,直连,
P00040,leg2-cruise,3363.143382576703,3368.100234922262,直连,
P00272,leg1-cruise,3363.363868921191,3368.348282059811,直连,
P00014,leg2-cruise,3363.819343191289,3368.300540900073,直连,
P00028,leg1-descent,3365.486553055986,3373.647299638017,中继,RU-002
P00032,leg2-cruise,3366.652298989959,3376.470925035757,直连,
P00089,leg2-cruise,3367.655319443967,3372.562736736382,直连,
P00040,leg2-cruise,3368.100234922262,3373.057087267821,直连,
P00014,leg2-cruise,3368.300540900073,3372.781738608857,直连,
P00272,leg1-cruise,3368.348282059811,3373.332695198431,直连,
P00010,S005-handoff,3371.303325925855,3380.86627834858,中继,RU-002
P00089,leg2-cruise,3372.562736736382,3377.470154028798,直连,
P00014,leg2-cruise,3372.781738608857,3377.262936317642,直连,
P00040,leg2-cruise,3373.057087267821,3378.01393961338,直连,
P00272,leg1-cruise,3373.332695198431,3378.317108337051,直连,
P00028,leg1-descent,3373.647299638017,3381.808046220048,中继,RU-002
P00032,leg2-cruise,3376.470925035757,3386.289551081555,直连,
P00014,leg2-cruise,3377.262936317642,3381.744134026426,直连,
P00089,leg2-cruise,3377.470154028798,3382.377571321213,直连,
P00040,leg2-cruise,3378.01393961338,3382.97079195894,直连,
P00272,leg1-cruise,3378.317108337051,3383.301521475671,直连,
P00010,S005-handoff,3380.86627834858,3390.429230771305,中继,RU-002
P00014,leg2-cruise,3381.744134026426,3386.225331735211,直连,
P00028,leg1-descent,3381.808046220048,3389.96879280208,中继,RU-002
P00089,leg2-cruise,3382.377571321213,3387.284988613628,直连,
P00040,leg2-cruise,3382.97079195894,3387.927644304499,直连,
P00272,leg1-cruise,3383.301521475671,3388.285934614291,直连,
P00014,leg2-cruise,3386.225331735211,3390.706529443995,直连,
P00032,leg2-cruise,3386.289551081555,3396.108177127353,直连,
P00089,leg2-cruise,3387.284988613628,3392.192405906043,直连,
P00040,leg2-cruise,3387.927644304499,3392.884496650058,直连,
P00272,leg1-cruise,3388.285934614291,3393.270347752911,直连,
P00028,leg1-descent,3389.96879280208,3398.129539384111,中继,RU-002
P00010,S005-handoff,3390.429230771305,3399.992183194031,中继,RU-002
P00014,leg2-cruise,3390.706529443995,3395.187727152779,直连,
P00089,leg2-cruise,3392.192405906043,3397.099823198459,直连,
P00040,leg2-cruise,3392.884496650058,3397.841348995617,直连,
P00272,leg1-cruise,3393.270347752911,3398.254760891531,直连,
P00014,leg2-descent,3395.187727152779,3404.646522144409,直连,
P00032,leg2-cruise,3396.108177127353,3405.92680317315,直连,
P00089,leg2-cruise,3397.099823198459,3402.007240490874,直连,
P00040,leg2-cruise,3397.841348995617,3402.798201341177,直连,
P00028,leg1-descent,3398.129539384111,3406.290285966142,中继,RU-002
P00272,leg1-cruise,3398.254760891531,3403.239174030151,直连,
P00010,S005-handoff,3399.992183194031,3409.555135616756,中继,RU-002
P00089,leg2-cruise,3402.007240490874,3406.914657783289,直连,
P00040,leg2-cruise,3402.798201341177,3407.755053686736,直连,
P00272,leg1-cruise,3403.239174030151,3408.223587168772,直连,
P00014,leg2-descent,3404.646522144409,3414.105317136038,直连,
P00032,leg2-cruise,3405.92680317315,3415.745429218948,直连,
P00028,S008-handoff,3406.290285966142,3416.126455202687,中继,RU-002
P00089,leg2-cruise,3406.914657783289,3411.822075075705,直连,
P00040,leg2-cruise,3407.755053686736,3412.711906032295,直连,
P00272,leg1-cruise,3408.223587168772,3413.208000307392,直连,
P00010,S005-handoff,3409.555135616756,3419.118088039481,中继,RU-002
P00089,leg2-cruise,3411.822075075705,3416.72949236812,直连,
P00040,leg2-cruise,3412.711906032295,3417.668758377854,直连,
P00272,leg1-cruise,3413.208000307392,3418.192413446011,直连,
P00014,leg2-descent,3414.105317136038,3423.564112127668,直连,
P00032,leg2-cruise,3415.745429218948,3425.564055264746,直连,
P00028,S008-handoff,3416.126455202687,3425.962624439232,中继,RU-002
P00089,leg2-cruise,3416.72949236812,3421.636909660535,直连,
P00040,leg2-cruise,3417.668758377854,3422.625610723413,直连,
P00272,leg1-cruise,3418.192413446011,3423.176826584632,直连,
P00010,S005-handoff,3419.118088039481,3428.681040462206,中继,RU-002
P00089,leg2-cruise,3421.636909660535,3426.544326952951,直连,
P00040,leg2-cruise,3422.625610723413,3427.582463068972,直连,
P00272,leg1-cruise,3423.176826584632,3428.161239723252,直连,
P00014,leg2-descent,3423.564112127668,3433.022907119297,直连,
P00032,leg2-cruise,3425.564055264746,3435.382681310543,直连,
P00028,S008-handoff,3425.962624439232,3435.798793675777,中继,RU-002
P00089,leg2-cruise,3426.544326952951,3431.451744245366,直连,
P00040,leg2-cruise,3427.582463068972,3432.539315414531,直连,
P00272,leg1-cruise,3428.161239723252,3433.145652861872,直连,
P00010,S005-handoff,3428.681040462206,3438.243992884931,中继,RU-002
P00089,leg2-cruise,3431.451744245366,3436.359161537781,直连,
P00040,leg2-cruise,3432.539315414531,3437.49616776009,直连,
P00014,leg2-descent,3433.022907119297,3442.481702110927,直连,
P00272,leg1-cruise,3433.145652861872,3438.130066000492,直连,
P00032,leg2-cruise,3435.382681310543,3445.201307356341,直连,
P00028,S008-handoff,3435.798793675777,3445.634962912322,中继,RU-002
P00089,leg2-cruise,3436.359161537781,3441.266578830196,直连,
P00040,leg2-cruise,3437.49616776009,3442.45302010565,直连,
P00272,leg1-cruise,3438.130066000492,3443.114479139113,直连,
P00010,S005-handoff,3438.243992884931,3447.806945307656,中继,RU-002
P00089,leg2-cruise,3441.266578830196,3446.173996122611,直连,
P00040,leg2-cruise,3442.45302010565,3447.409872451209,直连,
P00014,leg2-descent,3442.481702110927,3451.940497102556,直连,
P00272,leg1-cruise,3443.114479139113,3448.098892277732,直连,
P00032,leg2-cruise,3445.201307356341,3455.019933402139,直连,
P00028,S008-handoff,3445.634962912322,3455.471132148867,中继,RU-002
P00089,leg2-cruise,3446.173996122611,3451.081413415027,直连,
P00040,leg2-cruise,3447.409872451209,3452.366724796768,直连,
P00010,S005-handoff,3447.806945307656,3457.369897730382,中继,RU-002
P00272,leg1-cruise,3448.098892277732,3453.083305416353,直连,
P00089,leg2-cruise,3451.081413415027,3455.988830707442,直连,
P00014,leg2-descent,3451.940497102556,3461.399292094186,直连,
P00040,leg2-cruise,3452.366724796768,3457.323577142327,直连,
P00272,leg1-cruise,3453.083305416353,3458.067718554973,直连,
P00032,leg2-cruise,3455.019933402139,3464.838559447937,直连,
P00028,S008-handoff,3455.471132148867,3465.307301385412,中继,RU-002
P00089,leg2-cruise,3455.988830707442,3460.896247999857,直连,
P00040,leg2-cruise,3457.323577142327,3462.280429487887,直连,
P00010,S005-handoff,3457.369897730382,3466.932850153107,中继,RU-002
P00272,leg1-cruise,3458.067718554973,3463.052131693593,直连,
P00089,leg2-cruise,3460.896247999857,3465.803665292272,直连,
P00040,leg2-cruise,3462.280429487887,3467.237281833446,直连,
P00272,leg1-cruise,3463.052131693593,3468.036544832213,直连,
P00032,leg2-cruise,3464.838559447937,3474.657185493735,直连,
P00028,S008-handoff,3465.307301385412,3475.143470621957,中继,RU-002
P00089,leg2-cruise,3465.803665292272,3470.711082584688,直连,
P00010,S005-handoff,3466.932850153107,3476.495802575832,中继,RU-002
P00040,leg2-cruise,3467.237281833446,3472.194134179005,直连,
P00272,leg1-cruise,3468.036544832213,3473.020957970833,直连,
P00089,leg2-cruise,3470.711082584688,3475.618499877103,直连,
P00040,leg2-cruise,3472.194134179005,3477.150986524564,直连,
P00272,leg1-cruise,3473.020957970833,3478.005371109453,直连,
P00032,leg2-cruise,3474.657185493735,3484.475811539533,直连,
P00028,S008-handoff,3475.143470621957,3484.979639858502,中继,RU-002
P00089,leg2-cruise,3475.618499877103,3480.525917169518,直连,
P00010,S005-handoff,3476.495802575832,3486.058754998557,中继,RU-002
P00040,leg2-cruise,3477.150986524564,3482.107838870123,直连,
P00272,leg1-cruise,3478.005371109453,3482.989784248073,直连,
P00089,leg2-cruise,3480.525917169518,3485.433334461934,直连,
P00040,leg2-cruise,3482.107838870123,3487.064691215682,直连,
P00272,leg1-cruise,3482.989784248073,3487.974197386693,直连,
P00032,leg2-cruise,3484.475811539533,3494.29443758533,直连,
P00028,S008-handoff,3484.979639858502,3494.815809095047,中继,RU-002
P00089,leg2-cruise,3485.433334461934,3490.340751754349,直连,
P00010,S005-handoff,3486.058754998557,3495.621707421282,中继,RU-002
P00040,leg2-cruise,3487.064691215682,3492.021543561241,直连,
P00272,leg1-cruise,3487.974197386693,3492.958610525313,直连,
P00089,leg2-cruise,3490.340751754349,3495.248169046764,直连,
P00040,leg2-cruise,3492.021543561241,3496.9783959068,直连,
P00272,leg1-cruise,3492.958610525313,3497.943023663934,直连,
P00032,leg2-cruise,3494.29443758533,3504.113063631128,直连,
P00028,S008-handoff,3494.815809095047,3504.651978331592,中继,RU-002
P00089,leg2-cruise,3495.248169046764,3500.15558633918,直连,
P00010,S005-handoff,3495.621707421282,3505.184659844007,中继,RU-002
P00040,leg2-cruise,3496.9783959068,3501.93524825236,直连,
P00272,leg1-cruise,3497.943023663934,3502.927436802554,直连,
P00089,leg2-cruise,3500.15558633918,3505.063003631595,直连,
P00040,leg2-cruise,3501.93524825236,3506.892100597919,直连,
P00272,leg1-cruise,3502.927436802554,3507.911849941173,直连,
P00032,leg2-cruise,3504.113063631128,3513.931689676926,直连,
P00028,S008-handoff,3504.651978331592,3514.488147568137,中继,RU-002
P00089,leg2-cruise,3505.063003631595,3509.97042092401,直连,
P00010,S005-handoff,3505.184659844007,3514.747612266732,中继,RU-002
P00040,leg2-cruise,3506.892100597919,3511.848952943478,直连,
P00272,leg1-cruise,3507.911849941173,3512.896263079794,直连,
P00089,leg2-cruise,3509.97042092401,3514.877838216426,直连,
P00040,leg2-cruise,3511.848952943478,3516.805805289037,直连,
P00272,leg1-cruise,3512.896263079794,3517.880676218414,直连,
P00032,leg2-cruise,3513.931689676926,3523.750315722723,直连,
P00028,S008-handoff,3514.488147568137,3524.324316804682,中继,RU-002
P00010,S005-handoff,3514.747612266732,3524.310564689457,中继,RU-002
P00089,leg2-cruise,3514.877838216426,3519.785255508841,直连,
P00040,leg2-cruise,3516.805805289037,3521.762657634597,直连,
P00272,leg1-cruise,3517.880676218414,3522.865089357034,直连,
P00089,leg2-cruise,3519.785255508841,3524.692672801256,直连,
P00040,leg2-cruise,3521.762657634597,3526.719509980156,直连,
P00272,leg1-cruise,3522.865089357034,3527.849502495655,直连,
P00032,leg2-cruise,3523.750315722723,3533.568941768521,直连,
P00010,S005-handoff,3524.310564689457,3533.873517112183,中继,RU-002
P00028,S008-handoff,3524.324316804682,3534.160486041227,中继,RU-002
P00089,leg2-cruise,3524.692672801256,3529.600090093671,直连,
P00040,leg2-cruise,3526.719509980156,3531.676362325715,直连,
P00272,leg1-cruise,3527.849502495655,3532.833915634274,直连,
P00089,leg2-cruise,3529.600090093671,3534.507507386086,直连,
P00140,leg1-climb,3530.204243682737,3539.894684356565,直连,
P00040,leg2-cruise,3531.676362325715,3536.633214671274,直连,
P00272,leg1-cruise,3532.833915634274,3537.818328772894,直连,
P00032,leg2-cruise,3533.568941768521,3543.387567814319,直连,
P00010,leg2-climb,3533.873517112183,3542.634243023641,中继,RU-002
P00028,S008-handoff,3534.160486041227,3543.996655277772,中继,RU-002
P00089,leg2-cruise,3534.507507386086,3539.414924678502,直连,
P00040,leg2-cruise,3536.633214671274,3541.590067016833,直连,
P00272,leg1-cruise,3537.818328772894,3542.802741911515,直连,
P00089,leg2-cruise,3539.414924678502,3544.322341970917,直连,
P00140,leg1-climb,3539.894684356565,3549.585125030394,直连,
P00040,leg2-cruise,3541.590067016833,3546.546919362392,直连,
P00010,leg2-climb,3542.634243023641,3551.394968935099,中继,RU-002
P00272,leg1-cruise,3542.802741911515,3547.787155050135,直连,
P00032,leg2-cruise,3543.387567814319,3553.206193860117,直连,
P00028,S008-handoff,3543.996655277772,3553.832824514317,中继,RU-002
P00089,leg2-cruise,3544.322341970917,3549.229759263332,直连,
P00040,leg2-cruise,3546.546919362392,3551.503771707951,直连,
P00272,leg1-cruise,3547.787155050135,3552.771568188755,直连,
P00089,leg2-descent,3549.229759263332,3558.484472501481,直连,
P00140,leg1-climb,3549.585125030394,3559.275565704222,直连,
P00010,leg2-climb,3551.394968935099,3560.155694846558,中继,RU-002
P00040,leg2-cruise,3551.503771707951,3556.46062405351,直连,
P00272,leg1-cruise,3552.771568188755,3557.755981327375,直连,
P00032,leg2-cruise,3553.206193860117,3563.024819905915,直连,
P00028,S008-handoff,3553.832824514317,3563.668993750862,中继,RU-002
P00040,leg2-cruise,3556.46062405351,3561.41747639907,直连,
P00272,leg1-cruise,3557.755981327375,3562.740394465995,直连,
P00089,leg2-descent,3558.484472501481,3567.739185739631,直连,
P00140,leg1-climb,3559.275565704222,3568.96600637805,直连,
P00010,leg2-climb,3560.155694846558,3568.916420758016,中继,RU-002
P00040,leg2-cruise,3561.41747639907,3566.374328744629,直连,
P00272,leg1-cruise,3562.740394465995,3567.724807604615,直连,
P00032,leg2-cruise,3563.024819905915,3572.843445951713,直连,
P00028,S008-handoff,3563.668993750862,3573.505162987407,中继,RU-002
P00040,leg2-cruise,3566.374328744629,3571.331181090188,直连,
P00272,leg1-cruise,3567.724807604615,3572.709220743235,直连,
P00089,leg2-descent,3567.739185739631,3576.99389897778,直连,
P00010,leg2-climb,3568.916420758016,3577.677146669474,中继,RU-002
P00140,leg1-climb,3568.96600637805,3578.656447051878,直连,
P00040,leg2-cruise,3571.331181090188,3576.288033435747,直连,
P00272,leg1-cruise,3572.709220743235,3577.693633881855,直连,
P00032,leg2-cruise,3572.843445951713,3582.66207199751,直连,
P00028,S008-handoff,3573.505162987407,3583.341332223952,中继,RU-002
P00040,leg2-cruise,3576.288033435747,3581.244885781306,直连,
P00089,leg2-descent,3576.99389897778,3586.24861221593,直连,
P00010,leg2-climb,3577.677146669474,3586.437872580932,中继,RU-002
P00272,leg1-cruise,3577.693633881855,3582.678047020475,直连,
P00140,leg1-cruise,3578.656447051878,3587.634068944344,直连,
P00040,leg2-descent,3581.244885781306,3589.791101218868,直连,
P00032,leg2-cruise,3582.66207199751,3592.480698043308,直连,
P00272,leg1-cruise,3582.678047020475,3587.662460159096,直连,
P00028,S008-handoff,3583.341332223952,3593.177501460497,中继,RU-002
P00089,leg2-descent,3586.24861221593,3595.503325454079,直连,
P00010,leg2-cruise,3586.437872580932,3591.046303163507,中继,RU-002
P00140,leg1-cruise,3587.634068944344,3596.611690836811,直连,
P00272,leg1-cruise,3587.662460159096,3592.646873297716,直连,
P00040,leg2-descent,3589.791101218868,3598.33731665643,直连,
P00010,leg2-cruise,3591.046303163507,3595.654733746081,中继,RU-002
P00032,leg2-cruise,3592.480698043308,3602.299324089106,直连,
P00272,leg1-cruise,3592.646873297716,3597.631286436336,直连,
P00028,S008-handoff,3593.177501460497,3603.013670697042,中继,RU-002
P00089,leg2-descent,3595.503325454079,3604.758038692229,直连,
P00010,leg2-cruise,3595.654733746081,3600.263164328656,中继,RU-002
P00140,leg1-cruise,3596.611690836811,3605.589312729277,直连,
P00272,leg1-cruise,3597.631286436336,3602.615699574956,直连,
P00040,leg2-descent,3598.33731665643,3606.883532093992,直连,
P00010,leg2-cruise,3600.263164328656,3604.87159491123,中继,RU-002
P00032,leg2-cruise,3602.299324089106,3612.117950134903,直连,
P00272,leg1-cruise,3602.615699574956,3607.600112713576,直连,
P00028,S008-handoff,3603.013670697042,3612.849839933587,中继,RU-002
P00089,leg2-descent,3604.758038692229,3614.012751930378,直连,
P00010,leg2-cruise,3604.87159491123,3609.480025493805,中继,RU-002
P00140,leg1-cruise,3605.589312729277,3614.566934621744,直连,
P00040,leg2-descent,3606.883532093992,3615.429747531553,直连,
P00272,leg1-cruise,3607.600112713576,3612.584525852196,直连,
P00010,leg2-cruise,3609.480025493805,3614.088456076379,中继,RU-002
P00032,leg2-cruise,3612.117950134903,3621.936576180701,直连,
P00272,leg1-cruise,3612.584525852196,3617.568938990817,直连,
P00028,S008-handoff,3612.849839933587,3622.686009170131,中继,RU-002
P00089,leg2-descent,3614.012751930378,3623.267465168527,直连,
P00010,leg2-cruise,3614.088456076379,3618.696886658953,中继,RU-002
P00140,leg1-cruise,3614.566934621744,3623.54455651421,直连,
P00040,leg2-descent,3615.429747531553,3623.975962969115,直连,
P00272,leg1-cruise,3617.568938990817,3622.553352129436,直连,
P00010,leg2-cruise,3618.696886658953,3623.305317241528,中继,RU-002
P00032,leg2-descent,3621.936576180701,3627.229377293689,直连,
P00272,leg1-cruise,3622.553352129436,3627.537765268056,直连,
P00028,S008-handoff,3622.686009170131,3632.522178406677,中继,RU-002
P00089,leg2-descent,3623.267465168527,3632.522178406677,直连,
P00010,leg2-cruise,3623.305317241528,3627.913747824102,中继,RU-002
P00140,leg1-cruise,3623.54455651421,3632.522178406677,直连,
P00040,leg2-descent,3623.975962969115,3632.522178406677,直连,
P00032,leg2-descent,3627.229377293689,3632.522178406677,直连,
P00272,leg1-cruise,3627.537765268056,3632.522178406677,直连,
P00010,leg2-cruise,3627.913747824102,3636.863949419886,中继,RU-002
P00028,S008-handoff,3632.522178406677,3639.406232186409,中继,RU-002
P00032,leg2-descent,3632.522178406677,3642.033586770075,直连,
P00040,leg2-descent,3632.522178406677,3642.359637019133,直连,
P00089,leg2-descent,3632.522178406677,3640.955615189624,直连,
P00140,leg1-cruise,3632.522178406677,3641.205720433096,直连,
P00272,leg1-cruise,3632.522178406677,3637.4934809264,中继,RU-002
P00010,leg2-cruise,3636.863949419886,3641.205720433096,中继,RU-002
P00272,leg1-cruise,3637.4934809264,3642.464783446123,中继,RU-002
P00028,S008-handoff,3639.406232186409,3646.290285966142,中继,RU-002
P00089,leg2-descent,3640.955615189624,3649.389051972572,直连,
P00010,leg2-cruise,3641.205720433096,3645.547491446306,中继,RU-002
P00140,leg1-cruise,3641.205720433096,3649.889262459516,直连,
P00032,leg2-descent,3642.033586770075,3651.544995133474,直连,
P00040,leg2-descent,3642.359637019133,3652.197095631589,直连,
P00272,leg1-cruise,3642.464783446123,3647.436085965846,中继,RU-002
P00010,leg2-cruise,3645.547491446306,3649.889262459516,中继,RU-002
P00028,leg2-climb,3646.290285966142,3654.791063655758,中继,RU-002
P00272,leg1-cruise,3647.436085965846,3652.407388485569,中继,RU-002
P00089,leg2-descent,3649.389051972572,3657.82248875552,直连,
P00010,leg2-cruise,3649.889262459516,3654.231033472725,中继,RU-002
P00140,leg1-cruise,3649.889262459516,3658.572804485935,直连,
P00032,leg2-descent,3651.544995133474,3661.056403496872,直连,
P00040,leg2-descent,3652.197095631589,3662.034554244045,直连,
P00272,leg1-cruise,3652.407388485569,3657.378691005292,中继,RU-002
P00010,leg2-cruise,3654.231033472725,3658.572804485935,中继,RU-002
P00028,leg2-climb,3654.791063655758,3663.291841345374,中继,RU-002
P00272,leg1-cruise,3657.378691005292,3662.349993525015,中继,RU-002
P00010,leg2-cruise,3658.572804485935,3662.914575499145,中继,RU-002
P00140,leg1-cruise,3658.572804485935,3667.256346512354,直连,
P00032,leg2-descent,3661.056403496872,3670.567811860271,直连,
P00040,leg2-descent,3662.034554244045,3671.872012856502,直连,
P00272,leg1-cruise,3662.349993525015,3667.321296044738,中继,RU-002
P00010,leg2-cruise,3662.914575499145,3667.256346512354,中继,RU-002
P00028,leg2-climb,3663.291841345374,3671.79261903499,中继,RU-002
P00010,leg2-cruise,3667.256346512354,3671.598117525564,中继,RU-002
P00140,leg1-cruise,3667.256346512354,3675.939888538774,直连,
P00272,leg1-cruise,3667.321296044738,3672.292598564461,中继,RU-002
P00032,leg2-descent,3670.567811860271,3680.07922022367,直连,
P00010,leg2-cruise,3671.598117525564,3675.939888538774,中继,RU-002
P00028,leg2-climb,3671.79261903499,3680.293396724606,中继,RU-002
P00272,leg1-cruise,3672.292598564461,3677.263901084184,中继,RU-002
P00010,leg2-cruise,3675.939888538774,3680.281659551983,中继,RU-002
P00140,leg1-cruise,3675.939888538774,3684.623430565193,直连,
P00272,leg1-cruise,3677.263901084184,3682.235203603907,中继,RU-002
P00010,leg2-cruise,3680.281659551983,3684.623430565193,直连,
P00028,leg2-cruise,3680.293396724606,3684.623430565193,中继,RU-002
P00272,leg1-descent,3682.235203603907,3684.623430565193,中继,RU-002
P00010,leg2-cruise,3684.623430565193,3689.454992916933,直连,
P00028,leg2-cruise,3684.623430565193,3689.454992916933,中继,RU-002
P00140,leg1-cruise,3684.623430565193,3689.600673687774,直连,
P00272,leg1-descent,3684.623430565193,3693.623579573514,中继,RU-002
P00010,leg2-cruise,3689.454992916933,3694.286555268673,直连,
P00028,leg2-cruise,3689.454992916933,3694.286555268673,中继,RU-002
P00140,leg1-cruise,3689.600673687774,3694.577916810355,直连,
P00272,leg1-descent,3693.623579573514,3702.623728581835,中继,RU-002
P00010,leg2-cruise,3694.286555268673,3699.118117620413,直连,
P00028,leg2-cruise,3694.286555268673,3699.118117620413,中继,RU-002
P00140,leg1-cruise,3694.577916810355,3699.555159932936,直连,
P00010,leg2-cruise,3699.118117620413,3703.949679972153,直连,
P00028,leg2-cruise,3699.118117620413,3703.949679972153,中继,RU-002
P00140,leg1-cruise,3699.555159932936,3704.532403055517,直连,
P00272,leg1-descent,3702.623728581835,3711.623877590156,中继,RU-002
P00010,leg2-cruise,3703.949679972153,3708.781242323893,直连,
P00028,leg2-cruise,3703.949679972153,3708.781242323893,中继,RU-002
P00140,leg1-cruise,3704.532403055517,3709.509646178098,直连,
P00010,leg2-cruise,3708.781242323893,3713.612804675633,直连,
P00028,leg2-cruise,3708.781242323893,3713.612804675633,中继,RU-002
P00140,leg1-cruise,3709.509646178098,3714.486889300679,直连,
P00272,leg1-descent,3711.623877590156,3720.624026598476,中继,RU-002
P00010,leg2-cruise,3713.612804675633,3718.444367027372,直连,
P00028,leg2-cruise,3713.612804675633,3718.444367027372,中继,RU-002
P00140,leg1-cruise,3714.486889300679,3719.46413242326,直连,
P00010,leg2-cruise,3718.444367027372,3723.275929379112,直连,
P00028,leg2-cruise,3718.444367027372,3723.275929379112,中继,RU-002
P00140,leg1-cruise,3719.46413242326,3724.44137554584,直连,
P00272,leg1-descent,3720.624026598476,3729.624175606797,中继,RU-002
P00010,leg2-cruise,3723.275929379112,3728.107491730852,直连,
P00028,leg2-cruise,3723.275929379112,3728.107491730852,中继,RU-002
P00140,leg1-cruise,3724.44137554584,3729.418618668421,直连,
P00010,leg2-cruise,3728.107491730852,3732.939054082592,直连,
P00028,leg2-cruise,3728.107491730852,3732.939054082592,中继,RU-002
P00140,leg1-cruise,3729.418618668421,3734.395861791002,直连,
P00272,leg1-descent,3729.624175606797,3738.624324615118,中继,RU-002
P00010,leg2-cruise,3732.939054082592,3737.770616434332,直连,
P00028,leg2-cruise,3732.939054082592,3737.770616434332,中继,RU-002
P00140,leg1-cruise,3734.395861791002,3739.373104913583,直连,
P00010,leg2-cruise,3737.770616434332,3742.602178786072,直连,
P00028,leg2-cruise,3737.770616434332,3742.602178786072,中继,RU-002
P00272,leg1-descent,3738.624324615118,3747.624473623438,中继,RU-002
P00140,leg1-cruise,3739.373104913583,3744.350348036164,直连,
P00010,leg2-cruise,3742.602178786072,3747.433741137812,直连,
P00028,leg2-cruise,3742.602178786072,3747.433741137812,中继,RU-002
P00140,leg1-cruise,3744.350348036164,3749.327591158745,直连,
P00010,leg2-cruise,3747.433741137812,3752.265303489552,直连,
P00028,leg2-cruise,3747.433741137812,3752.265303489552,中继,RU-002
P00272,S007-handoff,3747.624473623438,3757.624473623438,中继,RU-002
P00140,leg1-cruise,3749.327591158745,3754.304834281326,直连,
P00010,leg2-cruise,3752.265303489552,3757.096865841292,直连,
P00028,leg2-cruise,3752.265303489552,3757.096865841292,中继,RU-002
P00140,leg1-cruise,3754.304834281326,3759.282077403906,直连,
P00010,leg2-cruise,3757.096865841292,3761.928428193032,直连,
P00028,leg2-cruise,3757.096865841292,3761.928428193032,中继,RU-002
P00272,S007-handoff,3757.624473623438,3767.624473623438,中继,RU-002
P00140,leg1-cruise,3759.282077403906,3764.259320526487,直连,
P00010,leg2-cruise,3761.928428193032,3766.759990544771,直连,
P00028,leg2-cruise,3761.928428193032,3766.759990544771,中继,RU-002
P00140,leg1-cruise,3764.259320526487,3769.236563649069,直连,
P00010,leg2-cruise,3766.759990544771,3771.591552896512,直连,
P00028,leg2-cruise,3766.759990544771,3771.591552896512,中继,RU-002
P00272,S007-handoff,3767.624473623438,3777.624473623438,中继,RU-002
P00140,leg1-cruise,3769.236563649069,3774.213806771649,直连,
P00010,leg2-cruise,3771.591552896512,3776.423115248252,直连,
P00028,leg2-cruise,3771.591552896512,3776.423115248252,中继,RU-002
P00140,leg1-cruise,3774.213806771649,3779.19104989423,直连,
P00010,leg2-cruise,3776.423115248252,3781.254677599991,直连,
P00028,leg2-cruise,3776.423115248252,3781.254677599991,中继,RU-002
P00272,S007-handoff,3777.624473623438,3787.624473623438,中继,RU-002
P00140,leg1-cruise,3779.19104989423,3784.168293016811,直连,
P00010,leg2-cruise,3781.254677599991,3786.086239951731,直连,
P00028,leg2-cruise,3781.254677599991,3786.086239951731,中继,RU-002
P00140,leg1-cruise,3784.168293016811,3789.145536139392,直连,
P00010,leg2-cruise,3786.086239951731,3790.917802303471,直连,
P00028,leg2-cruise,3786.086239951731,3790.917802303471,中继,RU-002
P00272,S007-handoff,3787.624473623438,3797.624473623438,中继,RU-002
P00140,leg1-cruise,3789.145536139392,3794.122779261973,直连,
P00010,leg2-cruise,3790.917802303471,3795.749364655211,直连,
P00028,leg2-cruise,3790.917802303471,3795.749364655211,中继,RU-002
P00140,leg1-cruise,3794.122779261973,3799.100022384554,直连,
P00010,leg2-cruise,3795.749364655211,3800.580927006951,直连,
P00028,leg2-cruise,3795.749364655211,3800.580927006951,中继,RU-002
P00272,S007-handoff,3797.624473623438,3807.624473623438,中继,RU-002
P00140,leg1-cruise,3799.100022384554,3804.077265507135,直连,
P00010,leg2-cruise,3800.580927006951,3805.41248935869,直连,
P00028,leg2-cruise,3800.580927006951,3805.41248935869,中继,RU-002
P00140,leg1-cruise,3804.077265507135,3809.054508629715,直连,
P00010,leg2-cruise,3805.41248935869,3810.244051710431,直连,
P00028,leg2-cruise,3805.41248935869,3810.244051710431,中继,RU-002
P00272,S007-handoff,3807.624473623438,3817.624473623438,中继,RU-002
P00140,leg1-cruise,3809.054508629715,3814.031751752296,直连,
P00010,leg2-cruise,3810.244051710431,3815.075614062171,直连,
P00028,leg2-cruise,3810.244051710431,3815.075614062171,中继,RU-002
P00140,leg1-cruise,3814.031751752296,3819.008994874877,直连,
P00010,leg2-cruise,3815.075614062171,3819.90717641391,直连,
P00028,leg2-cruise,3815.075614062171,3819.90717641391,中继,RU-002
P00272,S007-handoff,3817.624473623438,3827.624473623438,中继,RU-002
P00140,leg1-cruise,3819.008994874877,3823.986237997458,直连,
P00010,leg2-cruise,3819.90717641391,3824.73873876565,直连,
P00028,leg2-cruise,3819.90717641391,3824.73873876565,中继,RU-002
P00140,leg1-cruise,3823.986237997458,3828.963481120039,直连,
P00010,leg2-cruise,3824.73873876565,3829.57030111739,直连,
P00028,leg2-cruise,3824.73873876565,3829.57030111739,中继,RU-002
P00272,S007-handoff,3827.624473623438,3837.624473623438,中继,RU-002
P00140,leg1-cruise,3828.963481120039,3833.94072424262,直连,
P00010,leg2-cruise,3829.57030111739,3834.40186346913,直连,
P00028,leg2-cruise,3829.57030111739,3834.40186346913,中继,RU-002
P00140,leg1-descent,3833.94072424262,3842.846385253362,直连,
P00010,leg2-cruise,3834.40186346913,3839.23342582087,直连,
P00028,leg2-cruise,3834.40186346913,3839.23342582087,中继,RU-002
P00272,S007-handoff,3837.624473623438,3847.624473623438,中继,RU-002
P00010,leg2-cruise,3839.23342582087,3844.064988172609,直连,
P00028,leg2-cruise,3839.23342582087,3844.064988172609,中继,RU-002
P00140,leg1-descent,3842.846385253362,3851.752046264104,直连,
P00010,leg2-cruise,3844.064988172609,3848.89655052435,直连,
P00028,leg2-cruise,3844.064988172609,3848.89655052435,中继,RU-002
P00272,S007-handoff,3847.624473623438,3857.624473623438,中继,RU-002
P00010,leg2-cruise,3848.89655052435,3853.72811287609,直连,
P00028,leg2-cruise,3848.89655052435,3853.72811287609,中继,RU-002
P00026,leg1-climb,3851.399293094186,3860.784335289906,直连,
P00140,leg1-descent,3851.752046264104,3860.657707274846,直连,
P00010,leg2-cruise,3853.72811287609,3858.559675227829,直连,
P00028,leg2-cruise,3853.72811287609,3858.559675227829,中继,RU-002
P00272,S007-handoff,3857.624473623438,3867.624473623438,中继,RU-002
P00010,leg2-cruise,3858.559675227829,3863.391237579569,直连,
P00028,leg2-cruise,3858.559675227829,3863.391237579569,中继,RU-002
P00140,leg1-descent,3860.657707274846,3869.563368285589,直连,
P00026,leg1-climb,3860.784335289906,3870.169377485626,直连,
P00010,leg2-cruise,3863.391237579569,3868.222799931309,直连,
P00028,leg2-cruise,3863.391237579569,3868.222799931309,中继,RU-002
P00272,S007-handoff,3867.624473623438,3877.624473623438,中继,RU-002
P00010,leg2-cruise,3868.222799931309,3873.054362283049,直连,
P00028,leg2-cruise,3868.222799931309,3873.054362283049,中继,RU-002
P00140,S001-handoff,3869.563368285589,3879.034983224171,直连,
P00026,leg1-climb,3870.169377485626,3879.554419681347,直连,
P00010,leg2-cruise,3873.054362283049,3877.885924634789,直连,
P00028,leg2-cruise,3873.054362283049,3877.885924634789,中继,RU-002
P00272,S007-handoff,3877.624473623438,3887.624473623438,中继,RU-002
P00010,leg2-cruise,3877.885924634789,3882.717486986529,直连,
P00028,leg2-cruise,3877.885924634789,3882.717486986529,中继,RU-002
P00140,S001-handoff,3879.034983224171,3888.506598162754,直连,
P00026,leg1-climb,3879.554419681347,3888.939461877067,直连,
P00010,leg2-cruise,3882.717486986529,3887.549049338269,直连,
P00028,leg2-cruise,3882.717486986529,3887.549049338269,中继,RU-002
P00010,leg2-cruise,3887.549049338269,3892.380611690009,直连,
P00028,leg2-cruise,3887.549049338269,3892.380611690009,中继,RU-002
P00272,S007-handoff,3887.624473623438,3897.624473623438,中继,RU-002
P00140,S001-handoff,3888.506598162754,3897.978213101337,直连,
P00026,leg1-climb,3888.939461877067,3898.324504072787,直连,
P00010,leg2-cruise,3892.380611690009,3897.212174041749,直连,
P00028,leg2-cruise,3892.380611690009,3897.212174041749,中继,RU-002
P00010,leg2-cruise,3897.212174041749,3902.043736393489,直连,
P00028,leg2-cruise,3897.212174041749,3902.043736393489,中继,RU-002
P00272,S007-handoff,3897.624473623438,3907.624473623438,中继,RU-002
P00140,S001-handoff,3897.978213101337,3907.44982803992,直连,
P00026,leg1-climb,3898.324504072787,3907.709546268507,直连,
P00010,leg2-cruise,3902.043736393489,3906.875298745229,直连,
P00028,leg2-cruise,3902.043736393489,3906.875298745229,中继,RU-002
P00010,leg2-cruise,3906.875298745229,3911.706861096968,直连,
P00028,leg2-cruise,3906.875298745229,3911.706861096968,中继,RU-002
P00140,S001-handoff,3907.44982803992,3916.921442978502,直连,
P00272,S007-handoff,3907.624473623438,3917.624473623438,中继,RU-002
P00026,leg1-climb,3907.709546268507,3917.094588464227,直连,
P00010,leg2-cruise,3911.706861096968,3916.538423448708,直连,
P00028,leg2-cruise,3911.706861096968,3916.538423448708,中继,RU-002
P00010,leg2-cruise,3916.538423448708,3921.369985800448,直连,
P00028,leg2-cruise,3916.538423448708,3921.369985800448,中继,RU-002
P00140,S001-handoff,3916.921442978502,3926.393057917085,直连,
P00026,leg1-climb,3917.094588464227,3926.479630659947,直连,
P00272,S007-handoff,3917.624473623438,3927.624473623438,中继,RU-002
P00010,leg2-cruise,3921.369985800448,3926.201548152188,直连,
P00028,leg2-cruise,3921.369985800448,3926.201548152188,中继,RU-002
P00010,leg2-cruise,3926.201548152188,3931.033110503928,直连,
P00028,leg2-cruise,3926.201548152188,3931.033110503928,中继,RU-002
P00140,S001-handoff,3926.393057917085,3935.864672855668,直连,
P00026,leg1-climb,3926.479630659947,3935.864672855668,直连,
P00272,leg2-climb,3927.624473623438,3935.864672855668,中继,RU-002
P00010,leg2-cruise,3931.033110503928,3935.864672855668,直连,
P00028,leg2-cruise,3931.033110503928,3935.864672855668,中继,RU-002
P00010,leg2-cruise,3935.864672855668,3939.905881324271,直连,
P00026,leg1-climb,3935.864672855668,3944.945773621699,直连,
P00028,leg2-cruise,3935.864672855668,3940.662867071398,直连,
P00140,S001-handoff,3935.864672855668,3945.461061287129,直连,
P00272,leg2-climb,3935.864672855668,3945.114844679144,中继,RU-002
P00010,leg2-descent,3939.905881324271,3949.098148908872,直连,
P00028,leg2-cruise,3940.662867071398,3945.461061287129,直连,
P00026,leg1-climb,3944.945773621699,3954.02687438773,直连,
P00272,leg2-climb,3945.114844679144,3954.36501650262,中继,RU-002
P00028,leg2-cruise,3945.461061287129,3950.25925550286,直连,
P00140,S001-handoff,3945.461061287129,3955.05744971859,直连,
P00010,leg2-descent,3949.098148908872,3958.290416493473,直连,
P00028,leg2-cruise,3950.25925550286,3955.05744971859,直连,
P00026,leg1-climb,3954.02687438773,3963.10797515376,直连,
P00272,leg2-climb,3954.36501650262,3963.615188326096,中继,RU-002
P00028,leg2-cruise,3955.05744971859,3959.855643934321,直连,
P00140,S001-handoff,3955.05744971859,3964.653838150051,直连,
P00010,leg2-descent,3958.290416493473,3967.482684078073,直连,
P00028,leg2-cruise,3959.855643934321,3964.653838150051,直连,
P00026,leg1-climb,3963.10797515376,3972.189075919791,直连,
P00272,leg2-climb,3963.615188326096,3972.865360149572,中继,RU-002
P00028,leg2-cruise,3964.653838150051,3969.452032365782,直连,
P00140,S001-handoff,3964.653838150051,3974.250226581512,直连,
P00010,leg2-descent,3967.482684078073,3976.674951662674,直连,
P00028,leg2-cruise,3969.452032365782,3974.250226581512,直连,
P00026,leg1-climb,3972.189075919791,3981.270176685822,直连,
P00272,leg2-climb,3972.865360149572,3982.115531973048,中继,RU-002
P00028,leg2-cruise,3974.250226581512,3979.048420797243,直连,
P00140,S001-handoff,3974.250226581512,3983.846615012973,直连,
P00010,leg2-descent,3976.674951662674,3985.867219247275,直连,
P00028,leg2-cruise,3979.048420797243,3983.846615012973,直连,
P00026,leg1-climb,3981.270176685822,3990.351277451853,直连,
P00272,leg2-cruise,3982.115531973048,3987.086834492771,中继,RU-002
P00028,leg2-cruise,3983.846615012973,3988.644809228704,直连,
P00140,S001-handoff,3983.846615012973,3993.443003444434,直连,
P00010,leg2-descent,3985.867219247275,3995.059486831876,直连,
P00272,leg2-cruise,3987.086834492771,3992.058137012494,中继,RU-002
P00028,leg2-cruise,3988.644809228704,3993.443003444434,直连,
P00026,leg1-climb,3990.351277451853,3999.432378217884,直连,
P00272,leg2-cruise,3992.058137012494,3997.029439532217,中继,RU-002
P00028,leg2-cruise,3993.443003444434,3998.241197660165,直连,
P00140,S001-handoff,3993.443003444434,4003.039391875895,直连,
P00010,leg2-descent,3995.059486831876,4004.251754416477,直连,
P00272,leg2-cruise,3997.029439532217,4002.000742051941,中继,RU-002
P00028,leg2-cruise,3998.241197660165,4003.039391875895,直连,
P00026,leg1-cruise,3999.432378217884,4003.481900586933,直连,
P00272,leg2-cruise,4002.000742051941,4006.972044571663,中继,RU-002
P00028,leg2-cruise,4003.039391875895,4007.837586091626,直连,
P00140,S001-handoff,4003.039391875895,4012.635780307357,直连,
P00026,leg1-cruise,4003.481900586933,4007.531422955983,直连,
P00010,leg2-descent,4004.251754416477,4013.444022001077,直连,
P00272,leg2-cruise,4006.972044571663,4011.943347091386,中继,RU-002
P00026,leg1-cruise,4007.531422955983,4011.580945325032,直连,
P00028,leg2-cruise,4007.837586091626,4012.635780307357,直连,
P00026,leg1-cruise,4011.580945325032,4015.630467694082,直连,
P00272,leg2-cruise,4011.943347091386,4016.91464961111,中继,RU-002
P00028,leg2-cruise,4012.635780307357,4017.433974523087,直连,
P00140,S001-handoff,4012.635780307357,4022.232168738818,直连,
P00010,leg2-descent,4013.444022001077,4022.636289585678,直连,
P00026,leg1-cruise,4015.630467694082,4019.679990063131,直连,
P00272,leg2-cruise,4016.91464961111,4021.885952130833,中继,RU-002
P00028,leg2-cruise,4017.433974523087,4022.232168738818,直连,
P00026,leg1-cruise,4019.679990063131,4023.72951243218,直连,
P00272,leg2-cruise,4021.885952130833,4026.857254650556,中继,RU-002
P00028,leg2-cruise,4022.232168738818,4027.030362954549,直连,
P00140,S001-handoff,4022.232168738818,4031.828557170279,直连,
P00010,leg2-descent,4022.636289585678,4031.828557170279,直连,
P00026,leg1-cruise,4023.72951243218,4027.779034801229,直连,
P00272,leg2-cruise,4026.857254650556,4031.828557170279,中继,RU-002
P00028,leg2-cruise,4027.030362954549,4031.828557170279,直连,
P00026,leg1-cruise,4027.779034801229,4031.828557170279,直连,
P00010,leg2-descent,4031.828557170279,4039.261325660209,直连,
P00026,leg1-cruise,4031.828557170279,4036.656175148585,直连,
P00028,leg2-cruise,4031.828557170279,4036.804777833863,直连,
P00140,S001-handoff,4031.828557170279,4040.695962727934,直连,
P00272,leg2-cruise,4031.828557170279,4036.656175148585,直连,
P00026,leg1-cruise,4036.656175148585,4041.48379312689,直连,
P00272,leg2-cruise,4036.656175148585,4041.48379312689,直连,
P00028,leg2-cruise,4036.804777833863,4041.780998497447,直连,
P00140,S001-handoff,4040.695962727934,4049.563368285589,直连,
P00026,leg1-cruise,4041.48379312689,4046.311411105196,直连,
P00272,leg2-cruise,4041.48379312689,4046.311411105196,直连,
P00028,leg2-cruise,4041.780998497447,4046.757219161031,直连,
P00026,leg1-cruise,4046.311411105196,4051.139029083502,直连,
P00272,leg2-cruise,4046.311411105196,4051.139029083502,直连,
P00028,leg2-cruise,4046.757219161031,4051.733439824615,直连,
P00140,leg2-climb,4049.563368285589,4059.458547186413,直连,
P00026,leg1-cruise,4051.139029083502,4055.966647061807,直连,
P00272,leg2-cruise,4051.139029083502,4055.966647061807,直连,
P00028,leg2-cruise,4051.733439824615,4056.709660488199,直连,
P00026,leg1-cruise,4055.966647061807,4060.794265040113,直连,
P00272,leg2-cruise,4055.966647061807,4060.794265040113,直连,
P00028,leg2-cruise,4056.709660488199,4061.685881151783,直连,
P00140,leg2-climb,4059.458547186413,4069.353726087238,直连,
P00026,leg1-cruise,4060.794265040113,4065.621883018418,直连,
P00272,leg2-cruise,4060.794265040113,4065.621883018418,直连,
P00028,leg2-cruise,4061.685881151783,4066.662101815366,直连,
P00026,leg1-cruise,4065.621883018418,4070.449500996724,直连,
P00272,leg2-cruise,4065.621883018418,4070.449500996724,直连,
P00028,leg2-cruise,4066.662101815366,4071.63832247895,直连,
P00140,leg2-climb,4069.353726087238,4079.248904988063,直连,
P00026,leg1-cruise,4070.449500996724,4075.27711897503,直连,
P00272,leg2-cruise,4070.449500996724,4075.27711897503,直连,
P00028,leg2-cruise,4071.63832247895,4076.614543142534,直连,
P00026,leg1-cruise,4075.27711897503,4080.104736953335,直连,
P00272,leg2-cruise,4075.27711897503,4080.104736953335,直连,
P00028,leg2-cruise,4076.614543142534,4081.590763806118,直连,
P00140,leg2-cruise,4079.248904988063,4088.951687164967,直连,
P00026,leg1-cruise,4080.104736953335,4084.932354931641,直连,
P00272,leg2-cruise,4080.104736953335,4084.932354931641,直连,
P00028,leg2-cruise,4081.590763806118,4086.566984469702,直连,
P00026,leg1-cruise,4084.932354931641,4089.759972909947,直连,
P00272,leg2-cruise,4084.932354931641,4089.759972909947,直连,
P00028,leg2-cruise,4086.566984469702,4091.543205133286,直连,
P00140,leg2-cruise,4088.951687164967,4098.654469341871,直连,
P00026,leg1-cruise,4089.759972909947,4094.587590888252,直连,
P00272,leg2-cruise,4089.759972909947,4094.587590888252,直连,
P00028,leg2-cruise,4091.543205133286,4096.51942579687,直连,
P00026,leg1-cruise,4094.587590888252,4099.415208866558,直连,
P00272,leg2-cruise,4094.587590888252,4099.415208866558,直连,
P00028,leg2-cruise,4096.51942579687,4101.495646460454,直连,
P00140,leg2-cruise,4098.654469341871,4108.357251518775,直连,
P00026,leg1-cruise,4099.415208866558,4104.242826844864,直连,
P00272,leg2-cruise,4099.415208866558,4104.242826844864,直连,
P00028,leg2-cruise,4101.495646460454,4106.471867124037,直连,
P00026,leg1-cruise,4104.242826844864,4109.070444823169,直连,
P00272,leg2-cruise,4104.242826844864,4109.070444823169,直连,
P00028,leg2-cruise,4106.471867124037,4111.448087787621,直连,
P00140,leg2-cruise,4108.357251518775,4118.06003369568,直连,
P00026,leg1-cruise,4109.070444823169,4113.898062801474,直连,
P00272,leg2-cruise,4109.070444823169,4113.898062801474,直连,
P00028,leg2-cruise,4111.448087787621,4116.424308451205,直连,
P00026,leg1-cruise,4113.898062801474,4118.72568077978,直连,
P00272,leg2-cruise,4113.898062801474,4118.72568077978,直连,
P00028,leg2-cruise,4116.424308451205,4121.40052911479,直连,
P00140,leg2-cruise,4118.06003369568,4127.762815872584,直连,
P00026,leg1-cruise,4118.72568077978,4123.553298758086,直连,
P00272,leg2-cruise,4118.72568077978,4123.553298758086,直连,
P00028,leg2-cruise,4121.40052911479,4126.376749778374,直连,
P00026,leg1-cruise,4123.553298758086,4128.380916736392,直连,
P00272,leg2-cruise,4123.553298758086,4128.380916736392,直连,
P00028,leg2-cruise,4126.376749778374,4131.352970441957,直连,
P00140,leg2-cruise,4127.762815872584,4137.465598049488,直连,
P00026,leg1-cruise,4128.380916736392,4133.208534714697,直连,
P00272,leg2-cruise,4128.380916736392,4133.208534714697,直连,
P00028,leg2-cruise,4131.352970441957,4136.329191105541,直连,
P00026,leg1-cruise,4133.208534714697,4138.036152693003,直连,
P00272,leg2-cruise,4133.208534714697,4138.036152693003,直连,
P00028,leg2-cruise,4136.329191105541,4141.305411769125,直连,
P00140,leg2-cruise,4137.465598049488,4147.168380226392,直连,
P00026,leg1-cruise,4138.036152693003,4142.863770671309,直连,
P00272,leg2-cruise,4138.036152693003,4142.863770671309,直连,
P00028,leg2-cruise,4141.305411769125,4146.281632432709,直连,
P00026,leg1-cruise,4142.863770671309,4147.691388649614,直连,
P00272,leg2-cruise,4142.863770671309,4147.691388649614,直连,
P00028,leg2-cruise,4146.281632432709,4151.257853096293,直连,
P00140,leg2-cruise,4147.168380226392,4156.871162403296,直连,
P00026,leg1-cruise,4147.691388649614,4152.519006627919,直连,
P00272,leg2-cruise,4147.691388649614,4152.519006627919,直连,
P00028,leg2-cruise,4151.257853096293,4156.234073759877,直连,
P00044,leg1-climb,4151.872013856502,4161.147192976124,直连,
P00026,leg1-cruise,4152.519006627919,4157.346624606225,直连,
P00272,leg2-cruise,4152.519006627919,4157.346624606225,直连,
P00028,leg2-cruise,4156.234073759877,4161.21029442346,直连,
P00140,leg2-cruise,4156.871162403296,4166.5739445802,直连,
P00026,leg1-cruise,4157.346624606225,4162.174242584531,直连,
P00272,leg2-cruise,4157.346624606225,4162.174242584531,直连,
P00044,leg1-climb,4161.147192976124,4170.422372095745,直连,
P00028,leg2-cruise,4161.21029442346,4166.186515087044,直连,
P00026,leg1-cruise,4162.174242584531,4167.001860562837,直连,
P00272,leg2-cruise,4162.174242584531,4167.001860562837,直连,
P00028,leg2-cruise,4166.186515087044,4171.162735750629,直连,
P00140,leg2-cruise,4166.5739445802,4176.276726757104,直连,
P00026,leg1-cruise,4167.001860562837,4171.829478541142,直连,
P00272,leg2-cruise,4167.001860562837,4171.829478541142,直连,
P00044,leg1-climb,4170.422372095745,4179.697551215367,直连,
P00028,leg2-cruise,4171.162735750629,4176.138956414212,直连,
P00026,leg1-cruise,4171.829478541142,4176.657096519448,直连,
P00272,leg2-cruise,4171.829478541142,4176.657096519448,直连,
P00028,leg2-cruise,4176.138956414212,4181.115177077796,直连,
P00140,leg2-cruise,4176.276726757104,4185.979508934009,直连,
P00026,leg1-cruise,4176.657096519448,4181.484714497754,直连,
P00272,leg2-cruise,4176.657096519448,4181.484714497754,直连,
P00044,leg1-climb,4179.697551215367,4188.972730334988,直连,
P00028,leg2-cruise,4181.115177077796,4186.09139774138,直连,
P00026,leg1-cruise,4181.484714497754,4186.312332476059,直连,
P00272,leg2-cruise,4181.484714497754,4186.312332476059,直连,
P00140,leg2-cruise,4185.979508934009,4195.682291110913,直连,
P00028,leg2-cruise,4186.09139774138,4191.067618404964,直连,
P00026,leg1-cruise,4186.312332476059,4191.139950454364,直连,
P00272,leg2-cruise,4186.312332476059,4191.139950454364,直连,
P00044,leg1-climb,4188.972730334988,4198.24790945461,直连,
P00028,leg2-cruise,4191.067618404964,4196.043839068549,直连,
P00026,leg1-cruise,4191.139950454364,4195.96756843267,直连,
P00272,leg2-cruise,4191.139950454364,4195.96756843267,直连,
P00140,leg2-cruise,4195.682291110913,4205.385073287817,直连,
P00026,leg1-cruise,4195.96756843267,4200.795186410976,直连,
P00272,leg2-cruise,4195.96756843267,4200.795186410976,直连,
P00028,leg2-cruise,4196.043839068549,4201.020059732132,直连,
P00044,leg1-climb,4198.24790945461,4207.52308857423,直连,
P00026,leg1-cruise,4200.795186410976,4205.622804389282,直连,
P00272,leg2-cruise,4200.795186410976,4205.622804389282,直连,
P00028,leg2-cruise,4201.020059732132,4205.996280395716,直连,
P00140,leg2-cruise,4205.385073287817,4215.087855464722,直连,
P00026,leg1-cruise,4205.622804389282,4210.450422367587,直连,
P00272,leg2-cruise,4205.622804389282,4210.450422367587,直连,
P00028,leg2-cruise,4205.996280395716,4210.9725010593,直连,
P00044,leg1-climb,4207.52308857423,4216.798267693852,直连,
P00026,leg1-cruise,4210.450422367587,4215.278040345893,直连,
P00272,leg2-cruise,4210.450422367587,4215.278040345893,直连,
P00028,leg2-cruise,4210.9725010593,4215.948721722883,直连,
P00140,leg2-cruise,4215.087855464722,4224.790637641625,直连,
P00026,leg1-cruise,4215.278040345893,4220.105658324199,直连,
P00272,leg2-cruise,4215.278040345893,4220.105658324199,直连,
P00028,leg2-cruise,4215.948721722883,4220.924942386468,直连,
P00044,leg1-climb,4216.798267693852,4226.073446813473,直连,
P00026,leg1-cruise,4220.105658324199,4224.933276302504,直连,
P00272,leg2-cruise,4220.105658324199,4224.933276302504,直连,
P00028,leg2-descent,4220.924942386468,4229.168452832935,直连,
P00140,leg2-cruise,4224.790637641625,4234.493419818529,直连,
P00026,leg1-cruise,4224.933276302504,4229.760894280809,直连,
P00272,leg2-cruise,4224.933276302504,4229.760894280809,直连,
P00044,leg1-climb,4226.073446813473,4235.348625933095,直连,
P00028,leg2-descent,4229.168452832935,4237.411963279403,直连,
P00026,leg1-cruise,4229.760894280809,4234.588512259115,直连,
P00272,leg2-cruise,4229.760894280809,4234.588512259115,直连,
P00140,leg2-cruise,4234.493419818529,4244.196201995434,直连,
P00026,leg1-cruise,4234.588512259115,4239.416130237421,直连,
P00272,leg2-cruise,4234.588512259115,4239.416130237421,直连,
P00044,leg1-climb,4235.348625933095,4244.623805052716,直连,
P00028,leg2-descent,4237.411963279403,4245.65547372587,直连,
P00026,leg1-cruise,4239.416130237421,4244.243748215727,直连,
P00272,leg2-cruise,4239.416130237421,4244.243748215727,直连,
P00140,leg2-cruise,4244.196201995434,4253.898984172338,直连,
P00026,leg1-cruise,4244.243748215727,4249.071366194032,直连,
P00272,leg2-cruise,4244.243748215727,4249.071366194032,直连,
P00044,leg1-climb,4244.623805052716,4253.898984172338,直连,
P00028,leg2-descent,4245.65547372587,4253.898984172338,直连,
P00026,leg1-cruise,4249.071366194032,4253.898984172338,直连,
P00272,leg2-cruise,4249.071366194032,4253.898984172338,直连,
P00026,leg1-cruise,4253.898984172338,4258.792572748385,直连,
P00028,leg2-descent,4253.898984172338,4263.200368618664,直连,
P00044,leg1-climb,4253.898984172338,4262.850819792038,直连,
P00140,leg2-cruise,4253.898984172338,4262.85833950639,直连,
P00272,leg2-cruise,4253.898984172338,4263.538578654126,直连,
P00026,leg1-cruise,4258.792572748385,4263.686161324432,中继,RU-002
P00044,leg1-climb,4262.850819792038,4271.802655411739,直连,
P00140,leg2-cruise,4262.85833950639,4271.817694840442,直连,
P00028,leg2-descent,4263.200368618664,4272.501753064991,直连,
P00272,leg2-cruise,4263.538578654126,4268.358375895019,直连,
P00026,leg1-cruise,4263.686161324432,4268.579749900479,中继,RU-002
P00272,leg2-cruise,4268.358375895019,4273.178173135913,直连,
P00026,leg1-cruise,4268.579749900479,4273.473338476527,中继,RU-002
P00044,leg1-climb,4271.802655411739,4280.754491031438,直连,
P00140,leg2-cruise,4271.817694840442,4280.777050174494,直连,
P00028,leg2-descent,4272.501753064991,4281.803137511318,直连,
P00272,leg2-cruise,4273.178173135913,4277.997970376808,直连,
P00026,leg1-cruise,4273.473338476527,4278.366927052573,中继,RU-002
P00272,leg2-cruise,4277.997970376808,4282.817767617701,直连,
P00026,leg1-cruise,4278.366927052573,4283.260515628621,中继,RU-002
P00044,leg1-climb,4280.754491031438,4289.706326651139,直连,
P00140,leg2-cruise,4280.777050174494,4289.736405508545,直连,
P00028,leg2-descent,4281.803137511318,4291.104521957644,直连,
P00272,leg2-cruise,4282.817767617701,4287.637564858594,直连,
P00026,leg1-cruise,4283.260515628621,4288.154104204668,中继,RU-002
P00272,leg2-cruise,4287.637564858594,4292.457362099489,直连,
P00026,leg1-cruise,4288.154104204668,4293.047692780715,中继,RU-002
P00044,leg1-climb,4289.706326651139,4298.658162270839,直连,
P00140,leg2-cruise,4289.736405508545,4298.695760842597,直连,
P00028,leg2-descent,4291.104521957644,4300.40590640397,直连,
P00272,leg2-cruise,4292.457362099489,4297.277159340383,直连,
P00026,leg1-cruise,4293.047692780715,4297.941281356762,中继,RU-002
P00272,leg2-cruise,4297.277159340383,4302.096956581277,直连,
P00026,leg1-cruise,4297.941281356762,4302.83486993281,中继,RU-002
P00044,leg1-climb,4298.658162270839,4307.609997890539,直连,
P00140,leg2-cruise,4298.695760842597,4307.655116176649,直连,
P00028,leg2-descent,4300.40590640397,4309.707290850297,直连,
P00272,leg2-cruise,4302.096956581277,4306.91675382217,直连,
P00026,leg1-cruise,4302.83486993281,4307.728458508856,中继,RU-002
P00272,leg2-cruise,4306.91675382217,4311.736551063063,直连,
P00044,leg1-climb,4307.609997890539,4316.561833510239,直连,
P00140,leg2-cruise,4307.655116176649,4316.614471510701,直连,
P00026,leg1-cruise,4307.728458508856,4312.622047084904,中继,RU-002
P00028,leg2-descent,4309.707290850297,4319.008675296624,直连,
P00272,leg2-cruise,4311.736551063063,4316.556348303957,直连,
P00026,leg1-cruise,4312.622047084904,4317.515635660951,中继,RU-002
P00272,leg2-cruise,4316.556348303957,4321.376145544851,直连,
P00044,leg1-climb,4316.561833510239,4325.513669129939,直连,
P00140,leg2-cruise,4316.614471510701,4325.573826844753,直连,
P00026,leg1-cruise,4317.515635660951,4322.409224236998,中继,RU-002
P00272,leg2-cruise,4321.376145544851,4326.195942785746,直连,
P00026,leg1-cruise,4322.409224236998,4327.302812813045,中继,RU-002
P00044,leg1-cruise,4325.513669129939,4330.453176320663,直连,
P00140,leg2-cruise,4325.573826844753,4334.533182178805,直连,
P00272,leg2-cruise,4326.195942785746,4331.015740026639,直连,
P00026,leg1-cruise,4327.302812813045,4332.196401389093,中继,RU-002
P00044,leg1-cruise,4330.453176320663,4335.392683511388,直连,
P00041,leg1-climb,4330.600286036676,4340.247044662979,直连,
P00272,leg2-cruise,4331.015740026639,4335.835537267532,直连,
P00026,leg1-cruise,4332.196401389093,4337.089989965139,中继,RU-002
P00140,leg2-descent,4334.533182178805,4344.223622852633,直连,
P00044,leg1-cruise,4335.392683511388,4340.332190702113,直连,
P00272,leg2-cruise,4335.835537267532,4340.655334508427,直连,
P00026,leg1-cruise,4337.089989965139,4341.983578541187,中继,RU-002
P00041,leg1-climb,4340.247044662979,4349.89380328928,直连,
P00044,leg1-cruise,4340.332190702113,4345.271697892837,直连,
P00272,leg2-cruise,4340.655334508427,4345.475131749321,直连,
P00026,leg1-cruise,4341.983578541187,4346.877167117234,中继,RU-002
P00140,leg2-descent,4344.223622852633,4353.914063526461,直连,
P00044,leg1-cruise,4345.271697892837,4350.21120508356,直连,
P00272,leg2-cruise,4345.475131749321,4350.294928990214,直连,
P00026,leg1-cruise,4346.877167117234,4351.770755693281,中继,RU-002
P00041,leg1-climb,4349.89380328928,4359.540561915583,直连,
P00044,leg1-cruise,4350.21120508356,4355.150712274285,直连,
P00272,leg2-cruise,4350.294928990214,4355.114726231108,直连,
P00026,leg1-cruise,4351.770755693281,4356.664344269328,中继,RU-002
P00140,leg2-descent,4353.914063526461,4363.60450420029,直连,
P00272,leg2-cruise,4355.114726231108,4359.934523472002,直连,
P00044,leg1-cruise,4355.150712274285,4360.09021946501,直连,
P00026,leg1-cruise,4356.664344269328,4361.557932845376,中继,RU-002
P00041,leg1-climb,4359.540561915583,4369.187320541884,直连,
P00272,leg2-descent,4359.934523472002,4369.541352848223,直连,
P00044,leg1-cruise,4360.09021946501,4365.029726655734,直连,
P00026,leg1-cruise,4361.557932845376,4366.451521421423,中继,RU-002
P00140,leg2-descent,4363.60450420029,4373.294944874117,直连,
P00044,leg1-cruise,4365.029726655734,4369.969233846457,直连,
P00026,leg1-cruise,4366.451521421423,4371.34510999747,中继,RU-002
P00041,leg1-climb,4369.187320541884,4378.834079168187,直连,
P00272,leg2-descent,4369.541352848223,4379.148182224444,直连,
P00044,leg1-cruise,4369.969233846457,4374.908741037182,直连,
P00026,leg1-cruise,4371.34510999747,4376.238698573517,中继,RU-002
P00140,leg2-descent,4373.294944874117,4382.985385547945,直连,
P00044,leg1-cruise,4374.908741037182,4379.848248227907,直连,
P00026,leg1-cruise,4376.238698573517,4381.132287149564,中继,RU-002
P00041,leg1-climb,4378.834079168187,4388.480837794489,直连,
P00272,leg2-descent,4379.148182224444,4388.755011600664,直连,
P00044,leg1-cruise,4379.848248227907,4384.787755418631,直连,
P00026,leg1-cruise,4381.132287149564,4386.025875725612,中继,RU-002
P00140,leg2-descent,4382.985385547945,4392.675826221774,直连,
P00044,leg1-cruise,4384.787755418631,4389.727262609355,直连,
P00026,leg1-cruise,4386.025875725612,4390.919464301659,中继,RU-002
P00041,leg1-climb,4388.480837794489,4398.127596420791,直连,
P00272,leg2-descent,4388.755011600664,4398.361840976885,直连,
P00044,leg1-cruise,4389.727262609355,4394.666769800079,直连,
P00026,leg1-cruise,4390.919464301659,4395.813052877706,中继,RU-002
P00044,leg1-cruise,4394.666769800079,4399.606276990804,直连,
P00026,leg1-cruise,4395.813052877706,4400.706641453753,中继,RU-002
P00041,leg1-climb,4398.127596420791,4407.774355047093,直连,
P00272,leg2-descent,4398.361840976885,4407.968670353106,直连,
P00044,leg1-cruise,4399.606276990804,4404.545784181528,直连,
P00026,leg1-descent,4400.706641453753,4410.436566990862,中继,RU-002
P00044,leg1-cruise,4404.545784181528,4409.485291372252,直连,
P00041,leg1-climb,4407.774355047093,4417.421113673395,直连,
P00272,leg2-descent,4407.968670353106,4417.575499729326,直连,
P00044,leg1-cruise,4409.485291372252,4414.424798562976,直连,
P00026,leg1-descent,4410.436566990862,4420.166492527972,中继,RU-002
P00044,leg1-cruise,4414.424798562976,4419.364305753701,直连,
P00041,leg1-climb,4417.421113673395,4427.067872299697,直连,
P00272,leg2-descent,4417.575499729326,4427.182329105547,直连,
P00044,leg1-cruise,4419.364305753701,4424.303812944425,直连,
P00026,leg1-descent,4420.166492527972,4429.896418065082,中继,RU-002
P00044,leg1-cruise,4424.303812944425,4429.243320135149,直连,
P00041,leg1-climb,4427.067872299697,4436.714630926,直连,
P00272,leg2-descent,4427.182329105547,4436.789158481768,直连,
P00044,leg1-cruise,4429.243320135149,4434.182827325873,直连,
P00026,leg1-descent,4429.896418065082,4439.626343602191,中继,RU-002
P00044,leg1-cruise,4434.182827325873,4439.122334516598,直连,
P00041,leg1-climb,4436.714630926,4446.361389552301,直连,
P00272,leg2-descent,4436.789158481768,4446.395987857989,直连,
P00044,leg1-cruise,4439.122334516598,4444.061841707322,直连,
P00026,S015-handoff,4439.626343602191,4449.142456898551,中继,RU-002
P00044,leg1-cruise,4444.061841707322,4449.001348898046,直连,
P00041,leg1-climb,4446.361389552301,4456.008148178604,直连,
P00272,leg2-descent,4446.395987857989,4456.00281723421,直连,
P00044,leg1-cruise,4449.001348898046,4453.94085608877,直连,
P00026,S015-handoff,4449.142456898551,4458.658570194912,中继,RU-002
P00044,leg1-cruise,4453.94085608877,4458.880363279495,直连,
P00272,leg2-descent,4456.00281723421,4465.60964661043,直连,
P00041,leg1-climb,4456.008148178604,4465.654906804905,直连,
P00026,S015-handoff,4458.658570194912,4468.174683491273,中继,RU-002
P00044,leg1-cruise,4458.880363279495,4468.759377660943,直连,
P00272,leg2-descent,4465.60964661043,4475.216475986651,直连,
P00041,leg1-climb,4465.654906804905,4475.301665431208,直连,
P00026,S015-handoff,4468.174683491273,4477.690796787634,中继,RU-002
P00044,leg1-cruise,4468.759377660943,4478.638392042392,直连,
P00272,leg2-descent,4475.216475986651,4484.823305362872,直连,
P00041,leg1-cruise,4475.301665431208,4480.168318959226,直连,
P00026,S015-handoff,4477.690796787634,4487.206910083994,中继,RU-002
P00044,leg1-cruise,4478.638392042392,4483.577899233116,直连,
P00041,leg1-cruise,4480.168318959226,4485.034972487244,直连,
P00044,leg1-cruise,4483.577899233116,4488.51740642384,直连,
P00272,leg2-descent,4484.823305362872,4494.430134739092,直连,
P00041,leg1-cruise,4485.034972487244,4489.901626015262,直连,
P00026,S015-handoff,4487.206910083994,4496.723023380355,中继,RU-002
P00044,leg1-cruise,4488.51740642384,4493.456913614565,直连,
P00041,leg1-cruise,4489.901626015262,4494.768279543279,直连,
P00044,leg1-cruise,4493.456913614565,4498.396420805289,直连,
P00272,leg2-descent,4494.430134739092,4504.036964115313,直连,
P00041,leg1-cruise,4494.768279543279,4499.634933071297,直连,
P00026,S015-handoff,4496.723023380355,4506.239136676716,中继,RU-002
P00044,leg1-cruise,4498.396420805289,4503.335927996013,直连,
P00041,leg1-cruise,4499.634933071297,4504.501586599315,直连,
P00044,leg1-cruise,4503.335927996013,4508.275435186737,直连,
P00272,leg2-descent,4504.036964115313,4513.643793491534,直连,
P00041,leg1-cruise,4504.501586599315,4509.368240127333,直连,
P00026,S015-handoff,4506.239136676716,4515.755249973076,中继,RU-002
P00044,leg1-cruise,4508.275435186737,4513.214942377462,直连,
P00041,leg1-cruise,4509.368240127333,4514.234893655351,直连,
P00044,leg1-cruise,4513.214942377462,4518.154449568186,直连,
P00041,leg1-cruise,4514.234893655351,4519.101547183369,直连,
P00026,S015-handoff,4515.755249973076,4525.271363269438,中继,RU-002
P00044,leg1-cruise,4518.154449568186,4523.09395675891,直连,
P00041,leg1-cruise,4519.101547183369,4523.968200711387,直连,
P00009,leg1-climb,4519.261326660209,4528.276571858408,直连,
P00044,leg1-cruise,4523.09395675891,4528.033463949634,直连,
P00041,leg1-cruise,4523.968200711387,4528.834854239405,直连,
P00026,S015-handoff,4525.271363269438,4534.787476565798,中继,RU-002
P00044,leg1-cruise,4528.033463949634,4532.972971140359,直连,
P00009,leg1-climb,4528.276571858408,4537.291817056607,直连,
P00041,leg1-cruise,4528.834854239405,4533.701507767422,直连,
P00044,leg1-cruise,4532.972971140359,4537.912478331084,直连,
P00041,leg1-cruise,4533.701507767422,4538.56816129544,直连,
P00026,S015-handoff,4534.787476565798,4544.303589862158,中继,RU-002
P00009,leg1-climb,4537.291817056607,4546.307062254806,直连,
P00044,leg1-cruise,4537.912478331084,4542.851985521807,直连,
P00041,leg1-cruise,4538.56816129544,4543.434814823459,直连,
P00044,leg1-cruise,4542.851985521807,4547.791492712531,直连,
P00041,leg1-cruise,4543.434814823459,4548.301468351476,直连,
P00026,S015-handoff,4544.303589862158,4553.81970315852,中继,RU-002
P00009,leg1-climb,4546.307062254806,4555.322307453005,直连,
P00044,leg1-cruise,4547.791492712531,4552.730999903256,直连,
P00041,leg1-cruise,4548.301468351476,4553.168121879494,直连,
P00044,leg1-cruise,4552.730999903256,4557.670507093981,直连,
P00041,leg1-cruise,4553.168121879494,4558.034775407512,直连,
P00026,S015-handoff,4553.81970315852,4563.33581645488,中继,RU-002
P00009,leg1-climb,4555.322307453005,4564.337552651204,直连,
P00044,leg1-cruise,4557.670507093981,4562.610014284704,直连,
P00041,leg1-cruise,4558.034775407512,4562.90142893553,直连,
P00044,leg1-cruise,4562.610014284704,4567.549521475428,直连,
P00041,leg1-cruise,4562.90142893553,4567.768082463548,直连,
P00026,S015-handoff,4563.33581645488,4572.851929751241,中继,RU-002
P00009,leg1-climb,4564.337552651204,4573.352797849403,直连,
P00044,leg1-cruise,4567.549521475428,4572.489028666153,直连,
P00041,leg1-cruise,4567.768082463548,4572.634735991565,直连,
P00044,leg1-cruise,4572.489028666153,4577.428535856878,直连,
P00041,leg1-cruise,4572.634735991565,4577.501389519583,直连,
P00026,S015-handoff,4572.851929751241,4582.368043047602,中继,RU-002
P00009,leg1-climb,4573.352797849403,4582.368043047602,直连,
P00044,leg1-cruise,4577.428535856878,4582.368043047602,直连,
P00041,leg1-cruise,4577.501389519583,4582.368043047602,直连,
P00009,leg1-climb,4582.368043047602,4591.389833070904,直连,
P00026,S015-handoff,4582.368043047602,4592.09387310306,中继,RU-002
P00041,leg1-cruise,4582.368043047602,4587.156677681922,直连,
P00044,leg1-cruise,4582.368043047602,4587.156677681922,直连,
P00041,leg1-cruise,4587.156677681922,4591.945312316242,直连,
P00044,leg1-cruise,4587.156677681922,4591.945312316242,中继,RU-002
P00009,leg1-climb,4591.389833070904,4600.411623094207,直连,
P00041,leg1-cruise,4591.945312316242,4596.733946950562,直连,
P00044,leg1-cruise,4591.945312316242,4596.733946950562,中继,RU-002
P00026,S015-handoff,4592.09387310306,4601.81970315852,中继,RU-002
P00041,leg1-cruise,4596.733946950562,4601.522581584883,直连,
P00044,leg1-cruise,4596.733946950562,4601.522581584883,中继,RU-002
P00009,leg1-climb,4600.411623094207,4609.43341311751,直连,
P00041,leg1-cruise,4601.522581584883,4606.311216219203,直连,
P00044,leg1-cruise,4601.522581584883,4606.311216219203,中继,RU-002
P00026,S015-handoff,4601.81970315852,4611.545533213978,中继,RU-002
P00041,leg1-cruise,4606.311216219203,4611.099850853523,直连,
P00044,leg1-cruise,4606.311216219203,4611.099850853523,中继,RU-002
P00009,leg1-climb,4609.43341311751,4618.455203140813,直连,
P00041,leg1-cruise,4611.099850853523,4615.888485487843,直连,
P00044,leg1-cruise,4611.099850853523,4615.888485487843,中继,RU-002
P00026,S015-handoff,4611.545533213978,4621.271363269438,中继,RU-002
P00041,leg1-cruise,4615.888485487843,4620.677120122165,直连,
P00044,leg1-cruise,4615.888485487843,4620.677120122165,中继,RU-002
P00009,leg1-climb,4618.455203140813,4627.476993164116,直连,
P00041,leg1-cruise,4620.677120122165,4625.465754756485,直连,
P00044,leg1-cruise,4620.677120122165,4625.465754756485,中继,RU-002
P00026,S015-handoff,4621.271363269438,4630.997193324896,中继,RU-002
P00041,leg1-cruise,4625.465754756485,4630.254389390805,直连,
P00044,leg1-cruise,4625.465754756485,4630.254389390805,中继,RU-002
P00009,leg1-cruise,4627.476993164116,4632.342777693622,直连,
P00041,leg1-cruise,4630.254389390805,4635.043024025125,直连,
P00044,leg1-cruise,4630.254389390805,4635.043024025125,中继,RU-002
P00026,S015-handoff,4630.997193324896,4640.723023380355,中继,RU-002
P00009,leg1-cruise,4632.342777693622,4637.208562223128,直连,
P00041,leg1-cruise,4635.043024025125,4639.831658659446,直连,
P00044,leg1-cruise,4635.043024025125,4639.831658659446,中继,RU-002
P00009,leg1-cruise,4637.208562223128,4642.074346752634,直连,
P00041,leg1-cruise,4639.831658659446,4644.620293293766,直连,
P00044,leg1-cruise,4639.831658659446,4644.620293293766,中继,RU-002
P00026,S015-handoff,4640.723023380355,4650.448853435814,中继,RU-002
P00009,leg1-cruise,4642.074346752634,4646.94013128214,直连,
P00041,leg1-cruise,4644.620293293766,4649.408927928086,直连,
P00044,leg1-cruise,4644.620293293766,4649.408927928086,中继,RU-002
P00009,leg1-cruise,4646.94013128214,4651.805915811647,直连,
P00041,leg1-cruise,4649.408927928086,4654.197562562406,直连,
P00044,leg1-cruise,4649.408927928086,4654.197562562406,中继,RU-002
P00026,S015-handoff,4650.448853435814,4660.174683491273,中继,RU-002
P00009,leg1-cruise,4651.805915811647,4656.671700341152,直连,
P00041,leg1-cruise,4654.197562562406,4658.986197196727,直连,
P00044,leg1-cruise,4654.197562562406,4658.986197196727,中继,RU-002
P00009,leg1-cruise,4656.671700341152,4661.537484870658,直连,
P00041,leg1-cruise,4658.986197196727,4663.774831831047,直连,
P00044,leg1-cruise,4658.986197196727,4663.774831831047,中继,RU-002
P00026,S015-handoff,4660.174683491273,4669.900513546732,中继,RU-002
P00009,leg1-cruise,4661.537484870658,4666.403269400164,直连,
P00041,leg1-cruise,4663.774831831047,4668.563466465367,直连,
P00044,leg1-cruise,4663.774831831047,4668.563466465367,中继,RU-002
P00009,leg1-cruise,4666.403269400164,4671.269053929671,直连,
P00041,leg1-cruise,4668.563466465367,4673.352101099687,直连,
P00044,leg1-cruise,4668.563466465367,4673.352101099687,中继,RU-002
P00026,S015-handoff,4669.900513546732,4679.626343602191,中继,RU-002
P00009,leg1-cruise,4671.269053929671,4676.134838459177,直连,
P00041,leg1-cruise,4673.352101099687,4678.140735734008,直连,
P00044,leg1-cruise,4673.352101099687,4678.140735734008,中继,RU-002
P00009,leg1-cruise,4676.134838459177,4681.000622988684,直连,
P00041,leg1-cruise,4678.140735734008,4682.929370368328,直连,
P00044,leg1-cruise,4678.140735734008,4682.929370368328,中继,RU-002
P00030,leg1-climb,4679.008676296624,4688.090503417935,直连,
P00026,leg2-climb,4679.626343602191,4687.734614883116,中继,RU-002
P00009,leg1-cruise,4681.000622988684,4685.86640751819,直连,
P00041,leg1-cruise,4682.929370368328,4687.718005002648,直连,
P00044,leg1-cruise,4682.929370368328,4687.718005002648,中继,RU-002
P00009,leg1-cruise,4685.86640751819,4690.732192047695,直连,
P00041,leg1-cruise,4687.718005002648,4692.506639636969,直连,
P00044,leg1-cruise,4687.718005002648,4692.506639636969,中继,RU-002
P00026,leg2-climb,4687.734614883116,4695.84288616404,中继,RU-002
P00030,leg1-climb,4688.090503417935,4697.172330539245,直连,
P00009,leg1-cruise,4690.732192047695,4695.597976577202,直连,
P00041,leg1-cruise,4692.506639636969,4697.29527427129,直连,
P00044,leg1-cruise,4692.506639636969,4697.29527427129,中继,RU-002
P00009,leg1-cruise,4695.597976577202,4700.463761106708,直连,
P00026,leg2-climb,4695.84288616404,4703.951157444964,中继,RU-002
P00030,leg1-climb,4697.172330539245,4706.254157660556,直连,
P00041,leg1-cruise,4697.29527427129,4702.08390890561,直连,
P00044,leg1-cruise,4697.29527427129,4702.08390890561,中继,RU-002
P00009,leg1-cruise,4700.463761106708,4705.329545636214,直连,
P00041,leg1-cruise,4702.08390890561,4706.87254353993,直连,
P00044,leg1-cruise,4702.08390890561,4706.87254353993,中继,RU-002
P00026,leg2-climb,4703.951157444964,4712.059428725889,中继,RU-002
P00009,leg1-cruise,4705.329545636214,4710.195330165719,直连,
P00030,leg1-climb,4706.254157660556,4715.335984781867,直连,
P00041,leg1-cruise,4706.87254353993,4711.66117817425,直连,
P00044,leg1-cruise,4706.87254353993,4711.66117817425,中继,RU-002
P00009,leg1-cruise,4710.195330165719,4715.061114695226,直连,
P00041,leg1-cruise,4711.66117817425,4716.449812808571,直连,
P00044,leg1-cruise,4711.66117817425,4716.449812808571,中继,RU-002
P00026,leg2-cruise,4712.059428725889,4716.588719100911,中继,RU-002
P00009,leg1-cruise,4715.061114695226,4719.926899224733,直连,
P00030,leg1-climb,4715.335984781867,4724.417811903178,直连,
P00041,leg1-cruise,4716.449812808571,4721.238447442891,直连,
P00044,leg1-cruise,4716.449812808571,4721.238447442891,中继,RU-002
P00026,leg2-cruise,4716.588719100911,4721.118009475934,中继,RU-002
P00009,leg1-cruise,4719.926899224733,4724.792683754238,直连,
P00026,leg2-cruise,4721.118009475934,4725.647299850956,中继,RU-002
P00041,leg1-cruise,4721.238447442891,4726.027082077211,直连,
P00044,leg1-cruise,4721.238447442891,4726.027082077211,中继,RU-002
P00030,leg1-climb,4724.417811903178,4733.499639024489,直连,
P00009,leg1-cruise,4724.792683754238,4729.658468283744,直连,
P00026,leg2-cruise,4725.647299850956,4730.176590225979,中继,RU-002
P00041,leg1-cruise,4726.027082077211,4730.815716711531,直连,
P00044,leg1-cruise,4726.027082077211,4730.815716711531,中继,RU-002
P00009,leg1-cruise,4729.658468283744,4734.52425281325,直连,
P00026,leg2-cruise,4730.176590225979,4734.705880601001,中继,RU-002
P00041,leg1-cruise,4730.815716711531,4735.604351345852,直连,
P00044,leg1-cruise,4730.815716711531,4735.604351345852,中继,RU-002
P00030,leg1-climb,4733.499639024489,4742.5814661458,直连,
P00009,leg1-cruise,4734.52425281325,4739.390037342757,直连,
P00026,leg2-cruise,4734.705880601001,4739.235170976023,中继,RU-002
P00041,leg1-cruise,4735.604351345852,4740.392985980172,直连,
P00044,leg1-cruise,4735.604351345852,4740.392985980172,中继,RU-002
P00026,leg2-cruise,4739.235170976023,4743.764461351046,中继,RU-002
P00009,leg1-cruise,4739.390037342757,4744.255821872262,直连,
P00041,leg1-cruise,4740.392985980172,4745.181620614492,直连,
P00044,leg1-cruise,4740.392985980172,4745.181620614492,中继,RU-002
P00030,leg1-climb,4742.5814661458,4751.66329326711,直连,
P00026,leg2-cruise,4743.764461351046,4748.293751726068,中继,RU-002
P00009,leg1-cruise,4744.255821872262,4749.121606401768,直连,
P00041,leg1-cruise,4745.181620614492,4749.970255248812,直连,
P00044,leg1-cruise,4745.181620614492,4749.970255248812,中继,RU-002
P00026,leg2-cruise,4748.293751726068,4752.82304210109,中继,RU-002
P00009,leg1-cruise,4749.121606401768,4753.987390931275,直连,
P00041,leg1-cruise,4749.970255248812,4754.758889883133,直连,
P00044,leg1-cruise,4749.970255248812,4754.758889883133,中继,RU-002
P00030,leg1-climb,4751.66329326711,4760.745120388421,直连,
P00026,leg2-cruise,4752.82304210109,4757.352332476113,中继,RU-002
P00009,leg1-cruise,4753.987390931275,4758.853175460781,直连,
P00041,leg1-cruise,4754.758889883133,4759.547524517453,直连,
P00044,leg1-cruise,4754.758889883133,4759.547524517453,中继,RU-002
P00026,leg2-cruise,4757.352332476113,4761.881622851135,中继,RU-002
P00009,leg1-cruise,4758.853175460781,4763.718959990288,直连,
P00041,leg1-cruise,4759.547524517453,4764.336159151773,直连,
P00044,leg1-cruise,4759.547524517453,4764.336159151773,中继,RU-002
P00030,leg1-cruise,4760.745120388421,4764.935131972213,直连,
P00026,leg2-cruise,4761.881622851135,4766.410913226157,中继,RU-002
P00009,leg1-cruise,4763.718959990288,4768.584744519794,直连,
P00041,leg1-cruise,4764.336159151773,4769.124793786094,直连,
P00044,leg1-cruise,4764.336159151773,4769.124793786094,中继,RU-002
P00030,leg1-cruise,4764.935131972213,4769.125143556004,直连,
P00026,leg2-cruise,4766.410913226157,4770.94020360118,中继,RU-002
P00009,leg1-cruise,4768.584744519794,4773.4505290493,直连,
P00041,leg1-cruise,4769.124793786094,4773.913428420415,直连,
P00044,leg1-cruise,4769.124793786094,4773.913428420415,中继,RU-002
P00030,leg1-cruise,4769.125143556004,4773.315155139796,直连,
P00026,leg2-cruise,4770.94020360118,4775.469493976202,中继,RU-002
P00030,leg1-cruise,4773.315155139796,4777.505166723588,直连,
P00009,leg1-cruise,4773.4505290493,4778.316313578805,直连,
P00041,leg1-cruise,4773.913428420415,4778.702063054735,直连,
P00044,leg1-cruise,4773.913428420415,4778.702063054735,中继,RU-002
P00026,leg2-cruise,4775.469493976202,4779.998784351224,中继,RU-002
P00030,leg1-cruise,4777.505166723588,4781.695178307378,直连,
P00009,leg1-cruise,4778.316313578805,4783.182098108312,直连,
P00041,leg1-cruise,4778.702063054735,4783.490697689055,直连,
P00044,leg1-cruise,4778.702063054735,4783.490697689055,中继,RU-002
P00026,leg2-cruise,4779.998784351224,4784.528074726247,中继,RU-002
P00030,leg1-cruise,4781.695178307378,4785.88518989117,直连,
P00009,leg1-cruise,4783.182098108312,4788.047882637818,直连,
P00041,leg1-cruise,4783.490697689055,4788.279332323375,直连,
P00044,leg1-cruise,4783.490697689055,4788.279332323375,中继,RU-002
P00026,leg2-cruise,4784.528074726247,4789.057365101269,中继,RU-002
P00030,leg1-cruise,4785.88518989117,4790.075201474961,直连,
P00009,leg1-cruise,4788.047882637818,4792.913667167324,直连,
P00041,leg1-cruise,4788.279332323375,4793.067966957696,直连,
P00044,leg1-cruise,4788.279332323375,4793.067966957696,中继,RU-002
P00026,leg2-cruise,4789.057365101269,4793.586655476292,中继,RU-002
P00030,leg1-cruise,4790.075201474961,4794.265213058753,直连,
P00009,leg1-cruise,4792.913667167324,4797.77945169683,直连,
P00041,leg1-cruise,4793.067966957696,4797.856601592016,直连,
P00044,leg1-cruise,4793.067966957696,4797.856601592016,中继,RU-002
P00026,leg2-cruise,4793.586655476292,4798.115945851314,中继,RU-002
P00030,leg1-cruise,4794.265213058753,4798.455224642545,直连,
P00009,leg1-cruise,4797.77945169683,4802.645236226336,直连,
P00041,leg1-cruise,4797.856601592016,4802.645236226336,直连,
P00044,leg1-cruise,4797.856601592016,4802.645236226336,中继,RU-002
P00026,leg2-cruise,4798.115945851314,4802.645236226336,中继,RU-002
P00030,leg1-cruise,4798.455224642545,4802.645236226336,直连,
P00009,leg1-cruise,4802.645236226336,4807.33039037475,直连,
P00026,leg2-cruise,4802.645236226336,4807.33039037475,中继,RU-002
P00030,leg1-cruise,4802.645236226336,4807.33039037475,直连,
P00041,leg1-cruise,4802.645236226336,4812.015544523164,中继,RU-002
P00044,leg1-cruise,4802.645236226336,4809.585373820918,中继,RU-002
P00009,leg1-cruise,4807.33039037475,4812.015544523164,直连,
P00026,leg2-cruise,4807.33039037475,4812.015544523164,中继,RU-002
P00030,leg1-cruise,4807.33039037475,4812.015544523164,直连,
P00044,leg1-descent,4809.585373820918,4819.441716258195,中继,RU-002
P00009,leg1-cruise,4812.015544523164,4816.700698671578,直连,
P00026,leg2-cruise,4812.015544523164,4816.700698671578,中继,RU-002
P00030,leg1-cruise,4812.015544523164,4816.700698671578,直连,
P00041,leg1-cruise,4812.015544523164,4821.385852819992,中继,RU-002
P00009,leg1-cruise,4816.700698671578,4821.385852819992,直连,
P00026,leg2-cruise,4816.700698671578,4821.385852819992,中继,RU-002
P00030,leg1-cruise,4816.700698671578,4821.385852819992,直连,
P00044,leg1-descent,4819.441716258195,4829.298058695472,中继,RU-002
P00009,leg1-cruise,4821.385852819992,4826.071006968406,直连,
P00026,leg2-cruise,4821.385852819992,4826.071006968406,中继,RU-002
P00030,leg1-cruise,4821.385852819992,4826.071006968406,直连,
P00041,leg1-cruise,4821.385852819992,4830.75616111682,中继,RU-002
P00009,leg1-cruise,4826.071006968406,4830.75616111682,直连,
P00026,leg2-cruise,4826.071006968406,4830.75616111682,中继,RU-002
P00030,leg1-cruise,4826.071006968406,4830.75616111682,直连,
P00044,leg1-descent,4829.298058695472,4839.15440113275,中继,RU-002
P00009,leg1-cruise,4830.75616111682,4835.441315265234,直连,
P00026,leg2-cruise,4830.75616111682,4835.441315265234,中继,RU-002
P00030,leg1-cruise,4830.75616111682,4835.441315265234,直连,
P00041,leg1-cruise,4830.75616111682,4840.126469413648,中继,RU-002
P00009,leg1-cruise,4835.441315265234,4840.126469413648,直连,
P00026,leg2-cruise,4835.441315265234,4840.126469413648,中继,RU-002
P00030,leg1-cruise,4835.441315265234,4840.126469413648,直连,
P00044,leg1-descent,4839.15440113275,4849.010743570027,中继,RU-002
P00009,leg1-cruise,4840.126469413648,4844.811623562062,直连,
P00026,leg2-cruise,4840.126469413648,4844.811623562062,中继,RU-002
P00030,leg1-cruise,4840.126469413648,4844.811623562062,直连,
P00041,leg1-cruise,4840.126469413648,4849.496777710476,中继,RU-002
P00009,leg1-cruise,4844.811623562062,4849.496777710476,直连,
P00026,leg2-cruise,4844.811623562062,4849.496777710476,中继,RU-002
P00030,leg1-cruise,4844.811623562062,4849.496777710476,直连,
P00044,leg1-descent,4849.010743570027,4858.867086007303,中继,RU-002
P00009,leg1-cruise,4849.496777710476,4854.18193185889,直连,
P00026,leg2-cruise,4849.496777710476,4854.18193185889,中继,RU-002
P00030,leg1-cruise,4849.496777710476,4854.18193185889,直连,
P00041,leg1-cruise,4849.496777710476,4858.867086007303,中继,RU-002
P00009,leg1-cruise,4854.18193185889,4858.867086007303,直连,
P00026,leg2-cruise,4854.18193185889,4858.867086007303,直连,
P00030,leg1-cruise,4854.18193185889,4858.867086007303,直连,
P00009,leg1-cruise,4858.867086007303,4863.725384446767,直连,
P00026,leg2-cruise,4858.867086007303,4863.725384446767,直连,
P00030,leg1-cruise,4858.867086007303,4863.725384446767,直连,
P00041,leg1-cruise,4858.867086007303,4863.725384446767,中继,RU-002
P00044,leg1-descent,4858.867086007303,4867.777136993791,中继,RU-002
P00009,leg1-cruise,4863.725384446767,4868.583682886229,直连,
P00026,leg2-cruise,4863.725384446767,4868.583682886229,直连,
P00030,leg1-cruise,4863.725384446767,4868.583682886229,直连,
P00041,leg1-cruise,4863.725384446767,4868.583682886229,中继,RU-002
P00044,leg1-descent,4867.777136993791,4876.687187980278,中继,RU-002
P00009,leg1-cruise,4868.583682886229,4873.441981325692,直连,
P00026,leg2-cruise,4868.583682886229,4873.441981325692,直连,
P00030,leg1-cruise,4868.583682886229,4873.441981325692,直连,
P00041,leg1-cruise,4868.583682886229,4873.441981325692,中继,RU-002
P00009,leg1-cruise,4873.441981325692,4878.300279765155,直连,
P00026,leg2-cruise,4873.441981325692,4878.300279765155,直连,
P00030,leg1-cruise,4873.441981325692,4878.300279765155,直连,
P00041,leg1-cruise,4873.441981325692,4878.300279765155,中继,RU-002
P00275,leg1-climb,4876.39032094989,4886.266081063422,直连,
P00278,leg1-climb,4876.39032094989,4886.266081063422,直连,
P00044,leg1-descent,4876.687187980278,4885.597238966766,中继,RU-002
P00009,leg1-cruise,4878.300279765155,4883.158578204619,直连,
P00026,leg2-cruise,4878.300279765155,4883.158578204619,直连,
P00030,leg1-cruise,4878.300279765155,4883.158578204619,直连,
P00041,leg1-cruise,4878.300279765155,4883.158578204619,中继,RU-002
P00009,leg1-cruise,4883.158578204619,4888.016876644082,直连,
P00026,leg2-cruise,4883.158578204619,4888.016876644082,直连,
P00030,leg1-cruise,4883.158578204619,4888.016876644082,直连,
P00041,leg1-cruise,4883.158578204619,4888.016876644082,中继,RU-002
P00044,leg1-descent,4885.597238966766,4894.507289953252,中继,RU-002
P00275,leg1-climb,4886.266081063422,4896.141841176954,直连,
P00278,leg1-climb,4886.266081063422,4896.141841176954,直连,
P00009,leg1-cruise,4888.016876644082,4892.875175083545,直连,
P00026,leg2-cruise,4888.016876644082,4892.875175083545,直连,
P00030,leg1-cruise,4888.016876644082,4892.875175083545,直连,
P00041,leg1-cruise,4888.016876644082,4892.875175083545,中继,RU-002
P00009,leg1-cruise,4892.875175083545,4897.733473523008,直连,
P00026,leg2-cruise,4892.875175083545,4897.733473523008,直连,
P00030,leg1-cruise,4892.875175083545,4897.733473523008,直连,
P00041,leg1-cruise,4892.875175083545,4897.733473523008,中继,RU-002
P00044,leg1-descent,4894.507289953252,4903.41734093974,中继,RU-002
P00275,leg1-climb,4896.141841176954,4906.017601290485,直连,
P00278,leg1-climb,4896.141841176954,4906.017601290485,直连,
P00009,leg1-cruise,4897.733473523008,4902.59177196247,直连,
P00026,leg2-cruise,4897.733473523008,4902.59177196247,直连,
P00030,leg1-cruise,4897.733473523008,4902.59177196247,直连,
P00041,leg1-cruise,4897.733473523008,4902.59177196247,中继,RU-002
P00009,leg1-cruise,4902.59177196247,4907.450070401934,直连,
P00026,leg2-cruise,4902.59177196247,4907.450070401934,直连,
P00030,leg1-cruise,4902.59177196247,4907.450070401934,直连,
P00041,leg1-cruise,4902.59177196247,4907.450070401934,中继,RU-002
P00044,leg1-descent,4903.41734093974,4912.327391926227,中继,RU-002
P00275,leg1-climb,4906.017601290485,4915.893361404016,直连,
P00278,leg1-climb,4906.017601290485,4915.893361404016,直连,
P00009,leg1-cruise,4907.450070401934,4912.308368841397,直连,
P00026,leg2-cruise,4907.450070401934,4912.308368841397,直连,
P00030,leg1-cruise,4907.450070401934,4912.308368841397,直连,
P00041,leg1-cruise,4907.450070401934,4912.308368841397,中继,RU-002
P00009,leg1-cruise,4912.308368841397,4917.16666728086,直连,
P00026,leg2-cruise,4912.308368841397,4917.16666728086,直连,
P00030,leg1-cruise,4912.308368841397,4917.16666728086,直连,
P00041,leg1-cruise,4912.308368841397,4917.16666728086,中继,RU-002
P00044,leg1-descent,4912.327391926227,4921.237442912715,中继,RU-002
P00275,leg1-climb,4915.893361404016,4925.769121517548,直连,
P00278,leg1-climb,4915.893361404016,4925.769121517548,直连,
P00009,leg1-cruise,4917.16666728086,4922.024965720322,直连,
P00026,leg2-cruise,4917.16666728086,4922.024965720322,直连,
P00030,leg1-cruise,4917.16666728086,4922.024965720322,直连,
P00041,leg1-cruise,4917.16666728086,4922.024965720322,中继,RU-002
P00044,S003-handoff,4921.237442912715,4930.445192837659,中继,RU-002
P00009,leg1-cruise,4922.024965720322,4926.883264159786,直连,
P00026,leg2-cruise,4922.024965720322,4926.883264159786,直连,
P00030,leg1-cruise,4922.024965720322,4926.883264159786,直连,
P00041,leg1-cruise,4922.024965720322,4926.883264159786,中继,RU-002
P00275,leg1-climb,4925.769121517548,4935.644881631079,直连,
P00278,leg1-climb,4925.769121517548,4935.644881631079,直连,
P00009,leg1-cruise,4926.883264159786,4931.741562599249,直连,
P00026,leg2-cruise,4926.883264159786,4931.741562599249,直连,
P00030,leg1-cruise,4926.883264159786,4931.741562599249,直连,
P00041,leg1-cruise,4926.883264159786,4931.741562599249,中继,RU-002
P00044,S003-handoff,4930.445192837659,4939.652942762603,中继,RU-002
P00009,leg1-cruise,4931.741562599249,4936.599861038712,直连,
P00026,leg2-cruise,4931.741562599249,4936.599861038712,直连,
P00030,leg1-cruise,4931.741562599249,4936.599861038712,直连,
P00041,leg1-cruise,4931.741562599249,4936.599861038712,中继,RU-002
P00275,leg1-climb,4935.644881631079,4945.520641744611,直连,
P00278,leg1-climb,4935.644881631079,4945.520641744611,直连,
P00009,leg1-cruise,4936.599861038712,4941.458159478176,直连,
P00026,leg2-cruise,4936.599861038712,4941.458159478176,直连,
P00030,leg1-cruise,4936.599861038712,4941.458159478176,直连,
P00041,leg1-cruise,4936.599861038712,4941.458159478176,中继,RU-002
P00044,S003-handoff,4939.652942762603,4948.860692687547,中继,RU-002
P00009,leg1-cruise,4941.458159478176,4946.316457917638,直连,
P00026,leg2-cruise,4941.458159478176,4946.316457917638,直连,
P00030,leg1-cruise,4941.458159478176,4946.316457917638,直连,
P00041,leg1-cruise,4941.458159478176,4946.316457917638,中继,RU-002
P00275,leg1-climb,4945.520641744611,4955.396401858143,直连,
P00278,leg1-climb,4945.520641744611,4955.396401858143,直连,
P00009,leg1-cruise,4946.316457917638,4951.174756357101,直连,
P00026,leg2-cruise,4946.316457917638,4951.174756357101,直连,
P00030,leg1-cruise,4946.316457917638,4951.174756357101,直连,
P00041,leg1-cruise,4946.316457917638,4951.174756357101,中继,RU-002
P00044,S003-handoff,4948.860692687547,4958.068442612492,中继,RU-002
P00009,leg1-cruise,4951.174756357101,4956.033054796564,直连,
P00026,leg2-cruise,4951.174756357101,4956.033054796564,直连,
P00030,leg1-cruise,4951.174756357101,4956.033054796564,直连,
P00041,leg1-cruise,4951.174756357101,4956.033054796564,中继,RU-002
P00275,leg1-climb,4955.396401858143,4965.272161971674,直连,
P00278,leg1-climb,4955.396401858143,4965.272161971674,直连,
P00009,leg1-cruise,4956.033054796564,4960.891353236027,直连,
P00026,leg2-cruise,4956.033054796564,4960.891353236027,直连,
P00030,leg1-cruise,4956.033054796564,4960.891353236027,直连,
P00041,leg1-cruise,4956.033054796564,4960.891353236027,中继,RU-002
P00044,S003-handoff,4958.068442612492,4967.276192537436,中继,RU-002
P00009,leg1-cruise,4960.891353236027,4965.74965167549,直连,
P00026,leg2-cruise,4960.891353236027,4965.74965167549,直连,
P00030,leg1-cruise,4960.891353236027,4965.74965167549,直连,
P00041,leg1-cruise,4960.891353236027,4965.74965167549,中继,RU-002
P00275,leg1-climb,4965.272161971674,4975.147922085205,直连,
P00278,leg1-climb,4965.272161971674,4975.147922085205,直连,
P00009,leg1-cruise,4965.74965167549,4970.607950114953,直连,
P00026,leg2-cruise,4965.74965167549,4970.607950114953,直连,
P00030,leg1-cruise,4965.74965167549,4970.607950114953,直连,
P00041,leg1-cruise,4965.74965167549,4970.607950114953,中继,RU-002
P00044,S003-handoff,4967.276192537436,4976.483942462381,中继,RU-002
P00009,leg1-cruise,4970.607950114953,4975.466248554417,直连,
P00026,leg2-cruise,4970.607950114953,4975.466248554417,直连,
P00030,leg1-cruise,4970.607950114953,4975.466248554417,直连,
P00041,leg1-cruise,4970.607950114953,4975.466248554417,中继,RU-002
P00275,leg1-climb,4975.147922085205,4985.023682198737,直连,
P00278,leg1-climb,4975.147922085205,4985.023682198737,直连,
P00009,leg1-cruise,4975.466248554417,4980.324546993879,直连,
P00026,leg2-cruise,4975.466248554417,4980.324546993879,直连,
P00030,leg1-cruise,4975.466248554417,4980.324546993879,直连,
P00041,leg1-cruise,4975.466248554417,4980.324546993879,中继,RU-002
P00044,S003-handoff,4976.483942462381,4985.691692387324,中继,RU-002
P00009,leg1-cruise,4980.324546993879,4985.182845433343,直连,
P00026,leg2-cruise,4980.324546993879,4985.182845433343,直连,
P00030,leg1-cruise,4980.324546993879,4985.182845433343,直连,
P00041,leg1-cruise,4980.324546993879,4985.182845433343,中继,RU-002
P00275,leg1-climb,4985.023682198737,4994.899442312269,直连,
P00278,leg1-climb,4985.023682198737,4994.899442312269,直连,
P00009,leg1-cruise,4985.182845433343,4990.041143872806,直连,
P00026,leg2-cruise,4985.182845433343,4990.041143872806,直连,
P00030,leg1-cruise,4985.182845433343,4990.041143872806,直连,
P00041,leg1-cruise,4985.182845433343,4990.041143872806,中继,RU-002
P00044,S003-handoff,4985.691692387324,4994.899442312269,中继,RU-002
P00009,leg1-cruise,4990.041143872806,4994.899442312269,直连,
P00026,leg2-cruise,4990.041143872806,4994.899442312269,直连,
P00030,leg1-cruise,4990.041143872806,4994.899442312269,直连,
P00041,leg1-cruise,4990.041143872806,4994.899442312269,中继,RU-002
P00009,leg1-cruise,4994.899442312269,4999.141604612848,中继,RU-003
P00026,leg2-cruise,4994.899442312269,4999.141604612848,直连,
P00030,leg1-cruise,4994.899442312269,4999.141604612848,直连,
P00041,leg1-cruise,4994.899442312269,5003.383766913427,中继,RU-002
P00044,S003-handoff,4994.899442312269,5003.383766913427,中继,RU-002
P00275,leg1-climb,4994.899442312269,5004.4813792995,直连,
P00278,leg1-climb,4994.899442312269,5004.4813792995,直连,
P00009,leg1-cruise,4999.141604612848,5003.383766913427,中继,RU-003
P00026,leg2-cruise,4999.141604612848,5003.383766913427,直连,
P00030,leg1-cruise,4999.141604612848,5003.383766913427,直连,
P00009,leg1-cruise,5003.383766913427,5007.625929214007,中继,RU-003
P00026,leg2-cruise,5003.383766913427,5007.625929214007,直连,
P00030,leg1-cruise,5003.383766913427,5007.625929214007,直连,
P00041,leg1-cruise,5003.383766913427,5011.868091514586,中继,RU-002
P00044,S003-handoff,5003.383766913427,5011.868091514586,中继,RU-002
P00275,leg1-cruise,5004.4813792995,5012.746181423444,直连,
P00278,leg1-cruise,5004.4813792995,5012.746181423444,直连,
P00009,leg1-cruise,5007.625929214007,5011.868091514586,中继,RU-003
P00026,leg2-cruise,5007.625929214007,5011.868091514586,直连,
P00030,leg1-cruise,5007.625929214007,5011.868091514586,直连,
P00009,leg1-cruise,5011.868091514586,5016.110253815165,中继,RU-003
P00026,leg2-cruise,5011.868091514586,5016.110253815165,直连,
P00030,leg1-cruise,5011.868091514586,5016.110253815165,直连,
P00041,leg1-cruise,5011.868091514586,5020.352416115745,中继,RU-002
P00044,S003-handoff,5011.868091514586,5020.352416115745,中继,RU-002
P00275,leg1-cruise,5012.746181423444,5021.010983547389,直连,
P00278,leg1-cruise,5012.746181423444,5021.010983547389,直连,
P00009,leg1-cruise,5016.110253815165,5020.352416115745,中继,RU-003
P00026,leg2-cruise,5016.110253815165,5020.352416115745,直连,
P00030,leg1-cruise,5016.110253815165,5020.352416115745,直连,
P00009,leg1-cruise,5020.352416115745,5024.594578416324,中继,RU-003
P00026,leg2-cruise,5020.352416115745,5024.594578416324,直连,
P00030,leg1-cruise,5020.352416115745,5024.594578416324,直连,
P00041,leg1-cruise,5020.352416115745,5028.836740716903,中继,RU-002
P00044,S003-handoff,5020.352416115745,5028.836740716903,中继,RU-002
P00275,leg1-cruise,5021.010983547389,5029.275785671332,直连,
P00278,leg1-cruise,5021.010983547389,5029.275785671332,直连,
P00009,leg1-cruise,5024.594578416324,5028.836740716903,中继,RU-003
P00026,leg2-cruise,5024.594578416324,5028.836740716903,直连,
P00030,leg1-cruise,5024.594578416324,5028.836740716903,直连,
P00009,leg1-cruise,5028.836740716903,5033.078903017483,中继,RU-003
P00026,leg2-cruise,5028.836740716903,5033.078903017483,直连,
P00030,leg1-cruise,5028.836740716903,5033.078903017483,直连,
P00041,leg1-cruise,5028.836740716903,5037.321065318062,中继,RU-002
P00044,S003-handoff,5028.836740716903,5037.321065318062,中继,RU-002
P00275,leg1-cruise,5029.275785671332,5037.540587795277,直连,
P00278,leg1-cruise,5029.275785671332,5037.540587795277,直连,
P00009,leg1-cruise,5033.078903017483,5037.321065318062,中继,RU-003
P00026,leg2-cruise,5033.078903017483,5037.321065318062,直连,
P00030,leg1-cruise,5033.078903017483,5037.321065318062,直连,
P00009,leg1-cruise,5037.321065318062,5041.563227618642,中继,RU-003
P00026,leg2-cruise,5037.321065318062,5041.563227618642,直连,
P00030,leg1-cruise,5037.321065318062,5041.563227618642,直连,
P00041,leg1-cruise,5037.321065318062,5045.805389919221,中继,RU-002
P00044,S003-handoff,5037.321065318062,5045.805389919221,中继,RU-002
P00275,leg1-cruise,5037.540587795277,5045.805389919221,直连,
P00278,leg1-cruise,5037.540587795277,5045.805389919221,直连,
P00009,leg1-cruise,5041.563227618642,5045.805389919221,中继,RU-003
P00026,leg2-cruise,5041.563227618642,5045.805389919221,直连,
P00030,leg1-cruise,5041.563227618642,5045.805389919221,直连,
P00009,leg1-cruise,5045.805389919221,5050.70784488647,中继,RU-003
P00026,leg2-cruise,5045.805389919221,5050.628840065116,直连,
P00030,leg1-cruise,5045.805389919221,5050.720222152511,中继,RU-003
P00041,leg1-cruise,5045.805389919221,5054.451866513148,中继,RU-002
P00044,S003-handoff,5045.805389919221,5055.499391811845,中继,RU-002
P00275,leg1-cruise,5045.805389919221,5050.749906396497,直连,
P00278,leg1-cruise,5045.805389919221,5050.749906396497,直连,
P00026,leg2-cruise,5050.628840065116,5055.452290211012,直连,
P00009,leg1-cruise,5050.70784488647,5055.610299853721,中继,RU-003
P00030,leg1-cruise,5050.720222152511,5055.635054385801,中继,RU-003
P00275,leg1-cruise,5050.749906396497,5055.694422873773,直连,
P00278,leg1-cruise,5050.749906396497,5055.694422873773,直连,
P00143,leg1-climb,5053.384093212203,5063.074533886032,直连,
P00041,leg1-cruise,5054.451866513148,5063.098343107076,中继,RU-002
P00026,leg2-cruise,5055.452290211012,5060.275740356908,直连,
P00044,S003-handoff,5055.499391811845,5065.193393704471,中继,RU-002
P00009,leg1-cruise,5055.610299853721,5060.512754820971,中继,RU-003
P00030,leg1-cruise,5055.635054385801,5060.54988661909,中继,RU-003
P00275,leg1-cruise,5055.694422873773,5060.638939351049,直连,
P00278,leg1-cruise,5055.694422873773,5060.638939351049,直连,
P00026,leg2-cruise,5060.275740356908,5065.099190502803,直连,
P00009,leg1-cruise,5060.512754820971,5065.415209788222,中继,RU-003
P00030,leg1-cruise,5060.54988661909,5065.46471885238,中继,RU-003
P00275,leg1-cruise,5060.638939351049,5065.583455828325,直连,
P00278,leg1-cruise,5060.638939351049,5065.583455828325,直连,
P00143,leg1-climb,5063.074533886032,5072.764974559859,直连,
P00041,leg1-cruise,5063.098343107076,5071.744819701004,中继,RU-002
P00026,leg2-cruise,5065.099190502803,5069.922640648699,直连,
P00044,S003-handoff,5065.193393704471,5074.887395597096,中继,RU-002
P00009,leg1-cruise,5065.415209788222,5070.317664755472,中继,RU-003
P00030,leg1-cruise,5065.46471885238,5070.379551085669,中继,RU-003
P00275,leg1-cruise,5065.583455828325,5070.527972305601,直连,
P00278,leg1-cruise,5065.583455828325,5070.527972305601,直连,
P00026,leg2-cruise,5069.922640648699,5074.746090794594,直连,
P00009,leg1-cruise,5070.317664755472,5075.220119722721,中继,RU-003
P00030,leg1-cruise,5070.379551085669,5075.294383318959,中继,RU-003
P00275,leg1-cruise,5070.527972305601,5075.472488782876,直连,
P00278,leg1-cruise,5070.527972305601,5075.472488782876,直连,
P00041,leg1-cruise,5071.744819701004,5080.391296294931,中继,RU-002
P00143,leg1-climb,5072.764974559859,5082.455415233688,直连,
P00026,leg2-cruise,5074.746090794594,5079.56954094049,直连,
P00044,S003-handoff,5074.887395597096,5084.58139748972,中继,RU-002
P00009,leg1-cruise,5075.220119722721,5080.122574689971,中继,RU-003
P00030,leg1-cruise,5075.294383318959,5080.209215552249,中继,RU-003
P00275,leg1-cruise,5075.472488782876,5080.417005260152,直连,
P00278,leg1-cruise,5075.472488782876,5080.417005260152,直连,
P00026,leg2-cruise,5079.56954094049,5084.392991086385,直连,
P00009,leg1-cruise,5080.122574689971,5085.025029657221,中继,RU-003
P00030,leg1-cruise,5080.209215552249,5085.124047785538,中继,RU-003
P00041,leg1-descent,5080.391296294931,5090.315924658646,中继,RU-002
P00275,leg1-cruise,5080.417005260152,5085.361521737428,直连,
P00278,leg1-cruise,5080.417005260152,5085.361521737428,直连,
P00143,leg1-climb,5082.455415233688,5092.145855907515,直连,
P00026,leg2-cruise,5084.392991086385,5089.216441232281,直连,
P00044,S003-handoff,5084.58139748972,5094.275399382344,中继,RU-002
P00009,leg1-cruise,5085.025029657221,5089.927484624472,中继,RU-003
P00030,leg1-cruise,5085.124047785538,5090.038880018828,中继,RU-003
P00275,leg1-cruise,5085.361521737428,5090.306038214704,直连,
P00278,leg1-cruise,5085.361521737428,5090.306038214704,直连,
P00026,leg2-cruise,5089.216441232281,5094.039891378176,直连,
P00009,leg1-cruise,5089.927484624472,5094.829939591722,中继,RU-003
P00030,leg1-cruise,5090.038880018828,5094.953712252118,中继,RU-003
P00275,leg1-cruise,5090.306038214704,5095.25055469198,直连,
P00278,leg1-cruise,5090.306038214704,5095.25055469198,直连,
P00041,leg1-descent,5090.315924658646,5100.240553022361,中继,RU-002
P00143,leg1-climb,5092.145855907515,5101.836296581344,直连,
P00026,leg2-cruise,5094.039891378176,5098.863341524072,直连,
P00044,S003-handoff,5094.275399382344,5103.96940127497,中继,RU-002
P00009,leg1-cruise,5094.829939591722,5099.732394558972,中继,RU-003
P00030,leg1-cruise,5094.953712252118,5099.868544485407,中继,RU-003
P00275,leg1-cruise,5095.25055469198,5100.195071169256,直连,
P00278,leg1-cruise,5095.25055469198,5100.195071169256,直连,
P00026,leg2-cruise,5098.863341524072,5103.686791669968,直连,
P00009,leg1-cruise,5099.732394558972,5104.634849526222,中继,RU-003
P00030,leg1-cruise,5099.868544485407,5104.783376718697,中继,RU-003
P00275,leg1-cruise,5100.195071169256,5105.139587646532,直连,
P00278,leg1-cruise,5100.195071169256,5105.139587646532,直连,
P00041,leg1-descent,5100.240553022361,5110.165181386076,中继,RU-002
P00143,leg1-cruise,5101.836296581344,5111.450923623839,直连,
P00026,leg2-cruise,5103.686791669968,5108.510241815863,直连,
P00044,S003-handoff,5103.96940127497,5113.663403167595,中继,RU-002
P00009,leg1-cruise,5104.634849526222,5109.537304493471,中继,RU-003
P00030,leg1-cruise,5104.783376718697,5109.698208951986,中继,RU-003
P00275,leg1-cruise,5105.139587646532,5110.084104123807,直连,
P00278,leg1-cruise,5105.139587646532,5110.084104123807,直连,
P00026,leg2-cruise,5108.510241815863,5113.333691961759,直连,
P00009,leg1-cruise,5109.537304493471,5114.439759460722,中继,RU-003
P00030,leg1-cruise,5109.698208951986,5114.613041185276,中继,RU-003
P00275,leg1-cruise,5110.084104123807,5115.028620601083,直连,
P00278,leg1-cruise,5110.084104123807,5115.028620601083,直连,
P00041,leg1-descent,5110.165181386076,5120.089809749792,中继,RU-002
P00143,leg1-cruise,5111.450923623839,5121.065550666334,直连,
P00026,leg2-descent,5113.333691961759,5123.202564303338,直连,
P00044,S003-handoff,5113.663403167595,5123.357405060219,中继,RU-002
P00009,leg1-cruise,5114.439759460722,5119.342214427972,中继,RU-003
P00030,leg1-cruise,5114.613041185276,5119.527873418566,中继,RU-003
P00275,leg1-cruise,5115.028620601083,5119.973137078359,直连,
P00278,leg1-cruise,5115.028620601083,5119.973137078359,直连,
P00009,leg1-cruise,5119.342214427972,5124.244669395222,中继,RU-003
P00030,leg1-cruise,5119.527873418566,5124.442705651855,中继,RU-003
P00275,leg1-cruise,5119.973137078359,5124.917653555635,直连,
P00278,leg1-cruise,5119.973137078359,5124.917653555635,直连,
P00041,leg1-descent,5120.089809749792,5130.014438113507,中继,RU-002
P00143,leg1-cruise,5121.065550666334,5130.680177708829,直连,
P00026,leg2-descent,5123.202564303338,5133.071436644918,直连,
P00044,S003-handoff,5123.357405060219,5133.051406952844,中继,RU-002
P00009,leg1-cruise,5124.244669395222,5129.147124362472,中继,RU-003
P00030,leg1-cruise,5124.442705651855,5129.357537885146,中继,RU-003
P00275,leg1-cruise,5124.917653555635,5129.862170032911,直连,
P00278,leg1-cruise,5124.917653555635,5129.862170032911,直连,
P00009,leg1-cruise,5129.147124362472,5134.049579329722,中继,RU-003
P00030,leg1-cruise,5129.357537885146,5134.272370118435,中继,RU-003
P00275,leg1-cruise,5129.862170032911,5134.806686510187,直连,
P00278,leg1-cruise,5129.862170032911,5134.806686510187,直连,
P00041,leg1-descent,5130.014438113507,5139.939066477223,中继,RU-002
P00143,leg1-cruise,5130.680177708829,5140.294804751324,直连,
P00044,S003-handoff,5133.051406952844,5142.745408845469,中继,RU-002
P00026,leg2-descent,5133.071436644918,5142.940308986498,直连,
P00009,leg1-cruise,5134.049579329722,5138.952034296972,中继,RU-003
P00030,leg1-cruise,5134.272370118435,5139.187202351724,中继,RU-003
P00275,leg1-cruise,5134.806686510187,5139.751202987463,直连,
P00278,leg1-cruise,5134.806686510187,5139.751202987463,直连,
P00009,leg1-cruise,5138.952034296972,5143.854489264222,中继,RU-003
P00030,leg1-cruise,5139.187202351724,5144.102034585014,中继,RU-003
P00275,leg1-cruise,5139.751202987463,5144.695719464739,直连,
P00278,leg1-cruise,5139.751202987463,5144.695719464739,直连,
P00041,leg1-descent,5139.939066477223,5149.863694840938,中继,RU-002
P00143,leg1-cruise,5140.294804751324,5149.909431793819,直连,
P00044,S003-handoff,5142.745408845469,5152.439410738094,中继,RU-002
P00026,leg2-descent,5142.940308986498,5152.809181328078,直连,
P00009,leg1-descent,5143.854489264222,5153.295554056432,中继,RU-003
P00030,leg1-cruise,5144.102034585014,5149.016866818303,中继,RU-003
P00275,leg1-cruise,5144.695719464739,5149.640235942015,直连,
P00278,leg1-cruise,5144.695719464739,5149.640235942015,直连,
P00030,leg1-cruise,5149.016866818303,5153.931699051594,中继,RU-003
P00275,leg1-cruise,5149.640235942015,5154.58475241929,直连,
P00278,leg1-cruise,5149.640235942015,5154.58475241929,直连,
P00041,leg1-descent,5149.863694840938,5159.788323204653,中继,RU-002
P00143,leg1-cruise,5149.909431793819,5159.524058836314,直连,
P00044,S003-handoff,5152.439410738094,5162.133412630718,中继,RU-002
P00026,leg2-descent,5152.809181328078,5162.678053669658,直连,
P00009,leg1-descent,5153.295554056432,5162.73661884864,中继,RU-003
P00030,leg1-cruise,5153.931699051594,5158.846531284883,中继,RU-003
P00275,leg1-cruise,5154.58475241929,5159.529268896566,直连,
P00278,leg1-cruise,5154.58475241929,5159.529268896566,直连,
P00030,leg1-cruise,5158.846531284883,5163.761363518172,中继,RU-003
P00143,leg1-cruise,5159.524058836314,5169.138685878809,直连,
P00275,leg1-cruise,5159.529268896566,5164.473785373842,直连,
P00278,leg1-cruise,5159.529268896566,5164.473785373842,直连,
P00041,leg1-descent,5159.788323204653,5169.712951568368,中继,RU-002
P00044,S003-handoff,5162.133412630718,5171.827414523343,中继,RU-002
P00026,leg2-descent,5162.678053669658,5172.546926011238,直连,
P00009,leg1-descent,5162.73661884864,5172.17768364085,中继,RU-003
P00030,leg1-cruise,5163.761363518172,5168.676195751463,中继,RU-003
P00275,leg1-cruise,5164.473785373842,5169.418301851118,直连,
P00278,leg1-cruise,5164.473785373842,5169.418301851118,直连,
P00030,leg1-cruise,5168.676195751463,5173.591027984752,中继,RU-003
P00143,leg1-cruise,5169.138685878809,5178.753312921303,直连,
P00275,leg1-cruise,5169.418301851118,5174.362818328394,直连,
P00278,leg1-cruise,5169.418301851118,5174.362818328394,直连,
P00041,S003-handoff,5169.712951568368,5179.293798276183,中继,RU-002
P00044,S003-handoff,5171.827414523343,5181.521416415968,中继,RU-002
P00009,leg1-descent,5172.17768364085,5181.618748433059,中继,RU-003
P00026,leg2-descent,5172.546926011238,5182.415798352818,直连,
P00030,leg1-cruise,5173.591027984752,5178.505860218042,中继,RU-003
P00275,leg1-cruise,5174.362818328394,5179.307334805671,直连,
P00278,leg1-cruise,5174.362818328394,5179.307334805671,直连,
P00030,leg1-cruise,5178.505860218042,5183.420692451332,中继,RU-003
P00143,leg1-cruise,5178.753312921303,5188.367939963799,直连,
P00041,S003-handoff,5179.293798276183,5188.874644983998,中继,RU-002
P00275,leg1-cruise,5179.307334805671,5184.251851282947,直连,
P00278,leg1-cruise,5179.307334805671,5184.251851282947,直连,
P00044,S003-handoff,5181.521416415968,5191.215418308593,中继,RU-002
P00009,leg1-descent,5181.618748433059,5191.059813225268,中继,RU-003
P00026,leg2-descent,5182.415798352818,5192.284670694397,直连,
P00030,leg1-cruise,5183.420692451332,5188.335524684621,中继,RU-003
P00275,leg1-cruise,5184.251851282947,5189.196367760222,直连,
P00278,leg1-cruise,5184.251851282947,5189.196367760222,直连,
P00030,leg1-cruise,5188.335524684621,5193.250356917911,中继,RU-003
P00143,leg1-cruise,5188.367939963799,5197.982567006294,直连,
P00041,S003-handoff,5188.874644983998,5198.455491691813,中继,RU-002
P00275,leg1-cruise,5189.196367760222,5194.140884237498,直连,
P00278,leg1-cruise,5189.196367760222,5194.140884237498,直连,
P00009,leg1-descent,5191.059813225268,5200.500878017478,中继,RU-003
P00044,S003-handoff,5191.215418308593,5200.909420201217,中继,RU-002
P00026,leg2-descent,5192.284670694397,5202.153543035977,直连,
P00030,leg1-cruise,5193.250356917911,5198.165189151201,中继,RU-003
P00275,leg1-cruise,5194.140884237498,5199.085400714774,直连,
P00278,leg1-cruise,5194.140884237498,5199.085400714774,直连,
P00143,leg1-cruise,5197.982567006294,5207.597194048789,直连,
P00030,leg1-cruise,5198.165189151201,5203.08002138449,中继,RU-003
P00041,S003-handoff,5198.455491691813,5208.036338399628,中继,RU-002
P00275,leg1-cruise,5199.085400714774,5204.02991719205,直连,
P00278,leg1-cruise,5199.085400714774,5204.02991719205,直连,
P00009,leg1-descent,5200.500878017478,5209.941942809687,中继,RU-003
P00044,S003-handoff,5200.909420201217,5210.603422093842,中继,RU-002
P00026,leg2-descent,5202.153543035977,5212.022415377557,直连,
P00030,leg1-cruise,5203.08002138449,5207.99485361778,中继,RU-003
P00275,leg1-cruise,5204.02991719205,5208.974433669326,直连,
P00278,leg1-cruise,5204.02991719205,5208.974433669326,直连,
P00143,leg1-cruise,5207.597194048789,5217.211821091283,直连,
P00030,leg1-cruise,5207.99485361778,5212.909685851069,中继,RU-003
P00041,S003-handoff,5208.036338399628,5217.617185107443,中继,RU-002
P00275,leg1-cruise,5208.974433669326,5213.918950146602,直连,
P00278,leg1-cruise,5208.974433669326,5213.918950146602,直连,
P00009,leg1-descent,5209.941942809687,5219.383007601896,中继,RU-003
P00044,S003-handoff,5210.603422093842,5220.297423986467,中继,RU-002
P00026,leg2-descent,5212.022415377557,5221.891287719137,直连,
P00030,leg1-cruise,5212.909685851069,5217.824518084359,中继,RU-003
P00275,leg1-cruise,5213.918950146602,5218.863466623878,直连,
P00278,leg1-cruise,5213.918950146602,5218.863466623878,直连,
P00143,leg1-cruise,5217.211821091283,5226.826448133778,直连,
P00041,S003-handoff,5217.617185107443,5227.198031815258,中继,RU-002
P00030,leg1-cruise,5217.824518084359,5222.739350317649,中继,RU-003
P00275,leg1-cruise,5218.863466623878,5223.807983101154,直连,
P00278,leg1-cruise,5218.863466623878,5223.807983101154,直连,
P00009,leg1-descent,5219.383007601896,5228.824072394105,中继,RU-003
P00044,S003-handoff,5220.297423986467,5229.991425879092,中继,RU-002
P00026,leg2-descent,5221.891287719137,5231.760160060717,直连,
P00030,leg1-cruise,5222.739350317649,5227.654182550938,中继,RU-003
P00275,leg1-cruise,5223.807983101154,5228.75249957843,直连,
P00278,leg1-cruise,5223.807983101154,5228.75249957843,直连,
P00143,leg1-cruise,5226.826448133778,5236.441075176273,直连,
P00041,S003-handoff,5227.198031815258,5236.778878523073,中继,RU-002
P00030,leg1-cruise,5227.654182550938,5232.569014784228,中继,RU-003
P00275,leg1-cruise,5228.75249957843,5233.697016055705,直连,
P00278,leg1-cruise,5228.75249957843,5233.697016055705,直连,
P00009,S004-handoff,5228.824072394105,5238.257097231116,中继,RU-003
P00044,S003-handoff,5229.991425879092,5239.685427771717,中继,RU-002
P00026,leg2-descent,5231.760160060717,5241.629032402297,直连,
P00030,leg1-cruise,5232.569014784228,5237.483847017518,中继,RU-003
P00275,leg1-cruise,5233.697016055705,5238.641532532981,直连,
P00278,leg1-cruise,5233.697016055705,5238.641532532981,直连,
P00143,leg1-cruise,5236.441075176273,5246.055702218769,直连,
P00041,S003-handoff,5236.778878523073,5246.359725230888,中继,RU-002
P00030,leg1-cruise,5237.483847017518,5242.398679250808,中继,RU-003
P00009,S004-handoff,5238.257097231116,5247.690122068127,中继,RU-003
P00275,leg1-cruise,5238.641532532981,5243.586049010257,直连,
P00278,leg1-cruise,5238.641532532981,5243.586049010257,直连,
P00044,S003-handoff,5239.685427771717,5249.379429664341,中继,RU-002
P00026,leg2-descent,5241.629032402297,5251.497904743876,直连,
P00030,leg1-cruise,5242.398679250808,5247.313511484097,中继,RU-003
P00275,leg1-cruise,5243.586049010257,5248.530565487533,直连,
P00278,leg1-cruise,5243.586049010257,5248.530565487533,直连,
P00143,leg1-cruise,5246.055702218769,5255.670329261264,直连,
P00041,S003-handoff,5246.359725230888,5255.940571938703,中继,RU-002
P00030,leg1-cruise,5247.313511484097,5252.228343717386,中继,RU-003
P00009,S004-handoff,5247.690122068127,5257.123146905137,中继,RU-003
P00275,leg1-cruise,5248.530565487533,5253.475081964809,直连,
P00278,leg1-cruise,5248.530565487533,5253.475081964809,直连,
P00044,S003-handoff,5249.379429664341,5259.073431556966,中继,RU-002
P00026,leg2-descent,5251.497904743876,5261.366777085456,直连,
P00030,leg1-cruise,5252.228343717386,5257.143175950676,中继,RU-003
P00275,leg1-cruise,5253.475081964809,5258.419598442085,直连,
P00278,leg1-cruise,5253.475081964809,5258.419598442085,直连,
P00143,leg1-cruise,5255.670329261264,5265.284956303758,直连,
P00041,S003-handoff,5255.940571938703,5265.521418646518,中继,RU-002
P00009,S004-handoff,5257.123146905137,5266.556171742148,中继,RU-003
P00030,leg1-cruise,5257.143175950676,5262.058008183966,中继,RU-003
P00275,leg1-cruise,5258.419598442085,5263.364114919361,直连,
P00278,leg1-cruise,5258.419598442085,5263.364114919361,直连,
P00044,S003-handoff,5259.073431556966,5268.767433449591,中继,RU-002
P00026,leg2-descent,5261.366777085456,5271.235649427036,直连,
P00030,leg1-cruise,5262.058008183966,5266.972840417256,中继,RU-003
P00275,leg1-cruise,5263.364114919361,5268.308631396636,直连,
P00278,leg1-cruise,5263.364114919361,5268.308631396636,直连,
P00143,leg1-cruise,5265.284956303758,5274.899583346253,直连,
P00041,S003-handoff,5265.521418646518,5275.102265354333,中继,RU-002
P00009,S004-handoff,5266.556171742148,5275.989196579158,中继,RU-003
P00030,leg1-cruise,5266.972840417256,5271.887672650545,中继,RU-003
P00275,leg1-cruise,5268.308631396636,5273.253147873912,直连,
P00278,leg1-cruise,5268.308631396636,5273.253147873912,直连,
P00044,S003-handoff,5268.767433449591,5278.461435342216,中继,RU-002
P00026,leg2-descent,5271.235649427036,5281.104521768616,直连,
P00030,leg1-cruise,5271.887672650545,5276.802504883835,中继,RU-003
P00275,leg1-cruise,5273.253147873912,5278.197664351188,直连,
P00278,leg1-cruise,5273.253147873912,5278.197664351188,直连,
P00143,leg1-cruise,5274.899583346253,5284.514210388748,直连,
P00041,S003-handoff,5275.102265354333,5284.683112062148,中继,RU-002
P00009,S004-handoff,5275.989196579158,5285.42222141617,中继,RU-003
P00030,leg1-cruise,5276.802504883835,5281.717337117125,中继,RU-003
P00275,leg1-cruise,5278.197664351188,5283.142180828464,直连,
P00278,leg1-cruise,5278.197664351188,5283.142180828464,直连,
P00044,S003-handoff,5278.461435342216,5288.15543723484,中继,RU-002
P00026,leg2-descent,5281.104521768616,5290.973394110196,直连,
P00030,leg1-cruise,5281.717337117125,5286.632169350414,中继,RU-003
P00275,leg1-cruise,5283.142180828464,5288.08669730574,直连,
P00278,leg1-cruise,5283.142180828464,5288.08669730574,直连,
P00143,leg1-cruise,5284.514210388748,5294.128837431243,直连,
P00041,S003-handoff,5284.683112062148,5294.263958769963,中继,RU-002
P00009,S004-handoff,5285.42222141617,5294.855246253181,中继,RU-003
P00030,leg1-cruise,5286.632169350414,5291.547001583704,中继,RU-003
P00275,leg1-cruise,5288.08669730574,5293.031213783016,直连,
P00278,leg1-cruise,5288.08669730574,5293.031213783016,直连,
P00044,S003-handoff,5288.15543723484,5297.849439127465,中继,RU-002
P00030,leg1-cruise,5291.547001583704,5296.461833816993,中继,RU-003
P00275,leg1-cruise,5293.031213783016,5297.975730260292,直连,
P00278,leg1-cruise,5293.031213783016,5297.975730260292,直连,
P00143,leg1-cruise,5294.128837431243,5303.743464473739,直连,
P00041,S003-handoff,5294.263958769963,5303.844805477778,中继,RU-002
P00009,S004-handoff,5294.855246253181,5304.288271090191,中继,RU-003
P00030,leg1-cruise,5296.461833816993,5301.376666050283,中继,RU-003
P00044,S003-handoff,5297.849439127465,5307.543441020091,中继,RU-002
P00275,leg1-cruise,5297.975730260292,5302.920246737568,直连,
P00278,leg1-cruise,5297.975730260292,5302.920246737568,直连,
P00030,leg1-descent,5301.376666050283,5309.179335938018,中继,RU-003
P00275,leg1-cruise,5302.920246737568,5307.864763214844,直连,
P00278,leg1-cruise,5302.920246737568,5307.864763214844,直连,
P00143,leg1-cruise,5303.743464473739,5313.358091516233,直连,
P00041,S003-handoff,5303.844805477778,5313.425652185593,中继,RU-002
P00009,S004-handoff,5304.288271090191,5313.721295927202,中继,RU-003
P00044,S003-handoff,5307.543441020091,5317.237442912715,中继,RU-002
P00275,leg1-cruise,5307.864763214844,5312.809279692119,直连,
P00278,leg1-cruise,5307.864763214844,5312.809279692119,直连,
P00030,leg1-descent,5309.179335938018,5316.982005825754,中继,RU-003
P00275,leg1-cruise,5312.809279692119,5317.753796169395,直连,
P00278,leg1-cruise,5312.809279692119,5317.753796169395,直连,
P00143,leg1-cruise,5313.358091516233,5322.972718558728,直连,
P00041,S003-handoff,5313.425652185593,5323.006498893408,中继,RU-002
P00009,S004-handoff,5313.721295927202,5323.154320764213,中继,RU-003
P00030,leg1-descent,5316.982005825754,5324.784675713488,中继,RU-003
P00044,leg2-climb,5317.237442912715,5324.912394256969,中继,RU-002
P00275,leg1-cruise,5317.753796169395,5322.698312646671,直连,
P00278,leg1-cruise,5317.753796169395,5322.698312646671,直连,
P00275,leg1-cruise,5322.698312646671,5327.642829123947,直连,
P00278,leg1-cruise,5322.698312646671,5327.642829123947,直连,
P00143,leg1-cruise,5322.972718558728,5332.587345601223,直连,
P00041,S003-handoff,5323.006498893408,5332.587345601223,中继,RU-002
P00009,S004-handoff,5323.154320764213,5332.587345601223,中继,RU-003
P00030,leg1-descent,5324.784675713488,5332.587345601223,中继,RU-003
P00044,leg2-climb,5324.912394256969,5332.587345601223,中继,RU-002
P00275,leg1-cruise,5327.642829123947,5332.587345601223,直连,
P00278,leg1-cruise,5327.642829123947,5332.587345601223,直连,
P00009,S004-handoff,5332.587345601223,5342.328569827652,中继,RU-003
P00030,leg1-descent,5332.587345601223,5342.18039896044,中继,RU-003
P00041,S003-handoff,5332.587345601223,5342.012466794652,中继,RU-002
P00044,leg2-climb,5332.587345601223,5341.833814674339,中继,RU-002
P00143,leg1-cruise,5332.587345601223,5340.765088324844,直连,
P00275,leg1-cruise,5332.587345601223,5337.558648120947,中继,RU-002
P00278,leg1-cruise,5332.587345601223,5337.558648120947,中继,RU-002
P00275,leg1-cruise,5337.558648120947,5342.529950640669,中继,RU-002
P00278,leg1-cruise,5337.558648120947,5342.529950640669,中继,RU-002
P00143,leg1-cruise,5340.765088324844,5348.942831048465,直连,
P00044,leg2-climb,5341.833814674339,5351.080283747456,中继,RU-002
P00041,S003-handoff,5342.012466794652,5351.437587988081,中继,RU-002
P00030,S008-handoff,5342.18039896044,5352.18039896044,中继,RU-003
P00009,S004-handoff,5342.328569827652,5352.069794054082,中继,RU-003
P00275,leg1-cruise,5342.529950640669,5347.501253160392,中继,RU-002
P00278,leg1-cruise,5342.529950640669,5347.501253160392,中继,RU-002
P00275,leg1-cruise,5347.501253160392,5352.472555680116,中继,RU-002
P00278,leg1-cruise,5347.501253160392,5352.472555680116,中继,RU-002
P00143,leg1-cruise,5348.942831048465,5357.120573772087,直连,
P00044,leg2-climb,5351.080283747456,5360.326752820572,中继,RU-002
P00041,S003-handoff,5351.437587988081,5360.862709181511,中继,RU-002
P00009,S004-handoff,5352.069794054082,5361.811018280511,中继,RU-003
P00030,S008-handoff,5352.18039896044,5362.18039896044,中继,RU-003
P00275,leg1-cruise,5352.472555680116,5357.443858199838,中继,RU-002
P00278,leg1-cruise,5352.472555680116,5357.443858199838,中继,RU-002
P00143,leg1-descent,5357.120573772087,5366.026234782828,直连,
P00275,leg1-cruise,5357.443858199838,5362.415160719562,中继,RU-002
P00278,leg1-cruise,5357.443858199838,5362.415160719562,中继,RU-002
P00044,leg2-climb,5360.326752820572,5369.573221893688,中继,RU-002
P00041,S003-handoff,5360.862709181511,5370.287830374939,中继,RU-002
P00009,S004-handoff,5361.811018280511,5371.552242506941,中继,RU-003
P00030,S008-handoff,5362.18039896044,5372.18039896044,中继,RU-003
P00275,leg1-cruise,5362.415160719562,5367.386463239285,中继,RU-002
P00278,leg1-cruise,5362.415160719562,5367.386463239285,中继,RU-002
P00143,leg1-descent,5366.026234782828,5374.931895793571,直连,
P00275,leg1-cruise,5367.386463239285,5372.357765759009,中继,RU-002
P00278,leg1-cruise,5367.386463239285,5372.357765759009,中继,RU-002
P00044,leg2-climb,5369.573221893688,5378.819690966804,中继,RU-002
P00041,S003-handoff,5370.287830374939,5379.712951568368,中继,RU-002
P00009,S004-handoff,5371.552242506941,5381.29346673337,中继,RU-003
P00030,S008-handoff,5372.18039896044,5382.18039896044,中继,RU-003
P00275,leg1-cruise,5372.357765759009,5377.329068278732,中继,RU-002
P00278,leg1-cruise,5372.357765759009,5377.329068278732,中继,RU-002
P00143,leg1-descent,5374.931895793571,5383.837556804314,直连,
P00275,leg1-cruise,5377.329068278732,5382.300370798454,中继,RU-002
P00278,leg1-cruise,5377.329068278732,5382.300370798454,中继,RU-002
P00044,leg2-climb,5378.819690966804,5388.06616003992,中继,RU-002
P00041,leg2-climb,5379.712951568368,5389.017290659352,中继,RU-002
P00009,S004-handoff,5381.29346673337,5391.034690959799,中继,RU-003
P00030,S008-handoff,5382.18039896044,5392.18039896044,中继,RU-003
P00275,leg1-descent,5382.300370798454,5391.641695086959,中继,RU-002
P00278,leg1-descent,5382.300370798454,5391.641695086959,中继,RU-002
P00143,leg1-descent,5383.837556804314,5392.743217815056,直连,
P00044,leg2-climb,5388.06616003992,5397.312629113037,中继,RU-002
P00041,leg2-climb,5389.017290659352,5398.321629750334,中继,RU-002
P00009,S004-handoff,5391.034690959799,5400.775915186229,中继,RU-003
P00275,leg1-descent,5391.641695086959,5400.983019375463,中继,RU-002
P00278,leg1-descent,5391.641695086959,5400.983019375463,中继,RU-002
P00030,S008-handoff,5392.18039896044,5402.18039896044,中继,RU-003
P00143,S001-handoff,5392.743217815056,5402.743217815056,直连,
P00044,leg2-climb,5397.312629113037,5406.559098186152,中继,RU-002
P00041,leg2-climb,5398.321629750334,5407.625968841317,中继,RU-002
P00009,S004-handoff,5400.775915186229,5410.517139412658,中继,RU-003
P00275,leg1-descent,5400.983019375463,5410.324343663968,中继,RU-002
P00278,leg1-descent,5400.983019375463,5410.324343663968,中继,RU-002
P00030,S008-handoff,5402.18039896044,5412.18039896044,中继,RU-003
P00143,S001-handoff,5402.743217815056,5412.743217815056,直连,
P00044,leg2-cruise,5406.559098186152,5411.498605376877,中继,RU-002
P00041,leg2-climb,5407.625968841317,5416.9303079323,中继,RU-002
P00275,leg1-descent,5410.324343663968,5419.665667952472,中继,RU-002
P00278,leg1-descent,5410.324343663968,5419.665667952472,中继,RU-002
P00009,S004-handoff,5410.517139412658,5420.258363639088,中继,RU-003
P00044,leg2-cruise,5411.498605376877,5416.438112567601,中继,RU-002
P00030,S008-handoff,5412.18039896044,5422.18039896044,中继,RU-003
P00143,S001-handoff,5412.743217815056,5422.743217815056,直连,
P00044,leg2-cruise,5416.438112567601,5421.377619758325,中继,RU-002
P00041,leg2-climb,5416.9303079323,5426.234647023283,中继,RU-002
P00275,leg1-descent,5419.665667952472,5429.006992240977,中继,RU-002
P00278,leg1-descent,5419.665667952472,5429.006992240977,中继,RU-002
P00009,S004-handoff,5420.258363639088,5429.999587865517,中继,RU-003
P00044,leg2-cruise,5421.377619758325,5426.317126949049,中继,RU-002
P00030,S008-handoff,5422.18039896044,5432.18039896044,中继,RU-003
P00143,S001-handoff,5422.743217815056,5432.743217815056,直连,
P00041,leg2-climb,5426.234647023283,5435.538986114267,中继,RU-002
P00044,leg2-cruise,5426.317126949049,5431.256634139774,中继,RU-002
P00275,leg1-descent,5429.006992240977,5438.348316529481,中继,RU-002
P00278,leg1-descent,5429.006992240977,5438.348316529481,中继,RU-002
P00009,S004-handoff,5429.999587865517,5439.740812091946,中继,RU-003
P00044,leg2-cruise,5431.256634139774,5436.196141330498,中继,RU-002
P00030,S008-handoff,5432.18039896044,5442.18039896044,中继,RU-003
P00143,S001-handoff,5432.743217815056,5442.743217815056,直连,
P00041,leg2-climb,5435.538986114267,5444.843325205249,中继,RU-002
P00044,leg2-cruise,5436.196141330498,5441.135648521222,中继,RU-002
P00275,leg1-descent,5438.348316529481,5447.689640817985,中继,RU-002
P00278,leg1-descent,5438.348316529481,5447.689640817985,中继,RU-002
P00009,S004-handoff,5439.740812091946,5449.482036318376,中继,RU-003
P00044,leg2-cruise,5441.135648521222,5446.075155711947,中继,RU-002
P00030,S008-handoff,5442.18039896044,5452.18039896044,中继,RU-003
P00143,S001-handoff,5442.743217815056,5452.743217815056,直连,
P00041,leg2-climb,5444.843325205249,5454.147664296233,中继,RU-002
P00044,leg2-cruise,5446.075155711947,5451.014662902671,中继,RU-002
P00275,S007-handoff,5447.689640817985,5457.689640817985,中继,RU-002
P00278,S007-handoff,5447.689640817985,5457.689640817985,中继,RU-002
P00009,S004-handoff,5449.482036318376,5459.223260544805,中继,RU-003
P00044,leg2-cruise,5451.014662902671,5455.954170093395,中继,RU-002
P00030,S008-handoff,5452.18039896044,5462.18039896044,中继,RU-003
P00143,S001-handoff,5452.743217815056,5462.743217815056,直连,
P00041,leg2-cruise,5454.147664296233,5459.137352203545,中继,RU-002
P00044,leg2-cruise,5455.954170093395,5460.893677284119,中继,RU-002
P00275,S007-handoff,5457.689640817985,5467.689640817985,中继,RU-002
P00278,S007-handoff,5457.689640817985,5467.689640817985,中继,RU-002
P00041,leg2-cruise,5459.137352203545,5464.127040110857,中继,RU-002
P00009,S004-handoff,5459.223260544805,5468.964484771235,中继,RU-003
P00044,leg2-cruise,5460.893677284119,5465.833184474844,中继,RU-002
P00030,S008-handoff,5462.18039896044,5472.18039896044,中继,RU-003
P00143,S001-handoff,5462.743217815056,5472.743217815056,直连,
P00041,leg2-cruise,5464.127040110857,5469.116728018169,中继,RU-002
P00044,leg2-cruise,5465.833184474844,5470.772691665568,中继,RU-002
P00275,S007-handoff,5467.689640817985,5477.689640817985,中继,RU-002
P00278,S007-handoff,5467.689640817985,5477.689640817985,中继,RU-002
P00009,S004-handoff,5468.964484771235,5478.705708997664,中继,RU-003
P00041,leg2-cruise,5469.116728018169,5474.106415925481,中继,RU-002
P00044,leg2-cruise,5470.772691665568,5475.712198856292,中继,RU-002
P00030,S008-handoff,5472.18039896044,5482.18039896044,中继,RU-003
P00143,S001-handoff,5472.743217815056,5482.743217815056,直连,
P00041,leg2-cruise,5474.106415925481,5479.096103832793,中继,RU-002
P00044,leg2-cruise,5475.712198856292,5480.651706047016,中继,RU-002
P00275,S007-handoff,5477.689640817985,5487.689640817985,中继,RU-002
P00278,S007-handoff,5477.689640817985,5487.689640817985,中继,RU-002
P00009,S004-handoff,5478.705708997664,5488.446933224093,中继,RU-003
P00041,leg2-cruise,5479.096103832793,5484.085791740105,中继,RU-002
P00044,leg2-cruise,5480.651706047016,5485.591213237741,中继,RU-002
P00030,S008-handoff,5482.18039896044,5492.18039896044,中继,RU-003
P00143,S001-handoff,5482.743217815056,5492.743217815056,直连,
P00041,leg2-cruise,5484.085791740105,5489.075479647418,中继,RU-002
P00044,leg2-cruise,5485.591213237741,5490.530720428465,中继,RU-002
P00275,S007-handoff,5487.689640817985,5497.689640817985,中继,RU-002
P00278,S007-handoff,5487.689640817985,5497.689640817985,中继,RU-002
P00009,S004-handoff,5488.446933224093,5498.188157450523,中继,RU-003
P00041,leg2-cruise,5489.075479647418,5494.06516755473,中继,RU-002
P00044,leg2-cruise,5490.530720428465,5495.470227619189,中继,RU-002
P00030,S008-handoff,5492.18039896044,5502.18039896044,中继,RU-003
P00143,S001-handoff,5492.743217815056,5502.743217815056,直连,
P00041,leg2-cruise,5494.06516755473,5499.054855462042,中继,RU-002
P00044,leg2-cruise,5495.470227619189,5500.409734809913,中继,RU-002
P00275,S007-handoff,5497.689640817985,5507.689640817985,中继,RU-002
P00278,S007-handoff,5497.689640817985,5507.689640817985,中继,RU-002
P00009,S004-handoff,5498.188157450523,5507.929381676952,中继,RU-003
P00041,leg2-cruise,5499.054855462042,5504.044543369354,中继,RU-002
P00044,leg2-cruise,5500.409734809913,5505.349242000638,中继,RU-002
P00030,S008-handoff,5502.18039896044,5512.18039896044,中继,RU-003
P00143,S001-handoff,5502.743217815056,5512.743217815056,直连,
P00041,leg2-cruise,5504.044543369354,5509.034231276666,中继,RU-002
P00044,leg2-cruise,5505.349242000638,5510.288749191363,中继,RU-002
P00275,S007-handoff,5507.689640817985,5517.689640817985,中继,RU-002
P00278,S007-handoff,5507.689640817985,5517.689640817985,中继,RU-002
P00009,S004-handoff,5507.929381676952,5517.670605903382,中继,RU-003
P00041,leg2-cruise,5509.034231276666,5514.023919183978,中继,RU-002
P00044,leg2-cruise,5510.288749191363,5515.228256382086,中继,RU-002
P00030,S008-handoff,5512.18039896044,5522.18039896044,中继,RU-003
P00143,S001-handoff,5512.743217815056,5522.743217815056,直连,
P00041,leg2-cruise,5514.023919183978,5519.01360709129,中继,RU-002
P00044,leg2-cruise,5515.228256382086,5520.16776357281,中继,RU-002
P00009,S004-handoff,5517.670605903382,5527.411830129811,中继,RU-003
P00275,S007-handoff,5517.689640817985,5527.689640817985,中继,RU-002
P00278,S007-handoff,5517.689640817985,5527.689640817985,中继,RU-002
P00041,leg2-cruise,5519.01360709129,5524.003294998603,中继,RU-002
P00044,leg2-cruise,5520.16776357281,5525.107270763535,中继,RU-002
P00030,S008-handoff,5522.18039896044,5532.18039896044,中继,RU-003
P00143,S001-handoff,5522.743217815056,5532.743217815056,直连,
P00041,leg2-cruise,5524.003294998603,5528.992982905915,中继,RU-002
P00044,leg2-cruise,5525.107270763535,5530.04677795426,中继,RU-002
P00009,S004-handoff,5527.411830129811,5537.15305435624,中继,RU-003
P00275,S007-handoff,5527.689640817985,5537.689640817985,中继,RU-002
P00278,S007-handoff,5527.689640817985,5537.689640817985,中继,RU-002
P00041,leg2-cruise,5528.992982905915,5533.982670813227,中继,RU-002
P00044,leg2-cruise,5530.04677795426,5534.986285144983,中继,RU-002
P00030,S008-handoff,5532.18039896044,5542.18039896044,中继,RU-003
P00143,S001-handoff,5532.743217815056,5542.743217815056,直连,
P00041,leg2-cruise,5533.982670813227,5538.972358720539,中继,RU-002
P00044,leg2-cruise,5534.986285144983,5539.925792335707,中继,RU-002
P00009,S004-handoff,5537.15305435624,5546.89427858267,中继,RU-003
P00275,S007-handoff,5537.689640817985,5547.689640817985,中继,RU-002
P00278,S007-handoff,5537.689640817985,5547.689640817985,中继,RU-002
P00041,leg2-cruise,5538.972358720539,5543.96204662785,中继,RU-002
P00044,leg2-cruise,5539.925792335707,5544.865299526432,中继,RU-002
P00030,S008-handoff,5542.18039896044,5552.18039896044,中继,RU-003
P00143,S001-handoff,5542.743217815056,5552.743217815056,直连,
P00041,leg2-cruise,5543.96204662785,5548.951734535162,中继,RU-002
P00044,leg2-cruise,5544.865299526432,5549.804806717157,中继,RU-002
P00009,S004-handoff,5546.89427858267,5556.635502809099,中继,RU-003
P00275,S007-handoff,5547.689640817985,5557.689640817985,中继,RU-002
P00278,S007-handoff,5547.689640817985,5557.689640817985,中继,RU-002
P00041,leg2-cruise,5548.951734535162,5553.941422442475,中继,RU-002
P00044,leg2-cruise,5549.804806717157,5554.74431390788,中继,RU-002
P00030,leg2-climb,5552.18039896044,5560.681176650056,中继,RU-003
P00143,S001-handoff,5552.743217815056,5562.743217815056,直连,
P00041,leg2-cruise,5553.941422442475,5558.931110349787,中继,RU-002
P00044,leg2-cruise,5554.74431390788,5559.683821098604,中继,RU-002
P00009,S004-handoff,5556.635502809099,5566.376727035529,中继,RU-003
P00275,S007-handoff,5557.689640817985,5567.689640817985,中继,RU-002
P00278,S007-handoff,5557.689640817985,5567.689640817985,中继,RU-002
P00041,leg2-cruise,5558.931110349787,5563.920798257099,中继,RU-002
P00044,leg2-cruise,5559.683821098604,5564.623328289329,中继,RU-002
P00030,leg2-climb,5560.681176650056,5569.181954339671,中继,RU-003
P00143,S001-handoff,5562.743217815056,5572.743217815056,直连,
P00041,leg2-cruise,5563.920798257099,5568.910486164411,中继,RU-002
P00044,leg2-cruise,5564.623328289329,5569.562835480054,中继,RU-002
P00009,S004-handoff,5566.376727035529,5576.117951261958,中继,RU-003
P00275,S007-handoff,5567.689640817985,5577.689640817985,中继,RU-002
P00278,S007-handoff,5567.689640817985,5577.689640817985,中继,RU-002
P00041,leg2-cruise,5568.910486164411,5573.900174071723,中继,RU-002
P00030,leg2-climb,5569.181954339671,5577.682732029287,中继,RU-003
P00044,leg2-cruise,5569.562835480054,5574.502342670778,中继,RU-002
P00143,leg2-climb,5572.743217815056,5582.63839671588,直连,
P00041,leg2-cruise,5573.900174071723,5578.889861979035,中继,RU-002
P00044,leg2-cruise,5574.502342670778,5579.441849861501,中继,RU-002
P00009,S004-handoff,5576.117951261958,5585.859175488387,中继,RU-003
P00030,leg2-climb,5577.682732029287,5586.183509718903,中继,RU-003
P00275,S007-handoff,5577.689640817985,5587.689640817985,中继,RU-002
P00278,S007-handoff,5577.689640817985,5587.689640817985,中继,RU-002
P00041,leg2-cruise,5578.889861979035,5583.879549886347,中继,RU-002
P00044,leg2-cruise,5579.441849861501,5584.381357052226,中继,RU-002
P00143,leg2-climb,5582.63839671588,5592.533575616705,直连,
P00041,leg2-cruise,5583.879549886347,5588.86923779366,中继,RU-002
P00044,leg2-cruise,5584.381357052226,5589.320864242951,中继,RU-002
P00009,S004-handoff,5585.859175488387,5595.600399714817,中继,RU-003
P00030,leg2-cruise,5586.183509718903,5590.942801642959,中继,RU-003
P00275,S007-handoff,5587.689640817985,5597.689640817985,中继,RU-002
P00278,S007-handoff,5587.689640817985,5597.689640817985,中继,RU-002
P00041,leg2-cruise,5588.86923779366,5593.858925700972,中继,RU-002
P00044,leg2-cruise,5589.320864242951,5594.260371433675,中继,RU-002
P00030,leg2-cruise,5590.942801642959,5595.702093567016,中继,RU-003
P00143,leg2-climb,5592.533575616705,5602.428754517529,直连,
P00041,leg2-cruise,5593.858925700972,5598.848613608284,中继,RU-002
P00044,leg2-cruise,5594.260371433675,5599.199878624398,中继,RU-002
P00009,S004-handoff,5595.600399714817,5605.341623941246,中继,RU-003
P00030,leg2-cruise,5595.702093567016,5600.461385491073,中继,RU-003
P00275,S007-handoff,5597.689640817985,5607.689640817985,中继,RU-002
P00278,S007-handoff,5597.689640817985,5607.689640817985,中继,RU-002
P00041,leg2-cruise,5598.848613608284,5603.838301515596,中继,RU-002
P00044,leg2-cruise,5599.199878624398,5604.139385815123,中继,RU-002
P00030,leg2-cruise,5600.461385491073,5605.220677415129,中继,RU-003
P00143,leg2-cruise,5602.428754517529,5610.265673128014,直连,
P00041,leg2-cruise,5603.838301515596,5608.827989422908,中继,RU-002
P00044,leg2-cruise,5604.139385815123,5609.078893005848,中继,RU-002
P00030,leg2-cruise,5605.220677415129,5609.979969339186,中继,RU-003
P00009,S004-handoff,5605.341623941246,5615.082848167676,中继,RU-003
P00275,S007-handoff,5607.689640817985,5617.689640817985,中继,RU-002
P00278,S007-handoff,5607.689640817985,5617.689640817985,中继,RU-002
P00041,leg2-cruise,5608.827989422908,5613.81767733022,中继,RU-002
P00044,leg2-cruise,5609.078893005848,5614.018400196572,中继,RU-002
P00030,leg2-cruise,5609.979969339186,5614.739261263243,中继,RU-003
P00143,leg2-cruise,5610.265673128014,5618.1025917385,直连,
P00041,leg2-cruise,5613.81767733022,5618.807365237532,中继,RU-002
P00044,leg2-cruise,5614.018400196572,5618.957907387296,中继,RU-002
P00030,leg2-cruise,5614.739261263243,5619.498553187299,中继,RU-003
P00009,S004-handoff,5615.082848167676,5624.824072394105,中继,RU-003
P00275,S007-handoff,5617.689640817985,5627.689640817985,中继,RU-002
P00278,S007-handoff,5617.689640817985,5627.689640817985,中继,RU-002
P00143,leg2-cruise,5618.1025917385,5625.939510348984,直连,
P00041,leg2-cruise,5618.807365237532,5623.797053144845,中继,RU-002
P00044,leg2-cruise,5618.957907387296,5623.89741457802,中继,RU-002
P00030,leg2-cruise,5619.498553187299,5624.257845111356,中继,RU-003
P00041,leg2-cruise,5623.797053144845,5628.786741052157,中继,RU-002
P00044,leg2-cruise,5623.89741457802,5628.836921768745,中继,RU-002
P00030,leg2-cruise,5624.257845111356,5629.017137035413,中继,RU-003
P00009,leg2-climb,5624.824072394105,5633.776428959469,中继,RU-003
P00143,leg2-cruise,5625.939510348984,5633.776428959469,直连,
P00275,leg2-climb,5627.689640817985,5633.776428959469,中继,RU-002
P00278,leg2-climb,5627.689640817985,5633.776428959469,中继,RU-002
P00041,leg2-cruise,5628.786741052157,5633.776428959469,中继,RU-002
P00044,leg2-cruise,5628.836921768745,5633.776428959469,直连,
P00030,leg2-cruise,5629.017137035413,5633.776428959469,中继,RU-003
P00009,leg2-climb,5633.776428959469,5643.613647282559,中继,RU-003
P00030,leg2-cruise,5633.776428959469,5638.682293729737,中继,RU-003
P00041,leg2-cruise,5633.776428959469,5638.682293729737,中继,RU-002
P00044,leg2-cruise,5633.776428959469,5638.682293729737,直连,
P00143,leg2-cruise,5633.776428959469,5643.588158500004,直连,
P00275,leg2-climb,5633.776428959469,5643.457283001094,中继,RU-002
P00278,leg2-climb,5633.776428959469,5643.457283001094,中继,RU-002
P00030,leg2-cruise,5638.682293729737,5643.588158500004,中继,RU-003
P00041,leg2-cruise,5638.682293729737,5643.588158500004,中继,RU-002
P00044,leg2-cruise,5638.682293729737,5643.588158500004,直连,
P00275,leg2-climb,5643.457283001094,5653.138137042719,中继,RU-002
P00278,leg2-climb,5643.457283001094,5653.138137042719,中继,RU-002
P00030,leg2-cruise,5643.588158500004,5648.494023270272,中继,RU-003
P00041,leg2-cruise,5643.588158500004,5648.494023270272,中继,RU-002
P00044,leg2-cruise,5643.588158500004,5648.494023270272,直连,
P00143,leg2-cruise,5643.588158500004,5653.399888040541,直连,
P00009,leg2-climb,5643.613647282559,5653.45086560565,中继,RU-003
P00030,leg2-cruise,5648.494023270272,5653.399888040541,中继,RU-003
P00041,leg2-cruise,5648.494023270272,5653.399888040541,中继,RU-002
P00044,leg2-cruise,5648.494023270272,5653.399888040541,直连,
P00275,leg2-climb,5653.138137042719,5662.818991084345,中继,RU-002
P00278,leg2-climb,5653.138137042719,5662.818991084345,中继,RU-002
P00030,leg2-cruise,5653.399888040541,5658.305752810808,中继,RU-003
P00041,leg2-cruise,5653.399888040541,5658.305752810808,中继,RU-002
P00044,leg2-cruise,5653.399888040541,5658.305752810808,直连,
P00143,leg2-cruise,5653.399888040541,5663.211617581076,直连,
P00009,leg2-climb,5653.45086560565,5663.28808392874,中继,RU-003
P00030,leg2-cruise,5658.305752810808,5663.211617581076,中继,RU-003
P00041,leg2-cruise,5658.305752810808,5663.211617581076,中继,RU-002
P00044,leg2-cruise,5658.305752810808,5663.211617581076,直连,
P00275,leg2-climb,5662.818991084345,5672.49984512597,中继,RU-002
P00278,leg2-climb,5662.818991084345,5672.49984512597,中继,RU-002
P00030,leg2-cruise,5663.211617581076,5668.117482351344,中继,RU-003
P00041,leg2-cruise,5663.211617581076,5668.117482351344,中继,RU-002
P00044,leg2-cruise,5663.211617581076,5668.117482351344,直连,
P00143,leg2-cruise,5663.211617581076,5673.023347121612,直连,
P00009,leg2-climb,5663.28808392874,5673.12530225183,中继,RU-003
P00030,leg2-cruise,5668.117482351344,5673.023347121612,中继,RU-003
P00041,leg2-cruise,5668.117482351344,5673.023347121612,中继,RU-002
P00044,leg2-cruise,5668.117482351344,5673.023347121612,直连,
P00275,leg2-climb,5672.49984512597,5682.180699167595,中继,RU-002
P00278,leg2-climb,5672.49984512597,5682.180699167595,中继,RU-002
P00030,leg2-cruise,5673.023347121612,5677.92921189188,中继,RU-003
P00041,leg2-cruise,5673.023347121612,5677.92921189188,中继,RU-002
P00044,leg2-cruise,5673.023347121612,5677.92921189188,直连,
P00143,leg2-cruise,5673.023347121612,5682.835076662148,直连,
P00009,leg2-climb,5673.12530225183,5682.962520574921,中继,RU-003
P00030,leg2-cruise,5677.92921189188,5682.835076662148,中继,RU-003
P00041,leg2-cruise,5677.92921189188,5682.835076662148,中继,RU-002
P00044,leg2-cruise,5677.92921189188,5682.835076662148,直连,
P00018,leg1-climb,5680.973395110195,5689.460116652634,直连,
P00275,leg2-cruise,5682.180699167595,5687.152001687318,中继,RU-002
P00278,leg2-cruise,5682.180699167595,5687.152001687318,中继,RU-002
P00030,leg2-cruise,5682.835076662148,5687.740941432416,中继,RU-003
P00041,leg2-cruise,5682.835076662148,5687.740941432416,中继,RU-002
P00044,leg2-cruise,5682.835076662148,5687.740941432416,直连,
P00143,leg2-cruise,5682.835076662148,5692.646806202683,直连,
P00009,leg2-climb,5682.962520574921,5692.799738898011,中继,RU-003
P00275,leg2-cruise,5687.152001687318,5692.123304207041,中继,RU-002
P00278,leg2-cruise,5687.152001687318,5692.123304207041,中继,RU-002
P00030,leg2-cruise,5687.740941432416,5692.646806202683,中继,RU-003
P00041,leg2-cruise,5687.740941432416,5692.646806202683,中继,RU-002
P00044,leg2-cruise,5687.740941432416,5692.646806202683,直连,
P00018,leg1-climb,5689.460116652634,5697.946838195072,直连,
P00275,leg2-cruise,5692.123304207041,5697.094606726764,中继,RU-002
P00278,leg2-cruise,5692.123304207041,5697.094606726764,中继,RU-002
P00030,leg2-cruise,5692.646806202683,5697.552670972951,中继,RU-003
P00041,leg2-cruise,5692.646806202683,5697.552670972951,中继,RU-002
P00044,leg2-cruise,5692.646806202683,5697.552670972951,直连,
P00143,leg2-cruise,5692.646806202683,5702.458535743219,直连,
P00009,leg2-cruise,5692.799738898011,5697.686487081362,中继,RU-003
P00275,leg2-cruise,5697.094606726764,5702.065909246488,中继,RU-002
P00278,leg2-cruise,5697.094606726764,5702.065909246488,中继,RU-002
P00030,leg2-cruise,5697.552670972951,5702.458535743219,中继,RU-003
P00041,leg2-cruise,5697.552670972951,5702.458535743219,中继,RU-002
P00044,leg2-cruise,5697.552670972951,5702.458535743219,直连,
P00009,leg2-cruise,5697.686487081362,5702.573235264715,中继,RU-003
P00018,leg1-climb,5697.946838195072,5706.43355973751,直连,
P00275,leg2-cruise,5702.065909246488,5707.03721176621,中继,RU-002
P00278,leg2-cruise,5702.065909246488,5707.03721176621,中继,RU-002
P00030,leg2-cruise,5702.458535743219,5707.364400513487,中继,RU-003
P00041,leg2-cruise,5702.458535743219,5707.364400513487,中继,RU-002
P00044,leg2-cruise,5702.458535743219,5707.364400513487,直连,
P00143,leg2-cruise,5702.458535743219,5712.270265283754,直连,
P00009,leg2-cruise,5702.573235264715,5707.459983448067,中继,RU-003
P00018,leg1-climb,5706.43355973751,5714.920281279949,直连,
P00275,leg2-cruise,5707.03721176621,5712.008514285933,中继,RU-002
P00278,leg2-cruise,5707.03721176621,5712.008514285933,中继,RU-002
P00030,leg2-cruise,5707.364400513487,5712.270265283754,中继,RU-003
P00041,leg2-cruise,5707.364400513487,5712.270265283754,中继,RU-002
P00044,leg2-cruise,5707.364400513487,5712.270265283754,直连,
P00009,leg2-cruise,5707.459983448067,5712.346731631418,中继,RU-003
P00275,leg2-cruise,5712.008514285933,5716.979816805657,中继,RU-002
P00278,leg2-cruise,5712.008514285933,5716.979816805657,中继,RU-002
P00030,leg2-cruise,5712.270265283754,5717.176130054022,中继,RU-003
P00041,leg2-cruise,5712.270265283754,5717.176130054022,中继,RU-002
P00044,leg2-cruise,5712.270265283754,5717.176130054022,直连,
P00143,leg2-cruise,5712.270265283754,5722.081994824291,直连,
P00009,leg2-cruise,5712.346731631418,5717.23347981477,中继,RU-003
P00018,leg1-climb,5714.920281279949,5723.407002822388,直连,
P00275,leg2-cruise,5716.979816805657,5721.95111932538,中继,RU-002
P00278,leg2-cruise,5716.979816805657,5721.95111932538,中继,RU-002
P00030,leg2-cruise,5717.176130054022,5722.081994824291,中继,RU-003
P00041,leg2-cruise,5717.176130054022,5722.081994824291,中继,RU-002
P00044,leg2-cruise,5717.176130054022,5722.081994824291,直连,
P00009,leg2-cruise,5717.23347981477,5722.120227998123,中继,RU-003
P00275,leg2-cruise,5721.95111932538,5726.922421845104,中继,RU-002
P00278,leg2-cruise,5721.95111932538,5726.922421845104,中继,RU-002
P00030,leg2-cruise,5722.081994824291,5726.987859594558,中继,RU-003
P00041,leg2-cruise,5722.081994824291,5726.987859594558,中继,RU-002
P00044,leg2-cruise,5722.081994824291,5726.987859594558,直连,
P00143,leg2-cruise,5722.081994824291,5731.893724364826,直连,
P00009,leg2-cruise,5722.120227998123,5727.006976181474,中继,RU-003
P00018,leg1-climb,5723.407002822388,5731.893724364826,直连,
P00275,leg2-cruise,5726.922421845104,5731.893724364826,中继,RU-002
P00278,leg2-cruise,5726.922421845104,5731.893724364826,中继,RU-002
P00030,leg2-cruise,5726.987859594558,5731.893724364826,中继,RU-003
P00041,leg2-cruise,5726.987859594558,5731.893724364826,中继,RU-002
P00044,leg2-cruise,5726.987859594558,5731.893724364826,直连,
P00009,leg2-cruise,5727.006976181474,5731.893724364827,中继,RU-003
P00018,leg1-climb,5731.893724364826,5731.893724364827,直连,
P00030,leg2-cruise,5731.893724364826,5731.893724364827,中继,RU-003
P00041,leg2-cruise,5731.893724364826,5731.893724364827,直连,
P00044,leg2-cruise,5731.893724364826,5731.893724364827,直连,
P00143,leg2-cruise,5731.893724364826,5731.893724364827,直连,
P00275,leg2-cruise,5731.893724364826,5731.893724364827,直连,
P00278,leg2-cruise,5731.893724364826,5731.893724364827,直连,
P00009,leg2-cruise,5731.893724364827,5736.887408977787,中继,RU-003
P00018,leg1-climb,5731.893724364827,5736.86064690056,直连,
P00030,leg2-cruise,5731.893724364827,5736.887408977787,中继,RU-003
P00041,leg2-cruise,5731.893724364827,5736.887408977787,直连,
P00044,leg2-cruise,5731.893724364827,5736.887408977787,直连,
P00143,leg2-cruise,5731.893724364827,5736.887408977787,直连,
P00275,leg2-cruise,5731.893724364827,5736.887408977787,直连,
P00278,leg2-cruise,5731.893724364827,5736.887408977787,直连,
P00018,leg1-cruise,5736.86064690056,5741.628562307351,直连,
P00009,leg2-cruise,5736.887408977787,5741.881093590749,中继,RU-003
P00030,leg2-cruise,5736.887408977787,5741.881093590749,中继,RU-003
P00041,leg2-cruise,5736.887408977787,5741.881093590749,直连,
P00044,leg2-cruise,5736.887408977787,5741.881093590749,直连,
P00143,leg2-cruise,5736.887408977787,5741.881093590749,直连,
P00275,leg2-cruise,5736.887408977787,5741.881093590749,直连,
P00278,leg2-cruise,5736.887408977787,5741.881093590749,直连,
P00018,leg1-cruise,5741.628562307351,5746.396477714142,直连,
P00009,leg2-cruise,5741.881093590749,5746.87477820371,中继,RU-003
P00030,leg2-cruise,5741.881093590749,5746.87477820371,中继,RU-003
P00041,leg2-cruise,5741.881093590749,5746.87477820371,直连,
P00044,leg2-cruise,5741.881093590749,5746.87477820371,直连,
P00143,leg2-cruise,5741.881093590749,5746.87477820371,直连,
P00275,leg2-cruise,5741.881093590749,5746.87477820371,直连,
P00278,leg2-cruise,5741.881093590749,5746.87477820371,直连,
P00018,leg1-cruise,5746.396477714142,5751.164393120933,直连,
P00009,leg2-cruise,5746.87477820371,5751.86846281667,中继,RU-003
P00030,leg2-cruise,5746.87477820371,5751.86846281667,中继,RU-003
P00041,leg2-cruise,5746.87477820371,5751.86846281667,直连,
P00044,leg2-cruise,5746.87477820371,5751.86846281667,直连,
P00143,leg2-cruise,5746.87477820371,5751.86846281667,直连,
P00275,leg2-cruise,5746.87477820371,5751.86846281667,直连,
P00278,leg2-cruise,5746.87477820371,5751.86846281667,直连,
P00018,leg1-cruise,5751.164393120933,5755.932308527725,直连,
P00009,leg2-cruise,5751.86846281667,5756.862147429631,中继,RU-003
P00030,leg2-cruise,5751.86846281667,5756.862147429631,中继,RU-003
P00041,leg2-cruise,5751.86846281667,5756.862147429631,直连,
P00044,leg2-cruise,5751.86846281667,5756.862147429631,直连,
P00143,leg2-cruise,5751.86846281667,5756.862147429631,直连,
P00275,leg2-cruise,5751.86846281667,5756.862147429631,直连,
P00278,leg2-cruise,5751.86846281667,5756.862147429631,直连,
P00018,leg1-cruise,5755.932308527725,5760.700223934516,直连,
P00009,leg2-cruise,5756.862147429631,5761.855832042592,中继,RU-003
P00030,leg2-cruise,5756.862147429631,5761.855832042592,中继,RU-003
P00041,leg2-cruise,5756.862147429631,5761.855832042592,直连,
P00044,leg2-cruise,5756.862147429631,5761.855832042592,直连,
P00143,leg2-cruise,5756.862147429631,5761.855832042592,直连,
P00275,leg2-cruise,5756.862147429631,5761.855832042592,直连,
P00278,leg2-cruise,5756.862147429631,5761.855832042592,直连,
P00018,leg1-cruise,5760.700223934516,5765.468139341307,直连,
P00009,leg2-cruise,5761.855832042592,5766.849516655553,中继,RU-003
P00030,leg2-cruise,5761.855832042592,5766.849516655553,中继,RU-003
P00041,leg2-cruise,5761.855832042592,5766.849516655553,直连,
P00044,leg2-cruise,5761.855832042592,5766.849516655553,直连,
P00143,leg2-cruise,5761.855832042592,5766.849516655553,直连,
P00275,leg2-cruise,5761.855832042592,5766.849516655553,直连,
P00278,leg2-cruise,5761.855832042592,5766.849516655553,直连,
P00018,leg1-cruise,5765.468139341307,5770.236054748098,直连,
P00009,leg2-cruise,5766.849516655553,5771.843201268513,中继,RU-003
P00030,leg2-cruise,5766.849516655553,5771.843201268513,中继,RU-003
P00041,leg2-cruise,5766.849516655553,5771.843201268513,直连,
P00044,leg2-cruise,5766.849516655553,5771.843201268513,直连,
P00143,leg2-cruise,5766.849516655553,5771.843201268513,直连,
P00275,leg2-cruise,5766.849516655553,5771.843201268513,直连,
P00278,leg2-cruise,5766.849516655553,5771.843201268513,直连,
P00018,leg1-cruise,5770.236054748098,5775.003970154889,直连,
P00009,leg2-cruise,5771.843201268513,5776.836885881474,中继,RU-003
P00030,leg2-cruise,5771.843201268513,5776.836885881474,中继,RU-003
P00041,leg2-cruise,5771.843201268513,5776.836885881474,直连,
P00044,leg2-cruise,5771.843201268513,5776.836885881474,直连,
P00143,leg2-cruise,5771.843201268513,5776.836885881474,直连,
P00275,leg2-cruise,5771.843201268513,5776.836885881474,直连,
P00278,leg2-cruise,5771.843201268513,5776.836885881474,直连,
P00018,leg1-cruise,5775.003970154889,5779.77188556168,直连,
P00009,leg2-cruise,5776.836885881474,5781.830570494435,中继,RU-003
P00030,leg2-cruise,5776.836885881474,5781.830570494435,中继,RU-003
P00041,leg2-cruise,5776.836885881474,5781.830570494435,直连,
P00044,leg2-cruise,5776.836885881474,5781.830570494435,直连,
P00143,leg2-cruise,5776.836885881474,5781.830570494435,直连,
P00275,leg2-cruise,5776.836885881474,5781.830570494435,直连,
P00278,leg2-cruise,5776.836885881474,5781.830570494435,直连,
P00018,leg1-cruise,5779.77188556168,5784.539800968471,直连,
P00009,leg2-cruise,5781.830570494435,5786.824255107396,中继,RU-003
P00030,leg2-cruise,5781.830570494435,5786.824255107396,中继,RU-003
P00041,leg2-cruise,5781.830570494435,5786.824255107396,直连,
P00044,leg2-cruise,5781.830570494435,5786.824255107396,直连,
P00143,leg2-cruise,5781.830570494435,5786.824255107396,直连,
P00275,leg2-cruise,5781.830570494435,5786.824255107396,直连,
P00278,leg2-cruise,5781.830570494435,5786.824255107396,直连,
P00018,leg1-cruise,5784.539800968471,5789.307716375262,直连,
P00009,leg2-cruise,5786.824255107396,5791.817939720357,中继,RU-003
P00030,leg2-cruise,5786.824255107396,5791.817939720357,中继,RU-003
P00041,leg2-cruise,5786.824255107396,5791.817939720357,直连,
P00044,leg2-cruise,5786.824255107396,5791.817939720357,直连,
P00143,leg2-cruise,5786.824255107396,5791.817939720357,直连,
P00275,leg2-cruise,5786.824255107396,5791.817939720357,直连,
P00278,leg2-cruise,5786.824255107396,5791.817939720357,直连,
P00018,leg1-cruise,5789.307716375262,5794.075631782053,直连,
P00009,leg2-cruise,5791.817939720357,5796.811624333317,中继,RU-003
P00030,leg2-cruise,5791.817939720357,5796.811624333317,中继,RU-003
P00041,leg2-cruise,5791.817939720357,5796.811624333317,直连,
P00044,leg2-cruise,5791.817939720357,5796.811624333317,直连,
P00143,leg2-cruise,5791.817939720357,5796.811624333317,直连,
P00275,leg2-cruise,5791.817939720357,5796.811624333317,直连,
P00278,leg2-cruise,5791.817939720357,5796.811624333317,直连,
P00018,leg1-cruise,5794.075631782053,5798.843547188844,直连,
P00009,leg2-cruise,5796.811624333317,5801.805308946278,中继,RU-003
P00030,leg2-cruise,5796.811624333317,5801.805308946278,中继,RU-003
P00041,leg2-cruise,5796.811624333317,5801.805308946278,直连,
P00044,leg2-cruise,5796.811624333317,5801.805308946278,直连,
P00143,leg2-cruise,5796.811624333317,5801.805308946278,直连,
P00275,leg2-cruise,5796.811624333317,5801.805308946278,直连,
P00278,leg2-cruise,5796.811624333317,5801.805308946278,直连,
P00018,leg1-cruise,5798.843547188844,5803.611462595636,直连,
P00009,leg2-cruise,5801.805308946278,5806.79899355924,中继,RU-003
P00030,leg2-cruise,5801.805308946278,5806.79899355924,中继,RU-003
P00041,leg2-cruise,5801.805308946278,5806.79899355924,直连,
P00044,leg2-cruise,5801.805308946278,5806.79899355924,直连,
P00143,leg2-cruise,5801.805308946278,5806.79899355924,直连,
P00275,leg2-cruise,5801.805308946278,5806.79899355924,直连,
P00278,leg2-cruise,5801.805308946278,5806.79899355924,直连,
P00018,leg1-cruise,5803.611462595636,5808.379378002427,直连,
P00009,leg2-cruise,5806.79899355924,5811.7926781722,中继,RU-003
P00030,leg2-cruise,5806.79899355924,5811.7926781722,中继,RU-003
P00041,leg2-cruise,5806.79899355924,5811.7926781722,直连,
P00044,leg2-cruise,5806.79899355924,5811.7926781722,直连,
P00143,leg2-cruise,5806.79899355924,5811.7926781722,直连,
P00275,leg2-cruise,5806.79899355924,5811.7926781722,直连,
P00278,leg2-cruise,5806.79899355924,5811.7926781722,直连,
P00018,leg1-cruise,5808.379378002427,5813.147293409218,直连,
P00009,leg2-cruise,5811.7926781722,5816.78636278516,中继,RU-003
P00030,leg2-cruise,5811.7926781722,5816.78636278516,中继,RU-003
P00041,leg2-cruise,5811.7926781722,5816.78636278516,直连,
P00044,leg2-cruise,5811.7926781722,5816.78636278516,直连,
P00143,leg2-cruise,5811.7926781722,5816.78636278516,直连,
P00275,leg2-cruise,5811.7926781722,5816.78636278516,直连,
P00278,leg2-cruise,5811.7926781722,5816.78636278516,直连,
P00018,leg1-cruise,5813.147293409218,5817.915208816009,直连,
P00009,leg2-cruise,5816.78636278516,5821.780047398121,中继,RU-003
P00030,leg2-cruise,5816.78636278516,5821.780047398121,中继,RU-003
P00041,leg2-cruise,5816.78636278516,5821.780047398121,直连,
P00044,leg2-cruise,5816.78636278516,5821.780047398121,直连,
P00143,leg2-cruise,5816.78636278516,5821.780047398121,直连,
P00275,leg2-cruise,5816.78636278516,5821.780047398121,直连,
P00278,leg2-cruise,5816.78636278516,5821.780047398121,直连,
P00018,leg1-cruise,5817.915208816009,5822.6831242228,直连,
P00009,leg2-cruise,5821.780047398121,5826.773732011083,中继,RU-003
P00030,leg2-cruise,5821.780047398121,5826.773732011083,中继,RU-003
P00041,leg2-cruise,5821.780047398121,5826.773732011083,直连,
P00044,leg2-cruise,5821.780047398121,5826.773732011083,直连,
P00143,leg2-cruise,5821.780047398121,5826.773732011083,直连,
P00275,leg2-cruise,5821.780047398121,5826.773732011083,直连,
P00278,leg2-cruise,5821.780047398121,5826.773732011083,直连,
P00018,leg1-cruise,5822.6831242228,5827.451039629592,直连,
P00009,leg2-cruise,5826.773732011083,5831.767416624043,中继,RU-003
P00030,leg2-cruise,5826.773732011083,5831.767416624043,中继,RU-003
P00041,leg2-cruise,5826.773732011083,5831.767416624043,直连,
P00044,leg2-cruise,5826.773732011083,5831.767416624043,直连,
P00143,leg2-cruise,5826.773732011083,5831.767416624043,直连,
P00275,leg2-cruise,5826.773732011083,5831.767416624043,直连,
P00278,leg2-cruise,5826.773732011083,5831.767416624043,直连,
P00018,leg1-cruise,5827.451039629592,5832.218955036383,直连,
P00009,leg2-cruise,5831.767416624043,5836.761101237003,中继,RU-003
P00030,leg2-cruise,5831.767416624043,5836.761101237003,中继,RU-003
P00041,leg2-cruise,5831.767416624043,5836.761101237003,直连,
P00044,leg2-cruise,5831.767416624043,5836.761101237003,直连,
P00143,leg2-cruise,5831.767416624043,5836.761101237003,直连,
P00275,leg2-cruise,5831.767416624043,5836.761101237003,直连,
P00278,leg2-cruise,5831.767416624043,5836.761101237003,直连,
P00018,leg1-cruise,5832.218955036383,5836.986870443174,直连,
P00009,leg2-cruise,5836.761101237003,5841.754785849965,中继,RU-003
P00030,leg2-cruise,5836.761101237003,5841.754785849965,中继,RU-003
P00041,leg2-cruise,5836.761101237003,5841.754785849965,直连,
P00044,leg2-cruise,5836.761101237003,5841.754785849965,直连,
P00143,leg2-cruise,5836.761101237003,5841.754785849965,直连,
P00275,leg2-cruise,5836.761101237003,5841.754785849965,直连,
P00278,leg2-cruise,5836.761101237003,5841.754785849965,直连,
P00018,leg1-cruise,5836.986870443174,5841.754785849965,直连,
P00009,leg2-cruise,5841.754785849965,5846.719954081696,直连,
P00018,leg1-cruise,5841.754785849965,5846.361228964448,直连,
P00030,leg2-cruise,5841.754785849965,5846.669618083255,直连,
P00041,leg2-cruise,5841.754785849965,5846.697570152464,直连,
P00044,leg2-cruise,5841.754785849965,5846.642387552682,直连,
P00143,leg2-cruise,5841.754785849965,5849.733908779119,直连,
P00275,leg2-cruise,5841.754785849965,5846.714897323069,直连,
P00278,leg2-cruise,5841.754785849965,5846.714897323069,直连,
P00018,leg1-cruise,5846.361228964448,5850.967672078932,直连,
P00044,leg2-cruise,5846.642387552682,5851.529989255398,直连,
P00030,leg2-cruise,5846.669618083255,5851.584450316544,直连,
P00041,leg2-cruise,5846.697570152464,5851.640354454964,直连,
P00275,leg2-cruise,5846.714897323069,5851.675008796173,直连,
P00278,leg2-cruise,5846.714897323069,5851.675008796173,直连,
P00009,leg2-cruise,5846.719954081696,5851.685122313428,直连,
P00143,leg2-cruise,5849.733908779119,5857.713031708272,直连,
P00018,leg1-cruise,5850.967672078932,5855.574115193415,直连,
P00044,leg2-cruise,5851.529989255398,5856.417590958114,直连,
P00030,leg2-cruise,5851.584450316544,5856.499282549834,直连,
P00041,leg2-cruise,5851.640354454964,5856.583138757464,直连,
P00275,leg2-cruise,5851.675008796173,5856.635120269277,直连,
P00278,leg2-cruise,5851.675008796173,5856.635120269277,直连,
P00009,leg2-cruise,5851.685122313428,5856.65029054516,直连,
P00018,leg1-cruise,5855.574115193415,5860.180558307899,直连,
P00044,leg2-cruise,5856.417590958114,5861.305192660831,直连,
P00030,leg2-cruise,5856.499282549834,5861.414114783123,直连,
P00041,leg2-cruise,5856.583138757464,5861.525923059964,直连,
P00275,leg2-cruise,5856.635120269277,5861.595231742382,直连,
P00278,leg2-cruise,5856.635120269277,5861.595231742382,直连,
P00009,leg2-cruise,5856.65029054516,5861.615458776892,直连,
P00143,leg2-descent,5857.713031708272,5867.403472382101,直连,
P00018,leg1-cruise,5860.180558307899,5864.787001422383,直连,
P00044,leg2-cruise,5861.305192660831,5866.192794363547,直连,
P00030,leg2-cruise,5861.414114783123,5866.328947016413,直连,
P00041,leg2-cruise,5861.525923059964,5866.468707362464,直连,
P00275,leg2-cruise,5861.595231742382,5866.555343215486,直连,
P00278,leg2-cruise,5861.595231742382,5866.555343215486,直连,
P00009,leg2-cruise,5861.615458776892,5866.580627008623,直连,
P00018,leg1-cruise,5864.787001422383,5869.393444536866,直连,
P00044,leg2-cruise,5866.192794363547,5871.080396066264,直连,
P00030,leg2-cruise,5866.328947016413,5871.243779249703,直连,
P00041,leg2-cruise,5866.468707362464,5871.411491664963,直连,
P00275,leg2-cruise,5866.555343215486,5871.51545468859,直连,
P00278,leg2-cruise,5866.555343215486,5871.51545468859,直连,
P00009,leg2-cruise,5866.580627008623,5871.545795240356,直连,
P00143,leg2-descent,5867.403472382101,5877.093913055928,直连,
P00018,leg1-cruise,5869.393444536866,5873.999887651349,直连,
P00044,leg2-cruise,5871.080396066264,5875.967997768981,直连,
P00030,leg2-cruise,5871.243779249703,5876.158611482992,直连,
P00041,leg2-cruise,5871.411491664963,5876.354275967464,直连,
P00275,leg2-cruise,5871.51545468859,5876.475566161695,直连,
P00278,leg2-cruise,5871.51545468859,5876.475566161695,直连,
P00009,leg2-cruise,5871.545795240356,5876.510963472087,直连,
P00018,leg1-cruise,5873.999887651349,5878.606330765832,直连,
P00044,leg2-cruise,5875.967997768981,5880.855599471698,直连,
P00030,leg2-cruise,5876.158611482992,5881.073443716282,直连,
P00041,leg2-cruise,5876.354275967464,5881.297060269963,直连,
P00275,leg2-cruise,5876.475566161695,5881.435677634799,直连,
P00278,leg2-cruise,5876.475566161695,5881.435677634799,直连,
P00009,leg2-cruise,5876.510963472087,5881.476131703819,直连,
P00143,leg2-descent,5877.093913055928,5886.784353729756,直连,
P00018,leg1-cruise,5878.606330765832,5883.212773880316,直连,
P00044,leg2-cruise,5880.855599471698,5885.743201174415,直连,
P00030,leg2-cruise,5881.073443716282,5885.988275949572,直连,
P00041,leg2-cruise,5881.297060269963,5886.239844572463,直连,
P00275,leg2-cruise,5881.435677634799,5886.395789107903,直连,
P00278,leg2-cruise,5881.435677634799,5886.395789107903,直连,
P00009,leg2-cruise,5881.476131703819,5886.441299935551,直连,
P00018,leg1-cruise,5883.212773880316,5887.8192169948,直连,
P00044,leg2-cruise,5885.743201174415,5890.630802877131,直连,
P00030,leg2-cruise,5885.988275949572,5890.903108182862,直连,
P00041,leg2-cruise,5886.239844572463,5891.182628874963,直连,
P00275,leg2-cruise,5886.395789107903,5891.355900581007,直连,
P00278,leg2-cruise,5886.395789107903,5891.355900581007,直连,
P00009,leg2-cruise,5886.441299935551,5891.406468167283,直连,
P00143,leg2-descent,5886.784353729756,5896.474794403584,直连,
P00018,leg1-cruise,5887.8192169948,5892.425660109283,直连,
P00044,leg2-descent,5890.630802877131,5900.496806017667,直连,
P00030,leg2-cruise,5890.903108182862,5895.817940416151,直连,
P00041,leg2-cruise,5891.182628874963,5896.125413177462,直连,
P00275,leg2-cruise,5891.355900581007,5896.316012054111,直连,
P00278,leg2-cruise,5891.355900581007,5896.316012054111,直连,
P00009,leg2-cruise,5891.406468167283,5896.371636399014,直连,
P00018,leg1-cruise,5892.425660109283,5897.032103223766,直连,
P00030,leg2-cruise,5895.817940416151,5900.73277264944,直连,
P00041,leg2-cruise,5896.125413177462,5901.068197479962,直连,
P00275,leg2-cruise,5896.316012054111,5901.276123527215,直连,
P00278,leg2-cruise,5896.316012054111,5901.276123527215,直连,
P00009,leg2-cruise,5896.371636399014,5901.336804630746,直连,
P00143,leg2-descent,5896.474794403584,5906.165235077413,直连,
P00018,leg1-cruise,5897.032103223766,5901.63854633825,直连,
P00044,leg2-descent,5900.496806017667,5910.362809158203,直连,
P00030,leg2-cruise,5900.73277264944,5905.64760488273,直连,
P00041,leg2-cruise,5901.068197479962,5906.010981782461,直连,
P00275,leg2-cruise,5901.276123527215,5906.236235000319,直连,
P00278,leg2-cruise,5901.276123527215,5906.236235000319,直连,
P00009,leg2-cruise,5901.336804630746,5906.301972862479,直连,
P00018,leg1-cruise,5901.63854633825,5906.244989452734,直连,
P00030,leg2-cruise,5905.64760488273,5910.56243711602,直连,
P00041,leg2-cruise,5906.010981782461,5910.953766084962,直连,
P00143,leg2-descent,5906.165235077413,5915.855675751241,直连,
P00275,leg2-cruise,5906.236235000319,5911.196346473424,直连,
P00278,leg2-cruise,5906.236235000319,5911.196346473424,直连,
P00018,leg1-cruise,5906.244989452734,5910.851432567217,直连,
P00009,leg2-cruise,5906.301972862479,5911.26714109421,直连,
P00044,leg2-descent,5910.362809158203,5920.228812298739,直连,
P00030,leg2-cruise,5910.56243711602,5915.47726934931,直连,
P00018,leg1-cruise,5910.851432567217,5915.4578756817,直连,
P00041,leg2-cruise,5910.953766084962,5915.896550387462,直连,
P00275,leg2-cruise,5911.196346473424,5916.156457946528,直连,
P00278,leg2-cruise,5911.196346473424,5916.156457946528,直连,
P00009,leg2-cruise,5911.26714109421,5916.232309325942,直连,
P00018,leg1-cruise,5915.4578756817,5920.064318796183,直连,
P00030,leg2-cruise,5915.47726934931,5920.392101582599,直连,
P00041,leg2-cruise,5915.896550387462,5920.839334689961,直连,
P00275,leg2-cruise,5916.156457946528,5921.116569419632,直连,
P00278,leg2-cruise,5916.156457946528,5921.116569419632,直连,
P00009,leg2-cruise,5916.232309325942,5921.197477557674,直连,
P00018,leg1-cruise,5920.064318796183,5924.670761910667,直连,
P00044,leg2-descent,5920.228812298739,5930.094815439275,直连,
P00030,leg2-cruise,5920.392101582599,5925.306933815889,直连,
P00041,leg2-cruise,5920.839334689961,5925.782118992462,直连,
P00275,leg2-cruise,5921.116569419632,5926.076680892736,直连,
P00278,leg2-cruise,5921.116569419632,5926.076680892736,直连,
P00009,leg2-cruise,5921.197477557674,5926.162645789405,直连,
P00018,leg1-descent,5924.670761910667,5932.996937447777,直连,
P00030,leg2-cruise,5925.306933815889,5930.221766049179,直连,
P00041,leg2-cruise,5925.782118992462,5930.724903294961,直连,
P00275,leg2-cruise,5926.076680892736,5931.03679236584,直连,
P00278,leg2-cruise,5926.076680892736,5931.03679236584,直连,
P00009,leg2-cruise,5926.162645789405,5931.127814021137,直连,
P00044,leg2-descent,5930.094815439275,5939.960818579812,直连,
P00030,leg2-cruise,5930.221766049179,5935.136598282468,直连,
P00041,leg2-cruise,5930.724903294961,5935.667687597461,直连,
P00275,leg2-cruise,5931.03679236584,5935.996903838944,直连,
P00278,leg2-cruise,5931.03679236584,5935.996903838944,直连,
P00009,leg2-cruise,5931.127814021137,5936.092982252869,直连,
P00018,leg1-descent,5932.996937447777,5941.323112984886,直连,
P00030,leg2-cruise,5935.136598282468,5940.051430515759,直连,
P00041,leg2-cruise,5935.667687597461,5940.61047189996,直连,
P00275,leg2-cruise,5935.996903838944,5940.957015312048,直连,
P00278,leg2-cruise,5935.996903838944,5940.957015312048,直连,
P00009,leg2-cruise,5936.092982252869,5941.0581504846,直连,
P00044,leg2-descent,5939.960818579812,5949.826821720349,直连,
P00030,leg2-cruise,5940.051430515759,5944.966262749048,直连,
P00041,leg2-cruise,5940.61047189996,5945.55325620246,直连,
P00275,leg2-cruise,5940.957015312048,5945.917126785153,直连,
P00278,leg2-cruise,5940.957015312048,5945.917126785153,直连,
P00009,leg2-cruise,5941.0581504846,5946.023318716332,直连,
P00018,leg1-descent,5941.323112984886,5949.649288521995,直连,
P00030,leg2-cruise,5944.966262749048,5949.881094982337,直连,
P00041,leg2-cruise,5945.55325620246,5950.496040504961,直连,
P00275,leg2-cruise,5945.917126785153,5950.877238258257,直连,
P00278,leg2-cruise,5945.917126785153,5950.877238258257,直连,
P00009,leg2-cruise,5946.023318716332,5950.988486948064,直连,
P00018,leg1-descent,5949.649288521995,5957.975464059105,直连,
P00044,leg2-descent,5949.826821720349,5959.692824860885,直连,
P00030,leg2-cruise,5949.881094982337,5954.795927215628,直连,
P00041,leg2-cruise,5950.496040504961,5955.43882480746,直连,
P00275,leg2-cruise,5950.877238258257,5955.837349731361,直连,
P00278,leg2-cruise,5950.877238258257,5955.837349731361,直连,
P00009,leg2-cruise,5950.988486948064,5955.953655179796,直连,
P00030,leg2-cruise,5954.795927215628,5959.710759448917,直连,
P00041,leg2-cruise,5955.43882480746,5960.38160910996,直连,
P00275,leg2-cruise,5955.837349731361,5960.797461204465,直连,
P00278,leg2-cruise,5955.837349731361,5960.797461204465,直连,
P00009,leg2-cruise,5955.953655179796,5960.918823411528,直连,
P00018,S011-handoff,5957.975464059105,5967.975464059105,直连,
P00044,leg2-descent,5959.692824860885,5969.558828001421,直连,
P00030,leg2-cruise,5959.710759448917,5964.625591682207,直连,
P00041,leg2-cruise,5960.38160910996,5965.324393412459,直连,
P00275,leg2-cruise,5960.797461204465,5965.757572677569,直连,
P00278,leg2-cruise,5960.797461204465,5965.757572677569,直连,
P00009,leg2-cruise,5960.918823411528,5965.88399164326,直连,
P00030,leg2-cruise,5964.625591682207,5969.540423915496,直连,
P00041,leg2-cruise,5965.324393412459,5970.267177714959,直连,
P00275,leg2-cruise,5965.757572677569,5970.717684150673,直连,
P00278,leg2-cruise,5965.757572677569,5970.717684150673,直连,
P00009,leg2-cruise,5965.88399164326,5970.849159874992,直连,
P00018,S011-handoff,5967.975464059105,5977.975464059105,直连,
P00030,leg2-cruise,5969.540423915496,5974.455256148785,直连,
P00044,leg2-descent,5969.558828001421,5979.424831141957,直连,
P00041,leg2-cruise,5970.267177714959,5975.209962017459,直连,
P00275,leg2-cruise,5970.717684150673,5975.677795623778,直连,
P00278,leg2-cruise,5970.717684150673,5975.677795623778,直连,
P00009,leg2-cruise,5970.849159874992,5975.814328106723,直连,
P00030,leg2-cruise,5974.455256148785,5979.370088382076,直连,
P00041,leg2-cruise,5975.209962017459,5980.152746319959,直连,
P00275,leg2-cruise,5975.677795623778,5980.637907096882,直连,
P00278,leg2-cruise,5975.677795623778,5980.637907096882,直连,
P00009,leg2-cruise,5975.814328106723,5980.779496338455,直连,
P00018,S011-handoff,5977.975464059105,5987.975464059105,直连,
P00030,leg2-cruise,5979.370088382076,5984.284920615365,直连,
P00044,leg2-descent,5979.424831141957,5989.290834282493,直连,
P00041,leg2-cruise,5980.152746319959,5985.095530622459,直连,
P00275,leg2-cruise,5980.637907096882,5985.598018569986,直连,
P00278,leg2-cruise,5980.637907096882,5985.598018569986,直连,
P00009,leg2-cruise,5980.779496338455,5985.744664570187,直连,
P00030,leg2-cruise,5984.284920615365,5989.199752848654,直连,
P00041,leg2-cruise,5985.095530622459,5990.038314924958,直连,
P00275,leg2-cruise,5985.598018569986,5990.55813004309,直连,
P00278,leg2-cruise,5985.598018569986,5990.55813004309,直连,
P00009,leg2-cruise,5985.744664570187,5990.709832801918,直连,
P00018,S011-handoff,5987.975464059105,5997.975464059105,直连,
P00030,leg2-cruise,5989.199752848654,5994.114585081945,直连,
P00044,leg2-descent,5989.290834282493,5999.156837423029,直连,
P00041,leg2-cruise,5990.038314924958,5994.981099227458,直连,
P00275,leg2-cruise,5990.55813004309,5995.518241516194,直连,
P00278,leg2-cruise,5990.55813004309,5995.518241516194,直连,
P00009,leg2-cruise,5990.709832801918,5995.67500103365,直连,
P00030,leg2-cruise,5994.114585081945,5999.029417315234,直连,
P00041,leg2-cruise,5994.981099227458,5999.923883529958,直连,
P00275,leg2-cruise,5995.518241516194,6000.478352989299,直连,
P00278,leg2-cruise,5995.518241516194,6000.478352989299,直连,
P00009,leg2-cruise,5995.67500103365,6000.640169265382,直连,
P00018,S011-handoff,5997.975464059105,6007.975464059105,直连,
P00030,leg2-cruise,5999.029417315234,6003.944249548524,直连,
P00044,leg2-descent,5999.156837423029,6009.022840563565,直连,
P00041,leg2-cruise,5999.923883529958,6004.866667832458,直连,
P00275,leg2-cruise,6000.478352989299,6005.438464462403,直连,
P00278,leg2-cruise,6000.478352989299,6005.438464462403,直连,
P00009,leg2-cruise,6000.640169265382,6005.605337497114,直连,
P00030,leg2-cruise,6003.944249548524,6008.859081781813,直连,
P00041,leg2-cruise,6004.866667832458,6009.809452134958,直连,
P00275,leg2-cruise,6005.438464462403,6010.398575935507,直连,
P00278,leg2-cruise,6005.438464462403,6010.398575935507,直连,
P00009,leg2-cruise,6005.605337497114,6010.570505728846,直连,
P00018,S011-handoff,6007.975464059105,6017.975464059105,直连,
P00030,leg2-cruise,6008.859081781813,6013.773914015102,直连,
P00044,leg2-descent,6009.022840563565,6018.888843704101,直连,
P00041,leg2-cruise,6009.809452134958,6014.752236437457,直连,
P00275,leg2-cruise,6010.398575935507,6015.358687408611,直连,
P00278,leg2-cruise,6010.398575935507,6015.358687408611,直连,
P00009,leg2-cruise,6010.570505728846,6015.535673960578,直连,
P00030,leg2-cruise,6013.773914015102,6018.688746248393,直连,
P00041,leg2-cruise,6014.752236437457,6019.695020739957,直连,
P00275,leg2-cruise,6015.358687408611,6020.318798881715,直连,
P00278,leg2-cruise,6015.358687408611,6020.318798881715,直连,
P00009,leg2-cruise,6015.535673960578,6020.500842192309,直连,
P00018,S011-handoff,6017.975464059105,6027.975464059105,直连,
P00030,leg2-cruise,6018.688746248393,6023.603578481682,直连,
P00044,leg2-descent,6018.888843704101,6028.754846844638,直连,
P00041,leg2-cruise,6019.695020739957,6024.637805042457,直连,
P00275,leg2-cruise,6020.318798881715,6025.27891035482,直连,
P00278,leg2-cruise,6020.318798881715,6025.27891035482,直连,
P00009,leg2-cruise,6020.500842192309,6025.466010424041,直连,
P00030,leg2-cruise,6023.603578481682,6028.518410714972,直连,
P00041,leg2-cruise,6024.637805042457,6029.580589344957,直连,
P00275,leg2-cruise,6025.27891035482,6030.239021827924,直连,
P00278,leg2-cruise,6025.27891035482,6030.239021827924,直连,
P00009,leg2-cruise,6025.466010424041,6030.431178655773,直连,
P00018,S011-handoff,6027.975464059105,6037.975464059105,直连,
P00030,leg2-cruise,6028.518410714972,6033.433242948262,直连,
P00044,leg2-descent,6028.754846844638,6038.620849985174,直连,
P00041,leg2-cruise,6029.580589344957,6034.523373647457,直连,
P00275,leg2-cruise,6030.239021827924,6035.199133301028,直连,
P00278,leg2-cruise,6030.239021827924,6035.199133301028,直连,
P00009,leg2-cruise,6030.431178655773,6035.396346887504,直连,
P00030,leg2-cruise,6033.433242948262,6038.348075181551,直连,
P00041,leg2-cruise,6034.523373647457,6039.466157949956,直连,
P00275,leg2-cruise,6035.199133301028,6040.159244774132,直连,
P00278,leg2-cruise,6035.199133301028,6040.159244774132,直连,
P00009,leg2-cruise,6035.396346887504,6040.361515119236,直连,
P00018,S011-handoff,6037.975464059105,6047.975464059105,直连,
P00030,leg2-cruise,6038.348075181551,6043.262907414841,直连,
P00044,leg2-descent,6038.620849985174,6048.48685312571,直连,
P00041,leg2-cruise,6039.466157949956,6044.408942252456,直连,
P00275,leg2-cruise,6040.159244774132,6045.119356247236,直连,
P00278,leg2-cruise,6040.159244774132,6045.119356247236,直连,
P00009,leg2-cruise,6040.361515119236,6045.326683350968,直连,
P00030,leg2-cruise,6043.262907414841,6048.177739648131,直连,
P00041,leg2-cruise,6044.408942252456,6049.351726554956,直连,
P00275,leg2-cruise,6045.119356247236,6050.079467720341,直连,
P00278,leg2-cruise,6045.119356247236,6050.079467720341,直连,
P00009,leg2-cruise,6045.326683350968,6050.2918515827,直连,
P00018,S011-handoff,6047.975464059105,6057.975464059105,直连,
P00030,leg2-cruise,6048.177739648131,6053.092571881421,直连,
P00044,leg2-descent,6048.48685312571,6058.352856266247,直连,
P00041,leg2-cruise,6049.351726554956,6054.294510857456,直连,
P00275,leg2-cruise,6050.079467720341,6055.039579193445,直连,
P00278,leg2-cruise,6050.079467720341,6055.039579193445,直连,
P00009,leg2-cruise,6050.2918515827,6055.257019814432,直连,
P00030,leg2-cruise,6053.092571881421,6058.00740411471,直连,
P00041,leg2-cruise,6054.294510857456,6059.237295159955,直连,
P00275,leg2-cruise,6055.039579193445,6059.999690666549,直连,
P00278,leg2-cruise,6055.039579193445,6059.999690666549,直连,
P00009,leg2-cruise,6055.257019814432,6060.222188046164,直连,
P00018,S011-handoff,6057.975464059105,6067.975464059105,直连,
P00030,leg2-cruise,6058.00740411471,6062.922236348,直连,
P00044,leg2-descent,6058.352856266247,6068.218859406783,直连,
P00041,leg2-descent,6059.237295159955,6068.884053786258,直连,
P00275,leg2-descent,6059.999690666549,6069.60652004277,直连,
P00278,leg2-descent,6059.999690666549,6069.60652004277,直连,
P00009,leg2-cruise,6060.222188046164,6065.187356277896,直连,
P00030,leg2-cruise,6062.922236348,6067.83706858129,直连,
P00009,leg2-cruise,6065.187356277896,6070.152524509627,直连,
P00030,leg2-cruise,6067.83706858129,6072.751900814579,直连,
P00018,S011-handoff,6067.975464059105,6077.975464059105,直连,
P00044,leg2-descent,6068.218859406783,6078.084862547319,直连,
P00041,leg2-descent,6068.884053786258,6078.530812412559,直连,
P00275,leg2-descent,6069.60652004277,6079.213349418991,直连,
P00278,leg2-descent,6069.60652004277,6079.213349418991,直连,
P00009,leg2-cruise,6070.152524509627,6075.117692741359,直连,
P00030,leg2-cruise,6072.751900814579,6077.666733047869,直连,
P00009,leg2-cruise,6075.117692741359,6080.082860973091,直连,
P00030,leg2-cruise,6077.666733047869,6082.581565281158,直连,
P00018,S011-handoff,6077.975464059105,6087.975464059105,直连,
P00044,leg2-descent,6078.084862547319,6087.950865687855,直连,
P00041,leg2-descent,6078.530812412559,6088.177571038862,直连,
P00275,leg2-descent,6079.213349418991,6088.820178795211,直连,
P00278,leg2-descent,6079.213349418991,6088.820178795211,直连,
P00009,leg2-cruise,6080.082860973091,6085.048029204822,直连,
P00030,leg2-cruise,6082.581565281158,6087.496397514448,直连,
P00009,leg2-cruise,6085.048029204822,6090.013197436554,直连,
P00030,leg2-cruise,6087.496397514448,6092.411229747738,直连,
P00044,leg2-descent,6087.950865687855,6097.816868828391,直连,
P00018,S011-handoff,6087.975464059105,6097.975464059105,直连,
P00041,leg2-descent,6088.177571038862,6097.824329665164,直连,
P00275,leg2-descent,6088.820178795211,6098.427008171432,直连,
P00278,leg2-descent,6088.820178795211,6098.427008171432,直连,
P00009,leg2-cruise,6090.013197436554,6094.978365668287,直连,
P00030,leg2-cruise,6092.411229747738,6097.326061981027,直连,
P00009,leg2-cruise,6094.978365668287,6099.943533900018,直连,
P00030,leg2-cruise,6097.326061981027,6102.240894214317,直连,
P00044,leg2-descent,6097.816868828391,6107.682871968927,直连,
P00041,leg2-descent,6097.824329665164,6107.471088291466,直连,
P00018,S011-handoff,6097.975464059105,6107.975464059105,直连,
P00275,leg2-descent,6098.427008171432,6108.033837547653,直连,
P00278,leg2-descent,6098.427008171432,6108.033837547653,直连,
P00009,leg2-cruise,6099.943533900018,6104.90870213175,直连,
P00030,leg2-cruise,6102.240894214317,6107.155726447607,直连,
P00009,leg2-cruise,6104.90870213175,6109.873870363482,直连,
P00030,leg2-cruise,6107.155726447607,6112.070558680896,直连,
P00041,leg2-descent,6107.471088291466,6117.117846917768,直连,
P00018,S011-handoff,6107.975464059105,6117.975464059105,直连,
P00275,leg2-descent,6108.033837547653,6117.640666923873,直连,
P00278,leg2-descent,6108.033837547653,6117.640666923873,直连,
P00009,leg2-cruise,6109.873870363482,6114.839038595213,直连,
P00030,leg2-cruise,6112.070558680896,6116.985390914186,直连,
P00009,leg2-cruise,6114.839038595213,6119.804206826945,直连,
P00030,leg2-cruise,6116.985390914186,6121.900223147475,直连,
P00041,leg2-descent,6117.117846917768,6126.76460554407,直连,
P00275,leg2-descent,6117.640666923873,6127.247496300094,直连,
P00278,leg2-descent,6117.640666923873,6127.247496300094,直连,
P00018,S011-handoff,6117.975464059105,6127.975464059105,直连,
P00009,leg2-cruise,6119.804206826945,6124.769375058677,直连,
P00030,leg2-cruise,6121.900223147475,6126.815055380765,直连,
P00009,leg2-cruise,6124.769375058677,6129.734543290409,直连,
P00041,leg2-descent,6126.76460554407,6136.411364170372,直连,
P00030,leg2-descent,6126.815055380765,6136.623428671781,直连,
P00275,leg2-descent,6127.247496300094,6136.854325676315,直连,
P00278,leg2-descent,6127.247496300094,6136.854325676315,直连,
P00018,S011-handoff,6127.975464059105,6137.975464059105,直连,
P00009,leg2-cruise,6129.734543290409,6139.664879753873,直连,
P00041,leg2-descent,6136.411364170372,6146.058122796674,直连,
P00030,leg2-descent,6136.623428671781,6146.431801962796,直连,
P00275,leg2-descent,6136.854325676315,6146.461155052536,直连,
P00278,leg2-descent,6136.854325676315,6146.461155052536,直连,
P00018,S011-handoff,6137.975464059105,6147.975464059105,直连,
P00009,leg2-cruise,6139.664879753873,6149.595216217336,直连,
P00041,leg2-descent,6146.058122796674,6155.704881422977,直连,
P00030,leg2-descent,6146.431801962796,6156.240175253813,直连,
P00275,leg2-descent,6146.461155052536,6156.067984428757,直连,
P00278,leg2-descent,6146.461155052536,6156.067984428757,直连,
P00018,S011-handoff,6147.975464059105,6157.975464059105,直连,
P00009,leg2-cruise,6149.595216217336,6159.5255526808,直连,
P00041,leg2-descent,6155.704881422977,6165.351640049278,直连,
P00275,leg2-descent,6156.067984428757,6165.674813804977,直连,
P00278,leg2-descent,6156.067984428757,6165.674813804977,直连,
P00030,leg2-descent,6156.240175253813,6166.048548544828,直连,
P00018,S011-handoff,6157.975464059105,6167.975464059105,直连,
P00009,leg2-cruise,6159.5255526808,6169.455889144263,直连,
P00041,leg2-descent,6165.351640049278,6174.998398675581,直连,
P00275,leg2-descent,6165.674813804977,6175.281643181198,直连,
P00278,leg2-descent,6165.674813804977,6175.281643181198,直连,
P00030,leg2-descent,6166.048548544828,6175.856921835843,直连,
P00018,S011-handoff,6167.975464059105,6177.975464059105,直连,
P00009,leg2-cruise,6169.455889144263,6179.386225607726,直连,
P00041,leg2-descent,6174.998398675581,6184.645157301882,直连,
P00275,leg2-descent,6175.281643181198,6184.888472557419,直连,
P00278,leg2-descent,6175.281643181198,6184.888472557419,直连,
P00030,leg2-descent,6175.856921835843,6185.665295126859,直连,
P00018,S011-handoff,6177.975464059105,6187.975464059105,直连,
P00009,leg2-cruise,6179.386225607726,6189.316562071191,直连,
P00041,leg2-descent,6184.645157301882,6194.291915928185,直连,
P00275,leg2-descent,6184.888472557419,6194.495301933639,直连,
P00278,leg2-descent,6184.888472557419,6194.495301933639,直连,
P00030,leg2-descent,6185.665295126859,6195.473668417874,直连,
P00018,S011-handoff,6187.975464059105,6197.975464059105,直连,
P00009,leg2-cruise,6189.316562071191,6199.246898534654,直连,
P00041,leg2-descent,6194.291915928185,6203.938674554486,直连,
P00275,leg2-descent,6194.495301933639,6204.10213130986,直连,
P00278,leg2-descent,6194.495301933639,6204.10213130986,直连,
P00030,leg2-descent,6195.473668417874,6205.282041708891,直连,
P00018,leg2-climb,6197.975464059105,6207.226770211449,直连,
P00009,leg2-cruise,6199.246898534654,6204.212066766386,直连,
P00041,leg2-descent,6203.938674554486,6213.585433180789,直连,
P00275,leg2-descent,6204.10213130986,6213.708960686081,直连,
P00278,leg2-descent,6204.10213130986,6213.708960686081,直连,
P00009,leg2-cruise,6204.212066766386,6209.177234998117,直连,
P00030,leg2-descent,6205.282041708891,6215.090414999906,直连,
P00018,leg2-climb,6207.226770211449,6216.478076363792,直连,
P00009,leg2-descent,6209.177234998117,6218.839348078824,直连,
P00041,leg2-descent,6213.585433180789,6223.23219180709,直连,
P00030,leg2-descent,6215.090414999906,6224.898788290921,直连,
P00018,leg2-climb,6216.478076363792,6225.729382516136,直连,
P00009,leg2-descent,6218.839348078824,6228.501461159529,直连,
P00041,leg2-descent,6223.23219180709,6232.878950433393,直连,
P00018,leg2-cruise,6225.729382516136,6230.67175396377,直连,
P00009,leg2-descent,6228.501461159529,6238.163574240235,直连,
P00018,leg2-cruise,6230.67175396377,6240.556496859039,直连,
P00009,leg2-descent,6238.163574240235,6247.825687320941,直连,
P00018,leg2-cruise,6240.556496859039,6250.441239754308,直连,
P00009,leg2-descent,6247.825687320941,6257.487800401647,直连,
P00018,leg2-cruise,6250.441239754308,6260.325982649577,直连,
P00009,leg2-descent,6257.487800401647,6267.149913482353,直连,
P00018,leg2-cruise,6260.325982649577,6270.210725544845,直连,
P00009,leg2-descent,6267.149913482353,6276.812026563059,直连,
P00018,leg2-cruise,6270.210725544845,6280.095468440115,直连,
P00009,leg2-descent,6276.812026563059,6286.474139643765,直连,
P00018,leg2-cruise,6280.095468440115,6289.980211335384,直连,
P00009,leg2-descent,6286.474139643765,6296.13625272447,直连,
P00018,leg2-cruise,6289.980211335384,6299.864954230652,直连,
P00009,leg2-descent,6296.13625272447,6305.798365805176,直连,
P00018,leg2-cruise,6299.864954230652,6309.749697125921,直连,
P00009,leg2-descent,6305.798365805176,6315.460478885882,直连,
P00018,leg2-cruise,6309.749697125921,6319.634440021189,直连,
P00009,leg2-descent,6315.460478885882,6325.122591966589,直连,
P00018,leg2-cruise,6319.634440021189,6329.519182916459,直连,
P00009,leg2-descent,6325.122591966589,6334.784705047294,直连,
P00018,leg2-cruise,6329.519182916459,6339.403925811727,直连,
P00009,leg2-descent,6334.784705047294,6344.446818128,直连,
P00018,leg2-cruise,6339.403925811727,6413.539497526243,直连,
P00018,leg2-descent,6413.539497526243,6480.604199674681,直连,
