运输架次编号,通信阶段,开始时刻（s）,结束时刻（s）,保障方式,中继架次编号,直连路径损耗（dB）,直连门限（dB）
Q2-004,leg1-climb,330.0,385.2163431803385,直连,,66.66747393750508,122.0
Q2-003,leg1-climb,360.0,387.60817159016926,直连,,66.66747393750508,122.0
Q2-010,leg1-climb,360.0,385.6613779703776,直连,,65.39393397923973,122.0
Q2-015,leg1-climb,360.0,409.8840633138021,直连,,64.87172052108262,122.0
Q2-004,leg1-cruise,385.2163431803385,391.92384728784236,直连,,83.80984134536509,122.0
Q2-010,leg1-climb,385.6613779703776,411.3227559407552,直连,,79.65212742394806,122.0
Q2-003,leg1-climb,387.60817159016926,415.2163431803385,直连,,80.41464392119954,122.0
Q2-004,leg1-cruise,391.92384728784236,412.0463596103539,直连,,86.48783188412632,122.0
Q2-015,leg1-climb,409.8840633138021,434.82609497070314,直连,,84.51194667897934,122.0
Q2-010,leg1-climb,411.3227559407552,436.9841339111328,直连,,84.78800933048046,122.0
Q2-004,leg1-cruise,412.0463596103539,418.7538637178577,直连,,93.59927510334607,122.0
Q2-003,leg1-cruise,415.2163431803385,421.92384728784236,直连,,83.80984134536509,122.0
Q2-004,leg1-cruise,418.7538637178577,425.46136782536155,直连,,95.20550532626321,122.0
Q2-002,leg1-climb,420.0,449.0713220214844,直连,,64.31881537331904,122.0
Q2-003,leg1-cruise,421.92384728784236,428.6313513953462,直连,,86.48783188412632,122.0
Q2-004,leg1-cruise,425.46136782536155,432.1688719328654,直连,,96.57585595184325,122.0
Q2-003,leg1-cruise,428.6313513953462,435.33885550285004,直连,,89.32192566516827,122.0
Q2-004,leg1-cruise,432.1688719328654,438.8763760403692,直连,,97.76742860073068,122.0
Q2-015,leg1-climb,434.82609497070314,459.76812662760415,直连,,87.72663096877889,122.0
Q2-003,leg1-cruise,435.33885550285004,442.0463596103539,直连,,91.67454184536746,122.0
Q2-010,leg1-climb,436.9841339111328,462.6455118815104,直连,,87.99370239644938,122.0
Q2-004,leg1-cruise,438.8763760403692,445.58388014787306,直连,,98.81989682476241,122.0
Q2-003,leg1-cruise,442.0463596103539,448.7538637178577,直连,,93.59927510334607,122.0
Q2-004,leg1-cruise,445.58388014787306,452.2913842553769,直连,,99.76150264080789,122.0
Q2-003,leg1-cruise,448.7538637178577,455.46136782536155,直连,,95.20550532626321,122.0
Q2-002,leg1-climb,449.0713220214844,478.14264404296875,直连,,79.04372855980824,122.0
Q2-004,leg1-cruise,452.2913842553769,458.99888836288073,直连,,100.61289758781521,122.0
Q2-003,leg1-cruise,455.46136782536155,462.1688719328654,直连,,96.57585595184325,122.0
Q2-004,leg1-cruise,458.99888836288073,465.70639247038457,直连,,101.38956764919364,122.0
Q2-015,leg1-climb,459.76812662760415,484.7101582845052,直连,,90.06766405567052,122.0
Q2-003,leg1-cruise,462.1688719328654,468.8763760403692,直连,,97.76742860073068,122.0
Q2-010,leg1-cruise,462.6455118815104,469.75628554463685,直连,,89.33448703159354,122.0
Q2-004,leg1-cruise,465.70639247038457,472.4138965778884,直连,,102.10338939548187,122.0
Q2-003,leg1-cruise,468.8763760403692,475.58388014787306,直连,,98.81989682476241,122.0
Q2-010,leg1-cruise,469.75628554463685,476.8670592077633,直连,,90.02332798371397,122.0
Q2-004,leg1-cruise,472.4138965778884,479.12140068539225,直连,,102.76365334174194,122.0
Q2-003,leg1-cruise,475.58388014787306,482.2913842553769,直连,,99.76150264080789,122.0
Q2-010,leg1-cruise,476.8670592077633,483.97783287088976,直连,,91.14046780718796,122.0
Q2-002,leg1-cruise,478.14264404296875,485.4364805341328,直连,,82.77423752426722,122.0
Q2-004,leg1-cruise,479.12140068539225,485.8289047928961,直连,,103.37775440211801,122.0
Q2-003,leg1-cruise,482.2913842553769,488.99888836288073,直连,,100.61289758781521,122.0
Q2-010,leg1-cruise,483.97783287088976,491.08860653401615,直连,,92.41221217539932,122.0
Q2-015,leg1-cruise,484.7101582845052,491.9759081210236,直连,,91.10281892638648,122.0
Q2-002,leg1-cruise,485.4364805341328,492.73031702529687,直连,,86.35317246723555,122.0
Q2-004,leg1-cruise,485.8289047928961,492.5364089003999,直连,,103.9516692686018,122.0
Q2-003,leg1-cruise,488.99888836288073,495.70639247038457,直连,,101.38956764919364,122.0
Q2-010,leg1-cruise,491.08860653401615,498.19938019714255,直连,,93.67828988012538,122.0
Q2-015,leg1-cruise,491.9759081210236,499.241657957542,直连,,91.59281885754937,122.0
Q2-004,leg1-cruise,492.5364089003999,499.24391300790376,直连,,104.49029399561864,122.0
Q2-002,leg1-cruise,492.73031702529687,500.02415351646096,直连,,89.62210297240887,122.0
Q2-003,leg1-cruise,495.70639247038457,502.4138965778884,直连,,102.10338939548187,122.0
Q2-010,leg1-cruise,498.19938019714255,505.310153860269,直连,,94.87116342041276,122.0
Q2-015,leg1-cruise,499.241657957542,506.5074077940603,直连,,92.4328169961624,122.0
Q2-004,leg1-cruise,499.24391300790376,505.9514171154076,直连,,104.99768767250048,122.0
Q2-002,leg1-cruise,500.02415351646096,507.317990007625,直连,,92.15877456723007,122.0
Q2-003,leg1-cruise,502.4138965778884,509.12140068539225,直连,,102.76365334174194,122.0
Q2-010,leg1-cruise,505.310153860269,512.4209275233954,直连,,95.97103472323967,122.0
Q2-004,leg1-cruise,505.9514171154076,512.6589212229114,直连,,105.47725160286713,122.0
Q2-015,leg1-cruise,506.5074077940603,513.7731576305787,直连,,93.44957109241432,122.0
Q2-002,leg1-cruise,507.317990007625,514.611826498789,直连,,94.17233176397204,122.0
Q2-003,leg1-cruise,509.12140068539225,515.8289047928961,直连,,103.37775440211801,122.0
Q2-010,leg1-cruise,512.4209275233954,519.5317011865219,直连,,96.97824643190084,122.0
Q2-004,leg1-cruise,512.6589212229114,519.3664253304153,直连,,115.93186328933483,122.0
Q2-015,leg1-cruise,513.7731576305787,521.038907467097,直连,,94.51591944457063,122.0
Q2-002,leg1-cruise,514.611826498789,521.905662989953,直连,,95.82703269947991,122.0
Q2-003,leg1-cruise,515.8289047928961,522.5364089003999,直连,,103.9516692686018,122.0
Q2-004,leg1-cruise,519.3664253304153,526.0739294379191,直连,,116.36397815647592,122.0
Q2-010,leg1-cruise,519.5317011865219,526.6424748496484,直连,,97.90039548124572,122.0
Q2-015,leg1-cruise,521.038907467097,528.3046573036154,直连,,95.56127703759435,122.0
Q2-002,leg1-cruise,521.905662989953,529.1994994811171,直连,,97.2264316611331,122.0
Q2-003,leg1-cruise,522.5364089003999,529.2439130079038,直连,,104.49029399561864,122.0
Q2-004,leg1-cruise,526.0739294379191,532.7814335454229,直连,,116.77570785204713,122.0
Q2-010,leg1-cruise,526.6424748496484,533.7532485127748,直连,,98.7469337870111,122.0
Q2-015,leg1-cruise,528.3046573036154,535.5704071401337,直连,,96.55362290746967,122.0
Q2-002,leg1-cruise,529.1994994811171,536.4933359722812,直连,,98.43668876564163,122.0
Q2-003,leg1-cruise,529.2439130079038,535.9514171154076,直连,,104.99768767250048,122.0
Q2-004,leg1-cruise,532.7814335454229,539.4889376529268,直连,,117.16888128014241,122.0
Q2-010,leg1-cruise,533.7532485127748,540.8640221759013,直连,,99.52707432957153,122.0
Q2-015,leg1-cruise,535.5704071401337,542.8361569766521,直连,,97.48193388535843,122.0
Q2-003,leg1-cruise,535.9514171154076,542.6589212229114,直连,,105.47725160286713,122.0
Q2-002,leg1-cruise,536.4933359722812,543.7871724634454,直连,,99.50184775819227,122.0
Q2-004,leg1-cruise,539.4889376529268,546.1964417604306,直连,,117.54509272233167,122.0
Q2-001,leg1-climb,540.0,569.0713220214843,直连,,64.31881537331904,122.0
Q2-010,leg1-cruise,540.8640221759013,547.9747958390277,直连,,100.24908073005845,122.0
Q2-003,leg1-cruise,542.6589212229114,549.3664253304153,直连,,115.93186328933483,122.0
Q2-015,leg1-cruise,542.8361569766521,550.1019068131704,直连,,98.34533012267849,122.0
Q2-002,leg1-cruise,543.7871724634454,551.0810089546094,直连,,100.45245132180452,122.0
Q2-004,leg1-cruise,546.1964417604306,552.9039458679345,直连,,117.90574017824228,122.0
Q2-010,leg1-cruise,547.9747958390277,555.0855695021542,直连,,100.9201151306209,122.0
Q2-003,leg1-cruise,549.3664253304153,556.0739294379191,直连,,116.36397815647592,122.0
Q2-015,leg1-cruise,550.1019068131704,557.3676566496888,直连,,99.14735558982971,122.0
Q2-002,leg1-cruise,551.0810089546094,558.3748454457734,直连,,101.31045005226437,122.0
Q2-004,leg1-cruise,552.9039458679345,559.6114499754383,直连,,118.25205620907475,122.0
Q2-010,leg1-cruise,555.0855695021542,562.1963431652806,直连,,101.54629768669663,122.0
Q2-003,leg1-cruise,556.0739294379191,562.7814335454229,直连,,116.77570785204713,122.0
Q2-015,leg1-cruise,557.3676566496888,564.6334064862072,直连,,99.89317770893237,122.0
Q2-002,leg1-cruise,558.3748454457734,565.6686819369374,直连,,102.09210640112423,122.0
Q2-004,leg1-cruise,559.6114499754383,566.3189540829421,直连,,118.58513297104014,122.0
Q2-010,leg1-cruise,562.1963431652806,569.3071168284071,直连,,102.13283404374805,122.0
Q2-003,leg1-cruise,562.7814335454229,569.4889376529268,直连,,117.16888128014241,122.0
Q2-015,leg1-cruise,564.6334064862072,571.8991563227255,直连,,100.58828245313158,122.0
Q2-002,leg1-cruise,565.6686819369374,572.9625184281015,直连,,102.80978335866854,122.0
Q2-004,leg1-cruise,566.3189540829421,573.026458190446,直连,,118.90594270034191,122.0
Q2-001,leg1-climb,569.0713220214843,598.1426440429688,直连,,79.04372855980822,122.0
Q2-010,leg1-cruise,569.3071168284071,576.4178904915335,直连,,102.68415303116016,122.0
Q2-003,leg1-cruise,569.4889376529268,576.1964417604306,直连,,117.54509272233167,122.0
Q2-015,leg1-cruise,571.8991563227255,579.1649061592439,直连,,101.23790303274039,122.0
Q2-002,leg1-cruise,572.9625184281015,580.2563549192656,直连,,103.47308837086479,122.0
Q2-004,leg1-descent,573.026458190446,589.2762640986491,直连,,119.0590175750754,122.0
Q2-003,leg1-cruise,576.1964417604306,582.9039458679345,直连,,117.90574017824228,122.0
Q2-010,leg1-cruise,576.4178904915335,583.52866415466,直连,,103.20403307342822,122.0
Q2-015,leg1-cruise,579.1649061592439,586.4306559957622,直连,,101.8467998900818,122.0
Q2-002,leg1-cruise,580.2563549192656,587.5501914104298,直连,,104.08962984723124,122.0
Q2-003,leg1-cruise,582.9039458679345,589.6114499754383,直连,,118.25205620907475,122.0
Q2-010,leg1-cruise,583.52866415466,590.6394378177863,直连,,103.69571095682718,122.0
Q2-015,leg1-cruise,586.4306559957622,593.6964058322806,直连,,102.41920466674229,122.0
Q2-002,leg1-cruise,587.5501914104298,594.8440279015938,直连,,114.66553246755427,122.0
Q2-004,leg1-descent,589.2762640986491,605.5260700068523,直连,,119.05435477255502,122.0
Q2-003,leg1-cruise,589.6114499754383,596.3189540829421,直连,,118.58513297104014,122.0
Q2-010,leg1-cruise,590.6394378177863,597.7502114809128,直连,,104.16197266762961,122.0
Q2-015,leg1-cruise,593.6964058322806,600.962155668799,直连,,102.95883720825306,122.0
Q2-002,leg1-cruise,594.8440279015938,602.1378643927578,直连,,115.20579743946301,122.0
Q2-003,leg1-cruise,596.3189540829421,603.026458190446,直连,,118.90594270034191,122.0
Q2-010,leg1-cruise,597.7502114809128,604.8609851440392,直连,,104.60522821407724,122.0
Q2-001,leg1-cruise,598.1426440429688,605.4364805341329,直连,,82.77423752426722,122.0
Q2-015,leg1-cruise,600.962155668799,608.2279055053174,直连,,103.4689518464894,122.0
Q2-002,leg1-cruise,602.1378643927578,609.4317008839218,直连,,115.71456020597117,122.0
Q2-003,leg1-descent,603.026458190446,619.2762640986491,直连,,119.0590175750754,122.0
Q2-010,leg1-cruise,604.8609851440392,611.9717588071657,直连,,105.02757291086547,122.0
Q2-001,leg1-cruise,605.4364805341329,612.7303170252969,直连,,86.35317246723555,122.0
Q2-004,S011-handoff,605.5260700068523,635.5260700068523,直连,,119.05269852342448,122.0
Q2-015,leg1-cruise,608.2279055053174,615.4936553418357,直连,,103.95239227023819,122.0
Q2-002,leg1-cruise,609.4317008839218,616.7255373750859,直连,,116.19527858205697,122.0
Q2-010,leg1-cruise,611.9717588071657,619.0825324702921,直连,,105.43083752149822,122.0
Q2-001,leg1-cruise,612.7303170252969,620.024153516461,直连,,89.62210297240887,122.0
Q2-015,leg1-cruise,615.4936553418357,622.7594051783541,直连,,104.41164558433431,122.0
Q2-002,leg1-cruise,616.7255373750859,624.01937386625,直连,,116.65087261173808,122.0
Q2-010,leg1-cruise,619.0825324702921,626.1933061334186,直连,,115.81662934791319,122.0
Q2-003,leg1-descent,619.2762640986491,635.5260700068523,直连,,119.05435477255502,122.0
Q2-001,leg1-cruise,620.024153516461,627.317990007625,直连,,92.15877456723007,122.0
Q2-015,leg1-cruise,622.7594051783541,630.0251550148724,直连,,104.8488916592459,122.0
Q2-002,leg1-cruise,624.01937386625,631.3132103574142,直连,,117.08383023406073,122.0
Q2-010,leg1-cruise,626.1933061334186,633.304079796545,直连,,116.18636600533709,122.0
Q2-001,leg1-cruise,627.317990007625,634.611826498789,直连,,94.17233176397204,122.0
Q2-015,leg1-cruise,630.0251550148724,637.2909048513908,直连,,105.26604651491813,122.0
Q2-002,leg1-cruise,631.3132103574142,638.6070468485782,直连,,117.49628828895406,122.0
Q2-010,leg1-cruise,633.304079796545,640.4148534596715,直连,,116.54130329477022,122.0
Q2-001,leg1-cruise,634.611826498789,641.905662989953,直连,,95.82703269947991,122.0
Q2-003,S011-handoff,635.5260700068523,665.5260700068523,直连,,119.05269852342448,122.0
Q2-004,S011-handoff,635.5260700068523,665.5260700068523,直连,,119.05269852342448,122.0
Q2-015,leg1-cruise,637.2909048513908,644.5566546879091,直连,,105.6647997056406,122.0
Q2-002,leg1-cruise,638.6070468485782,645.9008833397422,直连,,117.89009544154852,122.0
Q2-010,leg1-cruise,640.4148534596715,647.5256271227979,直连,,116.88255830730216,122.0
Q2-001,leg1-cruise,641.905662989953,649.1994994811171,直连,,97.2264316611331,122.0
Q2-015,leg1-cruise,644.5566546879091,651.8224045244275,直连,,106.04664619488356,122.0
Q2-002,leg1-cruise,645.9008833397422,653.1947198309063,直连,,118.2668616487555,122.0
Q2-010,leg1-cruise,647.5256271227979,654.6364007859244,直连,,117.21112866600254,122.0
Q2-001,leg1-cruise,649.1994994811171,656.4933359722812,直连,,98.43668876564163,122.0
Q2-015,leg1-cruise,651.8224045244275,659.0881543609459,直连,,106.412913389706,122.0
Q2-002,leg1-cruise,653.1947198309063,660.4885563220703,直连,,118.6279974722734,122.0
Q2-010,leg1-cruise,654.6364007859244,661.7471744490508,直连,,117.52790862811142,122.0
Q2-001,leg1-cruise,656.4933359722812,663.7871724634454,直连,,99.50184775819227,122.0
Q2-015,leg1-cruise,659.0881543609459,666.3539041974642,直连,,106.76478402337557,122.0
Q2-002,leg1-cruise,660.4885563220703,667.7823928132343,直连,,118.97474563504288,122.0
Q2-010,leg1-cruise,661.7471744490508,668.8579481121773,直连,,117.83370262416206,122.0
Q2-001,leg1-cruise,663.7871724634454,671.0810089546094,直连,,100.45245132180452,122.0
Q2-003,S011-handoff,665.5260700068523,695.5260700068523,直连,,119.05269852342448,122.0
Q2-004,S011-handoff,665.5260700068523,695.5260700068523,直连,,119.05269852342448,122.0
Q2-015,leg1-cruise,666.3539041974642,673.6196540339826,直连,,107.1033155241658,122.0
Q2-002,leg1-cruise,667.7823928132343,675.0762293043983,直连,,119.30820658433481,122.0
Q2-010,leg1-cruise,668.8579481121773,675.9687217753037,直连,,118.12923669575326,122.0
Q2-001,leg1-cruise,671.0810089546094,678.3748454457734,直连,,101.31045005226437,122.0
Q2-015,leg1-cruise,673.6196540339826,680.8854038705009,直连,,107.42945643115586,122.0
Q2-002,leg1-cruise,675.0762293043983,682.3700657955625,直连,,119.62935937497292,122.0
Q2-010,leg1-cruise,675.9687217753037,683.0794954384302,直连,,118.41516820232872,122.0
Q2-001,leg1-cruise,678.3748454457734,685.6686819369374,直连,,102.09210640112423,122.0
Q2-015,leg1-cruise,680.8854038705009,688.1511537070193,直连,,107.74406033708192,122.0
Q2-002,leg1-descent,682.3700657955625,704.634218322418,直连,,119.78324676692044,122.0
Q2-010,leg1-cruise,683.0794954384302,690.1902691015566,直连,,118.69209409572971,122.0
Q2-001,leg1-cruise,685.6686819369374,692.9625184281015,直连,,102.80978335866854,122.0
Q2-015,leg1-cruise,688.1511537070193,695.4169035435377,直连,,108.04789776219863,122.0
Q2-010,leg1-cruise,690.1902691015566,697.3010427646831,直连,,118.96055800400146,122.0
Q2-001,leg1-cruise,692.9625184281015,700.2563549192656,直连,,103.47308837086479,122.0
Q2-015,leg1-cruise,695.4169035435377,702.6826533800561,直连,,108.3416662965394,122.0
Q2-003,S011-handoff,695.5260700068523,725.5260700068523,直连,,119.05269852342448,122.0
Q2-004,S011-handoff,695.5260700068523,725.5260700068523,直连,,119.05269852342448,122.0
Q2-010,leg1-cruise,697.3010427646831,704.4118164278095,直连,,119.22105632099947,122.0
Q2-001,leg1-cruise,700.2563549192656,707.5501914104298,直连,,104.08962984723124,122.0
Q2-015,leg1-cruise,702.6826533800561,709.9484032165744,直连,,108.62599929056175,122.0
Q2-010,leg1-cruise,704.4118164278095,711.522590090936,直连,,119.47404346199082,122.0
Q2-002,leg1-descent,704.634218322418,726.8983708492734,直连,,119.77991803994453,122.0
Q2-001,leg1-cruise,707.5501914104298,714.8440279015938,直连,,114.66553246755427,122.0
Q2-015,leg1-cruise,709.9484032165744,717.2141530530928,直连,,108.90147332647464,122.0
Q2-010,leg1-cruise,711.522590090936,718.6333637540624,直连,,119.71993641686394,122.0
Q2-001,leg1-cruise,714.8440279015938,722.1378643927578,直连,,115.20579743946301,122.0
Q2-015,leg1-cruise,717.2141530530928,724.4799028896111,直连,,109.1686146625138,122.0
Q2-010,leg1-cruise,718.6333637540624,725.7441374171889,直连,,119.95911870911998,122.0
Q2-001,leg1-cruise,722.1378643927578,729.4317008839218,直连,,115.71456020597117,122.0
Q2-015,leg1-cruise,724.4799028896111,731.7456527261295,直连,,109.42790480979943,122.0
Q2-003,S011-handoff,725.5260700068523,755.5260700068523,直连,,119.05269852342448,122.0
Q2-004,S011-handoff,725.5260700068523,755.5260700068523,直连,,119.05269852342448,122.0
Q2-010,leg1-cruise,725.7441374171889,732.8549110803153,直连,,120.1919438502768,122.0
Q2-002,S001-handoff,726.8983708492734,756.3529163038189,直连,,119.77894086539243,122.0
Q2-001,leg1-cruise,729.4317008839218,736.7255373750859,直连,,116.19527858205697,122.0
Q2-015,leg1-cruise,731.7456527261295,739.0114025626478,直连,,109.67978537424047,122.0
Q2-010,leg1-cruise,732.8549110803153,739.9656847434417,直连,,120.41873836412677,122.0
Q2-001,leg1-cruise,736.7255373750859,744.01937386625,直连,,116.65087261173808,122.0
Q2-015,leg1-cruise,739.0114025626478,746.2771523991662,直连,,109.92466227376687,122.0
Q2-010,leg1-cruise,739.9656847434417,747.0764584065681,直连,,120.63980444281829,122.0
Q2-001,leg1-cruise,744.01937386625,751.3132103574142,直连,,117.08383023406073,122.0
Q2-015,leg1-cruise,746.2771523991662,753.5429022356846,直连,,110.16290942304552,122.0
Q2-010,leg1-cruise,747.0764584065681,754.1872320696946,直连,,120.85542228686438,122.0
Q2-001,leg1-cruise,751.3132103574142,758.6070468485782,直连,,117.49628828895406,122.0
Q2-015,leg1-cruise,753.5429022356846,760.8086520722029,直连,,110.39487196260256,122.0
Q2-010,leg1-cruise,754.1872320696946,761.298005732821,直连,,121.06585217265695,122.0
Q2-003,S011-handoff,755.5260700068523,785.5260700068523,直连,,119.05269852342448,122.0
Q2-004,S011-handoff,755.5260700068523,785.5260700068523,直连,,119.05269852342448,122.0
Q2-002,S001-handoff,756.3529163038189,785.8074617583643,直连,,119.77894086539243,122.0
Q2-001,leg1-cruise,758.6070468485782,765.9008833397422,直连,,117.89009544154852,122.0
Q2-015,leg1-cruise,760.8086520722029,768.0744019087213,直连,,110.62086909713508,122.0
Q2-010,leg1-cruise,761.298005732821,768.4087793959475,直连,,121.27133628447994,122.0
Q2-001,leg1-cruise,765.9008833397422,773.1947198309063,直连,,118.2668616487555,122.0
Q2-015,leg1-cruise,768.0744019087213,775.3401517452396,直连,,110.8411965973498,122.0
Q2-010,leg1-cruise,768.4087793959475,775.5195530590739,直连,,121.47210034214612,122.0
Q2-001,leg1-cruise,773.1947198309063,780.4885563220703,直连,,118.6279974722734,122.0
Q2-015,leg1-cruise,775.3401517452396,782.605901581758,直连,,111.05612901139271,122.0
Q2-010,leg1-cruise,775.5195530590739,782.6303267222004,直连,,121.66835505091314,122.0
Q2-001,leg1-cruise,780.4885563220703,787.7823928132343,直连,,118.97474563504288,122.0
Q2-015,leg1-cruise,782.605901581758,789.8716514182763,直连,,111.2659216247208,122.0
Q2-010,leg1-cruise,782.6303267222004,789.7411003853267,直连,,121.8602973962079,122.0
Q2-003,S011-handoff,785.5260700068523,815.5260700068523,直连,,119.05269852342448,122.0
Q2-004,leg2-climb,785.5260700068523,812.6090798538575,直连,,119.05646134153034,122.0
Q2-002,S001-handoff,785.8074617583643,815.2620072129098,直连,,119.77894086539243,122.0
Q2-001,leg1-cruise,787.7823928132343,795.0762293043983,直连,,119.30820658433481,122.0
Q2-010,leg1-cruise,789.7411003853267,803.9626477115796,中断,,122.14052548497386,122.0
Q2-015,leg1-cruise,789.8716514182763,797.1374012547947,直连,,111.47081220159964,122.0
Q2-001,leg1-cruise,795.0762293043983,802.3700657955625,直连,,119.62935937497292,122.0
Q2-015,leg1-cruise,797.1374012547947,804.403151091313,直连,,111.67102253631903,122.0
Q2-001,leg1-descent,802.3700657955625,824.634218322418,直连,,119.78324676692044,122.0
Q2-010,leg1-cruise,803.9626477115796,832.4057423640854,中断,,122.67535774301663,122.0
Q2-015,leg1-cruise,804.403151091313,833.4661504373864,中断,,122.15239955992789,122.0
Q2-004,leg2-cruise,812.6090798538575,819.3165839613613,直连,,118.90594270034191,122.0
Q2-002,S001-handoff,815.2620072129098,844.7165526674552,直连,,119.77894086539243,122.0
Q2-003,S011-handoff,815.5260700068523,845.5260700068523,直连,,119.05269852342448,122.0
Q2-004,leg2-cruise,819.3165839613613,826.0240880688651,直连,,118.58513297104014,122.0
Q2-001,leg1-descent,824.634218322418,846.8983708492734,直连,,119.77991803994453,122.0
Q2-004,leg2-cruise,826.0240880688651,832.731592176369,直连,,118.25205620907475,122.0
Q2-010,leg1-cruise,832.4057423640854,860.8488370165912,中断,,123.34099946960137,122.0
Q2-004,leg2-cruise,832.731592176369,839.4390962838728,直连,,117.90574017824228,122.0
Q2-015,leg1-cruise,833.4661504373864,862.52914978346,中断,,122.87144159490425,122.0
Q2-004,leg2-cruise,839.4390962838728,846.1466003913766,直连,,117.54509272233167,122.0
Q2-002,S001-handoff,844.7165526674552,874.1710981220007,直连,,119.77894086539243,122.0
Q2-003,leg2-climb,845.5260700068523,872.6090798538575,直连,,119.05646134153034,122.0
Q2-004,leg2-cruise,846.1466003913766,852.8541044988805,直连,,117.16888128014241,122.0
Q2-001,S001-handoff,846.8983708492734,876.1483708492734,直连,,119.77894086539243,122.0
Q2-004,leg2-cruise,852.8541044988805,866.2691127138881,直连,,116.77570785204713,122.0
Q2-010,leg1-descent,860.8488370165912,877.6561441454975,中断,,123.65347814295185,122.0
Q2-015,leg1-descent,862.52914978346,882.973213097262,中断,,123.20627570162381,122.0
Q2-004,leg2-cruise,866.2691127138881,872.976616821392,直连,,115.93186328933483,122.0
Q2-003,leg2-cruise,872.6090798538575,879.3165839613613,直连,,118.90594270034191,122.0
Q2-004,leg2-cruise,872.976616821392,879.6841209288958,直连,,105.47725160286713,122.0
Q2-002,S001-handoff,874.1710981220007,903.625643576546,直连,,119.77894086539243,122.0
Q2-001,S001-handoff,876.1483708492734,905.3983708492734,直连,,119.77894086539243,122.0
Q2-010,leg1-descent,877.6561441454975,894.4634512744037,中断,,123.64955789162984,122.0
Q2-003,leg2-cruise,879.3165839613613,886.0240880688651,直连,,118.58513297104014,122.0
Q2-004,leg2-cruise,879.6841209288958,886.3916250363997,直连,,104.99768767250048,122.0
Q2-015,leg1-descent,882.973213097262,903.4172764110641,中断,,123.19976070938588,122.0
Q2-003,leg2-cruise,886.0240880688651,892.731592176369,直连,,118.25205620907475,122.0
Q2-004,leg2-cruise,886.3916250363997,893.0991291439035,直连,,104.49029399561864,122.0
Q2-003,leg2-cruise,892.731592176369,899.4390962838728,直连,,117.90574017824228,122.0
Q2-004,leg2-cruise,893.0991291439035,899.8066332514072,直连,,103.9516692686018,122.0
Q2-010,S010-handoff,894.4634512744037,924.4634512744037,中断,,123.64784784212937,122.0
Q2-003,leg2-cruise,899.4390962838728,906.1466003913766,直连,,117.54509272233167,122.0
Q2-004,leg2-cruise,899.8066332514072,906.5141373589111,直连,,103.37775440211801,122.0
Q2-015,leg1-descent,903.4172764110641,923.8613397248662,中断,,123.19433714530092,122.0
Q2-002,S001-handoff,903.625643576546,933.0801890310915,直连,,119.77894086539243,122.0
Q2-001,S001-handoff,905.3983708492734,934.6483708492734,直连,,119.77894086539243,122.0
Q2-003,leg2-cruise,906.1466003913766,912.8541044988805,直连,,117.16888128014241,122.0
Q2-004,leg2-cruise,906.5141373589111,913.2216414664149,直连,,102.76365334174194,122.0
Q2-003,leg2-cruise,912.8541044988805,919.5616086063843,直连,,116.77570785204713,122.0
Q2-004,leg2-cruise,913.2216414664149,919.9291455739187,直连,,102.10338939548187,122.0
Q2-003,leg2-cruise,919.5616086063843,926.2691127138881,直连,,116.36397815647592,122.0
Q2-004,leg2-cruise,919.9291455739187,926.6366496814226,直连,,101.38956764919364,122.0
Q2-015,S007-handoff,923.8613397248662,953.8613397248662,中断,,123.19203596345481,122.0
Q2-010,S010-handoff,924.4634512744037,954.4634512744037,中断,,123.64784784212937,122.0
Q2-003,leg2-cruise,926.2691127138881,932.976616821392,直连,,115.93186328933483,122.0
Q2-004,leg2-cruise,926.6366496814226,933.3441537889264,直连,,100.61289758781521,122.0
Q2-003,leg2-cruise,932.976616821392,939.6841209288958,直连,,105.47725160286713,122.0
Q2-002,S001-handoff,933.0801890310915,962.5347344856369,直连,,119.77894086539243,122.0
Q2-004,leg2-cruise,933.3441537889264,940.0516578964302,直连,,99.76150264080789,122.0
Q2-001,S001-handoff,934.6483708492734,963.8983708492734,直连,,119.77894086539243,122.0
Q2-003,leg2-cruise,939.6841209288958,946.3916250363997,直连,,104.99768767250048,122.0
Q2-004,leg2-cruise,940.0516578964302,946.7591620039341,直连,,98.81989682476241,122.0
Q2-003,leg2-cruise,946.3916250363997,953.0991291439035,直连,,104.49029399561864,122.0
Q2-004,leg2-cruise,946.7591620039341,953.4666661114379,直连,,97.76742860073068,122.0
Q2-003,leg2-cruise,953.0991291439035,959.8066332514072,直连,,103.9516692686018,122.0
Q2-004,leg2-cruise,953.4666661114379,960.1741702189418,直连,,96.57585595184325,122.0
Q2-015,S007-handoff,953.8613397248662,983.8613397248662,中断,,123.19203596345481,122.0
Q2-010,S010-handoff,954.4634512744037,984.4634512744037,中断,,123.64784784212937,122.0
Q2-003,leg2-cruise,959.8066332514072,966.5141373589111,直连,,103.37775440211801,122.0
Q2-004,leg2-cruise,960.1741702189418,966.8816743264456,直连,,95.20550532626321,122.0
Q2-002,S001-handoff,962.5347344856369,991.9892799401824,直连,,119.77894086539243,122.0
Q2-001,S001-handoff,963.8983708492734,993.1483708492734,直连,,119.77894086539243,122.0
Q2-003,leg2-cruise,966.5141373589111,973.2216414664149,直连,,102.76365334174194,122.0
Q2-004,leg2-cruise,966.8816743264456,973.5891784339494,直连,,93.59927510334607,122.0
Q2-003,leg2-cruise,973.2216414664149,979.9291455739187,直连,,102.10338939548187,122.0
Q2-004,leg2-cruise,973.5891784339494,980.2966825414533,直连,,91.67454184536746,122.0
Q2-003,leg2-cruise,979.9291455739187,986.6366496814226,直连,,101.38956764919364,122.0
Q2-004,leg2-cruise,980.2966825414533,987.0041866489571,直连,,89.32192566516827,122.0
Q2-015,S007-handoff,983.8613397248662,1013.8613397248662,中断,,123.19203596345481,122.0
Q2-010,S010-handoff,984.4634512744037,1014.4634512744037,中断,,123.64784784212937,122.0
Q2-003,leg2-cruise,986.6366496814226,993.3441537889264,直连,,100.61289758781521,122.0
Q2-004,leg2-cruise,987.0041866489571,993.7116907564609,直连,,86.48783188412632,122.0
Q2-002,S001-handoff,991.9892799401824,1021.4438253947278,直连,,119.77894086539243,122.0
Q2-001,S001-handoff,993.1483708492734,1022.3983708492733,直连,,119.77894086539243,122.0
Q2-003,leg2-cruise,993.3441537889264,1000.0516578964302,直连,,99.76150264080789,122.0
Q2-004,leg2-cruise,993.7116907564609,1000.4191948639648,直连,,83.80984134536509,122.0
Q2-003,leg2-cruise,1000.0516578964302,1006.7591620039341,直连,,98.81989682476241,122.0
Q2-004,leg2-descent,1000.4191948639648,1022.5057321361002,直连,,81.49487198226534,122.0
Q2-003,leg2-cruise,1006.7591620039341,1020.1741702189418,直连,,97.76742860073068,122.0
Q2-015,S007-handoff,1013.8613397248662,1043.8613397248662,中断,,123.19203596345481,122.0
Q2-010,S010-handoff,1014.4634512744037,1044.4634512744037,中断,,123.64784784212937,122.0
Q2-018,leg1-climb,1020.0,1040.1393615722657,直连,,60.23392494929255,122.0
Q2-019,leg1-climb,1020.0,1049.6066170247395,直连,,67.80555392616307,122.0
Q2-003,leg2-cruise,1020.1741702189418,1026.8816743264456,直连,,95.20550532626321,122.0
Q2-002,S001-handoff,1021.4438253947278,1050.8983708492733,直连,,119.77894086539243,122.0
Q2-001,S001-handoff,1022.3983708492733,1051.6483708492733,直连,,119.77894086539243,122.0
Q2-004,leg2-descent,1022.5057321361002,1044.5922694082356,直连,,76.01680769371313,122.0
Q2-003,leg2-cruise,1026.8816743264456,1040.2966825414533,直连,,93.59927510334607,122.0
Q2-018,leg1-climb,1040.1393615722657,1060.278723144531,直连,,77.03365564741469,122.0
Q2-003,leg2-cruise,1040.2966825414533,1047.004186648957,直连,,89.32192566516827,122.0
Q2-015,S007-handoff,1043.8613397248662,1073.8613397248662,中断,,123.19203596345481,122.0
Q2-010,S010-handoff,1044.4634512744037,1074.4634512744037,中断,,123.64784784212937,122.0
Q2-004,leg2-descent,1044.5922694082356,1066.678806680371,直连,,57.67983081140849,122.0
Q2-003,leg2-cruise,1047.004186648957,1053.711690756461,直连,,86.48783188412632,122.0
Q2-019,leg1-climb,1049.6066170247395,1079.213234049479,直连,,81.13343784432794,122.0
Q2-002,leg2-climb,1050.8983708492733,1068.7096928707576,直连,,119.77991803994453,122.0
Q2-001,S001-handoff,1051.6483708492733,1080.8983708492733,直连,,119.77894086539243,122.0
Q2-003,leg2-cruise,1053.711690756461,1060.4191948639648,直连,,83.80984134536509,122.0
Q2-018,leg1-climb,1060.278723144531,1080.4180847167968,直连,,82.402647975473,122.0
Q2-003,leg2-descent,1060.4191948639648,1082.5057321361003,直连,,81.49487198226534,122.0
Q2-002,leg2-climb,1068.7096928707576,1086.521014892242,直连,,119.78324676692044,122.0
Q2-015,S007-handoff,1073.8613397248662,1103.8613397248662,中断,,123.19203596345481,122.0
Q2-010,S010-handoff,1074.4634512744037,1104.4634512744037,中断,,123.64784784212937,122.0
Q2-019,leg1-climb,1079.213234049479,1108.8198510742188,直连,,86.16338592443434,122.0
Q2-018,leg1-cruise,1080.4180847167968,1087.7943530881646,直连,,84.51987614016544,122.0
Q2-001,S001-handoff,1080.8983708492733,1110.1483708492733,直连,,119.77894086539243,122.0
Q2-003,leg2-descent,1082.5057321361003,1104.5922694082356,直连,,76.01680769371313,122.0
Q2-002,leg2-cruise,1086.521014892242,1093.814851383406,直连,,119.62935937497292,122.0
Q2-018,leg1-cruise,1087.7943530881646,1095.1706214595324,直连,,86.45234704663565,122.0
Q2-002,leg2-cruise,1093.814851383406,1101.10868787457,直连,,119.30820658433481,122.0
Q2-018,leg1-cruise,1095.1706214595324,1102.5468898309002,直连,,88.8033608303476,122.0
Q2-002,leg2-cruise,1101.10868787457,1108.4025243657343,直连,,118.97474563504288,122.0
Q2-018,leg1-cruise,1102.5468898309002,1109.923158202268,直连,,90.91736511554609,122.0
Q2-015,S007-handoff,1103.8613397248662,1133.8613397248662,中断,,123.19203596345481,122.0
Q2-010,leg2-climb,1104.4634512744037,1132.4756298225807,中断,,123.65143473071883,122.0
Q2-003,leg2-descent,1104.5922694082356,1126.678806680371,直连,,57.67983081140849,122.0
Q2-002,leg2-cruise,1108.4025243657343,1115.6963608568983,直连,,118.62799747227146,122.0
Q2-019,leg1-climb,1108.8198510742188,1138.4264680989584,直连,,89.32818788745575,122.0
Q2-018,leg1-cruise,1109.923158202268,1117.2994265736359,直连,,92.71820166292451,122.0
Q2-001,S001-handoff,1110.1483708492733,1139.3983708492733,直连,,119.77894086539243,122.0
Q2-002,leg2-cruise,1115.6963608568983,1122.9901973480623,直连,,118.2668616487555,122.0
Q2-018,leg1-cruise,1117.2994265736359,1124.6756949450037,直连,,94.25419125696811,122.0
Q2-002,leg2-cruise,1122.9901973480623,1130.2840338392264,直连,,117.89009544154852,122.0
Q2-018,leg1-cruise,1124.6756949450037,1132.0519633163715,直连,,95.58151146552265,122.0
Q2-002,leg2-cruise,1130.2840338392264,1137.5778703303904,直连,,117.49628828895406,122.0
Q2-018,leg1-cruise,1132.0519633163715,1139.4282316877393,直连,,96.74502445983634,122.0
Q2-010,leg2-cruise,1132.4756298225807,1160.9187244750865,中断,,123.34099946960137,122.0
Q2-015,leg2-climb,1133.8613397248662,1159.4164188671189,中断,,123.19559047651092,122.0
Q2-002,leg2-cruise,1137.5778703303904,1144.8717068215544,直连,,117.08383023406073,122.0
Q2-019,leg1-climb,1138.4264680989584,1168.033085123698,直连,,91.6427926864653,122.0
Q2-001,S001-handoff,1139.3983708492733,1168.6483708492733,直连,,119.77894086539243,122.0
Q2-018,leg1-cruise,1139.4282316877393,1146.804500059107,直连,,97.7782603883649,122.0
Q2-002,leg2-cruise,1144.8717068215544,1152.1655433127185,直连,,116.65087261173808,122.0
Q2-018,leg1-cruise,1146.804500059107,1154.180768430475,直连,,98.70614415035202,122.0
Q2-002,leg2-cruise,1152.1655433127185,1159.4593798038827,直连,,116.19527858205697,122.0
Q2-018,leg1-cruise,1154.180768430475,1161.557036801843,直连,,99.54742184672878,122.0
Q2-015,leg2-climb,1159.4164188671189,1184.9714980093713,中断,,123.20454488721722,122.0
Q2-002,leg2-cruise,1159.4593798038827,1166.7532162950467,直连,,115.71456020597117,122.0
Q2-010,leg2-cruise,1160.9187244750865,1189.3618191275923,中断,,122.67535774301663,122.0
Q2-018,leg1-cruise,1161.557036801843,1168.9333051732108,直连,,100.316426582739,122.0
Q2-002,leg2-cruise,1166.7532162950467,1174.0470527862108,直连,,115.20579743946301,122.0
Q2-019,leg1-cruise,1168.033085123698,1175.4094502567102,直连,,92.65062270247168,122.0
Q2-001,S001-handoff,1168.6483708492733,1197.8983708492733,直连,,119.77894086539243,122.0
Q2-018,leg1-cruise,1168.9333051732108,1176.3095735445786,直连,,101.02430620395107,122.0
Q2-002,leg2-cruise,1174.0470527862108,1181.3408892773748,直连,,114.66553246755427,122.0
Q2-019,leg1-cruise,1175.4094502567102,1182.7858153897225,直连,,93.00970904814356,122.0
Q2-018,leg1-cruise,1176.3095735445786,1183.6858419159464,直连,,101.6798731856404,122.0
Q2-002,leg2-cruise,1181.3408892773748,1188.6347257685388,直连,,104.08962984723124,122.0
Q2-019,leg1-cruise,1182.7858153897225,1190.1621805227348,直连,,93.64946820954943,122.0
Q2-018,leg1-cruise,1183.6858419159464,1191.0621102873142,直连,,102.29019871935596,122.0
Q2-015,leg2-cruise,1184.9714980093713,1214.0344973554447,中断,,122.87144159490425,122.0
Q2-002,leg2-cruise,1188.6347257685388,1195.9285622597029,直连,,103.47308837086479,122.0
Q2-010,leg2-cruise,1189.3618191275923,1203.5833664538452,中断,,122.14052548497386,122.0
Q2-019,leg1-cruise,1190.1621805227348,1197.5385456557472,直连,,94.46099556923042,122.0
Q2-018,leg1-cruise,1191.0621102873142,1198.438378658682,直连,,102.86103416745489,122.0
Q2-002,leg2-cruise,1195.9285622597029,1203.222398750867,直连,,102.80978335866854,122.0
Q2-019,leg1-cruise,1197.5385456557472,1204.9149107887595,直连,,95.35034034182877,122.0
Q2-001,S001-handoff,1197.8983708492733,1227.1483708492733,直连,,119.77894086539243,122.0
Q2-018,leg1-cruise,1198.438378658682,1205.8146470300499,直连,,103.39711493831763,122.0
Q2-002,leg2-cruise,1203.222398750867,1210.516235242031,直连,,102.09210640112423,122.0
Q2-010,leg2-cruise,1203.5833664538452,1210.6941401169715,直连,,121.8602973962079,122.0
Q2-019,leg1-cruise,1204.9149107887595,1212.2912759217718,直连,,96.2545622302927,122.0
Q2-018,leg1-cruise,1205.8146470300499,1213.1909154014177,直连,,103.9023831535479,122.0
Q2-002,leg2-cruise,1210.516235242031,1217.810071733195,直连,,101.31045005226437,122.0
Q2-010,leg2-cruise,1210.6941401169715,1217.804913780098,直连,,121.66835505091314,122.0
Q2-019,leg1-cruise,1212.2912759217718,1219.667641054784,直连,,97.13787428711623,122.0
Q2-018,leg1-cruise,1213.1909154014177,1220.5671837727855,直连,,104.38015334962198,122.0
Q2-015,leg2-cruise,1214.0344973554447,1243.0974967015181,中断,,122.15239955992789,122.0
Q2-010,leg2-cruise,1217.804913780098,1224.9156874432244,直连,,121.47210034214612,122.0
Q2-002,leg2-cruise,1217.810071733195,1225.1039082243592,直连,,100.45245132180452,122.0
Q2-019,leg1-cruise,1219.667641054784,1227.0440061877964,直连,,97.9826106652288,122.0
Q2-018,leg1-cruise,1220.5671837727855,1227.9434521441533,直连,,104.83323758745537,122.0
Q2-010,leg2-cruise,1224.9156874432244,1232.0264611063508,直连,,121.27133628447994,122.0
Q2-002,leg2-cruise,1225.1039082243592,1232.3977447155232,直连,,99.50184775819227,122.0
Q2-019,leg1-cruise,1227.0440061877964,1234.4203713208085,直连,,98.78169534298299,122.0
Q2-001,S001-handoff,1227.1483708492733,1256.3983708492733,直连,,119.77894086539243,122.0
Q2-018,leg1-cruise,1227.9434521441533,1235.319720515521,直连,,105.26404119423611,122.0
Q2-010,leg2-cruise,1232.0264611063508,1239.1372347694773,直连,,121.06585217265695,122.0
Q2-002,leg2-cruise,1232.3977447155232,1239.6915812066873,直连,,98.43668876564163,122.0
Q2-019,leg1-cruise,1234.4203713208085,1241.7967364538208,直连,,99.53376218455958,122.0
Q2-018,leg1-cruise,1235.319720515521,1242.695988886889,直连,,105.67463694924089,122.0
Q2-010,leg2-cruise,1239.1372347694773,1246.2480084326037,直连,,120.85542228686438,122.0
Q2-002,leg2-cruise,1239.6915812066873,1246.9854176978513,直连,,97.2264316611331,122.0
Q2-019,leg1-cruise,1241.7967364538208,1249.1731015868331,直连,,100.24031610724415,122.0
Q2-018,leg1-cruise,1242.695988886889,1250.0722572582567,直连,,106.0668232318279,122.0
Q2-015,leg2-cruise,1243.0974967015181,1250.3632465380365,直连,,111.67102253631903,122.0
Q2-010,leg2-cruise,1246.2480084326037,1253.35878209573,直连,,120.63980444281829,122.0
Q2-002,leg2-cruise,1246.9854176978513,1254.2792541890153,直连,,95.82703269947991,122.0
Q2-019,leg1-cruise,1249.1731015868331,1256.5494667198454,直连,,100.90416996393947,122.0
Q2-018,leg1-cruise,1250.0722572582567,1257.4485256296246,直连,,106.44217008531318,122.0
Q2-015,leg2-cruise,1250.3632465380365,1257.6289963745548,直连,,111.47081220159964,122.0
Q2-010,leg2-cruise,1253.35878209573,1260.4695557588566,直连,,120.41873836412677,122.0
Q2-002,leg2-cruise,1254.2792541890153,1261.5730906801793,直连,,94.17233176397204,122.0
Q2-001,S001-handoff,1256.3983708492733,1285.6483708492733,直连,,119.77894086539243,122.0
Q2-019,leg1-cruise,1256.5494667198454,1263.9258318528578,直连,,101.52861410190883,122.0
Q2-018,leg1-cruise,1257.4485256296246,1264.8247940009924,直连,,106.80205606778935,122.0
Q2-015,leg2-cruise,1257.6289963745548,1264.8947462110732,直连,,111.2659216247208,122.0
Q2-010,leg2-cruise,1260.4695557588566,1267.5803294219832,直连,,120.1919438502768,122.0
Q2-002,leg2-cruise,1261.5730906801793,1268.8669271713434,直连,,92.1587745672424,122.0
Q2-019,leg1-cruise,1263.9258318528578,1271.30219698587,直连,,102.11699067723089,122.0
Q2-018,leg1-cruise,1264.8247940009924,1272.2010623723602,直连,,107.14769800150326,122.0
Q2-015,leg2-cruise,1264.8947462110732,1272.1604960475916,直连,,111.05612901139271,122.0
Q2-010,leg2-cruise,1267.5803294219832,1274.6911030851095,直连,,119.95911870911998,122.0
Q2-002,leg2-cruise,1268.8669271713434,1276.1607636625076,直连,,89.62210297240887,122.0
Q2-019,leg1-cruise,1271.30219698587,1278.6785621188824,直连,,102.67248706490427,122.0
Q2-015,leg2-cruise,1272.1604960475916,1279.42624588411,直连,,110.8411965973498,122.0
Q2-018,leg1-cruise,1272.2010623723602,1279.577330743728,直连,,117.48017519229089,122.0
Q2-010,leg2-cruise,1274.6911030851095,1281.8018767482358,直连,,119.71993641686394,122.0
Q2-002,leg2-cruise,1276.1607636625076,1283.4546001536717,直连,,86.35317246723555,122.0
Q2-019,leg1-cruise,1278.6785621188824,1286.0549272518947,直连,,103.198046080619,122.0
Q2-015,leg2-cruise,1279.42624588411,1286.6919957206283,直连,,110.62086909713508,122.0
Q2-018,leg1-cruise,1279.577330743728,1286.9535991150958,直连,,117.80044930170276,122.0
Q2-010,leg2-cruise,1281.8018767482358,1288.9126504113624,直连,,119.47404346199082,122.0
Q2-002,leg2-cruise,1283.4546001536717,1290.7484366448357,直连,,82.77423752426722,122.0
Q2-001,S001-handoff,1285.6483708492733,1314.8983708492733,直连,,119.77894086539243,122.0
Q2-019,leg1-cruise,1286.0549272518947,1293.431292384907,直连,,103.69633730297437,122.0
Q2-015,leg2-cruise,1286.6919957206283,1293.9577455571466,直连,,110.39487196260256,122.0
Q2-018,leg1-cruise,1286.9535991150958,1294.3298674864636,直连,,118.10938077111618,122.0
Q2-010,leg2-cruise,1288.9126504113624,1296.023424074489,直连,,119.22105632099947,122.0
Q2-002,leg2-descent,1290.7484366448357,1314.974538329406,直连,,80.15186864653887,122.0
Q2-019,leg1-cruise,1293.431292384907,1300.8076575179193,直连,,104.16975931801821,122.0
Q2-015,leg2-cruise,1293.9577455571466,1301.2234953936652,直连,,110.16290942304552,122.0
Q2-018,leg1-cruise,1294.3298674864636,1301.7061358578317,直连,,118.40774248849588,122.0
Q2-010,leg2-cruise,1296.023424074489,1303.1341977376153,直连,,118.96055800400146,122.0
Q2-019,leg1-cruise,1300.8076575179193,1308.1840226509316,直连,,104.6204566289638,122.0
Q2-015,leg2-cruise,1301.2234953936652,1308.4892452301835,直连,,109.92466227376687,122.0
Q2-018,leg1-cruise,1301.7061358578317,1309.0824042291995,直连,,118.69623123285287,122.0
Q2-010,leg2-cruise,1303.1341977376153,1310.2449714007416,直连,,118.69209409572971,122.0
Q2-019,leg1-cruise,1308.1840226509316,1315.560387783944,直连,,105.0503425632796,122.0
Q2-015,leg2-cruise,1308.4892452301835,1315.754995066702,直连,,109.67978537424047,122.0
Q2-018,leg1-cruise,1309.0824042291995,1316.4586726005673,直连,,118.97547731479243,122.0
Q2-010,leg2-cruise,1310.2449714007416,1317.3557450638682,直连,,118.41516820232872,122.0
Q2-001,leg2-climb,1314.8983708492733,1332.7096928707576,直连,,119.77991803994453,122.0
Q2-002,leg2-descent,1314.974538329406,1339.2006400139765,直连,,74.48686069242545,122.0
Q2-019,leg1-cruise,1315.560387783944,1322.9367529169563,直连,,105.4611236515205,122.0
Q2-015,leg2-cruise,1315.754995066702,1323.0207449032202,直连,,109.42790480979943,122.0
Q2-018,leg1-cruise,1316.4586726005673,1323.834940971935,直连,,119.24605274262586,122.0
Q2-010,leg2-cruise,1317.3557450638682,1324.4665187269948,直连,,118.12923669575326,122.0
Q2-019,leg1-cruise,1322.9367529169563,1330.3131180499686,直连,,105.85432321121937,122.0
Q2-015,leg2-cruise,1323.0207449032202,1330.2864947397386,直连,,109.16861466251004,122.0
Q2-018,leg1-cruise,1323.834940971935,1331.211209343303,直连,,119.50847817577355,122.0
Q2-010,leg2-cruise,1324.4665187269948,1331.577292390121,直连,,117.83370262416206,122.0
Q2-015,leg2-cruise,1330.2864947397386,1337.552244576257,直连,,108.90147332647464,122.0
Q2-019,leg1-cruise,1330.3131180499686,1337.689483182981,直连,,106.23130309455895,122.0
Q2-018,leg1-cruise,1331.211209343303,1338.5874777146707,直连,,119.76322887464441,122.0
Q2-010,leg2-cruise,1331.577292390121,1338.6880660532474,直连,,117.52790862811142,122.0
Q2-001,leg2-climb,1332.7096928707576,1350.521014892242,直连,,119.78324676692044,122.0
Q2-015,leg2-cruise,1337.552244576257,1344.8179944127753,直连,,108.62599929056175,122.0
Q2-019,leg1-cruise,1337.689483182981,1345.0658483159932,直连,,106.59328321417743,122.0
Q2-018,leg1-cruise,1338.5874777146707,1345.9637460860386,直连,,120.01073981539852,122.0
Q2-010,leg2-cruise,1338.6880660532474,1345.798839716374,直连,,117.21112866600254,122.0
Q2-002,leg2-descent,1339.2006400139765,1363.4267416985467,直连,,52.57302368295726,122.0
Q2-015,leg2-cruise,1344.8179944127753,1352.0837442492937,直连,,108.3416662965394,122.0
Q2-019,leg1-cruise,1345.0658483159932,1352.4422134490055,直连,,106.94135880267756,122.0
Q2-010,leg2-cruise,1345.798839716374,1352.9096133795006,直连,,116.88255830730216,122.0
Q2-018,leg1-cruise,1345.9637460860386,1353.3400144574064,直连,,120.25141010602714,122.0
Q2-001,leg2-cruise,1350.521014892242,1357.814851383406,直连,,119.62935937497292,122.0
Q2-015,leg2-cruise,1352.0837442492937,1359.349494085812,直连,,108.04789776219863,122.0
Q2-019,leg1-cruise,1352.4422134490055,1359.8185785820178,直连,,107.27651552924415,122.0
Q2-010,leg2-cruise,1352.9096133795006,1360.020387042627,直连,,116.54130329477022,122.0
Q2-018,leg1-cruise,1353.3400144574064,1360.7162828287742,直连,,120.48560681496508,122.0
Q2-001,leg2-cruise,1357.814851383406,1365.10868787457,直连,,119.30820658433481,122.0
Q2-015,leg2-cruise,1359.349494085812,1366.6152439223304,直连,,107.74406033708192,122.0
Q2-019,leg1-cruise,1359.8185785820178,1367.1949437150301,直连,,107.59964267023024,122.0
Q2-010,leg2-cruise,1360.020387042627,1367.1311607057532,直连,,116.18636600533709,122.0
Q2-018,leg1-cruise,1360.7162828287742,1368.092551200142,直连,,120.71366830331934,122.0
Q2-001,leg2-cruise,1365.10868787457,1372.4025243657343,直连,,118.97474563504288,122.0
Q2-015,leg2-cruise,1366.6152439223304,1373.8809937588487,直连,,107.42945643115586,122.0
Q2-010,leg2-cruise,1367.1311607057532,1374.2419343688798,直连,,115.81662934791319,122.0
Q2-019,leg1-cruise,1367.1949437150301,1374.5713088480425,直连,,107.91154455322608,122.0
Q2-018,leg1-cruise,1368.092551200142,1375.4688195715098,直连,,120.93590713582961,122.0
Q2-001,leg2-cruise,1372.4025243657343,1379.6963608568983,直连,,118.62799747227146,122.0
Q2-015,leg2-cruise,1373.8809937588487,1381.146743595367,直连,,107.1033155241658,122.0
Q2-010,leg2-cruise,1374.2419343688798,1381.3527080320064,直连,,105.43083752149822,122.0
Q2-019,leg1-cruise,1374.5713088480425,1381.9476739810548,直连,,108.21295049078687,122.0
Q2-018,leg1-cruise,1375.4688195715098,1382.8450879428776,直连,,121.15261263278015,122.0
Q2-001,leg2-cruise,1379.6963608568983,1386.9901973480623,直连,,118.2668616487555,122.0
Q2-015,leg2-cruise,1381.146743595367,1388.4124934318854,直连,,106.76478402337557,122.0
Q2-010,leg2-cruise,1381.3527080320064,1388.4634816951327,直连,,105.02757291086547,122.0
Q2-019,leg1-cruise,1381.9476739810548,1389.324039114067,直连,,108.50452340416703,122.0
Q2-018,leg1-cruise,1382.8450879428776,1390.2213563142454,直连,,121.36405311456636,122.0
Q2-001,leg2-cruise,1386.9901973480623,1394.2840338392264,直连,,117.89009544154852,122.0
Q2-015,leg2-cruise,1388.4124934318854,1395.6782432684038,直连,,106.412913389706,122.0
Q2-010,leg2-cruise,1388.4634816951327,1395.574255358259,直连,,104.60522821407724,122.0
Q2-019,leg1-cruise,1389.324039114067,1396.7004042470794,直连,,108.7868673165085,122.0
Q2-018,leg1-cruise,1390.2213563142454,1397.5976246856133,直连,,121.57047788224955,122.0
Q2-001,leg2-cruise,1394.2840338392264,1401.5778703303904,直连,,117.49628828895406,122.0
Q2-010,leg2-cruise,1395.574255358259,1402.6850290213856,直连,,104.16197266762961,122.0
Q2-015,leg2-cruise,1395.6782432684038,1402.9439931049221,直连,,106.04664619488356,122.0
Q2-019,leg1-cruise,1396.7004042470794,1404.0767693800917,直连,,109.060533873022,122.0
Q2-018,leg1-cruise,1397.5976246856133,1404.973893056981,直连,,121.77211897042304,122.0
Q2-001,leg2-cruise,1401.5778703303904,1408.8717068215544,直连,,117.08383023406073,122.0
Q2-010,leg2-cruise,1402.6850290213856,1409.795802684512,直连,,103.69571095682718,122.0
Q2-015,leg2-cruise,1402.9439931049221,1410.2097429414405,直连,,105.6647997056406,122.0
Q2-019,leg1-cruise,1404.0767693800917,1411.453134513104,直连,,109.3260280246856,122.0
Q2-018,leg1-cruise,1404.973893056981,1434.4789665424523,中断,,122.25667777050728,122.0
Q2-001,leg2-cruise,1408.8717068215544,1416.1655433127185,直连,,116.65087261173808,122.0
Q2-010,leg2-cruise,1409.795802684512,1416.9065763476383,直连,,103.20403307342822,122.0
Q2-015,leg2-cruise,1410.2097429414405,1417.4754927779588,直连,,105.26604651491813,122.0
Q2-019,leg1-cruise,1411.453134513104,1418.8294996461163,直连,,109.58381299290983,122.0
Q2-001,leg2-cruise,1416.1655433127185,1423.4593798038827,直连,,116.19527858205697,122.0
Q2-010,leg2-cruise,1416.9065763476383,1424.0173500107649,直连,,102.68415303116016,122.0
Q2-015,leg2-cruise,1417.4754927779588,1424.7412426144774,直连,,104.8488916592459,122.0
Q2-019,leg1-cruise,1418.8294996461163,1426.2058647791287,直连,,109.83431461568686,122.0
Q2-001,leg2-cruise,1423.4593798038827,1430.7532162950467,直连,,115.71456020597117,122.0
Q2-010,leg2-cruise,1424.0173500107649,1431.1281236738912,直连,,102.13283404374805,122.0
Q2-015,leg2-cruise,1424.7412426144774,1432.0069924509958,直连,,104.41164558433431,122.0
Q2-019,leg1-cruise,1426.2058647791287,1433.5822299121407,直连,,110.0779251610604,122.0
Q2-001,leg2-cruise,1430.7532162950467,1438.0470527862108,直连,,115.20579743946301,122.0
Q2-010,leg2-cruise,1431.1281236738912,1438.2388973370175,直连,,101.54629768669663,122.0
Q2-015,leg2-cruise,1432.0069924509958,1439.2727422875141,直连,,103.95239227023819,122.0
Q2-019,leg1-cruise,1433.5822299121407,1440.958595045153,直连,,110.31500668107168,122.0
Q2-018,leg1-cruise,1434.4789665424523,1463.9840400279236,中断,,122.97986272091684,122.0
Q2-001,leg2-cruise,1438.0470527862108,1445.3408892773748,直连,,114.66553246755427,122.0
Q2-010,leg2-cruise,1438.2388973370175,1445.349671000144,直连,,100.9201151306209,122.0
Q2-015,leg2-cruise,1439.2727422875141,1446.5384921240325,直连,,103.4689518464894,122.0
Q2-019,leg1-cruise,1440.958595045153,1448.3349601781654,直连,,120.54589396860891,122.0
Q2-001,leg2-cruise,1445.3408892773748,1452.6347257685388,直连,,104.08962984723124,122.0
Q2-010,leg2-cruise,1445.349671000144,1452.4604446632707,直连,,100.24908073005845,122.0
Q2-015,leg2-cruise,1446.5384921240325,1453.8042419605508,直连,,102.95883720825306,122.0
Q2-019,leg1-cruise,1448.3349601781654,1455.7113253111777,直连,,120.7708971703633,122.0
Q2-010,leg2-cruise,1452.4604446632707,1459.571218326397,直连,,99.52707432957153,122.0
Q2-001,leg2-cruise,1452.6347257685388,1459.9285622597029,直连,,103.47308837086479,122.0
Q2-015,leg2-cruise,1453.8042419605508,1461.0699917970692,直连,,102.41920466674229,122.0
Q2-019,leg1-cruise,1455.7113253111777,1463.08769044419,直连,,120.99030410133517,122.0
Q2-005,leg1-climb,1456.678806680371,1480.9049083649413,直连,,64.31881537331927,122.0
Q2-010,leg2-cruise,1459.571218326397,1466.6819919895233,直连,,98.7469337870111,122.0
Q2-001,leg2-cruise,1459.9285622597029,1467.222398750867,直连,,102.80978335866854,122.0
Q2-015,leg2-cruise,1461.0699917970692,1468.3357416335875,直连,,101.8467998900818,122.0
Q2-019,leg1-cruise,1463.08769044419,1470.4640555772023,直连,,121.20438229975605,122.0
Q2-018,leg1-cruise,1463.9840400279236,1493.489113513395,中断,,123.64750258971685,122.0
Q2-010,leg2-cruise,1466.6819919895233,1473.79276565265,直连,,97.90039548124572,122.0
Q2-001,leg2-cruise,1467.222398750867,1474.516235242031,直连,,102.09210640112423,122.0
Q2-015,leg2-cruise,1468.3357416335875,1475.6014914701059,直连,,101.23790303274039,122.0
Q2-019,leg1-cruise,1470.4640555772023,1477.8404207102146,直连,,121.4133808557192,122.0
Q2-010,leg2-cruise,1473.79276565265,1480.9035393157765,直连,,96.97824643190084,122.0
Q2-001,leg2-cruise,1474.516235242031,1481.810071733195,直连,,101.31045005226437,122.0
Q2-015,leg2-cruise,1475.6014914701059,1482.8672413066242,直连,,100.58828245313158,122.0
Q2-019,leg1-cruise,1477.8404207102146,1485.216785843227,直连,,121.6175320420716,122.0
Q2-010,leg2-cruise,1480.9035393157765,1488.0143129789028,直连,,95.97103472323967,122.0
Q2-005,leg1-climb,1480.9049083649413,1505.1310100495116,直连,,79.04372855980822,122.0
Q2-001,leg2-cruise,1481.810071733195,1489.1039082243592,直连,,100.45245132180452,122.0
Q2-015,leg2-cruise,1482.8672413066242,1490.1329911431426,直连,,99.89317770893237,122.0
Q2-019,leg1-cruise,1485.216785843227,1492.5931509762393,直连,,121.81705277214209,122.0
Q2-007,leg1-climb,1486.678806680371,1513.1674554976453,直连,,65.95807536677032,122.0
Q2-010,leg2-cruise,1488.0143129789028,1495.1250866420291,直连,,94.87116342041276,122.0
Q2-001,leg2-cruise,1489.1039082243592,1496.3977447155232,直连,,99.50184775819227,122.0
Q2-015,leg2-cruise,1490.1329911431426,1497.398740979661,直连,,99.14735558982971,122.0
Q2-019,leg1-cruise,1492.5931509762393,1522.0986115082885,中断,,122.29689617710308,122.0
Q2-018,leg1-cruise,1493.489113513395,1522.9941869988663,中断,,124.2675159290611,122.0
Q2-010,leg2-cruise,1495.1250866420291,1502.2358603051557,直连,,93.67828988012538,122.0
Q2-001,leg2-cruise,1496.3977447155232,1503.6915812066873,直连,,98.43668876564163,122.0
Q2-015,leg2-cruise,1497.398740979661,1504.6644908161793,直连,,98.34533012267849,122.0
Q2-010,leg2-cruise,1502.2358603051557,1509.3466339682823,直连,,92.41221217539932,122.0
Q2-001,leg2-cruise,1503.6915812066873,1510.9854176978513,直连,,97.2264316611331,122.0
Q2-015,leg2-cruise,1504.6644908161793,1511.9302406526976,直连,,97.48193388535843,122.0
Q2-005,leg1-cruise,1505.1310100495116,1512.4248465406756,直连,,82.77423752426722,122.0
Q2-010,leg2-cruise,1509.3466339682823,1516.4574076314086,直连,,91.14046780718796,122.0
Q2-001,leg2-cruise,1510.9854176978513,1518.2792541890153,直连,,95.82703269947991,122.0
Q2-015,leg2-cruise,1511.9302406526976,1519.195990489216,直连,,96.5536229074559,122.0
Q2-005,leg1-cruise,1512.4248465406756,1519.7186830318396,直连,,86.35317246723555,122.0
Q2-007,leg1-climb,1513.1674554976453,1539.6561043149197,直连,,79.98436368446215,122.0
Q2-010,leg2-cruise,1516.4574076314086,1523.568181294535,直连,,90.02332798371397,122.0
Q2-001,leg2-cruise,1518.2792541890153,1525.5730906801793,直连,,94.17233176397204,122.0
Q2-015,leg2-cruise,1519.195990489216,1526.4617403257344,直连,,95.56127703759435,122.0
Q2-005,leg1-cruise,1519.7186830318396,1527.012519523004,直连,,89.62210297240887,122.0
Q2-019,leg1-cruise,1522.0986115082885,1551.6040720403378,中断,,123.01394196797582,122.0
Q2-018,leg1-cruise,1522.9941869988663,1552.4992604843376,中断,,124.84624154928318,122.0
Q2-010,leg2-cruise,1523.568181294535,1530.6789549576615,直连,,89.33448703159354,122.0
Q2-001,leg2-cruise,1525.5730906801793,1532.8669271713434,直连,,92.1587745672424,122.0
Q2-015,leg2-cruise,1526.4617403257344,1533.7274901622527,直连,,94.51591944457063,122.0
Q2-005,leg1-cruise,1527.012519523004,1534.306356014168,直连,,92.1587745672424,122.0
Q2-010,leg2-descent,1530.6789549576615,1555.313877809224,直连,,88.25771497835396,122.0
Q2-001,leg2-cruise,1532.8669271713434,1540.1607636625076,直连,,89.62210297240887,122.0
Q2-015,leg2-cruise,1533.7274901622527,1540.993239998771,直连,,93.44957109241432,122.0
Q2-005,leg1-cruise,1534.306356014168,1541.600192505332,直连,,94.17233176397204,122.0
Q2-007,leg1-climb,1539.6561043149197,1566.144753132194,直连,,85.0950080000445,122.0
Q2-001,leg2-cruise,1540.1607636625076,1547.4546001536717,直连,,86.35317246723555,122.0
Q2-015,leg2-cruise,1540.993239998771,1548.2589898352894,直连,,92.4328169961624,122.0
Q2-005,leg1-cruise,1541.600192505332,1548.894028996496,直连,,95.82703269947991,122.0
Q2-001,leg2-cruise,1547.4546001536717,1554.7484366448357,直连,,82.77423752426722,122.0
Q2-015,leg2-cruise,1548.2589898352894,1555.5247396718078,直连,,91.59281885754937,122.0
Q2-005,leg1-cruise,1548.894028996496,1556.18786548766,直连,,97.2264316611331,122.0
Q2-019,leg1-cruise,1551.6040720403378,1581.109532572387,中断,,123.67674339788614,122.0
Q2-018,leg1-cruise,1552.4992604843376,1582.0043339698088,中断,,125.38883232561858,122.0
Q2-001,leg2-descent,1554.7484366448357,1578.974538329406,直连,,80.15186864653887,122.0
Q2-010,leg2-descent,1555.313877809224,1579.9488006607864,直连,,85.8796288632136,122.0
Q2-015,leg2-cruise,1555.5247396718078,1562.7904895083261,直连,,91.10281892638648,122.0
Q2-005,leg1-cruise,1556.18786548766,1563.481701978824,直连,,98.43668876564163,122.0
Q2-015,leg2-descent,1562.7904895083261,1592.7209274966074,直连,,90.06766405567052,122.0
Q2-005,leg1-cruise,1563.481701978824,1570.775538469988,直连,,99.50184775819227,122.0
Q2-007,leg1-cruise,1566.144753132194,1572.7719058577272,直连,,87.05849741150615,122.0
Q2-005,leg1-cruise,1570.775538469988,1578.0693749611523,直连,,100.45245132180452,122.0
Q2-007,leg1-cruise,1572.7719058577272,1579.3990585832603,直连,,88.50095717219611,122.0
Q2-005,leg1-cruise,1578.0693749611523,1585.3632114523164,直连,,101.31045005226437,122.0
Q2-001,leg2-descent,1578.974538329406,1603.2006400139765,直连,,74.48686069242545,122.0
Q2-007,leg1-cruise,1579.3990585832603,1586.0262113087933,直连,,90.44672334038428,122.0
Q2-010,leg2-descent,1579.9488006607864,1604.583723512349,直连,,82.59426367590439,122.0
Q2-019,leg1-cruise,1581.109532572387,1610.614993104436,中断,,124.29287532664772,122.0
Q2-018,leg1-cruise,1582.0043339698088,1611.5094074552803,中断,,125.89953354407685,122.0
Q2-005,leg1-cruise,1585.3632114523164,1592.6570479434804,直连,,102.09210640112423,122.0
Q2-007,leg1-cruise,1586.0262113087933,1599.2805167598594,直连,,92.3266407138302,122.0
Q2-005,leg1-cruise,1592.6570479434804,1599.9508844346444,直连,,102.80978335866854,122.0
Q2-015,leg2-descent,1592.7209274966074,1622.6513654848886,直连,,87.72663096877889,122.0
Q2-007,leg1-cruise,1599.2805167598594,1605.9076694853925,直连,,95.45277223680036,122.0
Q2-005,leg1-cruise,1599.9508844346444,1607.2447209258085,直连,,103.47308837086479,122.0
Q2-001,leg2-descent,1603.2006400139765,1627.4267416985467,直连,,52.57302368295726,122.0
Q2-010,leg2-descent,1604.583723512349,1629.2186463639114,直连,,77.24671169595811,122.0
Q2-007,leg1-cruise,1605.9076694853925,1612.5348222109255,直连,,96.730641576951,122.0
Q2-005,leg1-cruise,1607.2447209258085,1614.5385574169725,直连,,104.08962984723124,122.0
Q2-019,leg1-cruise,1610.614993104436,1640.1204536364853,中断,,124.86843920998992,122.0
Q2-018,leg1-cruise,1611.5094074552803,1641.0144809407516,中断,,126.38188414296081,122.0
Q2-007,leg1-cruise,1612.5348222109255,1619.1619749364588,直连,,97.86133502949933,122.0
Q2-005,leg1-cruise,1614.5385574169725,1621.8323939081365,直连,,114.66553246755427,122.0
Q2-007,leg1-cruise,1619.1619749364588,1625.789127661992,直连,,98.87180931861715,122.0
Q2-005,leg1-cruise,1621.8323939081365,1629.1262303993005,直连,,115.20579743946301,122.0
Q2-015,leg2-descent,1622.6513654848886,1652.5818034731699,直连,,84.51194667897933,122.0
Q2-007,leg1-cruise,1625.789127661992,1632.4162803875251,直连,,99.78331855380208,122.0
Q2-005,leg1-cruise,1629.1262303993005,1636.4200668904646,直连,,115.71456020597117,122.0
Q2-010,leg2-descent,1629.2186463639114,1653.853569215474,直连,,60.71759432901072,122.0
Q2-007,leg1-cruise,1632.4162803875251,1639.0434331130582,直连,,100.61245128682769,122.0
Q2-005,leg1-cruise,1636.4200668904646,1643.7139033816288,直连,,116.19527858205697,122.0
Q2-007,leg1-cruise,1639.0434331130582,1645.6705858385913,直连,,101.37221368924635,122.0
Q2-019,leg1-cruise,1640.1204536364853,1669.6259141685346,中断,,125.40841977152944,122.0
Q2-018,leg1-cruise,1641.0144809407516,1670.5195544262228,中断,,126.8388651259221,122.0
Q2-005,leg1-cruise,1643.7139033816288,1651.0077398727929,直连,,116.65087261173808,122.0
Q2-007,leg1-cruise,1645.6705858385913,1652.2977385641243,直连,,102.0729046890354,122.0
Q2-005,leg1-cruise,1651.0077398727929,1658.3015763639569,直连,,117.08383023406073,122.0
Q2-007,leg1-cruise,1652.2977385641243,1658.9248912896576,直连,,102.72277475918625,122.0
Q2-015,leg2-descent,1652.5818034731699,1682.5122414614511,直连,,79.352529967941,122.0
Q2-005,leg1-cruise,1658.3015763639569,1665.595412855121,直连,,117.49628828895406,122.0
Q2-007,leg1-cruise,1658.9248912896576,1672.179196740724,直连,,103.32851179736784,122.0
Q2-005,leg1-cruise,1665.595412855121,1672.889249346285,直连,,117.89009544154852,122.0
Q2-019,leg1-descent,1669.6259141685346,1689.0857652427533,中断,,125.66399196278283,122.0
Q2-018,leg1-cruise,1670.5195544262228,1700.024627911694,中断,,127.27301095293518,122.0
Q2-007,leg1-cruise,1672.179196740724,1678.806349466257,直连,,114.42857922272192,122.0
Q2-005,leg1-cruise,1672.889249346285,1680.183085837449,直连,,118.2668616487555,122.0
Q2-007,leg1-cruise,1678.806349466257,1685.43350219179,直连,,114.93125456392724,122.0
Q2-005,leg1-cruise,1680.183085837449,1687.476922328613,直连,,118.62799747227146,122.0
Q2-015,leg2-descent,1682.5122414614511,1712.4426794497324,直连,,64.8717205210825,122.0
Q2-007,leg1-cruise,1685.43350219179,1692.060654917323,直连,,115.40683493753987,122.0
Q2-005,leg1-cruise,1687.476922328613,1694.7707588197773,直连,,118.97474563504288,122.0
Q2-019,leg1-descent,1689.0857652427533,1708.545616316972,中断,,125.65962995058764,122.0
Q2-007,leg1-cruise,1692.060654917323,1698.6878076428563,直连,,115.85805339432781,122.0
Q2-005,leg1-cruise,1694.7707588197773,1702.0645953109413,直连,,119.30820658433481,122.0
Q2-007,leg1-cruise,1698.6878076428563,1705.3149603683896,直连,,116.28725464553727,122.0
Q2-018,leg1-descent,1700.024627911694,1717.9154787417722,中断,,127.48168482894788,122.0
Q2-005,leg1-cruise,1702.0645953109413,1709.3584318021053,直连,,119.62935937497292,122.0
Q2-007,leg1-cruise,1705.3149603683896,1711.9421130939227,直连,,116.69646435378466,122.0
Q2-019,S015-handoff,1708.545616316972,1738.545616316972,中断,,125.65765946448572,122.0
Q2-005,leg1-descent,1709.3584318021053,1727.1697538235896,直连,,119.78324676692044,122.0
Q2-007,leg1-cruise,1711.9421130939227,1718.5692658194557,直连,,117.08744383710463,122.0
Q2-018,leg1-descent,1717.9154787417722,1735.8063295718503,中断,,127.48086616195124,122.0
Q2-007,leg1-cruise,1718.5692658194557,1731.8235712705218,直连,,117.46173366947639,122.0
Q2-005,leg1-descent,1727.1697538235896,1744.981075845074,直连,,119.77991803994453,122.0
Q2-007,leg1-cruise,1731.8235712705218,1738.4507239960549,直连,,118.1655067012211,122.0
Q2-018,S002-handoff,1735.8063295718503,1765.8063295718503,中断,,127.4805746284193,122.0
Q2-007,leg1-cruise,1738.4507239960549,1745.077876721588,直连,,118.49725117596691,122.0
Q2-019,S015-handoff,1738.545616316972,1768.545616316972,中断,,125.65765946448572,122.0
Q2-005,S001-handoff,1744.981075845074,1774.981075845074,直连,,119.77894086539243,122.0
Q2-007,leg1-cruise,1745.077876721588,1771.5864876237206,直连,,118.81687092023617,122.0
Q2-018,S002-handoff,1765.8063295718503,1795.8063295718503,中断,,127.4805746284193,122.0
Q2-019,S015-handoff,1768.545616316972,1798.545616316972,中断,,125.65765946448572,122.0
Q2-007,leg1-cruise,1771.5864876237206,1778.2136403492536,直连,,119.98987535745832,122.0
Q2-005,S001-handoff,1774.981075845074,1804.981075845074,直连,,119.77894086539243,122.0
Q2-007,leg1-descent,1778.2136403492536,1798.732776091441,直连,,120.12150523207133,122.0
Q2-006,leg1-climb,1783.4267416985467,1807.2665256340936,直连,,59.878506968253284,122.0
Q2-018,S002-handoff,1795.8063295718503,1825.8063295718503,中断,,127.4805746284193,122.0
Q2-019,S015-handoff,1798.545616316972,1828.545616316972,中断,,125.65765946448572,122.0
Q2-007,S006-handoff,1798.732776091441,1828.732776091441,直连,,120.11755663365312,122.0
Q2-005,S001-handoff,1804.981075845074,1834.981075845074,直连,,119.77894086539243,122.0
Q2-006,leg1-climb,1807.2665256340936,1831.1063095696404,直连,,76.88131283538888,122.0
Q2-018,S002-handoff,1825.8063295718503,1855.8063295718503,中断,,127.4805746284193,122.0
Q2-019,S015-handoff,1828.545616316972,1858.545616316972,中断,,125.65765946448572,122.0
Q2-007,S006-handoff,1828.732776091441,1858.732776091441,直连,,120.11755663365312,122.0
Q2-006,leg1-climb,1831.1063095696404,1854.9460935051873,直连,,82.26592811377243,122.0
Q2-005,S001-handoff,1834.981075845074,1864.981075845074,直连,,119.77894086539243,122.0
Q2-006,leg1-climb,1854.9460935051873,1878.785877440734,直连,,85.56497153273415,122.0
Q2-018,S002-handoff,1855.8063295718503,1885.8063295718503,中断,,127.4805746284193,122.0
Q2-019,S015-handoff,1858.545616316972,1888.545616316972,中断,,125.65765946448572,122.0
Q2-007,S006-handoff,1858.732776091441,1888.732776091441,直连,,120.11755663365312,122.0
Q2-005,S001-handoff,1864.981075845074,1894.981075845074,直连,,119.77894086539243,122.0
Q2-006,leg1-cruise,1878.785877440734,1892.0401828918002,直连,,87.05849741150615,122.0
Q2-018,S002-handoff,1885.8063295718503,1915.8063295718503,中断,,127.4805746284193,122.0
Q2-019,S015-handoff,1888.545616316972,1918.545616316972,中断,,125.65765946448572,122.0
Q2-007,S006-handoff,1888.732776091441,1918.732776091441,直连,,120.11755663365312,122.0
Q2-006,leg1-cruise,1892.0401828918002,1898.6673356173333,直连,,90.44672334038428,122.0
Q2-005,S001-handoff,1894.981075845074,1924.981075845074,直连,,119.77894086539243,122.0
Q2-006,leg1-cruise,1898.6673356173333,1918.5487937939329,直连,,92.3266407138302,122.0
Q2-018,S002-handoff,1915.8063295718503,1945.8063295718503,中断,,127.4805746284193,122.0
Q2-019,leg2-climb,1918.545616316972,1934.762158878821,中断,,125.65962995058764,122.0
Q2-006,leg1-cruise,1918.5487937939329,1925.175946519466,直连,,96.730641576951,122.0
Q2-007,S006-handoff,1918.732776091441,1948.732776091441,直连,,120.11755663365312,122.0
Q2-005,S001-handoff,1924.981075845074,1954.981075845074,直连,,119.77894086539243,122.0
Q2-006,leg1-cruise,1925.175946519466,1938.430251970532,直连,,97.86133502949933,122.0
Q2-019,leg2-climb,1934.762158878821,1950.97870144067,中断,,125.66399196278283,122.0
Q2-006,leg1-cruise,1938.430251970532,1951.6845574215986,直连,,99.78331855380208,122.0
Q2-018,leg2-climb,1945.8063295718503,1975.6244142886471,中断,,127.48123623548668,122.0
Q2-007,S006-handoff,1948.732776091441,1978.732776091441,直连,,120.11755663365312,122.0
Q2-019,leg2-cruise,1950.97870144067,1980.4841619727192,中断,,125.40841977152944,122.0
Q2-006,leg1-cruise,1951.6845574215986,1958.3117101471316,直连,,101.37221368924635,122.0
Q2-005,S001-handoff,1954.981075845074,1984.981075845074,直连,,119.77894086539243,122.0
Q2-006,leg1-cruise,1958.3117101471316,1978.1931683237308,直连,,102.0729046890354,122.0
Q2-018,leg2-cruise,1975.6244142886471,2005.1294877741184,中断,,127.27301095293518,122.0
Q2-006,leg1-cruise,1978.1931683237308,1984.820321049264,直连,,103.89559886585758,122.0
Q2-007,S006-handoff,1978.732776091441,2008.732776091441,直连,,120.11755663365312,122.0
Q2-019,leg2-cruise,1980.4841619727192,2009.9896225047685,中断,,124.86843920998992,122.0
Q2-006,leg1-cruise,1984.820321049264,1991.4474737747973,直连,,114.42857922272192,122.0
Q2-005,leg2-climb,1984.981075845074,2014.6666125475479,直连,,119.78135349189522,122.0
Q2-006,leg1-cruise,1991.4474737747973,2011.3289319513965,直连,,114.93125456392724,122.0
Q2-018,leg2-cruise,2005.1294877741184,2034.6345612595896,中断,,126.8388651259221,122.0
Q2-007,leg2-climb,2008.732776091441,2025.8320558765975,直连,,120.12150523207133,122.0
Q2-019,leg2-cruise,2009.9896225047685,2039.4950830368175,中断,,124.29287532664772,122.0
Q2-006,leg1-cruise,2011.3289319513965,2017.9560846769295,直连,,116.28725464553727,122.0
Q2-022,leg1-climb,2013.8535692154742,2039.6450907541027,直连,,65.4851477644477,122.0
Q2-005,leg2-cruise,2014.6666125475479,2021.9604490387119,直连,,119.62935937497292,122.0
Q2-006,leg1-cruise,2017.9560846769295,2024.5832374024628,直连,,116.69646435378466,122.0
Q2-005,leg2-cruise,2021.9604490387119,2029.254285529876,直连,,119.30820658433481,122.0
Q2-006,leg1-cruise,2024.5832374024628,2031.210390127996,直连,,117.08744383710463,122.0
Q2-007,leg2-cruise,2025.8320558765975,2032.4592086021307,直连,,119.98987535745832,122.0
Q2-005,leg2-cruise,2029.254285529876,2036.54812202104,直连,,118.97474563504288,122.0
Q2-006,leg1-cruise,2031.210390127996,2037.8375428535292,直连,,117.46173366947639,122.0
Q2-007,leg2-cruise,2032.4592086021307,2039.0863613276638,直连,,119.71106127339367,122.0
Q2-018,leg2-cruise,2034.6345612595896,2064.139634745061,中断,,126.38188414296081,122.0
Q2-005,leg2-cruise,2036.54812202104,2043.841958512204,直连,,118.62799747227146,122.0
Q2-006,leg1-cruise,2037.8375428535292,2044.4646955790622,直连,,117.82068874310441,122.0
Q2-007,leg2-cruise,2039.0863613276638,2045.7135140531968,直连,,119.42304936339094,122.0
Q2-019,leg2-cruise,2039.4950830368175,2069.0005435688668,中断,,123.67674339788614,122.0
Q2-022,leg1-climb,2039.6450907541027,2065.4366122927313,直连,,79.70524348031523,122.0
Q2-005,leg2-cruise,2043.841958512204,2051.135795003368,直连,,118.2668616487555,122.0
Q2-006,leg1-cruise,2044.4646955790622,2051.0918483045953,直连,,118.1655067012211,122.0
Q2-007,leg2-cruise,2045.7135140531968,2052.34066677873,直连,,119.1252156673985,122.0
Q2-016,leg1-climb,2047.4267416985467,2073.921526854797,直连,,62.411896141594276,122.0
Q2-006,leg1-cruise,2051.0918483045953,2057.7190010301283,直连,,118.49725117596691,122.0
Q2-005,leg2-cruise,2051.135795003368,2058.4296314945323,直连,,117.89009544154852,122.0
Q2-007,leg2-cruise,2052.34066677873,2058.9678195042634,直连,,118.81687092023617,122.0
Q2-006,leg1-cruise,2057.7190010301283,2064.3461537556614,直连,,118.81687092023617,122.0
Q2-005,leg2-cruise,2058.4296314945323,2065.7234679856965,直连,,117.49628828895406,122.0
Q2-007,leg2-cruise,2058.9678195042634,2065.5949722297964,直连,,118.49725117596691,122.0
Q2-018,leg2-cruise,2064.139634745061,2093.644708230532,中断,,125.89953354407685,122.0
Q2-006,leg1-cruise,2064.3461537556614,2070.9733064811944,直连,,119.1252156673985,122.0
Q2-022,leg1-climb,2065.4366122927313,2091.2281338313596,直连,,84.83703041914899,122.0
Q2-007,leg2-cruise,2065.5949722297964,2072.2221249553295,直连,,118.1655067012211,122.0
Q2-005,leg2-cruise,2065.7234679856965,2073.0173044768603,直连,,117.08383023406073,122.0
Q2-019,leg2-cruise,2069.0005435688668,2098.506004100916,中断,,123.01394196797582,122.0
Q2-006,leg1-cruise,2070.9733064811944,2077.6004592067275,直连,,119.42304936339094,122.0
Q2-007,leg2-cruise,2072.2221249553295,2078.8492776808625,直连,,117.82068874310441,122.0
Q2-005,leg2-cruise,2073.0173044768603,2080.311140968024,直连,,116.65087261173808,122.0
Q2-016,leg1-climb,2073.921526854797,2100.4163120110466,直连,,78.04575938899086,122.0
Q2-006,leg1-cruise,2077.6004592067275,2084.2276119322605,直连,,119.71106127339367,122.0
Q2-007,leg2-cruise,2078.8492776808625,2085.4764304063956,直连,,117.46173366947639,122.0
Q2-005,leg2-cruise,2080.311140968024,2087.6049774591884,直连,,116.19527858205697,122.0
Q2-006,leg1-cruise,2084.2276119322605,2090.854764657794,直连,,119.98987535745832,122.0
Q2-007,leg2-cruise,2085.4764304063956,2092.1035831319286,直连,,117.08744383710463,122.0
Q2-005,leg2-cruise,2087.6049774591884,2094.8988139503526,直连,,115.71456020597117,122.0
Q2-006,leg1-descent,2090.854764657794,2116.5036843355283,直连,,120.12150523207133,122.0
Q2-022,leg1-climb,2091.2281338313596,2117.019655369988,直连,,88.04115560336277,122.0
Q2-007,leg2-cruise,2092.1035831319286,2098.7307358574617,直连,,116.69646435378466,122.0
Q2-018,leg2-cruise,2093.644708230532,2123.1497817160034,中断,,125.38883232561858,122.0
Q2-005,leg2-cruise,2094.8988139503526,2102.1926504415164,直连,,115.20579743946301,122.0
Q2-019,leg2-cruise,2098.506004100916,2128.0114646329653,中断,,122.29689617710308,122.0
Q2-007,leg2-cruise,2098.7307358574617,2105.3578885829947,直连,,116.28725464553727,122.0
Q2-016,leg1-climb,2100.4163120110466,2126.9110971672967,直连,,83.31699936871911,122.0
Q2-005,leg2-cruise,2102.1926504415164,2109.4864869326802,直连,,114.66553246755427,122.0
Q2-007,leg2-cruise,2105.3578885829947,2111.985041308528,直连,,115.85805339432781,122.0
Q2-005,leg2-cruise,2109.4864869326802,2116.7803234238445,直连,,104.08962984723124,122.0
Q2-007,leg2-cruise,2111.985041308528,2118.612194034061,直连,,115.40683493753987,122.0
Q2-006,S006-handoff,2116.5036843355283,2145.958229790074,直连,,120.11755663365312,122.0
Q2-005,leg2-cruise,2116.7803234238445,2124.0741599150087,直连,,103.47308837086479,122.0
Q2-022,leg1-climb,2117.019655369988,2142.8111769086167,直连,,90.37661369328492,122.0
Q2-007,leg2-cruise,2118.612194034061,2125.239346759594,直连,,114.93125456392724,122.0
Q2-018,leg2-cruise,2123.1497817160034,2152.654855201475,中断,,124.84624154928318,122.0
Q2-005,leg2-cruise,2124.0741599150087,2131.3679964061726,直连,,102.80978335866854,122.0
Q2-007,leg2-cruise,2125.239346759594,2131.8664994851274,直连,,114.42857922272192,122.0
Q2-016,leg1-cruise,2126.9110971672967,2134.275014016116,直连,,85.49339966895623,122.0
Q2-019,leg2-cruise,2128.0114646329653,2135.3878297659776,直连,,121.81705277214209,122.0
Q2-005,leg2-cruise,2131.3679964061726,2138.6618328973364,直连,,102.09210640112423,122.0
Q2-007,leg2-cruise,2131.8664994851274,2138.4936522106605,直连,,103.89559886585758,122.0
Q2-016,leg1-cruise,2134.275014016116,2141.638930864936,直连,,87.79136983392227,122.0
Q2-019,leg2-cruise,2135.3878297659776,2142.76419489899,直连,,121.6175320420716,122.0
Q2-007,leg2-cruise,2138.4936522106605,2145.1208049361935,直连,,103.32851179736784,122.0
Q2-005,leg2-cruise,2138.6618328973364,2145.9556693885006,直连,,101.31045005226437,122.0
Q2-016,leg1-cruise,2141.638930864936,2149.0028477137557,直连,,90.39628647118346,122.0
Q2-019,leg2-cruise,2142.76419489899,2150.140560032002,直连,,121.4133808557192,122.0
Q2-022,leg1-climb,2142.8111769086167,2168.602698447245,直连,,92.21532937896909,122.0
Q2-007,leg2-cruise,2145.1208049361935,2151.7479576617266,直连,,102.72277475918625,122.0
Q2-005,leg2-cruise,2145.9556693885006,2153.249505879665,直连,,100.45245132180452,122.0
Q2-006,S006-handoff,2145.958229790074,2175.4127752446193,直连,,120.11755663365312,122.0
Q2-016,leg1-cruise,2149.0028477137557,2156.366764562575,直连,,92.64063637743337,122.0
Q2-019,leg2-cruise,2150.140560032002,2157.5169251650145,直连,,121.20438229975605,122.0
Q2-007,leg2-cruise,2151.7479576617266,2158.3751103872596,直连,,102.0729046890354,122.0
Q2-018,leg2-cruise,2152.654855201475,2182.1599286869464,中断,,124.2675159290611,122.0
Q2-005,leg2-cruise,2153.249505879665,2160.543342370829,直连,,99.50184775819227,122.0
Q2-016,leg1-cruise,2156.366764562575,2163.7306814113945,直连,,94.5104346461299,122.0
Q2-019,leg2-cruise,2157.5169251650145,2164.893290298027,直连,,120.99030410133517,122.0
Q2-007,leg2-cruise,2158.3751103872596,2165.002263112793,直连,,101.37221368924635,122.0
Q2-005,leg2-cruise,2160.543342370829,2167.8371788619934,直连,,98.43668876564163,122.0
Q2-016,leg1-cruise,2163.7306814113945,2171.0945982602143,直连,,96.08590928293201,122.0
Q2-019,leg2-cruise,2164.893290298027,2172.269655431039,直连,,120.7708971703633,122.0
Q2-007,leg2-cruise,2165.002263112793,2171.629415838326,直连,,100.61245128682769,122.0
Q2-005,leg2-cruise,2167.8371788619934,2175.131015353157,直连,,97.2264316611331,122.0
Q2-022,leg1-cruise,2168.602698447245,2175.6481634138718,直连,,93.0458684631835,122.0
Q2-016,leg1-cruise,2171.0945982602143,2178.4585151090337,直连,,97.43755806937065,122.0
Q2-007,leg2-cruise,2171.629415838326,2178.256568563859,直连,,99.78331855380208,122.0
Q2-019,leg2-cruise,2172.269655431039,2179.6460205640515,直连,,120.54589396860891,122.0
Q2-005,leg2-cruise,2175.131015353157,2182.424851844321,直连,,95.82703269947991,122.0
Q2-006,S006-handoff,2175.4127752446193,2204.867320699165,直连,,120.11755663365312,122.0
Q2-022,leg1-cruise,2175.6481634138718,2182.693628380499,直连,,93.34694751422165,122.0
Q2-007,leg2-cruise,2178.256568563859,2184.8837212893923,直连,,98.87180931861715,122.0
Q2-016,leg1-cruise,2178.4585151090337,2185.822431957853,直连,,98.61699315921655,122.0
Q2-019,leg2-cruise,2179.6460205640515,2187.022385697064,直连,,110.31500668107168,122.0
Q2-018,leg2-cruise,2182.1599286869464,2211.6650021724176,中断,,123.64750258971685,122.0
Q2-005,leg2-cruise,2182.424851844321,2189.7186883354852,直连,,94.17233176397204,122.0
Q2-022,leg1-cruise,2182.693628380499,2189.7390933471256,直连,,93.89290636088653,122.0
Q2-007,leg2-cruise,2184.8837212893923,2191.5108740149253,直连,,97.86133502949933,122.0
Q2-016,leg1-cruise,2185.822431957853,2193.186348806673,直连,,99.66116907028865,122.0
Q2-019,leg2-cruise,2187.022385697064,2194.398750830076,直连,,110.0779251610604,122.0
Q2-005,leg2-cruise,2189.7186883354852,2197.0125248266495,直连,,92.15877456723007,122.0
Q2-022,leg1-cruise,2189.7390933471256,2196.7845583137523,直连,,94.6013959118974,122.0
Q2-007,leg2-cruise,2191.5108740149253,2198.1380267404584,直连,,96.730641576951,122.0
Q2-016,leg1-cruise,2193.186348806673,2200.5502656554922,直连,,100.5968722265937,122.0
Q2-019,leg2-cruise,2194.398750830076,2201.7751159630884,直连,,109.83431461568686,122.0
Q2-022,leg1-cruise,2196.7845583137523,2203.830023280379,直连,,95.39573725283024,122.0
Q2-005,leg2-cruise,2197.0125248266495,2204.3063613178133,直连,,89.62210297240887,122.0
Q2-007,leg2-cruise,2198.1380267404584,2204.7651794659914,直连,,95.45277223680036,122.0
Q2-016,leg1-cruise,2200.5502656554922,2207.9141825043116,直连,,101.44392292442356,122.0
Q2-019,leg2-cruise,2201.7751159630884,2209.1514810961007,直连,,109.58381299290983,122.0
Q2-022,leg1-cruise,2203.830023280379,2210.8754882470057,直连,,96.21978412923568,122.0
Q2-005,leg2-cruise,2204.3063613178133,2211.600197808977,直连,,86.35317246723555,122.0
Q2-007,leg2-cruise,2204.7651794659914,2211.3923321915245,直连,,93.9952947412322,122.0
Q2-006,S006-handoff,2204.867320699165,2234.3218661537103,直连,,120.11755663365312,122.0
Q2-016,leg1-cruise,2207.9141825043116,2215.2780993531314,直连,,102.21730630539683,122.0
Q2-019,leg2-cruise,2209.1514810961007,2216.527846229113,直连,,109.3260280246856,122.0
Q2-022,leg1-cruise,2210.8754882470057,2217.920953213633,直连,,97.03827746287936,122.0
Q2-007,leg2-cruise,2211.3923321915245,2218.0194849170575,直连,,92.3266407138302,122.0
Q2-005,leg2-cruise,2211.600197808977,2218.8940343001414,直连,,82.77423752426722,122.0
Q2-018,leg2-cruise,2211.6650021724176,2241.170075657889,中断,,122.97986272091684,122.0
Q2-016,leg1-cruise,2215.2780993531314,2222.642016201951,直连,,102.92858333751072,122.0
Q2-019,leg2-cruise,2216.527846229113,2223.9042113621254,直连,,109.060533873022,122.0
Q2-022,leg1-cruise,2217.920953213633,2224.9664181802596,直连,,97.83153405377985,122.0
Q2-007,leg2-cruise,2218.0194849170575,2224.6466376425906,直连,,90.44672334038428,122.0
Q2-005,leg2-descent,2218.8940343001414,2247.9653563216257,直连,,79.0437285598083,122.0
Q2-016,leg1-cruise,2222.642016201951,2230.00593305077,直连,,103.58683798670098,122.0
Q2-019,leg2-cruise,2223.9042113621254,2231.280576495137,直连,,108.7868673165085,122.0
Q2-007,leg2-cruise,2224.6466376425906,2231.2737903681236,直连,,88.50095717219611,122.0
Q2-022,leg1-cruise,2224.9664181802596,2232.0118831468862,直连,,98.58989654822166,122.0
Q2-016,leg1-cruise,2230.00593305077,2237.36984989959,直连,,104.19932554901845,122.0
Q2-007,leg2-cruise,2231.2737903681236,2237.900943093657,直连,,87.05849741150615,122.0
Q2-019,leg2-cruise,2231.280576495137,2238.6569416281495,直连,,108.50452340416703,122.0
Q2-022,leg1-cruise,2232.0118831468862,2239.0573481135134,直连,,99.30964204079234,122.0
Q2-006,S006-handoff,2234.3218661537103,2263.776411608256,直连,,120.11755663365312,122.0
Q2-016,leg1-cruise,2237.36984989959,2244.7337667484094,直连,,104.77192567430785,122.0
Q2-007,leg2-descent,2237.900943093657,2261.740727029204,直连,,85.56497153273415,122.0
Q2-019,leg2-cruise,2238.6569416281495,2246.033306761162,直连,,108.21295049078687,122.0
Q2-022,leg1-cruise,2239.0573481135134,2246.10281308014,直连,,99.99035815182249,122.0
Q2-018,leg2-cruise,2241.170075657889,2270.67514914336,中断,,122.25667777050728,122.0
Q2-016,leg1-cruise,2244.7337667484094,2252.0976835972288,直连,,105.30946531238351,122.0
Q2-019,leg2-cruise,2246.033306761162,2253.409671894174,直连,,107.91154455322608,122.0
Q2-022,leg1-cruise,2246.10281308014,2253.148278046767,直连,,100.63337200200523,122.0
Q2-005,leg2-descent,2247.9653563216257,2277.03667834311,直连,,64.31881537331876,122.0
Q2-016,leg1-cruise,2252.0976835972288,2259.4616004460486,直连,,105.8159532847568,122.0
Q2-022,leg1-cruise,2253.148278046767,2260.193743013394,直连,,101.24084557411318,122.0
Q2-019,leg2-cruise,2253.409671894174,2260.7860370271865,直连,,107.59964267023024,122.0
Q2-016,leg1-cruise,2259.4616004460486,2266.8255172948684,直连,,106.29475363552957,122.0
Q2-022,leg1-cruise,2260.193743013394,2267.2392079800206,直连,,101.81526926615823,122.0
Q2-019,leg2-cruise,2260.7860370271865,2268.162402160199,直连,,107.27651552924415,122.0
Q2-007,leg2-descent,2261.740727029204,2285.580510964751,直连,,82.26592811377243,122.0
Q2-006,S006-handoff,2263.776411608256,2293.230957062801,直连,,120.11755663365312,122.0
Q2-016,leg1-cruise,2266.8255172948684,2274.189434143688,直连,,106.74871578391414,122.0
Q2-022,leg1-cruise,2267.2392079800206,2274.2846729466473,直连,,102.35918665539033,122.0
Q2-019,leg2-cruise,2268.162402160199,2275.538767293211,直连,,106.94135880267756,122.0
Q2-018,leg2-cruise,2270.67514914336,2278.051417514728,直连,,121.77211897042304,122.0
Q2-016,leg1-cruise,2274.189434143688,2281.553350992507,直连,,107.18027366787783,122.0
Q2-022,leg1-cruise,2274.2846729466473,2281.3301379132745,直连,,102.87505137266307,122.0
Q2-019,leg2-cruise,2275.538767293211,2282.9151324262234,直连,,106.59328321417743,122.0
Q2-018,leg2-cruise,2278.051417514728,2285.427685886096,直连,,121.57047788224955,122.0
Q2-022,leg1-cruise,2281.3301379132745,2288.375602879901,直连,,103.36515854274396,122.0
Q2-016,leg1-cruise,2281.553350992507,2288.917267841327,直连,,107.59152227254799,122.0
Q2-019,leg2-cruise,2282.9151324262234,2290.2914975592357,直连,,106.23130309455895,122.0
Q2-018,leg2-cruise,2285.427685886096,2292.8039542574634,直连,,121.36405311456636,122.0
Q2-007,leg2-descent,2285.580510964751,2309.4202949002974,直连,,76.88131283538888,122.0
Q2-022,leg1-cruise,2288.375602879901,2295.421067846528,直连,,103.83161770114988,122.0
Q2-016,leg1-cruise,2288.917267841327,2296.2811846901463,直连,,107.98427742166753,122.0
Q2-019,leg2-cruise,2290.2914975592357,2297.667862692248,直连,,105.85432321121937,122.0
Q2-018,leg2-cruise,2292.8039542574634,2300.1802226288314,直连,,121.15261263278015,122.0
Q2-006,S006-handoff,2293.230957062801,2322.6855025173463,直连,,120.11755663365312,122.0
Q2-022,leg1-cruise,2295.421067846528,2302.466532813155,直连,,104.27634824969981,122.0
Q2-016,leg1-cruise,2296.2811846901463,2303.6451015389657,直连,,108.3601230140015,122.0
Q2-019,leg2-cruise,2297.667862692248,2305.0442278252604,直连,,105.4611236515205,122.0
Q2-018,leg2-cruise,2300.1802226288314,2307.5564910001995,直连,,120.93590713582961,122.0
Q2-022,leg1-cruise,2302.466532813155,2309.5119977797817,直连,,104.70108665503702,122.0
Q2-016,leg1-cruise,2303.6451015389657,2311.0090183877855,直连,,108.72044872370118,122.0
Q2-019,leg2-cruise,2305.0442278252604,2312.4205929582727,直连,,105.0503425632796,122.0
Q2-018,leg2-cruise,2307.5564910001995,2314.932759371567,直连,,120.71366830331934,122.0
Q2-007,leg2-descent,2309.4202949002974,2333.2600788358445,直连,,59.87850696825326,122.0
Q2-022,leg1-cruise,2309.5119977797817,2316.5574627464084,直连,,105.10739927556388,122.0
Q2-016,leg1-cruise,2311.0090183877855,2318.372935236605,直连,,109.06648037388499,122.0
Q2-019,leg2-cruise,2312.4205929582727,2319.796958091285,直连,,104.6204566289638,122.0
Q2-018,leg2-cruise,2314.932759371567,2322.3090277429346,直连,,120.48560681496508,122.0
Q2-022,leg1-cruise,2316.5574627464084,2323.6029277130356,直连,,105.49669739652353,122.0
Q2-016,leg1-cruise,2318.372935236605,2325.7368520854243,直连,,109.39930462064962,122.0
Q2-019,leg2-cruise,2319.796958091285,2327.1733232242973,直连,,104.16975931801821,122.0
Q2-018,leg2-cruise,2322.3090277429346,2329.6852961143027,直连,,120.25141010602714,122.0
Q2-006,S006-handoff,2322.6855025173463,2352.140047971892,直连,,120.11755663365312,122.0
Q2-022,leg1-cruise,2323.6029277130356,2330.6483926796623,直连,,105.87025260433298,122.0
Q2-016,leg1-cruise,2325.7368520854243,2333.100768934244,直连,,109.71988917508439,122.0
Q2-019,leg2-cruise,2327.1733232242973,2334.5496883573096,直连,,103.69633730297437,122.0
Q2-018,leg2-cruise,2329.6852961143027,2337.0615644856707,直连,,120.01073981539852,122.0
Q2-022,leg1-cruise,2330.6483926796623,2337.693857646289,直连,,106.22921152333355,122.0
Q2-016,leg1-cruise,2333.100768934244,2340.464685783064,直连,,110.02909949382838,122.0
Q2-019,leg2-cruise,2334.5496883573096,2341.926053490322,直连,,103.198046080619,122.0
Q2-018,leg2-cruise,2337.0615644856707,2344.4378328570383,直连,,119.76322887464441,122.0
Q2-022,leg1-cruise,2337.693857646289,2344.7393226129157,直连,,106.57460944731608,122.0
Q2-016,leg1-cruise,2340.464685783064,2347.8286026318833,直连,,110.32771265073734,122.0
Q2-019,leg2-cruise,2341.926053490322,2349.3024186233342,直连,,102.67248706490427,122.0
Q2-018,leg2-cruise,2344.4378328570383,2351.814101228406,直连,,119.50847817577355,122.0
Q2-022,leg1-cruise,2344.7393226129157,2351.7847875795424,直连,,106.90738268544895,122.0
Q2-016,leg1-cruise,2347.8286026318833,2355.1925194807027,直连,,110.61642894050624,122.0
Q2-019,leg2-cruise,2349.3024186233342,2356.6787837563465,直连,,102.11699067723089,122.0
Q2-022,leg1-cruise,2351.7847875795424,2358.8302525461695,直连,,107.22837959992853,122.0
Q2-018,leg2-cruise,2351.814101228406,2359.190369599774,直连,,119.24605274262586,122.0
Q2-006,S006-handoff,2352.140047971892,2381.5945934264373,直连,,120.11755663365312,122.0
Q2-016,leg1-cruise,2355.1925194807027,2362.5564363295225,直连,,110.89588164382967,122.0
Q2-019,leg2-cruise,2356.6787837563465,2364.055148889359,直连,,101.52861410190883,122.0
Q2-022,leg1-cruise,2358.8302525461695,2365.875717512796,直连,,107.53837039530987,122.0
Q2-018,leg2-cruise,2359.190369599774,2366.566637971142,直连,,118.97547731479243,122.0
Q2-016,leg1-cruise,2362.5564363295225,2369.920353178342,直连,,111.16664529198124,122.0
Q2-019,leg2-cruise,2364.055148889359,2371.431514022371,直连,,100.90416996393947,122.0
Q2-022,leg1-cruise,2365.875717512796,2372.921182479423,直连,,107.83805575883156,122.0
Q2-018,leg2-cruise,2366.566637971142,2373.9429063425096,直连,,118.69623123285287,122.0
Q2-016,leg1-cruise,2369.920353178342,2377.2842700271613,直连,,111.42924269854869,122.0
Q2-019,leg2-cruise,2371.431514022371,2378.8078791553835,直连,,100.24031610724415,122.0
Q2-022,leg1-cruise,2372.921182479423,2379.96664744605,直连,,108.1280744658878,122.0
Q2-018,leg2-cruise,2373.9429063425096,2381.319174713877,直连,,118.40774248849588,122.0
Q2-016,leg1-cruise,2377.2842700271613,2384.648186875981,直连,,121.6841509721132,122.0
Q2-019,leg2-cruise,2378.8078791553835,2386.184244288396,直连,,99.53376218455958,122.0
Q2-022,leg1-cruise,2379.96664744605,2387.0121124126767,直连,,108.4090100659485,122.0
Q2-018,leg2-cruise,2381.319174713877,2388.695443085245,直连,,118.10938077111618,122.0
Q2-006,S006-handoff,2381.5945934264373,2411.049138880983,直连,,120.11755663365312,122.0
Q2-016,leg1-cruise,2384.648186875981,2388.3301453003905,直连,,121.87055020211989,122.0
Q2-019,leg2-cruise,2386.184244288396,2393.560609421408,直连,,98.78169534298299,122.0
Q2-022,leg1-cruise,2387.0121124126767,2394.0575773793034,直连,,108.68139675857107,122.0
Q2-016,leg1-cruise,2388.3301453003905,2390.1711245125953,直连,,121.9622740112559,122.0
Q2-018,leg2-cruise,2388.695443085245,2396.0717114566132,直连,,117.80044930170276,122.0
Q2-016,leg1-cruise,2390.1711245125953,2421.467771120079,中断,,122.02289057552264,122.0
Q2-019,leg2-cruise,2393.560609421408,2400.9369745544204,直连,,97.9826106652288,122.0
Q2-022,leg1-cruise,2394.0575773793034,2401.10304234593,直连,,108.94572455977465,122.0
Q2-018,leg2-cruise,2396.0717114566132,2403.447979827981,直连,,117.48017519229089,122.0
Q2-019,leg2-cruise,2400.9369745544204,2408.3133396874327,直连,,97.13787428711623,122.0
Q2-022,leg1-cruise,2401.10304234593,2408.148507312557,直连,,109.20244384874292,122.0
Q2-018,leg2-cruise,2403.447979827981,2410.8242481993484,直连,,107.14769800150326,122.0
Q2-022,leg1-cruise,2408.148507312557,2415.193972279184,直连,,109.45196937434196,122.0
Q2-019,leg2-cruise,2408.3133396874327,2415.689704820445,直连,,96.2545622302927,122.0
Q2-018,leg2-cruise,2410.8242481993484,2418.2005165707164,直连,,106.80205606778935,122.0
Q2-006,S006-handoff,2411.049138880983,2440.5036843355283,直连,,120.11755663365312,122.0
Q2-022,leg1-cruise,2415.193972279184,2422.2394372458107,直连,,109.69468379107474,122.0
Q2-019,leg2-cruise,2415.689704820445,2423.0660699534574,直连,,95.35034034182877,122.0
Q2-018,leg2-cruise,2418.2005165707164,2425.5767849420845,直连,,106.44217008531318,122.0
Q2-016,leg1-cruise,2421.467771120079,2450.923438515357,中断,,123.38965350414121,122.0
Q2-022,leg1-cruise,2422.2394372458107,2429.2849022124374,直连,,109.93094078509611,122.0
Q2-019,leg2-cruise,2423.0660699534574,2430.4424350864697,直连,,94.46099556923042,122.0
Q2-018,leg2-cruise,2425.5767849420845,2432.953053313452,直连,,106.0668232318279,122.0
Q2-022,leg1-cruise,2429.2849022124374,2436.3303671790645,直连,,110.16106784290864,122.0
Q2-019,leg2-cruise,2430.4424350864697,2437.818800219482,直连,,93.64946820954943,122.0
Q2-018,leg2-cruise,2432.953053313452,2440.32932168482,直连,,105.67463694924089,122.0
Q2-022,leg1-cruise,2436.3303671790645,2443.375832145691,直连,,120.38536870821525,122.0
Q2-019,leg2-cruise,2437.818800219482,2445.1951653524943,直连,,93.00970904814356,122.0
Q2-018,leg2-cruise,2440.32932168482,2447.705590056188,直连,,105.26404119423611,122.0
Q2-006,leg2-climb,2440.5036843355283,2461.022820077716,直连,,120.12150523207133,122.0
Q2-022,leg1-cruise,2443.375832145691,2450.421297112318,直连,,120.60412556639085,122.0
Q2-019,leg2-cruise,2445.1951653524943,2452.5715304855066,直连,,92.65062270247168,122.0
Q2-018,leg2-cruise,2447.705590056188,2455.0818584275557,直连,,104.83323758745537,122.0
Q2-022,leg1-cruise,2450.421297112318,2457.4667620789446,直连,,120.81760099055668,122.0
Q2-016,leg1-cruise,2450.923438515357,2480.379105910635,中断,,124.17875342793518,122.0
Q2-019,leg2-descent,2452.5715304855066,2482.178147510246,直连,,91.81048595601354,122.0
Q2-018,leg2-cruise,2455.0818584275557,2462.458126798924,直连,,104.38015334962198,122.0
Q2-022,leg1-cruise,2457.4667620789446,2464.5122270455713,直连,,121.0260396787298,122.0
Q2-006,leg2-cruise,2461.022820077716,2467.6499728032495,直连,,119.98987535745832,122.0
Q2-018,leg2-cruise,2462.458126798924,2469.834395170292,直连,,103.9023831535479,122.0
Q2-022,leg1-cruise,2464.5122270455713,2471.5576920121985,直连,,121.22967000752922,122.0
Q2-006,leg2-cruise,2467.6499728032495,2474.2771255287826,直连,,119.71106127339367,122.0
Q2-018,leg2-cruise,2469.834395170292,2477.2106635416594,直连,,103.39711493831763,122.0
Q2-022,leg1-cruise,2471.5576920121985,2478.603156978825,直连,,121.4287054245198,122.0
Q2-006,leg2-cruise,2474.2771255287826,2480.9042782543156,直连,,119.42304936339094,122.0
Q2-018,leg2-cruise,2477.2106635416594,2484.586931913027,直连,,102.86103416745489,122.0
Q2-022,leg1-cruise,2478.603156978825,2485.648621945452,直连,,121.62334569834819,122.0
Q2-016,leg1-descent,2480.379105910635,2502.280920689281,中断,,124.54684939939493,122.0
Q2-006,leg2-cruise,2480.9042782543156,2487.5314309798487,直连,,119.1252156673985,122.0
Q2-019,leg2-descent,2482.178147510246,2511.7847645349857,直连,,89.96717712516605,122.0
Q2-018,leg2-cruise,2484.586931913027,2491.963200284395,直连,,102.29019871935596,122.0
Q2-022,leg1-cruise,2485.648621945452,2492.694086912079,直连,,121.8137780433359,122.0
Q2-006,leg2-cruise,2487.5314309798487,2494.1585837053817,直连,,118.81687092023617,122.0
Q2-018,leg2-cruise,2491.963200284395,2499.339468655763,直连,,101.6798731856404,122.0
Q2-022,leg1-cruise,2492.694086912079,2506.7850168453324,中断,,122.09191805131226,122.0
Q2-006,leg2-cruise,2494.1585837053817,2500.7857364309148,直连,,118.49725117596691,122.0
Q2-018,leg2-cruise,2499.339468655763,2506.7157370271307,直连,,101.02430620395107,122.0
Q2-006,leg2-cruise,2500.7857364309148,2507.412889156448,直连,,118.1655067012211,122.0
Q2-016,leg1-descent,2502.280920689281,2524.1827354679267,中断,,124.54502471189024,122.0
Q2-018,leg2-cruise,2506.7157370271307,2514.0920053984983,直连,,100.316426582739,122.0
Q2-022,leg1-cruise,2506.7850168453324,2534.96687671184,中断,,122.62312091325336,122.0
Q2-006,leg2-cruise,2507.412889156448,2514.040041881981,直连,,117.82068874310441,122.0
Q2-019,leg2-descent,2511.7847645349857,2541.3913815597252,直连,,87.62428679933394,122.0
Q2-006,leg2-cruise,2514.040041881981,2520.667194607514,直连,,117.46173366947639,122.0
Q2-018,leg2-cruise,2514.0920053984983,2521.4682737698663,直连,,99.54742184672878,122.0
Q2-006,leg2-cruise,2520.667194607514,2527.294347333047,直连,,117.08744383710463,122.0
Q2-018,leg2-cruise,2521.4682737698663,2528.8445421412343,直连,,98.70614415035202,122.0
Q2-016,leg1-descent,2524.1827354679267,2546.0845502465727,中断,,124.54379205636253,122.0
Q2-006,leg2-cruise,2527.294347333047,2533.92150005858,直连,,116.69646435378466,122.0
Q2-018,leg2-cruise,2528.8445421412343,2536.220810512602,直连,,97.7782603883649,122.0
Q2-006,leg2-cruise,2533.92150005858,2540.5486527841135,直连,,116.28725464553727,122.0
Q2-022,leg1-cruise,2534.96687671184,2563.1487365783473,中断,,123.28482944164,122.0
Q2-018,leg2-cruise,2536.220810512602,2543.5970788839695,直连,,96.74502445983634,122.0
Q2-006,leg2-cruise,2540.5486527841135,2547.175805509647,直连,,115.85805339432781,122.0
Q2-019,leg2-descent,2541.3913815597252,2570.997998584465,直连,,84.40608051945529,122.0
Q2-018,leg2-cruise,2543.5970788839695,2550.9733472553376,直连,,95.58151146552265,122.0
Q2-016,S005-handoff,2546.0845502465727,2575.539095701118,中断,,124.54339790767136,122.0
Q2-006,leg2-cruise,2547.175805509647,2553.80295823518,直连,,115.40683493753987,122.0
Q2-018,leg2-cruise,2550.9733472553376,2558.3496156267056,直连,,94.25419125696811,122.0
Q2-006,leg2-cruise,2553.80295823518,2560.430110960713,直连,,114.93125456392724,122.0
Q2-018,leg2-cruise,2558.3496156267056,2565.725883998073,直连,,92.71820166292451,122.0
Q2-006,leg2-cruise,2560.430110960713,2567.057263686246,直连,,114.42857922272192,122.0
Q2-022,leg1-cruise,2563.1487365783473,2591.3305964448546,中断,,123.90009232488552,122.0
Q2-018,leg2-cruise,2565.725883998073,2573.102152369441,直连,,90.91736511554609,122.0
Q2-006,leg2-cruise,2567.057263686246,2573.6844164117792,直连,,103.89559886585758,122.0
Q2-019,leg2-descent,2570.997998584465,2600.6046156092048,直连,,79.2374208226299,122.0
Q2-018,leg2-cruise,2573.102152369441,2580.478420740809,直连,,88.8033608303476,122.0
Q2-006,leg2-cruise,2573.6844164117792,2580.3115691373123,直连,,103.32851179736784,122.0
Q2-016,S005-handoff,2575.539095701118,2604.9936411556637,中断,,124.54339790767136,122.0
Q2-006,leg2-cruise,2580.3115691373123,2586.9387218628453,直连,,102.72277475918625,122.0
Q2-018,leg2-cruise,2580.478420740809,2587.854689112177,直连,,86.45234704663565,122.0
Q2-006,leg2-cruise,2586.9387218628453,2593.5658745883784,直连,,102.0729046890354,122.0
Q2-018,leg2-cruise,2587.854689112177,2595.2309574835444,直连,,84.51987614016544,122.0
Q2-022,leg1-cruise,2591.3305964448546,2619.512456311362,中断,,124.47495581222768,122.0
Q2-006,leg2-cruise,2593.5658745883784,2600.1930273139114,直连,,101.37221368924635,122.0
Q2-018,leg2-descent,2595.2309574835444,2619.3981913702632,直连,,82.40264797547296,122.0
Q2-006,leg2-cruise,2600.1930273139114,2606.8201800394445,直连,,100.61245128682769,122.0
Q2-019,leg2-descent,2600.6046156092048,2630.2112326339443,直连,,64.66742831834915,122.0
Q2-016,S005-handoff,2604.9936411556637,2634.448186610209,中断,,124.54339790767136,122.0
Q2-006,leg2-cruise,2606.8201800394445,2620.074485490511,直连,,99.78331855380208,122.0
Q2-018,leg2-descent,2619.3981913702632,2643.565425256982,直连,,77.03365564741475,122.0
Q2-022,leg1-descent,2619.512456311362,2643.607195080893,中断,,124.74500801352508,122.0
Q2-006,leg2-cruise,2620.074485490511,2626.701638216044,直连,,97.86133502949933,122.0
Q2-024,leg1-climb,2624.8618069858185,2648.661889891906,直连,,63.972286682761464,122.0
Q2-006,leg2-cruise,2626.701638216044,2639.95594366711,直连,,96.730641576951,122.0
Q2-016,S005-handoff,2634.448186610209,2663.9027320647547,中断,,124.54339790767136,122.0
Q2-008,leg1-climb,2637.036678343111,2659.6601636539835,直连,,62.936506388796225,122.0
Q2-006,leg2-cruise,2639.95594366711,2646.5830963926433,直连,,93.9952947412322,122.0
Q2-018,leg2-descent,2643.565425256982,2667.732659143701,直连,,60.23392494929226,122.0
Q2-022,leg1-descent,2643.607195080893,2667.701933850424,中断,,124.73818018332537,122.0
Q2-006,leg2-cruise,2646.5830963926433,2653.2102491181768,直连,,92.3266407138302,122.0
Q2-024,leg1-climb,2648.661889891906,2672.461972797993,直连,,78.8546251387726,122.0
Q2-006,leg2-cruise,2653.2102491181768,2659.83740184371,直连,,90.44672334038428,122.0
Q2-008,leg1-climb,2659.6601636539835,2682.2836489648557,直连,,78.30989442848542,122.0
Q2-006,leg2-cruise,2659.83740184371,2666.464554569243,直连,,88.50095717219611,122.0
Q2-009,leg1-climb,2663.260078835845,2685.8835641467176,直连,,62.936506388796225,122.0
Q2-016,S005-handoff,2663.9027320647547,2693.3572775193,中断,,124.54339790767136,122.0
Q2-006,leg2-cruise,2666.464554569243,2673.091707294776,直连,,87.05849741150615,122.0
Q2-022,leg1-descent,2667.701933850424,2691.7966726199556,中断,,124.73241503097312,122.0
Q2-024,leg1-climb,2672.461972797993,2696.26205570408,直连,,84.05484423999414,122.0
Q2-006,leg2-descent,2673.091707294776,2702.8914372142094,直连,,85.56497153273412,122.0
Q2-008,leg1-climb,2682.2836489648557,2704.907134275728,直连,,83.55727631665826,122.0
Q2-009,leg1-climb,2685.8835641467176,2708.50704945759,直连,,78.30989442848542,122.0
Q2-022,leg1-descent,2691.7966726199556,2715.8914113894866,中断,,124.72771680659866,122.0
Q2-016,S005-handoff,2693.3572775193,2722.811822973845,中断,,124.54339790767136,122.0
Q2-024,leg1-climb,2696.26205570408,2720.0621386101675,直连,,87.28503714858458,122.0
Q2-006,leg2-descent,2702.8914372142094,2732.691167133643,直连,,82.2659281137725,122.0
Q2-008,leg1-climb,2704.907134275728,2727.5306195866006,直连,,86.80527066840574,122.0
Q2-009,leg1-climb,2708.50704945759,2731.130534768462,直连,,83.55727631665826,122.0
Q2-022,S014-handoff,2715.8914113894866,2745.8914113894866,中断,,124.72576890840894,122.0
Q2-024,leg1-cruise,2720.0621386101675,2727.401870317794,直连,,88.65662310523668,122.0
Q2-016,S005-handoff,2722.811822973845,2752.2663684283907,中断,,124.54339790767136,122.0
Q2-024,leg1-cruise,2727.401870317794,2734.7416020254204,直连,,89.49911884025818,122.0
Q2-008,leg1-cruise,2727.5306195866006,2734.8771453440395,直连,,88.26800848551167,122.0
Q2-009,leg1-climb,2731.130534768462,2753.7540200793346,直连,,86.80527066840574,122.0
Q2-006,leg2-descent,2732.691167133643,2762.490897053077,直连,,76.88131283538885,122.0
Q2-024,leg1-cruise,2734.7416020254204,2742.0813337330464,直连,,90.81103622790252,122.0
Q2-008,leg1-cruise,2734.8771453440395,2742.223671101479,直连,,89.62403895282462,122.0
Q2-024,leg1-cruise,2742.0813337330464,2749.421065440673,直连,,92.2445590124635,122.0
Q2-008,leg1-cruise,2742.223671101479,2749.5701968589183,直连,,91.4890325437802,122.0
Q2-022,S014-handoff,2745.8914113894866,2775.8914113894866,中断,,124.72576890840894,122.0
Q2-024,leg1-cruise,2749.421065440673,2756.7607971482994,直连,,93.62709525680187,122.0
Q2-008,leg1-cruise,2749.5701968589183,2756.916722616357,直连,,93.31796589983627,122.0
Q2-016,S005-handoff,2752.2663684283907,2781.720913882936,中断,,124.54339790767136,122.0
Q2-009,leg1-cruise,2753.7540200793346,2761.1005458367736,直连,,88.26800848551167,122.0
Q2-024,leg1-cruise,2756.7607971482994,2764.1005288559254,直连,,94.90075237605778,122.0
Q2-008,leg1-cruise,2756.916722616357,2764.263248373796,直连,,94.95630416339307,122.0
Q2-009,leg1-cruise,2761.1005458367736,2768.447071594213,直连,,89.62403895282462,122.0
Q2-006,leg2-descent,2762.490897053077,2792.2906269725104,直连,,59.878506968253035,122.0
Q2-024,leg1-cruise,2764.1005288559254,2771.440260563552,直连,,96.05690571643551,122.0
Q2-008,leg1-cruise,2764.263248373796,2771.609774131235,直连,,96.39522342811948,122.0
Q2-009,leg1-cruise,2768.447071594213,2775.7935973516524,直连,,91.4890325437802,122.0
Q2-024,leg1-cruise,2771.440260563552,2778.7799922711783,直连,,97.10409204627939,122.0
Q2-008,leg1-cruise,2771.609774131235,2778.956299888674,直连,,97.66118351825855,122.0
Q2-009,leg1-cruise,2775.7935973516524,2783.1401231090913,直连,,93.31796589983627,122.0
Q2-022,S014-handoff,2775.8914113894866,2805.8914113894866,中断,,124.72576890840894,122.0
Q2-024,leg1-cruise,2778.7799922711783,2786.119723978805,直连,,98.05530629257687,122.0
Q2-008,leg1-cruise,2778.956299888674,2786.3028256461134,直连,,98.78387477615455,122.0
Q2-016,S005-handoff,2781.720913882936,2811.1754593374817,中断,,124.54339790767136,122.0
Q2-009,leg1-cruise,2783.1401231090913,2790.4866488665302,直连,,94.95630416339307,122.0
Q2-024,leg1-cruise,2786.119723978805,2793.4594556864313,直连,,98.92347693042164,122.0
Q2-008,leg1-cruise,2786.3028256461134,2793.649351403553,直连,,99.7887505384926,122.0
Q2-009,leg1-cruise,2790.4866488665302,2797.833174623969,直连,,96.39522342811948,122.0
Q2-024,leg1-cruise,2793.4594556864313,2800.7991873940573,直连,,99.72007125269687,122.0
Q2-008,leg1-cruise,2793.649351403553,2800.9958771609918,直连,,100.69620561414166,122.0
Q2-009,leg1-cruise,2797.833174623969,2805.179700381408,直连,,97.66118351825855,122.0
Q2-024,leg1-cruise,2800.7991873940573,2808.1389191016838,直连,,100.45484073015555,122.0
Q2-008,leg1-cruise,2800.9958771609918,2808.3424029184307,直连,,101.52231541091417,122.0
Q2-009,leg1-cruise,2805.179700381408,2812.5262261388475,直连,,98.78387477615455,122.0
Q2-022,S014-handoff,2805.8914113894866,2835.8914113894866,中断,,124.72576890840894,122.0
Q2-024,leg1-cruise,2808.1389191016838,2815.4786508093102,直连,,101.13595060798879,122.0
Q2-008,leg1-cruise,2808.3424029184307,2815.68892867587,直连,,102.27976691729492,122.0
Q2-016,S005-handoff,2811.1754593374817,2840.630004792027,中断,,124.54339790767136,122.0
Q2-009,leg1-cruise,2812.5262261388475,2819.872751896287,直连,,99.7887505384926,122.0
Q2-024,leg1-cruise,2815.4786508093102,2822.8183825169363,直连,,101.77021222165459,122.0
Q2-008,leg1-cruise,2815.68892867587,2823.0354544333095,直连,,102.97865314981631,122.0
Q2-009,leg1-cruise,2819.872751896287,2827.219277653726,直连,,100.69620561414166,122.0
Q2-024,leg1-cruise,2822.8183825169363,2830.1581142245627,直连,,102.36331755601434,122.0
Q2-008,leg1-cruise,2823.0354544333095,2830.3819801907484,直连,,103.62708739726855,122.0
Q2-009,leg1-cruise,2827.219277653726,2834.565803411165,直连,,101.52231541091417,122.0
Q2-024,leg1-cruise,2830.1581142245627,2837.497845932189,直连,,102.92004442430195,122.0
Q2-008,leg1-cruise,2830.3819801907484,2837.7285059481874,直连,,104.2316635339487,122.0
Q2-009,leg1-cruise,2834.565803411165,2841.912329168604,直连,,102.27976691729492,122.0
Q2-022,S014-handoff,2835.8914113894866,2865.8914113894866,中断,,124.72576890840894,122.0
Q2-024,leg1-cruise,2837.497845932189,2844.8375776398157,直连,,103.44442624754934,122.0
Q2-008,leg1-cruise,2837.7285059481874,2845.0750317056268,直连,,104.79779854984865,122.0
Q2-016,S005-handoff,2840.630004792027,2870.0845502465727,中断,,124.54339790767136,122.0
Q2-009,leg1-cruise,2841.912329168604,2849.2588549260436,直连,,102.97865314981631,122.0
Q2-024,leg1-cruise,2844.8375776398157,2852.177309347442,直连,,103.93988925428664,122.0
Q2-008,leg1-cruise,2845.0750317056268,2852.421557463066,直连,,105.32998823447899,122.0
Q2-009,leg1-cruise,2849.2588549260436,2856.6053806834825,直连,,103.62708739726855,122.0
Q2-024,leg1-cruise,2852.177309347442,2859.517041055068,直连,,104.40936232679813,122.0
Q2-008,leg1-cruise,2852.421557463066,2859.768083220505,直连,,105.83199950385041,122.0
Q2-009,leg1-cruise,2856.6053806834825,2863.9519064409214,直连,,104.2316635339487,122.0
Q2-024,leg1-cruise,2859.517041055068,2866.8567727626946,直连,,104.85536476882662,122.0
Q2-008,leg1-cruise,2859.768083220505,2867.114608977944,直连,,106.30701647155526,122.0
Q2-009,leg1-cruise,2863.9519064409214,2871.298432198361,直连,,104.79779854984865,122.0
Q2-022,S014-handoff,2865.8914113894866,2895.8914113894866,中断,,124.72576890840894,122.0
Q2-024,leg1-cruise,2866.8567727626946,2874.196504470321,直连,,105.28007656187509,122.0
Q2-008,leg1-cruise,2867.114608977944,2874.461134735383,直连,,106.75775254260782,122.0
Q2-016,leg2-climb,2870.0845502465727,2896.366727980948,中断,,124.5440446855257,122.0
Q2-009,leg1-cruise,2871.298432198361,2878.6449579558002,直连,,105.32998823447899,122.0
Q2-024,leg1-cruise,2874.196504470321,2881.536236177947,直连,,105.68539482776018,122.0
Q2-008,leg1-cruise,2874.461134735383,2881.807660492822,直连,,107.18653733335034,122.0
Q2-009,leg1-cruise,2878.6449579558002,2885.991483713239,直连,,105.83199950385041,122.0
Q2-024,leg1-cruise,2881.536236177947,2888.8759678855736,直连,,106.07297943827106,122.0
Q2-008,leg1-cruise,2881.807660492822,2889.1541862502613,直连,,107.59538475797856,122.0
Q2-009,leg1-cruise,2885.991483713239,2893.338009470678,直连,,106.30701647155526,122.0
Q2-024,leg1-cruise,2888.8759678855736,2896.2156995932,直连,,106.44429006871172,122.0
Q2-008,leg1-cruise,2889.1541862502613,2896.5007120077007,直连,,117.98604688306986,122.0
Q2-009,leg1-cruise,2893.338009470678,2900.684535228117,直连,,106.75775254260782,122.0
Q2-022,S014-handoff,2895.8914113894866,2925.8914113894866,中断,,124.72576890840894,122.0
Q2-024,leg1-cruise,2896.2156995932,2903.5554313008265,直连,,106.80061647989389,122.0
Q2-016,leg2-climb,2896.366727980948,2922.6489057153226,中断,,124.5463377611981,122.0
Q2-008,leg1-cruise,2896.5007120077007,2903.8472377651397,直连,,118.36005691919878,122.0
Q2-009,leg1-cruise,2900.684535228117,2908.031060985556,直连,,107.18653733335034,122.0
Q2-024,leg1-cruise,2903.5554313008265,2910.895163008453,直连,,107.14310341485864,122.0
Q2-008,leg1-cruise,2903.8472377651397,2911.1937635225786,直连,,118.71876384025265,122.0
Q2-009,leg1-cruise,2908.031060985556,2915.3775867429954,直连,,107.59538475797856,122.0
Q2-024,leg1-cruise,2910.895163008453,2918.234894716079,直连,,107.47277118937633,122.0
Q2-008,leg1-cruise,2911.1937635225786,2918.5402892800175,直连,,119.06336048963391,122.0
Q2-009,leg1-cruise,2915.3775867429954,2922.724112500435,直连,,117.98604688306986,122.0
Q2-024,leg1-cruise,2918.234894716079,2925.5746264237055,直连,,107.79053281952154,122.0
Q2-008,leg1-cruise,2918.5402892800175,2925.8868150374565,直连,,119.39490657436482,122.0
Q2-016,leg2-cruise,2922.6489057153226,2952.104573110601,中断,,124.17875342793518,122.0
Q2-009,leg1-cruise,2922.724112500435,2930.0706382578737,直连,,118.36005691919878,122.0
Q2-024,leg1-cruise,2925.5746264237055,2932.914358131332,直连,,108.09720834824469,122.0
Q2-008,leg1-cruise,2925.8868150374565,2933.233340794896,直连,,119.71434761276325,122.0
Q2-022,leg2-climb,2925.8914113894866,2952.6633433556326,中断,,124.72842559469186,122.0
Q2-009,leg1-cruise,2930.0706382578737,2937.4171640153127,直连,,118.71876384025265,122.0
Q2-024,leg1-cruise,2932.914358131332,2940.254089838958,直连,,108.39353689331297,122.0
Q2-008,leg1-cruise,2933.233340794896,2940.5798665523353,直连,,120.02253065364926,122.0
Q2-009,leg1-cruise,2937.4171640153127,2944.7636897727516,直连,,119.06336048963391,122.0
Q2-024,leg1-cruise,2940.254089838958,2947.5938215465844,直连,,108.68018683114279,122.0
Q2-008,leg1-cruise,2940.5798665523353,2947.926392309774,直连,,120.32021740012007,122.0
Q2-009,leg1-cruise,2944.7636897727516,2952.1102155301905,直连,,119.39490657436482,122.0
Q2-024,leg1-cruise,2947.5938215465844,2954.933553254211,直连,,108.95776444721754,122.0
Q2-008,leg1-cruise,2947.926392309774,2955.272918067213,直连,,120.60809523191814,122.0
Q2-016,leg2-cruise,2952.104573110601,2981.560240505879,中断,,123.38965350414121,122.0
Q2-009,leg1-cruise,2952.1102155301905,2959.45674128763,直连,,119.71434761276325,122.0
Q2-022,leg2-climb,2952.6633433556326,2979.435275321778,中断,,124.73516448869171,122.0
Q2-024,leg1-cruise,2954.933553254211,2962.2732849618374,直连,,109.22682131840835,122.0
Q2-008,leg1-cruise,2955.272918067213,2962.6194438246525,直连,,120.8867865149677,122.0
Q2-009,leg1-cruise,2959.45674128763,2966.8032670450693,直连,,120.02253065364926,122.0
Q2-024,leg1-cruise,2962.2732849618374,2969.613016669464,直连,,109.48786064123765,122.0
Q2-008,leg1-cruise,2962.6194438246525,2969.965969582092,直连,,121.15685650586548,122.0
Q2-009,leg1-cruise,2966.8032670450693,2974.1497928025083,直连,,120.32021740012007,122.0
Q2-024,leg1-cruise,2969.613016669464,2976.95274837709,直连,,109.7413426796983,122.0
Q2-008,leg1-cruise,2969.965969582092,2977.312495339531,直连,,121.41882009684191,122.0
Q2-009,leg1-cruise,2974.1497928025083,2981.496318559947,直连,,120.60809523191814,122.0
Q2-024,leg1-cruise,2976.95274837709,2984.2924800847163,直连,,109.98768947414658,122.0
Q2-008,leg1-cruise,2977.312495339531,2984.65902109697,直连,,121.67314759846266,122.0
Q2-022,leg2-climb,2979.435275321778,3006.207207287924,中断,,124.74379644824026,122.0
Q2-009,leg1-cruise,2981.496318559947,2988.8428443173866,直连,,120.8867865149677,122.0
Q2-016,leg2-cruise,2981.560240505879,3011.0159079011573,中断,,122.52176572620604,122.0
Q2-024,leg1-cruise,2984.2924800847163,2991.632211792343,直连,,110.22728892724159,122.0
Q2-008,leg1-cruise,2984.65902109697,2990.168915415049,直连,,121.85914250320519,122.0
Q2-009,leg1-cruise,2988.8428443173866,2996.189370074826,直连,,121.15685650586548,122.0
Q2-008,leg1-cruise,2990.168915415049,2992.005546854409,中断,,122.01116462408243,122.0
Q2-024,leg1-cruise,2991.632211792343,2998.971943499969,直连,,120.46049836238748,122.0
Q2-008,leg1-cruise,2992.005546854409,3021.3916498841654,中断,,122.50906953113093,122.0
Q2-009,leg1-cruise,2996.189370074826,3003.535895832265,直连,,121.41882009684191,122.0
Q2-024,leg1-cruise,2998.971943499969,3006.3116752075953,直连,,120.68764763372279,122.0
Q2-009,leg1-cruise,3003.535895832265,3010.882421589704,直连,,121.67314759846266,122.0
Q2-022,leg2-cruise,3006.207207287924,3034.3890671544314,中断,,124.47495581222768,122.0
Q2-024,leg1-cruise,3006.3116752075953,3013.6514069152217,直连,,120.90904185327588,122.0
Q2-009,leg1-cruise,3010.882421589704,3014.5556844684234,直连,,121.85914250320519,122.0
Q2-016,leg2-cruise,3011.0159079011573,3012.856887113362,中断,,122.02289057552264,122.0
Q2-016,leg2-cruise,3012.856887113362,3014.697866325567,直连,,121.9622740112559,122.0
Q2-024,leg1-cruise,3013.6514069152217,3020.991138622848,直连,,121.12496379005108,122.0
Q2-009,leg1-cruise,3014.5556844684234,3016.392315907783,直连,,121.95067340757079,122.0
Q2-016,leg2-cruise,3014.697866325567,3018.3798247499767,直连,,121.87055020211989,122.0
Q2-009,leg1-cruise,3016.392315907783,3047.6150503768995,中断,,122.01116462408243,122.0
Q2-016,leg2-cruise,3018.3798247499767,3025.743741598796,直连,,121.6841509721132,122.0
Q2-024,leg1-cruise,3020.991138622848,3028.3308703304747,直连,,121.33567598703338,122.0
Q2-008,leg1-cruise,3021.3916498841654,3050.777752913922,中断,,123.37550307246809,122.0
Q2-016,leg2-cruise,3025.743741598796,3033.107658447616,直连,,111.42924269854869,122.0
Q2-024,leg1-cruise,3028.3308703304747,3035.6706020381007,直连,,121.5414226346888,122.0
Q2-016,leg2-cruise,3033.107658447616,3040.4715752964353,直连,,111.16664529198124,122.0
Q2-022,leg2-cruise,3034.3890671544314,3062.5709270209386,中断,,123.90009232488552,122.0
Q2-024,leg1-cruise,3035.6706020381007,3043.010333745727,直连,,121.74243123367319,122.0
Q2-016,leg2-cruise,3040.4715752964353,3047.8354921452546,直连,,110.89588164382967,122.0
Q2-024,leg1-cruise,3043.010333745727,3072.3692605762326,中断,,122.2255830336592,122.0
Q2-009,leg1-cruise,3047.6150503768995,3077.001153406656,中断,,123.37550307246809,122.0
Q2-016,leg2-cruise,3047.8354921452546,3055.1994089940745,直连,,110.61642894050624,122.0
Q2-008,leg1-descent,3050.777752913922,3069.7704824061097,中断,,123.77631418571382,122.0
Q2-016,leg2-cruise,3055.1994089940745,3069.9272426917137,直连,,110.32771265073734,122.0
Q2-022,leg2-cruise,3062.5709270209386,3090.752786887446,中断,,123.28482944164,122.0
Q2-008,S013-handoff,3069.7704824061097,3099.7704824061097,中断,,123.77442449618124,122.0
Q2-016,leg2-cruise,3069.9272426917137,3077.291159540533,直连,,109.71988917508439,122.0
Q2-024,leg1-cruise,3072.3692605762326,3101.728187406738,中断,,122.94693451133281,122.0
Q2-009,leg1-descent,3077.001153406656,3095.993882898844,中断,,123.77631418571382,122.0
Q2-016,leg2-cruise,3077.291159540533,3092.0189932381722,直连,,109.39930462064962,122.0
Q2-022,leg2-cruise,3090.752786887446,3118.9346467539535,中断,,122.62312091325336,122.0
Q2-016,leg2-cruise,3092.0189932381722,3099.3829100869916,直连,,108.72044872370118,122.0
Q2-009,S013-handoff,3095.993882898844,3125.993882898844,中断,,123.77442449618124,122.0
Q2-016,leg2-cruise,3099.3829100869916,3106.7468269358114,直连,,108.3601230140015,122.0
Q2-008,S013-handoff,3099.7704824061097,3129.7704824061097,中断,,123.77442449618124,122.0
Q2-024,leg1-cruise,3101.728187406738,3131.0871142372434,中断,,123.61312695681455,122.0
Q2-016,leg2-cruise,3106.7468269358114,3121.47466063345,直连,,107.98427742166753,122.0
Q2-022,leg2-cruise,3118.9346467539535,3133.025576687207,中断,,122.09191805131226,122.0
Q2-016,leg2-cruise,3121.47466063345,3128.83857748227,直连,,107.18027366787783,122.0
Q2-009,S013-handoff,3125.993882898844,3155.993882898844,中断,,123.77442449618124,122.0
Q2-016,leg2-cruise,3128.83857748227,3136.20249433109,直连,,106.74871578391414,122.0
Q2-008,S013-handoff,3129.7704824061097,3159.7704824061097,中断,,123.77442449618124,122.0
Q2-024,leg1-cruise,3131.0871142372434,3160.446041067749,中断,,124.23197653808352,122.0
Q2-022,leg2-cruise,3133.025576687207,3140.071041653834,直连,,121.8137780433359,122.0
Q2-016,leg2-cruise,3136.20249433109,3143.566411179909,直连,,106.29475363552957,122.0
Q2-022,leg2-cruise,3140.071041653834,3147.1165066204608,直连,,121.62334569834819,122.0
Q2-016,leg2-cruise,3143.566411179909,3150.9303280287286,直连,,105.8159532847568,122.0
Q2-022,leg2-cruise,3147.1165066204608,3154.1619715870875,直连,,121.4287054245198,122.0
Q2-016,leg2-cruise,3150.9303280287286,3158.2942448775484,直连,,105.30946531238351,122.0
Q2-022,leg2-cruise,3154.1619715870875,3161.2074365537146,直连,,121.22967000752922,122.0
Q2-009,S013-handoff,3155.993882898844,3185.993882898844,中断,,123.77442449618124,122.0
Q2-016,leg2-cruise,3158.2942448775484,3165.658161726368,直连,,104.77192567430785,122.0
Q2-008,S013-handoff,3159.7704824061097,3189.7704824061097,中断,,123.77442449618124,122.0
Q2-024,leg1-cruise,3160.446041067749,3189.8049678982543,中断,,124.80975148637447,122.0
Q2-022,leg2-cruise,3161.2074365537146,3168.2529015203413,直连,,121.0260396787298,122.0
Q2-016,leg2-cruise,3165.658161726368,3173.022078575187,直连,,104.19932554901845,122.0
Q2-022,leg2-cruise,3168.2529015203413,3175.298366486968,直连,,120.81760099055668,122.0
Q2-016,leg2-cruise,3173.022078575187,3180.385995424007,直连,,103.58683798670098,122.0
Q2-022,leg2-cruise,3175.298366486968,3182.3438314535947,直连,,120.60412556639085,122.0
Q2-016,leg2-cruise,3180.385995424007,3187.7499122728264,直连,,102.92858333751072,122.0
Q2-022,leg2-cruise,3182.3438314535947,3189.3892964202214,直连,,120.38536870821525,122.0
Q2-009,S013-handoff,3185.993882898844,3215.993882898844,中断,,123.77442449618124,122.0
Q2-016,leg2-cruise,3187.7499122728264,3195.1138291216457,直连,,102.21730630539683,122.0
Q2-022,leg2-cruise,3189.3892964202214,3196.4347613868485,直连,,110.16106784290864,122.0
Q2-008,S013-handoff,3189.7704824061097,3219.7704824061097,中断,,123.77442449618124,122.0
Q2-024,leg1-cruise,3189.8049678982543,3219.1638947287597,中断,,125.35155474840843,122.0
Q2-016,leg2-cruise,3195.1138291216457,3202.4777459704655,直连,,101.44392292442356,122.0
Q2-022,leg2-cruise,3196.4347613868485,3203.4802263534752,直连,,109.93094078509611,122.0
Q2-016,leg2-cruise,3202.4777459704655,3209.8416628192854,直连,,100.5968722265937,122.0
Q2-022,leg2-cruise,3203.4802263534752,3210.525691320102,直连,,109.69468379107474,122.0
Q2-016,leg2-cruise,3209.8416628192854,3217.2055796681047,直连,,99.66116907028865,122.0
Q2-022,leg2-cruise,3210.525691320102,3217.571156286729,直连,,109.45196937434196,122.0
Q2-009,S013-handoff,3215.993882898844,3245.993882898844,中断,,123.77442449618124,122.0
Q2-016,leg2-cruise,3217.2055796681047,3224.569496516924,直连,,98.61699315921655,122.0
Q2-022,leg2-cruise,3217.571156286729,3224.616621253356,直连,,109.20244384874292,122.0
Q2-024,leg1-cruise,3219.1638947287597,3248.522821559265,中断,,125.86159548699494,122.0
Q2-008,S013-handoff,3219.7704824061097,3249.7704824061097,中断,,123.77442449618124,122.0
Q2-016,leg2-cruise,3224.569496516924,3231.933413365744,直连,,97.43755806937065,122.0
Q2-022,leg2-cruise,3224.616621253356,3238.707551186609,直连,,108.94572455977465,122.0
Q2-016,leg2-cruise,3231.933413365744,3239.2973302145633,直连,,96.08590928293201,122.0
Q2-022,leg2-cruise,3238.707551186609,3245.753016153236,直连,,108.4090100659485,122.0
Q2-016,leg2-cruise,3239.2973302145633,3246.6612470633827,直连,,94.5104346461299,122.0
Q2-017,leg1-climb,3240.0468857860715,3269.9773237743525,直连,,64.8717205210828,122.0
Q2-022,leg2-cruise,3245.753016153236,3252.798481119863,直连,,108.1280744658878,122.0
Q2-009,S013-handoff,3245.993882898844,3275.993882898844,中断,,123.77442449618124,122.0
Q2-016,leg2-cruise,3246.6612470633827,3254.0251639122025,直连,,92.64063637743337,122.0
Q2-024,leg1-cruise,3248.522821559265,3277.8817483897706,中断,,126.34338598447562,122.0
Q2-008,S013-handoff,3249.7704824061097,3279.7704824061097,中断,,123.77442449618124,122.0
Q2-022,leg2-cruise,3252.798481119863,3259.8439460864897,直连,,107.83805575883156,122.0
Q2-016,leg2-cruise,3254.0251639122025,3261.389080761022,直连,,90.39628647118346,122.0
Q2-022,leg2-cruise,3259.8439460864897,3266.8894110531164,直连,,107.53837039530987,122.0
Q2-016,leg2-cruise,3261.389080761022,3268.7529976098413,直连,,87.79136983392227,122.0
Q2-022,leg2-cruise,3266.8894110531164,3273.9348760197436,直连,,107.22837959992853,122.0
Q2-016,leg2-cruise,3268.7529976098413,3276.116914458661,直连,,85.49339966895623,122.0
Q2-017,leg1-climb,3269.9773237743525,3299.907761762634,直连,,79.35252996794097,122.0
Q2-022,leg2-cruise,3273.9348760197436,3280.9803409863703,直连,,106.90738268544895,122.0
Q2-009,leg2-climb,3275.993882898844,3291.821157475667,中断,,123.77631418571382,122.0
Q2-016,leg2-descent,3276.116914458661,3300.9557755426454,直连,,83.7974183655758,122.0
Q2-024,leg1-cruise,3277.8817483897706,3307.240675220276,中断,,126.79988722812429,122.0
Q2-008,leg2-climb,3279.7704824061097,3295.597756982933,中断,,123.77631418571382,122.0
Q2-022,leg2-cruise,3280.9803409863703,3295.0712709196237,直连,,106.57460944731608,122.0
Q2-009,leg2-cruise,3291.821157475667,3321.2072605054236,中断,,123.37550307246809,122.0
Q2-022,leg2-cruise,3295.0712709196237,3302.1167358862504,直连,,105.87025260433298,122.0
Q2-008,leg2-cruise,3295.597756982933,3324.9838600126895,中断,,123.37550307246809,122.0
Q2-017,leg1-climb,3299.907761762634,3329.838199750915,直连,,84.51194667897931,122.0
Q2-016,leg2-descent,3300.9557755426454,3325.7946366266297,直连,,80.41110451248773,122.0
Q2-022,leg2-cruise,3302.1167358862504,3309.1622008528775,直连,,105.49669739652353,122.0
Q2-024,leg1-cruise,3307.240675220276,3336.5996020507814,中断,,127.23361841161518,122.0
Q2-022,leg2-cruise,3309.1622008528775,3323.253130786131,直连,,105.10739927556388,122.0
Q2-009,leg2-cruise,3321.2072605054236,3350.59336353518,中断,,122.50906953113093,122.0
Q2-022,leg2-cruise,3323.253130786131,3330.298595752758,直连,,104.27634824969981,122.0
Q2-008,leg2-cruise,3324.9838600126895,3354.3699630424458,中断,,122.50906953113093,122.0
Q2-016,leg2-descent,3325.7946366266297,3350.6334977106144,直连,,74.78479741896626,122.0
Q2-017,leg1-climb,3329.838199750915,3359.7686377391965,直连,,87.72663096877889,122.0
Q2-022,leg2-cruise,3330.298595752758,3337.3440607193847,直连,,103.83161770114988,122.0
Q2-024,leg1-descent,3336.5996020507814,3363.2998010253905,中断,,127.44131589104262,122.0
Q2-022,leg2-cruise,3337.3440607193847,3351.4349906526386,直连,,103.36515854274396,122.0
Q2-009,leg2-cruise,3350.59336353518,3352.42999497454,中断,,122.01116462408243,122.0
Q2-016,leg2-descent,3350.6334977106144,3375.4723587945987,直连,,53.749087921888076,122.0
Q2-022,leg2-cruise,3351.4349906526386,3358.4804556192653,直连,,102.35918665539033,122.0
Q2-009,leg2-cruise,3352.42999497454,3357.9398892926192,直连,,121.95067340757079,122.0
Q2-008,leg2-cruise,3354.3699630424458,3356.206594481806,中断,,122.01116462408243,122.0
Q2-008,leg2-cruise,3356.206594481806,3358.0432259211657,直连,,121.95067340757079,122.0
Q2-009,leg2-cruise,3357.9398892926192,3365.286415050058,直连,,121.67314759846266,122.0
Q2-008,leg2-cruise,3358.0432259211657,3361.716488799885,直连,,121.85914250320519,122.0
Q2-022,leg2-cruise,3358.4804556192653,3365.525920585892,直连,,101.81526926615823,122.0
Q2-017,leg1-climb,3359.7686377391965,3389.6990757274775,直连,,90.06766405567055,122.0
Q2-008,leg2-cruise,3361.716488799885,3369.063014557324,直连,,121.67314759846266,122.0
Q2-024,leg1-descent,3363.2998010253905,3390.0,中断,,127.43921118416316,122.0
Q2-009,leg2-cruise,3365.286415050058,3372.632940807497,直连,,121.41882009684191,122.0
Q2-022,leg2-cruise,3365.525920585892,3372.571385552519,直连,,101.24084557411318,122.0
Q2-008,leg2-cruise,3369.063014557324,3376.409540314763,直连,,121.41882009684191,122.0
Q2-022,leg2-cruise,3372.571385552519,3379.616850519146,直连,,100.63337200200523,122.0
Q2-009,leg2-cruise,3372.632940807497,3379.9794665649365,直连,,121.15685650586548,122.0
Q2-008,leg2-cruise,3376.409540314763,3383.7560660722024,直连,,121.15685650586548,122.0
Q2-022,leg2-cruise,3379.616850519146,3386.6623154857725,直连,,99.99035815182249,122.0
Q2-009,leg2-cruise,3379.9794665649365,3387.325992322376,直连,,120.8867865149677,122.0
Q2-008,leg2-cruise,3383.7560660722024,3391.102591829642,直连,,120.8867865149677,122.0
Q2-022,leg2-cruise,3386.6623154857725,3393.7077804523997,直连,,99.30964204079234,122.0
Q2-009,leg2-cruise,3387.325992322376,3394.672518079815,直连,,120.60809523191814,122.0
Q2-017,leg1-cruise,3389.6990757274775,3396.5685119365494,直连,,91.12846436260772,122.0
Q2-024,S012-handoff,3390.0,3420.0,中断,,127.43842351040759,122.0
Q2-008,leg2-cruise,3391.102591829642,3398.4491175870808,直连,,120.60809523191814,122.0
Q2-022,leg2-cruise,3393.7077804523997,3400.7532454190264,直连,,98.58989654822166,122.0
Q2-009,leg2-cruise,3394.672518079815,3402.019043837254,直连,,120.32021740012007,122.0
Q2-017,leg1-cruise,3396.5685119365494,3403.4379481456212,直连,,91.79483859552911,122.0
Q2-008,leg2-cruise,3398.4491175870808,3405.7956433445197,直连,,120.32021740012007,122.0
Q2-022,leg2-cruise,3400.7532454190264,3407.798710385653,直连,,97.83153405377985,122.0
Q2-009,leg2-cruise,3402.019043837254,3409.365569594693,直连,,120.02253065364926,122.0
Q2-017,leg1-cruise,3403.4379481456212,3410.307384354693,直连,,92.88215138469582,122.0
Q2-008,leg2-cruise,3405.7956433445197,3413.142169101959,直连,,120.02253065364926,122.0
Q2-022,leg2-cruise,3407.798710385653,3414.84417535228,直连,,97.03827746287936,122.0
Q2-009,leg2-cruise,3409.365569594693,3416.7120953521326,直连,,119.71434761276325,122.0
Q2-017,leg1-cruise,3410.307384354693,3417.176820563765,直连,,94.12791594742276,122.0
Q2-008,leg2-cruise,3413.142169101959,3420.4886948593985,直连,,119.71434761276325,122.0
Q2-022,leg2-cruise,3414.84417535228,3421.889640318907,直连,,96.21978412923568,122.0
Q2-009,leg2-cruise,3416.7120953521326,3424.0586211095715,直连,,119.39490657436482,122.0
Q2-017,leg1-cruise,3417.176820563765,3424.0462567728373,直连,,95.37458003555794,122.0
Q2-024,S012-handoff,3420.0,3450.0,中断,,127.43842351040759,122.0
Q2-008,leg2-cruise,3420.4886948593985,3427.8352206168374,直连,,119.39490657436482,122.0
Q2-022,leg2-cruise,3421.889640318907,3428.9351052855336,直连,,95.39573725283024,122.0
Q2-017,leg1-cruise,3424.0462567728373,3430.915692981909,直连,,96.55362290746967,122.0
Q2-009,leg2-cruise,3424.0586211095715,3431.4051468670104,直连,,119.06336048963391,122.0
Q2-008,leg2-cruise,3427.8352206168374,3435.1817463742764,直连,,119.06336048963391,122.0
Q2-022,leg2-cruise,3428.9351052855336,3435.9805702521603,直连,,94.6013959118974,122.0
Q2-017,leg1-cruise,3430.915692981909,3437.785129190981,直连,,97.64367648121754,122.0
Q2-009,leg2-cruise,3431.4051468670104,3438.7516726244494,直连,,118.71876384025265,122.0
Q2-008,leg2-cruise,3435.1817463742764,3442.5282721317153,直连,,118.71876384025265,122.0
Q2-022,leg2-cruise,3435.9805702521603,3443.026035218787,直连,,93.89290636088653,122.0
Q2-017,leg1-cruise,3437.785129190981,3444.654565400053,直连,,98.64382183650096,122.0
Q2-009,leg2-cruise,3438.7516726244494,3446.0981983818883,直连,,118.36005691919878,122.0
Q2-008,leg2-cruise,3442.5282721317153,3449.8747978891543,直连,,118.36005691919878,122.0
Q2-022,leg2-cruise,3443.026035218787,3450.071500185414,直连,,93.34694751422165,122.0
Q2-017,leg1-cruise,3444.654565400053,3451.5240016091248,直连,,99.56078297735212,122.0
Q2-009,leg2-cruise,3446.0981983818883,3453.4447241393277,直连,,117.98604688306986,122.0
Q2-008,leg2-cruise,3449.8747978891543,3457.2213236465936,直连,,117.98604688306986,122.0
Q2-024,S012-handoff,3450.0,3480.0,中断,,127.43842351040759,122.0
Q2-022,leg2-cruise,3450.071500185414,3457.116965152041,直连,,93.0458684631835,122.0
Q2-017,leg1-cruise,3451.5240016091248,3458.3934378181966,直连,,100.40343182686162,122.0
Q2-009,leg2-cruise,3453.4447241393277,3460.791249896767,直连,,107.59538475797856,122.0
Q2-022,leg2-descent,3457.116965152041,3483.6453873060586,直连,,92.3328967381445,122.0
Q2-008,leg2-cruise,3457.2213236465936,3464.567849404033,直连,,107.59538475797856,122.0
Q2-017,leg1-cruise,3458.3934378181966,3465.2628740272685,直连,,101.18059717725313,122.0
Q2-009,leg2-cruise,3460.791249896767,3468.137775654206,直连,,107.18653733335034,122.0
Q2-008,leg2-cruise,3464.567849404033,3471.914375161472,直连,,107.18653733335034,122.0
Q2-017,leg1-cruise,3465.2628740272685,3472.1323102363403,直连,,101.90028517375197,122.0
Q2-009,leg2-cruise,3468.137775654206,3475.484301411645,直连,,106.75775254260782,122.0
Q2-008,leg2-cruise,3471.914375161472,3479.260900918911,直连,,106.75775254260782,122.0
Q2-017,leg1-cruise,3472.1323102363403,3479.001746445412,直连,,102.56948238164546,122.0
Q2-009,leg2-cruise,3475.484301411645,3482.830827169084,直连,,106.30701647155526,122.0
Q2-017,leg1-cruise,3479.001746445412,3485.871182654484,直连,,103.19418691935581,122.0
Q2-008,leg2-cruise,3479.260900918911,3486.60742667635,直连,,106.30701647155526,122.0
Q2-024,S012-handoff,3480.0,3510.0,中断,,127.43842351040759,122.0
Q2-009,leg2-cruise,3482.830827169084,3490.177352926523,直连,,105.83199950385041,122.0
Q2-022,leg2-descent,3483.6453873060586,3510.1738094600764,直连,,90.8047085154363,122.0
Q2-017,leg1-cruise,3485.871182654484,3492.740618863556,直连,,103.77951797654688,122.0
Q2-008,leg2-cruise,3486.60742667635,3493.953952433789,直连,,105.83199950385041,122.0
Q2-009,leg2-cruise,3490.177352926523,3497.5238786839623,直连,,105.32998823447899,122.0
Q2-017,leg1-cruise,3492.740618863556,3499.610055072628,直连,,104.32984200732105,122.0
Q2-008,leg2-cruise,3493.953952433789,3501.300478191228,直连,,105.32998823447899,122.0
Q2-009,leg2-cruise,3497.5238786839623,3504.8704044414017,直连,,104.79779854984865,122.0
Q2-017,leg1-cruise,3499.610055072628,3506.4794912816997,直连,,104.84889165923978,122.0
Q2-008,leg2-cruise,3501.300478191228,3508.6470039486676,直连,,104.79779854984865,122.0
Q2-009,leg2-cruise,3504.8704044414017,3512.2169301988406,直连,,104.2316635339487,122.0
Q2-017,leg1-cruise,3506.4794912816997,3513.3489274907715,直连,,105.33986958734364,122.0
Q2-008,leg2-cruise,3508.6470039486676,3515.9935297061065,直连,,104.2316635339487,122.0
Q2-024,S012-handoff,3510.0,3540.0,中断,,127.43842351040759,122.0
Q2-022,leg2-descent,3510.1738094600764,3536.702231614094,直连,,88.94900548627042,122.0
Q2-009,leg2-cruise,3512.2169301988406,3519.5634559562795,直连,,103.62708739726855,122.0
Q2-017,leg1-cruise,3513.3489274907715,3520.2183636998434,直连,,105.80553595557984,122.0
Q2-008,leg2-cruise,3515.9935297061065,3523.3400554635455,直连,,103.62708739726855,122.0
Q2-009,leg2-cruise,3519.5634559562795,3526.909981713719,直连,,102.97865314981631,122.0
Q2-017,leg1-cruise,3520.2183636998434,3527.0877999089157,直连,,106.24828097205068,122.0
Q2-008,leg2-cruise,3523.3400554635455,3530.686581220985,直连,,102.97865314981631,122.0
Q2-009,leg2-cruise,3526.909981713719,3534.2565074711583,直连,,102.27976691729492,122.0
Q2-017,leg1-cruise,3527.0877999089157,3533.9572361179876,直连,,106.67018458033839,122.0
Q2-008,leg2-cruise,3530.686581220985,3538.0331069784243,直连,,102.27976691729492,122.0
Q2-017,leg1-cruise,3533.9572361179876,3540.8266723270594,直连,,107.07306547472824,122.0
Q2-009,leg2-cruise,3534.2565074711583,3541.6030332285973,直连,,101.52231541091417,122.0
Q2-022,leg2-descent,3536.702231614094,3563.2306537681125,直连,,86.58600845751738,122.0
Q2-008,leg2-cruise,3538.0331069784243,3545.379632735863,直连,,101.52231541091417,122.0
Q2-024,S012-handoff,3540.0,3570.0,中断,,127.43842351040759,122.0
Q2-017,leg1-cruise,3540.8266723270594,3547.6961085361313,直连,,107.45852138073064,122.0
Q2-009,leg2-cruise,3541.6030332285973,3548.949558986036,直连,,100.69620561414166,122.0
Q2-008,leg2-cruise,3545.379632735863,3552.726158493302,直连,,100.69620561414166,122.0
Q2-017,leg1-cruise,3547.6961085361313,3554.565544745203,直连,,107.82796224117057,122.0
Q2-009,leg2-cruise,3548.949558986036,3556.2960847434756,直连,,99.7887505384926,122.0
Q2-008,leg2-cruise,3552.726158493302,3560.0726842507415,直连,,99.7887505384926,122.0
Q2-017,leg1-cruise,3554.565544745203,3561.4349809542755,直连,,108.18263765490084,122.0
Q2-009,leg2-cruise,3556.2960847434756,3563.642610500915,直连,,98.78387477615455,122.0
Q2-008,leg2-cruise,3560.0726842507415,3567.419210008181,直连,,98.78387477615455,122.0
Q2-017,leg1-cruise,3561.4349809542755,3568.3044171633474,直连,,108.52365965753467,122.0
Q2-022,leg2-descent,3563.2306537681125,3589.7590759221303,直连,,83.32953249622855,122.0
Q2-009,leg2-cruise,3563.642610500915,3570.989136258354,直连,,97.66118351825855,122.0
Q2-008,leg2-cruise,3567.419210008181,3574.76573576562,直连,,97.66118351825855,122.0
Q2-017,leg1-cruise,3568.3044171633474,3575.173853372419,直连,,108.85202171952827,122.0
Q2-024,S012-handoff,3570.0,3600.0,中断,,127.43842351040759,122.0
Q2-009,leg2-cruise,3570.989136258354,3578.335662015793,直连,,96.39522342811948,122.0
Q2-008,leg2-cruise,3574.76573576562,3582.112261523059,直连,,96.39522342811948,122.0
Q2-017,leg1-cruise,3575.173853372419,3582.043289581491,直连,,109.1686146625138,122.0
Q2-009,leg2-cruise,3578.335662015793,3585.682187773232,直连,,94.95630416339307,122.0
Q2-017,leg1-cruise,3582.043289581491,3588.912725790563,直连,,109.47424005558989,122.0
Q2-008,leg2-cruise,3582.112261523059,3589.4587872804977,直连,,94.95630416339307,122.0
Q2-009,leg2-cruise,3585.682187773232,3593.0287135306708,直连,,93.31796589983627,122.0
Q2-017,leg1-cruise,3588.912725790563,3595.782161999635,直连,,109.7696215421653,122.0
Q2-008,leg2-cruise,3589.4587872804977,3596.8053130379367,直连,,93.31796589983627,122.0
Q2-022,leg2-descent,3589.7590759221303,3616.287498076148,直连,,78.05955500626013,122.0
Q2-009,leg2-cruise,3593.0287135306708,3600.37523928811,直连,,91.4890325437802,122.0
Q2-017,leg1-cruise,3595.782161999635,3602.6515982087067,直连,,110.05541445996323,122.0
Q2-008,leg2-cruise,3596.8053130379367,3604.151838795376,直连,,91.4890325437802,122.0
Q2-024,leg2-climb,3600.0,3622.2501658121746,中断,,127.43921118416316,122.0
Q2-009,leg2-cruise,3600.37523928811,3607.7217650455495,直连,,89.62403895282462,122.0
Q2-017,leg1-cruise,3602.6515982087067,3609.5210344177785,直连,,110.33221404708222,122.0
Q2-008,leg2-cruise,3604.151838795376,3611.4983645528155,直连,,89.62403895282462,122.0
Q2-009,leg2-cruise,3607.7217650455495,3615.0682908029885,直连,,88.26800848551167,122.0
Q2-017,leg1-cruise,3609.5210344177785,3616.3904706268504,直连,,110.60056247138957,122.0
Q2-008,leg2-cruise,3611.4983645528155,3618.8448903102544,直连,,88.26800848551167,122.0
Q2-009,leg2-descent,3615.0682908029885,3642.2164731760354,直连,,86.80527066840577,122.0
Q2-022,leg2-descent,3616.287498076148,3642.815920230166,直连,,62.439690901486806,122.0
Q2-017,leg1-cruise,3616.3904706268504,3623.2599068359223,直连,,110.86095487654534,122.0
Q2-008,leg2-descent,3618.8448903102544,3645.9930726833013,直连,,86.80527066840577,122.0
Q2-024,leg2-climb,3622.2501658121746,3644.5003316243487,中断,,127.44131589104262,122.0
Q2-017,leg1-cruise,3623.2599068359223,3643.868215463138,直连,,111.1138446025109,122.0
Q2-009,leg2-descent,3642.2164731760354,3669.3646555490823,直连,,83.55727631665829,122.0
Q2-017,leg1-cruise,3643.868215463138,3650.7376516722097,直连,,111.83149503462059,122.0
Q2-024,leg2-cruise,3644.5003316243487,3673.859258454854,中断,,127.23361841161518,122.0
Q2-008,leg2-descent,3645.9930726833013,3673.141255056348,直连,,83.55727631665829,122.0
Q2-017,leg1-cruise,3650.7376516722097,3691.9542689266414,中断,,122.1694151469648,122.0
Q2-009,leg2-descent,3669.3646555490823,3696.512837922129,直连,,78.30989442848538,122.0
Q2-008,leg2-descent,3673.141255056348,3700.289437429395,直连,,78.30989442848538,122.0
Q2-024,leg2-cruise,3673.859258454854,3703.2181852853596,中断,,126.79988722812429,122.0
Q2-017,leg1-descent,3691.9542689266414,3717.509348068894,中断,,123.20627570162381,122.0
Q2-009,leg2-descent,3696.512837922129,3723.661020295176,直连,,62.93650638879564,122.0
Q2-008,leg2-descent,3700.289437429395,3727.437619802442,直连,,62.93650638879564,122.0
Q2-024,leg2-cruise,3703.2181852853596,3732.577112115865,中断,,126.34338598447562,122.0
Q2-017,leg1-descent,3717.509348068894,3743.0644272111467,中断,,123.19976070938588,122.0
Q2-024,leg2-cruise,3732.577112115865,3761.9360389463704,中断,,125.86159548699494,122.0
Q2-017,leg1-descent,3743.0644272111467,3768.619506353399,中断,,123.19433714530092,122.0
Q2-024,leg2-cruise,3761.9360389463704,3791.294965776876,中断,,125.35155474840843,122.0
Q2-017,S007-handoff,3768.619506353399,3797.4195063533994,中断,,123.19203596345481,122.0
Q2-024,leg2-cruise,3791.294965776876,3820.6538926073813,中断,,124.80975148637447,122.0
Q2-017,S007-handoff,3797.4195063533994,3826.219506353399,中断,,123.19203596345481,122.0
Q2-024,leg2-cruise,3820.6538926073813,3850.0128194378867,中断,,124.23197653808352,122.0
Q2-017,S007-handoff,3826.219506353399,3855.0195063533993,中断,,123.19203596345481,122.0
Q2-024,leg2-cruise,3850.0128194378867,3879.371746268392,中断,,123.61312695681455,122.0
Q2-017,S007-handoff,3855.0195063533993,3883.819506353399,中断,,123.19203596345481,122.0
Q2-021,leg1-climb,3855.472358794599,3879.639592681318,直连,,60.233924949293225,122.0
Q2-024,leg2-cruise,3879.371746268392,3908.7306730988976,中断,,122.94693451133281,122.0
Q2-021,leg1-climb,3879.639592681318,3903.8068265680367,直连,,77.03365564741462,122.0
Q2-017,S007-handoff,3883.819506353399,3912.619506353399,中断,,123.19203596345481,122.0
Q2-021,leg1-climb,3903.8068265680367,3927.9740604547555,直连,,82.40264797547303,122.0
Q2-024,leg2-cruise,3908.7306730988976,3938.089599929403,中断,,122.2255830336592,122.0
Q2-017,S007-handoff,3912.619506353399,3941.4195063533994,中断,,123.19203596345481,122.0
Q2-021,leg1-cruise,3927.9740604547555,3942.553037941694,直连,,84.6770168756782,122.0
Q2-024,leg2-cruise,3938.089599929403,3945.4293316370295,直连,,121.74243123367319,122.0
Q2-017,S007-handoff,3941.4195063533994,3970.219506353399,中断,,123.19203596345481,122.0
Q2-021,leg1-cruise,3942.553037941694,3949.8425266851636,直连,,90.08586240742683,122.0
Q2-024,leg2-cruise,3945.4293316370295,3952.7690633446555,直连,,121.5414226346888,122.0
Q2-021,leg1-cruise,3949.8425266851636,3957.132015428633,直连,,92.42136242188482,122.0
Q2-024,leg2-cruise,3952.7690633446555,3960.108795052282,直连,,121.33567598703338,122.0
Q2-021,leg1-cruise,3957.132015428633,3964.4215041721027,直连,,94.33754694349122,122.0
Q2-024,leg2-cruise,3960.108795052282,3967.4485267599084,直连,,121.12496379005108,122.0
Q2-021,leg1-cruise,3964.4215041721027,3971.710992915572,直连,,95.93903044725037,122.0
Q2-024,leg2-cruise,3967.4485267599084,3974.788258467535,直连,,120.90904185327588,122.0
Q2-017,S007-handoff,3970.219506353399,3999.0195063533993,中断,,123.19203596345481,122.0
Q2-021,leg1-cruise,3971.710992915572,3979.0004816590417,直连,,97.30650819618532,122.0
Q2-024,leg2-cruise,3974.788258467535,3982.1279901751614,直连,,120.68764763372279,122.0
Q2-021,leg1-cruise,3979.0004816590417,3986.289970402511,直连,,98.49622160814629,122.0
Q2-024,leg2-cruise,3982.1279901751614,3989.4677218827874,直连,,120.46049836238748,122.0
Q2-021,leg1-cruise,3986.289970402511,3993.57945914598,直连,,99.54742184672878,122.0
Q2-024,leg2-cruise,3989.4677218827874,3996.807453590414,直连,,110.22728892724159,122.0
Q2-021,leg1-cruise,3993.57945914598,4000.8689478894494,直连,,100.48812606457012,122.0
Q2-024,leg2-cruise,3996.807453590414,4004.1471852980403,直连,,109.98768947414658,122.0
Q2-017,S007-handoff,3999.0195063533993,4027.819506353399,中断,,123.19203596345481,122.0
Q2-021,leg1-cruise,4000.8689478894494,4008.158436632919,直连,,101.33885787199942,122.0
Q2-024,leg2-cruise,4004.1471852980403,4011.4869170056663,直连,,109.7413426796983,122.0
Q2-021,leg1-cruise,4008.158436632919,4015.447925376388,直连,,102.11502637908892,122.0
Q2-024,leg2-cruise,4011.4869170056663,4018.826648713293,直连,,109.48786064123765,122.0
Q2-021,leg1-cruise,4015.447925376388,4022.737414119857,直连,,102.82845981058139,122.0
Q2-024,leg2-cruise,4018.826648713293,4026.1663804209193,直连,,109.22682131840835,122.0
Q2-021,leg1-cruise,4022.737414119857,4030.0269028633265,直连,,103.48841708837786,122.0
Q2-024,leg2-cruise,4026.1663804209193,4033.5061121285457,直连,,108.95776444721754,122.0
Q2-017,S007-handoff,4027.819506353399,4056.619506353399,中断,,123.19203596345481,122.0
Q2-021,leg1-cruise,4030.0269028633265,4037.316391606796,直连,,104.10227179575791,122.0
Q2-024,leg2-cruise,4033.5061121285457,4040.845843836172,直连,,108.68018683114279,122.0
Q2-021,leg1-cruise,4037.316391606796,4044.6058803502656,直连,,104.67598581219167,122.0
Q2-024,leg2-cruise,4040.845843836172,4048.185575543798,直连,,108.39353689331297,122.0
Q2-021,leg1-cruise,4044.6058803502656,4051.895369093735,直连,,105.21444465173543,122.0
Q2-024,leg2-cruise,4048.185575543798,4055.5253072514247,直连,,108.09720834824469,122.0
Q2-021,leg1-cruise,4051.895369093735,4059.1848578372046,直连,,105.72169974110764,122.0
Q2-011,leg1-climb,4053.661020295176,4079.3223982655536,直连,,65.39393397923978,122.0
Q2-024,leg2-cruise,4055.5253072514247,4062.865038959051,直连,,107.79053281952154,122.0
Q2-017,leg2-climb,4056.619506353399,4077.063569667201,中断,,123.19433714530092,122.0
Q2-021,leg1-cruise,4059.1848578372046,4066.474346580674,直连,,106.20114670706145,122.0
Q2-024,leg2-cruise,4062.865038959051,4070.204770666677,直连,,107.47277118937633,122.0
Q2-021,leg1-cruise,4066.474346580674,4073.763835324143,直连,,106.65565877521016,122.0
Q2-024,leg2-cruise,4070.204770666677,4077.5445023743036,直连,,107.14310341485864,122.0
Q2-021,leg1-cruise,4073.763835324143,4081.0533240676123,直连,,107.08768809893576,122.0
Q2-017,leg2-climb,4077.063569667201,4097.507632981004,中断,,123.19976070938588,122.0
Q2-024,leg2-cruise,4077.5445023743036,4084.88423408193,直连,,106.80061647989389,122.0
Q2-011,leg1-climb,4079.3223982655536,4104.983776235931,直连,,79.65212742394806,122.0
Q2-021,leg1-cruise,4081.0533240676123,4088.342812811082,直连,,117.49934378998849,122.0
Q2-024,leg2-cruise,4084.88423408193,4092.2239657895566,直连,,106.44429006871172,122.0
Q2-021,leg1-cruise,4088.342812811082,4095.6323015545513,直连,,117.89245276218286,122.0
Q2-024,leg2-cruise,4092.2239657895566,4099.563697497183,直连,,106.07297943827106,122.0
Q2-021,leg1-cruise,4095.6323015545513,4102.921790298021,直连,,118.26860771760582,122.0
Q2-017,leg2-climb,4097.507632981004,4117.9516962948055,中断,,123.20627570162381,122.0
Q2-024,leg2-cruise,4099.563697497183,4106.903429204809,直连,,105.68539482776018,122.0
Q2-021,leg1-cruise,4102.921790298021,4110.21127904149,直连,,118.62920538962655,122.0
Q2-011,leg1-climb,4104.983776235931,4130.645154206309,直连,,84.7880093304804,122.0
Q2-024,leg2-cruise,4106.903429204809,4114.243160912436,直连,,105.28007656187509,122.0
Q2-021,leg1-cruise,4110.21127904149,4117.500767784959,直连,,118.97547731479243,122.0
Q2-024,leg2-cruise,4114.243160912436,4121.582892620062,直连,,104.85536476882662,122.0
Q2-021,leg1-cruise,4117.500767784959,4124.7902565284285,直连,,119.30851481304526,122.0
Q2-017,leg2-cruise,4117.9516962948055,4145.429441131093,中断,,122.80846275984176,122.0
Q2-024,leg2-cruise,4121.582892620062,4128.922624327688,直连,,104.40936232679813,122.0
Q2-021,leg1-cruise,4124.7902565284285,4132.079745271898,直连,,119.62928943264967,122.0
Q2-024,leg2-cruise,4128.922624327688,4136.262356035315,直连,,103.93988925428664,122.0
Q2-011,leg1-climb,4130.645154206309,4156.306532176686,直连,,87.99370239644942,122.0
Q2-021,leg1-cruise,4132.079745271898,4139.3692340153675,直连,,119.93866981040026,122.0
Q2-024,leg2-cruise,4136.262356035315,4143.602087742941,直连,,103.44442624754934,122.0
Q2-021,leg1-cruise,4139.3692340153675,4146.658722758837,直连,,120.23743567367407,122.0
Q2-024,leg2-cruise,4143.602087742941,4150.941819450567,直连,,102.92004442430195,122.0
Q2-017,leg2-cruise,4145.429441131093,4159.168313549237,中断,,122.1694151469648,122.0
Q2-021,leg1-cruise,4146.658722758837,4153.948211502307,直连,,120.52628954525858,122.0
Q2-024,leg2-cruise,4150.941819450567,4158.281551158194,直连,,102.36331755601434,122.0
Q2-021,leg1-cruise,4153.948211502307,4161.237700245776,直连,,120.80586658775456,122.0
Q2-011,leg1-cruise,4156.306532176686,4163.546592633687,直连,,89.39194186901106,122.0
Q2-024,leg2-cruise,4158.281551158194,4165.62128286582,直连,,101.77021222165459,122.0
Q2-017,leg2-cruise,4159.168313549237,4166.037749758309,直连,,111.83149503462059,122.0
Q2-021,leg1-cruise,4161.237700245776,4168.527188989246,直连,,121.07674293069738,122.0
Q2-011,leg1-cruise,4163.546592633687,4170.786653090689,直连,,90.44623323823467,122.0
Q2-024,leg2-cruise,4165.62128286582,4172.961014573446,直连,,101.13595060798879,122.0
Q2-017,leg2-cruise,4166.037749758309,4172.90718596738,直连,,111.59874691765721,122.0
Q2-021,leg1-cruise,4168.527188989246,4175.816677732715,直连,,121.33944275206429,122.0
Q2-011,leg1-cruise,4170.786653090689,4178.02671354769,直连,,92.00286848056923,122.0
Q2-017,leg2-cruise,4172.90718596738,4179.776622176452,直连,,111.35964771028287,122.0
Q2-024,leg2-cruise,4172.961014573446,4180.300746281073,直连,,100.45484073015555,122.0
Q2-021,leg1-cruise,4175.816677732715,4183.106166476184,直连,,121.59444433081192,122.0
Q2-011,leg1-cruise,4178.02671354769,4185.266774004692,直连,,93.62205152139626,122.0
Q2-017,leg2-cruise,4179.776622176452,4186.646058385524,直连,,111.1138446025109,122.0
Q2-024,leg2-cruise,4180.300746281073,4187.640477988699,直连,,99.72007125269687,122.0
Q2-021,leg1-cruise,4183.106166476184,4190.395655219653,直连,,121.8421852444877,122.0
Q2-011,leg1-cruise,4185.266774004692,4192.506834461694,直连,,95.12948231252956,122.0
Q2-017,leg2-cruise,4186.646058385524,4193.515494594596,直连,,110.86095487654534,122.0
Q2-024,leg2-cruise,4187.640477988699,4194.980209696325,直连,,98.92347693042164,122.0
Q2-021,leg1-cruise,4190.395655219653,4219.55361019353,中断,,122.4323273077502,122.0
Q2-011,leg1-cruise,4192.506834461694,4199.746894918695,直连,,96.48583182555407,122.0
Q2-017,leg2-cruise,4193.515494594596,4200.384930803669,直连,,110.60056247138957,122.0
Q2-024,leg2-cruise,4194.980209696325,4202.319941403952,直连,,98.05530629257687,122.0
Q2-011,leg1-cruise,4199.746894918695,4206.986955375696,直连,,97.69779974021557,122.0
Q2-017,leg2-cruise,4200.384930803669,4207.254367012741,直连,,110.33221404708222,122.0
Q2-024,leg2-cruise,4202.319941403952,4209.659673111579,直连,,97.10409204627939,122.0
Q2-011,leg1-cruise,4206.986955375696,4214.227015832698,直连,,98.78376870259565,122.0
Q2-017,leg2-cruise,4207.254367012741,4214.1238032218125,直连,,110.05541445996323,122.0
Q2-024,leg2-cruise,4209.659673111579,4216.999404819205,直连,,96.05690571643551,122.0
Q2-017,leg2-cruise,4214.1238032218125,4220.993239430884,直连,,109.7696215421653,122.0
Q2-011,leg1-cruise,4214.227015832698,4221.4670762897,直连,,99.76274614969151,122.0
Q2-024,leg2-cruise,4216.999404819205,4224.339136526831,直连,,94.90075237605778,122.0
Q2-021,leg1-cruise,4219.55361019353,4248.7115651674085,中断,,123.30043920099841,122.0
Q2-017,leg2-cruise,4220.993239430884,4227.862675639956,直连,,109.47424005558989,122.0
Q2-011,leg1-cruise,4221.4670762897,4228.7071367467015,直连,,100.65134748546947,122.0
Q2-024,leg2-cruise,4224.339136526831,4231.678868234458,直连,,93.62709525680187,122.0
Q2-017,leg2-cruise,4227.862675639956,4234.732111849028,直连,,109.16861466251004,122.0
Q2-011,leg1-cruise,4228.7071367467015,4235.947197203703,直连,,101.46335113421377,122.0
Q2-024,leg2-cruise,4231.678868234458,4239.018599942084,直连,,92.2445590124635,122.0
Q2-017,leg2-cruise,4234.732111849028,4241.6015480581,直连,,108.85202171952827,122.0
Q2-011,leg1-cruise,4235.947197203703,4243.187257660704,直连,,102.20999714253864,122.0
Q2-024,leg2-cruise,4239.018599942084,4246.35833164971,直连,,90.81103622790252,122.0
Q2-017,leg2-cruise,4241.6015480581,4248.470984267172,直连,,108.52365965753467,122.0
Q2-011,leg1-cruise,4243.187257660704,4250.427318117705,直连,,102.9004362684051,122.0
Q2-024,leg2-cruise,4246.35833164971,4253.698063357337,直连,,89.49911884025818,122.0
Q2-017,leg2-cruise,4248.470984267172,4255.340420476244,直连,,108.18263765490084,122.0
Q2-021,leg1-cruise,4248.7115651674085,4277.869520141286,中断,,124.08970328136033,122.0
Q2-011,leg1-cruise,4250.427318117705,4257.667378574706,直连,,103.54214952944815,122.0
Q2-024,leg2-cruise,4253.698063357337,4261.037795064963,直连,,88.65662310523668,122.0
Q2-017,leg2-cruise,4255.340420476244,4262.209856685316,直连,,107.82796224117057,122.0
Q2-011,leg1-cruise,4257.667378574706,4264.907439031707,直连,,104.14129502797165,122.0
Q2-024,leg2-descent,4261.037795064963,4289.5978945522675,直连,,87.28503714858462,122.0
Q2-017,leg2-cruise,4262.209856685316,4269.079292894387,直连,,107.45852138073064,122.0
Q2-011,leg1-cruise,4264.907439031707,4272.147499488709,直连,,104.70298216653238,122.0
Q2-017,leg2-cruise,4269.079292894387,4275.948729103459,直连,,107.07306547472824,122.0
Q2-011,leg1-cruise,4272.147499488709,4279.3875599457115,直连,,105.23148496094174,122.0
Q2-017,leg2-cruise,4275.948729103459,4282.818165312531,直连,,106.67018458033839,122.0
Q2-021,leg1-cruise,4277.869520141286,4307.027475115163,中断,,124.81324472148223,122.0
Q2-011,leg1-cruise,4279.3875599457115,4286.627620402713,直连,,115.73040735774256,122.0
Q2-017,leg2-cruise,4282.818165312531,4289.687601521603,直连,,106.24828097205068,122.0
Q2-011,leg1-cruise,4286.627620402713,4293.867680859714,直连,,116.20281165311438,122.0
Q2-024,leg2-descent,4289.5978945522675,4318.157994039572,直连,,84.05484423999413,122.0
Q2-017,leg2-cruise,4289.687601521603,4296.557037730675,直连,,105.80553595557984,122.0
Q2-011,leg1-cruise,4293.867680859714,4301.107741316716,直连,,116.65131878546691,122.0
Q2-017,leg2-cruise,4296.557037730675,4303.426473939747,直连,,105.33986958734364,122.0
Q2-011,leg1-cruise,4301.107741316716,4308.347801773718,直连,,117.07818720155561,122.0
Q2-017,leg2-cruise,4303.426473939747,4310.295910148819,直连,,104.8488916592459,122.0
Q2-021,leg1-cruise,4307.027475115163,4336.185430089041,中断,,125.48116424033829,122.0
Q2-011,leg1-cruise,4308.347801773718,4315.587862230719,直连,,117.48537534257571,122.0
Q2-017,leg2-cruise,4310.295910148819,4317.1653463578905,直连,,104.32984200732105,122.0
Q2-011,leg1-cruise,4315.587862230719,4322.82792268772,直连,,117.87459153688421,122.0
Q2-017,leg2-cruise,4317.1653463578905,4324.034782566962,直连,,103.77951797654688,122.0
Q2-024,leg2-descent,4318.157994039572,4346.718093526877,直连,,78.85462513877262,122.0
Q2-011,leg1-cruise,4322.82792268772,4330.067983144721,直连,,118.24733414483437,122.0
Q2-017,leg2-cruise,4324.034782566962,4330.904218776034,直连,,103.19418691935581,122.0
Q2-011,leg1-cruise,4330.067983144721,4337.308043601723,直连,,118.60492410284922,122.0
Q2-017,leg2-cruise,4330.904218776034,4337.773654985106,直连,,102.56948238164546,122.0
Q2-021,leg1-cruise,4336.185430089041,4365.343385062918,中断,,126.10140080646852,122.0
Q2-011,leg1-cruise,4337.308043601723,4344.548104058725,直连,,118.94853149666318,122.0
Q2-017,leg2-cruise,4337.773654985106,4344.643091194179,直连,,101.90028517375197,122.0
Q2-011,leg1-cruise,4344.548104058725,4351.788164515727,直连,,119.27919740909209,122.0
Q2-017,leg2-cruise,4344.643091194179,4351.512527403251,直连,,101.18059717725313,122.0
Q2-024,leg2-descent,4346.718093526877,4375.278193014182,直连,,63.972286682760625,122.0
Q2-017,leg2-cruise,4351.512527403251,4358.381963612323,直连,,100.40343182686162,122.0
Q2-011,leg1-cruise,4351.788164515727,4359.028224972728,直连,,119.59785200085452,122.0
Q2-017,leg2-cruise,4358.381963612323,4365.251399821394,直连,,99.56078297735212,122.0
Q2-011,leg1-cruise,4359.028224972728,4366.268285429729,直连,,119.90532956728042,122.0
Q2-017,leg2-cruise,4365.251399821394,4372.120836030466,直连,,98.64382183650096,122.0
Q2-021,leg1-cruise,4365.343385062918,4394.501340036796,中断,,126.68030729152014,122.0
Q2-011,leg1-cruise,4366.268285429729,4373.50834588673,直连,,120.20238115081054,122.0
Q2-017,leg2-cruise,4372.120836030466,4378.990272239538,直连,,97.64367648121754,122.0
Q2-011,leg1-cruise,4373.50834588673,4380.748406343731,直连,,120.48968516527343,122.0
Q2-017,leg2-cruise,4378.990272239538,4385.85970844861,直连,,96.5536229074559,122.0
Q2-011,leg1-cruise,4380.748406343731,4387.9884668007335,直连,,120.76785639275977,122.0
Q2-017,leg2-cruise,4385.85970844861,4392.729144657682,直连,,95.37458003555794,122.0
Q2-011,leg1-cruise,4387.9884668007335,4395.228527257736,直连,,121.03745364057127,122.0
Q2-017,leg2-cruise,4392.729144657682,4399.598580866754,直连,,94.12791594742276,122.0
Q2-021,leg1-cruise,4394.501340036796,4423.659295010673,中断,,127.22304651057287,122.0
Q2-011,leg1-cruise,4395.228527257736,4402.468587714737,直连,,121.29898628882435,122.0
Q2-017,leg2-cruise,4399.598580866754,4406.468017075826,直连,,92.88215138469582,122.0
Q2-011,leg1-cruise,4402.468587714737,4409.708648171738,直连,,121.5529199146241,122.0
Q2-017,leg2-cruise,4406.468017075826,4413.3374532848975,直连,,91.79483859552911,122.0
Q2-011,leg1-cruise,4409.708648171738,4416.948708628739,直连,,121.79968114364524,122.0
Q2-017,leg2-cruise,4413.3374532848975,4420.206889493969,直连,,91.12846436260772,122.0
Q2-011,leg1-cruise,4416.948708628739,4445.9089504567455,中断,,122.38770093758527,122.0
Q2-017,leg2-descent,4420.206889493969,4446.930494840649,直连,,90.35598058117596,122.0
Q2-021,leg1-descent,4423.659295010673,4446.022858548271,中断,,127.48168482894788,122.0
Q2-011,leg1-cruise,4445.9089504567455,4474.869192284751,中断,,123.25316677103625,122.0
Q2-021,leg1-descent,4446.022858548271,4468.386422085869,中断,,127.48086616195124,122.0
Q2-017,leg2-descent,4446.930494840649,4473.654100187328,直连,,88.80795716767904,122.0
Q2-021,S002-handoff,4468.386422085869,4496.672136371583,中断,,127.4805746284193,122.0
Q2-017,leg2-descent,4473.654100187328,4500.377705534008,直连,,86.92288705019888,122.0
Q2-011,leg1-descent,4474.869192284751,4508.483806542564,中断,,123.65347814295185,122.0
Q2-021,S002-handoff,4496.672136371583,4524.957850657297,中断,,127.4805746284193,122.0
Q2-017,leg2-descent,4500.377705534008,4527.101310880688,直连,,84.51194667897934,122.0
Q2-027,leg1-climb,4501.047913083215,4523.592843604862,直连,,62.862748786345854,122.0
Q2-011,S010-handoff,4508.483806542564,4538.483806542564,中断,,123.64784784212937,122.0
Q2-027,leg1-climb,4523.592843604862,4546.137774126509,直连,,78.2722798643738,122.0
Q2-021,S002-handoff,4524.957850657297,4553.243564943012,中断,,127.4805746284193,122.0
Q2-017,leg2-descent,4527.101310880688,4553.824916227368,直连,,81.16316968175643,122.0
Q2-011,S010-handoff,4538.483806542564,4568.483806542564,中断,,123.64784784212937,122.0
Q2-027,leg1-climb,4546.137774126509,4568.682704648156,直连,,83.52301912066886,122.0
Q2-021,S002-handoff,4553.243564943012,4581.5292792287255,中断,,127.4805746284193,122.0
Q2-017,leg2-descent,4553.824916227368,4580.548521574047,直连,,75.64194286339453,122.0
Q2-011,S010-handoff,4568.483806542564,4598.483806542564,中断,,123.64784784212937,122.0
Q2-027,leg1-climb,4568.682704648156,4591.227635169803,直连,,86.77227563314872,122.0
Q2-026,leg1-climb,4577.909118925665,4605.1546002895975,直连,,66.44393381693273,122.0
Q2-017,leg2-descent,4580.548521574047,4607.272126920727,直连,,56.606269111647954,122.0
Q2-021,S002-handoff,4581.5292792287255,4609.81499351444,中断,,127.4805746284193,122.0
Q2-027,leg1-cruise,4591.227635169803,4598.562542784861,直连,,88.16371831764141,122.0
Q2-011,S010-handoff,4598.483806542564,4628.483806542564,中断,,123.64784784212937,122.0
Q2-027,leg1-cruise,4598.562542784861,4605.89745039992,直连,,89.09604638967483,122.0
Q2-026,leg1-climb,4605.1546002895975,4632.40008165353,直连,,80.27756706568827,122.0
Q2-027,leg1-cruise,4605.89745039992,4613.232358014978,直连,,90.5149166233301,122.0
Q2-021,S002-handoff,4609.81499351444,4638.100707800154,中断,,127.4805746284193,122.0
Q2-027,leg1-cruise,4613.232358014978,4635.237080860153,直连,,92.03185451219923,122.0
Q2-011,S010-handoff,4628.483806542564,4658.483806542564,中断,,123.64784784212937,122.0
Q2-026,leg1-climb,4632.40008165353,4659.645563017462,直连,,85.36666880989418,122.0
Q2-027,leg1-cruise,4635.237080860153,4642.571988475211,直连,,95.96593784554342,122.0
Q2-021,S002-handoff,4638.100707800154,4666.386422085869,中断,,127.4805746284193,122.0
Q2-027,leg1-cruise,4642.571988475211,4664.576711320386,直连,,97.03138901875042,122.0
Q2-011,S010-handoff,4658.483806542564,4688.483806542564,中断,,123.64784784212937,122.0
Q2-026,leg1-cruise,4659.645563017462,4666.991100322651,直连,,87.26917733613715,122.0
Q2-027,leg1-cruise,4664.576711320386,4671.9116189354445,直连,,99.67752082588365,122.0
Q2-021,S002-handoff,4666.386422085869,4694.672136371583,中断,,127.4805746284193,122.0
Q2-026,leg1-cruise,4666.991100322651,4674.336637627839,直连,,88.39218051691435,122.0
Q2-027,leg1-cruise,4671.9116189354445,4679.2465265505025,直连,,100.41795006717385,122.0
Q2-026,leg1-cruise,4674.336637627839,4681.682174933027,直连,,90.02291990533368,122.0
Q2-027,leg1-cruise,4679.2465265505025,4686.5814341655605,直连,,101.10351326258584,122.0
Q2-026,leg1-cruise,4681.682174933027,4689.027712238216,直连,,91.6948303009745,122.0
Q2-027,leg1-cruise,4686.5814341655605,4693.916341780619,直连,,101.74133717800996,122.0
Q2-011,leg2-climb,4688.483806542564,4716.495985090741,中断,,123.65143473071883,122.0
Q2-026,leg1-cruise,4689.027712238216,4696.373249543404,直连,,93.2361469434017,122.0
Q2-027,leg1-cruise,4693.916341780619,4701.251249395678,直连,,102.33733395118718,122.0
Q2-021,S002-handoff,4694.672136371583,4722.957850657297,中断,,127.4805746284193,122.0
Q2-026,leg1-cruise,4696.373249543404,4703.718786848593,直连,,94.61426439312991,122.0
Q2-027,leg1-cruise,4701.251249395678,4708.586157010736,直连,,102.89643835137167,122.0
Q2-026,leg1-cruise,4703.718786848593,4711.064324153781,直连,,95.84063440956908,122.0
Q2-027,leg1-cruise,4708.586157010736,4715.921064625794,直连,,103.42279788484709,122.0
Q2-026,leg1-cruise,4711.064324153781,4718.409861458969,直连,,96.93647650002659,122.0
Q2-027,leg1-cruise,4715.921064625794,4723.255972240853,直连,,103.9199231722805,122.0
Q2-011,leg2-cruise,4716.495985090741,4745.456226918746,中断,,123.25316677103625,122.0
Q2-026,leg1-cruise,4718.409861458969,4725.755398764158,直连,,97.92245597081663,122.0
Q2-021,S002-handoff,4722.957850657297,4751.243564943012,中断,,127.4805746284193,122.0
Q2-027,leg1-cruise,4723.255972240853,4730.590879855911,直连,,104.39080652556959,122.0
Q2-026,leg1-cruise,4725.755398764158,4733.100936069346,直连,,98.81617597310651,122.0
Q2-027,leg1-cruise,4730.590879855911,4737.925787470969,直连,,104.83801561769855,122.0
Q2-026,leg1-cruise,4733.100936069346,4740.446473374534,直连,,99.63202185302359,122.0
Q2-027,leg1-cruise,4737.925787470969,4745.260695086028,直连,,105.26376780461088,122.0
Q2-026,leg1-cruise,4740.446473374534,4747.792010679723,直连,,100.38161897511542,122.0
Q2-027,leg1-cruise,4745.260695086028,4752.595602701086,直连,,105.66998943690987,122.0
Q2-011,leg2-cruise,4745.456226918746,4774.416468746753,中断,,122.38770093758527,122.0
Q2-026,leg1-cruise,4747.792010679723,4755.137547984911,直连,,101.07437047219832,122.0
Q2-021,S002-handoff,4751.243564943012,4779.5292792287255,中断,,127.4805746284193,122.0
Q2-027,leg1-cruise,4752.595602701086,4759.930510316144,直连,,106.05836349841893,122.0
Q2-026,leg1-cruise,4755.137547984911,4762.4830852901,直连,,101.71792745455387,122.0
Q2-027,leg1-cruise,4759.930510316144,4767.265417931203,直连,,106.43036812584877,122.0
Q2-026,leg1-cruise,4762.4830852901,4769.828622595287,直连,,102.31856565616066,122.0
Q2-027,leg1-cruise,4767.265417931203,4774.600325546261,直连,,106.78730796481511,122.0
Q2-026,leg1-cruise,4769.828622595287,4777.174159900475,直连,,102.881477734479,122.0
Q2-011,leg2-cruise,4774.416468746753,4781.656529203754,直连,,121.79968114364524,122.0
Q2-027,leg1-cruise,4774.600325546261,4781.935233161319,直连,,107.13033986327711,122.0
Q2-026,leg1-cruise,4777.174159900475,4784.519697205664,直连,,103.41099786429321,122.0
Q2-021,S002-handoff,4779.5292792287255,4807.81499351444,中断,,127.4805746284193,122.0
Q2-011,leg2-cruise,4781.656529203754,4788.896589660755,直连,,121.5529199146241,122.0
Q2-027,leg1-cruise,4781.935233161319,4789.270140776378,直连,,107.46049406003576,122.0
Q2-026,leg1-cruise,4784.519697205664,4791.865234510852,直连,,103.91077427885061,122.0
Q2-011,leg2-cruise,4788.896589660755,4796.136650117756,直连,,121.29898628882435,122.0
Q2-027,leg1-cruise,4789.270140776378,4796.605048391436,直连,,107.77869176600413,122.0
Q2-026,leg1-cruise,4791.865234510852,4799.2107718160405,直连,,104.38390242713447,122.0
Q2-011,leg2-cruise,4796.136650117756,4803.376710574758,直连,,121.03745364057127,122.0
Q2-027,leg1-cruise,4796.605048391436,4803.939956006494,直连,,108.08575983850751,122.0
Q2-026,leg1-cruise,4799.2107718160405,4806.556309121229,直连,,104.8330284438148,122.0
Q2-011,leg2-cruise,4803.376710574758,4810.61677103176,直连,,120.76785639275977,122.0
Q2-027,leg1-cruise,4803.939956006494,4811.274863621553,直连,,108.38244309825716,122.0
Q2-026,leg1-cruise,4806.556309121229,4813.901846426417,直连,,105.26043018908281,122.0
Q2-021,S002-handoff,4807.81499351444,4836.100707800154,中断,,127.4805746284193,122.0
Q2-011,leg2-cruise,4810.61677103176,4817.856831488762,直连,,120.48968516527343,122.0
Q2-027,leg1-cruise,4811.274863621553,4818.609771236612,直连,,108.66941472317166,122.0
Q2-026,leg1-cruise,4813.901846426417,4821.247383731606,直连,,105.6680812495188,122.0
Q2-011,leg2-cruise,4817.856831488762,4825.096891945763,直连,,120.20238115081054,122.0
Q2-027,leg1-cruise,4818.609771236612,4825.94467885167,直连,,108.94728506403236,122.0
Q2-026,leg1-cruise,4821.247383731606,4828.592921036794,直连,,106.05770190425717,122.0
Q2-011,leg2-cruise,4825.096891945763,4832.336952402764,直连,,119.90532956728042,122.0
Q2-027,leg1-cruise,4825.94467885167,4833.279586466728,直连,,109.21660915787065,122.0
Q2-026,leg1-cruise,4828.592921036794,4835.938458341982,直连,,106.43080004232414,122.0
Q2-011,leg2-cruise,4832.336952402764,4839.577012859765,直连,,119.59785200085452,122.0
Q2-027,leg1-cruise,4833.279586466728,4840.614494081787,直连,,109.47789316091443,122.0
Q2-026,leg1-cruise,4835.938458341982,4843.283995647171,直连,,106.78870427058649,122.0
Q2-021,S002-handoff,4836.100707800154,4864.386422085869,中断,,127.4805746284193,122.0
Q2-011,leg2-cruise,4839.577012859765,4846.817073316767,直连,,119.27919740909209,122.0
Q2-027,leg1-cruise,4840.614494081787,4847.949401696845,直连,,109.73159988062162,122.0
Q2-026,leg1-cruise,4843.283995647171,4850.629532952359,直连,,107.13259090399492,122.0
Q2-011,leg2-cruise,4846.817073316767,4854.057133773769,直连,,118.94853149666318,122.0
Q2-027,leg1-cruise,4847.949401696845,4855.284309311903,直连,,109.97815355273877,122.0
Q2-026,leg1-cruise,4850.629532952359,4857.9750702575475,直连,,107.4635061254944,122.0
Q2-011,leg2-cruise,4854.057133773769,4861.29719423077,直连,,118.60492410284922,122.0
Q2-027,leg1-cruise,4855.284309311903,4862.619216926962,直连,,110.21794398274008,122.0
Q2-026,leg1-cruise,4857.9750702575475,4865.320607562736,直连,,107.78238430309767,122.0
Q2-011,leg2-cruise,4861.29719423077,4868.537254687772,直连,,118.24733414483437,122.0
Q2-027,leg1-cruise,4862.619216926962,4869.95412454202,直连,,110.45133014976739,122.0
Q2-021,leg2-climb,4864.386422085869,4882.277272915947,中断,,127.48086616195124,122.0
Q2-026,leg1-cruise,4865.320607562736,4872.666144867924,直连,,108.09006322727492,122.0
Q2-011,leg2-cruise,4868.537254687772,4875.777315144773,直连,,117.87459153688421,122.0
Q2-027,leg1-cruise,4869.95412454202,4877.289032157078,直连,,110.67864335406315,122.0
Q2-026,leg1-cruise,4872.666144867924,4880.011682173113,直连,,108.38729686300876,122.0
Q2-011,leg2-cruise,4875.777315144773,4883.017375601774,直连,,117.48537534257571,122.0
Q2-027,leg1-cruise,4877.289032157078,4884.6239397721365,直连,,110.90018997512352,122.0
Q2-026,leg1-cruise,4880.011682173113,4887.357219478301,直连,,108.67476608278753,122.0
Q2-021,leg2-climb,4882.277272915947,4900.168123746025,中断,,127.48168482894788,122.0
Q2-011,leg2-cruise,4883.017375601774,4890.257436058776,直连,,117.07818720155561,122.0
Q2-027,leg1-cruise,4884.6239397721365,4891.9588473871945,直连,,111.11625389659258,122.0
Q2-026,leg1-cruise,4887.357219478301,4894.702756783489,直连,,108.95308774890056,122.0
Q2-011,leg2-cruise,4890.257436058776,4897.497496515778,直连,,116.65131878546691,122.0
Q2-027,leg1-cruise,4891.9588473871945,4899.2937550022525,直连,,111.32709864481151,122.0
Q2-026,leg1-cruise,4894.702756783489,4902.048294088678,直连,,109.2228224380805,122.0
Q2-011,leg2-cruise,4897.497496515778,4904.737556972779,直连,,116.20281165311438,122.0
Q2-027,leg1-cruise,4899.2937550022525,4906.628662617311,直连,,111.53296928043113,122.0
Q2-021,leg2-cruise,4900.168123746025,4929.326078719902,中断,,127.22304651057287,122.0
Q2-026,leg1-cruise,4902.048294088678,4909.393831393866,直连,,109.48448104308076,122.0
Q2-011,leg2-cruise,4904.737556972779,4911.97761742978,直连,,115.73040735774256,122.0
Q2-027,leg1-cruise,4906.628662617311,4913.963570232369,直连,,111.73409407635519,122.0
Q2-026,leg1-cruise,4909.393831393866,4916.7393686990545,直连,,109.73853044021155,122.0
Q2-011,leg2-cruise,4911.97761742978,4919.217677886782,直连,,105.23148496094174,122.0
Q2-027,leg1-cruise,4913.963570232369,4921.298477847427,直连,,111.93068601020168,122.0
Q2-026,leg1-cruise,4916.7393686990545,4924.084906004243,直连,,109.98539837602553,122.0
Q2-011,leg2-cruise,4919.217677886782,4926.4577383437845,直连,,104.70298216653238,122.0
Q2-027,leg1-cruise,4921.298477847427,4928.633385462486,直连,,112.12294409524111,122.0
Q2-026,leg1-cruise,4924.084906004243,4931.430443309431,直连,,110.22547769797988,122.0
Q2-011,leg2-cruise,4926.4577383437845,4933.697798800786,直连,,104.14129502797165,122.0
Q2-027,leg1-cruise,4928.633385462486,4935.968293077544,直连,,112.31105457024395,122.0
Q2-021,leg2-cruise,4929.326078719902,4958.4840336937805,中断,,126.68030729152014,122.0
Q2-026,leg1-cruise,4931.430443309431,4938.77598061462,直连,,110.45913003142219,122.0
Q2-011,leg2-cruise,4933.697798800786,4940.937859257787,直连,,103.54214952944815,122.0
Q2-027,leg1-cruise,4935.968293077544,4943.303200692602,直连,,112.49519196574983,122.0
Q2-026,leg1-cruise,4938.77598061462,4946.121517919808,直连,,110.6866889871375,122.0
Q2-011,leg2-cruise,4940.937859257787,4948.177919714788,直连,,102.9004362684051,122.0
Q2-027,leg1-cruise,4943.303200692602,4950.638108307661,直连,,112.67552006177752,122.0
Q2-026,leg1-cruise,4946.121517919808,4953.467055224996,直连,,110.90846296925412,122.0
Q2-011,leg2-cruise,4948.177919714788,4955.417980171789,直连,,102.20999714253864,122.0
Q2-027,leg1-cruise,4950.638108307661,4957.973015922719,直连,,112.85219274992461,122.0
Q2-026,leg1-cruise,4953.467055224996,4960.812592530185,直连,,111.12473764150354,122.0
Q2-011,leg2-cruise,4955.417980171789,4962.65804062879,直连,,101.46335113421377,122.0
Q2-027,leg1-cruise,4957.973015922719,4965.307923537777,直连,,113.0253548110498,122.0
Q2-021,leg2-cruise,4958.4840336937805,4987.641988667658,中断,,126.10140080646852,122.0
Q2-026,leg1-cruise,4960.812592530185,4968.158129835373,直连,,111.33577810033272,122.0
Q2-011,leg2-cruise,4962.65804062879,4969.8981010857915,直连,,100.65134748546947,122.0
Q2-027,leg1-cruise,4965.307923537777,4972.642831152836,直连,,113.19514261823275,122.0
Q2-026,leg1-cruise,4968.158129835373,4975.503667140561,直连,,111.54183079550461,122.0
Q2-011,leg2-cruise,4969.8981010857915,4977.138161542794,直连,,99.76274614969151,122.0
Q2-027,leg1-cruise,4972.642831152836,4979.977738767894,直连,,113.36168477342726,122.0
Q2-026,leg1-cruise,4975.503667140561,4982.84920444575,直连,,111.74312523248875,122.0
Q2-011,leg2-cruise,4977.138161542794,4984.378221999796,直连,,98.78376870259565,122.0
Q2-027,leg1-cruise,4979.977738767894,4987.312646382952,直连,,113.52510268515987,122.0
Q2-026,leg1-cruise,4982.84920444575,4990.194741750938,直连,,111.93987548560116,122.0
Q2-011,leg2-cruise,4984.378221999796,4991.618282456797,直连,,97.69779974021557,122.0
Q2-027,leg1-cruise,4987.312646382952,4994.647553998011,直连,,113.68551109368221,122.0
Q2-021,leg2-cruise,4987.641988667658,5016.799943641535,中断,,125.48116424033829,122.0
Q2-026,leg1-cruise,4990.194741750938,4997.540279056126,直连,,112.13228154650129,122.0
Q2-011,leg2-cruise,4991.618282456797,4998.858342913798,直连,,96.48583182555407,122.0
Q2-027,leg1-cruise,4994.647553998011,5001.982461613069,直连,,113.84301854919718,122.0
Q2-026,leg1-cruise,4997.540279056126,5004.885816361314,直连,,112.32053052901884,122.0
Q2-011,leg2-cruise,4998.858342913798,5006.0984033708,直连,,95.12948231252956,122.0
Q2-027,leg1-cruise,5001.982461613069,5009.317369228127,直连,,113.99772784807637,122.0
Q2-026,leg1-cruise,5004.885816361314,5012.231353666502,直连,,112.50479774822787,122.0
Q2-011,leg2-cruise,5006.0984033708,5013.338463827802,直连,,93.62205152139626,122.0
Q2-027,leg1-cruise,5009.317369228127,5016.652276843186,直连,,114.14973643142461,122.0
Q2-026,leg1-cruise,5012.231353666502,5019.576890971691,直连,,112.68524768915904,122.0
Q2-011,leg2-cruise,5013.338463827802,5020.578524284803,直连,,92.00286848056923,122.0
Q2-027,leg1-cruise,5016.652276843186,5023.987184458245,直连,,114.29913674980526,122.0
Q2-021,leg2-cruise,5016.799943641535,5045.957898615413,中断,,124.81324472148223,122.0
Q2-026,leg1-cruise,5019.576890971691,5026.922428276879,直连,,112.86203487837034,122.0
Q2-011,leg2-cruise,5020.578524284803,5027.818584741804,直连,,90.44623323823467,122.0
Q2-027,leg1-cruise,5023.987184458245,5031.322092073303,直连,,114.44601659751336,122.0
Q2-026,leg1-cruise,5026.922428276879,5041.613502887256,中断,,123.12066363248756,122.0
Q2-011,leg2-cruise,5027.818584741804,5035.058645198806,直连,,89.39194186901106,122.0
Q2-027,leg1-cruise,5031.322092073303,5038.656999688361,直连,,114.59045941937964,122.0
Q2-011,leg2-descent,5035.058645198806,5059.693568050368,直连,,88.25771497835396,122.0
Q2-027,leg1-cruise,5038.656999688361,5045.99190730342,直连,,114.7325445927798,122.0
Q2-026,leg1-cruise,5041.613502887256,5070.995652108009,中断,,123.61595680705992,122.0
Q2-021,leg2-cruise,5045.957898615413,5075.11585358929,中断,,124.08970328136033,122.0
Q2-027,leg1-cruise,5045.99190730342,5058.827995629771,直连,,114.87234768719873,122.0
Q2-027,leg1-cruise,5058.827995629771,5060.661722533536,中断,,125.06098241323429,122.0
Q2-011,leg2-descent,5059.693568050368,5084.32849090193,直连,,85.87962886321364,122.0
Q2-027,leg1-cruise,5060.661722533536,5090.00135299377,中断,,125.34469699679346,122.0
Q2-026,leg1-cruise,5070.995652108009,5100.377801328763,中断,,124.2353442741475,122.0
Q2-021,leg2-cruise,5075.11585358929,5104.273808563167,中断,,123.30043920099841,122.0
Q2-011,leg2-descent,5084.32849090193,5108.963413753493,直连,,82.59426367590437,122.0
Q2-027,leg1-cruise,5090.00135299377,5119.3409834540025,中断,,125.85488290478352,122.0
Q2-026,leg1-cruise,5100.377801328763,5129.759950549516,中断,,124.81356260529289,122.0
Q2-021,leg2-cruise,5104.273808563167,5133.431763537045,中断,,122.4323273077502,122.0
Q2-011,leg2-descent,5108.963413753493,5133.598336605055,直连,,77.246711695958,122.0
Q2-027,leg1-cruise,5119.3409834540025,5148.680613914236,中断,,126.33680138486181,122.0
Q2-026,leg1-cruise,5129.759950549516,5159.14209977027,中断,,125.35573687574045,122.0
Q2-021,leg2-cruise,5133.431763537045,5140.721252280515,直连,,121.8421852444877,122.0
Q2-011,leg2-descent,5133.598336605055,5158.233259456618,直连,,60.71759432901127,122.0
Q2-021,leg2-cruise,5140.721252280515,5155.300229767453,直连,,121.59444433081192,122.0
Q2-027,leg1-cruise,5148.680613914236,5178.020244374469,中断,,126.79341684928812,122.0
Q2-021,leg2-cruise,5155.300229767453,5162.5897185109225,直连,,121.07674293069738,122.0
Q2-026,leg1-cruise,5159.14209977027,5188.524248991023,中断,,125.86609226275966,122.0
Q2-021,leg2-cruise,5162.5897185109225,5184.458184741331,直连,,120.80586658775456,122.0
Q2-027,leg1-cruise,5178.020244374469,5207.359874834703,中断,,127.22725110461403,122.0
Q2-021,leg2-cruise,5184.458184741331,5191.7476734848005,直连,,119.93866981040026,122.0
Q2-026,leg1-cruise,5188.524248991023,5217.906398211777,中断,,126.34815286880144,122.0
Q2-021,leg2-cruise,5191.7476734848005,5213.616139715208,直连,,119.62928943264967,122.0
Q2-027,leg1-cruise,5207.359874834703,5236.699505294936,中断,,127.64046720278259,122.0
Q2-021,leg2-cruise,5213.616139715208,5220.905628458678,直连,,118.62920538962655,122.0
Q2-026,leg1-cruise,5217.906398211777,5247.288547432529,中断,,126.80488855877894,122.0
Q2-021,leg2-cruise,5220.905628458678,5242.774094689085,直连,,118.26860771760582,122.0
Q2-027,leg1-descent,5236.699505294936,5259.358060796238,中断,,127.8389692112617,122.0
Q2-021,leg2-cruise,5242.774094689085,5250.063583432555,直连,,107.08768809893576,122.0
Q2-026,leg1-cruise,5247.288547432529,5276.670696653283,中断,,127.23882529837773,122.0
Q2-021,leg2-cruise,5250.063583432555,5264.642560919494,直连,,106.65565877521016,122.0
Q2-027,leg1-descent,5259.358060796238,5282.01661629754,中断,,127.83738010410832,122.0
Q2-021,leg2-cruise,5264.642560919494,5279.221538406433,直连,,105.72169974110764,122.0
Q2-026,leg1-cruise,5276.670696653283,5306.052845874036,中断,,127.6521293565382,122.0
Q2-021,leg2-cruise,5279.221538406433,5286.5110271499025,直连,,104.67598581219167,122.0
Q2-027,leg1-descent,5282.01661629754,5304.675171798842,中断,,127.8362549080733,122.0
Q2-021,leg2-cruise,5286.5110271499025,5308.37949338031,直连,,104.10227179575791,122.0
Q2-027,S004-handoff,5304.675171798842,5334.675171798842,中断,,127.83586639527485,122.0
Q2-026,leg1-cruise,5306.052845874036,5335.43499509479,中断,,128.046672459949,122.0
Q2-021,leg2-cruise,5308.37949338031,5337.537448354187,直连,,102.11502637908892,122.0
Q2-027,S004-handoff,5334.675171798842,5364.675171798842,中断,,127.83586639527485,122.0
Q2-026,leg1-descent,5335.43499509479,5355.8368615498675,中断,,128.23671069470163,122.0
Q2-021,leg2-cruise,5337.537448354187,5359.405914584596,直连,,98.49622160814629,122.0
Q2-026,leg1-descent,5355.8368615498675,5376.238728004946,中断,,128.23553770537117,122.0
Q2-021,leg2-cruise,5359.405914584596,5366.695403328065,直连,,94.33754694349122,122.0
Q2-027,S004-handoff,5364.675171798842,5394.675171798842,中断,,127.83586639527485,122.0
Q2-021,leg2-cruise,5366.695403328065,5381.274380815004,直连,,92.42136242188482,122.0
Q2-026,S008-handoff,5376.238728004946,5406.238728004946,中断,,128.23507991277862,122.0
Q2-021,leg2-cruise,5381.274380815004,5395.8533583019425,直连,,87.28920150411685,122.0
Q2-027,S004-handoff,5394.675171798842,5424.675171798842,中断,,127.83586639527485,122.0
Q2-021,leg2-descent,5395.8533583019425,5418.510140070741,直连,,82.88933103560113,122.0
Q2-026,S008-handoff,5406.238728004946,5436.238728004946,中断,,128.23507991277862,122.0
Q2-021,leg2-descent,5418.510140070741,5441.16692183954,直连,,79.45035955204423,122.0
Q2-027,S004-handoff,5424.675171798842,5454.675171798842,中断,,127.83586639527485,122.0
Q2-026,S008-handoff,5436.238728004946,5466.238728004946,中断,,128.23507991277862,122.0
Q2-021,leg2-descent,5441.16692183954,5463.823703608339,直连,,73.67368172767873,122.0
Q2-027,S004-handoff,5454.675171798842,5484.675171798842,中断,,127.83586639527485,122.0
Q2-021,leg2-descent,5463.823703608339,5486.4804853771375,直连,,48.54134248247782,122.0
Q2-026,S008-handoff,5466.238728004946,5496.238728004946,中断,,128.23507991277862,122.0
Q2-027,S004-handoff,5484.675171798842,5514.675171798842,中断,,127.83586639527485,122.0
Q2-013,leg1-climb,5488.233259456618,5515.821411515537,直连,,66.65528399300692,122.0
Q2-026,S008-handoff,5496.238728004946,5526.238728004946,中断,,128.23507991277862,122.0
Q2-027,leg2-climb,5514.675171798842,5542.9983661754695,中断,,127.83649269314496,122.0
Q2-013,leg1-climb,5515.821411515537,5543.409563574456,直连,,80.40713379023344,122.0
Q2-026,S008-handoff,5526.238728004946,5556.238728004946,中断,,128.23507991277862,122.0
Q2-027,leg2-climb,5542.9983661754695,5571.321560552097,中断,,127.83852846811895,122.0
Q2-013,leg1-cruise,5543.409563574456,5558.083103044237,直连,,83.89357722932039,122.0
Q2-026,S008-handoff,5556.238728004946,5586.238728004946,中断,,128.23507991277862,122.0
Q2-013,leg1-cruise,5558.083103044237,5572.7566425140185,直连,,89.91651661892209,122.0
Q2-027,leg2-cruise,5571.321560552097,5600.66119101233,中断,,127.64046720278259,122.0
Q2-013,leg1-cruise,5572.7566425140185,5587.4301819838,直连,,94.3103306621032,122.0
Q2-026,leg2-climb,5586.238728004946,5603.240283384178,中断,,128.23553770537117,122.0
Q2-013,leg1-cruise,5587.4301819838,5594.7669517186905,直连,,97.32076237296684,122.0
Q2-012,leg1-climb,5587.437619802442,5615.025771861361,直连,,66.65528399300692,122.0
Q2-013,leg1-cruise,5594.7669517186905,5602.103721453581,直连,,98.52054470470594,122.0
Q2-027,leg2-cruise,5600.66119101233,5630.000821472564,中断,,127.22725110461403,122.0
Q2-013,leg1-cruise,5602.103721453581,5609.440491188471,直连,,99.57860015443477,122.0
Q2-026,leg2-climb,5603.240283384178,5620.24183876341,中断,,128.23671069470163,122.0
Q2-013,leg1-cruise,5609.440491188471,5616.777260923362,直连,,100.5241726566972,122.0
Q2-012,leg1-climb,5615.025771861361,5642.61392392028,直连,,80.40713379023344,122.0
Q2-013,leg1-cruise,5616.777260923362,5624.114030658253,直连,,101.37848165292412,122.0
Q2-026,leg2-cruise,5620.24183876341,5649.623987984163,中断,,128.046672459949,122.0
Q2-013,leg1-cruise,5624.114030658253,5631.450800393143,直连,,102.15735349183998,122.0
Q2-027,leg2-cruise,5630.000821472564,5659.340451932797,中断,,126.79341684928812,122.0
Q2-013,leg1-cruise,5631.450800393143,5646.124339862925,直连,,102.8728783896252,122.0
Q2-012,leg1-cruise,5642.61392392028,5649.950693655171,直连,,83.89357722932039,122.0
Q2-013,leg1-cruise,5646.124339862925,5653.461109597815,直连,,104.14966607528419,122.0
Q2-026,leg2-cruise,5649.623987984163,5679.006137204917,中断,,127.6521293565382,122.0
Q2-012,leg1-cruise,5649.950693655171,5657.287463390061,直连,,86.9054393857191,122.0
Q2-013,leg1-cruise,5653.461109597815,5660.797879332706,直连,,104.72445972174437,122.0
Q2-012,leg1-cruise,5657.287463390061,5664.624233124952,直连,,89.91651661892209,122.0
Q2-027,leg2-cruise,5659.340451932797,5688.680082393031,中断,,126.33680138486181,122.0
Q2-013,leg1-cruise,5660.797879332706,5668.134649067596,直连,,105.26380965089304,122.0
Q2-012,leg1-cruise,5664.624233124952,5671.961002859843,直连,,92.34722699555977,122.0
Q2-013,leg1-cruise,5668.134649067596,5675.471418802486,直连,,105.77180865298145,122.0
Q2-012,leg1-cruise,5671.961002859843,5679.297772594733,直连,,94.3103306621032,122.0
Q2-013,leg1-cruise,5675.471418802486,5682.808188537378,直连,,116.25188298691315,122.0
Q2-026,leg2-cruise,5679.006137204917,5708.38828642567,中断,,127.23882529837773,122.0
Q2-012,leg1-cruise,5679.297772594733,5686.634542329624,直连,,95.93768726550319,122.0
Q2-013,leg1-cruise,5682.808188537378,5690.144958272268,直连,,116.70692894928642,122.0
Q2-012,leg1-cruise,5686.634542329624,5693.971312064515,直连,,97.32076237296684,122.0
Q2-027,leg2-cruise,5688.680082393031,5718.019712853264,中断,,125.85488290478352,122.0
Q2-013,leg1-cruise,5690.144958272268,5697.481728007158,直连,,117.1394163339603,122.0
Q2-012,leg1-cruise,5693.971312064515,5701.308081799405,直连,,98.52054470470594,122.0
Q2-013,leg1-cruise,5697.481728007158,5704.81849774205,直连,,117.5514679253211,122.0
Q2-012,leg1-cruise,5701.308081799405,5708.644851534295,直连,,99.57860015443477,122.0
Q2-013,leg1-cruise,5704.81849774205,5712.15526747694,直连,,117.94492136541238,122.0
Q2-026,leg2-cruise,5708.38828642567,5737.770435646423,中断,,126.80488855877853,122.0
Q2-012,leg1-cruise,5708.644851534295,5715.981621269186,直连,,100.5241726566972,122.0
Q2-013,leg1-cruise,5712.15526747694,5719.49203721183,直连,,118.32137786866679,122.0
Q2-012,leg1-cruise,5715.981621269186,5723.318391004077,直连,,101.37848165292412,122.0
Q2-027,leg2-cruise,5718.019712853264,5747.359343313497,中断,,125.34469699679346,122.0
Q2-013,leg1-cruise,5719.49203721183,5726.828806946721,直连,,118.68224099171678,122.0
Q2-012,leg1-cruise,5723.318391004077,5730.655160738967,直连,,102.15735349183998,122.0
Q2-013,leg1-cruise,5726.828806946721,5734.165576681611,直连,,119.0287477917193,122.0
Q2-012,leg1-cruise,5730.655160738967,5737.991930473858,直连,,102.8728783896252,122.0
Q2-013,leg1-cruise,5734.165576681611,5741.5023464165015,直连,,119.36199409371652,122.0
Q2-026,leg2-cruise,5737.770435646423,5767.152584867176,中断,,126.34815286880144,122.0
Q2-012,leg1-cruise,5737.991930473858,5745.328700208749,直连,,103.53448627245695,122.0
Q2-013,leg1-cruise,5741.5023464165015,5748.839116151392,直连,,119.68295515158682,122.0
Q2-012,leg1-cruise,5745.328700208749,5752.665469943639,直连,,104.14966607528419,122.0
Q2-027,leg2-cruise,5747.359343313497,5749.193070217262,中断,,125.06098241323429,122.0
Q2-013,leg1-cruise,5748.839116151392,5756.175885886282,直连,,119.99250267250639,122.0
Q2-027,leg2-cruise,5749.193070217262,5754.694250928555,直连,,115.02698788866039,122.0
Q2-012,leg1-cruise,5752.665469943639,5760.00223967853,直连,,104.72445972174437,122.0
Q2-027,leg2-cruise,5754.694250928555,5762.029158543613,直连,,114.87234768719873,122.0
Q2-013,leg1-cruise,5756.175885886282,5763.512655621173,直连,,120.29141894526089,122.0
Q2-012,leg1-cruise,5760.00223967853,5767.33900941342,直连,,105.26380965089304,122.0
Q2-027,leg2-cruise,5762.029158543613,5769.364066158672,直连,,114.7325445927798,122.0
Q2-013,leg1-cruise,5763.512655621173,5770.849425356064,直连,,120.58040864297527,122.0
Q2-026,leg2-cruise,5767.152584867176,5796.53473408793,中断,,125.86609226275966,122.0
Q2-012,leg1-cruise,5767.33900941342,5774.6757791483105,直连,,105.77180865298145,122.0
Q2-027,leg2-cruise,5769.364066158672,5776.69897377373,直连,,114.59045941937964,122.0
Q2-013,leg1-cruise,5770.849425356064,5778.186195090954,直连,,120.86010874417137,122.0
Q2-012,leg1-cruise,5774.6757791483105,5782.012548883202,直连,,116.25188298691315,122.0
Q2-027,leg2-cruise,5776.69897377373,5784.033881388788,直连,,114.44601659751336,122.0
Q2-013,leg1-cruise,5778.186195090954,5785.522964825845,直连,,121.13109692038437,122.0
Q2-012,leg1-cruise,5782.012548883202,5789.349318618092,直连,,116.70692894928642,122.0
Q2-027,leg2-cruise,5784.033881388788,5791.368789003847,直连,,114.29913674980526,122.0
Q2-013,leg1-cruise,5785.522964825845,5792.859734560736,直连,,121.39389866575458,122.0
Q2-012,leg1-cruise,5789.349318618092,5796.686088352983,直连,,117.1394163339603,122.0
Q2-027,leg2-cruise,5791.368789003847,5798.703696618906,直连,,114.149736431424,122.0
Q2-013,leg1-cruise,5792.859734560736,5800.196504295626,直连,,121.64899338811233,122.0
Q2-026,leg2-cruise,5796.53473408793,5825.916883308683,中断,,125.35573687574045,122.0
Q2-012,leg1-cruise,5796.686088352983,5804.022858087874,直连,,117.5514679253211,122.0
Q2-027,leg2-cruise,5798.703696618906,5806.038604233964,直连,,113.99772784807637,122.0
Q2-013,leg1-cruise,5800.196504295626,5803.864889163071,直连,,121.83552191666328,122.0
Q2-030,leg1-climb,5802.815920230166,5831.756196109072,直连,,67.44240664720013,122.0
Q2-013,leg1-cruise,5803.864889163071,5805.699081596794,直连,,121.92730725414278,122.0
Q2-012,leg1-cruise,5804.022858087874,5811.359627822764,直连,,117.94492136541238,122.0
Q2-013,leg1-cruise,5805.699081596794,5806.616177813656,直连,,121.97283923085341,122.0
Q2-027,leg2-cruise,5806.038604233964,5813.373511849022,直连,,113.84301854919718,122.0
Q2-013,leg1-cruise,5806.616177813656,5836.880352970079,中断,,122.0030619935705,122.0
Q2-012,leg1-cruise,5811.359627822764,5818.696397557655,直连,,118.32137786866679,122.0
Q2-027,leg2-cruise,5813.373511849022,5820.708419464081,直连,,113.68551109368221,122.0
Q2-012,leg1-cruise,5818.696397557655,5826.033167292545,直连,,118.68224099171678,122.0
Q2-027,leg2-cruise,5820.708419464081,5828.043327079139,直连,,113.52510268515987,122.0
Q2-026,leg2-cruise,5825.916883308683,5855.299032529437,中断,,124.81356260529289,122.0
Q2-012,leg1-cruise,5826.033167292545,5833.369937027435,直连,,119.0287477917193,122.0
Q2-027,leg2-cruise,5828.043327079139,5835.378234694197,直连,,113.36168477342726,122.0
Q2-030,leg1-climb,5831.756196109072,5860.696471987979,直连,,80.90031880597462,122.0
Q2-012,leg1-cruise,5833.369937027435,5840.706706762326,直连,,119.36199409371652,122.0
Q2-027,leg2-cruise,5835.378234694197,5842.713142309256,直连,,113.19514261823275,122.0
Q2-013,leg1-cruise,5836.880352970079,5866.227431909641,中断,,123.35548691886723,122.0
Q2-012,leg1-cruise,5840.706706762326,5848.043476497216,直连,,119.68295515158682,122.0
Q2-027,leg2-cruise,5842.713142309256,5850.048049924314,直连,,113.0253548110498,122.0
Q2-012,leg1-cruise,5848.043476497216,5855.380246232106,直连,,119.99250267250639,122.0
Q2-027,leg2-cruise,5850.048049924314,5857.382957539372,直连,,112.85219274992461,122.0
Q2-026,leg2-cruise,5855.299032529437,5884.68118175019,中断,,124.2353442741475,122.0
Q2-012,leg1-cruise,5855.380246232106,5862.717015966997,直连,,120.29141894526089,122.0
Q2-027,leg2-cruise,5857.382957539372,5864.717865154431,直连,,112.67552006177752,122.0
Q2-030,leg1-climb,5860.696471987979,5889.636747866884,直连,,85.9458448225713,122.0
Q2-012,leg1-cruise,5862.717015966997,5870.053785701888,直连,,120.58040864297527,122.0
Q2-027,leg2-cruise,5864.717865154431,5872.052772769489,直连,,112.49519196574983,122.0
Q2-013,leg1-cruise,5866.227431909641,5895.574510849204,中断,,124.14492212152439,122.0
Q2-012,leg1-cruise,5870.053785701888,5877.390555436778,直连,,120.86010874417137,122.0
Q2-027,leg2-cruise,5872.052772769489,5879.387680384547,直连,,112.31105457024395,122.0
Q2-012,leg1-cruise,5877.390555436778,5884.727325171669,直连,,121.13109692038437,122.0
Q2-027,leg2-cruise,5879.387680384547,5886.722587999606,直连,,112.12294409524111,122.0
Q2-026,leg2-cruise,5884.68118175019,5914.063330970944,中断,,123.61595680705992,122.0
Q2-012,leg1-cruise,5884.727325171669,5892.06409490656,直连,,121.39389866575458,122.0
Q2-027,leg2-cruise,5886.722587999606,5894.057495614664,直连,,111.93068601020168,122.0
Q2-030,leg1-climb,5889.636747866884,5918.577023745791,直连,,89.11670342352,122.0
Q2-012,leg1-cruise,5892.06409490656,5899.40086464145,直连,,121.64899338811233,122.0
Q2-027,leg2-cruise,5894.057495614664,5901.392403229722,直连,,111.73409407635519,122.0
Q2-013,leg1-cruise,5895.574510849204,5924.921589788766,中断,,124.86859461494507,122.0
Q2-012,leg1-cruise,5899.40086464145,5903.069249508895,直连,,121.83552191666328,122.0
Q2-027,leg2-cruise,5901.392403229722,5908.727310844781,直连,,111.53296928043113,122.0
Q2-012,leg1-cruise,5903.069249508895,5905.82053815948,直连,,121.92730725414278,122.0
Q2-012,leg1-cruise,5905.82053815948,5936.084713315903,中断,,122.0030619935705,122.0
Q2-027,leg2-cruise,5908.727310844781,5916.062218459839,直连,,111.32709864481151,122.0
Q2-026,leg2-cruise,5914.063330970944,5928.7544055813205,中断,,123.12066363248756,122.0
Q2-027,leg2-cruise,5916.062218459839,5923.397126074897,直连,,111.11625389659258,122.0
Q2-030,leg1-climb,5918.577023745791,5947.517299624697,直连,,91.43452950887686,122.0
Q2-027,leg2-cruise,5923.397126074897,5930.732033689956,直连,,110.90018997512352,122.0
Q2-013,leg1-descent,5924.921589788766,5950.213154730172,中断,,125.20793517560105,122.0
Q2-026,leg2-cruise,5928.7544055813205,5936.099942886509,直连,,112.86203487837034,122.0
Q2-027,leg2-cruise,5930.732033689956,5938.066941305014,直连,,110.67864335406315,122.0
Q2-012,leg1-cruise,5936.084713315903,5965.431792255466,中断,,123.35548691886723,122.0
Q2-026,leg2-cruise,5936.099942886509,5943.445480191697,直连,,112.68524768915904,122.0
Q2-027,leg2-cruise,5938.066941305014,5945.401848920072,直连,,110.45133014976739,122.0
Q2-026,leg2-cruise,5943.445480191697,5950.791017496886,直连,,112.50479774822787,122.0
Q2-027,leg2-cruise,5945.401848920072,5952.736756535131,直连,,110.21794398274008,122.0
Q2-030,leg1-cruise,5947.517299624697,5954.720747611171,直连,,92.44347830290607,122.0
Q2-013,S009-handoff,5950.213154730172,5980.213154730172,中断,,125.20711279830486,122.0
Q2-026,leg2-cruise,5950.791017496886,5958.136554802073,直连,,112.32053052901884,122.0
Q2-027,leg2-cruise,5952.736756535131,5960.071664150189,直连,,109.97815355273877,122.0
Q2-030,leg1-cruise,5954.720747611171,5961.924195597643,直连,,92.80266939745906,122.0
Q2-028,leg1-climb,5957.272126920727,5981.793060148266,直连,,60.60216833567897,122.0
Q2-026,leg2-cruise,5958.136554802073,5965.482092107261,直连,,112.13228154650129,122.0
Q2-027,leg2-cruise,5960.071664150189,5967.406571765247,直连,,109.73159988062162,122.0
Q2-030,leg1-cruise,5961.924195597643,5969.1276435841155,直连,,93.44259481084909,122.0
Q2-012,leg1-cruise,5965.431792255466,5994.778871195028,中断,,124.14492212152439,122.0
Q2-026,leg2-cruise,5965.482092107261,5972.82762941245,直连,,111.93987548560116,122.0
Q2-027,leg2-cruise,5967.406571765247,5974.7414793803055,直连,,109.47789316091443,122.0
Q2-030,leg1-cruise,5969.1276435841155,5976.331091570589,直连,,94.25430044874697,122.0
Q2-026,leg2-cruise,5972.82762941245,5980.173166717638,直连,,111.74312523248875,122.0
Q2-027,leg2-cruise,5974.7414793803055,5982.0763869953635,直连,,109.21660915787065,122.0
Q2-030,leg1-cruise,5976.331091570589,5983.534539557062,直连,,95.14380561482096,122.0
Q2-026,leg2-cruise,5980.173166717638,5987.518704022827,直连,,111.54183079550461,122.0
Q2-013,S009-handoff,5980.213154730172,6010.213154730172,中断,,125.20711279830486,122.0
Q2-028,leg1-climb,5981.793060148266,6006.313993375805,直连,,77.19526326568275,122.0
Q2-027,leg2-cruise,5982.0763869953635,5989.4112946104215,直连,,108.94728506403236,122.0
Q2-030,leg1-cruise,5983.534539557062,5990.7379875435345,直连,,96.04815987818927,122.0
Q2-026,leg2-cruise,5987.518704022827,5994.864241328015,直连,,111.33577810033272,122.0
Q2-027,leg2-cruise,5989.4112946104215,5996.74620222548,直连,,108.6694147231694,122.0
Q2-030,leg1-cruise,5990.7379875435345,5997.941435530007,直连,,96.93157690981879,122.0
Q2-012,leg1-cruise,5994.778871195028,6024.12595013459,中断,,124.86859461494507,122.0
Q2-026,leg2-cruise,5994.864241328015,6002.209778633203,直连,,111.12473764150354,122.0
Q2-027,leg2-cruise,5996.74620222548,6004.081109840539,直连,,108.38244309825716,122.0
Q2-030,leg1-cruise,5997.941435530007,6005.14488351648,直连,,97.77639528907147,122.0
Q2-026,leg2-cruise,6002.209778633203,6009.555315938392,直连,,110.90846296925412,122.0
Q2-027,leg2-cruise,6004.081109840539,6011.416017455597,直连,,108.08575983850751,122.0
Q2-030,leg1-cruise,6005.14488351648,6012.348331502953,直连,,98.57554389878007,122.0
Q2-028,leg1-climb,6006.313993375805,6030.834926603344,直连,,82.54794938210718,122.0
Q2-026,leg2-cruise,6009.555315938392,6016.90085324358,直连,,110.6866889871375,122.0
Q2-013,S009-handoff,6010.213154730172,6040.213154730172,中断,,125.20711279830486,122.0
Q2-027,leg2-cruise,6011.416017455597,6018.750925070655,直连,,107.77869176600413,122.0
Q2-030,leg1-cruise,6012.348331502953,6019.551779489426,直连,,99.32766082350524,122.0
Q2-026,leg2-cruise,6016.90085324358,6024.246390548768,直连,,110.45913003142219,122.0
Q2-027,leg2-cruise,6018.750925070655,6026.085832685714,直连,,107.46049406003576,122.0
Q2-030,leg1-cruise,6019.551779489426,6026.755227475899,直连,,100.03425429400897,122.0
Q2-012,leg1-descent,6024.12595013459,6049.417515075997,中断,,125.20793517560105,122.0
Q2-026,leg2-cruise,6024.246390548768,6031.591927853957,直连,,110.22547769797988,122.0
Q2-027,leg2-cruise,6026.085832685714,6033.420740300772,直连,,107.13033986327711,122.0
Q2-030,leg1-cruise,6026.755227475899,6033.958675462372,直连,,100.69813966865422,122.0
Q2-028,leg1-climb,6030.834926603344,6055.355859830883,直连,,85.83521409748177,122.0
Q2-026,leg2-cruise,6031.591927853957,6038.937465159145,直连,,109.98539837602553,122.0
Q2-027,leg2-cruise,6033.420740300772,6040.75564791583,直连,,106.78730796481511,122.0
Q2-030,leg1-cruise,6033.958675462372,6041.162123448845,直连,,101.32260916345251,122.0
Q2-026,leg2-cruise,6038.937465159145,6046.283002464334,直连,,109.73853044021155,122.0
Q2-013,S009-handoff,6040.213154730172,6070.213154730172,中断,,125.20711279830486,122.0
Q2-027,leg2-cruise,6040.75564791583,6048.090555530889,直连,,106.43036812584877,122.0
Q2-030,leg1-cruise,6041.162123448845,6048.365571435318,直连,,101.91100632569224,122.0
Q2-026,leg2-cruise,6046.283002464334,6053.628539769522,直连,,109.48448104308076,122.0
Q2-027,leg2-cruise,6048.090555530889,6055.425463145947,直连,,106.05836349841893,122.0
Q2-030,leg1-cruise,6048.365571435318,6055.569019421791,直连,,102.46651957045538,122.0
Q2-012,S009-handoff,6049.417515075997,6079.417515075997,中断,,125.20711279830486,122.0
Q2-026,leg2-cruise,6053.628539769522,6060.97407707471,直连,,109.2228224380805,122.0
Q2-028,leg1-cruise,6055.355859830883,6062.469432800118,直连,,87.34309554964592,122.0
Q2-027,leg2-cruise,6055.425463145947,6062.760370761005,直连,,105.66998943690987,122.0
Q2-030,leg1-cruise,6055.569019421791,6062.772467408264,直连,,102.99209249678655,122.0
Q2-026,leg2-cruise,6060.97407707471,6068.319614379899,直连,,108.95308774890056,122.0
Q2-028,leg1-cruise,6062.469432800118,6069.583005769353,直连,,88.88161340493741,122.0
Q2-027,leg2-cruise,6062.760370761005,6070.095278376064,直连,,105.26376780461088,122.0
Q2-030,leg1-cruise,6062.772467408264,6069.975915394736,直连,,103.4903952785918,122.0
Q2-026,leg2-cruise,6068.319614379899,6075.665151685087,直连,,108.67476608278753,122.0
Q2-028,leg1-cruise,6069.583005769353,6076.696578738588,直连,,90.91360248398198,122.0
Q2-030,leg1-cruise,6069.975915394736,6077.179363381209,直连,,103.96382695870113,122.0
Q2-027,leg2-cruise,6070.095278376064,6077.430185991122,直连,,104.83801561769855,122.0
Q2-013,S009-handoff,6070.213154730172,6100.213154730172,中断,,125.20711279830486,122.0
Q2-026,leg2-cruise,6075.665151685087,6083.010688990275,直连,,108.38729686300876,122.0
Q2-028,leg1-cruise,6076.696578738588,6083.810151707823,直连,,92.84626607020462,122.0
Q2-030,leg1-cruise,6077.179363381209,6084.382811367683,直连,,104.41453239424982,122.0
Q2-027,leg2-cruise,6077.430185991122,6084.76509360618,直连,,104.39080652556959,122.0
Q2-012,S009-handoff,6079.417515075997,6109.417515075997,中断,,125.20711279830486,122.0
Q2-026,leg2-cruise,6083.010688990275,6090.356226295464,直连,,108.09006322727492,122.0
Q2-028,leg1-cruise,6083.810151707823,6090.923724677058,直连,,94.54568693915542,122.0
Q2-030,leg1-cruise,6084.382811367683,6091.586259354155,直连,,104.84442518958969,122.0
Q2-027,leg2-cruise,6084.76509360618,6092.100001221239,直连,,103.9199231722805,122.0
Q2-026,leg2-cruise,6090.356226295464,6097.701763600652,直连,,107.78238430309767,122.0
Q2-028,leg1-cruise,6090.923724677058,6098.037297646293,直连,,96.0217804823884,122.0
Q2-030,leg1-cruise,6091.586259354155,6098.7897073406275,直连,,105.25521209390907,122.0
Q2-027,leg2-cruise,6092.100001221239,6099.434908836297,直连,,103.42279788484709,122.0
Q2-026,leg2-cruise,6097.701763600652,6105.0473009058405,直连,,107.4635061254944,122.0
Q2-028,leg1-cruise,6098.037297646293,6105.150870615528,直连,,97.311506890386,122.0
Q2-030,leg1-cruise,6098.7897073406275,6105.993155327101,直连,,105.64841659893317,122.0
Q2-027,leg2-cruise,6099.434908836297,6106.769816451355,直连,,102.89643835137167,122.0
Q2-013,S009-handoff,6100.213154730172,6130.213154730172,中断,,125.20711279830486,122.0
Q2-026,leg2-cruise,6105.0473009058405,6112.392838211029,直连,,107.13259090399492,122.0
Q2-028,leg1-cruise,6105.150870615528,6112.264443584763,直连,,98.45012597681749,122.0
Q2-030,leg1-cruise,6105.993155327101,6113.196603313574,直连,,106.0254006967825,122.0
Q2-027,leg2-cruise,6106.769816451355,6114.104724066414,直连,,102.33733395118718,122.0
Q2-012,S009-handoff,6109.417515075997,6139.417515075997,中断,,125.20711279830486,122.0
Q2-028,leg1-cruise,6112.264443584763,6119.378016553998,直连,,99.46612331181052,122.0
Q2-026,leg2-cruise,6112.392838211029,6119.738375516217,直连,,106.78870427058649,122.0
Q2-030,leg1-cruise,6113.196603313574,6120.4000513000465,直连,,106.38738441345052,122.0
Q2-027,leg2-cruise,6114.104724066414,6121.439631681473,直连,,101.74133717800996,122.0
Q2-028,leg1-cruise,6119.378016553998,6126.491589523233,直连,,100.38161897511542,122.0
Q2-026,leg2-cruise,6119.738375516217,6127.083912821406,直连,,106.43080004232414,122.0
Q2-030,leg1-cruise,6120.4000513000465,6127.60349928652,直连,,106.73546307403467,122.0
Q2-027,leg2-cruise,6121.439631681473,6128.774539296531,直连,,101.10351326258584,122.0
Q2-028,leg1-cruise,6126.491589523233,6133.6051624924685,直连,,101.2137154412749,122.0
Q2-026,leg2-cruise,6127.083912821406,6134.429450126594,直连,,106.05770190425717,122.0
Q2-030,leg1-cruise,6127.60349928652,6134.806947272993,直连,,107.07062242374755,122.0
Q2-027,leg2-cruise,6128.774539296531,6136.109446911589,直连,,100.41795006717385,122.0
Q2-013,leg2-climb,6130.213154730172,6151.289458848011,中断,,125.20793517560105,122.0
Q2-028,leg1-cruise,6133.6051624924685,6140.718735461704,直连,,101.97573713041542,122.0
Q2-026,leg2-cruise,6134.429450126594,6141.774987431782,直连,,105.6680812495188,122.0
Q2-030,leg1-cruise,6134.806947272993,6142.010395259465,直连,,107.39375180185105,122.0
Q2-027,leg2-cruise,6136.109446911589,6143.444354526648,直连,,99.67752082588365,122.0
Q2-012,S009-handoff,6139.417515075997,6169.417515075997,中断,,125.20711279830486,122.0
Q2-028,leg1-cruise,6140.718735461704,6147.832308430939,直连,,102.67818760400209,122.0
Q2-026,leg2-cruise,6141.774987431782,6149.120524736971,直连,,105.26043018908281,122.0
Q2-030,leg1-cruise,6142.010395259465,6149.213843245939,直连,,107.70565558831892,122.0
Q2-027,leg2-cruise,6143.444354526648,6150.779262141706,直连,,98.87359773785413,122.0
Q2-028,leg1-cruise,6147.832308430939,6154.945881400174,直连,,103.32945332641877,122.0
Q2-026,leg2-cruise,6149.120524736971,6156.466062042159,直连,,104.8330284438148,122.0
Q2-030,leg1-cruise,6149.213843245939,6156.417291232412,直连,,108.00706313958776,122.0
Q2-027,leg2-cruise,6150.779262141706,6158.114169756764,直连,,97.99573389366306,122.0
Q2-013,leg2-cruise,6151.289458848011,6180.636537787574,中断,,124.86859461494507,122.0
Q2-028,leg1-cruise,6154.945881400174,6162.059454369408,直连,,103.93631521926375,122.0
Q2-030,leg1-cruise,6156.417291232412,6163.620739218884,直连,,108.29863741387479,122.0
Q2-026,leg2-cruise,6156.466062042159,6163.8115993473475,直连,,104.38390242713447,122.0
Q2-027,leg2-cruise,6158.114169756764,6165.449077371823,直连,,97.03138901875042,122.0
Q2-028,leg1-cruise,6162.059454369408,6169.173027338643,直连,,104.50432161341604,122.0
Q2-030,leg1-cruise,6163.620739218884,6170.824187205357,直连,,108.58098246563131,122.0
Q2-026,leg2-cruise,6163.8115993473475,6171.157136652536,直连,,103.91077427885061,122.0
Q2-027,leg2-cruise,6165.449077371823,6172.783984986881,直连,,95.96593784554342,122.0
Q2-028,leg1-cruise,6169.173027338643,6176.286600307878,直连,,105.03806259932016,122.0
Q2-012,S009-handoff,6169.417515075997,6199.417515075997,中断,,125.20711279830486,122.0
Q2-030,leg1-cruise,6170.824187205357,6178.02763519183,直连,,108.85464996671965,122.0
Q2-026,leg2-cruise,6171.157136652536,6178.502673957724,直连,,103.41099786429321,122.0
Q2-027,leg2-cruise,6172.783984986881,6180.118892601939,直连,,94.78365360872156,122.0
Q2-028,leg1-cruise,6176.286600307878,6183.400173277113,直连,,105.54137415151963,122.0
Q2-030,leg1-cruise,6178.02763519183,6185.231083178303,直连,,109.12014489089887,122.0
Q2-026,leg2-cruise,6178.502673957724,6185.848211262913,直连,,102.881477734479,122.0
Q2-027,leg2-cruise,6180.118892601939,6187.4538002169975,直连,,93.47161453953639,122.0
Q2-013,leg2-cruise,6180.636537787574,6209.983616727136,中断,,124.14492212152439,122.0
Q2-028,leg1-cruise,6183.400173277113,6190.513746246348,直连,,106.01749185685047,122.0
Q2-030,leg1-cruise,6185.231083178303,6192.434531164776,直连,,109.37793047916145,122.0
Q2-026,leg2-cruise,6185.848211262913,6193.193748568101,直连,,102.31856565616066,122.0
Q2-027,leg2-cruise,6187.4538002169975,6194.7887078320555,直连,,92.03185451219923,122.0
Q2-028,leg1-cruise,6190.513746246348,6197.627319215583,直连,,106.46916809821208,122.0
Q2-030,leg1-cruise,6192.434531164776,6199.637979151248,直连,,109.62843258639256,122.0
Q2-026,leg2-cruise,6193.193748568101,6200.5392858732885,直连,,101.71792745455387,122.0
Q2-027,leg2-cruise,6194.7887078320555,6202.1236154471135,直连,,90.5149166233301,122.0
Q2-028,leg1-cruise,6197.627319215583,6204.740892184818,直连,,106.8987624317182,122.0
Q2-012,S009-handoff,6199.417515075997,6229.417515075997,中断,,125.20711279830486,122.0
Q2-030,leg1-cruise,6199.637979151248,6206.841427137721,直连,,109.87204349526222,122.0
Q2-026,leg2-cruise,6200.5392858732885,6207.884823178477,直连,,101.07437047219832,122.0
Q2-027,leg2-cruise,6202.1236154471135,6209.458523062172,直连,,89.09604638967483,122.0
Q2-028,leg1-cruise,6204.740892184818,6211.854465154053,直连,,107.30831206779366,122.0
Q2-030,leg1-cruise,6206.841427137721,6214.044875124195,直连,,110.10912527053604,122.0
Q2-026,leg2-cruise,6207.884823178477,6215.230360483665,直连,,100.38161897511542,122.0
Q2-027,leg2-cruise,6209.458523062172,6216.79343067723,直连,,88.16371831764141,122.0
Q2-013,leg2-cruise,6209.983616727136,6239.330695666698,中断,,123.35548691886723,122.0
Q2-028,leg1-cruise,6211.854465154053,6218.968038123288,直连,,107.69958741384993,122.0
Q2-030,leg1-cruise,6214.044875124195,6221.248323110667,直连,,110.34001271620718,122.0
Q2-026,leg2-cruise,6215.230360483665,6222.575897788854,直连,,99.63202185302359,122.0
Q2-027,leg2-descent,6216.79343067723,6243.847347303207,直连,,86.77227563314877,122.0
Q2-028,leg1-cruise,6218.968038123288,6226.081611092523,直连,,108.07413627544302,122.0
Q2-030,leg1-cruise,6221.248323110667,6228.4517710971395,直连,,110.56501598869019,122.0
Q2-026,leg2-cruise,6222.575897788854,6229.921435094042,直连,,98.81617597310651,122.0
Q2-028,leg1-cruise,6226.081611092523,6233.1951840617585,直连,,108.43331935513747,122.0
Q2-030,leg1-cruise,6228.4517710971395,6235.655219083613,直连,,110.78442291152926,122.0
Q2-012,S009-handoff,6229.417515075997,6259.417515075997,中断,,125.20711279830486,122.0
Q2-026,leg2-cruise,6229.921435094042,6237.26697239923,直连,,97.92245597081663,122.0
Q2-028,leg1-cruise,6233.1951840617585,6240.308757030994,直连,,108.7783390069874,122.0
Q2-030,leg1-cruise,6235.655219083613,6242.858667070086,直连,,110.99850103048746,122.0
Q2-026,leg2-cruise,6237.26697239923,6244.612509704419,直连,,96.93647650002659,122.0
Q2-013,leg2-cruise,6239.330695666698,6268.677774606261,中断,,122.48714613788418,122.0
Q2-028,leg1-cruise,6240.308757030994,6247.422330000229,直连,,109.1102627144659,122.0
Q2-030,leg1-cruise,6242.858667070086,6250.0621150565585,直连,,111.2074994423159,122.0
Q2-027,leg2-descent,6243.847347303207,6270.901263929183,直连,,83.52301912066886,122.0
Q2-026,leg2-cruise,6244.612509704419,6251.958047009607,直连,,95.84063440956908,122.0
Q2-028,leg1-cruise,6247.422330000229,6254.535902969464,直连,,109.43004240345948,122.0
Q2-030,leg1-cruise,6250.0621150565585,6257.265563043032,直连,,111.41165042576775,122.0
Q2-026,leg2-cruise,6251.958047009607,6259.303584314795,直连,,94.61426439312991,122.0
Q2-028,leg1-cruise,6254.535902969464,6261.649475938699,直连,,109.73853044021155,122.0
Q2-030,leg1-cruise,6257.265563043032,6264.469011029505,直连,,111.61117089941351,122.0
Q2-026,leg2-cruise,6259.303584314795,6266.649121619984,直连,,93.2361469434017,122.0
Q2-012,leg2-climb,6259.417515075997,6280.493819193835,中断,,125.20793517560105,122.0
Q2-028,leg1-cruise,6261.649475938699,6268.763048907934,直连,,110.0364929699138,122.0
Q2-030,leg1-cruise,6264.469011029505,6293.282802975396,中断,,122.09101345865356,122.0
Q2-026,leg2-cruise,6266.649121619984,6273.994658925172,直连,,91.6948303009745,122.0
Q2-013,leg2-cruise,6268.677774606261,6269.594870823123,中断,,122.0030619935705,122.0
Q2-028,leg1-cruise,6268.763048907934,6275.876621877169,直连,,110.32462110619161,122.0
Q2-013,leg2-cruise,6269.594870823123,6272.3461594737055,直连,,121.97283923085341,122.0
Q2-027,leg2-descent,6270.901263929183,6297.95518055516,直连,,78.27227986437403,122.0
Q2-013,leg2-cruise,6272.3461594737055,6276.014544341151,直连,,121.83552191666328,122.0
Q2-026,leg2-cruise,6273.994658925172,6281.340196230361,直连,,90.02291990533368,122.0
Q2-028,leg1-cruise,6275.876621877169,6282.990194846404,直连,,110.60354037171943,122.0
Q2-013,leg2-cruise,6276.014544341151,6283.351314076042,直连,,121.64899338811233,122.0
Q2-012,leg2-cruise,6280.493819193835,6309.840898133398,中断,,124.86859461494507,122.0
Q2-026,leg2-cruise,6281.340196230361,6288.685733535549,直连,,88.39218051691435,122.0
Q2-028,leg1-cruise,6282.990194846404,6290.103767815639,直连,,110.8738187063724,122.0
Q2-013,leg2-cruise,6283.351314076042,6290.688083810933,直连,,121.39389866575458,122.0
Q2-026,leg2-cruise,6288.685733535549,6296.031270840737,直连,,87.26917733613715,122.0
Q2-028,leg1-cruise,6290.103767815639,6297.217340784874,直连,,111.13597329481962,122.0
Q2-013,leg2-cruise,6290.688083810933,6298.024853545823,直连,,121.13109692038437,122.0
Q2-030,leg1-cruise,6293.282802975396,6322.096594921288,中断,,122.8080574046474,122.0
Q2-026,leg2-descent,6296.031270840737,6320.552204068276,直连,,85.83521409748177,122.0
Q2-028,leg1-cruise,6297.217340784874,6304.330913754109,直连,,111.39047641549931,122.0
Q2-027,leg2-descent,6297.95518055516,6325.009097181137,直连,,62.86274878634516,122.0
Q2-013,leg2-cruise,6298.024853545823,6305.3616232807135,直连,,120.86010874417137,122.0
Q2-028,leg1-cruise,6304.330913754109,6311.444486723344,直连,,111.63776047392665,122.0
Q2-013,leg2-cruise,6305.3616232807135,6312.698393015604,直连,,120.58040864297527,122.0
Q2-012,leg2-cruise,6309.840898133398,6339.18797707296,中断,,124.14492212152439,122.0
Q2-028,leg1-cruise,6311.444486723344,6318.558059692579,直连,,111.87822235258975,122.0
Q2-013,leg2-cruise,6312.698393015604,6320.035162750495,直连,,120.29141894526089,122.0
Q2-028,leg1-cruise,6318.558059692579,6325.671632661813,直连,,112.11222718544889,122.0
Q2-013,leg2-cruise,6320.035162750495,6327.3719324853855,直连,,119.99250267250639,122.0
Q2-026,leg2-descent,6320.552204068276,6345.073137295815,直连,,82.54794938210718,122.0
Q2-030,leg1-cruise,6322.096594921288,6350.910386867179,中断,,123.47085653419727,122.0
Q2-028,leg1-cruise,6325.671632661813,6332.7852056310485,直连,,112.34011164570677,122.0
Q2-013,leg2-cruise,6327.3719324853855,6334.708702220276,直连,,119.68295515158682,122.0
Q2-028,leg1-cruise,6332.7852056310485,6339.898778600284,直连,,112.56218682002964,122.0
Q2-013,leg2-cruise,6334.708702220276,6342.045471955166,直连,,119.36199409371652,122.0
Q2-012,leg2-cruise,6339.18797707296,6368.535056012523,中断,,123.35548691886723,122.0
Q2-028,leg1-cruise,6339.898778600284,6368.353070477224,中断,,123.09379845713566,122.0
Q2-013,leg2-cruise,6342.045471955166,6349.382241690057,直连,,119.0287477917193,122.0
Q2-026,leg2-descent,6345.073137295815,6369.594070523354,直连,,77.19526326568275,122.0
Q2-013,leg2-cruise,6349.382241690057,6356.719011424947,直连,,118.68224099171678,122.0
Q2-030,leg1-cruise,6350.910386867179,6379.7241788130705,中断,,124.08698582729656,122.0
Q2-013,leg2-cruise,6356.719011424947,6371.392550894729,直连,,118.32137786866679,122.0
Q2-028,leg1-cruise,6368.353070477224,6396.807362354164,中断,,123.88214281474077,122.0
Q2-012,leg2-cruise,6368.535056012523,6397.882134952085,中断,,122.48714613788418,122.0
Q2-026,leg2-descent,6369.594070523354,6394.115003750893,直连,,60.60216833567895,122.0
Q2-013,leg2-cruise,6371.392550894729,6386.066090364509,直连,,117.5514679253211,122.0
Q2-030,leg1-cruise,6379.7241788130705,6408.537970758963,中断,,124.6625468228174,122.0
Q2-013,leg2-cruise,6386.066090364509,6400.73962983429,直连,,116.70692894928642,122.0
Q2-028,leg1-cruise,6396.807362354164,6425.261654231104,中断,,124.60497838324589,122.0
Q2-012,leg2-cruise,6397.882134952085,6398.799231168947,中断,,122.0030619935705,122.0
Q2-012,leg2-cruise,6398.799231168947,6401.55051981953,直连,,121.97283923085341,122.0
Q2-013,leg2-cruise,6400.73962983429,6408.076399569181,直连,,105.77180865298145,122.0
Q2-012,leg2-cruise,6401.55051981953,6412.555674421867,直连,,121.83552191666328,122.0
Q2-013,leg2-cruise,6408.076399569181,6415.413169304072,直连,,105.26380965089304,122.0
Q2-030,leg1-cruise,6408.537970758963,6437.351762704854,中断,,125.20252430336038,122.0
Q2-012,leg2-cruise,6412.555674421867,6419.892444156757,直连,,121.39389866575458,122.0
Q2-013,leg2-cruise,6415.413169304072,6422.749939038962,直连,,104.72445972174437,122.0
Q2-012,leg2-cruise,6419.892444156757,6427.229213891647,直连,,121.13109692038437,122.0
Q2-013,leg2-cruise,6422.749939038962,6430.086708773853,直连,,104.14966607528419,122.0
Q2-028,leg1-cruise,6425.261654231104,6453.715946108045,中断,,125.27234505926336,122.0
Q2-012,leg2-cruise,6427.229213891647,6434.565983626538,直连,,120.86010874417137,122.0
Q2-013,leg2-cruise,6430.086708773853,6437.423478508744,直连,,103.53448627245695,122.0
Q2-012,leg2-cruise,6434.565983626538,6441.902753361428,直连,,120.58040864297527,122.0
Q2-030,leg1-cruise,6437.351762704854,6466.165554650745,中断,,125.71104179592713,122.0
Q2-013,leg2-cruise,6437.423478508744,6444.760248243634,直连,,102.8728783896252,122.0
Q2-012,leg2-cruise,6441.902753361428,6449.239523096319,直连,,120.29141894526089,122.0
Q2-013,leg2-cruise,6444.760248243634,6452.0970179785245,直连,,102.15735349183998,122.0
Q2-012,leg2-cruise,6449.239523096319,6456.57629283121,直连,,119.99250267250639,122.0
Q2-013,leg2-cruise,6452.0970179785245,6459.433787713415,直连,,101.37848165292412,122.0
Q2-028,leg1-cruise,6453.715946108045,6482.170237984985,中断,,125.89214116365028,122.0
Q2-012,leg2-cruise,6456.57629283121,6463.9130625661,直连,,119.68295515158682,122.0
Q2-013,leg2-cruise,6459.433787713415,6466.770557448306,直连,,100.5241726566972,122.0
Q2-012,leg2-cruise,6463.9130625661,6471.24983230099,直连,,119.36199409371652,122.0
Q2-030,leg1-cruise,6466.165554650745,6494.979346596638,中断,,126.19154830252296,122.0
Q2-013,leg2-cruise,6466.770557448306,6474.1073271831965,直连,,99.57860015443477,122.0
Q2-012,leg2-cruise,6471.24983230099,6478.586602035881,直连,,119.0287477917193,122.0
Q2-013,leg2-cruise,6474.1073271831965,6481.444096918087,直连,,98.52054470470594,122.0
Q2-012,leg2-cruise,6478.586602035881,6485.923371770771,直连,,118.68224099171678,122.0
Q2-013,leg2-cruise,6481.444096918087,6488.780866652978,直连,,97.32076237296684,122.0
Q2-028,leg1-cruise,6482.170237984985,6510.624529861925,中断,,126.47069156874254,122.0
Q2-012,leg2-cruise,6485.923371770771,6493.2601415056615,直连,,118.32137786866679,122.0
Q2-013,leg2-cruise,6488.780866652978,6496.1176363878685,直连,,95.93768726550319,122.0
Q2-012,leg2-cruise,6493.2601415056615,6500.596911240553,直连,,117.94492136541238,122.0
Q2-030,leg1-cruise,6494.979346596638,6523.793138542529,中断,,126.64695723683246,122.0
Q2-013,leg2-cruise,6496.1176363878685,6503.454406122759,直连,,94.3103306621032,122.0
Q2-012,leg2-cruise,6500.596911240553,6507.933680975443,直连,,117.5514679253211,122.0
Q2-013,leg2-cruise,6503.454406122759,6510.791175857649,直连,,92.34722699555977,122.0
Q2-012,leg2-cruise,6507.933680975443,6515.2704507103335,直连,,117.1394163339603,122.0
Q2-028,leg1-cruise,6510.624529861925,6539.0788217388645,中断,,127.01313929472546,122.0
Q2-013,leg2-cruise,6510.791175857649,6518.12794559254,直连,,89.91651661893002,122.0
Q2-012,leg2-cruise,6515.2704507103335,6522.607220445224,直连,,116.70692894928642,122.0
Q2-013,leg2-cruise,6518.12794559254,6525.464715327431,直连,,86.9054393857191,122.0
Q2-012,leg2-cruise,6522.607220445224,6529.943990180114,直连,,116.25188298691315,122.0
Q2-030,leg1-cruise,6523.793138542529,6552.60693048842,中断,,127.07975147287738,122.0
Q2-013,leg2-cruise,6525.464715327431,6532.801485062321,直连,,83.89357722932039,122.0
Q2-012,leg2-cruise,6529.943990180114,6537.280759915006,直连,,105.77180865298145,122.0
Q2-013,leg2-descent,6532.801485062321,6554.872006709456,直连,,81.48750329606163,122.0
Q2-012,leg2-cruise,6537.280759915006,6544.617529649896,直连,,105.26380965089304,122.0
Q2-028,leg1-cruise,6539.0788217388645,6567.533113615805,中断,,127.5237225003748,122.0
Q2-012,leg2-cruise,6544.617529649896,6559.291069119678,直连,,104.72445972174437,122.0
Q2-030,leg1-descent,6552.60693048842,6582.380815579566,中断,,127.28592873030037,122.0
Q2-013,leg2-descent,6554.872006709456,6576.942528356592,直连,,76.00850023879948,122.0
Q2-012,leg2-cruise,6559.291069119678,6573.964608589458,直连,,103.53448627245695,122.0
Q2-028,leg1-cruise,6567.533113615805,6595.987405492745,中断,,128.00597486643272,122.0
Q2-012,leg2-cruise,6573.964608589458,6581.301378324349,直连,,102.15735349183998,122.0
Q2-013,leg2-descent,6576.942528356592,6599.013050003728,直连,,57.65694533678082,122.0
Q2-012,leg2-cruise,6581.301378324349,6588.638148059239,直连,,101.37848165292412,122.0
Q2-030,leg1-descent,6582.380815579566,6612.154700670712,中断,,127.28177265241285,122.0
Q2-012,leg2-cruise,6588.638148059239,6603.311687529021,直连,,100.5241726566972,122.0
Q2-028,leg1-descent,6595.987405492745,6621.489738561593,中断,,128.23671069470163,122.0
Q2-012,leg2-cruise,6603.311687529021,6617.985226998802,直连,,98.52054470470594,122.0
Q2-030,leg1-descent,6612.154700670712,6641.928585761858,中断,,127.27852456433072,122.0
Q2-012,leg2-cruise,6617.985226998802,6625.321996733693,直连,,95.93768726550319,122.0
Q2-028,leg1-descent,6621.489738561593,6646.9920716304405,中断,,128.23553770537117,122.0
Q2-012,leg2-cruise,6625.321996733693,6647.332305938364,直连,,94.3103306621032,122.0
Q2-030,S003-handoff,6641.928585761858,6671.928585761858,中断,,127.27724167653642,122.0
Q2-028,S008-handoff,6646.9920716304405,6675.792071630441,中断,,128.23507991277862,122.0
Q2-012,leg2-cruise,6647.332305938364,6662.005845408145,直连,,86.9054393857191,122.0
Q2-012,leg2-descent,6662.005845408145,6684.076367055281,直连,,81.48750329606163,122.0
Q2-030,S003-handoff,6671.928585761858,6701.928585761858,中断,,127.27724167653642,122.0
Q2-028,S008-handoff,6675.792071630441,6704.592071630441,中断,,128.23507991277862,122.0
Q2-012,leg2-descent,6684.076367055281,6706.146888702417,直连,,76.00850023879948,122.0
Q2-030,S003-handoff,6701.928585761858,6731.928585761858,中断,,127.27724167653642,122.0
Q2-028,S008-handoff,6704.592071630441,6733.39207163044,中断,,128.23507991277862,122.0
Q2-012,leg2-descent,6706.146888702417,6728.217410349552,直连,,57.65694533678082,122.0
Q2-030,S003-handoff,6731.928585761858,6761.928585761858,中断,,127.27724167653642,122.0
Q2-028,S008-handoff,6733.39207163044,6762.19207163044,中断,,128.23507991277862,122.0
Q2-030,S003-handoff,6761.928585761858,6791.928585761858,中断,,127.27724167653642,122.0
Q2-028,S008-handoff,6762.19207163044,6819.792071630441,中断,,128.23507991277862,122.0
Q2-030,S003-handoff,6791.928585761858,6821.928585761858,中断,,127.27724167653642,122.0
Q2-028,S008-handoff,6819.792071630441,6848.592071630441,中断,,128.23507991277862,122.0
Q2-030,S003-handoff,6821.928585761858,6851.928585761858,中断,,127.27724167653642,122.0
Q2-028,S008-handoff,6848.592071630441,6877.39207163044,中断,,128.23507991277862,122.0
Q2-030,leg2-climb,6851.928585761858,6901.551727580434,中断,,127.27852456433072,122.0
Q2-028,S008-handoff,6877.39207163044,6906.19207163044,中断,,128.23507991277862,122.0
Q2-030,leg2-climb,6901.551727580434,6926.363298489722,中断,,127.28592873030037,122.0
Q2-028,S008-handoff,6906.19207163044,6934.9920716304405,中断,,128.23507991277862,122.0
Q2-030,leg2-cruise,6926.363298489722,6955.1770904356135,中断,,127.07975147287738,122.0
Q2-020,leg1-climb,6929.013050003728,6958.619667028467,直连,,67.80555392616309,122.0
Q2-028,leg2-climb,6934.9920716304405,6955.393938085519,中断,,128.23553770537117,122.0
Q2-030,leg2-cruise,6955.1770904356135,6983.990882381505,中断,,126.64695723683246,122.0
Q2-028,leg2-climb,6955.393938085519,6975.795804540597,中断,,128.23671069470163,122.0
Q2-020,leg1-climb,6958.619667028467,6988.226284053207,直连,,81.13343784432796,122.0
Q2-028,leg2-cruise,6975.795804540597,7004.250096417537,中断,,128.00597486643272,122.0
Q2-030,leg2-cruise,6983.990882381505,7012.804674327397,中断,,126.19154830252296,122.0
Q2-020,leg1-climb,6988.226284053207,7017.832901077946,直连,,86.16338592443435,122.0
Q2-028,leg2-cruise,7004.250096417537,7032.704388294477,中断,,127.5237225003748,122.0
Q2-030,leg2-cruise,7012.804674327397,7041.6184662732885,中断,,125.71104179592713,122.0
Q2-020,leg1-climb,7017.832901077946,7047.439518102686,直连,,89.32818788745575,122.0
Q2-028,leg2-cruise,7032.704388294477,7061.1586801714175,中断,,127.01313929472546,122.0
Q2-030,leg2-cruise,7041.6184662732885,7070.43225821918,中断,,125.20252430336038,122.0
Q2-020,leg1-climb,7047.439518102686,7077.046135127425,直连,,91.6427926864653,122.0
Q2-028,leg2-cruise,7061.1586801714175,7089.612972048357,中断,,126.47069156874254,122.0
Q2-030,leg2-cruise,7070.43225821918,7099.246050165071,中断,,124.6625468228174,122.0
Q2-020,leg1-cruise,7077.046135127425,7091.37735881442,直连,,92.6727692819058,122.0
Q2-014,leg1-climb,7088.217410349552,7110.2963979797605,直连,,62.41189614159535,122.0
Q2-028,leg2-cruise,7089.612972048357,7118.067263925297,中断,,125.89214116365028,122.0
Q2-020,leg1-cruise,7091.37735881442,7105.708582501416,直连,,94.0695130435605,122.0
Q2-030,leg2-cruise,7099.246050165071,7128.0598421109635,中断,,124.08698582729656,122.0
Q2-020,leg1-cruise,7105.708582501416,7112.874194344913,直连,,96.22247937907505,122.0
Q2-014,leg1-climb,7110.2963979797605,7132.375385609968,直连,,78.04575938899079,122.0
Q2-020,leg1-cruise,7112.874194344913,7120.039806188412,直连,,97.29185747483751,122.0
Q2-028,leg2-cruise,7118.067263925297,7146.521555802237,中断,,125.27234505926336,122.0
Q2-020,leg1-cruise,7120.039806188412,7134.371029875407,直连,,98.30214612086812,122.0
Q2-030,leg2-cruise,7128.0598421109635,7156.873634056855,中断,,123.47085653419727,122.0
Q2-014,leg1-climb,7132.375385609968,7154.454373240177,直连,,83.31699936871901,122.0
Q2-020,leg1-cruise,7134.371029875407,7148.702253562402,直连,,100.11736813760969,122.0
Q2-028,leg2-cruise,7146.521555802237,7174.975847679178,中断,,124.60497838324589,122.0
Q2-020,leg1-cruise,7148.702253562402,7155.8678654058995,直连,,101.67896144271862,122.0
Q2-014,leg1-cruise,7154.454373240177,7161.818290088997,直连,,85.49339966895623,122.0
Q2-020,leg1-cruise,7155.8678654058995,7163.033477249397,直连,,102.37880390406102,122.0
Q2-030,leg2-cruise,7156.873634056855,7185.687426002746,中断,,122.8080574046474,122.0
Q2-014,leg1-cruise,7161.818290088997,7169.182206937816,直连,,87.79136983392227,122.0
Q2-020,leg1-cruise,7163.033477249397,7170.199089092895,直连,,103.03221278604391,122.0
Q2-014,leg1-cruise,7169.182206937816,7176.546123786636,直连,,90.39628647118346,122.0
Q2-020,leg1-cruise,7170.199089092895,7177.364700936392,直连,,103.6441786359892,122.0
Q2-028,leg2-cruise,7174.975847679178,7203.430139556118,中断,,123.88214281474077,122.0
Q2-014,leg1-cruise,7176.546123786636,7183.9100406354555,直连,,92.64063637743337,122.0
Q2-020,leg1-cruise,7177.364700936392,7184.530312779891,直连,,104.2190996555394,122.0
Q2-014,leg1-cruise,7183.9100406354555,7191.273957484275,直连,,94.5104346461299,122.0
Q2-020,leg1-cruise,7184.530312779891,7191.695924623388,直连,,104.76081794102626,122.0
Q2-030,leg2-cruise,7185.687426002746,7214.5012179486375,中断,,122.09101345865356,122.0
Q2-014,leg1-cruise,7191.273957484275,7198.637874333095,直连,,96.08590928293201,122.0
Q2-020,leg1-cruise,7191.695924623388,7198.861536466886,直连,,105.27267880287845,122.0
Q2-014,leg1-cruise,7198.637874333095,7206.001791181914,直连,,97.43755806937065,122.0
Q2-020,leg1-cruise,7198.861536466886,7206.027148310383,直连,,105.75759454550645,122.0
Q2-028,leg2-cruise,7203.430139556118,7231.884431433058,中断,,123.09379845713566,122.0
Q2-014,leg1-cruise,7206.001791181914,7213.365708030734,直连,,98.61699315921655,122.0
Q2-020,leg1-cruise,7206.027148310383,7220.3583719973785,直连,,106.21810468297318,122.0
Q2-014,leg1-cruise,7213.365708030734,7220.729624879554,直连,,99.66116907028865,122.0
Q2-030,leg2-cruise,7214.5012179486375,7221.704665935111,直连,,111.61117089941351,122.0
Q2-020,leg1-cruise,7220.3583719973785,7227.523983840876,直连,,107.07451696771173,122.0
Q2-014,leg1-cruise,7220.729624879554,7228.093541728373,直连,,100.5968722265937,122.0
Q2-030,leg2-cruise,7221.704665935111,7228.908113921583,直连,,111.41165042576775,122.0
Q2-020,leg1-cruise,7227.523983840876,7234.689595684375,直连,,107.4740813595239,122.0
Q2-014,leg1-cruise,7228.093541728373,7235.4574585771925,直连,,101.44392292442356,122.0
Q2-030,leg2-cruise,7228.908113921583,7236.1115619080565,直连,,111.2074994423159,122.0
Q2-028,leg2-cruise,7231.884431433058,7238.998004402293,直连,,112.56218682002964,122.0
Q2-020,leg1-cruise,7234.689595684375,7241.855207527872,直连,,107.85663767678842,122.0
Q2-014,leg1-cruise,7235.4574585771925,7242.821375426012,直连,,102.21730630539683,122.0
Q2-030,leg2-cruise,7236.1115619080565,7243.31500989453,直连,,110.99850103048746,122.0
Q2-028,leg2-cruise,7238.998004402293,7246.111577371528,直连,,112.34011164570677,122.0
Q2-020,leg1-cruise,7241.855207527872,7249.02081937137,直连,,108.22352937332833,122.0
Q2-014,leg1-cruise,7242.821375426012,7250.185292274831,直连,,102.92858333751072,122.0
Q2-030,leg2-cruise,7243.31500989453,7250.518457881002,直连,,110.78442291152926,122.0
Q2-028,leg2-cruise,7246.111577371528,7253.225150340762,直连,,112.11222718544889,122.0
Q2-020,leg1-cruise,7249.02081937137,7256.186431214867,直连,,108.5759522037803,122.0
Q2-014,leg1-cruise,7250.185292274831,7257.549209123651,直连,,103.58683798670098,122.0
Q2-030,leg2-cruise,7250.518457881002,7257.7219058674755,直连,,110.56501598869019,122.0
Q2-028,leg2-cruise,7253.225150340762,7260.3387233099975,直连,,111.87822235258975,122.0
Q2-020,leg1-cruise,7256.186431214867,7263.352043058365,直连,,108.91497424584911,122.0
Q2-014,leg1-cruise,7257.549209123651,7264.913125972471,直连,,104.19932554901845,122.0
Q2-030,leg2-cruise,7257.7219058674755,7264.925353853949,直连,,110.34001271620718,122.0
Q2-028,leg2-cruise,7260.3387233099975,7267.4522962792325,直连,,111.63776047392665,122.0
Q2-020,leg1-cruise,7263.352043058365,7270.517654901862,直连,,109.2415528121628,122.0
Q2-014,leg1-cruise,7264.913125972471,7272.27704282129,直连,,104.77192567430785,122.0
Q2-030,leg2-cruise,7264.925353853949,7272.128801840421,直连,,110.10912527053604,122.0
Q2-028,leg2-cruise,7267.4522962792325,7274.565869248468,直连,,111.39047641549931,122.0
Q2-020,leg1-cruise,7270.517654901862,7277.68326674536,直连,,109.556548773132,122.0
Q2-030,leg2-cruise,7272.128801840421,7279.3322498268935,直连,,109.87204349526222,122.0
Q2-014,leg1-cruise,7272.27704282129,7279.64095967011,直连,,105.30946531238351,122.0
Q2-028,leg2-cruise,7274.565869248468,7281.679442217703,直连,,111.13597329481962,122.0
Q2-020,leg1-cruise,7277.68326674536,7284.848878588858,直连,,109.8607387246742,122.0
Q2-030,leg2-cruise,7279.3322498268935,7286.535697813367,直连,,109.62843258639256,122.0
Q2-014,leg1-cruise,7279.64095967011,7287.004876518929,直连,,105.8159532847568,122.0
Q2-028,leg2-cruise,7281.679442217703,7288.793015186938,直连,,110.8738187063724,122.0
Q2-020,leg1-cruise,7284.848878588858,7292.014490432355,直连,,110.1548253595192,122.0
Q2-030,leg2-cruise,7286.535697813367,7293.73914579984,直连,,109.37793047916145,122.0
Q2-014,leg1-cruise,7287.004876518929,7294.368793367748,直连,,106.29475363552957,122.0
Q2-028,leg2-cruise,7288.793015186938,7295.906588156173,直连,,110.60354037171943,122.0
Q2-020,leg1-cruise,7292.014490432355,7299.180102275853,直连,,110.43944633793816,122.0
Q2-030,leg2-cruise,7293.73914579984,7300.9425937863125,直连,,109.12014489089887,122.0
Q2-014,leg1-cruise,7294.368793367748,7301.732710216568,直连,,106.74871578391414,122.0
Q2-028,leg2-cruise,7295.906588156173,7303.020161125408,直连,,110.32462110619161,122.0
Q2-020,leg1-cruise,7299.180102275853,7306.34571411935,直连,,120.71518190160162,122.0
Q2-030,leg2-cruise,7300.9425937863125,7308.146041772785,直连,,108.85464996671965,122.0
Q2-014,leg1-cruise,7301.732710216568,7309.096627065388,直连,,107.18027366787783,122.0
Q2-028,leg2-cruise,7303.020161125408,7310.133734094643,直连,,110.0364929699138,122.0
Q2-020,leg1-cruise,7306.34571411935,7313.511325962848,直连,,120.98256143157882,122.0
Q2-030,leg2-cruise,7308.146041772785,7315.349489759258,直连,,108.58098246563131,122.0
Q2-014,leg1-cruise,7309.096627065388,7316.460543914207,直连,,107.59152227254799,122.0
Q2-028,leg2-cruise,7310.133734094643,7317.247307063878,直连,,109.73853044021155,122.0
Q2-020,leg1-cruise,7313.511325962848,7320.676937806345,直连,,121.24206911645223,122.0
Q2-030,leg2-cruise,7315.349489759258,7322.5529377457315,直连,,108.29863741387479,122.0
Q2-014,leg1-cruise,7316.460543914207,7323.824460763027,直连,,107.98427742166753,122.0
Q2-028,leg2-cruise,7317.247307063878,7324.360880033113,直连,,109.43004240345948,122.0
Q2-020,leg1-cruise,7320.676937806345,7327.842549649844,直连,,121.49414886797774,122.0
Q2-030,leg2-cruise,7322.5529377457315,7329.756385732204,直连,,108.00706313958776,122.0
Q2-014,leg1-cruise,7323.824460763027,7331.188377611847,直连,,108.3601230140015,122.0
Q2-028,leg2-cruise,7324.360880033113,7331.474453002348,直连,,109.1102627144659,122.0
Q2-020,leg1-cruise,7327.842549649844,7335.0081614933415,直连,,121.73920859828935,122.0
Q2-030,leg2-cruise,7329.756385732204,7336.959833718676,直连,,107.70565558831892,122.0
Q2-014,leg1-cruise,7331.188377611847,7338.552294460666,直连,,108.72044872370118,122.0
Q2-028,leg2-cruise,7331.474453002348,7338.588025971583,直连,,108.7783390069874,122.0
Q2-020,leg1-cruise,7335.0081614933415,7363.670608867332,中断,,122.3235398648448,122.0
Q2-030,leg2-cruise,7336.959833718676,7344.1632817051495,直连,,107.39375180185105,122.0
Q2-014,leg1-cruise,7338.552294460666,7345.916211309486,直连,,109.06648037388499,122.0
Q2-028,leg2-cruise,7338.588025971583,7345.701598940818,直连,,108.43331935513747,122.0
Q2-030,leg2-cruise,7344.1632817051495,7351.366729691623,直连,,107.07062242374755,122.0
Q2-028,leg2-cruise,7345.701598940818,7352.815171910053,直连,,108.07413627544302,122.0
Q2-014,leg1-cruise,7345.916211309486,7353.280128158305,直连,,109.39930462064962,122.0
Q2-030,leg2-cruise,7351.366729691623,7358.570177678095,直连,,106.73546307403467,122.0
Q2-028,leg2-cruise,7352.815171910053,7359.928744879288,直连,,107.69958741384993,122.0
Q2-014,leg1-cruise,7353.280128158305,7360.644045007125,直连,,109.71988917508439,122.0
Q2-030,leg2-cruise,7358.570177678095,7365.7736256645685,直连,,106.38738441345052,122.0
Q2-028,leg2-cruise,7359.928744879288,7367.042317848523,直连,,107.30831206779366,122.0
Q2-014,leg1-cruise,7360.644045007125,7368.007961855945,直连,,110.02909949382838,122.0
Q2-020,leg1-cruise,7363.670608867332,7392.333056241323,中断,,123.18440253821892,122.0
Q2-030,leg2-cruise,7365.7736256645685,7372.977073651042,直连,,106.0254006967825,122.0
Q2-028,leg2-cruise,7367.042317848523,7374.1558908177585,直连,,106.8987624317182,122.0
Q2-014,leg1-cruise,7368.007961855945,7375.371878704764,直连,,110.32771265073734,122.0
Q2-030,leg2-cruise,7372.977073651042,7380.180521637514,直连,,105.64841659893317,122.0
Q2-028,leg2-cruise,7374.1558908177585,7381.269463786994,直连,,106.46916809821208,122.0
Q2-014,leg1-cruise,7375.371878704764,7382.735795553584,直连,,110.61642894050624,122.0
Q2-030,leg2-cruise,7380.180521637514,7387.3839696239875,直连,,105.25521209390907,122.0
Q2-028,leg2-cruise,7381.269463786994,7388.383036756229,直连,,106.01749185685047,122.0
Q2-014,leg1-cruise,7382.735795553584,7390.099712402403,直连,,110.89588164382967,122.0
Q2-030,leg2-cruise,7387.3839696239875,7394.587417610461,直连,,104.84442518958969,122.0
Q2-028,leg2-cruise,7388.383036756229,7395.496609725464,直连,,105.54137415151963,122.0
Q2-014,leg1-cruise,7390.099712402403,7397.463629251222,直连,,111.16664529198124,122.0
Q2-020,leg1-cruise,7392.333056241323,7420.995503615313,中断,,123.96820856344465,122.0
Q2-030,leg2-cruise,7394.587417610461,7401.790865596933,直连,,104.41453239424982,122.0
Q2-028,leg2-cruise,7395.496609725464,7402.610182694699,直连,,105.03806259932016,122.0
Q2-014,leg1-cruise,7397.463629251222,7404.827546100042,直连,,111.42924269854869,122.0
Q2-030,leg2-cruise,7401.790865596933,7408.9943135834055,直连,,103.96382695870113,122.0
Q2-028,leg2-cruise,7402.610182694699,7409.723755663934,直连,,104.50432161341604,122.0
Q2-014,leg1-cruise,7404.827546100042,7412.191462948862,直连,,121.6841509721132,122.0
Q2-030,leg2-cruise,7408.9943135834055,7416.197761569879,直连,,103.4903952785918,122.0
Q2-028,leg2-cruise,7409.723755663934,7416.837328633168,直连,,103.93631521926375,122.0
Q2-014,leg1-cruise,7412.191462948862,7417.714400585476,直连,,121.87055020211989,122.0
Q2-030,leg2-cruise,7416.197761569879,7423.401209556352,直连,,102.99209249678655,122.0
Q2-028,leg2-cruise,7416.837328633168,7423.950901602403,直连,,103.32945332641877,122.0
Q2-014,leg1-cruise,7417.714400585476,7449.011047192959,中断,,122.02289057552264,122.0
Q2-020,leg1-cruise,7420.995503615313,7449.6579509893045,中断,,124.68753714802428,122.0
Q2-030,leg2-cruise,7423.401209556352,7430.6046575428245,直连,,102.46651957045538,122.0
Q2-028,leg2-cruise,7423.950901602403,7431.064474571638,直连,,102.67818760399992,122.0
Q2-030,leg2-cruise,7430.6046575428245,7437.808105529297,直连,,101.91100632569224,122.0
Q2-028,leg2-cruise,7431.064474571638,7438.178047540873,直连,,101.97573713041542,122.0
Q2-030,leg2-cruise,7437.808105529297,7445.01155351577,直连,,101.32260916345251,122.0
Q2-028,leg2-cruise,7438.178047540873,7445.291620510108,直连,,101.2137154412749,122.0
Q2-030,leg2-cruise,7445.01155351577,7452.2150015022435,直连,,100.69813966865422,122.0
Q2-028,leg2-cruise,7445.291620510108,7452.405193479343,直连,,100.38161897511542,122.0
Q2-014,leg1-cruise,7449.011047192959,7478.466714588238,中断,,123.38965350414121,122.0
Q2-020,leg1-cruise,7449.6579509893045,7478.320398363295,中断,,125.3521360771904,122.0
Q2-030,leg2-cruise,7452.2150015022435,7459.418449488716,直连,,100.03425429400897,122.0
Q2-028,leg2-cruise,7452.405193479343,7459.518766448578,直连,,99.46612331181052,122.0
Q2-030,leg2-cruise,7459.418449488716,7466.621897475189,直连,,99.32766082350524,122.0
Q2-028,leg2-cruise,7459.518766448578,7466.6323394178135,直连,,98.45012597681749,122.0
Q2-030,leg2-cruise,7466.621897475189,7473.825345461662,直连,,98.57554389878007,122.0
Q2-028,leg2-cruise,7466.6323394178135,7480.859485356284,直连,,97.311506890386,122.0
Q2-030,leg2-cruise,7473.825345461662,7481.028793448135,直连,,97.77639528907147,122.0
Q2-020,leg1-descent,7478.320398363295,7497.780249437514,中断,,125.66399196278283,122.0
Q2-014,leg1-cruise,7478.466714588238,7507.922381983516,中断,,124.17875342793518,122.0
Q2-028,leg2-cruise,7480.859485356284,7487.973058325519,直连,,94.54568693915542,122.0
Q2-030,leg2-cruise,7481.028793448135,7488.232241434608,直连,,96.93157690981879,122.0
Q2-028,leg2-cruise,7487.973058325519,7495.086631294754,直连,,92.84626607020462,122.0
Q2-030,leg2-cruise,7488.232241434608,7495.435689421081,直连,,96.04815987818927,122.0
Q2-028,leg2-cruise,7495.086631294754,7502.200204263989,直连,,90.91360248398198,122.0
Q2-030,leg2-cruise,7495.435689421081,7502.639137407554,直连,,95.14380561482096,122.0
Q2-020,leg1-descent,7497.780249437514,7517.240100511733,中断,,125.65962995058764,122.0
Q2-028,leg2-cruise,7502.200204263989,7509.313777233224,直连,,88.88161340493741,122.0
Q2-030,leg2-cruise,7502.639137407554,7509.842585394026,直连,,94.25430044874697,122.0
Q2-014,leg1-descent,7507.922381983516,7534.204559717891,中断,,124.5463377611981,122.0
Q2-028,leg2-cruise,7509.313777233224,7516.427350202459,直连,,87.34309554964592,122.0
Q2-030,leg2-cruise,7509.842585394026,7517.0460333804995,直连,,93.44259481084909,122.0
Q2-028,leg2-descent,7516.427350202459,7540.948283429998,直连,,86.10467020375069,122.0
Q2-030,leg2-cruise,7517.0460333804995,7524.249481366973,直连,,92.80266939745906,122.0
Q2-020,S015-handoff,7517.240100511733,7547.240100511733,中断,,125.65765946448572,122.0
Q2-030,leg2-cruise,7524.249481366973,7531.452929353445,直连,,92.44347830290607,122.0
Q2-030,leg2-descent,7531.452929353445,7560.393205232352,直连,,91.60242445135643,122.0
Q2-014,leg1-descent,7534.204559717891,7560.486737452266,中断,,124.5440446855257,122.0
Q2-028,leg2-descent,7540.948283429998,7565.469216657537,直连,,83.67087452603937,122.0
Q2-020,S015-handoff,7547.240100511733,7577.240100511733,中断,,125.65765946448572,122.0
Q2-030,leg2-descent,7560.393205232352,7589.333481111257,直连,,89.75666946253962,122.0
Q2-014,S005-handoff,7560.486737452266,7590.486737452266,中断,,124.54339790767136,122.0
Q2-028,leg2-descent,7565.469216657537,7589.990149885076,直连,,80.27756706568827,122.0
Q2-020,S015-handoff,7577.240100511733,7607.240100511733,中断,,125.65765946448572,122.0
Q2-029,leg1-climb,7586.4804853771375,7613.534402003114,直连,,62.86274878634517,122.0
Q2-030,leg2-descent,7589.333481111257,7618.273756990164,直连,,87.40981676997849,122.0
Q2-028,leg2-descent,7589.990149885076,7614.511083112615,直连,,74.63149021706384,122.0
Q2-014,S005-handoff,7590.486737452266,7620.486737452266,中断,,124.54339790767136,122.0
Q2-020,S015-handoff,7607.240100511733,7637.240100511733,中断,,125.65765946448572,122.0
Q2-029,leg1-climb,7613.534402003114,7640.58831862909,直连,,78.27227986437379,122.0
Q2-028,leg2-descent,7614.511083112615,7639.032016340154,直连,,53.158786688585394,122.0
Q2-030,leg2-descent,7618.273756990164,7647.21403286907,直连,,84.18408912653264,122.0
Q2-014,S005-handoff,7620.486737452266,7650.486737452266,中断,,124.54339790767136,122.0
Q2-020,S015-handoff,7637.240100511733,7667.240100511733,中断,,125.65765946448572,122.0
Q2-029,leg1-climb,7640.58831862909,7667.642235255067,直连,,83.52301912066874,122.0
Q2-030,leg2-descent,7647.21403286907,7676.154308747976,直连,,78.99564504974266,122.0
Q2-014,S005-handoff,7650.486737452266,7680.486737452266,中断,,124.54339790767136,122.0
Q2-020,S015-handoff,7667.240100511733,7697.240100511733,中断,,125.65765946448572,122.0
Q2-029,leg1-climb,7667.642235255067,7694.696151881044,直连,,86.77227563314878,122.0
Q2-030,leg2-descent,7676.154308747976,7705.094584626882,直连,,64.2312958009696,122.0
Q2-014,S005-handoff,7680.486737452266,7710.486737452266,中断,,124.54339790767136,122.0
Q2-029,leg1-cruise,7694.696151881044,7701.868061549101,直连,,88.22744387292781,122.0
Q2-020,leg2-climb,7697.240100511733,7713.456643073581,中断,,125.65962995058764,122.0
Q2-029,leg1-cruise,7701.868061549101,7716.211880885216,直连,,89.53882482803249,122.0
Q2-014,S005-handoff,7710.486737452266,7740.486737452266,中断,,124.54339790767136,122.0
Q2-020,leg2-climb,7713.456643073581,7729.673185635431,中断,,125.66399196278283,122.0
Q2-029,leg1-cruise,7716.211880885216,7730.555700221328,直连,,93.16204540862863,122.0
Q2-020,leg2-cruise,7729.673185635431,7758.335633009421,中断,,125.3521360771904,122.0
Q2-029,leg1-cruise,7730.555700221328,7744.8995195574425,直连,,96.2122494127283,122.0
Q2-014,S005-handoff,7740.486737452266,7770.486737452266,中断,,124.54339790767136,122.0
Q2-029,leg1-cruise,7744.8995195574425,7759.243338893557,直连,,98.58976638687588,122.0
Q2-020,leg2-cruise,7758.335633009421,7786.998080383412,中断,,124.68753714802581,122.0
Q2-029,leg1-cruise,7759.243338893557,7773.587158229671,直连,,100.49669100365503,122.0
Q2-014,leg2-climb,7770.486737452266,7792.388552230912,中断,,124.5440446855257,122.0
Q2-029,leg1-cruise,7773.587158229671,7787.930977565786,直连,,102.07727430731777,122.0
Q2-020,leg2-cruise,7786.998080383412,7815.660527757403,中断,,123.96820856344465,122.0
Q2-029,leg1-cruise,7787.930977565786,7795.102887233843,直连,,103.42279788484709,122.0
Q2-014,leg2-climb,7792.388552230912,7814.290367009558,中断,,124.5463377611981,122.0
Q2-029,leg1-cruise,7795.102887233843,7816.618616238013,直连,,104.02673526337972,122.0
Q2-014,leg2-cruise,7814.290367009558,7843.746034404837,中断,,124.17875342793518,122.0
Q2-020,leg2-cruise,7815.660527757403,7844.322975131394,中断,,123.1844025382171,122.0
Q2-029,leg1-cruise,7816.618616238013,7845.3062549102415,直连,,105.62576394730169,122.0
Q2-014,leg2-cruise,7843.746034404837,7873.201701800115,中断,,123.38965350414121,122.0
Q2-020,leg2-cruise,7844.322975131394,7872.985422505384,中断,,122.3235398648448,122.0
Q2-029,leg1-cruise,7845.3062549102415,7873.993893582469,直连,,107.38819060158676,122.0
Q2-020,leg2-cruise,7872.985422505384,7880.151034348882,直连,,121.73920859828935,122.0
Q2-014,leg2-cruise,7873.201701800115,7902.657369195393,中断,,122.52176572620604,122.0
Q2-029,leg1-cruise,7873.993893582469,7881.165803250527,直连,,108.85563754594394,122.0
Q2-020,leg2-cruise,7880.151034348882,7887.316646192379,直连,,121.49414886797774,122.0
Q2-029,leg1-cruise,7881.165803250527,7888.337712918584,直连,,109.18709016447617,122.0
Q2-020,leg2-cruise,7887.316646192379,7894.482258035878,直连,,121.24206911645223,122.0
Q2-029,leg1-cruise,7888.337712918584,7895.509622586641,直连,,109.50644890703545,122.0
Q2-020,leg2-cruise,7894.482258035878,7901.647869879375,直连,,120.98256143157882,122.0
Q2-029,leg1-cruise,7895.509622586641,7902.681532254697,直连,,109.81455929968664,122.0
Q2-020,leg2-cruise,7901.647869879375,7908.813481722873,直连,,120.71518190160162,122.0
Q2-014,leg2-cruise,7902.657369195393,7904.498348407597,中断,,122.02289057552264,122.0
Q2-029,leg1-cruise,7902.681532254697,7909.853441922754,直连,,110.1121817731531,122.0
Q2-014,leg2-cruise,7904.498348407597,7910.0212860442125,直连,,121.9622740112559,122.0
Q2-020,leg2-cruise,7908.813481722873,7915.9790935663705,直连,,110.43944633793816,122.0
Q2-029,leg1-cruise,7909.853441922754,7917.025351590812,直连,,110.40000263747574,122.0
Q2-014,leg2-cruise,7910.0212860442125,7917.385202893032,直连,,121.6841509721132,122.0
Q2-020,leg2-cruise,7915.9790935663705,7923.144705409868,直连,,110.1548253595192,122.0
Q2-029,leg1-cruise,7917.025351590812,7924.197261258869,直连,,110.67864335406315,122.0
Q2-014,leg2-cruise,7917.385202893032,7924.749119741851,直连,,111.42924269854869,122.0
Q2-020,leg2-cruise,7923.144705409868,7930.310317253366,直连,,109.8607387246742,122.0
Q2-029,leg1-cruise,7924.197261258869,7931.369170926926,直连,,110.94866841053668,122.0
Q2-014,leg2-cruise,7924.749119741851,7932.113036590671,直连,,111.16664529198124,122.0
Q2-020,leg2-cruise,7930.310317253366,7937.475929096863,直连,,109.556548773132,122.0
Q2-029,leg1-cruise,7931.369170926926,7938.541080594983,直连,,111.21059204208153,122.0
Q2-014,leg2-cruise,7932.113036590671,7939.476953439491,直连,,110.89588164382967,122.0
Q2-020,leg2-cruise,7937.475929096863,7944.641540940361,直连,,109.2415528121628,122.0
Q2-029,leg1-cruise,7938.541080594983,7945.71299026304,直连,,111.46488399516839,122.0
Q2-014,leg2-cruise,7939.476953439491,7946.84087028831,直连,,110.61642894050624,122.0
Q2-020,leg2-cruise,7944.641540940361,7951.807152783858,直连,,108.91497424584911,122.0
Q2-029,leg1-cruise,7945.71299026304,7952.884899931097,直连,,111.71197449198776,122.0
Q2-014,leg2-cruise,7946.84087028831,7954.20478713713,直连,,110.32771265073734,122.0
Q2-020,leg2-cruise,7951.807152783858,7958.972764627356,直连,,108.5759522037803,122.0
Q2-029,leg1-cruise,7952.884899931097,7960.056809599153,直连,,111.95225852434854,122.0
Q2-014,leg2-cruise,7954.20478713713,7961.5687039859495,直连,,110.02909949382838,122.0
Q2-020,leg2-cruise,7958.972764627356,7966.1383764708535,直连,,108.22352937332833,122.0
Q2-029,leg1-cruise,7960.056809599153,7967.22871926721,直连,,112.18609958239715,122.0
Q2-014,leg2-cruise,7961.5687039859495,7968.932620834769,直连,,109.71988917508439,122.0
Q2-020,leg2-cruise,7966.1383764708535,7973.303988314352,直连,,107.85663767678842,122.0
Q2-029,leg1-cruise,7967.22871926721,7974.400628935267,直连,,112.41383290472997,122.0
Q2-014,leg2-cruise,7968.932620834769,7976.296537683589,直连,,109.39930462064962,122.0
Q2-020,leg2-cruise,7973.303988314352,7980.4696001578495,直连,,107.4740813595239,122.0
Q2-029,leg1-cruise,7974.400628935267,7981.572538603325,直连,,112.63576832149924,122.0
Q2-014,leg2-cruise,7976.296537683589,7983.660454532408,直连,,109.06648037388499,122.0
Q2-020,leg2-cruise,7980.4696001578495,7987.635212001347,直连,,107.07451696771173,122.0
Q2-029,leg1-cruise,7981.572538603325,7988.744448271382,直连,,112.85219274992461,122.0
Q2-014,leg2-cruise,7983.660454532408,7991.024371381228,直连,,108.72044872370118,122.0
Q2-020,leg2-cruise,7987.635212001347,7994.800823844845,直连,,106.65642959593573,122.0
Q2-029,leg1-cruise,7988.744448271382,7995.916357939439,直连,,113.06337239183173,122.0
Q2-014,leg2-cruise,7991.024371381228,7998.388288230048,直连,,108.3601230140015,122.0
Q2-020,leg2-cruise,7994.800823844845,8001.966435688342,直连,,106.21810468297318,122.0
Q2-029,leg1-cruise,7995.916357939439,8003.088267607496,直连,,113.26955467475408,122.0
Q2-014,leg2-cruise,7998.388288230048,8005.752205078867,直连,,107.98427742166753,122.0
Q2-020,leg2-cruise,8001.966435688342,8009.13204753184,直连,,105.75759454550645,122.0
Q2-029,leg1-cruise,8003.088267607496,8010.260177275552,直连,,113.47096997157512,122.0
Q2-014,leg2-cruise,8005.752205078867,8013.116121927686,直连,,107.59152227254799,122.0
Q2-020,leg2-cruise,8009.13204753184,8016.297659375337,直连,,105.27267880287845,122.0
Q2-029,leg1-cruise,8010.260177275552,8017.43208694361,直连,,113.66783312827421,122.0
Q2-014,leg2-cruise,8013.116121927686,8020.480038776506,直连,,107.18027366787783,122.0
Q2-020,leg2-cruise,8016.297659375337,8023.463271218835,直连,,104.76081794102626,122.0
Q2-029,leg1-cruise,8017.43208694361,8024.603996611667,直连,,113.86034482481635,122.0
Q2-014,leg2-cruise,8020.480038776506,8027.843955625326,直连,,106.74871578391414,122.0
Q2-020,leg2-cruise,8023.463271218835,8030.6288830623325,直连,,104.2190996555394,122.0
Q2-029,leg1-cruise,8024.603996611667,8031.775906279724,直连,,114.0486927905495,122.0
Q2-014,leg2-cruise,8027.843955625326,8035.207872474146,直连,,106.29475363552957,122.0
Q2-020,leg2-cruise,8030.6288830623325,8037.794494905831,直连,,103.6441786359892,122.0
Q2-029,leg1-cruise,8031.775906279724,8038.947815947781,直连,,114.23305289231817,122.0
Q2-014,leg2-cruise,8035.207872474146,8042.571789322965,直连,,105.8159532847568,122.0
Q2-020,leg2-cruise,8037.794494905831,8044.960106749329,直连,,103.03221278604391,122.0
Q2-029,leg1-cruise,8038.947815947781,8046.1197256158375,直连,,114.41359011092334,122.0
Q2-014,leg2-cruise,8042.571789322965,8049.935706171785,直连,,105.30946531238351,122.0
Q2-020,leg2-cruise,8044.960106749329,8052.125718592826,直连,,102.37880390406102,122.0
Q2-029,leg1-cruise,8046.1197256158375,8053.291635283895,直连,,114.59045941937964,122.0
Q2-014,leg2-cruise,8049.935706171785,8057.2996230206045,直连,,104.77192567430785,122.0
Q2-020,leg2-cruise,8052.125718592826,8059.291330436324,直连,,101.67896144271862,122.0
Q2-029,leg1-cruise,8053.291635283895,8060.463544951952,直连,,114.76380657453828,122.0
Q2-014,leg2-cruise,8057.2996230206045,8064.663539869423,直连,,104.19932554901845,122.0
Q2-020,leg2-cruise,8059.291330436324,8066.456942279821,直连,,100.9271300940849,122.0
Q2-029,leg1-cruise,8060.463544951952,8067.635454620009,直连,,114.93376883213838,122.0
Q2-014,leg2-cruise,8064.663539869423,8072.027456718243,直连,,103.58683798670098,122.0
Q2-020,leg2-cruise,8066.456942279821,8073.622554123319,直连,,100.11736813760969,122.0
Q2-029,leg1-cruise,8067.635454620009,8096.323093292237,中断,,125.34469699679346,122.0
Q2-014,leg2-cruise,8072.027456718243,8079.391373567063,直连,,102.92858333751072,122.0
Q2-020,leg2-cruise,8073.622554123319,8080.788165966816,直连,,99.24385994793883,122.0
Q2-014,leg2-cruise,8079.391373567063,8086.755290415882,直连,,102.21730630539683,122.0
Q2-020,leg2-cruise,8080.788165966816,8087.953777810315,直连,,98.30214612086812,122.0
Q2-014,leg2-cruise,8086.755290415882,8094.119207264702,直连,,101.44392292442356,122.0
Q2-020,leg2-cruise,8087.953777810315,8095.1193896538125,直连,,97.29185747483751,122.0
Q2-014,leg2-cruise,8094.119207264702,8101.483124113522,直连,,100.5968722265937,122.0
Q2-020,leg2-cruise,8095.1193896538125,8102.28500149731,直连,,96.22247937907505,122.0
Q2-029,leg1-cruise,8096.323093292237,8125.010731964465,中断,,125.9643066113598,122.0
Q2-014,leg2-cruise,8101.483124113522,8108.8470409623405,直连,,99.66116907028865,122.0
Q2-020,leg2-cruise,8102.28500149731,8109.450613340808,直连,,95.12468104695489,122.0
Q2-014,leg2-cruise,8108.8470409623405,8116.21095781116,直连,,98.61699315921655,122.0
Q2-020,leg2-cruise,8109.450613340808,8116.616225184305,直连,,94.0695130435605,122.0
Q2-014,leg2-cruise,8116.21095781116,8123.57487465998,直连,,97.43755806937065,122.0
Q2-020,leg2-cruise,8116.616225184305,8123.781837027803,直连,,93.18988913831774,122.0
Q2-014,leg2-cruise,8123.57487465998,8130.938791508799,直连,,96.08590928293201,122.0
Q2-020,leg2-cruise,8123.781837027803,8130.9474488713,直连,,92.67276928190648,122.0
Q2-029,leg1-cruise,8125.010731964465,8153.698370636694,中断,,126.54270634058607,122.0
Q2-014,leg2-cruise,8130.938791508799,8138.302708357619,直连,,94.5104346461299,122.0
Q2-020,leg2-descent,8130.9474488713,8160.55406589604,直连,,91.81048595601354,122.0
Q2-014,leg2-cruise,8138.302708357619,8160.3944589040775,直连,,92.64063637743337,122.0
Q2-029,leg1-cruise,8153.698370636694,8182.3860093089215,中断,,127.08503080872401,122.0
Q2-014,leg2-cruise,8160.3944589040775,8167.758375752897,直连,,85.49339966895623,122.0
Q2-020,leg2-descent,8160.55406589604,8190.160682920779,直连,,89.96717712516603,122.0
Q2-014,leg2-descent,8167.758375752897,8194.253160909147,直连,,83.31699936871911,122.0
Q2-029,leg1-cruise,8182.3860093089215,8211.07364798115,中断,,127.59551210145281,122.0
Q2-020,leg2-descent,8190.160682920779,8219.767299945519,直连,,87.62428679933393,122.0
Q2-014,leg2-descent,8194.253160909147,8220.747946065398,直连,,78.04575938899079,122.0
Q2-029,leg1-descent,8211.07364798115,8239.396842357777,中断,,127.8389692112617,122.0
Q2-020,leg2-descent,8219.767299945519,8249.373916970259,直连,,84.40608051945526,122.0
Q2-014,leg2-descent,8220.747946065398,8247.242731221648,直连,,62.41189614159413,122.0
Q2-029,leg1-descent,8239.396842357777,8267.720036734405,中断,,127.83738010410832,122.0
Q2-020,leg2-descent,8249.373916970259,8278.980533994998,直连,,79.23742082262993,122.0
Q2-029,leg1-descent,8267.720036734405,8296.043231111033,中断,,127.8362549080733,122.0
Q2-020,leg2-descent,8278.980533994998,8308.587151019738,直连,,64.6674283183492,122.0
Q2-029,S004-handoff,8296.043231111033,8502.22504929285,中断,,127.83586639527485,122.0
Q2-031,leg1-climb,8479.032016340154,8507.97229221906,直连,,64.23129580096719,122.0
Q2-029,S004-handoff,8502.22504929285,8531.679594747397,中断,,127.83586639527485,122.0
Q2-031,leg1-climb,8507.97229221906,8536.912568097967,直连,,78.99564504974266,122.0
Q2-029,S004-handoff,8531.679594747397,8561.134140201943,中断,,127.83586639527485,122.0
Q2-031,leg1-climb,8536.912568097967,8565.852843976872,直连,,84.18408912653288,122.0
Q2-029,S004-handoff,8561.134140201943,8590.588685656487,中断,,127.83586639527485,122.0
Q2-031,leg1-climb,8565.852843976872,8594.793119855778,直连,,87.40981676997832,122.0
Q2-029,S004-handoff,8590.588685656487,8620.043231111033,中断,,127.83586639527485,122.0
Q2-031,leg1-climb,8594.793119855778,8623.733395734685,直连,,89.75666946253962,122.0
Q2-029,leg2-climb,8620.043231111033,8642.701786612335,中断,,127.8362549080733,122.0
Q2-031,leg1-climb,8623.733395734685,8652.673671613591,直连,,91.60242445135653,122.0
Q2-023,leg1-climb,8637.242731221646,8663.034252760273,直连,,65.48514776444716,122.0
Q2-029,leg2-climb,8642.701786612335,8665.360342113636,中断,,127.83738010410832,122.0
Q2-031,leg1-cruise,8652.673671613591,8666.911074692736,直连,,92.46802750255955,122.0
Q2-023,leg1-climb,8663.034252760273,8688.825774298903,直连,,79.70524348031529,122.0
Q2-029,leg2-climb,8665.360342113636,8688.018897614938,中断,,127.8389692112617,122.0
Q2-031,leg1-cruise,8666.911074692736,8688.267179311457,直连,,93.90595288649115,122.0
Q2-029,leg2-cruise,8688.018897614938,8716.706536287167,中断,,127.59551210145281,122.0
Q2-031,leg1-cruise,8688.267179311457,8695.38588085103,直连,,97.18452595290083,122.0
Q2-023,leg1-climb,8688.825774298903,8714.617295837532,直连,,84.83703041914892,122.0
Q2-031,leg1-cruise,8695.38588085103,8716.741985469751,直连,,98.20534132410013,122.0
Q2-023,leg1-climb,8714.617295837532,8740.40881737616,直连,,88.04115560336282,122.0
Q2-029,leg2-cruise,8716.706536287167,8745.394174959394,中断,,127.08503080872401,122.0
Q2-031,leg1-cruise,8716.741985469751,8745.216791628041,直连,,100.84849466965944,122.0
Q2-023,leg1-climb,8740.40881737616,8766.200338914787,直连,,90.37661369328487,122.0
Q2-031,leg1-cruise,8745.216791628041,8752.335493167615,直连,,103.57568498776041,122.0
Q2-029,leg2-cruise,8745.394174959394,8774.081813631623,中断,,126.54270634058607,122.0
Q2-031,leg1-cruise,8752.335493167615,8766.572896246762,直连,,104.15204983692885,122.0
Q2-023,leg1-climb,8766.200338914787,8791.991860453416,直连,,92.21532937896912,122.0
Q2-031,leg1-cruise,8766.572896246762,8780.810299325909,直连,,105.20782471358126,122.0
Q2-029,leg2-cruise,8774.081813631623,8802.76945230385,中断,,125.9643066113598,122.0
Q2-031,leg1-cruise,8780.810299325909,8795.047702405054,直连,,106.15481361276123,122.0
Q2-023,leg1-cruise,8791.991860453416,8798.928933651325,直连,,93.06588379237114,122.0
Q2-031,leg1-cruise,8795.047702405054,8802.166403944628,直连,,107.01237498465865,122.0
Q2-023,leg1-cruise,8798.928933651325,8805.866006849235,直连,,93.51222312928458,122.0
Q2-031,leg1-cruise,8802.166403944628,8809.285105484201,直连,,107.41240236292248,122.0
Q2-029,leg2-cruise,8802.76945230385,8831.457090976079,中断,,125.34469699679346,122.0
Q2-023,leg1-cruise,8805.866006849235,8812.803080047144,直连,,94.28712802427248,122.0
Q2-031,leg1-cruise,8809.285105484201,8816.403807023775,直连,,107.79536355780063,122.0
Q2-023,leg1-cruise,8812.803080047144,8819.740153245053,直连,,95.23925510051849,122.0
Q2-031,leg1-cruise,8816.403807023775,8823.522508563348,直连,,108.16261124283388,122.0
Q2-023,leg1-cruise,8819.740153245053,8826.677226442964,直连,,96.25153442043374,122.0
Q2-031,leg1-cruise,8823.522508563348,8830.64121010292,直连,,108.51534864941762,122.0
Q2-023,leg1-cruise,8826.677226442964,8833.614299640873,直连,,97.25487206922146,122.0
Q2-031,leg1-cruise,8830.64121010292,8837.759911642494,直连,,108.85464996671568,122.0
Q2-029,leg2-cruise,8831.457090976079,8838.629000644136,直连,,114.93376883213838,122.0
Q2-023,leg1-cruise,8833.614299640873,8840.551372838781,直连,,98.21541185230576,122.0
Q2-031,leg1-cruise,8837.759911642494,8844.878613182067,直连,,109.18147753982026,122.0
Q2-029,leg2-cruise,8838.629000644136,8845.800910312193,直连,,114.76380657453828,122.0
Q2-023,leg1-cruise,8840.551372838781,8847.488446036692,直连,,99.1197277828884,122.0
Q2-031,leg1-cruise,8844.878613182067,8851.99731472164,直连,,109.49669641176536,122.0
Q2-029,leg2-cruise,8845.800910312193,8852.97281998025,直连,,114.59045941937964,122.0
Q2-023,leg1-cruise,8847.488446036692,8854.4255192346,直连,,99.96488588367438,122.0
Q2-031,leg1-cruise,8851.99731472164,8859.116016261214,直连,,109.80108666057606,122.0
Q2-029,leg2-cruise,8852.97281998025,8860.144729648307,直连,,114.41359011092334,122.0
Q2-023,leg1-cruise,8854.4255192346,8861.36259243251,直连,,100.75287952747738,122.0
Q2-031,leg1-cruise,8859.116016261214,8866.234717800788,直连,,110.09535390245993,122.0
Q2-029,leg2-cruise,8860.144729648307,8867.316639316363,直连,,114.23305289231817,122.0
Q2-023,leg1-cruise,8861.36259243251,8868.29966563042,直连,,101.4877563545462,122.0
Q2-031,leg1-cruise,8866.234717800788,8873.353419340361,直连,,110.38013826611237,122.0
Q2-029,leg2-cruise,8867.316639316363,8874.48854898442,直连,,114.0486927905495,122.0
Q2-023,leg1-cruise,8868.29966563042,8875.23673882833,直连,,102.17420386784225,122.0
Q2-031,leg1-cruise,8873.353419340361,8880.472120879933,直连,,110.656022088566,122.0
Q2-029,leg2-cruise,8874.48854898442,8881.660458652477,直连,,113.86034482481635,122.0
Q2-023,leg1-cruise,8875.23673882833,8882.173812026238,直连,,102.81688501039262,122.0
Q2-031,leg1-cruise,8880.472120879933,8887.590822419506,直连,,110.92353653850637,122.0
Q2-029,leg2-cruise,8881.660458652477,8888.832368320534,直连,,113.66783312827421,122.0
Q2-023,leg1-cruise,8882.173812026238,8889.110885224149,直连,,103.42014953375961,122.0
Q2-031,leg1-cruise,8887.590822419506,8894.70952395908,直连,,111.18316733685266,122.0
Q2-029,leg2-cruise,8888.832368320534,8896.004277988592,直连,,113.47096997157512,122.0
Q2-023,leg1-cruise,8889.110885224149,8896.04795842206,直连,,103.98792991717255,122.0
Q2-031,leg1-cruise,8894.70952395908,8901.828225498653,直连,,111.43535971473334,122.0
Q2-029,leg2-cruise,8896.004277988592,8903.176187656649,直连,,113.26955467475408,122.0
Q2-023,leg1-cruise,8896.04795842206,8902.985031619968,直连,,104.52372531485013,122.0
Q2-031,leg1-cruise,8901.828225498653,8908.946927038227,直连,,111.68052272510837,122.0
Q2-023,leg1-cruise,8902.985031619968,8909.922104817877,直连,,105.03062514442351,122.0
Q2-029,leg2-cruise,8903.176187656649,8910.348097324706,直连,,113.06337239183173,122.0
Q2-031,leg1-cruise,8908.946927038227,8937.42173319652,中断,,122.26507749269746,122.0
Q2-023,leg1-cruise,8909.922104817877,8916.859178015788,直连,,105.51134829538285,122.0
Q2-029,leg2-cruise,8910.348097324706,8917.520006992763,直连,,112.85219274992461,122.0
Q2-023,leg1-cruise,8916.859178015788,8923.796251213696,直连,,105.96828628052636,122.0
Q2-029,leg2-cruise,8917.520006992763,8924.69191666082,直连,,112.63576832149924,122.0
Q2-023,leg1-cruise,8923.796251213696,8930.733324411605,直连,,106.40354490607557,122.0
Q2-029,leg2-cruise,8924.69191666082,8931.863826328878,直连,,112.41383290472997,122.0
Q2-023,leg1-cruise,8930.733324411605,8937.670397609516,直连,,106.81898218544441,122.0
Q2-029,leg2-cruise,8931.863826328878,8939.035735996935,直连,,112.18609958239715,122.0
Q2-031,leg1-cruise,8937.42173319652,8965.896539354811,中断,,123.12621795741396,122.0
Q2-023,leg1-cruise,8937.670397609516,8944.607470807425,直连,,107.21624178160066,122.0
Q2-029,leg2-cruise,8939.035735996935,8946.207645664992,直连,,111.95225852434854,122.0
Q2-023,leg1-cruise,8944.607470807425,8951.544544005334,直连,,107.59678200722732,122.0
Q2-029,leg2-cruise,8946.207645664992,8953.37955533305,直连,,111.71197449198776,122.0
Q2-023,leg1-cruise,8951.544544005334,8958.481617203244,直连,,107.96190073920717,122.0
Q2-029,leg2-cruise,8953.37955533305,8960.551465001106,直连,,111.46488399516839,122.0
Q2-023,leg1-cruise,8958.481617203244,8965.418690401153,直连,,108.31275672109686,122.0
Q2-029,leg2-cruise,8960.551465001106,8967.723374669164,直连,,111.21059204208068,122.0
Q2-023,leg1-cruise,8965.418690401153,8972.355763599062,直连,,108.65038774180124,122.0
Q2-031,leg1-cruise,8965.896539354811,8994.371345513106,中断,,123.91023181607322,122.0
Q2-029,leg2-cruise,8967.723374669164,8974.895284337219,直连,,110.94866841053668,122.0
Q2-023,leg1-cruise,8972.355763599062,8979.292836796973,直连,,108.97572614633286,122.0
Q2-029,leg2-cruise,8974.895284337219,8982.067194005276,直连,,110.67864335406315,122.0
Q2-023,leg1-cruise,8979.292836796973,8986.229909994881,直连,,109.28961208390824,122.0
Q2-029,leg2-cruise,8982.067194005276,8989.239103673333,直连,,110.40000263747574,122.0
Q2-023,leg1-cruise,8986.229909994881,8993.16698319279,直连,,109.59280484390888,122.0
Q2-029,leg2-cruise,8989.239103673333,8996.41101334139,直连,,110.1121817731531,122.0
Q2-023,leg1-cruise,8993.16698319279,9000.1040563907,直连,,109.88599257811168,122.0
Q2-031,leg1-cruise,8994.371345513106,9022.846151671398,中断,,124.62971949996934,122.0
Q2-029,leg2-cruise,8996.41101334139,9003.582923009448,直连,,109.81455929968664,122.0
Q2-023,leg1-cruise,9000.1040563907,9007.041129588612,直连,,110.16980066087663,122.0
Q2-029,leg2-cruise,9003.582923009448,9010.754832677503,直连,,109.50644890703545,122.0
Q2-023,leg1-cruise,9007.041129588612,9013.97820278652,直连,,120.44479889846312,122.0
Q2-029,leg2-cruise,9010.754832677503,9017.92674234556,直连,,109.18709016447617,122.0
Q2-023,leg1-cruise,9013.97820278652,9020.91527598443,直连,,120.71150776419711,122.0
Q2-029,leg2-cruise,9017.92674234556,9025.098652013618,直连,,108.85563754594394,122.0
Q2-023,leg1-cruise,9020.91527598443,9027.85234918234,直连,,120.97040380725642,122.0
Q2-031,leg1-cruise,9022.846151671398,9051.32095782969,中断,,125.29444255237419,122.0
Q2-029,leg2-cruise,9025.098652013618,9032.270561681675,直连,,108.51114736762563,122.0
Q2-023,leg1-cruise,9027.85234918234,9034.789422380249,直连,,121.22192435866775,122.0
Q2-029,leg2-cruise,9032.270561681675,9039.442471349732,直连,,108.15256214833174,122.0
Q2-023,leg1-cruise,9034.789422380249,9041.726495578157,直连,,121.46647163801957,122.0
Q2-029,leg2-cruise,9039.442471349732,9046.61438101779,直连,,107.77869176600413,122.0
Q2-023,leg1-cruise,9041.726495578157,9069.474788369796,中断,,122.0496953977435,122.0
Q2-029,leg2-cruise,9046.61438101779,9053.786290685846,直连,,107.38819060158676,122.0
Q2-031,leg1-cruise,9051.32095782969,9079.795763987982,中断,,125.912112871031,122.0
Q2-029,leg2-cruise,9053.786290685846,9075.302019690018,直连,,106.97952961752085,122.0
Q2-023,leg1-cruise,9069.474788369796,9097.223081161434,中断,,122.90918558745118,122.0
Q2-029,leg2-cruise,9075.302019690018,9082.473929358075,直连,,105.62576394730169,122.0
Q2-031,leg1-cruise,9079.795763987982,9108.270570146276,中断,,126.48892669701563,122.0
Q2-029,leg2-cruise,9082.473929358075,9103.989658362247,直连,,105.12411017751607,122.0
Q2-023,leg1-cruise,9097.223081161434,9124.971373953073,中断,,123.69196952887454,122.0
Q2-029,leg2-cruise,9103.989658362247,9111.161568030304,直连,,103.42279788484709,122.0
Q2-031,leg1-cruise,9108.270570146276,9136.745376304569,中断,,127.0299359872208,122.0
Q2-029,leg2-cruise,9111.161568030304,9125.505387366416,直连,,102.77515785981016,122.0
Q2-023,leg1-cruise,9124.971373953073,9152.71966674471,中断,,124.41052024803085,122.0
Q2-029,leg2-cruise,9125.505387366416,9139.84920670253,直连,,101.32111114194812,122.0
Q2-031,leg1-descent,9136.745376304569,9164.658393577518,中断,,127.28651195937634,122.0
Q2-029,leg2-cruise,9139.84920670253,9154.193026038643,直连,,99.59150572447713,122.0
Q2-023,leg1-descent,9152.71966674471,9176.81440551424,中断,,124.74500801352508,122.0
Q2-029,leg2-cruise,9154.193026038643,9168.536845374758,直连,,97.4715556062758,122.0
Q2-031,leg1-descent,9164.658393577518,9192.571410850467,中断,,127.28322490427968,122.0
Q2-029,leg2-cruise,9168.536845374758,9182.880664710872,直连,,94.78365360872156,122.0
Q2-023,leg1-descent,9176.81440551424,9200.909144283773,中断,,124.73818018332537,122.0
Q2-029,leg2-cruise,9182.880664710872,9197.224484046987,直连,,91.36085837393146,122.0
Q2-031,leg1-descent,9192.571410850467,9220.484428123416,中断,,127.28044809230802,122.0
Q2-029,leg2-cruise,9197.224484046987,9204.396393715044,直连,,88.22744387292781,122.0
Q2-023,leg1-descent,9200.909144283773,9225.003883053305,中断,,124.73241503097312,122.0
Q2-029,leg2-descent,9204.396393715044,9231.45031034102,直连,,87.039202120589,122.0
Q2-031,leg1-descent,9220.484428123416,9248.397445396366,中断,,127.27818250420393,122.0
Q2-023,leg1-descent,9225.003883053305,9249.098621822835,中断,,124.72771680659866,122.0
Q2-029,leg2-descent,9231.45031034102,9258.504226966998,直连,,84.63133491462374,122.0
Q2-031,S003-handoff,9248.397445396366,9276.68315968208,中断,,127.27724167653642,122.0
Q2-023,S014-handoff,9249.098621822835,9279.098621822835,中断,,124.72576890840894,122.0
Q2-029,leg2-descent,9258.504226966998,9285.558143592973,直连,,81.28851928514244,122.0
Q2-031,S003-handoff,9276.68315968208,9304.968873967795,中断,,127.27724167653642,122.0
Q2-023,S014-handoff,9279.098621822835,9309.098621822835,中断,,124.72576890840894,122.0
Q2-029,leg2-descent,9285.558143592973,9312.61206021895,直连,,75.78382288161387,122.0
Q2-031,S003-handoff,9304.968873967795,9333.254588253509,中断,,127.27724167653642,122.0
Q2-023,S014-handoff,9309.098621822835,9339.098621822835,中断,,124.72576890840894,122.0
Q2-029,leg2-descent,9312.61206021895,9339.665976844926,直连,,57.02283127828102,122.0
Q2-031,S003-handoff,9333.254588253509,9361.540302539222,中断,,127.27724167653642,122.0
Q2-023,S014-handoff,9339.098621822835,9369.098621822835,中断,,124.72576890840894,122.0
Q2-031,S003-handoff,9361.540302539222,9389.826016824936,中断,,127.27724167653642,122.0
Q2-023,S014-handoff,9369.098621822835,9399.098621822835,中断,,124.72576890840894,122.0
Q2-031,S003-handoff,9389.826016824936,9418.111731110652,中断,,127.27724167653642,122.0
Q2-023,S014-handoff,9399.098621822835,9429.098621822835,中断,,124.72576890840894,122.0
Q2-031,S003-handoff,9418.111731110652,9446.397445396366,中断,,127.27724167653642,122.0
Q2-023,leg2-climb,9429.098621822835,9455.870553788982,中断,,124.72842559469186,122.0
Q2-031,S003-handoff,9446.397445396366,9474.68315968208,中断,,127.27724167653642,122.0
Q2-023,leg2-climb,9455.870553788982,9482.642485755126,中断,,124.73516448869171,122.0
Q2-031,S003-handoff,9474.68315968208,9502.968873967795,中断,,127.27724167653642,122.0
Q2-023,leg2-climb,9482.642485755126,9509.414417721273,中断,,124.74379644824026,122.0
Q2-031,S003-handoff,9502.968873967795,9531.254588253509,中断,,127.27724167653642,122.0
Q2-023,leg2-cruise,9509.414417721273,9537.16271051291,中断,,124.41052024803085,122.0
Q2-031,S003-handoff,9531.254588253509,9559.540302539222,中断,,127.27724167653642,122.0
Q2-023,leg2-cruise,9537.16271051291,9564.911003304549,中断,,123.69196952887454,122.0
Q2-031,S003-handoff,9559.540302539222,9587.826016824936,中断,,127.27724167653642,122.0
Q2-023,leg2-cruise,9564.911003304549,9592.659296096186,中断,,122.90918558745118,122.0
Q2-031,S003-handoff,9587.826016824936,9616.111731110652,中断,,127.27724167653642,122.0
Q2-023,leg2-cruise,9592.659296096186,9620.407588887825,中断,,122.0496953977435,122.0
Q2-031,S003-handoff,9616.111731110652,9644.397445396366,中断,,127.27724167653642,122.0
Q2-023,leg2-cruise,9620.407588887825,9648.155881679462,直连,,121.46647163801957,122.0
Q2-031,leg2-climb,9644.397445396366,9674.171330487512,中断,,127.27852456433072,122.0
Q2-023,leg2-cruise,9648.155881679462,9662.030028075282,直连,,120.44479889846312,122.0
Q2-025,leg1-climb,9658.587151019738,9682.387233925825,直连,,63.97228668276165,122.0
Q2-023,leg2-cruise,9662.030028075282,9675.904174471101,直连,,109.88599257811168,122.0
Q2-031,leg2-climb,9674.171330487512,9703.945215578657,中断,,127.28177265241285,122.0
Q2-023,leg2-cruise,9675.904174471101,9682.84124766901,直连,,109.28961208390824,122.0
Q2-025,leg1-climb,9682.387233925825,9706.18731683191,直连,,78.8546251387727,122.0
Q2-023,leg2-cruise,9682.84124766901,9710.589540460649,直连,,108.97572614633286,122.0
Q2-031,leg2-climb,9703.945215578657,9733.719100669803,中断,,127.28592873030037,122.0
Q2-025,leg1-climb,9706.18731683191,9729.987399737998,直连,,84.05484423999408,122.0
Q2-023,leg2-cruise,9710.589540460649,9731.400760054377,直连,,107.59678200722732,122.0
Q2-025,leg1-climb,9729.987399737998,9753.787482644086,直连,,87.28503714858456,122.0
Q2-023,leg2-cruise,9731.400760054377,9738.337833252286,直连,,106.40354490607557,122.0
Q2-031,leg2-cruise,9733.719100669803,9762.193906828095,中断,,127.0299359872208,122.0
Q2-023,leg2-cruise,9738.337833252286,9759.149052846014,直连,,105.96828628052636,122.0
Q2-025,leg1-cruise,9753.787482644086,9761.040864566916,直连,,88.71732345596565,122.0
Q2-023,leg2-cruise,9759.149052846014,9766.086126043923,直连,,104.52372531485013,122.0
Q2-025,leg1-cruise,9761.040864566916,9768.294246489746,直连,,89.93013363774796,122.0
Q2-031,leg2-cruise,9762.193906828095,9790.66871298639,中断,,126.48892669701563,122.0
Q2-023,leg2-cruise,9766.086126043923,9773.023199241834,直连,,103.98792991717255,122.0
Q2-025,leg1-cruise,9768.294246489746,9775.547628412576,直连,,91.65415300578553,122.0
Q2-023,leg2-cruise,9773.023199241834,9779.960272439745,直连,,103.42014953375961,122.0
Q2-025,leg1-cruise,9775.547628412576,9782.801010335408,直连,,93.39028929495751,122.0
Q2-023,leg2-cruise,9779.960272439745,9786.897345637653,直连,,102.81688501039262,122.0
Q2-025,leg1-cruise,9782.801010335408,9790.05439225824,直连,,94.97197504000484,122.0
Q2-023,leg2-cruise,9786.897345637653,9793.834418835562,直连,,102.17420386784225,122.0
Q2-025,leg1-cruise,9790.05439225824,9797.30777418107,直连,,96.37565767046344,122.0
Q2-031,leg2-cruise,9790.66871298639,9819.143519144682,中断,,125.912112871031,122.0
Q2-023,leg2-cruise,9793.834418835562,9800.771492033473,直连,,101.4877563545462,122.0
Q2-025,leg1-cruise,9797.30777418107,9804.5611561039,直连,,97.61878359599964,122.0
Q2-023,leg2-cruise,9800.771492033473,9807.708565231382,直连,,100.75287952747738,122.0
Q2-025,leg1-cruise,9804.5611561039,9811.814538026732,直连,,98.72603752742494,122.0
Q2-023,leg2-cruise,9807.708565231382,9814.64563842929,直连,,99.96488588367438,122.0
Q2-025,leg1-cruise,9811.814538026732,9819.067919949564,直连,,99.72007125269687,122.0
Q2-023,leg2-cruise,9814.64563842929,9821.582711627201,直连,,99.1197277828884,122.0
Q2-025,leg1-cruise,9819.067919949564,9826.321301872395,直连,,100.61965671930052,122.0
Q2-031,leg2-cruise,9819.143519144682,9847.618325302974,中断,,125.29444255237419,122.0
Q2-023,leg2-cruise,9821.582711627201,9828.51978482511,直连,,98.21541185230576,122.0
Q2-025,leg1-cruise,9826.321301872395,9833.574683795225,直连,,101.43989126989145,122.0
Q2-023,leg2-cruise,9828.51978482511,9835.456858023019,直连,,97.25487206922146,122.0
Q2-025,leg1-cruise,9833.574683795225,9840.828065718055,直连,,102.19284950271174,122.0
Q2-023,leg2-cruise,9835.456858023019,9842.39393122093,直连,,96.25153442043374,122.0
Q2-025,leg1-cruise,9840.828065718055,9848.081447640885,直连,,102.88822743780578,122.0
Q2-023,leg2-cruise,9842.39393122093,9849.331004418838,直连,,95.23925510051849,122.0
Q2-031,leg2-cruise,9847.618325302974,9876.093131461266,中断,,124.62971949996934,122.0
Q2-025,leg1-cruise,9848.081447640885,9855.334829563715,直连,,103.53387289032028,122.0
Q2-023,leg2-cruise,9849.331004418838,9856.268077616747,直连,,94.28712802427248,122.0
Q2-025,leg1-cruise,9855.334829563715,9862.588211486545,直连,,104.13619725805779,122.0
Q2-023,leg2-cruise,9856.268077616747,9863.205150814658,直连,,93.51222312928458,122.0
Q2-025,leg1-cruise,9862.588211486545,9869.841593409377,直连,,104.7004890068462,122.0
Q2-023,leg2-cruise,9863.205150814658,9870.142224012567,直连,,93.06588379237114,122.0
Q2-025,leg1-cruise,9869.841593409377,9877.09497533221,直连,,105.2311514195144,122.0
Q2-023,leg2-descent,9870.142224012567,9896.670646166585,直连,,92.33289673814451,122.0
Q2-031,leg2-cruise,9876.093131461266,9904.56793761956,中断,,123.91023181607322,122.0
Q2-025,leg1-cruise,9877.09497533221,9898.8551211007,直连,,105.73188353049666,122.0
Q2-023,leg2-descent,9896.670646166585,9923.199068320602,直连,,90.80470851543629,122.0
Q2-025,leg1-cruise,9898.8551211007,9906.10850302353,直连,,107.0836236322183,122.0
Q2-031,leg2-cruise,9904.56793761956,9933.042743777853,中断,,123.12621795741396,122.0
Q2-025,leg1-cruise,9906.10850302353,9927.868648792024,直连,,107.4917842046983,122.0
Q2-023,leg2-descent,9923.199068320602,9949.727490474621,直连,,88.94900548627032,122.0
Q2-025,leg1-cruise,9927.868648792024,9935.122030714854,直连,,108.61357749737077,122.0
Q2-031,leg2-cruise,9933.042743777853,9961.517549936145,中断,,122.26507749269746,122.0
Q2-025,leg1-cruise,9935.122030714854,9956.882176483346,直连,,108.95776444721754,122.0
Q2-023,leg2-descent,9949.727490474621,9976.255912628638,直连,,86.58600845751735,122.0
Q2-025,leg1-cruise,9956.882176483346,9964.135558406178,直连,,109.91595170737021,122.0
Q2-031,leg2-cruise,9961.517549936145,9968.636251475718,直连,,111.68052272510837,122.0
Q2-025,leg1-cruise,9964.135558406178,9971.388940329009,直连,,120.21337508320391,122.0
Q2-031,leg2-cruise,9968.636251475718,9975.754953015292,直连,,111.43535971473334,122.0
Q2-025,leg1-cruise,9971.388940329009,9978.642322251839,直连,,110.50101488438287,122.0
Q2-031,leg2-cruise,9975.754953015292,9982.873654554865,直连,,111.18316733685266,122.0
Q2-023,leg2-descent,9976.255912628638,10002.784334782657,直连,,83.32953249622872,122.0
Q2-025,leg1-cruise,9978.642322251839,9985.895704174669,直连,,120.77949034127624,122.0
Q2-031,leg2-cruise,9982.873654554865,9989.992356094439,直连,,110.92353653850637,122.0
Q2-025,leg1-cruise,9985.895704174669,9993.1490860975,直连,,121.04936404450929,122.0
Q2-031,leg2-cruise,9989.992356094439,9997.11105763401,直连,,110.656022088566,122.0
Q2-025,leg1-cruise,9993.1490860975,10000.402468020331,直连,,121.3111486081336,122.0
Q2-031,leg2-cruise,9997.11105763401,10004.229759173584,直连,,110.38013826611237,122.0
Q2-025,leg1-cruise,10000.402468020331,10007.655849943163,直连,,121.56531238665545,122.0
Q2-023,leg2-descent,10002.784334782657,10029.312756936673,直连,,78.05955500626021,122.0
Q2-031,leg2-cruise,10004.229759173584,10011.348460713158,直连,,110.09535390245993,122.0
Q2-025,leg1-cruise,10007.655849943163,10014.909231865993,直连,,121.8122844017155,122.0
Q2-031,leg2-cruise,10011.348460713158,10018.467162252731,直连,,109.80108666057606,122.0
Q2-025,leg1-cruise,10014.909231865993,10043.922759557316,中断,,122.40075939749556,122.0
Q2-031,leg2-cruise,10018.467162252731,10032.704565331878,直连,,109.49669641176536,122.0
Q2-023,leg2-descent,10029.312756936673,10055.841179090692,直连,,62.43969090148602,122.0
Q2-031,leg2-cruise,10032.704565331878,10046.941968411023,直连,,108.85464996671568,122.0
Q2-025,leg1-cruise,10043.922759557316,10072.936287248638,中断,,123.26678892992715,122.0
Q2-031,leg2-cruise,10046.941968411023,10075.416774569318,直连,,108.16261124283388,122.0
Q2-025,leg1-cruise,10072.936287248638,10101.949814939962,中断,,124.05448136261515,122.0
Q2-031,leg2-cruise,10075.416774569318,10103.89158072761,直连,,106.59375505167863,122.0
Q2-025,leg1-cruise,10101.949814939962,10130.963342631285,中断,,124.77680565205661,122.0
Q2-031,leg2-cruise,10103.89158072761,10132.366386885902,直连,,104.69496373841864,122.0
Q2-025,leg1-cruise,10130.963342631285,10159.976870322607,中断,,125.44376174041058,122.0
Q2-031,leg2-cruise,10132.366386885902,10160.841193044194,直连,,102.30636799171947,122.0
Q2-025,leg1-cruise,10159.976870322607,10188.99039801393,中断,,126.06322122976164,122.0
Q2-031,leg2-cruise,10160.841193044194,10189.315999202488,直连,,99.1548731955013,122.0
Q2-025,leg1-cruise,10188.99039801393,10218.003925705254,中断,,126.64149057840638,122.0
Q2-031,leg2-cruise,10189.315999202488,10217.79080536078,直连,,94.9843631770414,122.0
Q2-031,leg2-descent,10217.79080536078,10244.922313997255,直连,,91.80782980608222,122.0
Q2-025,leg1-cruise,10218.003925705254,10247.017453396576,中断,,127.18369978287517,122.0
Q2-031,leg2-descent,10244.922313997255,10272.05382263373,直连,,90.49553179824683,122.0
Q2-025,leg1-descent,10247.017453396576,10273.717652371186,中断,,127.44131589104262,122.0
Q2-031,leg2-descent,10272.05382263373,10299.185331270204,直连,,88.94906306354046,122.0
Q2-025,leg1-descent,10273.717652371186,10300.417851345795,中断,,127.43921118416316,122.0
Q2-031,leg2-descent,10299.185331270204,10326.316839906678,直连,,87.06630074934773,122.0
Q2-025,S012-handoff,10300.417851345795,10330.417851345795,中断,,127.43842351040759,122.0
Q2-031,leg2-descent,10326.316839906678,10353.448348543154,直连,,84.65914347130057,122.0
Q2-025,S012-handoff,10330.417851345795,10360.417851345795,中断,,127.43842351040759,122.0
Q2-031,leg2-descent,10353.448348543154,10380.579857179628,直连,,81.31770408836648,122.0
Q2-025,S012-handoff,10360.417851345795,10390.417851345795,中断,,127.43842351040759,122.0
Q2-031,leg2-descent,10380.579857179628,10407.711365816103,直连,,75.81681783578092,122.0
Q2-025,S012-handoff,10390.417851345795,10420.417851345795,中断,,127.43842351040759,122.0
Q2-031,leg2-descent,10407.711365816103,10434.842874452577,直连,,57.11785308397497,122.0
Q2-025,S012-handoff,10420.417851345795,10480.417851345795,中断,,127.43842351040759,122.0
Q2-025,leg2-climb,10480.417851345795,10524.918182970145,中断,,127.43921118416316,122.0
Q2-025,leg2-cruise,10524.918182970145,10757.026404500728,中断,,127.18369978287517,122.0
Q2-025,leg2-cruise,10757.026404500728,11018.148153722635,直连,,121.8122844017155,122.0
Q2-025,leg2-descent,11018.148153722635,11132.388551671855,直连,,87.28503714858454,122.0
