sortie,phase,time_s,longitude,latitude,altitude_m,distance_3d_m,fspl_db,obstruction,path_loss_db,threshold_db,available,reason
Q2-001,leg1-climb,540.0,109.2308517,23.0085095,127.7,19.999999999999986,66.07482474751174,False,66.07482474751174,122.0,True,
Q2-001,leg1-climb,598.1426440429688,109.2308517,23.0085095,273.0566101074219,125.35661010742189,82.01716962285145,False,82.01716962285145,122.0,True,
Q2-001,leg1-cruise,598.1426440429688,109.2308517,23.0085095,273.0566101074219,125.35661010742189,82.01716962285145,False,82.01716962285145,122.0,True,
Q2-001,leg1-cruise,649.1994994811172,109.23394675,23.014780299999998,273.0566101074219,776.0533722921132,97.8520566432842,False,97.8520566432842,122.0,True,
Q2-001,leg1-cruise,700.2563549192656,109.2370418,23.0210511,273.0566101074219,1536.8389140156492,103.7867918079043,False,103.7867918079043,122.0,True,
Q2-001,leg1-cruise,751.313210357414,109.24013685,23.0273219,273.0566101074219,2300.9848577480416,107.29250004795173,True,117.29250004795173,122.0,True,
Q2-001,leg1-cruise,802.3700657955625,109.2432319,23.0335927,273.0566101074219,3065.975086939354,109.78559726632969,True,119.78559726632969,122.0,True,
Q2-001,leg1-descent,802.3700657955625,109.2432319,23.0335927,273.0566101074219,3065.975086939354,109.78559726632969,True,119.78559726632969,122.0,True,
Q2-001,S001-handoff,846.8983708492734,109.2432319,23.0335927,184.0,3063.6263878017426,109.77894086539243,True,119.77894086539243,122.0,True,
Q2-001,leg1-descent,846.8983708492734,109.2432319,23.0335927,184.0,3063.6263878017426,109.77894086539243,True,119.77894086539243,122.0,True,
Q2-001,S001-handoff,905.3983708492734,109.2432319,23.0335927,184.0,3063.6263878017426,109.77894086539243,True,119.77894086539243,122.0,True,
Q2-001,S001-handoff,963.8983708492734,109.2432319,23.0335927,184.0,3063.6263878017426,109.77894086539243,True,119.77894086539243,122.0,True,
Q2-001,S001-handoff,1022.3983708492733,109.2432319,23.0335927,184.0,3063.6263878017426,109.77894086539243,True,119.77894086539243,122.0,True,
Q2-001,S001-handoff,1080.8983708492733,109.2432319,23.0335927,184.0,3063.6263878017426,109.77894086539243,True,119.77894086539243,122.0,True,
Q2-001,S001-handoff,1139.3983708492733,109.2432319,23.0335927,184.0,3063.6263878017426,109.77894086539243,True,119.77894086539243,122.0,True,
Q2-001,S001-handoff,1197.8983708492733,109.2432319,23.0335927,184.0,3063.6263878017426,109.77894086539243,True,119.77894086539243,122.0,True,
Q2-001,S001-handoff,1256.3983708492733,109.2432319,23.0335927,184.0,3063.6263878017426,109.77894086539243,True,119.77894086539243,122.0,True,
Q2-001,S001-handoff,1314.8983708492733,109.2432319,23.0335927,184.0,3063.6263878017426,109.77894086539243,True,119.77894086539243,122.0,True,
Q2-001,leg2-climb,1314.8983708492733,109.2432319,23.0335927,184.0,3063.6263878017426,109.77894086539243,True,119.77894086539243,122.0,True,
Q2-001,leg2-climb,1350.521014892242,109.2432319,23.0335927,273.0566101074219,3065.975086939354,109.78559726632969,True,119.78559726632969,122.0,True,
Q2-001,leg2-cruise,1350.521014892242,109.2432319,23.0335927,273.0566101074219,3065.975086939354,109.78559726632969,True,119.78559726632969,122.0,True,
Q2-001,leg2-cruise,1401.5778703303904,109.24013685,23.0273219,273.0566101074219,2300.9848577480416,107.29250004795173,True,117.29250004795173,122.0,True,
Q2-001,leg2-cruise,1452.6347257685388,109.2370418,23.0210511,273.0566101074219,1536.8389140156492,103.7867918079043,False,103.7867918079043,122.0,True,
Q2-001,leg2-cruise,1503.6915812066873,109.23394675,23.014780299999998,273.0566101074219,776.0533722921132,97.8520566432842,False,97.8520566432842,122.0,True,
Q2-001,leg2-cruise,1554.7484366448357,109.2308517,23.0085095,273.0566101074219,125.35661010742189,82.01716962285145,False,82.01716962285145,122.0,True,
Q2-001,leg2-descent,1554.7484366448357,109.2308517,23.0085095,273.0566101074219,125.35661010742189,82.01716962285145,False,82.01716962285145,122.0,True,
Q2-001,leg2-descent,1591.0875891716912,109.2308517,23.0085095,200.37830505371093,52.67830505371094,74.48686069242545,False,74.48686069242545,122.0,True,
Q2-001,leg2-descent,1627.4267416985467,109.2308517,23.0085095,127.69999999999999,20.0,66.07482474751174,False,66.07482474751174,122.0,True,
Q2-002,leg1-climb,420.0,109.2308517,23.0085095,127.7,19.999999999999986,66.07482474751174,False,66.07482474751174,122.0,True,
Q2-002,leg1-climb,478.14264404296875,109.2308517,23.0085095,273.0566101074219,125.35661010742189,82.01716962285145,False,82.01716962285145,122.0,True,
Q2-002,leg1-cruise,478.14264404296875,109.2308517,23.0085095,273.0566101074219,125.35661010742189,82.01716962285145,False,82.01716962285145,122.0,True,
Q2-002,leg1-cruise,529.1994994811172,109.23394675,23.014780299999998,273.0566101074219,776.0533722921132,97.8520566432842,False,97.8520566432842,122.0,True,
Q2-002,leg1-cruise,580.2563549192656,109.2370418,23.0210511,273.0566101074219,1536.8389140156492,103.7867918079043,False,103.7867918079043,122.0,True,
Q2-002,leg1-cruise,631.313210357414,109.24013685,23.0273219,273.0566101074219,2300.9848577480416,107.29250004795173,True,117.29250004795173,122.0,True,
Q2-002,leg1-cruise,682.3700657955625,109.2432319,23.0335927,273.0566101074219,3065.975086939354,109.78559726632969,True,119.78559726632969,122.0,True,
Q2-002,leg1-descent,682.3700657955625,109.2432319,23.0335927,273.0566101074219,3065.975086939354,109.78559726632969,True,119.78559726632969,122.0,True,
Q2-002,S001-handoff,726.8983708492734,109.2432319,23.0335927,184.0,3063.6263878017426,109.77894086539243,True,119.77894086539243,122.0,True,
Q2-002,leg1-descent,726.8983708492734,109.2432319,23.0335927,184.0,3063.6263878017426,109.77894086539243,True,119.77894086539243,122.0,True,
Q2-002,S001-handoff,780.8983708492734,109.2432319,23.0335927,184.0,3063.6263878017426,109.77894086539243,True,119.77894086539243,122.0,True,
Q2-002,S001-handoff,834.8983708492734,109.2432319,23.0335927,184.0,3063.6263878017426,109.77894086539243,True,119.77894086539243,122.0,True,
Q2-002,S001-handoff,888.8983708492733,109.2432319,23.0335927,184.0,3063.6263878017426,109.77894086539243,True,119.77894086539243,122.0,True,
Q2-002,S001-handoff,942.8983708492733,109.2432319,23.0335927,184.0,3063.6263878017426,109.77894086539243,True,119.77894086539243,122.0,True,
Q2-002,S001-handoff,996.8983708492733,109.2432319,23.0335927,184.0,3063.6263878017426,109.77894086539243,True,119.77894086539243,122.0,True,
Q2-002,S001-handoff,1050.8983708492733,109.2432319,23.0335927,184.0,3063.6263878017426,109.77894086539243,True,119.77894086539243,122.0,True,
Q2-002,leg2-climb,1050.8983708492733,109.2432319,23.0335927,184.0,3063.6263878017426,109.77894086539243,True,119.77894086539243,122.0,True,
Q2-002,leg2-climb,1086.521014892242,109.2432319,23.0335927,273.0566101074219,3065.975086939354,109.78559726632969,True,119.78559726632969,122.0,True,
Q2-002,leg2-cruise,1086.521014892242,109.2432319,23.0335927,273.0566101074219,3065.975086939354,109.78559726632969,True,119.78559726632969,122.0,True,
Q2-002,leg2-cruise,1137.5778703303904,109.24013685,23.0273219,273.0566101074219,2300.9848577480416,107.29250004795173,True,117.29250004795173,122.0,True,
Q2-002,leg2-cruise,1188.6347257685388,109.2370418,23.0210511,273.0566101074219,1536.8389140156492,103.7867918079043,False,103.7867918079043,122.0,True,
Q2-002,leg2-cruise,1239.6915812066873,109.23394675,23.014780299999998,273.0566101074219,776.0533722921132,97.8520566432842,False,97.8520566432842,122.0,True,
Q2-002,leg2-cruise,1290.7484366448357,109.2308517,23.0085095,273.0566101074219,125.35661010742189,82.01716962285145,False,82.01716962285145,122.0,True,
Q2-002,leg2-descent,1290.7484366448357,109.2308517,23.0085095,273.0566101074219,125.35661010742189,82.01716962285145,False,82.01716962285145,122.0,True,
Q2-002,leg2-descent,1327.0875891716912,109.2308517,23.0085095,200.37830505371093,52.67830505371094,74.48686069242545,False,74.48686069242545,122.0,True,
Q2-002,leg2-descent,1363.4267416985467,109.2308517,23.0085095,127.69999999999999,20.0,66.07482474751174,False,66.07482474751174,122.0,True,
Q2-003,leg1-climb,360.0,109.2308517,23.0085095,127.7,19.999999999999986,66.07482474751174,False,66.07482474751174,122.0,True,
Q2-003,leg1-climb,415.2163431803385,109.2308517,23.0085095,293.3490295410156,145.64902954101564,83.32037673964578,False,83.32037673964578,122.0,True,
Q2-003,leg1-cruise,415.2163431803385,109.2308517,23.0085095,293.3490295410156,145.64902954101564,83.32037673964578,False,83.32037673964578,122.0,True,
Q2-003,leg1-cruise,462.1688719328654,109.228222675,23.0143629,293.3490295410156,719.1971613681202,97.19118412607165,False,97.19118412607165,122.0,True,
Q2-003,leg1-cruise,509.12140068539225,109.22559365000001,23.0202163,293.3490295410156,1416.0948912472356,103.07607195447487,False,103.07607195447487,122.0,True,
Q2-003,leg1-cruise,556.0739294379191,109.222964625,23.0260697,293.3490295410156,2117.8846372411253,106.57227083564726,True,116.57227083564726,122.0,True,
Q2-003,leg1-cruise,603.026458190446,109.2203356,23.0319231,293.3490295410156,2820.9142990050113,109.06202267903682,True,119.06202267903682,122.0,True,
Q2-003,leg1-descent,603.026458190446,109.2203356,23.0319231,293.3490295410156,2820.9142990050113,109.06202267903682,True,119.06202267903682,122.0,True,
Q2-003,S011-handoff,635.5260700068523,109.2203356,23.0319231,212.1,2817.887719999627,109.05269852342448,True,119.05269852342448,122.0,True,
Q2-003,leg1-descent,635.5260700068523,109.2203356,23.0319231,212.1,2817.887719999627,109.05269852342448,True,119.05269852342448,122.0,True,
Q2-003,S011-handoff,688.0260700068523,109.2203356,23.0319231,212.1,2817.887719999627,109.05269852342448,True,119.05269852342448,122.0,True,
Q2-003,S011-handoff,740.5260700068523,109.2203356,23.0319231,212.1,2817.887719999627,109.05269852342448,True,119.05269852342448,122.0,True,
Q2-003,S011-handoff,793.0260700068523,109.2203356,23.0319231,212.1,2817.887719999627,109.05269852342448,True,119.05269852342448,122.0,True,
Q2-003,S011-handoff,845.5260700068523,109.2203356,23.0319231,212.1,2817.887719999627,109.05269852342448,True,119.05269852342448,122.0,True,
Q2-003,leg2-climb,845.5260700068523,109.2203356,23.0319231,212.1,2817.887719999627,109.05269852342448,True,119.05269852342448,122.0,True,
Q2-003,leg2-climb,872.6090798538575,109.2203356,23.0319231,293.3490295410156,2820.9142990050113,109.06202267903682,True,119.06202267903682,122.0,True,
Q2-003,leg2-cruise,872.6090798538575,109.2203356,23.0319231,293.3490295410156,2820.9142990050113,109.06202267903682,True,119.06202267903682,122.0,True,
Q2-003,leg2-cruise,919.5616086063843,109.222964625,23.0260697,293.3490295410156,2117.8846372411253,106.57227083564726,True,116.57227083564726,122.0,True,
Q2-003,leg2-cruise,966.5141373589111,109.22559365,23.0202163,293.3490295410156,1416.0948912477884,103.07607195447827,False,103.07607195447827,122.0,True,
Q2-003,leg2-cruise,1013.4666661114379,109.228222675,23.0143629,293.3490295410156,719.1971613681202,97.19118412607165,False,97.19118412607165,122.0,True,
Q2-003,leg2-cruise,1060.4191948639648,109.2308517,23.0085095,293.3490295410156,145.64902954101564,83.32037673964578,False,83.32037673964578,122.0,True,
Q2-003,leg2-descent,1060.4191948639648,109.2308517,23.0085095,293.3490295410156,145.64902954101564,83.32037673964578,False,83.32037673964578,122.0,True,
Q2-003,leg2-descent,1093.5490007721678,109.2308517,23.0085095,210.5245147705081,62.8245147705081,76.01680769371313,False,76.01680769371313,122.0,True,
Q2-003,leg2-descent,1126.678806680371,109.2308517,23.0085095,127.69999999999999,20.0,66.07482474751174,False,66.07482474751174,122.0,True,
Q2-004,leg1-climb,330.0,109.2308517,23.0085095,127.7,19.999999999999986,66.07482474751174,False,66.07482474751174,122.0,True,
Q2-004,leg1-climb,385.2163431803385,109.2308517,23.0085095,293.3490295410156,145.64902954101564,83.32037673964578,False,83.32037673964578,122.0,True,
Q2-004,leg1-cruise,385.2163431803385,109.2308517,23.0085095,293.3490295410156,145.64902954101564,83.32037673964578,False,83.32037673964578,122.0,True,
Q2-004,leg1-cruise,432.1688719328654,109.228222675,23.0143629,293.3490295410156,719.1971613681202,97.19118412607165,False,97.19118412607165,122.0,True,
Q2-004,leg1-cruise,479.12140068539225,109.22559365000001,23.0202163,293.3490295410156,1416.0948912472356,103.07607195447487,False,103.07607195447487,122.0,True,
Q2-004,leg1-cruise,526.0739294379191,109.222964625,23.0260697,293.3490295410156,2117.8846372411253,106.57227083564726,True,116.57227083564726,122.0,True,
Q2-004,leg1-cruise,573.026458190446,109.2203356,23.0319231,293.3490295410156,2820.9142990050113,109.06202267903682,True,119.06202267903682,122.0,True,
Q2-004,leg1-descent,573.026458190446,109.2203356,23.0319231,293.3490295410156,2820.9142990050113,109.06202267903682,True,119.06202267903682,122.0,True,
Q2-004,S011-handoff,605.5260700068523,109.2203356,23.0319231,212.1,2817.887719999627,109.05269852342448,True,119.05269852342448,122.0,True,
Q2-004,leg1-descent,605.5260700068523,109.2203356,23.0319231,212.1,2817.887719999627,109.05269852342448,True,119.05269852342448,122.0,True,
Q2-004,S011-handoff,665.5260700068523,109.2203356,23.0319231,212.1,2817.887719999627,109.05269852342448,True,119.05269852342448,122.0,True,
Q2-004,S011-handoff,725.5260700068523,109.2203356,23.0319231,212.1,2817.887719999627,109.05269852342448,True,119.05269852342448,122.0,True,
Q2-004,S011-handoff,785.5260700068523,109.2203356,23.0319231,212.1,2817.887719999627,109.05269852342448,True,119.05269852342448,122.0,True,
Q2-004,leg2-climb,785.5260700068523,109.2203356,23.0319231,212.1,2817.887719999627,109.05269852342448,True,119.05269852342448,122.0,True,
Q2-004,leg2-climb,812.6090798538575,109.2203356,23.0319231,293.3490295410156,2820.9142990050113,109.06202267903682,True,119.06202267903682,122.0,True,
Q2-004,leg2-cruise,812.6090798538575,109.2203356,23.0319231,293.3490295410156,2820.9142990050113,109.06202267903682,True,119.06202267903682,122.0,True,
Q2-004,leg2-cruise,859.5616086063843,109.222964625,23.0260697,293.3490295410156,2117.8846372411253,106.57227083564726,True,116.57227083564726,122.0,True,
Q2-004,leg2-cruise,906.5141373589111,109.22559365,23.0202163,293.3490295410156,1416.0948912477884,103.07607195447827,False,103.07607195447827,122.0,True,
Q2-004,leg2-cruise,953.4666661114379,109.228222675,23.0143629,293.3490295410156,719.1971613681202,97.19118412607165,False,97.19118412607165,122.0,True,
Q2-004,leg2-cruise,1000.4191948639648,109.2308517,23.0085095,293.3490295410156,145.64902954101564,83.32037673964578,False,83.32037673964578,122.0,True,
Q2-004,leg2-descent,1000.4191948639648,109.2308517,23.0085095,293.3490295410156,145.64902954101564,83.32037673964578,False,83.32037673964578,122.0,True,
Q2-004,leg2-descent,1033.5490007721678,109.2308517,23.0085095,210.5245147705081,62.8245147705081,76.01680769371313,False,76.01680769371313,122.0,True,
Q2-004,leg2-descent,1066.678806680371,109.2308517,23.0085095,127.69999999999999,20.0,66.07482474751174,False,66.07482474751174,122.0,True,
Q2-005,leg1-climb,1456.678806680371,109.2308517,23.0085095,127.7,19.999999999999986,66.07482474751174,False,66.07482474751174,122.0,True,
Q2-005,leg1-climb,1505.1310100495116,109.2308517,23.0085095,273.0566101074219,125.35661010742189,82.01716962285145,False,82.01716962285145,122.0,True,
Q2-005,leg1-cruise,1505.1310100495116,109.2308517,23.0085095,273.0566101074219,125.35661010742189,82.01716962285145,False,82.01716962285145,122.0,True,
Q2-005,leg1-cruise,1556.18786548766,109.23394675,23.014780299999998,273.0566101074219,776.0533722921132,97.8520566432842,False,97.8520566432842,122.0,True,
Q2-005,leg1-cruise,1607.2447209258085,109.2370418,23.0210511,273.0566101074219,1536.8389140156492,103.7867918079043,False,103.7867918079043,122.0,True,
Q2-005,leg1-cruise,1658.3015763639569,109.24013685,23.0273219,273.0566101074219,2300.9848577480416,107.29250004795173,True,117.29250004795173,122.0,True,
Q2-005,leg1-cruise,1709.3584318021053,109.2432319,23.0335927,273.0566101074219,3065.975086939354,109.78559726632969,True,119.78559726632969,122.0,True,
Q2-005,leg1-descent,1709.3584318021053,109.2432319,23.0335927,273.0566101074219,3065.975086939354,109.78559726632969,True,119.78559726632969,122.0,True,
Q2-005,S001-handoff,1744.981075845074,109.2432319,23.0335927,184.0,3063.6263878017426,109.77894086539243,True,119.77894086539243,122.0,True,
Q2-005,leg1-descent,1744.981075845074,109.2432319,23.0335927,184.0,3063.6263878017426,109.77894086539243,True,119.77894086539243,122.0,True,
Q2-005,S001-handoff,1804.981075845074,109.2432319,23.0335927,184.0,3063.6263878017426,109.77894086539243,True,119.77894086539243,122.0,True,
Q2-005,S001-handoff,1864.981075845074,109.2432319,23.0335927,184.0,3063.6263878017426,109.77894086539243,True,119.77894086539243,122.0,True,
Q2-005,S001-handoff,1924.981075845074,109.2432319,23.0335927,184.0,3063.6263878017426,109.77894086539243,True,119.77894086539243,122.0,True,
Q2-005,S001-handoff,1984.981075845074,109.2432319,23.0335927,184.0,3063.6263878017426,109.77894086539243,True,119.77894086539243,122.0,True,
Q2-005,leg2-climb,1984.981075845074,109.2432319,23.0335927,184.0,3063.6263878017426,109.77894086539243,True,119.77894086539243,122.0,True,
Q2-005,leg2-climb,2014.6666125475479,109.2432319,23.0335927,273.0566101074219,3065.975086939354,109.78559726632969,True,119.78559726632969,122.0,True,
Q2-005,leg2-cruise,2014.6666125475479,109.2432319,23.0335927,273.0566101074219,3065.975086939354,109.78559726632969,True,119.78559726632969,122.0,True,
Q2-005,leg2-cruise,2065.723467985696,109.24013685,23.0273219,273.0566101074219,2300.9848577480416,107.29250004795173,True,117.29250004795173,122.0,True,
Q2-005,leg2-cruise,2116.7803234238445,109.2370418,23.0210511,273.0566101074219,1536.8389140156492,103.7867918079043,False,103.7867918079043,122.0,True,
Q2-005,leg2-cruise,2167.837178861993,109.23394675,23.014780299999998,273.0566101074219,776.0533722921132,97.8520566432842,False,97.8520566432842,122.0,True,
Q2-005,leg2-cruise,2218.8940343001414,109.2308517,23.0085095,273.0566101074219,125.35661010742189,82.01716962285145,False,82.01716962285145,122.0,True,
Q2-005,leg2-descent,2218.8940343001414,109.2308517,23.0085095,273.0566101074219,125.35661010742189,82.01716962285145,False,82.01716962285145,122.0,True,
Q2-005,leg2-descent,2277.03667834311,109.2308517,23.0085095,127.69999999999999,20.0,66.07482474751174,False,66.07482474751174,122.0,True,
Q2-006,leg1-climb,1783.4267416985467,109.2308517,23.0085095,127.7,19.999999999999986,66.07482474751174,False,66.07482474751174,122.0,True,
Q2-006,leg1-climb,1831.1063095696404,109.2308517,23.0085095,246.8989196777344,99.19891967773441,79.98436368446218,False,79.98436368446218,122.0,True,
Q2-006,leg1-climb,1878.785877440734,109.2308517,23.0085095,366.09783935546875,218.39783935546876,86.83919158442467,False,86.83919158442467,122.0,True,
Q2-006,leg1-cruise,1878.785877440734,109.2308517,23.0085095,366.09783935546875,218.39783935546876,86.83919158442467,False,86.83919158442467,122.0,True,
Q2-006,leg1-cruise,1931.803099244999,109.22308467500001,23.008310625,366.09783935546875,824.7003279119143,98.38014817912166,False,98.38014817912166,122.0,True,
Q2-006,leg1-cruise,1984.820321049264,109.21531765,23.008111749999998,366.09783935546875,1605.438693562732,104.16609935298305,False,104.16609935298305,122.0,True,
Q2-006,leg1-cruise,2037.8375428535292,109.207550625,23.007912875,366.09783935546875,2395.748631097412,107.64304980762405,True,117.64304980762405,122.0,True,
Q2-006,leg1-cruise,2090.854764657794,109.1997836,23.007714,366.09783935546875,3188.521683236385,110.12601232845918,True,120.12601232845918,122.0,True,
Q2-006,leg1-descent,2090.854764657794,109.1997836,23.007714,366.09783935546875,3188.521683236385,110.12601232845918,True,120.12601232845918,122.0,True,
Q2-006,S006-handoff,2116.5036843355283,109.1997836,23.007714,314.8,3185.4191746508736,110.11755663365312,True,120.11755663365312,122.0,True,
Q2-006,leg1-descent,2116.5036843355283,109.1997836,23.007714,314.8,3185.4191746508736,110.11755663365312,True,120.11755663365312,122.0,True,
Q2-006,S006-handoff,2170.5036843355283,109.1997836,23.007714,314.8,3185.4191746508736,110.11755663365312,True,120.11755663365312,122.0,True,
Q2-006,S006-handoff,2224.5036843355283,109.1997836,23.007714,314.8,3185.4191746508736,110.11755663365312,True,120.11755663365312,122.0,True,
Q2-006,S006-handoff,2278.5036843355283,109.1997836,23.007714,314.8,3185.4191746508736,110.11755663365312,True,120.11755663365312,122.0,True,
Q2-006,S006-handoff,2332.5036843355283,109.1997836,23.007714,314.8,3185.4191746508736,110.11755663365312,True,120.11755663365312,122.0,True,
Q2-006,S006-handoff,2386.5036843355283,109.1997836,23.007714,314.8,3185.4191746508736,110.11755663365312,True,120.11755663365312,122.0,True,
Q2-006,S006-handoff,2440.5036843355283,109.1997836,23.007714,314.8,3185.4191746508736,110.11755663365312,True,120.11755663365312,122.0,True,
Q2-006,leg2-climb,2440.5036843355283,109.1997836,23.007714,314.8,3185.4191746508736,110.11755663365312,True,120.11755663365312,122.0,True,
Q2-006,leg2-climb,2461.022820077716,109.1997836,23.007714,366.09783935546875,3188.521683236385,110.12601232845918,True,120.12601232845918,122.0,True,
Q2-006,leg2-cruise,2461.022820077716,109.1997836,23.007714,366.09783935546875,3188.521683236385,110.12601232845918,True,120.12601232845918,122.0,True,
Q2-006,leg2-cruise,2514.040041881981,109.207550625,23.007912875,366.09783935546875,2395.748631097412,107.64304980762405,True,117.64304980762405,122.0,True,
Q2-006,leg2-cruise,2567.057263686246,109.21531765,23.00811175,366.09783935546875,1605.4386935627222,104.16609935298301,False,104.16609935298301,122.0,True,
Q2-006,leg2-cruise,2620.074485490511,109.22308467500001,23.008310625,366.09783935546875,824.7003279119143,98.38014817912166,False,98.38014817912166,122.0,True,
Q2-006,leg2-cruise,2673.091707294776,109.2308517,23.0085095,366.09783935546875,218.39783935546876,86.83919158442467,False,86.83919158442467,122.0,True,
Q2-006,leg2-descent,2673.091707294776,109.2308517,23.0085095,366.09783935546875,218.39783935546876,86.83919158442467,False,86.83919158442467,122.0,True,
Q2-006,leg2-descent,2732.691167133643,109.2308517,23.0085095,246.89891967773482,99.19891967773484,79.98436368446222,False,79.98436368446222,122.0,True,
Q2-006,leg2-descent,2792.2906269725104,109.2308517,23.0085095,127.69999999999999,20.0,66.07482474751174,False,66.07482474751174,122.0,True,
Q2-007,leg1-climb,1486.678806680371,109.2308517,23.0085095,127.7,19.999999999999986,66.07482474751174,False,66.07482474751174,122.0,True,
Q2-007,leg1-climb,1526.4117799062824,109.2308517,23.0085095,246.89891967773406,99.19891967773407,79.98436368446215,False,79.98436368446215,122.0,True,
Q2-007,leg1-climb,1566.144753132194,109.2308517,23.0085095,366.09783935546875,218.39783935546876,86.83919158442467,False,86.83919158442467,122.0,True,
Q2-007,leg1-cruise,1566.144753132194,109.2308517,23.0085095,366.09783935546875,218.39783935546876,86.83919158442467,False,86.83919158442467,122.0,True,
Q2-007,leg1-cruise,1619.1619749364588,109.22308467500001,23.008310625,366.09783935546875,824.7003279119143,98.38014817912166,False,98.38014817912166,122.0,True,
Q2-007,leg1-cruise,1672.179196740724,109.21531765,23.008111749999998,366.09783935546875,1605.438693562732,104.16609935298305,False,104.16609935298305,122.0,True,
Q2-007,leg1-cruise,1725.1964185449888,109.207550625,23.007912875,366.09783935546875,2395.748631097412,107.64304980762405,True,117.64304980762405,122.0,True,
Q2-007,leg1-cruise,1778.2136403492536,109.1997836,23.007714,366.09783935546875,3188.521683236385,110.12601232845918,True,120.12601232845918,122.0,True,
Q2-007,leg1-descent,1778.2136403492536,109.1997836,23.007714,366.09783935546875,3188.521683236385,110.12601232845918,True,120.12601232845918,122.0,True,
Q2-007,S006-handoff,1798.732776091441,109.1997836,23.007714,314.8,3185.4191746508736,110.11755663365312,True,120.11755663365312,122.0,True,
Q2-007,leg1-descent,1798.732776091441,109.1997836,23.007714,314.8,3185.4191746508736,110.11755663365312,True,120.11755663365312,122.0,True,
Q2-007,S006-handoff,1851.232776091441,109.1997836,23.007714,314.8,3185.4191746508736,110.11755663365312,True,120.11755663365312,122.0,True,
Q2-007,S006-handoff,1903.732776091441,109.1997836,23.007714,314.8,3185.4191746508736,110.11755663365312,True,120.11755663365312,122.0,True,
Q2-007,S006-handoff,1956.232776091441,109.1997836,23.007714,314.8,3185.4191746508736,110.11755663365312,True,120.11755663365312,122.0,True,
Q2-007,S006-handoff,2008.732776091441,109.1997836,23.007714,314.8,3185.4191746508736,110.11755663365312,True,120.11755663365312,122.0,True,
Q2-007,leg2-climb,2008.732776091441,109.1997836,23.007714,314.8,3185.4191746508736,110.11755663365312,True,120.11755663365312,122.0,True,
Q2-007,leg2-climb,2025.8320558765975,109.1997836,23.007714,366.09783935546875,3188.521683236385,110.12601232845918,True,120.12601232845918,122.0,True,
Q2-007,leg2-cruise,2025.8320558765975,109.1997836,23.007714,366.09783935546875,3188.521683236385,110.12601232845918,True,120.12601232845918,122.0,True,
Q2-007,leg2-cruise,2078.8492776808625,109.20755062500001,23.007912875,366.09783935546875,2395.748631095964,107.6430498076188,True,117.6430498076188,122.0,True,
Q2-007,leg2-cruise,2131.8664994851274,109.21531765,23.00811175,366.09783935546875,1605.4386935627222,104.16609935298301,False,104.16609935298301,122.0,True,
Q2-007,leg2-cruise,2184.8837212893923,109.22308467500001,23.008310625,366.09783935546875,824.7003279119143,98.38014817912166,False,98.38014817912166,122.0,True,
Q2-007,leg2-cruise,2237.900943093657,109.2308517,23.0085095,366.09783935546875,218.39783935546876,86.83919158442467,False,86.83919158442467,122.0,True,
Q2-007,leg2-descent,2237.900943093657,109.2308517,23.0085095,366.09783935546875,218.39783935546876,86.83919158442467,False,86.83919158442467,122.0,True,
Q2-007,leg2-descent,2285.580510964751,109.2308517,23.0085095,246.89891967773437,99.19891967773438,79.98436368446218,False,79.98436368446218,122.0,True,
Q2-007,leg2-descent,2333.2600788358445,109.2308517,23.0085095,127.69999999999999,20.0,66.07482474751174,False,66.07482474751174,122.0,True,
Q2-008,leg1-climb,2637.036678343111,109.2308517,23.0085095,127.7,19.999999999999986,66.07482474751174,False,66.07482474751174,122.0,True,
Q2-008,leg1-climb,2682.2836489648557,109.2308517,23.0085095,263.4409118652344,115.74091186523441,81.32396282686831,False,81.32396282686831,122.0,True,
Q2-008,leg1-climb,2727.5306195866006,109.2308517,23.0085095,399.18182373046875,251.48182373046876,88.06435685755233,False,88.06435685755233,122.0,True,
Q2-008,leg1-cruise,2727.5306195866006,109.2308517,23.0085095,399.18182373046875,251.48182373046876,88.06435685755233,False,88.06435685755233,122.0,True,
Q2-008,leg1-cruise,2781.4051418078207,109.23760706666667,23.012272616666664,399.18182373046875,846.3830287863449,98.60556376505018,False,98.60556376505018,122.0,True,
Q2-008,leg1-cruise,2835.279664029041,109.24436243333334,23.016035733333332,399.18182373046875,1635.7488383136763,104.32855724504297,False,104.32855724504297,122.0,True,
Q2-008,leg1-cruise,2889.1541862502613,109.2511178,23.01979885,399.18182373046875,2437.4357785821144,107.79288846933723,False,107.79288846933723,122.0,True,
Q2-008,leg1-cruise,2943.0287084714814,109.25787316666667,23.023561966666666,399.18182373046875,3242.304878640312,110.27130182971169,True,120.27130182971169,122.0,True,
Q2-008,leg1-cruise,2996.903230692702,109.26462853333334,23.027325083333334,399.18182373046875,4048.448771341321,112.19999779680808,True,122.19999779680808,122.0,False,
Q2-008,leg1-cruise,3050.777752913922,109.2713839,23.0310882,399.18182373046875,4855.224266564969,113.77841073634089,True,123.77841073634089,122.0,False,
Q2-008,leg1-descent,3050.777752913922,109.2713839,23.0310882,399.18182373046875,4855.224266564969,113.77841073634089,True,123.77841073634089,122.0,False,
Q2-008,S013-handoff,3069.7704824061097,109.2713839,23.0310882,351.7,4852.996555837903,113.77442449618124,True,123.77442449618124,122.0,False,
Q2-008,leg1-descent,3069.7704824061097,109.2713839,23.0310882,351.7,4852.996555837903,113.77442449618124,True,123.77442449618124,122.0,False,
Q2-008,S013-handoff,3122.2704824061097,109.2713839,23.0310882,351.7,4852.996555837903,113.77442449618124,True,123.77442449618124,122.0,False,
Q2-008,S013-handoff,3174.7704824061097,109.2713839,23.0310882,351.7,4852.996555837903,113.77442449618124,True,123.77442449618124,122.0,False,
Q2-008,S013-handoff,3227.2704824061097,109.2713839,23.0310882,351.7,4852.996555837903,113.77442449618124,True,123.77442449618124,122.0,False,
Q2-008,S013-handoff,3279.7704824061097,109.2713839,23.0310882,351.7,4852.996555837903,113.77442449618124,True,123.77442449618124,122.0,False,
Q2-008,leg2-climb,3279.7704824061097,109.2713839,23.0310882,351.7,4852.996555837903,113.77442449618124,True,123.77442449618124,122.0,False,
Q2-008,leg2-climb,3295.597756982933,109.2713839,23.0310882,399.18182373046875,4855.224266564969,113.77841073634089,True,123.77841073634089,122.0,False,
Q2-008,leg2-cruise,3295.597756982933,109.2713839,23.0310882,399.18182373046875,4855.224266564969,113.77841073634089,True,123.77841073634089,122.0,False,
Q2-008,leg2-cruise,3349.472279204153,109.26462853333334,23.027325083333334,399.18182373046875,4048.448771341321,112.19999779680808,True,122.19999779680808,122.0,False,
Q2-008,leg2-cruise,3403.3468014253735,109.25787316666667,23.023561966666666,399.18182373046875,3242.304878640312,110.27130182971169,True,120.27130182971169,122.0,True,
Q2-008,leg2-cruise,3457.2213236465936,109.2511178,23.01979885,399.18182373046875,2437.4357785821144,107.79288846933723,False,107.79288846933723,122.0,True,
Q2-008,leg2-cruise,3511.0958458678138,109.24436243333334,23.016035733333332,399.18182373046875,1635.7488383136763,104.32855724504297,False,104.32855724504297,122.0,True,
Q2-008,leg2-cruise,3564.9703680890343,109.23760706666667,23.012272616666664,399.18182373046875,846.3830287863449,98.60556376505018,False,98.60556376505018,122.0,True,
Q2-008,leg2-cruise,3618.8448903102544,109.2308517,23.0085095,399.18182373046875,251.48182373046876,88.06435685755233,False,88.06435685755233,122.0,True,
Q2-008,leg2-descent,3618.8448903102544,109.2308517,23.0085095,399.18182373046875,251.48182373046876,88.06435685755233,False,88.06435685755233,122.0,True,
Q2-008,leg2-descent,3673.141255056348,109.2308517,23.0085095,263.4409118652344,115.74091186523441,81.32396282686831,False,81.32396282686831,122.0,True,
Q2-008,leg2-descent,3727.437619802442,109.2308517,23.0085095,127.69999999999999,20.0,66.07482474751174,False,66.07482474751174,122.0,True,
Q2-009,leg1-climb,2663.260078835845,109.2308517,23.0085095,127.7,19.999999999999986,66.07482474751174,False,66.07482474751174,122.0,True,
Q2-009,leg1-climb,2708.50704945759,109.2308517,23.0085095,263.4409118652344,115.74091186523441,81.32396282686831,False,81.32396282686831,122.0,True,
Q2-009,leg1-climb,2753.7540200793346,109.2308517,23.0085095,399.18182373046875,251.48182373046876,88.06435685755233,False,88.06435685755233,122.0,True,
Q2-009,leg1-cruise,2753.7540200793346,109.2308517,23.0085095,399.18182373046875,251.48182373046876,88.06435685755233,False,88.06435685755233,122.0,True,
Q2-009,leg1-cruise,2807.6285423005547,109.23760706666667,23.012272616666664,399.18182373046875,846.3830287863449,98.60556376505018,False,98.60556376505018,122.0,True,
Q2-009,leg1-cruise,2861.5030645217753,109.24436243333334,23.016035733333332,399.18182373046875,1635.7488383136763,104.32855724504297,False,104.32855724504297,122.0,True,
Q2-009,leg1-cruise,2915.3775867429954,109.2511178,23.01979885,399.18182373046875,2437.4357785821144,107.79288846933723,False,107.79288846933723,122.0,True,
Q2-009,leg1-cruise,2969.2521089642155,109.25787316666667,23.023561966666666,399.18182373046875,3242.304878640312,110.27130182971169,True,120.27130182971169,122.0,True,
Q2-009,leg1-cruise,3023.126631185436,109.26462853333334,23.027325083333334,399.18182373046875,4048.448771341321,112.19999779680808,True,122.19999779680808,122.0,False,
Q2-009,leg1-cruise,3077.001153406656,109.2713839,23.0310882,399.18182373046875,4855.224266564969,113.77841073634089,True,123.77841073634089,122.0,False,
Q2-009,leg1-descent,3077.001153406656,109.2713839,23.0310882,399.18182373046875,4855.224266564969,113.77841073634089,True,123.77841073634089,122.0,False,
Q2-009,S013-handoff,3095.993882898844,109.2713839,23.0310882,351.7,4852.996555837903,113.77442449618124,True,123.77442449618124,122.0,False,
Q2-009,leg1-descent,3095.993882898844,109.2713839,23.0310882,351.7,4852.996555837903,113.77442449618124,True,123.77442449618124,122.0,False,
Q2-009,S013-handoff,3155.993882898844,109.2713839,23.0310882,351.7,4852.996555837903,113.77442449618124,True,123.77442449618124,122.0,False,
Q2-009,S013-handoff,3215.993882898844,109.2713839,23.0310882,351.7,4852.996555837903,113.77442449618124,True,123.77442449618124,122.0,False,
Q2-009,S013-handoff,3275.993882898844,109.2713839,23.0310882,351.7,4852.996555837903,113.77442449618124,True,123.77442449618124,122.0,False,
Q2-009,leg2-climb,3275.993882898844,109.2713839,23.0310882,351.7,4852.996555837903,113.77442449618124,True,123.77442449618124,122.0,False,
Q2-009,leg2-climb,3291.821157475667,109.2713839,23.0310882,399.18182373046875,4855.224266564969,113.77841073634089,True,123.77841073634089,122.0,False,
Q2-009,leg2-cruise,3291.821157475667,109.2713839,23.0310882,399.18182373046875,4855.224266564969,113.77841073634089,True,123.77841073634089,122.0,False,
Q2-009,leg2-cruise,3345.695679696887,109.26462853333334,23.027325083333334,399.18182373046875,4048.448771341321,112.19999779680808,True,122.19999779680808,122.0,False,
Q2-009,leg2-cruise,3399.5702019181076,109.25787316666667,23.023561966666666,399.18182373046875,3242.304878640312,110.27130182971169,True,120.27130182971169,122.0,True,
Q2-009,leg2-cruise,3453.4447241393277,109.2511178,23.01979885,399.18182373046875,2437.4357785821144,107.79288846933723,False,107.79288846933723,122.0,True,
Q2-009,leg2-cruise,3507.319246360548,109.24436243333334,23.016035733333332,399.18182373046875,1635.7488383136763,104.32855724504297,False,104.32855724504297,122.0,True,
Q2-009,leg2-cruise,3561.1937685817684,109.23760706666667,23.012272616666664,399.18182373046875,846.3830287863449,98.60556376505018,False,98.60556376505018,122.0,True,
Q2-009,leg2-cruise,3615.0682908029885,109.2308517,23.0085095,399.18182373046875,251.48182373046876,88.06435685755233,False,88.06435685755233,122.0,True,
Q2-009,leg2-descent,3615.0682908029885,109.2308517,23.0085095,399.18182373046875,251.48182373046876,88.06435685755233,False,88.06435685755233,122.0,True,
Q2-009,leg2-descent,3669.3646555490823,109.2308517,23.0085095,263.4409118652344,115.74091186523441,81.32396282686831,False,81.32396282686831,122.0,True,
Q2-009,leg2-descent,3723.661020295176,109.2308517,23.0085095,127.69999999999999,20.0,66.07482474751174,False,66.07482474751174,122.0,True,
Q2-010,leg1-climb,360.0,109.2308517,23.0085095,127.7,19.999999999999986,66.07482474751174,False,66.07482474751174,122.0,True,
Q2-010,leg1-climb,411.3227559407552,109.2308517,23.0085095,281.66826782226565,133.96826782226566,82.59426367590437,False,82.59426367590437,122.0,True,
Q2-010,leg1-climb,462.6455118815104,109.2308517,23.0085095,435.63653564453125,287.93653564453126,89.2401603354819,False,89.2401603354819,122.0,True,
Q2-010,leg1-cruise,462.6455118815104,109.2308517,23.0085095,435.63653564453125,287.93653564453126,89.2401603354819,False,89.2401603354819,122.0,True,
Q2-010,leg1-cruise,519.5317011865219,109.23730385714286,23.010065414285712,435.63653564453125,740.8962000907705,97.44937218179443,False,97.44937218179443,122.0,True,
Q2-010,leg1-cruise,576.4178904915335,109.24375601428571,23.01162132857143,435.63653564453125,1395.337326182601,102.94780907517062,False,102.94780907517062,122.0,True,
Q2-010,leg1-cruise,633.304079796545,109.25020817142857,23.013177242857143,435.63653564453125,2068.0895755214733,106.36561174425812,True,116.36561174425812,122.0,True,
Q2-010,leg1-cruise,690.1902691015566,109.25666032857143,23.014733157142857,435.63653564453125,2745.7206177790745,108.82735173165202,True,118.82735173165202,122.0,True,
Q2-010,leg1-cruise,747.0764584065681,109.26311248571429,23.01628907142857,435.63653564453125,3425.331768031878,110.74827768246497,True,120.74827768246497,122.0,True,
Q2-010,leg1-cruise,803.9626477115796,109.26956464285713,23.017844985714287,435.63653564453125,4105.93623067621,112.32246883535953,True,122.32246883535953,122.0,False,
Q2-010,leg1-cruise,860.8488370165912,109.2760168,23.0194009,435.63653564453125,4787.107199756697,113.65568789292274,True,123.65568789292274,122.0,False,
Q2-010,leg1-descent,860.8488370165912,109.2760168,23.0194009,435.63653564453125,4787.107199756697,113.65568789292274,True,123.65568789292274,122.0,False,
Q2-010,S010-handoff,894.4634512744037,109.2760168,23.0194009,351.6,4782.788214358171,113.64784784212937,True,123.64784784212937,122.0,False,
Q2-010,leg1-descent,894.4634512744037,109.2760168,23.0194009,351.6,4782.788214358171,113.64784784212937,True,123.64784784212937,122.0,False,
Q2-010,S010-handoff,946.9634512744037,109.2760168,23.0194009,351.6,4782.788214358171,113.64784784212937,True,123.64784784212937,122.0,False,
Q2-010,S010-handoff,999.4634512744037,109.2760168,23.0194009,351.6,4782.788214358171,113.64784784212937,True,123.64784784212937,122.0,False,
Q2-010,S010-handoff,1051.9634512744037,109.2760168,23.0194009,351.6,4782.788214358171,113.64784784212937,True,123.64784784212937,122.0,False,
Q2-010,S010-handoff,1104.4634512744037,109.2760168,23.0194009,351.6,4782.788214358171,113.64784784212937,True,123.64784784212937,122.0,False,
Q2-010,leg2-climb,1104.4634512744037,109.2760168,23.0194009,351.6,4782.788214358171,113.64784784212937,True,123.64784784212937,122.0,False,
Q2-010,leg2-climb,1132.4756298225807,109.2760168,23.0194009,435.63653564453125,4787.107199756697,113.65568789292274,True,123.65568789292274,122.0,False,
Q2-010,leg2-cruise,1132.4756298225807,109.2760168,23.0194009,435.63653564453125,4787.107199756697,113.65568789292274,True,123.65568789292274,122.0,False,
Q2-010,leg2-cruise,1189.3618191275923,109.26956464285713,23.017844985714287,435.63653564453125,4105.93623067621,112.32246883535953,True,122.32246883535953,122.0,False,
Q2-010,leg2-cruise,1246.2480084326037,109.26311248571429,23.01628907142857,435.63653564453125,3425.331768031878,110.74827768246497,True,120.74827768246497,122.0,True,
Q2-010,leg2-cruise,1303.1341977376153,109.25666032857143,23.014733157142857,435.63653564453125,2745.7206177790745,108.82735173165202,True,118.82735173165202,122.0,True,
Q2-010,leg2-cruise,1360.020387042627,109.25020817142857,23.013177242857143,435.63653564453125,2068.0895755214733,106.36561174425812,True,116.36561174425812,122.0,True,
Q2-010,leg2-cruise,1416.9065763476383,109.24375601428571,23.01162132857143,435.63653564453125,1395.337326182601,102.94780907517062,False,102.94780907517062,122.0,True,
Q2-010,leg2-cruise,1473.79276565265,109.23730385714286,23.010065414285712,435.63653564453125,740.8962000907705,97.44937218179443,False,97.44937218179443,122.0,True,
Q2-010,leg2-cruise,1530.6789549576615,109.2308517,23.0085095,435.63653564453125,287.93653564453126,89.2401603354819,False,89.2401603354819,122.0,True,
Q2-010,leg2-descent,1530.6789549576615,109.2308517,23.0085095,435.63653564453125,287.93653564453126,89.2401603354819,False,89.2401603354819,122.0,True,
Q2-010,leg2-descent,1571.7371597102656,109.2308517,23.0085095,332.991023763021,185.29102376302103,85.41131245162873,False,85.41131245162873,122.0,True,
Q2-010,leg2-descent,1612.7953644628699,109.2308517,23.0085095,230.34551188151022,82.64551188151023,78.39861031228014,False,78.39861031228014,122.0,True,
Q2-010,leg2-descent,1653.853569215474,109.2308517,23.0085095,127.69999999999999,20.0,66.07482474751174,False,66.07482474751174,122.0,True,
Q2-011,leg1-climb,4053.661020295176,109.2308517,23.0085095,127.7,19.999999999999986,66.07482474751174,False,66.07482474751174,122.0,True,
Q2-011,leg1-climb,4104.983776235931,109.2308517,23.0085095,281.66826782226565,133.96826782226566,82.59426367590437,False,82.59426367590437,122.0,True,
Q2-011,leg1-climb,4156.306532176686,109.2308517,23.0085095,435.63653564453125,287.93653564453126,89.2401603354819,False,89.2401603354819,122.0,True,
Q2-011,leg1-cruise,4156.306532176686,109.2308517,23.0085095,435.63653564453125,287.93653564453126,89.2401603354819,False,89.2401603354819,122.0,True,
Q2-011,leg1-cruise,4209.400308861364,109.23837921666667,23.01032473333333,435.63653564453125,846.883074088695,98.61069389601911,False,98.61069389601911,122.0,True,
Q2-011,leg1-cruise,4262.494085546041,109.24590673333333,23.012139966666666,435.63653564453125,1618.6690434667223,104.23738605526515,False,104.23738605526515,122.0,True,
Q2-011,leg1-cruise,4315.587862230719,109.25343425,23.0139552,435.63653564453125,2406.5525375131174,107.68213177845962,True,117.68213177845962,122.0,True,
Q2-011,leg1-cruise,4368.681638915396,109.26096176666667,23.015770433333334,435.63653564453125,3198.6528317125703,110.15356695724358,True,120.15356695724358,122.0,True,
Q2-011,leg1-cruise,4421.775415600074,109.26848928333332,23.01758566666667,435.63653564453125,3992.4548834584607,112.07902517652522,True,122.07902517652522,122.0,False,
Q2-011,leg1-cruise,4474.869192284751,109.2760168,23.0194009,435.63653564453125,4787.107199756697,113.65568789292274,True,123.65568789292274,122.0,False,
Q2-011,leg1-descent,4474.869192284751,109.2760168,23.0194009,435.63653564453125,4787.107199756697,113.65568789292274,True,123.65568789292274,122.0,False,
Q2-011,S010-handoff,4508.483806542564,109.2760168,23.0194009,351.6,4782.788214358171,113.64784784212937,True,123.64784784212937,122.0,False,
Q2-011,leg1-descent,4508.483806542564,109.2760168,23.0194009,351.6,4782.788214358171,113.64784784212937,True,123.64784784212937,122.0,False,
Q2-011,S010-handoff,4568.483806542564,109.2760168,23.0194009,351.6,4782.788214358171,113.64784784212937,True,123.64784784212937,122.0,False,
Q2-011,S010-handoff,4628.483806542564,109.2760168,23.0194009,351.6,4782.788214358171,113.64784784212937,True,123.64784784212937,122.0,False,
Q2-011,S010-handoff,4688.483806542564,109.2760168,23.0194009,351.6,4782.788214358171,113.64784784212937,True,123.64784784212937,122.0,False,
Q2-011,leg2-climb,4688.483806542564,109.2760168,23.0194009,351.6,4782.788214358171,113.64784784212937,True,123.64784784212937,122.0,False,
Q2-011,leg2-climb,4716.495985090741,109.2760168,23.0194009,435.63653564453125,4787.107199756697,113.65568789292274,True,123.65568789292274,122.0,False,
Q2-011,leg2-cruise,4716.495985090741,109.2760168,23.0194009,435.63653564453125,4787.107199756697,113.65568789292274,True,123.65568789292274,122.0,False,
Q2-011,leg2-cruise,4769.589761775418,109.26848928333332,23.01758566666667,435.63653564453125,3992.4548834584607,112.07902517652522,True,122.07902517652522,122.0,False,
Q2-011,leg2-cruise,4822.683538460095,109.26096176666667,23.015770433333334,435.63653564453125,3198.6528317125703,110.15356695724358,True,120.15356695724358,122.0,True,
Q2-011,leg2-cruise,4875.777315144773,109.25343425,23.0139552,435.63653564453125,2406.5525375131174,107.68213177845962,True,117.68213177845962,122.0,True,
Q2-011,leg2-cruise,4928.871091829451,109.24590673333333,23.012139966666666,435.63653564453125,1618.6690434667223,104.23738605526515,False,104.23738605526515,122.0,True,
Q2-011,leg2-cruise,4981.964868514128,109.23837921666667,23.01032473333333,435.63653564453125,846.883074088695,98.61069389601911,False,98.61069389601911,122.0,True,
Q2-011,leg2-cruise,5035.058645198806,109.2308517,23.0085095,435.63653564453125,287.93653564453126,89.2401603354819,False,89.2401603354819,122.0,True,
Q2-011,leg2-descent,5035.058645198806,109.2308517,23.0085095,435.63653564453125,287.93653564453126,89.2401603354819,False,89.2401603354819,122.0,True,
Q2-011,leg2-descent,5076.11684995141,109.2308517,23.0085095,332.99102376302085,185.29102376302086,85.41131245162873,False,85.41131245162873,122.0,True,
Q2-011,leg2-descent,5117.175054704014,109.2308517,23.0085095,230.34551188151042,82.64551188151043,78.39861031228017,False,78.39861031228017,122.0,True,
Q2-011,leg2-descent,5158.233259456618,109.2308517,23.0085095,127.69999999999999,20.0,66.07482474751174,False,66.07482474751174,122.0,True,
Q2-012,leg1-climb,4087.437619802442,109.2308517,23.0085095,127.7,19.999999999999986,66.07482474751174,False,66.07482474751174,122.0,True,
Q2-012,leg1-climb,4142.61392392028,109.2308517,23.0085095,293.2289123535156,145.52891235351564,83.31321050523493,False,83.31321050523493,122.0,True,
Q2-012,leg1-cruise,4142.61392392028,109.2308517,23.0085095,293.2289123535156,145.52891235351564,83.31321050523493,False,83.31321050523493,122.0,True,
Q2-012,leg1-cruise,4197.115641950896,109.23417894285714,23.015193699999998,293.2289123535156,830.3984258341578,98.43995517870833,False,98.43995517870833,122.0,True,
Q2-012,leg1-cruise,4251.617359981512,109.2375061857143,23.0218779,293.2289123535156,1641.5502437806558,104.35930843314208,False,104.35930843314208,122.0,True,
Q2-012,leg1-cruise,4306.119078012128,109.24083342857143,23.0285621,293.2289123535156,2456.933280830071,107.8620920976493,True,117.8620920976493,122.0,True,
Q2-012,leg1-cruise,4360.620796042743,109.24416067142857,23.0352463,293.2289123535156,3273.381871109822,110.35415829109033,True,120.35415829109033,122.0,True,
Q2-012,leg1-cruise,4415.122514073359,109.24748791428571,23.0419305,293.2289123535156,4090.2537660613916,112.28922989795502,True,122.28922989795502,122.0,False,
Q2-012,leg1-cruise,4469.6242321039745,109.25081515714287,23.0486147,293.2289123535156,4907.33406328386,113.87113729975017,True,123.87113729975017,122.0,False,
Q2-012,leg1-cruise,4524.12595013459,109.2541424,23.0552989,293.2289123535156,5724.530508890159,115.20902231994036,True,125.20902231994036,122.0,False,
Q2-012,leg1-descent,4524.12595013459,109.2541424,23.0552989,293.2289123535156,5724.530508890159,115.20902231994036,True,125.20902231994036,122.0,False,
Q2-012,S009-handoff,4549.417515075997,109.2541424,23.0552989,230.0,5723.272156108201,115.20711279830486,True,125.20711279830486,122.0,False,
Q2-012,leg1-descent,4549.417515075997,109.2541424,23.0552989,230.0,5723.272156108201,115.20711279830486,True,125.20711279830486,122.0,False,
Q2-012,S009-handoff,4601.917515075997,109.2541424,23.0552989,230.0,5723.272156108201,115.20711279830486,True,125.20711279830486,122.0,False,
Q2-012,S009-handoff,4654.417515075997,109.2541424,23.0552989,230.0,5723.272156108201,115.20711279830486,True,125.20711279830486,122.0,False,
Q2-012,S009-handoff,4706.917515075997,109.2541424,23.0552989,230.0,5723.272156108201,115.20711279830486,True,125.20711279830486,122.0,False,
Q2-012,S009-handoff,4759.417515075997,109.2541424,23.0552989,230.0,5723.272156108201,115.20711279830486,True,125.20711279830486,122.0,False,
Q2-012,leg2-climb,4759.417515075997,109.2541424,23.0552989,230.0,5723.272156108201,115.20711279830486,True,125.20711279830486,122.0,False,
Q2-012,leg2-climb,4780.493819193835,109.2541424,23.0552989,293.2289123535156,5724.530508890159,115.20902231994036,True,125.20902231994036,122.0,False,
Q2-012,leg2-cruise,4780.493819193835,109.2541424,23.0552989,293.2289123535156,5724.530508890159,115.20902231994036,True,125.20902231994036,122.0,False,
Q2-012,leg2-cruise,4834.995537224451,109.25081515714287,23.0486147,293.2289123535156,4907.33406328386,113.87113729975017,True,123.87113729975017,122.0,False,
Q2-012,leg2-cruise,4889.497255255067,109.24748791428571,23.0419305,293.2289123535156,4090.2537660613916,112.28922989795502,True,122.28922989795502,122.0,False,
Q2-012,leg2-cruise,4943.998973285683,109.24416067142857,23.0352463,293.2289123535156,3273.381871109822,110.35415829109033,True,120.35415829109033,122.0,True,
Q2-012,leg2-cruise,4998.500691316298,109.24083342857143,23.0285621,293.2289123535156,2456.933280830071,107.8620920976493,True,117.8620920976493,122.0,True,
Q2-012,leg2-cruise,5053.002409346914,109.2375061857143,23.0218779,293.2289123535156,1641.5502437806558,104.35930843314208,False,104.35930843314208,122.0,True,
Q2-012,leg2-cruise,5107.50412737753,109.23417894285714,23.015193699999998,293.2289123535156,830.3984258341578,98.43995517870833,False,98.43995517870833,122.0,True,
Q2-012,leg2-cruise,5162.005845408145,109.2308517,23.0085095,293.2289123535156,145.52891235351564,83.31321050523493,False,83.31321050523493,122.0,True,
Q2-012,leg2-descent,5162.005845408145,109.2308517,23.0085095,293.2289123535156,145.52891235351564,83.31321050523493,False,83.31321050523493,122.0,True,
Q2-012,leg2-descent,5195.111627878849,109.2308517,23.0085095,210.4644561767578,62.76445617675782,76.00850023879948,False,76.00850023879948,122.0,True,
Q2-012,leg2-descent,5228.217410349552,109.2308517,23.0085095,127.69999999999999,20.0,66.07482474751174,False,66.07482474751174,122.0,True,
Q2-013,leg1-climb,5488.233259456618,109.2308517,23.0085095,127.7,19.999999999999986,66.07482474751174,False,66.07482474751174,122.0,True,
Q2-013,leg1-climb,5543.409563574456,109.2308517,23.0085095,293.2289123535156,145.52891235351564,83.31321050523493,False,83.31321050523493,122.0,True,
Q2-013,leg1-cruise,5543.409563574456,109.2308517,23.0085095,293.2289123535156,145.52891235351564,83.31321050523493,False,83.31321050523493,122.0,True,
Q2-013,leg1-cruise,5597.911281605072,109.23417894285714,23.015193699999998,293.2289123535156,830.3984258341578,98.43995517870833,False,98.43995517870833,122.0,True,
Q2-013,leg1-cruise,5652.412999635688,109.2375061857143,23.0218779,293.2289123535156,1641.5502437806558,104.35930843314208,False,104.35930843314208,122.0,True,
Q2-013,leg1-cruise,5706.914717666304,109.24083342857143,23.0285621,293.2289123535156,2456.933280830071,107.8620920976493,True,117.8620920976493,122.0,True,
Q2-013,leg1-cruise,5761.416435696919,109.24416067142857,23.0352463,293.2289123535156,3273.381871109822,110.35415829109033,True,120.35415829109033,122.0,True,
Q2-013,leg1-cruise,5815.918153727534,109.24748791428571,23.0419305,293.2289123535156,4090.2537660613916,112.28922989795502,True,122.28922989795502,122.0,False,
Q2-013,leg1-cruise,5870.41987175815,109.25081515714287,23.0486147,293.2289123535156,4907.33406328386,113.87113729975017,True,123.87113729975017,122.0,False,
Q2-013,leg1-cruise,5924.921589788766,109.2541424,23.0552989,293.2289123535156,5724.530508890159,115.20902231994036,True,125.20902231994036,122.0,False,
Q2-013,leg1-descent,5924.921589788766,109.2541424,23.0552989,293.2289123535156,5724.530508890159,115.20902231994036,True,125.20902231994036,122.0,False,
Q2-013,S009-handoff,5950.213154730172,109.2541424,23.0552989,230.0,5723.272156108201,115.20711279830486,True,125.20711279830486,122.0,False,
Q2-013,leg1-descent,5950.213154730172,109.2541424,23.0552989,230.0,5723.272156108201,115.20711279830486,True,125.20711279830486,122.0,False,
Q2-013,S009-handoff,6010.213154730172,109.2541424,23.0552989,230.0,5723.272156108201,115.20711279830486,True,125.20711279830486,122.0,False,
Q2-013,S009-handoff,6070.213154730172,109.2541424,23.0552989,230.0,5723.272156108201,115.20711279830486,True,125.20711279830486,122.0,False,
Q2-013,S009-handoff,6130.213154730172,109.2541424,23.0552989,230.0,5723.272156108201,115.20711279830486,True,125.20711279830486,122.0,False,
Q2-013,leg2-climb,6130.213154730172,109.2541424,23.0552989,230.0,5723.272156108201,115.20711279830486,True,125.20711279830486,122.0,False,
Q2-013,leg2-climb,6151.289458848011,109.2541424,23.0552989,293.2289123535156,5724.530508890159,115.20902231994036,True,125.20902231994036,122.0,False,
Q2-013,leg2-cruise,6151.289458848011,109.2541424,23.0552989,293.2289123535156,5724.530508890159,115.20902231994036,True,125.20902231994036,122.0,False,
Q2-013,leg2-cruise,6205.791176878627,109.25081515714287,23.0486147,293.2289123535156,4907.33406328386,113.87113729975017,True,123.87113729975017,122.0,False,
Q2-013,leg2-cruise,6260.292894909243,109.24748791428571,23.0419305,293.2289123535156,4090.2537660613916,112.28922989795502,True,122.28922989795502,122.0,False,
Q2-013,leg2-cruise,6314.794612939859,109.24416067142857,23.0352463,293.2289123535156,3273.381871109822,110.35415829109033,True,120.35415829109033,122.0,True,
Q2-013,leg2-cruise,6369.296330970474,109.24083342857143,23.0285621,293.2289123535156,2456.933280830071,107.8620920976493,True,117.8620920976493,122.0,True,
Q2-013,leg2-cruise,6423.79804900109,109.2375061857143,23.0218779,293.2289123535156,1641.5502437806558,104.35930843314208,False,104.35930843314208,122.0,True,
Q2-013,leg2-cruise,6478.299767031705,109.23417894285714,23.015193699999998,293.2289123535156,830.3984258341578,98.43995517870833,False,98.43995517870833,122.0,True,
Q2-013,leg2-cruise,6532.801485062321,109.2308517,23.0085095,293.2289123535156,145.52891235351564,83.31321050523493,False,83.31321050523493,122.0,True,
Q2-013,leg2-descent,6532.801485062321,109.2308517,23.0085095,293.2289123535156,145.52891235351564,83.31321050523493,False,83.31321050523493,122.0,True,
Q2-013,leg2-descent,6565.907267533024,109.2308517,23.0085095,210.4644561767578,62.76445617675782,76.00850023879948,False,76.00850023879948,122.0,True,
Q2-013,leg2-descent,6599.013050003728,109.2308517,23.0085095,127.69999999999999,20.0,66.07482474751174,False,66.07482474751174,122.0,True,
Q2-014,leg1-climb,5588.217410349552,109.2308517,23.0085095,127.7,19.999999999999986,66.07482474751174,False,66.07482474751174,122.0,True,
Q2-014,leg1-climb,5621.335891794864,109.2308517,23.0085095,227.05544433593752,79.35544433593753,78.04575938899079,False,78.04575938899079,122.0,True,
Q2-014,leg1-climb,5654.454373240177,109.2308517,23.0085095,326.410888671875,178.710888671875,85.09724512285025,False,85.09724512285025,122.0,True,
Q2-014,leg1-cruise,5654.454373240177,109.2308517,23.0085095,326.410888671875,178.710888671875,85.09724512285025,False,85.09724512285025,122.0,True,
Q2-014,leg1-cruise,5713.365708030734,109.23042646666667,23.016446883333334,326.410888671875,901.5602291829505,99.15411973999427,False,99.15411973999427,122.0,True,
Q2-014,leg1-cruise,5772.27704282129,109.23000123333334,23.024384266666665,326.410888671875,1776.3530607157331,105.04481060679723,False,105.04481060679723,122.0,True,
Q2-014,leg1-cruise,5831.188377611847,109.22957600000001,23.03232165,326.410888671875,2657.0274671357793,108.54214571365968,False,108.54214571365968,122.0,True,
Q2-014,leg1-cruise,5890.099712402403,109.22915076666666,23.040259033333335,326.410888671875,3539.1954554564236,111.03231578679708,False,111.03231578679708,122.0,True,
Q2-014,leg1-cruise,5949.011047192959,109.22872553333333,23.048196416666666,326.410888671875,4421.963145383969,112.96652720730368,True,122.96652720730368,122.0,False,
Q2-014,leg1-cruise,6007.922381983516,109.2283003,23.0561338,326.410888671875,5305.031107623272,114.5479835314186,True,124.5479835314186,122.0,False,
Q2-014,leg1-descent,6007.922381983516,109.2283003,23.0561338,326.410888671875,5305.031107623272,114.5479835314186,True,124.5479835314186,122.0,False,
Q2-014,S005-handoff,6060.486737452266,109.2283003,23.0561338,195.0,5302.231111628454,114.54339790767136,True,124.54339790767136,122.0,False,
Q2-014,leg1-descent,6060.486737452266,109.2283003,23.0561338,195.0,5302.231111628454,114.54339790767136,True,124.54339790767136,122.0,False,
Q2-014,S005-handoff,6112.986737452266,109.2283003,23.0561338,195.0,5302.231111628454,114.54339790767136,True,124.54339790767136,122.0,False,
Q2-014,S005-handoff,6165.486737452266,109.2283003,23.0561338,195.0,5302.231111628454,114.54339790767136,True,124.54339790767136,122.0,False,
Q2-014,S005-handoff,6217.986737452266,109.2283003,23.0561338,195.0,5302.231111628454,114.54339790767136,True,124.54339790767136,122.0,False,
Q2-014,S005-handoff,6270.486737452266,109.2283003,23.0561338,195.0,5302.231111628454,114.54339790767136,True,124.54339790767136,122.0,False,
Q2-014,leg2-climb,6270.486737452266,109.2283003,23.0561338,195.0,5302.231111628454,114.54339790767136,True,124.54339790767136,122.0,False,
Q2-014,leg2-climb,6314.290367009558,109.2283003,23.0561338,326.410888671875,5305.031107623272,114.5479835314186,True,124.5479835314186,122.0,False,
Q2-014,leg2-cruise,6314.290367009558,109.2283003,23.0561338,326.410888671875,5305.031107623272,114.5479835314186,True,124.5479835314186,122.0,False,
Q2-014,leg2-cruise,6373.201701800115,109.22872553333333,23.048196416666666,326.410888671875,4421.963145383969,112.96652720730368,True,122.96652720730368,122.0,False,
Q2-014,leg2-cruise,6432.113036590671,109.22915076666666,23.040259033333335,326.410888671875,3539.1954554564236,111.03231578679708,False,111.03231578679708,122.0,True,
Q2-014,leg2-cruise,6491.024371381228,109.22957600000001,23.03232165,326.410888671875,2657.0274671357793,108.54214571365968,False,108.54214571365968,122.0,True,
Q2-014,leg2-cruise,6549.935706171785,109.23000123333334,23.024384266666665,326.410888671875,1776.3530607157331,105.04481060679723,False,105.04481060679723,122.0,True,
Q2-014,leg2-cruise,6608.8470409623405,109.23042646666667,23.016446883333334,326.410888671875,901.5602291829505,99.15411973999427,False,99.15411973999427,122.0,True,
Q2-014,leg2-cruise,6667.758375752897,109.2308517,23.0085095,326.410888671875,178.710888671875,85.09724512285025,False,85.09724512285025,122.0,True,
Q2-014,leg2-descent,6667.758375752897,109.2308517,23.0085095,326.410888671875,178.710888671875,85.09724512285025,False,85.09724512285025,122.0,True,
Q2-014,leg2-descent,6707.500553487273,109.2308517,23.0085095,227.0554443359375,79.3554443359375,78.04575938899079,False,78.04575938899079,122.0,True,
Q2-014,leg2-descent,6747.242731221648,109.2308517,23.0085095,127.69999999999999,20.0,66.07482474751174,False,66.07482474751174,122.0,True,
Q2-015,leg1-climb,420.0,109.2308517,23.0085095,127.7,19.999999999999986,66.07482474751174,False,66.07482474751174,122.0,True,
Q2-015,leg1-climb,461.57005276150176,109.2308517,23.0085095,252.4101582845052,104.71015828450521,80.45400115604258,False,80.45400115604258,122.0,True,
Q2-015,leg1-climb,503.1401055230035,109.2308517,23.0085095,377.1203165690104,229.42031656901042,87.26686232812813,False,87.26686232812813,122.0,True,
Q2-015,leg1-climb,544.7101582845053,109.2308517,23.0085095,501.8304748535156,354.13047485351564,91.0374908696049,False,91.0374908696049,122.0,True,
Q2-015,leg1-cruise,544.7101582845053,109.2308517,23.0085095,501.8304748535156,354.13047485351564,91.0374908696049,False,91.0374908696049,122.0,True,
Q2-015,leg1-cruise,598.6842999272131,109.22541847142857,23.011496514285714,501.8304748535156,738.2082571112936,97.4178028066082,False,97.4178028066082,122.0,True,
Q2-015,leg1-cruise,652.6584415699209,109.21998524285715,23.01448352857143,501.8304748535156,1342.9643168859623,102.61551430301368,False,102.61551430301368,122.0,True,
Q2-015,leg1-cruise,706.6325832126288,109.21455201428572,23.017470542857144,501.8304748535156,1975.1385984696597,105.9661763569108,False,105.9661763569108,122.0,True,
Q2-015,leg1-cruise,760.6067248553366,109.20911878571428,23.020457557142855,501.8304748535156,2614.9126786091065,108.40336864987421,False,108.40336864987421,122.0,True,
Q2-015,leg1-cruise,814.5808664980444,109.20368555714285,23.02344457142857,501.8304748535156,3257.805941933062,110.3127290557955,False,110.3127290557955,122.0,True,
Q2-015,leg1-cruise,868.5550081407523,109.19825232857143,23.026431585714285,501.8304748535156,3902.271785680388,111.8805751118793,False,111.8805751118793,122.0,True,
Q2-015,leg1-cruise,922.5291497834601,109.1928191,23.0294186,501.8304748535156,4547.637166902097,113.20994097874035,True,123.20994097874035,122.0,False,
Q2-015,leg1-descent,922.5291497834601,109.1928191,23.0294186,501.8304748535156,4547.637166902097,113.20994097874035,True,123.20994097874035,122.0,False,
Q2-015,leg1-descent,953.1952447541632,109.1928191,23.0294186,425.1652374267577,4542.310245519305,113.19976070938588,True,123.19976070938588,122.0,False,
Q2-015,S007-handoff,983.8613397248663,109.1928191,23.0294186,348.5,4538.272363859331,113.19203596345481,True,123.19203596345481,122.0,False,
Q2-015,leg1-descent,983.8613397248663,109.1928191,23.0294186,348.5,4538.272363859331,113.19203596345481,True,123.19203596345481,122.0,False,
Q2-015,S007-handoff,1036.3613397248664,109.1928191,23.0294186,348.5,4538.272363859331,113.19203596345481,True,123.19203596345481,122.0,False,
Q2-015,S007-handoff,1088.8613397248664,109.1928191,23.0294186,348.5,4538.272363859331,113.19203596345481,True,123.19203596345481,122.0,False,
Q2-015,S007-handoff,1141.3613397248664,109.1928191,23.0294186,348.5,4538.272363859331,113.19203596345481,True,123.19203596345481,122.0,False,
Q2-015,S007-handoff,1193.8613397248664,109.1928191,23.0294186,348.5,4538.272363859331,113.19203596345481,True,123.19203596345481,122.0,False,
Q2-015,leg2-climb,1193.8613397248664,109.1928191,23.0294186,348.5,4538.272363859331,113.19203596345481,True,123.19203596345481,122.0,False,
Q2-015,leg2-climb,1244.9714980093715,109.1928191,23.0294186,501.8304748535156,4547.637166902097,113.20994097874035,True,123.20994097874035,122.0,False,
Q2-015,leg2-cruise,1244.9714980093715,109.1928191,23.0294186,501.8304748535156,4547.637166902097,113.20994097874035,True,123.20994097874035,122.0,False,
Q2-015,leg2-cruise,1298.9456396520793,109.19825232857143,23.026431585714285,501.8304748535156,3902.271785680388,111.8805751118793,False,111.8805751118793,122.0,True,
Q2-015,leg2-cruise,1352.9197812947873,109.20368555714285,23.02344457142857,501.8304748535156,3257.805941933062,110.3127290557955,False,110.3127290557955,122.0,True,
Q2-015,leg2-cruise,1406.893922937495,109.20911878571428,23.020457557142855,501.8304748535156,2614.9126786091065,108.40336864987421,False,108.40336864987421,122.0,True,
Q2-015,leg2-cruise,1460.8680645802028,109.21455201428572,23.017470542857144,501.8304748535156,1975.1385984696597,105.9661763569108,False,105.9661763569108,122.0,True,
Q2-015,leg2-cruise,1514.8422062229106,109.21998524285715,23.01448352857143,501.8304748535156,1342.9643168859623,102.61551430301368,False,102.61551430301368,122.0,True,
Q2-015,leg2-cruise,1568.8163478656186,109.22541847142857,23.011496514285714,501.8304748535156,738.2082571112936,97.4178028066082,False,97.4178028066082,122.0,True,
Q2-015,leg2-cruise,1622.7904895083263,109.2308517,23.0085095,501.8304748535156,354.13047485351564,91.0374908696049,False,91.0374908696049,122.0,True,
Q2-015,leg2-descent,1622.7904895083263,109.2308517,23.0085095,501.8304748535156,354.13047485351564,91.0374908696049,False,91.0374908696049,122.0,True,
Q2-015,leg2-descent,1672.6745528221284,109.2308517,23.0085095,377.1203165690106,229.4203165690106,87.26686232812813,False,87.26686232812813,122.0,True,
Q2-015,leg2-descent,1722.5586161359306,109.2308517,23.0085095,252.410158284505,104.71015828450501,80.45400115604257,False,80.45400115604257,122.0,True,
Q2-015,leg2-descent,1772.4426794497326,109.2308517,23.0085095,127.69999999999999,20.0,66.07482474751174,False,66.07482474751174,122.0,True,
Q2-016,leg1-climb,2047.4267416985467,109.2308517,23.0085095,127.7,19.999999999999986,66.07482474751174,False,66.07482474751174,122.0,True,
Q2-016,leg1-climb,2087.168919432922,109.2308517,23.0085095,227.0554443359381,79.3554443359381,78.04575938899086,False,78.04575938899086,122.0,True,
Q2-016,leg1-climb,2126.9110971672967,109.2308517,23.0085095,326.410888671875,178.710888671875,85.09724512285025,False,85.09724512285025,122.0,True,
Q2-016,leg1-cruise,2126.9110971672967,109.2308517,23.0085095,326.410888671875,178.710888671875,85.09724512285025,False,85.09724512285025,122.0,True,
Q2-016,leg1-cruise,2185.822431957853,109.23042646666667,23.016446883333334,326.410888671875,901.5602291829505,99.15411973999427,False,99.15411973999427,122.0,True,
Q2-016,leg1-cruise,2244.7337667484094,109.23000123333334,23.024384266666665,326.410888671875,1776.3530607157331,105.04481060679723,False,105.04481060679723,122.0,True,
Q2-016,leg1-cruise,2303.6451015389657,109.22957600000001,23.03232165,326.410888671875,2657.0274671357793,108.54214571365968,False,108.54214571365968,122.0,True,
Q2-016,leg1-cruise,2362.5564363295225,109.22915076666666,23.040259033333335,326.410888671875,3539.1954554564236,111.03231578679708,False,111.03231578679708,122.0,True,
Q2-016,leg1-cruise,2421.467771120079,109.22872553333333,23.048196416666666,326.410888671875,4421.963145383969,112.96652720730368,True,122.96652720730368,122.0,False,
Q2-016,leg1-cruise,2480.379105910635,109.2283003,23.0561338,326.410888671875,5305.031107623272,114.5479835314186,True,124.5479835314186,122.0,False,
Q2-016,leg1-descent,2480.379105910635,109.2283003,23.0561338,326.410888671875,5305.031107623272,114.5479835314186,True,124.5479835314186,122.0,False,
Q2-016,leg1-descent,2513.231828078604,109.2283003,23.0561338,260.7054443359375,5303.224274115726,114.54502471189024,True,124.54502471189024,122.0,False,
Q2-016,S005-handoff,2546.0845502465727,109.2283003,23.0561338,195.0,5302.231111628454,114.54339790767136,True,124.54339790767136,122.0,False,
Q2-016,leg1-descent,2546.0845502465727,109.2283003,23.0561338,195.0,5302.231111628454,114.54339790767136,True,124.54339790767136,122.0,False,
Q2-016,S005-handoff,2600.0845502465727,109.2283003,23.0561338,195.0,5302.231111628454,114.54339790767136,True,124.54339790767136,122.0,False,
Q2-016,S005-handoff,2654.0845502465727,109.2283003,23.0561338,195.0,5302.231111628454,114.54339790767136,True,124.54339790767136,122.0,False,
Q2-016,S005-handoff,2708.0845502465727,109.2283003,23.0561338,195.0,5302.231111628454,114.54339790767136,True,124.54339790767136,122.0,False,
Q2-016,S005-handoff,2762.0845502465727,109.2283003,23.0561338,195.0,5302.231111628454,114.54339790767136,True,124.54339790767136,122.0,False,
Q2-016,S005-handoff,2816.0845502465727,109.2283003,23.0561338,195.0,5302.231111628454,114.54339790767136,True,124.54339790767136,122.0,False,
Q2-016,S005-handoff,2870.0845502465727,109.2283003,23.0561338,195.0,5302.231111628454,114.54339790767136,True,124.54339790767136,122.0,False,
Q2-016,leg2-climb,2870.0845502465727,109.2283003,23.0561338,195.0,5302.231111628454,114.54339790767136,True,124.54339790767136,122.0,False,
Q2-016,leg2-climb,2922.6489057153226,109.2283003,23.0561338,326.410888671875,5305.031107623272,114.5479835314186,True,124.5479835314186,122.0,False,
Q2-016,leg2-cruise,2922.6489057153226,109.2283003,23.0561338,326.410888671875,5305.031107623272,114.5479835314186,True,124.5479835314186,122.0,False,
Q2-016,leg2-cruise,2981.560240505879,109.22872553333333,23.048196416666666,326.410888671875,4421.963145383969,112.96652720730368,True,122.96652720730368,122.0,False,
Q2-016,leg2-cruise,3040.4715752964353,109.22915076666666,23.040259033333335,326.410888671875,3539.1954554564236,111.03231578679708,False,111.03231578679708,122.0,True,
Q2-016,leg2-cruise,3099.3829100869916,109.229576,23.03232165,326.410888671875,2657.02746713585,108.54214571365992,False,108.54214571365992,122.0,True,
Q2-016,leg2-cruise,3158.2942448775484,109.23000123333334,23.024384266666665,326.410888671875,1776.3530607157331,105.04481060679723,False,105.04481060679723,122.0,True,
Q2-016,leg2-cruise,3217.2055796681047,109.23042646666667,23.016446883333334,326.410888671875,901.5602291829505,99.15411973999427,False,99.15411973999427,122.0,True,
Q2-016,leg2-cruise,3276.116914458661,109.2308517,23.0085095,326.410888671875,178.710888671875,85.09724512285025,False,85.09724512285025,122.0,True,
Q2-016,leg2-descent,3276.116914458661,109.2308517,23.0085095,326.410888671875,178.710888671875,85.09724512285025,False,85.09724512285025,122.0,True,
Q2-016,leg2-descent,3325.7946366266297,109.2308517,23.0085095,227.05544433593795,79.35544433593796,78.04575938899083,False,78.04575938899083,122.0,True,
Q2-016,leg2-descent,3375.4723587945987,109.2308517,23.0085095,127.69999999999999,20.0,66.07482474751174,False,66.07482474751174,122.0,True,
Q2-017,leg1-climb,3240.0468857860715,109.2308517,23.0085095,127.7,19.999999999999986,66.07482474751174,False,66.07482474751174,122.0,True,
Q2-017,leg1-climb,3289.9309490998735,109.2308517,23.0085095,252.4101582845052,104.71015828450521,80.45400115604258,False,80.45400115604258,122.0,True,
Q2-017,leg1-climb,3339.8150124136755,109.2308517,23.0085095,377.1203165690104,229.42031656901042,87.26686232812813,False,87.26686232812813,122.0,True,
Q2-017,leg1-climb,3389.6990757274775,109.2308517,23.0085095,501.8304748535156,354.13047485351564,91.0374908696049,False,91.0374908696049,122.0,True,
Q2-017,leg1-cruise,3389.6990757274775,109.2308517,23.0085095,501.8304748535156,354.13047485351564,91.0374908696049,False,91.0374908696049,122.0,True,
Q2-017,leg1-cruise,3440.0749412606715,109.22451293333333,23.01199435,501.8304748535156,834.536715903688,98.48313380345532,False,98.48313380345532,122.0,True,
Q2-017,leg1-cruise,3490.4508067938655,109.21817416666667,23.015479199999998,501.8304748535156,1552.2684851400343,103.87356164084976,False,103.87356164084976,122.0,True,
Q2-017,leg1-cruise,3540.8266723270594,109.2118354,23.01896405,501.8304748535156,2294.4718140113564,107.26787937539464,False,107.26787937539464,122.0,True,
Q2-017,leg1-cruise,3591.2025378602534,109.20549663333333,23.0224489,501.8304748535156,3043.283857105295,109.72107408070566,False,109.72107408070566,122.0,True,
Q2-017,leg1-cruise,3641.5784033934474,109.19915786666667,23.02593375,501.8304748535156,3794.7858126018373,111.63797019891364,True,121.63797019891364,122.0,True,
Q2-017,leg1-cruise,3691.9542689266414,109.1928191,23.0294186,501.8304748535156,4547.637166902097,113.20994097874035,True,123.20994097874035,122.0,False,
Q2-017,leg1-descent,3691.9542689266414,109.1928191,23.0294186,501.8304748535156,4547.637166902097,113.20994097874035,True,123.20994097874035,122.0,False,
Q2-017,leg1-descent,3730.2868876400203,109.1928191,23.0294186,425.1652374267578,4542.310245519305,113.19976070938588,True,123.19976070938588,122.0,False,
Q2-017,S007-handoff,3768.619506353399,109.1928191,23.0294186,348.5,4538.272363859331,113.19203596345481,True,123.19203596345481,122.0,False,
Q2-017,leg1-descent,3768.619506353399,109.1928191,23.0294186,348.5,4538.272363859331,113.19203596345481,True,123.19203596345481,122.0,False,
Q2-017,S007-handoff,3826.219506353399,109.1928191,23.0294186,348.5,4538.272363859331,113.19203596345481,True,123.19203596345481,122.0,False,
Q2-017,S007-handoff,3883.819506353399,109.1928191,23.0294186,348.5,4538.272363859331,113.19203596345481,True,123.19203596345481,122.0,False,
Q2-017,S007-handoff,3941.4195063533994,109.1928191,23.0294186,348.5,4538.272363859331,113.19203596345481,True,123.19203596345481,122.0,False,
Q2-017,S007-handoff,3999.0195063533993,109.1928191,23.0294186,348.5,4538.272363859331,113.19203596345481,True,123.19203596345481,122.0,False,
Q2-017,S007-handoff,4056.619506353399,109.1928191,23.0294186,348.5,4538.272363859331,113.19203596345481,True,123.19203596345481,122.0,False,
Q2-017,leg2-climb,4056.619506353399,109.1928191,23.0294186,348.5,4538.272363859331,113.19203596345481,True,123.19203596345481,122.0,False,
Q2-017,leg2-climb,4087.2856013241026,109.1928191,23.0294186,425.1652374267584,4542.310245519305,113.19976070938588,True,123.19976070938588,122.0,False,
Q2-017,leg2-climb,4117.9516962948055,109.1928191,23.0294186,501.8304748535156,4547.637166902097,113.20994097874035,True,123.20994097874035,122.0,False,
Q2-017,leg2-cruise,4117.9516962948055,109.1928191,23.0294186,501.8304748535156,4547.637166902097,113.20994097874035,True,123.20994097874035,122.0,False,
Q2-017,leg2-cruise,4168.3275618279995,109.19915786666667,23.02593375,501.8304748535156,3794.7858126018373,111.63797019891364,True,121.63797019891364,122.0,True,
Q2-017,leg2-cruise,4218.7034273611935,109.20549663333333,23.0224489,501.8304748535156,3043.283857105295,109.72107408070566,False,109.72107408070566,122.0,True,
Q2-017,leg2-cruise,4269.079292894387,109.2118354,23.01896405,501.8304748535156,2294.4718140113564,107.26787937539464,False,107.26787937539464,122.0,True,
Q2-017,leg2-cruise,4319.455158427581,109.21817416666667,23.015479199999998,501.8304748535156,1552.2684851400343,103.87356164084976,False,103.87356164084976,122.0,True,
Q2-017,leg2-cruise,4369.831023960775,109.22451293333333,23.01199435,501.8304748535156,834.536715903688,98.48313380345532,False,98.48313380345532,122.0,True,
Q2-017,leg2-cruise,4420.206889493969,109.2308517,23.0085095,501.8304748535156,354.13047485351564,91.0374908696049,False,91.0374908696049,122.0,True,
Q2-017,leg2-descent,4420.206889493969,109.2308517,23.0085095,501.8304748535156,354.13047485351564,91.0374908696049,False,91.0374908696049,122.0,True,
Q2-017,leg2-descent,4466.973198850659,109.2308517,23.0085095,408.2978561401358,260.59785614013583,88.37364160586637,False,88.37364160586637,122.0,True,
Q2-017,leg2-descent,4513.739508207348,109.2308517,23.0085095,314.76523742675784,167.06523742675785,84.51194667897934,False,84.51194667897934,122.0,True,
Q2-017,leg2-descent,4560.505817564037,109.2308517,23.0085095,221.2326187133798,73.5326187133798,77.38382548931745,False,77.38382548931745,122.0,True,
Q2-017,leg2-descent,4607.272126920727,109.2308517,23.0085095,127.69999999999999,20.0,66.07482474751174,False,66.07482474751174,122.0,True,
Q2-018,leg1-climb,1200.0,109.2308517,23.0085095,127.7,19.999999999999986,66.07482474751174,False,66.07482474751174,122.0,True,
Q2-018,leg1-climb,1230.2090423583984,109.2308517,23.0085095,218.32712707519534,70.62712707519535,77.03365564741469,False,77.03365564741469,122.0,True,
Q2-018,leg1-climb,1260.4180847167968,109.2308517,23.0085095,308.9542541503906,161.25425415039064,84.2044484513449,False,84.2044484513449,122.0,True,
Q2-018,leg1-cruise,1260.4180847167968,109.2308517,23.0085095,308.9542541503906,161.25425415039064,84.2044484513449,False,84.2044484513449,122.0,True,
Q2-018,leg1-cruise,1316.7459522799693,109.2333699,23.01412928181818,308.9542541503906,694.9229855464681,96.89295837048051,False,96.89295837048051,122.0,True,
Q2-018,leg1-cruise,1373.0738198431418,109.2358881,23.01974906363636,308.9542541503906,1361.4888725807298,102.7345067584527,False,102.7345067584527,122.0,True,
Q2-018,leg1-cruise,1429.4016874063143,109.23840630000001,23.025368845454544,308.9542541503906,2034.2537474329604,106.22232732844991,False,106.22232732844991,122.0,True,
Q2-018,leg1-cruise,1485.7295549694868,109.2409245,23.030988627272727,308.9542541503906,2708.599346256097,108.70912022039869,True,118.70912022039869,122.0,True,
Q2-018,leg1-cruise,1542.057422532659,109.2434427,23.03660840909091,308.9542541503906,3383.5782331930654,110.64174928319913,True,120.64174928319913,122.0,True,
Q2-018,leg1-cruise,1598.3852900958318,109.2459609,23.04222819090909,308.9542541503906,4058.872430834456,112.22233286991366,True,122.22233286991366,122.0,False,
Q2-018,leg1-cruise,1654.713157659004,109.2484791,23.047847972727272,308.9542541503906,4734.3452597357245,113.55942336165084,True,123.55942336165084,122.0,False,
Q2-018,leg1-cruise,1711.0410252221766,109.2509973,23.053467754545455,308.9542541503906,5409.928272321618,114.71805497502736,True,124.71805497502736,122.0,False,
Q2-018,leg1-cruise,1767.368892785349,109.2535155,23.059087536363638,308.9542541503906,6085.5834059048975,115.74026921462503,True,125.74026921462503,122.0,False,
Q2-018,leg1-cruise,1823.6967603485216,109.2560337,23.064707318181817,308.9542541503906,6761.287808508844,116.65481329407824,True,126.65481329407824,122.0,False,
Q2-018,leg1-cruise,1880.024627911694,109.2585519,23.0703271,308.9542541503906,7437.026931492955,117.4822119180025,True,127.4822119180025,122.0,False,
Q2-018,leg1-descent,1880.024627911694,109.2585519,23.0703271,308.9542541503906,7437.026931492955,117.4822119180025,True,127.4822119180025,122.0,False,
Q2-018,S002-handoff,1915.8063295718503,109.2585519,23.0703271,219.5,7435.625184560469,117.4805746284193,True,127.4805746284193,122.0,False,
Q2-018,leg1-descent,1915.8063295718503,109.2585519,23.0703271,219.5,7435.625184560469,117.4805746284193,True,127.4805746284193,122.0,False,
Q2-018,S002-handoff,1968.3063295718503,109.2585519,23.0703271,219.5,7435.625184560469,117.4805746284193,True,127.4805746284193,122.0,False,
Q2-018,S002-handoff,2020.8063295718503,109.2585519,23.0703271,219.5,7435.625184560469,117.4805746284193,True,127.4805746284193,122.0,False,
Q2-018,S002-handoff,2073.3063295718503,109.2585519,23.0703271,219.5,7435.625184560469,117.4805746284193,True,127.4805746284193,122.0,False,
Q2-018,S002-handoff,2125.8063295718503,109.2585519,23.0703271,219.5,7435.625184560469,117.4805746284193,True,127.4805746284193,122.0,False,
Q2-018,leg2-climb,2125.8063295718503,109.2585519,23.0703271,219.5,7435.625184560469,117.4805746284193,True,127.4805746284193,122.0,False,
Q2-018,leg2-climb,2155.624414288647,109.2585519,23.0703271,308.9542541503906,7437.026931492955,117.4822119180025,True,127.4822119180025,122.0,False,
Q2-018,leg2-cruise,2155.624414288647,109.2585519,23.0703271,308.9542541503906,7437.026931492955,117.4822119180025,True,127.4822119180025,122.0,False,
Q2-018,leg2-cruise,2211.9522818518194,109.2560337,23.064707318181817,308.9542541503906,6761.287808508844,116.65481329407824,True,126.65481329407824,122.0,False,
Q2-018,leg2-cruise,2268.280149414992,109.2535155,23.059087536363638,308.9542541503906,6085.5834059048975,115.74026921462503,True,125.74026921462503,122.0,False,
Q2-018,leg2-cruise,2324.6080169781644,109.2509973,23.053467754545455,308.9542541503906,5409.928272321618,114.71805497502736,True,124.71805497502736,122.0,False,
Q2-018,leg2-cruise,2380.935884541337,109.2484791,23.047847972727272,308.9542541503906,4734.3452597357245,113.55942336165084,True,123.55942336165084,122.0,False,
Q2-018,leg2-cruise,2437.2637521045094,109.2459609,23.04222819090909,308.9542541503906,4058.872430834456,112.22233286991366,True,122.22233286991366,122.0,False,
Q2-018,leg2-cruise,2493.591619667682,109.2434427,23.03660840909091,308.9542541503906,3383.5782331930654,110.64174928319913,True,120.64174928319913,122.0,True,
Q2-018,leg2-cruise,2549.9194872308544,109.2409245,23.030988627272727,308.9542541503906,2708.599346256097,108.70912022039869,True,118.70912022039869,122.0,True,
Q2-018,leg2-cruise,2606.247354794027,109.23840630000001,23.025368845454544,308.9542541503906,2034.2537474329604,106.22232732844991,False,106.22232732844991,122.0,True,
Q2-018,leg2-cruise,2662.5752223571994,109.2358881,23.01974906363636,308.9542541503906,1361.4888725807298,102.7345067584527,False,102.7345067584527,122.0,True,
Q2-018,leg2-cruise,2718.9030899203717,109.2333699,23.01412928181818,308.9542541503906,694.9229855464681,96.89295837048051,False,96.89295837048051,122.0,True,
Q2-018,leg2-cruise,2775.2309574835444,109.2308517,23.0085095,308.9542541503906,161.25425415039064,84.2044484513449,False,84.2044484513449,122.0,True,
Q2-018,leg2-descent,2775.2309574835444,109.2308517,23.0085095,308.9542541503906,161.25425415039064,84.2044484513449,False,84.2044484513449,122.0,True,
Q2-018,leg2-descent,2811.4818083136224,109.2308517,23.0085095,218.32712707519588,70.62712707519589,77.03365564741475,False,77.03365564741475,122.0,True,
Q2-018,leg2-descent,2847.732659143701,109.2308517,23.0085095,127.69999999999999,20.0,66.07482474751174,False,66.07482474751174,122.0,True,
Q2-019,leg1-climb,720.0,109.2308517,23.0085095,127.7,19.999999999999986,66.07482474751174,False,66.07482474751174,122.0,True,
Q2-019,leg1-climb,769.3443617078993,109.2308517,23.0085095,275.73308512369806,128.03308512369807,82.20066904437445,False,82.20066904437445,122.0,True,
Q2-019,leg1-climb,818.6887234157986,109.2308517,23.0085095,423.76617024739573,276.06617024739575,88.8744886443051,False,88.8744886443051,122.0,True,
Q2-019,leg1-climb,868.0330851236979,109.2308517,23.0085095,571.7992553710938,424.09925537109376,92.6035750328482,False,92.6035750328482,122.0,True,
Q2-019,leg1-cruise,868.0330851236979,109.2308517,23.0085095,571.7992553710938,424.09925537109376,92.6035750328482,False,92.6035750328482,122.0,True,
Q2-019,leg1-cruise,923.7656216842353,109.22657691111111,23.013058977777778,571.7992553710938,791.9548593547883,98.02823339299601,False,98.02823339299601,122.0,True,
Q2-019,leg1-cruise,979.4981582447728,109.22230212222222,23.017608455555553,571.7992553710938,1403.2689116807016,102.99704291151015,False,102.99704291151015,122.0,True,
Q2-019,leg1-cruise,1035.2306948053101,109.21802733333334,23.022157933333332,571.7992553710938,2050.7888369232824,106.2926437297494,False,106.2926437297494,122.0,True,
Q2-019,leg1-cruise,1090.9632313658476,109.21375254444445,23.02670741111111,571.7992553710938,2708.6652418309363,108.70933153062046,False,108.70933153062046,122.0,True,
Q2-019,leg1-cruise,1146.6957679263849,109.20947775555555,23.031256888888887,571.7992553710938,3370.8340944086553,110.60897239336747,True,120.60897239336747,122.0,True,
Q2-019,leg1-cruise,1202.4283044869223,109.20520296666666,23.035806366666666,571.7992553710938,4035.177986213954,112.17147874662456,True,122.17147874662456,122.0,False,
Q2-019,leg1-cruise,1258.1608410474598,109.20092817777778,23.040355844444445,571.7992553710938,4700.770710756191,113.49760619715101,True,123.49760619715101,122.0,False,
Q2-019,leg1-cruise,1313.893377607997,109.19665338888889,23.04490532222222,571.7992553710938,5367.144062134781,114.64908988530729,True,124.64908988530729,122.0,False,
Q2-019,leg1-cruise,1369.6259141685346,109.1923786,23.0494548,571.7992553710938,6034.0362033958245,115.66638306532329,True,125.66638306532329,122.0,False,
Q2-019,leg1-descent,1369.6259141685346,109.1923786,23.0494548,571.7992553710938,6034.0362033958245,115.66638306532329,True,125.66638306532329,122.0,False,
Q2-019,S015-handoff,1408.545616316972,109.1923786,23.0494548,474.5,6027.979011699127,115.65765946448572,True,125.65765946448572,122.0,False,
Q2-019,leg1-descent,1408.545616316972,109.1923786,23.0494548,474.5,6027.979011699127,115.65765946448572,True,125.65765946448572,122.0,False,
Q2-019,S015-handoff,1461.045616316972,109.1923786,23.0494548,474.5,6027.979011699127,115.65765946448572,True,125.65765946448572,122.0,False,
Q2-019,S015-handoff,1513.545616316972,109.1923786,23.0494548,474.5,6027.979011699127,115.65765946448572,True,125.65765946448572,122.0,False,
Q2-019,S015-handoff,1566.045616316972,109.1923786,23.0494548,474.5,6027.979011699127,115.65765946448572,True,125.65765946448572,122.0,False,
Q2-019,S015-handoff,1618.545616316972,109.1923786,23.0494548,474.5,6027.979011699127,115.65765946448572,True,125.65765946448572,122.0,False,
Q2-019,leg2-climb,1618.545616316972,109.1923786,23.0494548,474.5,6027.979011699127,115.65765946448572,True,125.65765946448572,122.0,False,
Q2-019,leg2-climb,1650.97870144067,109.1923786,23.0494548,571.7992553710938,6034.0362033958245,115.66638306532329,True,125.66638306532329,122.0,False,
Q2-019,leg2-cruise,1650.97870144067,109.1923786,23.0494548,571.7992553710938,6034.0362033958245,115.66638306532329,True,125.66638306532329,122.0,False,
Q2-019,leg2-cruise,1706.7112380012074,109.19665338888889,23.04490532222222,571.7992553710938,5367.144062134781,114.64908988530729,True,124.64908988530729,122.0,False,
Q2-019,leg2-cruise,1762.4437745617447,109.20092817777778,23.040355844444445,571.7992553710938,4700.770710756191,113.49760619715101,True,123.49760619715101,122.0,False,
Q2-019,leg2-cruise,1818.1763111222822,109.20520296666666,23.035806366666666,571.7992553710938,4035.177986213954,112.17147874662456,True,122.17147874662456,122.0,False,
Q2-019,leg2-cruise,1873.9088476828197,109.20947775555555,23.031256888888887,571.7992553710938,3370.8340944086553,110.60897239336747,True,120.60897239336747,122.0,True,
Q2-019,leg2-cruise,1929.641384243357,109.21375254444445,23.02670741111111,571.7992553710938,2708.6652418309363,108.70933153062046,False,108.70933153062046,122.0,True,
Q2-019,leg2-cruise,1985.3739208038944,109.21802733333334,23.022157933333332,571.7992553710938,2050.7888369232824,106.2926437297494,False,106.2926437297494,122.0,True,
Q2-019,leg2-cruise,2041.106457364432,109.22230212222222,23.017608455555553,571.7992553710938,1403.2689116807016,102.99704291151015,False,102.99704291151015,122.0,True,
Q2-019,leg2-cruise,2096.838993924969,109.22657691111111,23.013058977777778,571.7992553710938,791.9548593547883,98.02823339299601,False,98.02823339299601,122.0,True,
Q2-019,leg2-cruise,2152.5715304855066,109.2308517,23.0085095,571.7992553710938,424.09925537109376,92.6035750328482,False,92.6035750328482,122.0,True,
Q2-019,leg2-descent,2152.5715304855066,109.2308517,23.0085095,571.7992553710938,424.09925537109376,92.6035750328482,False,92.6035750328482,122.0,True,
Q2-019,leg2-descent,2211.7847645349857,109.2308517,23.0085095,423.7661702473962,276.0661702473962,88.87448864430512,False,88.87448864430512,122.0,True,
Q2-019,leg2-descent,2270.997998584465,109.2308517,23.0085095,275.73308512369755,128.03308512369756,82.20066904437442,False,82.20066904437442,122.0,True,
Q2-019,leg2-descent,2330.2112326339443,109.2308517,23.0085095,127.69999999999999,20.0,66.07482474751174,False,66.07482474751174,122.0,True,
Q2-020,leg1-climb,6929.013050003728,109.2308517,23.0085095,127.7,19.999999999999986,66.07482474751174,False,66.07482474751174,122.0,True,
Q2-020,leg1-climb,6978.357411711627,109.2308517,23.0085095,275.7330851236979,128.0330851236979,82.20066904437444,False,82.20066904437444,122.0,True,
Q2-020,leg1-climb,7027.701773419526,109.2308517,23.0085095,423.7661702473958,276.0661702473958,88.8744886443051,False,88.8744886443051,122.0,True,
Q2-020,leg1-climb,7077.046135127425,109.2308517,23.0085095,571.7992553710938,424.09925537109376,92.6035750328482,False,92.6035750328482,122.0,True,
Q2-020,leg1-cruise,7077.046135127425,109.2308517,23.0085095,571.7992553710938,424.09925537109376,92.6035750328482,False,92.6035750328482,122.0,True,
Q2-020,leg1-cruise,7134.371029875407,109.22535554285714,23.014358828571428,571.7992553710938,958.8142904101541,99.68891479912034,False,99.68891479912034,122.0,True,
Q2-020,leg1-cruise,7191.695924623388,109.21985938571429,23.020208157142857,571.7992553710938,1771.3452378849108,105.02028911614926,False,105.02028911614926,122.0,True,
Q2-020,leg1-cruise,7249.02081937137,109.21436322857143,23.026057485714286,571.7992553710938,2614.3441151316674,108.40147986153143,False,108.40147986153143,122.0,True,
Q2-020,leg1-cruise,7306.34571411935,109.20886707142857,23.031906814285712,571.7992553710938,3465.6364591410634,110.84988491079413,True,120.84988491079413,122.0,True,
Q2-020,leg1-cruise,7363.670608867332,109.20337091428571,23.03775614285714,571.7992553710938,4320.312985202639,112.76452904285749,True,122.76452904285749,122.0,False,
Q2-020,leg1-cruise,7420.995503615313,109.19787475714286,23.04360547142857,571.7992553710938,5176.689810014794,114.33526768637108,True,124.33526768637108,122.0,False,
Q2-020,leg1-cruise,7478.320398363295,109.1923786,23.0494548,571.7992553710938,6034.0362033958245,115.66638306532329,True,125.66638306532329,122.0,False,
Q2-020,leg1-descent,7478.320398363295,109.1923786,23.0494548,571.7992553710938,6034.0362033958245,115.66638306532329,True,125.66638306532329,122.0,False,
Q2-020,S015-handoff,7517.240100511733,109.1923786,23.0494548,474.5,6027.979011699127,115.65765946448572,True,125.65765946448572,122.0,False,
Q2-020,leg1-descent,7517.240100511733,109.1923786,23.0494548,474.5,6027.979011699127,115.65765946448572,True,125.65765946448572,122.0,False,
Q2-020,S015-handoff,7577.240100511733,109.1923786,23.0494548,474.5,6027.979011699127,115.65765946448572,True,125.65765946448572,122.0,False,
Q2-020,S015-handoff,7637.240100511733,109.1923786,23.0494548,474.5,6027.979011699127,115.65765946448572,True,125.65765946448572,122.0,False,
Q2-020,S015-handoff,7697.240100511733,109.1923786,23.0494548,474.5,6027.979011699127,115.65765946448572,True,125.65765946448572,122.0,False,
Q2-020,leg2-climb,7697.240100511733,109.1923786,23.0494548,474.5,6027.979011699127,115.65765946448572,True,125.65765946448572,122.0,False,
Q2-020,leg2-climb,7729.673185635431,109.1923786,23.0494548,571.7992553710938,6034.0362033958245,115.66638306532329,True,125.66638306532329,122.0,False,
Q2-020,leg2-cruise,7729.673185635431,109.1923786,23.0494548,571.7992553710938,6034.0362033958245,115.66638306532329,True,125.66638306532329,122.0,False,
Q2-020,leg2-cruise,7786.998080383412,109.19787475714286,23.04360547142857,571.7992553710938,5176.689810014794,114.33526768637108,True,124.33526768637108,122.0,False,
Q2-020,leg2-cruise,7844.322975131394,109.20337091428571,23.03775614285714,571.7992553710938,4320.312985202639,112.76452904285749,True,122.76452904285749,122.0,False,
Q2-020,leg2-cruise,7901.647869879375,109.20886707142857,23.031906814285712,571.7992553710938,3465.6364591410634,110.84988491079413,True,120.84988491079413,122.0,True,
Q2-020,leg2-cruise,7958.972764627356,109.21436322857143,23.026057485714286,571.7992553710938,2614.3441151316674,108.40147986153143,False,108.40147986153143,122.0,True,
Q2-020,leg2-cruise,8016.297659375337,109.21985938571429,23.020208157142857,571.7992553710938,1771.3452378849108,105.02028911614926,False,105.02028911614926,122.0,True,
Q2-020,leg2-cruise,8073.622554123319,109.22535554285714,23.014358828571428,571.7992553710938,958.8142904101541,99.68891479912034,False,99.68891479912034,122.0,True,
Q2-020,leg2-cruise,8130.9474488713,109.2308517,23.0085095,571.7992553710938,424.09925537109376,92.6035750328482,False,92.6035750328482,122.0,True,
Q2-020,leg2-descent,8130.9474488713,109.2308517,23.0085095,571.7992553710938,424.09925537109376,92.6035750328482,False,92.6035750328482,122.0,True,
Q2-020,leg2-descent,8190.160682920779,109.2308517,23.0085095,423.76617024739585,276.06617024739586,88.87448864430512,False,88.87448864430512,122.0,True,
Q2-020,leg2-descent,8249.373916970259,109.2308517,23.0085095,275.73308512369795,128.03308512369796,82.20066904437445,False,82.20066904437445,122.0,True,
Q2-020,leg2-descent,8308.587151019738,109.2308517,23.0085095,127.69999999999999,20.0,66.07482474751174,False,66.07482474751174,122.0,True,
Q2-021,leg1-climb,4155.472358794599,109.2308517,23.0085095,127.7,19.999999999999986,66.07482474751174,False,66.07482474751174,122.0,True,
Q2-021,leg1-climb,4191.723209624677,109.2308517,23.0085095,218.32712707519534,70.62712707519535,77.03365564741469,False,77.03365564741469,122.0,True,
Q2-021,leg1-climb,4227.974060454755,109.2308517,23.0085095,308.9542541503906,161.25425415039064,84.2044484513449,False,84.2044484513449,122.0,True,
Q2-021,leg1-cruise,4227.974060454755,109.2308517,23.0085095,308.9542541503906,161.25425415039064,84.2044484513449,False,84.2044484513449,122.0,True,
Q2-021,leg1-cruise,4283.050197627635,109.2339295,23.01537812222222,308.9542541503906,841.7565472258698,98.55795489499529,False,98.55795489499529,122.0,True,
Q2-021,leg1-cruise,4338.126334800514,109.2370073,23.022246744444445,308.9542541503906,1660.1768952925586,104.4573121439052,False,104.4573121439052,122.0,True,
Q2-021,leg1-cruise,4393.2024719733945,109.2400851,23.029115366666666,308.9542541503906,2483.7214667368376,107.95628265271499,True,117.95628265271499,122.0,True,
Q2-021,leg1-cruise,4448.278609146274,109.2431629,23.035983988888887,308.9542541503906,3308.561431884382,110.44700889102381,True,120.44700889102381,122.0,True,
Q2-021,leg1-cruise,4503.3547463191535,109.2462407,23.042852611111112,308.9542541503906,4133.91778420859,112.38146153588917,True,122.38146153588917,122.0,False,
Q2-021,leg1-cruise,4558.430883492033,109.2493185,23.049721233333333,308.9542541503906,4959.529660886956,113.9630346730404,True,123.9630346730404,122.0,False,
Q2-021,leg1-cruise,4613.507020664913,109.2523963,23.056589855555554,308.9542541503906,5785.285041178691,115.30072006459028,True,125.30072006459028,122.0,False,
Q2-021,leg1-cruise,4668.583157837793,109.2554741,23.06345847777778,308.9542541503906,6611.127854895534,116.4597359585093,True,126.4597359585093,122.0,False,
Q2-021,leg1-cruise,4723.659295010672,109.2585519,23.0703271,308.9542541503906,7437.026931492955,117.4822119180025,True,127.4822119180025,122.0,False,
Q2-021,leg1-descent,4723.659295010672,109.2585519,23.0703271,308.9542541503906,7437.026931492955,117.4822119180025,True,127.4822119180025,122.0,False,
Q2-021,S002-handoff,4768.386422085868,109.2585519,23.0703271,219.5,7435.625184560469,117.4805746284193,True,127.4805746284193,122.0,False,
Q2-021,leg1-descent,4768.386422085868,109.2585519,23.0703271,219.5,7435.625184560469,117.4805746284193,True,127.4805746284193,122.0,False,
Q2-021,S002-handoff,4824.957850657296,109.2585519,23.0703271,219.5,7435.625184560469,117.4805746284193,True,127.4805746284193,122.0,False,
Q2-021,S002-handoff,4881.529279228725,109.2585519,23.0703271,219.5,7435.625184560469,117.4805746284193,True,127.4805746284193,122.0,False,
Q2-021,S002-handoff,4938.100707800153,109.2585519,23.0703271,219.5,7435.625184560469,117.4805746284193,True,127.4805746284193,122.0,False,
Q2-021,S002-handoff,4994.672136371582,109.2585519,23.0703271,219.5,7435.625184560469,117.4805746284193,True,127.4805746284193,122.0,False,
Q2-021,S002-handoff,5051.243564943011,109.2585519,23.0703271,219.5,7435.625184560469,117.4805746284193,True,127.4805746284193,122.0,False,
Q2-021,S002-handoff,5107.814993514439,109.2585519,23.0703271,219.5,7435.625184560469,117.4805746284193,True,127.4805746284193,122.0,False,
Q2-021,S002-handoff,5164.386422085868,109.2585519,23.0703271,219.5,7435.625184560469,117.4805746284193,True,127.4805746284193,122.0,False,
Q2-021,leg2-climb,5164.386422085868,109.2585519,23.0703271,219.5,7435.625184560469,117.4805746284193,True,127.4805746284193,122.0,False,
Q2-021,leg2-climb,5200.168123746024,109.2585519,23.0703271,308.9542541503906,7437.026931492955,117.4822119180025,True,127.4822119180025,122.0,False,
Q2-021,leg2-cruise,5200.168123746024,109.2585519,23.0703271,308.9542541503906,7437.026931492955,117.4822119180025,True,127.4822119180025,122.0,False,
Q2-021,leg2-cruise,5255.244260918904,109.2554741,23.06345847777778,308.9542541503906,6611.127854895534,116.4597359585093,True,126.4597359585093,122.0,False,
Q2-021,leg2-cruise,5310.320398091783,109.2523963,23.056589855555554,308.9542541503906,5785.285041178691,115.30072006459028,True,125.30072006459028,122.0,False,
Q2-021,leg2-cruise,5365.396535264664,109.2493185,23.049721233333333,308.9542541503906,4959.529660886956,113.9630346730404,True,123.9630346730404,122.0,False,
Q2-021,leg2-cruise,5420.472672437543,109.2462407,23.042852611111112,308.9542541503906,4133.91778420859,112.38146153588917,True,122.38146153588917,122.0,False,
Q2-021,leg2-cruise,5475.548809610423,109.2431629,23.035983988888887,308.9542541503906,3308.561431884382,110.44700889102381,True,120.44700889102381,122.0,True,
Q2-021,leg2-cruise,5530.624946783302,109.2400851,23.029115366666666,308.9542541503906,2483.7214667368376,107.95628265271499,True,117.95628265271499,122.0,True,
Q2-021,leg2-cruise,5585.701083956183,109.2370073,23.022246744444445,308.9542541503906,1660.1768952925586,104.4573121439052,False,104.4573121439052,122.0,True,
Q2-021,leg2-cruise,5640.777221129062,109.2339295,23.01537812222222,308.9542541503906,841.7565472258698,98.55795489499529,False,98.55795489499529,122.0,True,
Q2-021,leg2-cruise,5695.853358301942,109.2308517,23.0085095,308.9542541503906,161.25425415039064,84.2044484513449,False,84.2044484513449,122.0,True,
Q2-021,leg2-descent,5695.853358301942,109.2308517,23.0085095,308.9542541503906,161.25425415039064,84.2044484513449,False,84.2044484513449,122.0,True,
Q2-021,leg2-descent,5741.166921839539,109.2308517,23.0085095,218.3271270751953,70.62712707519532,77.03365564741469,False,77.03365564741469,122.0,True,
Q2-021,leg2-descent,5786.480485377137,109.2308517,23.0085095,127.69999999999999,20.0,66.07482474751174,False,66.07482474751174,122.0,True,
Q2-022,leg1-climb,2013.8535692154742,109.2308517,23.0085095,127.7,19.999999999999986,66.07482474751174,False,66.07482474751174,122.0,True,
Q2-022,leg1-climb,2065.4366122927313,109.2308517,23.0085095,282.4491292317713,134.7491292317713,82.64474418212251,False,82.64474418212251,122.0,True,
Q2-022,leg1-climb,2117.019655369988,109.2308517,23.0085095,437.1982584635412,289.4982584635412,89.28714394389851,False,89.28714394389851,122.0,True,
Q2-022,leg1-climb,2168.602698447245,109.2308517,23.0085095,591.9473876953125,444.2473876953125,93.00672248835531,False,93.00672248835531,122.0,True,
Q2-022,leg1-cruise,2168.602698447245,109.2308517,23.0085095,591.9473876953125,444.2473876953125,93.00672248835531,False,93.00672248835531,122.0,True,
Q2-022,leg1-cruise,2224.9664181802596,109.2374448125,23.008097024999998,591.9473876953125,809.2064781891464,98.21541185230576,False,98.21541185230576,122.0,True,
Q2-022,leg1-cruise,2281.3301379132745,109.244037925,23.00768455,591.9473876953125,1423.7973311348944,103.12318832482917,False,103.12318832482917,122.0,True,
Q2-022,leg1-cruise,2337.693857646289,109.2506310375,23.007272075,591.9473876953125,2077.141121386778,106.40354490607557,False,106.40354490607557,122.0,True,
Q2-022,leg1-cruise,2394.0575773793034,109.25722415,23.0068596,591.9473876953125,2741.6733331326313,108.81453899232187,False,108.81453899232187,122.0,True,
Q2-022,leg1-cruise,2450.421297112318,109.2638172625,23.006447125,591.9473876953125,3410.8619830946236,110.71150776419711,True,120.71150776419711,122.0,True,
Q2-022,leg1-cruise,2506.7850168453324,109.270410375,23.00603465,591.9473876953125,4082.418889293873,112.27257613029585,True,122.27257613029585,122.0,False,
Q2-022,leg1-cruise,2563.1487365783473,109.2770034875,23.005622175000003,591.9473876953125,4755.3416876801,113.59785939321327,True,123.59785939321327,122.0,False,
Q2-022,leg1-cruise,2619.512456311362,109.2835966,23.0052097,591.9473876953125,5429.123275779718,114.74881889476532,True,124.74881889476532,122.0,False,
Q2-022,leg1-descent,2619.512456311362,109.2835966,23.0052097,591.9473876953125,5429.123275779718,114.74881889476532,True,124.74881889476532,122.0,False,
Q2-022,leg1-descent,2667.701933850424,109.2835966,23.0052097,471.47369384765625,5420.595281605771,114.73516448869171,True,124.73516448869171,122.0,False,
Q2-022,S014-handoff,2715.8914113894866,109.2835966,23.0052097,351.0,5414.734960470271,114.72576890840894,True,124.72576890840894,122.0,False,
Q2-022,leg1-descent,2715.8914113894866,109.2835966,23.0052097,351.0,5414.734960470271,114.72576890840894,True,124.72576890840894,122.0,False,
Q2-022,S014-handoff,2768.3914113894866,109.2835966,23.0052097,351.0,5414.734960470271,114.72576890840894,True,124.72576890840894,122.0,False,
Q2-022,S014-handoff,2820.8914113894866,109.2835966,23.0052097,351.0,5414.734960470271,114.72576890840894,True,124.72576890840894,122.0,False,
Q2-022,S014-handoff,2873.3914113894866,109.2835966,23.0052097,351.0,5414.734960470271,114.72576890840894,True,124.72576890840894,122.0,False,
Q2-022,S014-handoff,2925.8914113894866,109.2835966,23.0052097,351.0,5414.734960470271,114.72576890840894,True,124.72576890840894,122.0,False,
Q2-022,leg2-climb,2925.8914113894866,109.2835966,23.0052097,351.0,5414.734960470271,114.72576890840894,True,124.72576890840894,122.0,False,
Q2-022,leg2-climb,2966.0493093387054,109.2835966,23.0052097,471.47369384765625,5420.595281605771,114.73516448869171,True,124.73516448869171,122.0,False,
Q2-022,leg2-climb,3006.207207287924,109.2835966,23.0052097,591.9473876953125,5429.123275779718,114.74881889476532,True,124.74881889476532,122.0,False,
Q2-022,leg2-cruise,3006.207207287924,109.2835966,23.0052097,591.9473876953125,5429.123275779718,114.74881889476532,True,124.74881889476532,122.0,False,
Q2-022,leg2-cruise,3062.5709270209386,109.2770034875,23.005622175000003,591.9473876953125,4755.3416876801,113.59785939321327,True,123.59785939321327,122.0,False,
Q2-022,leg2-cruise,3118.9346467539535,109.270410375,23.00603465,591.9473876953125,4082.418889293873,112.27257613029585,True,122.27257613029585,122.0,False,
Q2-022,leg2-cruise,3175.298366486968,109.2638172625,23.006447125,591.9473876953125,3410.8619830946236,110.71150776419711,True,120.71150776419711,122.0,True,
Q2-022,leg2-cruise,3231.6620862199825,109.25722415,23.0068596,591.9473876953125,2741.6733331326313,108.81453899232187,False,108.81453899232187,122.0,True,
Q2-022,leg2-cruise,3288.025805952997,109.2506310375,23.007272075,591.9473876953125,2077.141121386778,106.40354490607557,False,106.40354490607557,122.0,True,
Q2-022,leg2-cruise,3344.3895256860114,109.244037925,23.00768455,591.9473876953125,1423.7973311348944,103.12318832482917,False,103.12318832482917,122.0,True,
Q2-022,leg2-cruise,3400.7532454190264,109.2374448125,23.008097024999998,591.9473876953125,809.2064781891464,98.21541185230576,False,98.21541185230576,122.0,True,
Q2-022,leg2-cruise,3457.116965152041,109.2308517,23.0085095,591.9473876953125,444.2473876953125,93.00672248835531,False,93.00672248835531,122.0,True,
Q2-022,leg2-descent,3457.116965152041,109.2308517,23.0085095,591.9473876953125,444.2473876953125,93.00672248835531,False,93.00672248835531,122.0,True,
Q2-022,leg2-descent,3503.541703921572,109.2308517,23.0085095,475.8855407714841,328.1855407714841,90.3766136932849,False,90.3766136932849,122.0,True,
Q2-022,leg2-descent,3549.966442691103,109.2308517,23.0085095,359.82369384765684,212.12369384765685,86.58600845751738,False,86.58600845751738,122.0,True,
Q2-022,leg2-descent,3596.3911814606345,109.2308517,23.0085095,243.76184692382844,96.06184692382845,79.7052434803152,False,79.7052434803152,122.0,True,
Q2-022,leg2-descent,3642.815920230166,109.2308517,23.0085095,127.69999999999999,20.0,66.07482474751174,False,66.07482474751174,122.0,True,
Q2-023,leg1-climb,7077.242731221646,109.2308517,23.0085095,127.7,19.999999999999986,66.07482474751174,False,66.07482474751174,122.0,True,
Q2-023,leg1-climb,7128.825774298903,109.2308517,23.0085095,282.4491292317699,134.74912923176993,82.64474418212241,False,82.64474418212241,122.0,True,
Q2-023,leg1-climb,7180.40881737616,109.2308517,23.0085095,437.1982584635426,289.4982584635426,89.28714394389856,False,89.28714394389856,122.0,True,
Q2-023,leg1-climb,7231.991860453417,109.2308517,23.0085095,591.9473876953125,444.2473876953125,93.00672248835531,False,93.00672248835531,122.0,True,
Q2-023,leg1-cruise,7231.991860453417,109.2308517,23.0085095,591.9473876953125,444.2473876953125,93.00672248835531,False,93.00672248835531,122.0,True,
Q2-023,leg1-cruise,7283.524404209316,109.23838668571429,23.0080381,591.9473876953125,891.5458320490178,99.05709831489933,False,99.05709831489933,122.0,True,
Q2-023,leg1-cruise,7335.056947965215,109.24592167142858,23.007566699999998,591.9473876953125,1608.5263343054514,104.1827883429076,False,104.1827883429076,122.0,True,
Q2-023,leg1-cruise,7386.589491721114,109.25345665714286,23.0070953,591.9473876953125,2361.117785373407,107.51657788594466,False,107.51657788594466,122.0,True,
Q2-023,leg1-cruise,7438.122035477013,109.26099164285714,23.0066239,591.9473876953125,3123.6880629041616,109.94757799311672,False,109.94757799311672,122.0,True,
Q2-023,leg1-cruise,7489.6545792329125,109.26852662857142,23.006152500000002,591.9473876953125,3890.37519751159,111.85405459005827,True,121.85405459005827,122.0,True,
Q2-023,leg1-cruise,7541.187122988811,109.27606161428571,23.0056811,591.9473876953125,4659.148617253952,113.42035610962233,True,123.42035610962233,122.0,False,
Q2-023,leg1-cruise,7592.719666744711,109.2835966,23.0052097,591.9473876953125,5429.123275779718,114.74881889476532,True,124.74881889476532,122.0,False,
Q2-023,leg1-descent,7592.719666744711,109.2835966,23.0052097,591.9473876953125,5429.123275779718,114.74881889476532,True,124.74881889476532,122.0,False,
Q2-023,leg1-descent,7640.909144283773,109.2835966,23.0052097,471.4736938476574,5420.595281605771,114.73516448869171,True,124.73516448869171,122.0,False,
Q2-023,S014-handoff,7689.098621822835,109.2835966,23.0052097,351.0,5414.734960470271,114.72576890840894,True,124.72576890840894,122.0,False,
Q2-023,leg1-descent,7689.098621822835,109.2835966,23.0052097,351.0,5414.734960470271,114.72576890840894,True,124.72576890840894,122.0,False,
Q2-023,S014-handoff,7749.098621822835,109.2835966,23.0052097,351.0,5414.734960470271,114.72576890840894,True,124.72576890840894,122.0,False,
Q2-023,S014-handoff,7809.098621822835,109.2835966,23.0052097,351.0,5414.734960470271,114.72576890840894,True,124.72576890840894,122.0,False,
Q2-023,S014-handoff,7869.098621822835,109.2835966,23.0052097,351.0,5414.734960470271,114.72576890840894,True,124.72576890840894,122.0,False,
Q2-023,leg2-climb,7869.098621822835,109.2835966,23.0052097,351.0,5414.734960470271,114.72576890840894,True,124.72576890840894,122.0,False,
Q2-023,leg2-climb,7909.256519772054,109.2835966,23.0052097,471.47369384765625,5420.595281605771,114.73516448869171,True,124.73516448869171,122.0,False,
Q2-023,leg2-climb,7949.414417721273,109.2835966,23.0052097,591.9473876953125,5429.123275779718,114.74881889476532,True,124.74881889476532,122.0,False,
Q2-023,leg2-cruise,7949.414417721273,109.2835966,23.0052097,591.9473876953125,5429.123275779718,114.74881889476532,True,124.74881889476532,122.0,False,
Q2-023,leg2-cruise,8000.946961477172,109.27606161428571,23.0056811,591.9473876953125,4659.148617253952,113.42035610962233,True,123.42035610962233,122.0,False,
Q2-023,leg2-cruise,8052.479505233071,109.26852662857142,23.006152500000002,591.9473876953125,3890.37519751159,111.85405459005827,True,121.85405459005827,122.0,True,
Q2-023,leg2-cruise,8104.0120489889705,109.26099164285714,23.0066239,591.9473876953125,3123.6880629041616,109.94757799311672,False,109.94757799311672,122.0,True,
Q2-023,leg2-cruise,8155.544592744869,109.25345665714286,23.0070953,591.9473876953125,2361.117785373407,107.51657788594466,False,107.51657788594466,122.0,True,
Q2-023,leg2-cruise,8207.077136500768,109.24592167142858,23.007566699999998,591.9473876953125,1608.5263343054514,104.1827883429076,False,104.1827883429076,122.0,True,
Q2-023,leg2-cruise,8258.609680256668,109.23838668571429,23.0080381,591.9473876953125,891.5458320490178,99.05709831489933,False,99.05709831489933,122.0,True,
Q2-023,leg2-cruise,8310.142224012567,109.2308517,23.0085095,591.9473876953125,444.2473876953125,93.00672248835531,False,93.00672248835531,122.0,True,
Q2-023,leg2-descent,8310.142224012567,109.2308517,23.0085095,591.9473876953125,444.2473876953125,93.00672248835531,False,93.00672248835531,122.0,True,
Q2-023,leg2-descent,8356.566962782097,109.2308517,23.0085095,475.88554077148666,328.18554077148667,90.37661369328495,False,90.37661369328495,122.0,True,
Q2-023,leg2-descent,8402.99170155163,109.2308517,23.0085095,359.8236938476563,212.12369384765628,86.58600845751735,False,86.58600845751735,122.0,True,
Q2-023,leg2-descent,8449.416440321162,109.2308517,23.0085095,243.76184692382583,96.06184692382584,79.70524348031496,False,79.70524348031496,122.0,True,
Q2-023,leg2-descent,8495.841179090692,109.2308517,23.0085095,127.69999999999999,20.0,66.07482474751174,False,66.07482474751174,122.0,True,
Q2-024,leg1-climb,2624.8618069858185,109.2308517,23.0085095,127.7,19.999999999999986,66.07482474751174,False,66.07482474751174,122.0,True,
Q2-024,leg1-climb,2672.461972797993,109.2308517,23.0085095,270.50049743652346,122.80049743652347,81.83822735494417,False,81.83822735494417,122.0,True,
Q2-024,leg1-climb,2720.0621386101675,109.2308517,23.0085095,413.3009948730469,265.6009948730469,88.53881878332228,False,88.53881878332228,122.0,True,
Q2-024,leg1-cruise,2720.0621386101675,109.2308517,23.0085095,413.3009948730469,265.6009948730469,88.53881878332228,False,88.53881878332228,122.0,True,
Q2-024,leg1-cruise,2776.110998922951,109.2356047909091,23.01268718181818,413.3009948730469,723.1801855017515,97.23915520113525,False,97.23915520113525,122.0,True,
Q2-024,leg1-cruise,2832.1598592357336,109.24035788181818,23.016864863636364,413.3009948730469,1371.239345079373,102.796490154311,False,102.796490154311,122.0,True,
Q2-024,leg1-cruise,2888.208719548517,109.24511097272728,23.021042545454545,413.3009948730469,2035.2943740654418,106.22676947682181,False,106.22676947682181,122.0,True,
Q2-024,leg1-cruise,2944.2575798612997,109.24986406363637,23.025220227272726,413.3009948730469,2703.575989539926,108.6929964506124,False,108.6929964506124,122.0,True,
Q2-024,leg1-cruise,3000.306440174083,109.25461715454546,23.029397909090907,413.3009948730469,3373.5668312572134,110.61601119554932,True,120.61601119554932,122.0,True,
Q2-024,leg1-cruise,3056.355300486866,109.25937024545455,23.03357559090909,413.3009948730469,4044.412105225264,112.19133286611613,True,122.19133286611613,122.0,False,
Q2-024,leg1-cruise,3112.404160799649,109.26412333636364,23.037753272727272,413.3009948730469,4715.742512373585,113.52522651117413,True,123.52522651117413,122.0,False,
Q2-024,leg1-cruise,3168.453021112432,109.26887642727273,23.041930954545453,413.3009948730469,5387.372609049248,114.68176511165495,True,124.68176511165495,122.0,False,
Q2-024,leg1-cruise,3224.5018814252153,109.27362951818182,23.046108636363634,413.3009948730469,6059.19910457939,115.7025293061777,True,125.7025293061777,122.0,False,
Q2-024,leg1-cruise,3280.5507417379986,109.27838260909091,23.05028631818182,413.3009948730469,6731.159919947896,116.61602300854005,True,126.61602300854005,122.0,False,
Q2-024,leg1-cruise,3336.5996020507814,109.2831357,23.054464,413.3009948730469,7403.215504048951,117.44263266763345,True,127.44263266763345,122.0,False,
Q2-024,leg1-descent,3336.5996020507814,109.2831357,23.054464,413.3009948730469,7403.215504048951,117.44263266763345,True,127.44263266763345,122.0,False,
Q2-024,S012-handoff,3390.0,109.2831357,23.054464,279.8,7399.628796156819,117.43842351040759,True,127.43842351040759,122.0,False,
Q2-024,leg1-descent,3390.0,109.2831357,23.054464,279.8,7399.628796156819,117.43842351040759,True,127.43842351040759,122.0,False,
Q2-024,S012-handoff,3442.5,109.2831357,23.054464,279.8,7399.628796156819,117.43842351040759,True,127.43842351040759,122.0,False,
Q2-024,S012-handoff,3495.0,109.2831357,23.054464,279.8,7399.628796156819,117.43842351040759,True,127.43842351040759,122.0,False,
Q2-024,S012-handoff,3547.5,109.2831357,23.054464,279.8,7399.628796156819,117.43842351040759,True,127.43842351040759,122.0,False,
Q2-024,S012-handoff,3600.0,109.2831357,23.054464,279.8,7399.628796156819,117.43842351040759,True,127.43842351040759,122.0,False,
Q2-024,leg2-climb,3600.0,109.2831357,23.054464,279.8,7399.628796156819,117.43842351040759,True,127.43842351040759,122.0,False,
Q2-024,leg2-climb,3644.5003316243487,109.2831357,23.054464,413.3009948730469,7403.215504048951,117.44263266763345,True,127.44263266763345,122.0,False,
Q2-024,leg2-cruise,3644.5003316243487,109.2831357,23.054464,413.3009948730469,7403.215504048951,117.44263266763345,True,127.44263266763345,122.0,False,
Q2-024,leg2-cruise,3700.549191937132,109.27838260909091,23.05028631818182,413.3009948730469,6731.159919947896,116.61602300854005,True,126.61602300854005,122.0,False,
Q2-024,leg2-cruise,3756.598052249915,109.27362951818182,23.046108636363634,413.3009948730469,6059.19910457939,115.7025293061777,True,125.7025293061777,122.0,False,
Q2-024,leg2-cruise,3812.646912562698,109.26887642727273,23.041930954545453,413.3009948730469,5387.372609049248,114.68176511165495,True,124.68176511165495,122.0,False,
Q2-024,leg2-cruise,3868.695772875481,109.26412333636364,23.037753272727272,413.3009948730469,4715.742512373585,113.52522651117413,True,123.52522651117413,122.0,False,
Q2-024,leg2-cruise,3924.7446331882643,109.25937024545455,23.03357559090909,413.3009948730469,4044.412105225264,112.19133286611613,True,122.19133286611613,122.0,False,
Q2-024,leg2-cruise,3980.793493501047,109.25461715454546,23.029397909090907,413.3009948730469,3373.5668312572134,110.61601119554932,True,120.61601119554932,122.0,True,
Q2-024,leg2-cruise,4036.8423538138304,109.24986406363637,23.025220227272726,413.3009948730469,2703.575989539926,108.6929964506124,False,108.6929964506124,122.0,True,
Q2-024,leg2-cruise,4092.8912141266132,109.24511097272728,23.021042545454545,413.3009948730469,2035.2943740654418,106.22676947682181,False,106.22676947682181,122.0,True,
Q2-024,leg2-cruise,4148.940074439397,109.24035788181818,23.016864863636364,413.3009948730469,1371.239345079373,102.796490154311,False,102.796490154311,122.0,True,
Q2-024,leg2-cruise,4204.988934752179,109.2356047909091,23.01268718181818,413.3009948730469,723.1801855017515,97.23915520113525,False,97.23915520113525,122.0,True,
Q2-024,leg2-cruise,4261.037795064963,109.2308517,23.0085095,413.3009948730469,265.6009948730469,88.53881878332228,False,88.53881878332228,122.0,True,
Q2-024,leg2-descent,4261.037795064963,109.2308517,23.0085095,413.3009948730469,265.6009948730469,88.53881878332228,False,88.53881878332228,122.0,True,
Q2-024,leg2-descent,4318.157994039572,109.2308517,23.0085095,270.50049743652346,122.80049743652347,81.83822735494417,False,81.83822735494417,122.0,True,
Q2-024,leg2-descent,4375.278193014182,109.2308517,23.0085095,127.69999999999999,20.0,66.07482474751174,False,66.07482474751174,122.0,True,
Q2-025,leg1-climb,8638.587151019738,109.2308517,23.0085095,127.7,19.999999999999986,66.07482474751174,False,66.07482474751174,122.0,True,
Q2-025,leg1-climb,8686.18731683191,109.2308517,23.0085095,270.50049743652073,122.80049743652074,81.83822735494397,False,81.83822735494397,122.0,True,
Q2-025,leg1-climb,8733.787482644086,109.2308517,23.0085095,413.3009948730469,265.6009948730469,88.53881878332228,False,88.53881878332228,122.0,True,
Q2-025,leg1-cruise,8733.787482644086,109.2308517,23.0085095,413.3009948730469,265.6009948730469,88.53881878332228,False,88.53881878332228,122.0,True,
Q2-025,leg1-cruise,8788.590812727696,109.23666103333333,23.013615555555553,413.3009948730469,863.954350268387,98.78404074977526,False,98.78404074977526,122.0,True,
Q2-025,leg1-cruise,8843.394142811307,109.24247036666667,23.01872161111111,413.3009948730469,1665.5279298786872,104.48526323302266,False,104.48526323302266,122.0,True,
Q2-025,leg1-cruise,8898.197472894915,109.2482797,23.023827666666666,413.3009948730469,2480.5568081060005,107.94520838257486,False,107.94520838257486,122.0,True,
Q2-025,leg1-cruise,8953.000802978526,109.25408903333333,23.02893372222222,413.3009948730469,3299.071561374372,110.42205955600856,False,110.42205955600856,122.0,True,
Q2-025,leg1-cruise,9007.804133062136,109.25989836666668,23.034039777777778,413.3009948730469,4118.984850268338,112.3500287264949,True,122.3500287264949,122.0,False,
Q2-025,leg1-cruise,9062.607463145747,109.26570770000001,23.039145833333333,413.3009948730469,4939.592168256784,113.92804670182554,True,123.92804670182554,122.0,False,
Q2-025,leg1-cruise,9117.410793229355,109.27151703333334,23.044251888888887,413.3009948730469,5760.589947293229,115.2635640781624,True,125.2635640781624,122.0,False,
Q2-025,leg1-cruise,9172.214123312966,109.27732636666667,23.049357944444445,413.3009948730469,6581.825964541094,116.42115272570331,True,126.42115272570331,122.0,False,
Q2-025,leg1-cruise,9227.017453396576,109.2831357,23.054464,413.3009948730469,7403.215504048951,117.44263266763345,True,127.44263266763345,122.0,False,
Q2-025,leg1-descent,9227.017453396576,109.2831357,23.054464,413.3009948730469,7403.215504048951,117.44263266763345,True,127.44263266763345,122.0,False,
Q2-025,S012-handoff,9280.417851345795,109.2831357,23.054464,279.8,7399.628796156819,117.43842351040759,True,127.43842351040759,122.0,False,
Q2-025,leg1-descent,9280.417851345795,109.2831357,23.054464,279.8,7399.628796156819,117.43842351040759,True,127.43842351040759,122.0,False,
Q2-025,S012-handoff,9340.417851345795,109.2831357,23.054464,279.8,7399.628796156819,117.43842351040759,True,127.43842351040759,122.0,False,
Q2-025,S012-handoff,9400.417851345795,109.2831357,23.054464,279.8,7399.628796156819,117.43842351040759,True,127.43842351040759,122.0,False,
Q2-025,S012-handoff,9460.417851345795,109.2831357,23.054464,279.8,7399.628796156819,117.43842351040759,True,127.43842351040759,122.0,False,
Q2-025,leg2-climb,9460.417851345795,109.2831357,23.054464,279.8,7399.628796156819,117.43842351040759,True,127.43842351040759,122.0,False,
Q2-025,leg2-climb,9504.918182970145,109.2831357,23.054464,413.3009948730469,7403.215504048951,117.44263266763345,True,127.44263266763345,122.0,False,
Q2-025,leg2-cruise,9504.918182970145,109.2831357,23.054464,413.3009948730469,7403.215504048951,117.44263266763345,True,127.44263266763345,122.0,False,
Q2-025,leg2-cruise,9559.721513053755,109.27732636666667,23.049357944444445,413.3009948730469,6581.825964541094,116.42115272570331,True,126.42115272570331,122.0,False,
Q2-025,leg2-cruise,9614.524843137366,109.27151703333334,23.044251888888887,413.3009948730469,5760.589947293229,115.2635640781624,True,125.2635640781624,122.0,False,
Q2-025,leg2-cruise,9669.328173220974,109.26570770000001,23.039145833333333,413.3009948730469,4939.592168256784,113.92804670182554,True,123.92804670182554,122.0,False,
Q2-025,leg2-cruise,9724.131503304585,109.25989836666668,23.034039777777778,413.3009948730469,4118.984850268338,112.3500287264949,True,122.3500287264949,122.0,False,
Q2-025,leg2-cruise,9778.934833388195,109.25408903333333,23.02893372222222,413.3009948730469,3299.071561374372,110.42205955600856,False,110.42205955600856,122.0,True,
Q2-025,leg2-cruise,9833.738163471806,109.2482797,23.023827666666666,413.3009948730469,2480.5568081060005,107.94520838257486,False,107.94520838257486,122.0,True,
Q2-025,leg2-cruise,9888.541493555414,109.24247036666667,23.01872161111111,413.3009948730469,1665.5279298786872,104.48526323302266,False,104.48526323302266,122.0,True,
Q2-025,leg2-cruise,9943.344823639025,109.23666103333333,23.013615555555553,413.3009948730469,863.954350268387,98.78404074977526,False,98.78404074977526,122.0,True,
Q2-025,leg2-cruise,9998.148153722635,109.2308517,23.0085095,413.3009948730469,265.6009948730469,88.53881878332228,False,88.53881878332228,122.0,True,
Q2-025,leg2-descent,9998.148153722635,109.2308517,23.0085095,413.3009948730469,265.6009948730469,88.53881878332228,False,88.53881878332228,122.0,True,
Q2-025,leg2-descent,10055.268352697245,109.2308517,23.0085095,270.50049743652346,122.80049743652347,81.83822735494417,False,81.83822735494417,122.0,True,
Q2-025,leg2-descent,10112.388551671855,109.2308517,23.0085095,127.69999999999999,20.0,66.07482474751174,False,66.07482474751174,122.0,True,
Q2-026,leg1-climb,4457.909118925665,109.2308517,23.0085095,127.7,19.999999999999986,66.07482474751174,False,66.07482474751174,122.0,True,
Q2-026,leg1-climb,4498.777340971564,109.2308517,23.0085095,250.30466613769534,102.60466613769535,80.27756706568827,False,80.27756706568827,122.0,True,
Q2-026,leg1-climb,4539.645563017462,109.2308517,23.0085095,372.9093322753906,225.20933227539064,87.10595249314075,False,87.10595249314075,122.0,True,
Q2-026,leg1-cruise,4539.645563017462,109.2308517,23.0085095,372.9093322753906,225.20933227539064,87.10595249314075,False,87.10595249314075,122.0,True,
Q2-026,leg1-cruise,4595.961349023906,109.22934299166667,23.014426316666665,372.9093322753906,712.33567499703,97.1079187363243,False,97.1079187363243,122.0,True,
Q2-026,leg1-cruise,4652.27713503035,109.22783428333334,23.02034313333333,372.9093322753906,1370.2286458633735,102.7900856861398,False,102.7900856861398,122.0,True,
Q2-026,leg1-cruise,4708.592921036794,109.226325575,23.02625995,372.9093322753906,2039.8593703369484,106.24622939067287,False,106.24622939067287,122.0,True,
Q2-026,leg1-cruise,4764.908707043238,109.22481686666667,23.032176766666666,372.9093322753906,2712.5476883261335,108.72177247621055,False,108.72177247621055,122.0,True,
Q2-026,leg1-cruise,4821.224493049682,109.22330815833334,23.038093583333332,372.9093322753906,3386.471082578293,110.64917226369954,False,110.64917226369954,122.0,True,
Q2-026,leg1-cruise,4877.540279056126,109.22179945,23.044010399999998,372.9093322753906,4061.0139451757163,112.22691445068868,False,112.22691445068868,122.0,True,
Q2-026,leg1-cruise,4933.85606506257,109.22029074166666,23.049927216666667,372.9093322753906,4735.910924605754,113.56229534148548,True,123.56229534148548,122.0,False,
Q2-026,leg1-cruise,4990.171851069014,109.21878203333333,23.055844033333333,372.9093322753906,5411.028938639579,114.71982196587904,True,124.71982196587904,122.0,False,
Q2-026,leg1-cruise,5046.487637075458,109.217273325,23.06176085,372.9093322753906,6086.293916732566,115.74128326011353,True,125.74128326011353,122.0,False,
Q2-026,leg1-cruise,5102.803423081902,109.21576461666666,23.06767766666667,372.9093322753906,6761.661363370723,116.65529316814471,True,126.65529316814471,122.0,False,
Q2-026,leg1-cruise,5159.119209088346,109.21425590833333,23.073594483333334,372.9093322753906,7437.102939842034,117.48230068959955,True,127.48230068959955,122.0,False,
Q2-026,leg1-cruise,5215.43499509479,109.2127472,23.0795113,372.9093322753906,8112.599742401268,118.23742582191542,True,128.23742582191542,122.0,False,
Q2-026,leg1-descent,5215.43499509479,109.2127472,23.0795113,372.9093322753906,8112.599742401268,118.23742582191542,True,128.23742582191542,122.0,False,
Q2-026,S008-handoff,5256.238728004946,109.2127472,23.0795113,270.9,8110.408964846667,118.23507991277862,True,128.23507991277862,122.0,False,
Q2-026,leg1-descent,5256.238728004946,109.2127472,23.0795113,270.9,8110.408964846667,118.23507991277862,True,128.23507991277862,122.0,False,
Q2-026,S008-handoff,5308.738728004946,109.2127472,23.0795113,270.9,8110.408964846667,118.23507991277862,True,128.23507991277862,122.0,False,
Q2-026,S008-handoff,5361.238728004946,109.2127472,23.0795113,270.9,8110.408964846667,118.23507991277862,True,128.23507991277862,122.0,False,
Q2-026,S008-handoff,5413.738728004946,109.2127472,23.0795113,270.9,8110.408964846667,118.23507991277862,True,128.23507991277862,122.0,False,
Q2-026,S008-handoff,5466.238728004946,109.2127472,23.0795113,270.9,8110.408964846667,118.23507991277862,True,128.23507991277862,122.0,False,
Q2-026,leg2-climb,5466.238728004946,109.2127472,23.0795113,270.9,8110.408964846667,118.23507991277862,True,128.23507991277862,122.0,False,
Q2-026,leg2-climb,5500.24183876341,109.2127472,23.0795113,372.9093322753906,8112.599742401268,118.23742582191542,True,128.23742582191542,122.0,False,
Q2-026,leg2-cruise,5500.24183876341,109.2127472,23.0795113,372.9093322753906,8112.599742401268,118.23742582191542,True,128.23742582191542,122.0,False,
Q2-026,leg2-cruise,5556.557624769854,109.21425590833333,23.073594483333334,372.9093322753906,7437.102939842034,117.48230068959955,True,127.48230068959955,122.0,False,
Q2-026,leg2-cruise,5612.8734107762975,109.21576461666666,23.06767766666667,372.9093322753906,6761.661363370723,116.65529316814471,True,126.65529316814471,122.0,False,
Q2-026,leg2-cruise,5669.189196782741,109.217273325,23.06176085,372.9093322753906,6086.293916732566,115.74128326011353,True,125.74128326011353,122.0,False,
Q2-026,leg2-cruise,5725.504982789185,109.21878203333333,23.055844033333333,372.9093322753906,5411.028938639579,114.71982196587904,True,124.71982196587904,122.0,False,
Q2-026,leg2-cruise,5781.820768795629,109.22029074166666,23.049927216666667,372.9093322753906,4735.910924605754,113.56229534148548,True,123.56229534148548,122.0,False,
Q2-026,leg2-cruise,5838.136554802073,109.22179944999999,23.0440104,372.9093322753906,4061.0139451763916,112.22691445069012,False,112.22691445069012,122.0,True,
Q2-026,leg2-cruise,5894.452340808518,109.22330815833334,23.038093583333332,372.9093322753906,3386.471082578293,110.64917226369954,False,110.64917226369954,122.0,True,
Q2-026,leg2-cruise,5950.768126814962,109.22481686666667,23.032176766666666,372.9093322753906,2712.5476883261335,108.72177247621055,False,108.72177247621055,122.0,True,
Q2-026,leg2-cruise,6007.083912821406,109.226325575,23.02625995,372.9093322753906,2039.8593703369484,106.24622939067287,False,106.24622939067287,122.0,True,
Q2-026,leg2-cruise,6063.3996988278495,109.22783428333334,23.02034313333333,372.9093322753906,1370.2286458633735,102.7900856861398,False,102.7900856861398,122.0,True,
Q2-026,leg2-cruise,6119.715484834293,109.22934299166667,23.014426316666665,372.9093322753906,712.33567499703,97.1079187363243,False,97.1079187363243,122.0,True,
Q2-026,leg2-cruise,6176.031270840737,109.2308517,23.0085095,372.9093322753906,225.20933227539064,87.10595249314075,False,87.10595249314075,122.0,True,
Q2-026,leg2-descent,6176.031270840737,109.2308517,23.0085095,372.9093322753906,225.20933227539064,87.10595249314075,False,87.10595249314075,122.0,True,
Q2-026,leg2-descent,6225.073137295815,109.2308517,23.0085095,250.3046661376953,102.60466613769532,80.27756706568827,False,80.27756706568827,122.0,True,
Q2-026,leg2-descent,6274.115003750893,109.2308517,23.0085095,127.69999999999999,20.0,66.07482474751174,False,66.07482474751174,122.0,True,
Q2-027,leg1-climb,3181.0479130832146,109.2308517,23.0085095,127.7,19.999999999999986,66.07482474751174,False,66.07482474751174,122.0,True,
Q2-027,leg1-climb,3226.1377741265087,109.2308517,23.0085095,262.96958312988215,115.26958312988216,81.28851928514253,False,81.28851928514253,122.0,True,
Q2-027,leg1-climb,3271.2276351698033,109.2308517,23.0085095,398.2391662597656,250.53916625976564,88.03173739126181,False,88.03173739126181,122.0,True,
Q2-027,leg1-cruise,3271.2276351698033,109.2308517,23.0085095,398.2391662597656,250.53916625976564,88.03173739126181,False,88.03173739126181,122.0,True,
Q2-027,leg1-cruise,3329.90689609027,109.23151712727272,23.0148124,398.2391662597656,747.3960517884371,97.52524082034543,False,97.52524082034543,122.0,True,
Q2-027,leg1-cruise,3388.5861570107363,109.23218255454546,23.021115299999998,398.2391662597656,1430.4170526389455,103.16347841224619,False,103.16347841224619,122.0,True,
Q2-027,leg1-cruise,3447.265417931203,109.23284798181818,23.0274182,398.2391662597656,2127.262285622394,106.61064564475357,False,106.61064564475357,122.0,True,
Q2-027,leg1-cruise,3505.94467885167,109.2335134090909,23.0337211,398.2391662597656,2827.7296934252977,109.08298268026189,False,109.08298268026189,122.0,True,
Q2-027,leg1-cruise,3564.6239397721365,109.23417883636364,23.040024,398.2391662597656,3529.6632707058357,111.00889034907215,False,111.00889034907215,122.0,True,
Q2-027,leg1-cruise,3623.303200692603,109.23484426363636,23.0463269,398.2391662597656,4232.333432777334,112.58582233571506,False,112.58582233571506,122.0,True,
Q2-027,leg1-cruise,3681.9824616130695,109.2355096909091,23.0526298,398.2391662597656,4935.425448877395,113.92071675706327,False,113.92071675706327,122.0,True,
Q2-027,leg1-cruise,3740.6617225335362,109.23617511818182,23.0589327,398.2391662597656,5638.7814044566285,115.07793001141016,True,125.07793001141016,122.0,False,
Q2-027,leg1-cruise,3799.340983454003,109.23684054545454,23.0652356,398.2391662597656,6342.3133855249225,116.09917878465272,True,126.09917878465272,122.0,False,
Q2-027,leg1-cruise,3858.0202443744693,109.23750597272728,23.0715385,398.2391662597656,7045.968571914968,117.0130388683766,True,127.0130388683766,122.0,False,
Q2-027,leg1-cruise,3916.699505294936,109.2381714,23.0778414,398.2391662597656,7749.713319311792,117.83993757818084,True,127.83993757818084,122.0,False,
Q2-027,leg1-descent,3916.699505294936,109.2381714,23.0778414,398.2391662597656,7749.713319311792,117.83993757818084,True,127.83993757818084,122.0,False,
Q2-027,leg1-descent,3950.687338546889,109.2381714,23.0778414,313.26958312988336,7747.431828970569,117.83738010410832,True,127.83738010410832,122.0,False,
Q2-027,S004-handoff,3984.6751717988423,109.2381714,23.0778414,228.3,7746.08178485668,117.83586639527485,True,127.83586639527485,122.0,False,
Q2-027,leg1-descent,3984.6751717988423,109.2381714,23.0778414,228.3,7746.08178485668,117.83586639527485,True,127.83586639527485,122.0,False,
Q2-027,S004-handoff,4037.1751717988423,109.2381714,23.0778414,228.3,7746.08178485668,117.83586639527485,True,127.83586639527485,122.0,False,
Q2-027,S004-handoff,4089.6751717988427,109.2381714,23.0778414,228.3,7746.08178485668,117.83586639527485,True,127.83586639527485,122.0,False,
Q2-027,S004-handoff,4142.175171798843,109.2381714,23.0778414,228.3,7746.08178485668,117.83586639527485,True,127.83586639527485,122.0,False,
Q2-027,S004-handoff,4194.675171798843,109.2381714,23.0778414,228.3,7746.08178485668,117.83586639527485,True,127.83586639527485,122.0,False,
Q2-027,leg2-climb,4194.675171798843,109.2381714,23.0778414,228.3,7746.08178485668,117.83586639527485,True,127.83586639527485,122.0,False,
Q2-027,leg2-climb,4251.321560552098,109.2381714,23.0778414,398.2391662597656,7749.713319311792,117.83993757818084,True,127.83993757818084,122.0,False,
Q2-027,leg2-cruise,4251.321560552098,109.2381714,23.0778414,398.2391662597656,7749.713319311792,117.83993757818084,True,127.83993757818084,122.0,False,
Q2-027,leg2-cruise,4310.000821472565,109.23750597272728,23.0715385,398.2391662597656,7045.968571914968,117.0130388683766,True,127.0130388683766,122.0,False,
Q2-027,leg2-cruise,4368.680082393032,109.23684054545454,23.0652356,398.2391662597656,6342.3133855249225,116.09917878465272,True,126.09917878465272,122.0,False,
Q2-027,leg2-cruise,4427.359343313498,109.23617511818182,23.0589327,398.2391662597656,5638.7814044566285,115.07793001141016,True,125.07793001141016,122.0,False,
Q2-027,leg2-cruise,4486.038604233965,109.2355096909091,23.0526298,398.2391662597656,4935.425448877395,113.92071675706327,False,113.92071675706327,122.0,True,
Q2-027,leg2-cruise,4544.717865154432,109.23484426363636,23.0463269,398.2391662597656,4232.333432777334,112.58582233571506,False,112.58582233571506,122.0,True,
Q2-027,leg2-cruise,4603.397126074898,109.23417883636364,23.040024,398.2391662597656,3529.6632707058357,111.00889034907215,False,111.00889034907215,122.0,True,
Q2-027,leg2-cruise,4662.076386995364,109.2335134090909,23.0337211,398.2391662597656,2827.7296934252977,109.08298268026189,False,109.08298268026189,122.0,True,
Q2-027,leg2-cruise,4720.755647915831,109.23284798181818,23.0274182,398.2391662597656,2127.262285622394,106.61064564475357,False,106.61064564475357,122.0,True,
Q2-027,leg2-cruise,4779.434908836298,109.23218255454546,23.021115299999998,398.2391662597656,1430.4170526389455,103.16347841224619,False,103.16347841224619,122.0,True,
Q2-027,leg2-cruise,4838.114169756765,109.23151712727272,23.0148124,398.2391662597656,747.3960517884371,97.52524082034543,False,97.52524082034543,122.0,True,
Q2-027,leg2-cruise,4896.793430677231,109.2308517,23.0085095,398.2391662597656,250.53916625976564,88.03173739126181,False,88.03173739126181,122.0,True,
Q2-027,leg2-descent,4896.793430677231,109.2308517,23.0085095,398.2391662597656,250.53916625976564,88.03173739126181,False,88.03173739126181,122.0,True,
Q2-027,leg2-descent,4950.901263929185,109.2308517,23.0085095,262.9695831298817,115.26958312988171,81.28851928514248,False,81.28851928514248,122.0,True,
Q2-027,leg2-descent,5005.009097181138,109.2308517,23.0085095,127.69999999999999,20.0,66.07482474751174,False,66.07482474751174,122.0,True,
Q2-028,leg1-climb,4997.272126920727,109.2308517,23.0085095,127.7,19.999999999999986,66.07482474751174,False,66.07482474751174,122.0,True,
Q2-028,leg1-climb,5046.313993375805,109.2308517,23.0085095,250.30466613769534,102.60466613769535,80.27756706568827,False,80.27756706568827,122.0,True,
Q2-028,leg1-climb,5095.355859830883,109.2308517,23.0085095,372.9093322753906,225.20933227539064,87.10595249314075,False,87.10595249314075,122.0,True,
Q2-028,leg1-cruise,5095.355859830883,109.2308517,23.0085095,372.9093322753906,225.20933227539064,87.10595249314075,False,87.10595249314075,122.0,True,
Q2-028,leg1-cruise,5149.419014397069,109.22904125,23.01560968,372.9093322753906,841.6478335467507,98.55683303142992,False,98.55683303142992,122.0,True,
Q2-028,leg1-cruise,5203.482168963255,109.2272308,23.02270986,372.9093322753906,1637.473463403139,104.33771024670281,False,104.33771024670281,122.0,True,
Q2-028,leg1-cruise,5257.545323529442,109.22542035,23.02981004,372.9093322753906,2443.266911099533,107.8136431027701,False,107.8136431027701,122.0,True,
Q2-028,leg1-cruise,5311.608478095628,109.2236099,23.03691022,372.9093322753906,3251.6244848802826,110.29623253724272,False,110.29623253724272,122.0,True,
Q2-028,leg1-cruise,5365.671632661813,109.22179945,23.044010399999998,372.9093322753906,4061.0139451757163,112.22691445068868,False,112.22691445068868,122.0,True,
Q2-028,leg1-cruise,5419.734787228,109.219989,23.05111058,372.9093322753906,4870.919805902212,113.80644442365212,True,123.80644442365212,122.0,False,
Q2-028,leg1-cruise,5473.797941794186,109.21817855,23.058210759999998,372.9093322753906,5681.120259615934,115.1429044871767,True,125.1429044871767,122.0,False,
Q2-028,leg1-cruise,5527.861096360372,109.2163681,23.06531094,372.9093322753906,6491.504166252893,116.30113163746368,True,126.30113163746368,122.0,False,
Q2-028,leg1-cruise,5581.924250926559,109.21455765,23.072411119999998,372.9093322753906,7302.00970223439,117.32307294751988,True,127.32307294751988,122.0,False,
Q2-028,leg1-cruise,5635.987405492745,109.2127472,23.0795113,372.9093322753906,8112.599742401268,118.23742582191542,True,128.23742582191542,122.0,False,
Q2-028,leg1-descent,5635.987405492745,109.2127472,23.0795113,372.9093322753906,8112.599742401268,118.23742582191542,True,128.23742582191542,122.0,False,
Q2-028,S008-handoff,5686.9920716304405,109.2127472,23.0795113,270.9,8110.408964846667,118.23507991277862,True,128.23507991277862,122.0,False,
Q2-028,leg1-descent,5686.9920716304405,109.2127472,23.0795113,270.9,8110.408964846667,118.23507991277862,True,128.23507991277862,122.0,False,
Q2-028,S008-handoff,5744.592071630441,109.2127472,23.0795113,270.9,8110.408964846667,118.23507991277862,True,128.23507991277862,122.0,False,
Q2-028,S008-handoff,5802.19207163044,109.2127472,23.0795113,270.9,8110.408964846667,118.23507991277862,True,128.23507991277862,122.0,False,
Q2-028,S008-handoff,5859.792071630441,109.2127472,23.0795113,270.9,8110.408964846667,118.23507991277862,True,128.23507991277862,122.0,False,
Q2-028,S008-handoff,5917.39207163044,109.2127472,23.0795113,270.9,8110.408964846667,118.23507991277862,True,128.23507991277862,122.0,False,
Q2-028,S008-handoff,5974.9920716304405,109.2127472,23.0795113,270.9,8110.408964846667,118.23507991277862,True,128.23507991277862,122.0,False,
Q2-028,leg2-climb,5974.9920716304405,109.2127472,23.0795113,270.9,8110.408964846667,118.23507991277862,True,128.23507991277862,122.0,False,
Q2-028,leg2-climb,6015.795804540597,109.2127472,23.0795113,372.9093322753906,8112.599742401268,118.23742582191542,True,128.23742582191542,122.0,False,
Q2-028,leg2-cruise,6015.795804540597,109.2127472,23.0795113,372.9093322753906,8112.599742401268,118.23742582191542,True,128.23742582191542,122.0,False,
Q2-028,leg2-cruise,6069.858959106783,109.21455765,23.072411119999998,372.9093322753906,7302.00970223439,117.32307294751988,True,127.32307294751988,122.0,False,
Q2-028,leg2-cruise,6123.922113672969,109.2163681,23.06531094,372.9093322753906,6491.504166252893,116.30113163746368,True,126.30113163746368,122.0,False,
Q2-028,leg2-cruise,6177.985268239156,109.21817855,23.058210759999998,372.9093322753906,5681.120259615934,115.1429044871767,True,125.1429044871767,122.0,False,
Q2-028,leg2-cruise,6232.048422805342,109.219989,23.05111058,372.9093322753906,4870.919805902212,113.80644442365212,True,123.80644442365212,122.0,False,
Q2-028,leg2-cruise,6286.111577371528,109.22179945,23.044010399999998,372.9093322753906,4061.0139451757163,112.22691445068868,False,112.22691445068868,122.0,True,
Q2-028,leg2-cruise,6340.174731937714,109.2236099,23.03691022,372.9093322753906,3251.6244848802826,110.29623253724272,False,110.29623253724272,122.0,True,
Q2-028,leg2-cruise,6394.2378865039,109.22542035,23.02981004,372.9093322753906,2443.266911099533,107.8136431027701,False,107.8136431027701,122.0,True,
Q2-028,leg2-cruise,6448.301041070086,109.2272308,23.02270986,372.9093322753906,1637.473463403139,104.33771024670281,False,104.33771024670281,122.0,True,
Q2-028,leg2-cruise,6502.364195636273,109.22904125,23.01560968,372.9093322753906,841.6478335467507,98.55683303142992,False,98.55683303142992,122.0,True,
Q2-028,leg2-cruise,6556.427350202459,109.2308517,23.0085095,372.9093322753906,225.20933227539064,87.10595249314075,False,87.10595249314075,122.0,True,
Q2-028,leg2-descent,6556.427350202459,109.2308517,23.0085095,372.9093322753906,225.20933227539064,87.10595249314075,False,87.10595249314075,122.0,True,
Q2-028,leg2-descent,6597.2955722483575,109.2308517,23.0085095,291.17288818359316,143.47288818359317,83.18962165358438,False,83.18962165358438,122.0,True,
Q2-028,leg2-descent,6638.163794294255,109.2308517,23.0085095,209.43644409179748,61.736444091797495,75.86505705993162,False,75.86505705993162,122.0,True,
Q2-028,leg2-descent,6679.032016340154,109.2308517,23.0085095,127.69999999999999,20.0,66.07482474751174,False,66.07482474751174,122.0,True,
Q2-029,leg1-climb,6206.4804853771375,109.2308517,23.0085095,127.7,19.999999999999986,66.07482474751174,False,66.07482474751174,122.0,True,
Q2-029,leg1-climb,6260.58831862909,109.2308517,23.0085095,262.9695831298817,115.26958312988171,81.28851928514248,False,81.28851928514248,122.0,True,
Q2-029,leg1-climb,6314.696151881044,109.2308517,23.0085095,398.2391662597656,250.53916625976564,88.03173739126181,False,88.03173739126181,122.0,True,
Q2-029,leg1-cruise,6314.696151881044,109.2308517,23.0085095,398.2391662597656,250.53916625976564,88.03173739126181,False,88.03173739126181,122.0,True,
Q2-029,leg1-cruise,6372.071429225501,109.231665,23.016213044444445,398.2391662597656,896.3568448982893,99.10384361938864,False,99.10384361938864,122.0,True,
Q2-029,leg1-cruise,6429.446706569956,109.2324783,23.023916588888888,398.2391662597656,1739.3996576820837,104.86221243960173,False,104.86221243960173,122.0,True,
Q2-029,leg1-cruise,6486.821983914413,109.2332916,23.031620133333334,398.2391662597656,2594.018933219936,108.33368766597773,False,108.33368766597773,122.0,True,
Q2-029,leg1-cruise,6544.197261258869,109.2341049,23.039323677777777,398.2391662597656,3451.6260497756534,110.81469959412162,False,110.81469959412162,122.0,True,
Q2-029,leg1-cruise,6601.5725386033255,109.2349182,23.047027222222223,398.2391662597656,4310.437712893112,112.74465231003114,False,112.74465231003114,122.0,True,
Q2-029,leg1-cruise,6658.947815947781,109.2357315,23.054730766666665,398.2391662597656,5169.853432684185,114.32378945131879,False,114.32378945131879,122.0,True,
Q2-029,leg1-cruise,6716.323093292238,109.2365448,23.06243431111111,398.2391662597656,6029.6147243777705,115.66001609055961,True,125.66001609055961,122.0,False,
Q2-029,leg1-cruise,6773.698370636694,109.2373581,23.070137855555554,398.2391662597656,6889.592043330391,116.81809496592342,True,126.81809496592342,122.0,False,
Q2-029,leg1-cruise,6831.07364798115,109.2381714,23.0778414,398.2391662597656,7749.713319311792,117.83993757818084,True,127.83993757818084,122.0,False,
Q2-029,leg1-descent,6831.07364798115,109.2381714,23.0778414,398.2391662597656,7749.713319311792,117.83993757818084,True,127.83993757818084,122.0,False,
Q2-029,leg1-descent,6873.558439546092,109.2381714,23.0778414,313.2695831298828,7747.431828970569,117.83738010410832,True,127.83738010410832,122.0,False,
Q2-029,S004-handoff,6916.0432311110335,109.2381714,23.0778414,228.3,7746.08178485668,117.83586639527485,True,127.83586639527485,122.0,False,
Q2-029,leg1-descent,6916.0432311110335,109.2381714,23.0778414,228.3,7746.08178485668,117.83586639527485,True,127.83586639527485,122.0,False,
Q2-029,S004-handoff,6970.0432311110335,109.2381714,23.0778414,228.3,7746.08178485668,117.83586639527485,True,127.83586639527485,122.0,False,
Q2-029,S004-handoff,7024.0432311110335,109.2381714,23.0778414,228.3,7746.08178485668,117.83586639527485,True,127.83586639527485,122.0,False,
Q2-029,S004-handoff,7078.0432311110335,109.2381714,23.0778414,228.3,7746.08178485668,117.83586639527485,True,127.83586639527485,122.0,False,
Q2-029,S004-handoff,7132.0432311110335,109.2381714,23.0778414,228.3,7746.08178485668,117.83586639527485,True,127.83586639527485,122.0,False,
Q2-029,S004-handoff,7186.0432311110335,109.2381714,23.0778414,228.3,7746.08178485668,117.83586639527485,True,127.83586639527485,122.0,False,
Q2-029,S004-handoff,7240.0432311110335,109.2381714,23.0778414,228.3,7746.08178485668,117.83586639527485,True,127.83586639527485,122.0,False,
Q2-029,leg2-climb,7240.0432311110335,109.2381714,23.0778414,228.3,7746.08178485668,117.83586639527485,True,127.83586639527485,122.0,False,
Q2-029,leg2-climb,7274.031064362986,109.2381714,23.0778414,313.2695831298828,7747.431828970569,117.83738010410832,True,127.83738010410832,122.0,False,
Q2-029,leg2-climb,7308.018897614939,109.2381714,23.0778414,398.2391662597656,7749.713319311792,117.83993757818084,True,127.83993757818084,122.0,False,
Q2-029,leg2-cruise,7308.018897614939,109.2381714,23.0778414,398.2391662597656,7749.713319311792,117.83993757818084,True,127.83993757818084,122.0,False,
Q2-029,leg2-cruise,7365.394174959396,109.2373581,23.070137855555554,398.2391662597656,6889.592043330391,116.81809496592342,True,126.81809496592342,122.0,False,
Q2-029,leg2-cruise,7422.769452303852,109.2365448,23.06243431111111,398.2391662597656,6029.6147243777705,115.66001609055961,True,125.66001609055961,122.0,False,
Q2-029,leg2-cruise,7480.144729648308,109.2357315,23.054730766666665,398.2391662597656,5169.853432684185,114.32378945131879,False,114.32378945131879,122.0,True,
Q2-029,leg2-cruise,7537.520006992764,109.2349182,23.047027222222223,398.2391662597656,4310.437712893112,112.74465231003114,False,112.74465231003114,122.0,True,
Q2-029,leg2-cruise,7594.895284337221,109.2341049,23.039323677777777,398.2391662597656,3451.6260497756534,110.81469959412162,False,110.81469959412162,122.0,True,
Q2-029,leg2-cruise,7652.270561681677,109.2332916,23.031620133333334,398.2391662597656,2594.018933219936,108.33368766597773,False,108.33368766597773,122.0,True,
Q2-029,leg2-cruise,7709.645839026133,109.2324783,23.023916588888888,398.2391662597656,1739.3996576820837,104.86221243960173,False,104.86221243960173,122.0,True,
Q2-029,leg2-cruise,7767.021116370589,109.231665,23.016213044444445,398.2391662597656,896.3568448982893,99.10384361938864,False,99.10384361938864,122.0,True,
Q2-029,leg2-cruise,7824.396393715046,109.2308517,23.0085095,398.2391662597656,250.53916625976564,88.03173739126181,False,88.03173739126181,122.0,True,
Q2-029,leg2-descent,7824.396393715046,109.2308517,23.0085095,398.2391662597656,250.53916625976564,88.03173739126181,False,88.03173739126181,122.0,True,
Q2-029,leg2-descent,7869.48625475834,109.2308517,23.0085095,308.0594441731771,160.3594441731771,84.15611567942359,False,84.15611567942359,122.0,True,
Q2-029,leg2-descent,7914.576115801634,109.2308517,23.0085095,217.87972208658854,70.17972208658855,76.97845771555312,False,76.97845771555312,122.0,True,
Q2-029,leg2-descent,7959.665976844928,109.2308517,23.0085095,127.69999999999999,20.0,66.07482474751174,False,66.07482474751174,122.0,True,
Q2-030,leg1-climb,5802.815920230166,109.2308517,23.0085095,127.7,19.999999999999986,66.07482474751174,False,66.07482474751174,122.0,True,
Q2-030,leg1-climb,5851.049713361676,109.2308517,23.0085095,272.40137939453126,124.70137939453127,81.97164998401468,False,81.97164998401468,122.0,True,
Q2-030,leg1-climb,5899.283506493187,109.2308517,23.0085095,417.1027587890625,269.4027587890625,88.66226560931607,False,88.66226560931607,122.0,True,
Q2-030,leg1-climb,5947.517299624697,109.2308517,23.0085095,561.8041381835938,414.10413818359376,92.39641624366728,False,92.39641624366728,122.0,True,
Q2-030,leg1-cruise,5947.517299624697,109.2308517,23.0085095,561.8041381835938,414.10413818359376,92.39641624366728,False,92.39641624366728,122.0,True,
Q2-030,leg1-cruise,6002.525447885036,109.2252158909091,23.011396945454546,561.8041381835938,779.2833617108982,97.88813291068305,False,97.88813291068305,122.0,True,
Q2-030,leg1-cruise,6057.533596145375,109.21958008181818,23.01428439090909,561.8041381835938,1383.7106034740439,102.8751302138662,False,102.8751302138662,122.0,True,
Q2-030,leg1-cruise,6112.541744405713,109.21394427272728,23.017171836363637,561.8041381835938,2023.2540454204654,106.17523318265134,False,106.17523318265134,122.0,True,
Q2-030,leg1-cruise,6167.549892666051,109.20830846363637,23.02005928181818,561.8041381835938,2672.8160263289883,108.5936061679873,False,108.5936061679873,122.0,True,
Q2-030,leg1-cruise,6222.558040926389,109.20267265454545,23.02294672727273,561.8041381835938,3326.52641950006,110.49404437407625,False,110.49404437407625,122.0,True,
Q2-030,leg1-cruise,6277.5661891867285,109.19703684545455,23.025834172727272,561.8041381835938,3982.3374671443885,112.0569860299717,True,122.0569860299717,122.0,False,
Q2-030,leg1-cruise,6332.574337447067,109.19140103636363,23.02872161818182,561.8041381835938,4639.353812061165,113.38337472378124,True,123.38337472378124,122.0,False,
Q2-030,leg1-cruise,6387.582485707405,109.18576522727273,23.031609063636363,561.8041381835938,5297.122947482213,114.535025896846,True,124.535025896846,122.0,False,
Q2-030,leg1-cruise,6442.590633967743,109.18012941818182,23.03449650909091,561.8041381835938,5955.3918513902445,115.55243168141473,True,125.55243168141473,122.0,False,
Q2-030,leg1-cruise,6497.598782228082,109.1744936090909,23.037383954545454,561.8041381835938,6614.008070295494,116.46351924416095,True,126.46351924416095,122.0,False,
Q2-030,leg1-cruise,6552.60693048842,109.1688578,23.0402714,561.8041381835938,7272.874306339103,117.28834647281866,True,127.28834647281866,122.0,False,
Q2-030,leg1-descent,6552.60693048842,109.1688578,23.0402714,561.8041381835938,7272.874306339103,117.28834647281866,True,127.28834647281866,122.0,False,
Q2-030,leg1-descent,6597.267758125139,109.1688578,23.0402714,450.1520690917969,7267.371993550669,117.28177265241285,True,127.28177265241285,122.0,False,
Q2-030,S003-handoff,6641.928585761858,109.1688578,23.0402714,338.5,7263.581973003865,117.27724167653642,True,127.27724167653642,122.0,False,
Q2-030,leg1-descent,6641.928585761858,109.1688578,23.0402714,338.5,7263.581973003865,117.27724167653642,True,127.27724167653642,122.0,False,
Q2-030,S003-handoff,6694.428585761858,109.1688578,23.0402714,338.5,7263.581973003865,117.27724167653642,True,127.27724167653642,122.0,False,
Q2-030,S003-handoff,6746.928585761858,109.1688578,23.0402714,338.5,7263.581973003865,117.27724167653642,True,127.27724167653642,122.0,False,
Q2-030,S003-handoff,6799.428585761858,109.1688578,23.0402714,338.5,7263.581973003865,117.27724167653642,True,127.27724167653642,122.0,False,
Q2-030,S003-handoff,6851.928585761858,109.1688578,23.0402714,338.5,7263.581973003865,117.27724167653642,True,127.27724167653642,122.0,False,
Q2-030,leg2-climb,6851.928585761858,109.1688578,23.0402714,338.5,7263.581973003865,117.27724167653642,True,127.27724167653642,122.0,False,
Q2-030,leg2-climb,6889.14594212579,109.1688578,23.0402714,450.1520690917955,7267.371993550669,117.28177265241285,True,127.28177265241285,122.0,False,
Q2-030,leg2-climb,6926.363298489722,109.1688578,23.0402714,561.8041381835938,7272.874306339103,117.28834647281866,True,127.28834647281866,122.0,False,
Q2-030,leg2-cruise,6926.363298489722,109.1688578,23.0402714,561.8041381835938,7272.874306339103,117.28834647281866,True,127.28834647281866,122.0,False,
Q2-030,leg2-cruise,6981.37144675006,109.1744936090909,23.037383954545454,561.8041381835938,6614.008070295494,116.46351924416095,True,126.46351924416095,122.0,False,
Q2-030,leg2-cruise,7036.3795950103995,109.18012941818182,23.03449650909091,561.8041381835938,5955.3918513902445,115.55243168141473,True,125.55243168141473,122.0,False,
Q2-030,leg2-cruise,7091.387743270738,109.18576522727273,23.031609063636363,561.8041381835938,5297.122947482213,114.535025896846,True,124.535025896846,122.0,False,
Q2-030,leg2-cruise,7146.395891531076,109.19140103636363,23.02872161818182,561.8041381835938,4639.353812061165,113.38337472378124,True,123.38337472378124,122.0,False,
Q2-030,leg2-cruise,7201.404039791414,109.19703684545455,23.025834172727272,561.8041381835938,3982.3374671443885,112.0569860299717,True,122.0569860299717,122.0,False,
Q2-030,leg2-cruise,7256.412188051753,109.20267265454545,23.02294672727273,561.8041381835938,3326.52641950006,110.49404437407625,False,110.49404437407625,122.0,True,
Q2-030,leg2-cruise,7311.420336312091,109.20830846363637,23.02005928181818,561.8041381835938,2672.8160263289883,108.5936061679873,False,108.5936061679873,122.0,True,
Q2-030,leg2-cruise,7366.42848457243,109.21394427272728,23.017171836363637,561.8041381835938,2023.2540454204654,106.17523318265134,False,106.17523318265134,122.0,True,
Q2-030,leg2-cruise,7421.436632832768,109.21958008181818,23.01428439090909,561.8041381835938,1383.7106034740439,102.8751302138662,False,102.8751302138662,122.0,True,
Q2-030,leg2-cruise,7476.444781093107,109.2252158909091,23.011396945454546,561.8041381835938,779.2833617108982,97.88813291068305,False,97.88813291068305,122.0,True,
Q2-030,leg2-cruise,7531.452929353445,109.2308517,23.0085095,561.8041381835938,414.10413818359376,92.39641624366728,False,92.39641624366728,122.0,True,
Q2-030,leg2-descent,7531.452929353445,109.2308517,23.0085095,561.8041381835938,414.10413818359376,92.39641624366728,False,92.39641624366728,122.0,True,
Q2-030,leg2-descent,7589.333481111257,109.2308517,23.0085095,417.1027587890633,269.4027587890633,88.6622656093161,False,88.6622656093161,122.0,True,
Q2-030,leg2-descent,7647.21403286907,109.2308517,23.0085095,272.40137939453047,124.70137939453048,81.97164998401462,False,81.97164998401462,122.0,True,
Q2-030,leg2-descent,7705.094584626882,109.2308517,23.0085095,127.69999999999999,20.0,66.07482474751174,False,66.07482474751174,122.0,True,
Q2-031,leg1-climb,7519.032016340154,109.2308517,23.0085095,127.7,19.999999999999986,66.07482474751174,False,66.07482474751174,122.0,True,
Q2-031,leg1-climb,7576.912568097966,109.2308517,23.0085095,272.4013793945305,124.70137939453053,81.97164998401462,False,81.97164998401462,122.0,True,
Q2-031,leg1-climb,7634.793119855779,109.2308517,23.0085095,417.1027587890633,269.4027587890633,88.6622656093161,False,88.6622656093161,122.0,True,
Q2-031,leg1-climb,7692.673671613591,109.2308517,23.0085095,561.8041381835938,414.10413818359376,92.39641624366728,False,92.39641624366728,122.0,True,
Q2-031,leg1-cruise,7692.673671613591,109.2308517,23.0085095,561.8041381835938,414.10413818359376,92.39641624366728,False,92.39641624366728,122.0,True,
Q2-031,leg1-cruise,7746.459416579255,109.22396348888888,23.0120386,561.8041381835938,906.9124702873432,99.20553230629234,False,99.20553230629234,122.0,True,
Q2-031,leg1-cruise,7800.24516154492,109.21707527777778,23.0155677,561.8041381835938,1665.971846505041,104.48757799280453,False,104.48757799280453,122.0,True,
Q2-031,leg1-cruise,7854.030906510584,109.21018706666666,23.0190968,561.8041381835938,2455.6710087440397,107.85762849519833,False,107.85762849519833,122.0,True,
Q2-031,leg1-cruise,7907.816651476248,109.20329885555556,23.0226259,561.8041381835938,3253.7648828930182,110.30194818638836,False,110.30194818638836,122.0,True,
Q2-031,leg1-cruise,7961.602396441913,109.19641064444444,23.026155,561.8041381835938,4055.2905642931087,112.21466437729995,True,122.21466437729995,122.0,False,
Q2-031,leg1-cruise,8015.388141407577,109.18952243333334,23.0296841,561.8041381835938,4858.541856006924,113.78434380421879,True,123.78434380421879,122.0,False,
Q2-031,leg1-cruise,8069.173886373241,109.18263422222222,23.033213200000002,561.8041381835938,5662.777589961762,115.11481492832317,True,125.11481492832317,122.0,False,
Q2-031,leg1-cruise,8122.959631338906,109.17574601111112,23.0367423,561.8041381835938,6467.624497986722,116.26912078190553,True,126.26912078190553,122.0,False,
Q2-031,leg1-cruise,8176.74537630457,109.1688578,23.0402714,561.8041381835938,7272.874306339103,117.28834647281866,True,127.28834647281866,122.0,False,
Q2-031,leg1-descent,8176.74537630457,109.1688578,23.0402714,561.8041381835938,7272.874306339103,117.28834647281866,True,127.28834647281866,122.0,False,
Q2-031,leg1-descent,8232.571410850469,109.1688578,23.0402714,450.15206909179597,7267.371993550669,117.28177265241285,True,127.28177265241285,122.0,False,
Q2-031,S003-handoff,8288.397445396367,109.1688578,23.0402714,338.5,7263.581973003865,117.27724167653642,True,127.27724167653642,122.0,False,
Q2-031,leg1-descent,8288.397445396367,109.1688578,23.0402714,338.5,7263.581973003865,117.27724167653642,True,127.27724167653642,122.0,False,
Q2-031,S003-handoff,8344.968873967797,109.1688578,23.0402714,338.5,7263.581973003865,117.27724167653642,True,127.27724167653642,122.0,False,
Q2-031,S003-handoff,8401.540302539224,109.1688578,23.0402714,338.5,7263.581973003865,117.27724167653642,True,127.27724167653642,122.0,False,
Q2-031,S003-handoff,8458.111731110654,109.1688578,23.0402714,338.5,7263.581973003865,117.27724167653642,True,127.27724167653642,122.0,False,
Q2-031,S003-handoff,8514.683159682081,109.1688578,23.0402714,338.5,7263.581973003865,117.27724167653642,True,127.27724167653642,122.0,False,
Q2-031,S003-handoff,8571.25458825351,109.1688578,23.0402714,338.5,7263.581973003865,117.27724167653642,True,127.27724167653642,122.0,False,
Q2-031,S003-handoff,8627.826016824938,109.1688578,23.0402714,338.5,7263.581973003865,117.27724167653642,True,127.27724167653642,122.0,False,
Q2-031,S003-handoff,8684.397445396367,109.1688578,23.0402714,338.5,7263.581973003865,117.27724167653642,True,127.27724167653642,122.0,False,
Q2-031,leg2-climb,8684.397445396367,109.1688578,23.0402714,338.5,7263.581973003865,117.27724167653642,True,127.27724167653642,122.0,False,
Q2-031,leg2-climb,8729.058273033086,109.1688578,23.0402714,450.1520690917969,7267.371993550669,117.28177265241285,True,127.28177265241285,122.0,False,
Q2-031,leg2-climb,8773.719100669805,109.1688578,23.0402714,561.8041381835938,7272.874306339103,117.28834647281866,True,127.28834647281866,122.0,False,
Q2-031,leg2-cruise,8773.719100669805,109.1688578,23.0402714,561.8041381835938,7272.874306339103,117.28834647281866,True,127.28834647281866,122.0,False,
Q2-031,leg2-cruise,8827.504845635469,109.17574601111112,23.0367423,561.8041381835938,6467.624497986722,116.26912078190553,True,126.26912078190553,122.0,False,
Q2-031,leg2-cruise,8881.290590601133,109.18263422222222,23.033213200000002,561.8041381835938,5662.777589961762,115.11481492832317,True,125.11481492832317,122.0,False,
Q2-031,leg2-cruise,8935.076335566797,109.18952243333334,23.0296841,561.8041381835938,4858.541856006924,113.78434380421879,True,123.78434380421879,122.0,False,
Q2-031,leg2-cruise,8988.86208053246,109.19641064444444,23.026155,561.8041381835938,4055.2905642931087,112.21466437729995,True,122.21466437729995,122.0,False,
Q2-031,leg2-cruise,9042.647825498127,109.20329885555556,23.0226259,561.8041381835938,3253.7648828930182,110.30194818638836,False,110.30194818638836,122.0,True,
Q2-031,leg2-cruise,9096.43357046379,109.21018706666666,23.0190968,561.8041381835938,2455.6710087440397,107.85762849519833,False,107.85762849519833,122.0,True,
Q2-031,leg2-cruise,9150.219315429455,109.21707527777778,23.0155677,561.8041381835938,1665.971846505041,104.48757799280453,False,104.48757799280453,122.0,True,
Q2-031,leg2-cruise,9204.005060395119,109.22396348888888,23.0120386,561.8041381835938,906.9124702873432,99.20553230629234,False,99.20553230629234,122.0,True,
Q2-031,leg2-cruise,9257.790805360783,109.2308517,23.0085095,561.8041381835938,414.10413818359376,92.39641624366728,False,92.39641624366728,122.0,True,
Q2-031,leg2-descent,9257.790805360783,109.2308517,23.0085095,561.8041381835938,414.10413818359376,92.39641624366728,False,92.39641624366728,122.0,True,
Q2-031,leg2-descent,9312.053822633732,109.2308517,23.0085095,453.2781036376944,305.5781036376944,89.75666946253959,False,89.75666946253959,122.0,True,
Q2-031,leg2-descent,9366.316839906682,109.2308517,23.0085095,344.7520690917951,197.0520690917951,85.94584482257122,False,85.94584482257122,122.0,True,
Q2-031,leg2-descent,9420.57985717963,109.2308517,23.0085095,236.22603454589932,88.52603454589934,78.99564504974275,False,78.99564504974275,122.0,True,
Q2-031,leg2-descent,9474.842874452579,109.2308517,23.0085095,127.69999999999999,20.0,66.07482474751174,False,66.07482474751174,122.0,True,
