candidate_group,covered_gap_ids,covered_sorties,service_start_s,service_end_s,preparation_start_s,longitude,latitude,ground_dsm_m,hover_altitude_m,agl_m,energy_kwh,return_soc_percent,return_o01_s,outbound_flight_s,return_flight_s
1,"[4, 7, 8, 10, 11, 12, 13, 14, 17]","Q2-006,Q2-009,Q2-011,Q2-012,Q2-014,Q2-019,Q2-021,Q2-022,Q2-023",1766.9535991150958,9049.314376681548,1085.9197625712766,109.205253,23.0463957,438.9472351074219,688.9472351074219,250.0,2.495527917041523,22.014752592452403,9567.118816150985,471.0338365438192,517.8044394694376
1,"[4, 7, 8, 10, 11, 12, 13, 14, 17]","Q2-006,Q2-009,Q2-011,Q2-012,Q2-014,Q2-019,Q2-021,Q2-022,Q2-023",1766.9535991150958,9049.314376681548,1073.4197625712766,109.205253,23.0463957,438.9472351074219,738.9472351074219,300.0,2.4999734470376653,21.875829780072962,9583.785482817653,483.5338365438192,534.4711061361044
1,"[4, 7, 8, 10, 11, 12, 13, 14, 17]","Q2-006,Q2-009,Q2-011,Q2-012,Q2-014,Q2-019,Q2-021,Q2-022,Q2-023",1766.9535991150958,9049.314376681548,1047.6367105428603,109.2023786,23.0494548,473.51116943359375,723.5111694335938,250.0,2.5175390053525484,21.326906082732865,9608.282196039916,509.3168885722355,558.9678193583683
1,"[4, 7, 8, 10, 11, 12, 13, 14]","Q2-006,Q2-009,Q2-011,Q2-012,Q2-019,Q2-021,Q2-022,Q2-023",1766.9535991150958,7418.107909908786,1085.9197625712766,109.205253,23.0463957,438.9472351074219,688.9472351074219,250.0,1.9971037188609566,37.59050878559511,7935.912349378224,471.0338365438192,517.8044394694376
1,"[4, 7, 8, 10, 11, 12, 13, 14]","Q2-006,Q2-009,Q2-011,Q2-012,Q2-019,Q2-021,Q2-022,Q2-023",1766.9535991150958,7418.107909908786,1073.4197625712766,109.205253,23.0463957,438.9472351074219,738.9472351074219,300.0,2.0015492488570987,37.45158597321567,7952.57901604489,483.5338365438192,534.4711061361044
1,"[4, 7, 8, 10, 11, 12, 13, 14]","Q2-006,Q2-009,Q2-011,Q2-012,Q2-019,Q2-021,Q2-022,Q2-023",1766.9535991150958,7418.107909908786,1047.6367105428603,109.2023786,23.0494548,473.51116943359375,723.5111694335938,250.0,2.0191148071719818,36.90266227587558,7977.075729267154,509.3168885722355,558.9678193583683
1,"[7, 8, 10, 11, 12, 13, 14, 17]","Q2-009,Q2-011,Q2-012,Q2-014,Q2-019,Q2-021,Q2-022,Q2-023",3072.8026695877907,9049.314376681548,2391.7688330439714,109.205253,23.0463957,438.9472351074219,688.9472351074219,250.0,2.096518478841533,34.48379753620209,9567.118816150985,471.0338365438192,517.8044394694376
1,"[7, 8, 10, 11, 12, 13, 14, 17]","Q2-009,Q2-011,Q2-012,Q2-014,Q2-019,Q2-021,Q2-022,Q2-023",3072.8026695877907,9049.314376681548,2379.2688330439714,109.205253,23.0463957,438.9472351074219,738.9472351074219,300.0,2.100964008837675,34.34487472382266,9583.785482817653,483.5338365438192,534.4711061361044
1,"[7, 8, 10, 11, 12, 13, 14, 17]","Q2-009,Q2-011,Q2-012,Q2-014,Q2-019,Q2-021,Q2-022,Q2-023",3072.8026695877907,9049.314376681548,2353.4857810155554,109.2023786,23.0494548,473.51116943359375,723.5111694335938,250.0,2.118529567152558,33.79595102648258,9608.282196039916,509.3168885722355,558.9678193583683
1,"[8, 10, 11, 12, 13, 14, 17, 18]","Q2-009,Q2-011,Q2-012,Q2-014,Q2-021,Q2-022,Q2-023,Q2-025",4074.867035043299,10634.438145894339,3393.8331984994797,109.205253,23.0463957,438.9472351074219,688.9472351074219,250.0,2.2746755188784804,28.916390035047492,11152.242585363776,471.0338365438192,517.8044394694376
1,"[8, 10, 11, 12, 13, 14, 17, 18]","Q2-009,Q2-011,Q2-012,Q2-014,Q2-021,Q2-022,Q2-023,Q2-025",4074.867035043299,10634.438145894339,3381.3331984994797,109.205253,23.0463957,438.9472351074219,738.9472351074219,300.0,2.2791210488746225,28.77746722266805,11168.909252030444,483.5338365438192,534.4711061361044
1,"[8, 10, 11, 12, 13, 14, 17, 18]","Q2-009,Q2-011,Q2-012,Q2-014,Q2-021,Q2-022,Q2-023,Q2-025",4074.867035043299,10634.438145894339,3355.5501464710633,109.2023786,23.0494548,473.51116943359375,723.5111694335938,250.0,2.2966866071895056,28.228543525327954,11193.405965252707,509.3168885722355,558.9678193583683
1,"[4, 7, 8, 10, 12, 13, 14, 17]","Q2-006,Q2-009,Q2-011,Q2-012,Q2-014,Q2-019,Q2-021,Q2-023",1766.9535991150958,9049.314376681548,1072.6367105428603,109.2023786,23.0494548,473.51116943359375,623.5111694335938,150.0,2.508647945360264,21.604751707491754,9574.948862706584,484.3168885722355,525.634486025035
1,"[4, 7, 8, 9, 12, 13, 15, 17]","Q2-006,Q2-010,Q2-011,Q2-014,Q2-019,Q2-021,Q2-023,Q2-024",1766.9535991150958,9049.314376681548,1044.634966141334,109.2383853,23.0645473,252.67234802246094,502.67234802246094,250.0,2.535094741708774,20.778289321600816,9592.880705323849,512.3186329737619,543.5663286423003
1,"[4, 7, 8, 9, 12, 13, 15, 17]","Q2-006,Q2-010,Q2-011,Q2-014,Q2-019,Q2-021,Q2-023,Q2-024",1766.9535991150958,9049.314376681548,1032.134966141334,109.2383853,23.0645473,252.67234802246094,552.6723480224609,300.0,2.5395402717049156,20.63936650922139,9609.547371990515,524.8186329737619,560.2329953089669
1,"[4, 7, 8, 9, 12, 13, 15, 17]","Q2-006,Q2-010,Q2-011,Q2-014,Q2-019,Q2-021,Q2-023,Q2-024",1766.9535991150958,9049.314376681548,1040.6288445781715,109.2383003,23.0661338,222.2758026123047,472.2758026123047,250.0,2.5398066369558063,20.631042595131056,9594.353781436164,516.3247545369243,545.0394047546164
1,"[4, 7, 8, 9, 12, 13, 15, 17]","Q2-006,Q2-010,Q2-011,Q2-014,Q2-019,Q2-021,Q2-023,Q2-024",1766.9535991150958,9049.314376681548,1040.4803177607846,109.2380317,23.0665178,212.4075469970703,462.4075469970703,250.0,2.5406003162785167,20.60624011629636,9593.679953618948,516.4732813543113,544.3655769374004
1,"[7, 10, 11, 12, 13, 14, 17, 18]","Q2-009,Q2-011,Q2-012,Q2-014,Q2-019,Q2-022,Q2-023,Q2-025",3072.8026695877907,10634.438145894339,2435.590080135412,109.2026722,23.036099,413.75677490234375,713.7567749023438,300.0,2.551108141142308,20.27787058930287,11110.488799921914,427.21258945237884,476.0506540275742
1,"[7, 8, 10, 11, 12, 13, 14]","Q2-009,Q2-011,Q2-012,Q2-019,Q2-021,Q2-022,Q2-023",3072.8026695877907,7418.107909908786,2391.7688330439714,109.205253,23.0463957,438.9472351074219,688.9472351074219,250.0,1.5980942806609666,50.0595537293448,7935.912349378224,471.0338365438192,517.8044394694376
1,"[7, 8, 10, 11, 12, 13, 14]","Q2-009,Q2-011,Q2-012,Q2-019,Q2-021,Q2-022,Q2-023",3072.8026695877907,7418.107909908786,2379.2688330439714,109.205253,23.0463957,438.9472351074219,738.9472351074219,300.0,1.6025398106571087,49.92063091696536,7952.57901604489,483.5338365438192,534.4711061361044
1,"[7, 8, 10, 11, 12, 13, 14]","Q2-009,Q2-011,Q2-012,Q2-019,Q2-021,Q2-022,Q2-023",3072.8026695877907,7418.107909908786,2353.4857810155554,109.2023786,23.0494548,473.51116943359375,723.5111694335938,250.0,1.6201053689719915,49.37170721962527,7977.075729267154,509.3168885722355,558.9678193583683
1,"[8, 10, 11, 12, 13, 14, 17]","Q2-009,Q2-011,Q2-012,Q2-014,Q2-021,Q2-022,Q2-023",4074.867035043299,9049.314376681548,3393.8331984994797,109.205253,23.0463957,438.9472351074219,688.9472351074219,250.0,1.79033214495235,44.05212047023907,9567.118816150985,471.0338365438192,517.8044394694376
1,"[8, 10, 11, 12, 13, 14, 17]","Q2-009,Q2-011,Q2-012,Q2-014,Q2-021,Q2-022,Q2-023",4074.867035043299,9049.314376681548,3381.3331984994797,109.205253,23.0463957,438.9472351074219,738.9472351074219,300.0,1.794777674948492,43.91319765785963,9583.785482817653,483.5338365438192,534.4711061361044
1,"[8, 10, 11, 12, 13, 14, 17]","Q2-009,Q2-011,Q2-012,Q2-014,Q2-021,Q2-022,Q2-023",4074.867035043299,9049.314376681548,3355.5501464710633,109.2023786,23.0494548,473.51116943359375,723.5111694335938,250.0,1.8123432332633749,43.36427396051954,9608.282196039916,509.3168885722355,558.9678193583683
1,"[4, 7, 8, 10, 11, 12, 14]","Q2-006,Q2-009,Q2-012,Q2-019,Q2-021,Q2-022,Q2-023",1766.9535991150958,7335.541873170331,1085.9197625712766,109.205253,23.0463957,438.9472351074219,688.9472351074219,250.0,1.9718752076353177,38.378899761396326,7853.346312639769,471.0338365438192,517.8044394694376
1,"[4, 7, 8, 10, 11, 12, 14]","Q2-006,Q2-009,Q2-012,Q2-019,Q2-021,Q2-022,Q2-023",1766.9535991150958,7335.541873170331,1073.4197625712766,109.205253,23.0463957,438.9472351074219,738.9472351074219,300.0,1.9763207376314598,38.239976949016885,7870.012979306435,483.5338365438192,534.4711061361044
1,"[4, 7, 8, 10, 11, 12, 14]","Q2-006,Q2-009,Q2-012,Q2-019,Q2-021,Q2-022,Q2-023",1766.9535991150958,7335.541873170331,1047.6367105428603,109.2023786,23.0494548,473.51116943359375,723.5111694335938,250.0,1.9938862959463426,37.6910532516768,7894.5096925287,509.3168885722355,558.9678193583683
1,"[4, 7, 8, 10, 12, 13, 14]","Q2-006,Q2-009,Q2-011,Q2-012,Q2-019,Q2-021,Q2-023",1766.9535991150958,7418.107909908786,1072.6367105428603,109.2023786,23.0494548,473.51116943359375,623.5111694335938,150.0,2.0102237471796975,37.18050790063445,7943.74239593382,484.3168885722355,525.634486025035
1,"[10, 11, 12, 13, 14, 17, 18]","Q2-009,Q2-011,Q2-012,Q2-014,Q2-022,Q2-023,Q2-025",4670.739025609486,10634.438145894339,4033.526436157107,109.2026722,23.036099,413.75677490234375,713.7567749023438,300.0,2.0628498101356794,35.53594343326002,11110.488799921914,427.21258945237884,476.0506540275742
1,"[7, 10, 11, 12, 13, 14, 17]","Q2-009,Q2-011,Q2-012,Q2-014,Q2-019,Q2-022,Q2-023",3072.8026695877907,9049.314376681548,2435.590080135412,109.2026722,23.036099,413.75677490234375,713.7567749023438,300.0,2.0667647672161777,35.41360102449445,9525.365030709123,427.21258945237884,476.0506540275742
1,"[10, 11, 12, 13, 14, 17, 18]","Q2-009,Q2-011,Q2-012,Q2-014,Q2-022,Q2-023,Q2-025",4670.739025609486,10634.438145894339,4004.869794024792,109.2028191,23.0394186,507.341552734375,757.341552734375,250.0,2.078071911561036,35.06025276371763,11142.777506873565,455.8692315846937,508.3393609792249
1,"[10, 11, 12, 13, 14, 17, 18]","Q2-009,Q2-011,Q2-012,Q2-014,Q2-022,Q2-023,Q2-025",4670.739025609486,10634.438145894339,4002.9778708345953,109.2023786,23.0394548,506.3517150878906,756.3517150878906,250.0,2.0793507322754445,35.02028961639236,11144.58694359322,457.7611547748905,510.14879769888137
1,"[10, 11, 12, 13, 14, 17, 18]","Q2-009,Q2-011,Q2-012,Q2-014,Q2-022,Q2-023,Q2-025",4670.739025609486,10634.438145894339,4003.1212422948524,109.2016151,23.0389821,502.75048828125,752.75048828125,250.0,2.079514142554949,35.01518304515785,11144.143469899076,457.6177833146334,509.7053240047376
1,"[7, 10, 11, 12, 13, 14, 17]","Q2-009,Q2-011,Q2-012,Q2-014,Q2-019,Q2-022,Q2-023",3072.8026695877907,9049.314376681548,2406.933438003097,109.2028191,23.0394186,507.341552734375,757.341552734375,250.0,2.081986868641535,34.93791035495204,9557.653737660774,455.8692315846937,508.3393609792249
1,"[7, 10, 11, 12, 13, 14, 17]","Q2-009,Q2-011,Q2-012,Q2-014,Q2-019,Q2-022,Q2-023",3072.8026695877907,9049.314376681548,2405.0415148129,109.2023786,23.0394548,506.3517150878906,756.3517150878906,250.0,2.0832656893559434,34.89794720762678,9559.46317438043,457.7611547748905,510.14879769888137
1,"[7, 10, 11, 12, 13, 14, 17]","Q2-009,Q2-011,Q2-012,Q2-014,Q2-019,Q2-022,Q2-023",3072.8026695877907,9049.314376681548,2405.184886273157,109.2016151,23.0389821,502.75048828125,752.75048828125,250.0,2.083429099635447,34.89284063639227,9559.019700686285,457.6177833146334,509.7053240047376
1,"[7, 8, 10, 12, 13, 14, 17]","Q2-009,Q2-011,Q2-012,Q2-014,Q2-019,Q2-021,Q2-023",3072.8026695877907,9049.314376681548,2378.4857810155554,109.2023786,23.0494548,473.51116943359375,623.5111694335938,150.0,2.109638507160274,34.07379665124144,9574.948862706584,484.3168885722355,525.634486025035
1,"[7, 8, 9, 12, 13, 15, 17]","Q2-010,Q2-011,Q2-014,Q2-019,Q2-021,Q2-023,Q2-024",3072.8026695877907,9049.314376681548,2350.484036614029,109.2383853,23.0645473,252.67234802246094,502.67234802246094,250.0,2.1360853035087835,33.247334265350524,9592.880705323849,512.3186329737619,543.5663286423003
1,"[7, 8, 9, 12, 13, 15, 17]","Q2-010,Q2-011,Q2-014,Q2-019,Q2-021,Q2-023,Q2-024",3072.8026695877907,9049.314376681548,2337.984036614029,109.2383853,23.0645473,252.67234802246094,552.6723480224609,300.0,2.1405308335049256,33.108411452971076,9609.547371990515,524.8186329737619,560.2329953089669
1,"[7, 8, 9, 12, 13, 15, 17]","Q2-010,Q2-011,Q2-014,Q2-019,Q2-021,Q2-023,Q2-024",3072.8026695877907,9049.314376681548,2346.4779150508666,109.2383003,23.0661338,222.2758026123047,472.2758026123047,250.0,2.1407971987558163,33.10008753888074,9594.353781436164,516.3247545369243,545.0394047546164
1,"[7, 8, 9, 12, 13, 15, 17]","Q2-010,Q2-011,Q2-014,Q2-019,Q2-021,Q2-023,Q2-024",3072.8026695877907,9049.314376681548,2346.329388233479,109.2380317,23.0665178,212.4075469970703,462.4075469970703,250.0,2.1415908780785267,33.07528506004604,9593.679953618948,516.4732813543113,544.3655769374004
1,"[2, 3, 4, 7, 8, 11, 14]","Q2-002,Q2-005,Q2-006,Q2-012,Q2-019,Q2-021,Q2-022",660.2162961558483,7335.541873170331,36.73021882485341,109.2183003,23.0461338,314.61212158203125,614.6121215820312,300.0,2.2785421051361032,28.79555921449678,7789.603960633162,413.48607733099493,454.06208746283085
1,"[8, 10, 12, 13, 14, 17, 18]","Q2-009,Q2-011,Q2-012,Q2-014,Q2-021,Q2-023,Q2-025",4074.867035043299,10634.438145894339,3380.5501464710633,109.2023786,23.0494548,473.51116943359375,623.5111694335938,150.0,2.2877955471972213,28.506389150086843,11160.072631919375,484.3168885722355,525.634486025035
1,"[3, 7, 10, 11, 12, 13, 14]","Q2-002,Q2-009,Q2-011,Q2-012,Q2-019,Q2-022,Q2-023",665.8377548840872,7418.107909908786,28.625165431708353,109.2026722,23.036099,413.75677490234375,713.7567749023438,300.0,2.303802070750632,28.00618528904275,7894.15856393636,427.21258945237884,476.0506540275742
1,"[4, 7, 8, 9, 12, 13, 15]","Q2-006,Q2-010,Q2-011,Q2-019,Q2-021,Q2-023,Q2-024",1766.9535991150958,8342.59355138891,1044.634966141334,109.2383853,23.0645473,252.67234802246094,502.67234802246094,250.0,2.319152267313801,27.526491646443716,8886.159880031211,512.3186329737619,543.5663286423003
1,"[4, 7, 8, 9, 12, 13, 15]","Q2-006,Q2-010,Q2-011,Q2-019,Q2-021,Q2-023,Q2-024",1766.9535991150958,8342.59355138891,1032.134966141334,109.2383853,23.0645473,252.67234802246094,552.6723480224609,300.0,2.323597797309943,27.38756883406429,8902.826546697877,524.8186329737619,560.2329953089669
1,"[4, 7, 8, 9, 12, 13, 15]","Q2-006,Q2-010,Q2-011,Q2-019,Q2-021,Q2-023,Q2-024",1766.9535991150958,8342.59355138891,1040.6288445781715,109.2383003,23.0661338,222.2758026123047,472.2758026123047,250.0,2.3238641625608336,27.379244919973956,8887.632956143527,516.3247545369243,545.0394047546164
1,"[4, 7, 8, 9, 12, 13, 15]","Q2-006,Q2-010,Q2-011,Q2-019,Q2-021,Q2-023,Q2-024",1766.9535991150958,8342.59355138891,1040.4803177607846,109.2380317,23.0665178,212.4075469970703,462.4075469970703,250.0,2.324657841883544,27.35444244113926,8886.95912832631,516.4732813543113,544.3655769374004
1,"[4, 5, 8, 9, 12, 13, 15]","Q2-003,Q2-006,Q2-010,Q2-011,Q2-021,Q2-023,Q2-024",1766.9535991150958,8342.59355138891,998.5234432401758,109.268284,23.0597292,231.11607360839844,531.1160736083984,300.0,2.346598260592118,26.668804356496324,8934.641713397865,558.43015587492,592.0481620089532
1,"[4, 5, 8, 9, 12, 13, 15]","Q2-003,Q2-006,Q2-010,Q2-011,Q2-021,Q2-023,Q2-024",1766.9535991150958,8342.59355138891,990.6561535693303,109.2682243,23.0601472,253.1918182373047,553.1918182373047,300.0,2.3500613652578517,26.56058233569214,8944.348648454452,566.2974455457655,601.7550970655409
1,"[4, 5, 8, 9, 12, 13, 15]","Q2-003,Q2-006,Q2-010,Q2-011,Q2-021,Q2-023,Q2-024",1766.9535991150958,8342.59355138891,988.7568522851358,109.2685519,23.0603271,251.388671875,551.388671875,300.0,2.351402491464134,26.518672141745814,8946.097687541787,568.19674682996,603.5041361528766
1,"[5, 8, 9, 12, 13, 15, 16]","Q2-003,Q2-010,Q2-011,Q2-013,Q2-021,Q2-023,Q2-024",2792.8587839561833,9520.859726050387,2024.428628081263,109.268284,23.0597292,231.11607360839844,531.1160736083984,300.0,2.3931530074816814,25.21396851619746,10112.90788805934,558.43015587492,592.0481620089532
1,"[5, 8, 9, 12, 13, 15, 16]","Q2-003,Q2-010,Q2-011,Q2-013,Q2-021,Q2-023,Q2-024",2792.8587839561833,9520.859726050387,2016.5613384104176,109.2682243,23.0601472,253.1918182373047,553.1918182373047,300.0,2.396616112147415,25.105746495393277,10122.614823115928,566.2974455457655,601.7550970655409
1,"[5, 8, 9, 12, 13, 15, 16]","Q2-003,Q2-010,Q2-011,Q2-013,Q2-021,Q2-023,Q2-024",2792.8587839561833,9520.859726050387,2014.6620371262234,109.2685519,23.0603271,251.388671875,551.388671875,300.0,2.3979572383536976,25.06383630144695,10124.363862203263,568.19674682996,603.5041361528766
1,"[4, 7, 8, 12, 13, 14, 17]","Q2-006,Q2-011,Q2-012,Q2-014,Q2-019,Q2-021,Q2-023",1766.9535991150958,9049.314376681548,1034.9628859923484,109.205253,23.0563957,383.214111328125,633.214111328125,250.0,2.532030252210907,20.874054618409154,9613.431265748306,521.9907131227474,564.1168890667577
1,"[4, 7, 8, 12, 13, 14, 17]","Q2-006,Q2-011,Q2-012,Q2-014,Q2-019,Q2-021,Q2-023",1766.9535991150958,9049.314376681548,1022.4628859923484,109.205253,23.0563957,383.214111328125,683.214111328125,300.0,2.536475782207049,20.735131806029717,9630.097932414972,534.4907131227474,580.7835557334244
1,"[8, 10, 11, 12, 13, 14]","Q2-009,Q2-011,Q2-012,Q2-021,Q2-022,Q2-023",4074.867035043299,7418.107909908786,3393.8331984994797,109.205253,23.0463957,438.9472351074219,688.9472351074219,250.0,1.2919079467717838,59.62787666338176,7935.912349378224,471.0338365438192,517.8044394694376
1,"[8, 10, 11, 12, 13, 14]","Q2-009,Q2-011,Q2-012,Q2-021,Q2-022,Q2-023",4074.867035043299,7418.107909908786,3381.3331984994797,109.205253,23.0463957,438.9472351074219,738.9472351074219,300.0,1.2963534767679257,59.48895385100232,7952.57901604489,483.5338365438192,534.4711061361044
1,"[8, 10, 11, 12, 13, 14]","Q2-009,Q2-011,Q2-012,Q2-021,Q2-022,Q2-023",4074.867035043299,7418.107909908786,3355.5501464710633,109.2023786,23.0494548,473.51116943359375,723.5111694335938,250.0,1.3139190350828085,58.940030153662235,7977.075729267154,509.3168885722355,558.9678193583683
1,"[7, 10, 11, 12, 13, 14]","Q2-009,Q2-011,Q2-012,Q2-019,Q2-022,Q2-023",3072.8026695877907,7418.107909908786,2435.590080135412,109.2026722,23.036099,413.75677490234375,713.7567749023438,300.0,1.5683405690356114,50.989357217637156,7894.15856393636,427.21258945237884,476.0506540275742
1,"[7, 8, 10, 11, 12, 14]","Q2-009,Q2-012,Q2-019,Q2-021,Q2-022,Q2-023",3072.8026695877907,7335.541873170331,2391.7688330439714,109.205253,23.0463957,438.9472351074219,688.9472351074219,250.0,1.5728657694353276,50.84794470514602,7853.346312639769,471.0338365438192,517.8044394694376
1,"[7, 8, 10, 11, 12, 14]","Q2-009,Q2-012,Q2-019,Q2-021,Q2-022,Q2-023",3072.8026695877907,7335.541873170331,2379.2688330439714,109.205253,23.0463957,438.9472351074219,738.9472351074219,300.0,1.5773112994314697,50.70902189276657,7870.012979306435,483.5338365438192,534.4711061361044
1,"[10, 11, 12, 13, 14, 17]","Q2-009,Q2-011,Q2-012,Q2-014,Q2-022,Q2-023",4670.739025609486,9049.314376681548,4033.526436157107,109.2026722,23.036099,413.75677490234375,713.7567749023438,300.0,1.5785064362095487,50.671673868451606,9525.365030709123,427.21258945237884,476.0506540275742
1,"[7, 10, 11, 12, 13, 14]","Q2-009,Q2-011,Q2-012,Q2-019,Q2-022,Q2-023",3072.8026695877907,7418.107909908786,2406.933438003097,109.2028191,23.0394186,507.341552734375,757.341552734375,250.0,1.5835626704609682,50.51366654809475,7926.44727088801,455.8692315846937,508.3393609792249
1,"[7, 10, 11, 12, 13, 14]","Q2-009,Q2-011,Q2-012,Q2-019,Q2-022,Q2-023",3072.8026695877907,7418.107909908786,2405.0415148129,109.2023786,23.0394548,506.3517150878906,756.3517150878906,250.0,1.5848414911753768,50.47370340076947,7928.256707607667,457.7611547748905,510.14879769888137
1,"[7, 10, 11, 12, 13, 14]","Q2-009,Q2-011,Q2-012,Q2-019,Q2-022,Q2-023",3072.8026695877907,7418.107909908786,2405.184886273157,109.2016151,23.0389821,502.75048828125,752.75048828125,250.0,1.585004901454881,50.468596829534974,7927.813233913523,457.6177833146334,509.7053240047376
1,"[10, 11, 12, 13, 14, 17]","Q2-009,Q2-011,Q2-012,Q2-014,Q2-022,Q2-023",4670.739025609486,9049.314376681548,4004.869794024792,109.2028191,23.0394186,507.341552734375,757.341552734375,250.0,1.5937285376349055,50.19598319890921,9557.653737660774,455.8692315846937,508.3393609792249
1,"[7, 8, 10, 11, 12, 14]","Q2-009,Q2-012,Q2-019,Q2-021,Q2-022,Q2-023",3072.8026695877907,7335.541873170331,2353.4857810155554,109.2023786,23.0494548,473.51116943359375,723.5111694335938,250.0,1.5948768577463526,50.160098195426485,7894.5096925287,509.3168885722355,558.9678193583683
1,"[10, 11, 12, 13, 14, 17]","Q2-009,Q2-011,Q2-012,Q2-014,Q2-022,Q2-023",4670.739025609486,9049.314376681548,4002.9778708345953,109.2023786,23.0394548,506.3517150878906,756.3517150878906,250.0,1.595007358349314,50.15602005158394,9559.46317438043,457.7611547748905,510.14879769888137
1,"[10, 11, 12, 13, 14, 17]","Q2-009,Q2-011,Q2-012,Q2-014,Q2-022,Q2-023",4670.739025609486,9049.314376681548,4003.1212422948524,109.2016151,23.0389821,502.75048828125,752.75048828125,250.0,1.5951707686288183,50.15091348034944,9559.019700686285,457.6177833146334,509.7053240047376
1,"[7, 8, 10, 12, 13, 14]","Q2-009,Q2-011,Q2-012,Q2-019,Q2-021,Q2-023",3072.8026695877907,7418.107909908786,2378.4857810155554,109.2023786,23.0494548,473.51116943359375,623.5111694335938,150.0,1.6112143089797075,49.64955284438415,7943.74239593382,484.3168885722355,525.634486025035
1,"[11, 12, 13, 14, 17, 18]","Q2-011,Q2-012,Q2-014,Q2-022,Q2-023,Q2-025",5603.283106471228,10634.438145894339,4966.070517018849,109.2026722,23.036099,413.75677490234375,713.7567749023438,300.0,1.7779057854279245,44.44044420537736,11110.488799921914,427.21258945237884,476.0506540275742
1,"[11, 12, 13, 14, 17, 18]","Q2-011,Q2-012,Q2-014,Q2-022,Q2-023,Q2-025",5603.283106471228,10634.438145894339,4937.413874886534,109.2028191,23.0394186,507.341552734375,757.341552734375,250.0,1.7931278868532814,43.96475353583496,11142.777506873565,455.8692315846937,508.3393609792249
1,"[11, 12, 13, 14, 17, 18]","Q2-011,Q2-012,Q2-014,Q2-022,Q2-023,Q2-025",5603.283106471228,10634.438145894339,4935.521951696338,109.2023786,23.0394548,506.3517150878906,756.3517150878906,250.0,1.79440670756769,43.92479038850969,11144.58694359322,457.7611547748905,510.14879769888137
1,"[11, 12, 13, 14, 17, 18]","Q2-011,Q2-012,Q2-014,Q2-022,Q2-023,Q2-025",5603.283106471228,10634.438145894339,4935.665323156595,109.2016151,23.0389821,502.75048828125,752.75048828125,250.0,1.7945701178471942,43.91968381727518,11144.143469899076,457.6177833146334,509.7053240047376
1,"[8, 10, 12, 13, 14, 17]","Q2-009,Q2-011,Q2-012,Q2-014,Q2-021,Q2-023",4074.867035043299,9049.314376681548,3380.5501464710633,109.2023786,23.0494548,473.51116943359375,623.5111694335938,150.0,1.8034521732710909,43.642119585278415,9574.948862706584,484.3168885722355,525.634486025035
1,"[8, 9, 12, 13, 15, 17]","Q2-010,Q2-011,Q2-014,Q2-021,Q2-023,Q2-024",4074.867035043299,9049.314376681548,3352.548402069537,109.2383853,23.0645473,252.67234802246094,502.67234802246094,250.0,1.8298989696196004,42.81565719938749,9592.880705323849,512.3186329737619,543.5663286423003
1,"[8, 9, 12, 13, 15, 17]","Q2-010,Q2-011,Q2-014,Q2-021,Q2-023,Q2-024",4074.867035043299,9049.314376681548,3340.048402069537,109.2383853,23.0645473,252.67234802246094,552.6723480224609,300.0,1.8343444996157423,42.676734387008054,9609.547371990515,524.8186329737619,560.2329953089669
1,"[8, 9, 12, 13, 15, 17]","Q2-010,Q2-011,Q2-014,Q2-021,Q2-023,Q2-024",4074.867035043299,9049.314376681548,3348.5422805063745,109.2383003,23.0661338,222.2758026123047,472.2758026123047,250.0,1.8346108648666333,42.668410472917714,9594.353781436164,516.3247545369243,545.0394047546164
1,"[8, 9, 12, 13, 15, 17]","Q2-010,Q2-011,Q2-014,Q2-021,Q2-023,Q2-024",4074.867035043299,9049.314376681548,3348.3937536889875,109.2380317,23.0665178,212.4075469970703,462.4075469970703,250.0,1.8354045441893434,42.64360799408302,9593.679953618948,516.4732813543113,544.3655769374004
1,"[4, 7, 8, 10, 11, 12]","Q2-006,Q2-009,Q2-019,Q2-021,Q2-022,Q2-023",1766.9535991150958,7064.370293138523,1085.9197625712766,109.205253,23.0463957,438.9472351074219,688.9472351074219,250.0,1.8890172248478212,40.96821172350559,7582.174732607961,471.0338365438192,517.8044394694376
1,"[4, 7, 8, 10, 11, 12]","Q2-006,Q2-009,Q2-019,Q2-021,Q2-022,Q2-023",1766.9535991150958,7064.370293138523,1073.4197625712766,109.205253,23.0463957,438.9472351074219,738.9472351074219,300.0,1.893462754843963,40.82928891112616,7598.841399274627,483.5338365438192,534.4711061361044
1,"[4, 7, 8, 10, 11, 12]","Q2-006,Q2-009,Q2-019,Q2-021,Q2-022,Q2-023",1766.9535991150958,7064.370293138523,1047.6367105428603,109.2023786,23.0494548,473.51116943359375,723.5111694335938,250.0,1.911028313158846,40.28036521378608,7623.338112496892,509.3168885722355,558.9678193583683
1,"[7, 8, 9, 12, 13, 15]","Q2-010,Q2-011,Q2-019,Q2-021,Q2-023,Q2-024",3072.8026695877907,8342.59355138891,2350.484036614029,109.2383853,23.0645473,252.67234802246094,502.67234802246094,250.0,1.920142829113811,39.99553659019342,8886.159880031211,512.3186329737619,543.5663286423003
1,"[7, 8, 9, 12, 13, 15]","Q2-010,Q2-011,Q2-019,Q2-021,Q2-023,Q2-024",3072.8026695877907,8342.59355138891,2337.984036614029,109.2383853,23.0645473,252.67234802246094,552.6723480224609,300.0,1.9245883591099529,39.856613777813976,8902.826546697877,524.8186329737619,560.2329953089669
1,"[7, 8, 9, 12, 13, 15]","Q2-010,Q2-011,Q2-019,Q2-021,Q2-023,Q2-024",3072.8026695877907,8342.59355138891,2346.4779150508666,109.2383003,23.0661338,222.2758026123047,472.2758026123047,250.0,1.9248547243608438,39.84828986372363,8887.632956143527,516.3247545369243,545.0394047546164
1,"[7, 8, 9, 12, 13, 15]","Q2-010,Q2-011,Q2-019,Q2-021,Q2-023,Q2-024",3072.8026695877907,8342.59355138891,2346.329388233479,109.2380317,23.0665178,212.4075469970703,462.4075469970703,250.0,1.925648403683554,39.82348738488894,8886.95912832631,516.4732813543113,544.3655769374004
1,"[2, 3, 4, 7, 8, 11]","Q2-002,Q2-005,Q2-006,Q2-019,Q2-021,Q2-022",660.2162961558483,6224.673557074716,36.73021882485341,109.2183003,23.0461338,314.61212158203125,614.6121215820312,300.0,1.939110119662443,39.40280876054866,6678.735644537547,413.48607733099493,454.06208746283085
1,"[4, 7, 8, 10, 12, 14]","Q2-006,Q2-009,Q2-012,Q2-019,Q2-021,Q2-023",1766.9535991150958,7335.541873170331,1072.6367105428603,109.2023786,23.0494548,473.51116943359375,623.5111694335938,150.0,1.9849952359540586,37.968898876435674,7861.176359195366,484.3168885722355,525.634486025035
1,"[8, 9, 12, 13, 15, 16]","Q2-010,Q2-011,Q2-013,Q2-021,Q2-023,Q2-024",4074.867035043299,9520.859726050387,3306.436879168379,109.268284,23.0597292,231.11607360839844,531.1160736083984,300.0,2.0014282640939514,37.45536674706402,10112.90788805934,558.43015587492,592.0481620089532
1,"[8, 9, 12, 13, 15, 16]","Q2-010,Q2-011,Q2-013,Q2-021,Q2-023,Q2-024",4074.867035043299,9520.859726050387,3298.5695894975333,109.2682243,23.0601472,253.1918182373047,553.1918182373047,300.0,2.004891368759685,37.34714472625984,10122.614823115928,566.2974455457655,601.7550970655409
1,"[8, 9, 12, 13, 15, 16]","Q2-010,Q2-011,Q2-013,Q2-021,Q2-023,Q2-024",4074.867035043299,9520.859726050387,3296.670288213339,109.2685519,23.0603271,251.388671875,551.388671875,300.0,2.0062324949659676,37.30523453231351,10124.363862203263,568.19674682996,603.5041361528766
1,"[5, 8, 9, 12, 13, 15]","Q2-003,Q2-010,Q2-011,Q2-021,Q2-023,Q2-024",2792.8587839561833,8342.59355138891,2024.428628081263,109.268284,23.0597292,231.11607360839844,531.1160736083984,300.0,2.0331272318906746,36.46477400341642,8934.641713397865,558.43015587492,592.0481620089532
1,"[4, 7, 8, 12, 13, 14]","Q2-006,Q2-011,Q2-012,Q2-019,Q2-021,Q2-023",1766.9535991150958,7418.107909908786,1034.9628859923484,109.205253,23.0563957,383.214111328125,633.214111328125,250.0,2.033606054030341,36.449810811551856,7982.224798975543,521.9907131227474,564.1168890667577
1,"[5, 8, 9, 12, 13, 15]","Q2-003,Q2-010,Q2-011,Q2-021,Q2-023,Q2-024",2792.8587839561833,8342.59355138891,2016.5613384104176,109.2682243,23.0601472,253.1918182373047,553.1918182373047,300.0,2.036590336556408,36.35655198261225,8944.348648454452,566.2974455457655,601.7550970655409
1,"[4, 7, 8, 9, 12, 13]","Q2-006,Q2-010,Q2-011,Q2-019,Q2-021,Q2-023",1766.9535991150958,7418.107909908786,1044.634966141334,109.2383853,23.0645473,252.67234802246094,502.67234802246094,250.0,2.0366705435282073,36.354045514743525,7961.674238551086,512.3186329737619,543.5663286423003
1,"[5, 8, 9, 12, 13, 15]","Q2-003,Q2-010,Q2-011,Q2-021,Q2-023,Q2-024",2792.8587839561833,8342.59355138891,2014.6620371262234,109.2685519,23.0603271,251.388671875,551.388671875,300.0,2.0379314627626903,36.31464178866594,8946.097687541787,568.19674682996,603.5041361528766
1,"[4, 7, 8, 12, 13, 14]","Q2-006,Q2-011,Q2-012,Q2-019,Q2-021,Q2-023",1766.9535991150958,7418.107909908786,1022.4628859923484,109.205253,23.0563957,383.214111328125,683.214111328125,300.0,2.0380515840264826,36.31088799917242,7998.89146564221,534.4907131227474,580.7835557334244
1,"[4, 7, 8, 9, 12, 13]","Q2-006,Q2-010,Q2-011,Q2-019,Q2-021,Q2-023",1766.9535991150958,7418.107909908786,1032.134966141334,109.2383853,23.0645473,252.67234802246094,552.6723480224609,300.0,2.041116073524349,36.2151227023641,7978.340905217752,524.8186329737619,560.2329953089669
1,"[4, 7, 8, 9, 12, 13]","Q2-006,Q2-010,Q2-011,Q2-019,Q2-021,Q2-023",1766.9535991150958,7418.107909908786,1040.6288445781715,109.2383003,23.0661338,222.2758026123047,472.2758026123047,250.0,2.0413824387752397,36.206798788273765,7963.147314663402,516.3247545369243,545.0394047546164
1,"[4, 7, 8, 9, 12, 13]","Q2-006,Q2-010,Q2-011,Q2-019,Q2-021,Q2-023",1766.9535991150958,7418.107909908786,1040.4803177607846,109.2380317,23.0665178,212.4075469970703,462.4075469970703,250.0,2.04217611809795,36.18199630943907,7962.473486846186,516.4732813543113,544.3655769374004
1,"[4, 7, 8, 12, 13, 14]","Q2-006,Q2-011,Q2-012,Q2-019,Q2-021,Q2-023",1766.9535991150958,7418.107909908786,979.3663683643729,109.2023786,23.0594548,439.31622314453125,739.3162231445312,300.0,2.0616127887366593,35.5746003519794,8046.663159254886,577.5872307507229,628.5552493461005
1,"[7, 11, 12, 13, 14, 17]","Q2-011,Q2-012,Q2-014,Q2-019,Q2-022,Q2-023",3072.8026695877907,9049.314376681548,2448.090080135412,109.2026722,23.036099,413.75677490234375,663.7567749023438,250.0,2.0623192372200356,35.552523836873895,9508.698364042455,414.71258945237884,459.38398736090744
1,"[4, 5, 8, 9, 12, 13]","Q2-003,Q2-006,Q2-010,Q2-011,Q2-021,Q2-023",1766.9535991150958,7418.107909908786,998.5234432401758,109.268284,23.0597292,231.11607360839844,531.1160736083984,300.0,2.064116536806524,35.49635822479613,8010.156071917739,558.43015587492,592.0481620089532
1,"[4, 5, 8, 9, 12, 13]","Q2-003,Q2-006,Q2-010,Q2-011,Q2-021,Q2-023",1766.9535991150958,7418.107909908786,990.6561535693303,109.2682243,23.0601472,253.1918182373047,553.1918182373047,300.0,2.067579641472258,35.38813620399195,8019.863006974327,566.2974455457655,601.7550970655409
1,"[4, 5, 8, 9, 12, 13]","Q2-003,Q2-006,Q2-010,Q2-011,Q2-021,Q2-023",1766.9535991150958,7418.107909908786,988.7568522851358,109.2685519,23.0603271,251.388671875,551.388671875,300.0,2.06892076767854,35.346226010045626,8021.612046061662,568.19674682996,603.5041361528766
1,"[7, 11, 12, 13, 14, 17]","Q2-011,Q2-012,Q2-014,Q2-019,Q2-022,Q2-023",3072.8026695877907,9049.314376681548,2431.933438003097,109.2028191,23.0394186,507.341552734375,657.341552734375,150.0,2.0730958086492506,35.21575597971093,9524.32040432744,430.8692315846937,475.0060276458916
1,"[7, 11, 12, 13, 14, 17]","Q2-011,Q2-012,Q2-014,Q2-019,Q2-022,Q2-023",3072.8026695877907,9049.314376681548,2430.0415148129,109.2023786,23.0394548,506.3517150878906,656.3517150878906,150.0,2.074374629363659,35.17579283238565,9526.129841047095,432.7611547748905,476.815464365548
1,"[7, 11, 12, 13, 14, 17]","Q2-011,Q2-012,Q2-014,Q2-019,Q2-022,Q2-023",3072.8026695877907,9049.314376681548,2430.184886273157,109.2016151,23.0389821,502.75048828125,652.75048828125,150.0,2.0745380396431634,35.170686261151154,9525.686367352953,432.6177833146334,476.3719906714042
1,"[10, 12, 13, 14, 17, 18]","Q2-009,Q2-011,Q2-012,Q2-014,Q2-023,Q2-025",4670.739025609486,10634.438145894339,3976.4221370372506,109.2023786,23.0494548,473.51116943359375,623.5111694335938,150.0,2.1057235500797753,34.19613906000703,11160.072631919375,484.3168885722355,525.634486025035
1,"[7, 8, 12, 13, 14, 17]","Q2-011,Q2-012,Q2-014,Q2-019,Q2-021,Q2-023",3072.8026695877907,9049.314376681548,2340.8119564650433,109.205253,23.0563957,383.214111328125,633.214111328125,250.0,2.133020814010917,33.34309956215885,9613.431265748306,521.9907131227474,564.1168890667577
1,"[7, 8, 12, 13, 14, 17]","Q2-011,Q2-012,Q2-014,Q2-019,Q2-021,Q2-023",3072.8026695877907,9049.314376681548,2328.3119564650433,109.205253,23.0563957,383.214111328125,683.214111328125,300.0,2.137466344007059,33.2041767497794,9630.097932414972,534.4907131227474,580.7835557334244
1,"[7, 9, 12, 13, 15, 17]","Q2-010,Q2-011,Q2-014,Q2-019,Q2-023,Q2-024",3072.8026695877907,9049.314376681548,2322.3081920317704,109.2248889,23.0711119,276.273193359375,426.273193359375,150.0,2.1594964856314434,32.51573482401739,9614.689953684183,540.4944775560203,565.3755770026348
1,"[7, 8, 12, 13, 14, 17]","Q2-011,Q2-012,Q2-014,Q2-019,Q2-021,Q2-023",3072.8026695877907,9049.314376681548,2285.2154388370677,109.2023786,23.0594548,439.31622314453125,739.3162231445312,300.0,2.161027548717236,32.467889102586376,9677.869626027648,577.5872307507229,628.5552493461005
1,"[7, 9, 12, 13, 15, 17]","Q2-010,Q2-011,Q2-014,Q2-019,Q2-023,Q2-024",3072.8026695877907,9049.314376681548,2251.7191044036367,109.2280317,23.0765178,303.9831848144531,553.9831848144531,250.0,2.1955517177150874,31.389008821403518,9695.92154060024,611.0835651841539,646.6071639186918
1,"[7, 9, 12, 13, 15, 17]","Q2-010,Q2-011,Q2-014,Q2-019,Q2-023,Q2-024",3072.8026695877907,9049.314376681548,2238.3043765365355,109.2281714,23.0778414,318.5617370605469,568.5617370605469,250.0,2.2030899073615244,31.15344039495237,9710.551147821183,624.4982930512552,661.2367711396341
1,"[2, 4, 7, 8, 11, 14]","Q2-005,Q2-006,Q2-012,Q2-019,Q2-021,Q2-022",660.2162961558483,7335.541873170331,55.07286604367425,109.2183853,23.0445473,336.8330078125,586.8330078125,250.0,2.2687902757472496,29.10030388289846,7768.94638726688,395.1434301121741,433.40451409654906
1,"[2, 4, 7, 8, 11, 14]","Q2-005,Q2-006,Q2-012,Q2-019,Q2-021,Q2-022",660.2162961558483,7335.541873170331,42.57286604367425,109.2183853,23.0445473,336.8330078125,636.8330078125,300.0,2.2732358057433917,28.96138107051901,7785.613053933547,407.6434301121741,450.0711807632158
1,"[3, 4, 7, 8, 11, 14]","Q2-002,Q2-006,Q2-012,Q2-019,Q2-021,Q2-022",665.8377548840872,7335.541873170331,42.35167755309226,109.2183003,23.0461338,314.61212158203125,614.6121215820312,300.0,2.276824437191364,28.84923633776988,7789.603960633162,413.48607733099493,454.06208746283085
1,"[3, 7, 10, 11, 12, 14]","Q2-002,Q2-009,Q2-012,Q2-019,Q2-022,Q2-023",665.8377548840872,7335.541873170331,28.625165431708353,109.2026722,23.036099,413.75677490234375,713.7567749023438,300.0,2.2785735595249936,28.79457626484395,7811.592527197905,427.21258945237884,476.0506540275742
1,"[2, 4, 7, 8, 11, 14]","Q2-005,Q2-006,Q2-012,Q2-019,Q2-021,Q2-022",660.2162961558483,7335.541873170331,34.989741601394144,109.2117995,23.0440104,314.5347900390625,614.5347900390625,300.0,2.279659552667548,28.76063897913913,7791.337993561374,415.2265545544542,455.7961203910428
1,"[3, 7, 11, 12, 13, 14]","Q2-002,Q2-011,Q2-012,Q2-019,Q2-022,Q2-023",665.8377548840872,7418.107909908786,41.12516543170835,109.2026722,23.036099,413.75677490234375,663.7567749023438,250.0,2.29935654075449,28.14510810142219,7877.491897269693,414.71258945237884,459.38398736090744
1,"[3, 7, 11, 12, 13, 14]","Q2-002,Q2-011,Q2-012,Q2-019,Q2-022,Q2-023",665.8377548840872,7418.107909908786,24.968523299393496,109.2028191,23.0394186,507.341552734375,657.341552734375,150.0,2.310133112183705,27.80834024425922,7893.113937554677,430.8692315846937,475.0060276458916
1,"[4, 8, 9, 12, 13, 15]","Q2-006,Q2-010,Q2-011,Q2-021,Q2-023,Q2-024",1766.9535991150958,8342.59355138891,1051.5409141991818,109.248284,23.0597292,257.8302917480469,557.8302917480469,300.0,2.3108343103544913,27.786427801422153,8883.850427283829,505.41268491591404,541.2568758949179
1,"[3, 7, 11, 12, 13, 14]","Q2-002,Q2-011,Q2-012,Q2-019,Q2-022,Q2-023",665.8377548840872,7418.107909908786,23.076600109196704,109.2023786,23.0394548,506.3517150878906,656.3517150878906,150.0,2.3114119328981135,27.76837709693396,7894.923374274334,432.7611547748905,476.815464365548
1,"[3, 7, 11, 12, 13, 14]","Q2-002,Q2-011,Q2-012,Q2-019,Q2-022,Q2-023",665.8377548840872,7418.107909908786,23.219971569453776,109.2016151,23.0389821,502.75048828125,652.75048828125,150.0,2.311575343177618,27.763270525699447,7894.47990058019,432.6177833146334,476.3719906714042
1,"[4, 8, 9, 12, 13, 15]","Q2-006,Q2-010,Q2-011,Q2-021,Q2-023,Q2-024",1766.9535991150958,8342.59355138891,1044.9393555437114,109.2485519,23.0603271,265.1324462890625,565.1324462890625,300.0,2.3145348954194898,27.670784518140945,8891.060498817717,512.0142435713844,548.4669474288063
1,"[4, 8, 9, 12, 13, 15]","Q2-006,Q2-010,Q2-011,Q2-021,Q2-023,Q2-024",1766.9535991150958,8342.59355138891,1045.9004785853192,109.2475273,23.0617405,229.22308349609375,529.2230834960938,300.0,2.3164636448224587,27.610511099298172,8887.106928876696,511.05312052977655,544.5133774877844
1,"[4, 7, 8, 11, 14, 17]","Q2-006,Q2-012,Q2-014,Q2-019,Q2-021,Q2-022",1766.9535991150958,9049.314376681548,1161.8101690029216,109.2183853,23.0445473,336.8330078125,586.8330078125,250.0,2.454273253693685,23.303960822072355,9482.718890778098,395.1434301121741,433.40451409654906
1,"[4, 7, 8, 11, 14, 17]","Q2-006,Q2-012,Q2-014,Q2-019,Q2-021,Q2-022",1766.9535991150958,9049.314376681548,1149.3101690029216,109.2183853,23.0445473,336.8330078125,636.8330078125,300.0,2.458718783689827,23.165038009692907,9499.385557444764,407.6434301121741,450.0711807632158
1,"[4, 7, 8, 11, 14, 17]","Q2-006,Q2-012,Q2-014,Q2-019,Q2-021,Q2-022",1766.9535991150958,9049.314376681548,1143.4675217841009,109.2183003,23.0461338,314.61212158203125,614.6121215820312,300.0,2.4640250830825385,22.999216153670677,9503.37646414438,413.48607733099493,454.06208746283085
1,"[4, 7, 8, 10, 14, 17]","Q2-006,Q2-009,Q2-012,Q2-014,Q2-019,Q2-021",1766.9535991150958,9049.314376681548,1110.9197625712766,109.205253,23.0463957,438.9472351074219,588.9472351074219,150.0,2.4866368570492394,22.292598217211268,9533.785482817653,446.0338365438192,484.47110613610437
1,"[4, 7, 8, 12, 13, 17]","Q2-006,Q2-011,Q2-014,Q2-019,Q2-021,Q2-023",1766.9535991150958,9049.314376681548,1070.4999690213826,109.2117995,23.0540104,327.6148681640625,627.6148681640625,300.0,2.5097224962122313,21.571171993367777,9577.427579122266,486.4536300937132,528.1132024407184
1,"[4, 7, 8, 12, 13, 17]","Q2-006,Q2-011,Q2-014,Q2-019,Q2-021,Q2-023",1766.9535991150958,9049.314376681548,1070.4997237158268,109.2117994,23.0540104,327.6148681640625,627.6148681640625,300.0,2.5097226529352255,21.571167095774214,9577.427824427823,486.4538753992689,528.1134477462741
1,"[7, 10, 11, 14, 17, 18]","Q2-009,Q2-012,Q2-014,Q2-019,Q2-022,Q2-025",3072.8026695877907,10634.438145894339,2492.004049730927,109.2018354,23.0189641,460.4661560058594,760.4661560058594,300.0,2.5117583157370778,21.50755263321632,11057.967278751692,370.7986198568639,423.52913285735224
1,"[7, 10, 11, 14, 17, 18]","Q2-009,Q2-012,Q2-014,Q2-019,Q2-022,Q2-025",3072.8026695877907,10634.438145894339,2488.9875969027357,109.2016151,23.0189821,466.7370300292969,766.7370300292969,300.0,2.513241443170032,21.461204900936504,11061.506304415168,373.8150726850548,427.06815852082957
1,"[4, 7, 8, 9, 15, 17]","Q2-006,Q2-010,Q2-014,Q2-019,Q2-021,Q2-024",1766.9535991150958,9049.314376681548,1085.4233092297818,109.2375273,23.0617405,343.19439697265625,393.19439697265625,50.0,2.5141368558412642,21.4332232549605,9542.969199647918,471.5302898853139,493.6548229663686
1,"[7, 10, 11, 14, 17, 18]","Q2-009,Q2-012,Q2-014,Q2-019,Q2-022,Q2-025",3072.8026695877907,10634.438145894339,2487.5703470515214,109.2026722,23.026099,399.3949890136719,699.3949890136719,300.0,2.51891550752602,21.283890389811877,11057.31171751508,375.2323225362691,422.8735716207418
1,"[4, 7, 8, 9, 15, 17]","Q2-006,Q2-010,Q2-014,Q2-019,Q2-021,Q2-024",1766.9535991150958,9049.314376681548,1068.359120590459,109.2375273,23.0617405,343.19439697265625,493.19439697265625,150.0,2.5206087921228546,21.2309752461608,9568.366721620572,488.5944785246368,519.0523449390248
1,"[7, 10, 11, 14, 17, 18]","Q2-009,Q2-012,Q2-014,Q2-019,Q2-022,Q2-025",3072.8026695877907,10634.438145894339,2487.3647196811708,109.2028191,23.0294186,344.7291259765625,644.7291259765625,300.0,2.522917859014242,21.158816905804944,11052.961856299005,375.4379499066197,418.52371040466653
1,"[4, 7, 8, 9, 15, 17]","Q2-006,Q2-010,Q2-014,Q2-019,Q2-021,Q2-024",1766.9535991150958,9049.314376681548,1043.359120590459,109.2375273,23.0617405,343.19439697265625,593.1943969726562,250.0,2.529499852115139,20.95312962140191,9601.700054953906,513.5944785246369,552.3856782723582
1,"[4, 7, 8, 9, 15, 17]","Q2-006,Q2-010,Q2-014,Q2-019,Q2-021,Q2-024",1766.9535991150958,9049.314376681548,1056.6263602402598,109.2283853,23.0645473,216.0124969482422,466.0124969482422,250.0,2.5300295167845013,20.93657760048434,9577.834323635405,500.3272388748359,528.5199469538561
1,"[4, 7, 8, 12, 13, 17]","Q2-006,Q2-011,Q2-014,Q2-019,Q2-021,Q2-023",1766.9535991150958,9049.314376681548,1042.1909309837843,109.2183853,23.0645473,190.6529541015625,490.6529541015625,300.0,2.5375073213975803,20.702896206325615,9594.323124321323,514.7626681313114,545.008747639775
1,"[10, 11, 12, 13, 14]","Q2-009,Q2-011,Q2-012,Q2-022,Q2-023",4670.739025609486,7418.107909908786,4033.526436157107,109.2026722,23.036099,413.75677490234375,713.7567749023438,300.0,1.0800822380289823,66.2474300615943,7894.15856393636,427.21258945237884,476.0506540275742
1,"[10, 11, 12, 13, 14]","Q2-009,Q2-011,Q2-012,Q2-022,Q2-023",4670.739025609486,7418.107909908786,4004.869794024792,109.2028191,23.0394186,507.341552734375,757.341552734375,250.0,1.0953043394543391,65.7717393920519,7926.44727088801,455.8692315846937,508.3393609792249
1,"[10, 11, 12, 13, 14]","Q2-009,Q2-011,Q2-012,Q2-022,Q2-023",4670.739025609486,7418.107909908786,4002.9778708345953,109.2023786,23.0394548,506.3517150878906,756.3517150878906,250.0,1.0965831601687477,65.73177624472663,7928.256707607667,457.7611547748905,510.14879769888137
1,"[10, 11, 12, 13, 14]","Q2-009,Q2-011,Q2-012,Q2-022,Q2-023",4670.739025609486,7418.107909908786,4003.1212422948524,109.2016151,23.0389821,502.75048828125,752.75048828125,250.0,1.096746570448252,65.72666967349213,7927.813233913523,457.6177833146334,509.7053240047376
1,"[8, 10, 11, 12, 14]","Q2-009,Q2-012,Q2-021,Q2-022,Q2-023",4074.867035043299,7335.541873170331,3393.8331984994797,109.205253,23.0463957,438.9472351074219,688.9472351074219,250.0,1.2666794355461448,60.416267639182976,7853.346312639769,471.0338365438192,517.8044394694376
1,"[8, 10, 11, 12, 14]","Q2-009,Q2-012,Q2-021,Q2-022,Q2-023",4074.867035043299,7335.541873170331,3381.3331984994797,109.205253,23.0463957,438.9472351074219,738.9472351074219,300.0,1.2711249655422867,60.277344826803535,7870.012979306435,483.5338365438192,534.4711061361044
1,"[8, 10, 11, 12, 14]","Q2-009,Q2-012,Q2-021,Q2-022,Q2-023",4074.867035043299,7335.541873170331,3355.5501464710633,109.2023786,23.0494548,473.51116943359375,723.5111694335938,250.0,1.2886905238571695,59.72842112946346,7894.5096925287,509.3168885722355,558.9678193583683
1,"[11, 12, 13, 14, 17]","Q2-011,Q2-012,Q2-014,Q2-022,Q2-023",5603.283106471228,9049.314376681548,4978.570517018849,109.2026722,23.036099,413.75677490234375,663.7567749023438,250.0,1.2891168815056522,59.71509745294837,9508.698364042455,414.71258945237884,459.38398736090744
1,"[11, 12, 13, 14, 17]","Q2-011,Q2-012,Q2-014,Q2-022,Q2-023",5603.283106471228,9049.314376681548,4966.070517018849,109.2026722,23.036099,413.75677490234375,713.7567749023438,300.0,1.293562411501794,59.57617464056894,9525.365030709123,427.21258945237884,476.0506540275742
1,"[11, 12, 13, 14, 17]","Q2-011,Q2-012,Q2-014,Q2-022,Q2-023",5603.283106471228,9049.314376681548,4962.413874886534,109.2028191,23.0394186,507.341552734375,657.341552734375,150.0,1.299893452934867,59.37832959578542,9524.32040432744,430.8692315846937,475.0060276458916
1,"[8, 10, 12, 13, 14]","Q2-009,Q2-011,Q2-012,Q2-021,Q2-023",4074.867035043299,7418.107909908786,3380.5501464710633,109.2023786,23.0494548,473.51116943359375,623.5111694335938,150.0,1.3050279750905247,59.2178757784211,7943.74239593382,484.3168885722355,525.634486025035
1,"[7, 8, 10, 11, 12]","Q2-009,Q2-019,Q2-021,Q2-022,Q2-023",3072.8026695877907,7064.370293138523,2391.7688330439714,109.205253,23.0463957,438.9472351074219,688.9472351074219,250.0,1.4900077866478312,53.43725666725527,7582.174732607961,471.0338365438192,517.8044394694376
1,"[7, 8, 10, 11, 12]","Q2-009,Q2-019,Q2-021,Q2-022,Q2-023",3072.8026695877907,7064.370293138523,2379.2688330439714,109.205253,23.0463957,438.9472351074219,738.9472351074219,300.0,1.494453316643973,53.29833385487584,7598.841399274627,483.5338365438192,534.4711061361044
1,"[7, 8, 10, 11, 12]","Q2-009,Q2-019,Q2-021,Q2-022,Q2-023",3072.8026695877907,7064.370293138523,2353.4857810155554,109.2023786,23.0494548,473.51116943359375,723.5111694335938,250.0,1.512018874958856,52.749410157535756,7623.338112496892,509.3168885722355,558.9678193583683
1,"[7, 10, 11, 12, 14]","Q2-009,Q2-012,Q2-019,Q2-022,Q2-023",3072.8026695877907,7335.541873170331,2435.590080135412,109.2026722,23.036099,413.75677490234375,713.7567749023438,300.0,1.5431120578099724,51.77774819343837,7811.592527197905,427.21258945237884,476.0506540275742
1,"[7, 10, 11, 12, 14]","Q2-009,Q2-012,Q2-019,Q2-022,Q2-023",3072.8026695877907,7335.541873170331,2406.933438003097,109.2028191,23.0394186,507.341552734375,757.341552734375,250.0,1.5583341592353293,51.30205752389596,7843.881234149556,455.8692315846937,508.3393609792249
1,"[7, 10, 11, 12, 14]","Q2-009,Q2-012,Q2-019,Q2-022,Q2-023",3072.8026695877907,7335.541873170331,2405.0415148129,109.2023786,23.0394548,506.3517150878906,756.3517150878906,250.0,1.5596129799497378,51.2620943765707,7845.690670869212,457.7611547748905,510.14879769888137
1,"[7, 10, 11, 12, 14]","Q2-009,Q2-012,Q2-019,Q2-022,Q2-023",3072.8026695877907,7335.541873170331,2405.184886273157,109.2016151,23.0389821,502.75048828125,752.75048828125,250.0,1.559776390229242,51.25698780533619,7845.247197175069,457.6177833146334,509.7053240047376
1,"[7, 11, 12, 13, 14]","Q2-011,Q2-012,Q2-019,Q2-022,Q2-023",3072.8026695877907,7418.107909908786,2448.090080135412,109.2026722,23.036099,413.75677490234375,663.7567749023438,250.0,1.5638950390394695,51.12828003001658,7877.491897269693,414.71258945237884,459.38398736090744
1,"[7, 11, 12, 13, 14]","Q2-011,Q2-012,Q2-019,Q2-022,Q2-023",3072.8026695877907,7418.107909908786,2431.933438003097,109.2028191,23.0394186,507.341552734375,657.341552734375,150.0,1.5746716104686844,50.791512172853615,7893.113937554677,430.8692315846937,475.0060276458916
1,"[7, 11, 12, 13, 14]","Q2-011,Q2-012,Q2-019,Q2-022,Q2-023",3072.8026695877907,7418.107909908786,2430.0415148129,109.2023786,23.0394548,506.3517150878906,656.3517150878906,150.0,1.5759504311830927,50.751549025528355,7894.923374274334,432.7611547748905,476.815464365548
1,"[7, 11, 12, 13, 14]","Q2-011,Q2-012,Q2-019,Q2-022,Q2-023",3072.8026695877907,7418.107909908786,2430.184886273157,109.2016151,23.0389821,502.75048828125,652.75048828125,150.0,1.576113841462597,50.74644245429385,7894.47990058019,432.6177833146334,476.3719906714042
1,"[2, 3, 4, 7, 8]","Q2-002,Q2-005,Q2-006,Q2-019,Q2-021",660.2162961558483,5047.061098334569,36.73021882485341,109.2183003,23.0461338,314.61212158203125,614.6121215820312,300.0,1.5792840906029535,50.64737216865771,5501.1231857974,413.48607733099493,454.06208746283085
1,"[7, 8, 10, 12, 14]","Q2-009,Q2-012,Q2-019,Q2-021,Q2-023",3072.8026695877907,7335.541873170331,2378.4857810155554,109.2023786,23.0494548,473.51116943359375,623.5111694335938,150.0,1.5859857977540686,50.43794382018536,7861.176359195366,484.3168885722355,525.634486025035
1,"[8, 9, 12, 13, 15]","Q2-010,Q2-011,Q2-021,Q2-023,Q2-024",4074.867035043299,8342.59355138891,3359.4543501273847,109.248284,23.0597292,257.8302917480469,557.8302917480469,300.0,1.6056385382653187,49.82379567920879,8883.850427283829,505.41268491591404,541.2568758949179
1,"[8, 9, 12, 13, 15]","Q2-010,Q2-011,Q2-021,Q2-023,Q2-024",4074.867035043299,8342.59355138891,3352.8527914719143,109.2485519,23.0603271,265.1324462890625,565.1324462890625,300.0,1.609339123330317,49.7081523959276,8891.060498817717,512.0142435713844,548.4669474288063
1,"[8, 9, 12, 13, 15]","Q2-010,Q2-011,Q2-021,Q2-023,Q2-024",4074.867035043299,8342.59355138891,3353.8139145135224,109.2475273,23.0617405,229.22308349609375,529.2230834960938,300.0,1.6112678727332856,49.64787897708482,8887.106928876696,511.05312052977655,544.5133774877844
1,"[12, 13, 14, 17, 18]","Q2-011,Q2-012,Q2-014,Q2-023,Q2-025",6143.930348428808,10634.438145894339,5506.71775897643,109.2026722,23.036099,413.75677490234375,713.7567749023438,300.0,1.6127080170519972,49.60287446712509,11110.488799921914,427.21258945237884,476.0506540275742
1,"[8, 9, 12, 13, 15]","Q2-010,Q2-011,Q2-021,Q2-023,Q2-024",4074.867035043299,8342.59355138891,3352.548402069537,109.2383853,23.0645473,252.67234802246094,502.67234802246094,250.0,1.6139564952246281,49.56385952423037,8886.159880031211,512.3186329737619,543.5663286423003
1,"[8, 9, 12, 13, 15]","Q2-010,Q2-011,Q2-021,Q2-023,Q2-024",4074.867035043299,8342.59355138891,3348.3937536889875,109.2380317,23.0665178,212.4075469970703,462.4075469970703,250.0,1.6194620697943711,49.39181031892591,8886.95912832631,516.4732813543113,544.3655769374004
1,"[10, 12, 13, 14, 17]","Q2-009,Q2-011,Q2-012,Q2-014,Q2-023",4670.739025609486,9049.314376681548,3976.4221370372506,109.2023786,23.0494548,473.51116943359375,623.5111694335938,150.0,1.6213801761536448,49.331869495198596,9574.948862706584,484.3168885722355,525.634486025035
1,"[12, 13, 14, 17, 18]","Q2-011,Q2-012,Q2-014,Q2-023,Q2-025",6143.930348428808,10634.438145894339,5478.061116844115,109.2028191,23.0394186,507.341552734375,757.341552734375,250.0,1.627930118477354,49.12718379758269,11142.777506873565,455.8692315846937,508.3393609792249
1,"[12, 13, 14, 17, 18]","Q2-011,Q2-012,Q2-014,Q2-023,Q2-025",6143.930348428808,10634.438145894339,5476.169193653918,109.2023786,23.0394548,506.3517150878906,756.3517150878906,250.0,1.6292089391917626,49.08722065025742,11144.58694359322,457.7611547748905,510.14879769888137
1,"[12, 13, 14, 17, 18]","Q2-011,Q2-012,Q2-014,Q2-023,Q2-025",6143.930348428808,10634.438145894339,5476.312565114175,109.2016151,23.0389821,502.75048828125,752.75048828125,250.0,1.6293723494712669,49.08211407902291,11144.143469899076,457.6177833146334,509.7053240047376
1,"[4, 7, 8, 10, 11]","Q2-006,Q2-009,Q2-019,Q2-021,Q2-022",1766.9535991150958,6224.673557074716,1085.9197625712766,109.205253,23.0463957,438.9472351074219,688.9472351074219,250.0,1.6324432221616578,48.9861493074482,6742.477996544154,471.0338365438192,517.8044394694376
1,"[7, 8, 12, 13, 14]","Q2-011,Q2-012,Q2-019,Q2-021,Q2-023",3072.8026695877907,7418.107909908786,2340.8119564650433,109.205253,23.0563957,383.214111328125,633.214111328125,250.0,1.6345966158303507,48.91885575530155,7982.224798975543,521.9907131227474,564.1168890667577
1,"[4, 7, 8, 10, 11]","Q2-006,Q2-009,Q2-019,Q2-021,Q2-022",1766.9535991150958,6224.673557074716,1073.4197625712766,109.205253,23.0463957,438.9472351074219,738.9472351074219,300.0,1.6368887521577997,48.84722649506876,6759.14466321082,483.5338365438192,534.4711061361044
1,"[7, 8, 9, 12, 13]","Q2-010,Q2-011,Q2-019,Q2-021,Q2-023",3072.8026695877907,7418.107909908786,2350.484036614029,109.2383853,23.0645473,252.67234802246094,502.67234802246094,250.0,1.637661105328217,48.823090458493226,7961.674238551086,512.3186329737619,543.5663286423003
1,"[7, 8, 12, 13, 14]","Q2-011,Q2-012,Q2-019,Q2-021,Q2-023",3072.8026695877907,7418.107909908786,2328.3119564650433,109.205253,23.0563957,383.214111328125,683.214111328125,300.0,1.6390421458264925,48.77993294292211,7998.89146564221,534.4907131227474,580.7835557334244
1,"[7, 8, 9, 12, 13]","Q2-010,Q2-011,Q2-019,Q2-021,Q2-023",3072.8026695877907,7418.107909908786,2337.984036614029,109.2383853,23.0645473,252.67234802246094,552.6723480224609,300.0,1.642106635324359,48.684167646113785,7978.340905217752,524.8186329737619,560.2329953089669
1,"[7, 8, 9, 12, 13]","Q2-010,Q2-011,Q2-019,Q2-021,Q2-023",3072.8026695877907,7418.107909908786,2346.4779150508666,109.2383003,23.0661338,222.2758026123047,472.2758026123047,250.0,1.64237300057525,48.67584373202344,7963.147314663402,516.3247545369243,545.0394047546164
1,"[7, 8, 9, 12, 13]","Q2-010,Q2-011,Q2-019,Q2-021,Q2-023",3072.8026695877907,7418.107909908786,2346.329388233479,109.2380317,23.0665178,212.4075469970703,462.4075469970703,250.0,1.64316667989796,48.65104125318875,7962.473486846186,516.4732813543113,544.3655769374004
1,"[9, 12, 13, 15, 17]","Q2-010,Q2-011,Q2-014,Q2-023,Q2-024",4663.213337744348,9049.314376681548,3940.894704770586,109.2383853,23.0645473,252.67234802246094,502.67234802246094,250.0,1.6501264882387243,48.433547242539866,9592.880705323849,512.3186329737619,543.5663286423003
1,"[4, 7, 8, 10, 11]","Q2-006,Q2-009,Q2-019,Q2-021,Q2-022",1766.9535991150958,6224.673557074716,1047.6367105428603,109.2023786,23.0494548,473.51116943359375,723.5111694335938,250.0,1.6544543104726825,48.298302797728674,6783.641376433085,509.3168885722355,558.9678193583683
1,"[9, 12, 13, 15, 17]","Q2-010,Q2-011,Q2-014,Q2-023,Q2-024",4663.213337744348,9049.314376681548,3928.394704770586,109.2383853,23.0645473,252.67234802246094,552.6723480224609,300.0,1.6545720182348664,48.294624430160425,9609.547371990515,524.8186329737619,560.2329953089669
1,"[9, 12, 13, 15, 17]","Q2-010,Q2-011,Q2-014,Q2-023,Q2-024",4663.213337744348,9049.314376681548,3936.888583207424,109.2383003,23.0661338,222.2758026123047,472.2758026123047,250.0,1.6548383834857572,48.28630051607009,9594.353781436164,516.3247545369243,545.0394047546164
1,"[9, 12, 13, 15, 17]","Q2-010,Q2-011,Q2-014,Q2-023,Q2-024",4663.213337744348,9049.314376681548,3936.7400563900364,109.2380317,23.0665178,212.4075469970703,462.4075469970703,250.0,1.6556320628084675,48.2614980372354,9593.679953618948,516.4732813543113,544.3655769374004
1,"[7, 8, 12, 13, 14]","Q2-011,Q2-012,Q2-019,Q2-021,Q2-023",3072.8026695877907,7418.107909908786,2285.2154388370677,109.2023786,23.0594548,439.31622314453125,739.3162231445312,300.0,1.6626033505366693,48.043645295729085,8046.663159254886,577.5872307507229,628.5552493461005
1,"[5, 8, 9, 12, 13]","Q2-003,Q2-010,Q2-011,Q2-021,Q2-023",2792.8587839561833,7418.107909908786,2024.428628081263,109.268284,23.0597292,231.11607360839844,531.1160736083984,300.0,1.7506455081050807,45.29232787171623,8010.156071917739,558.43015587492,592.0481620089532
1,"[5, 8, 9, 12, 13]","Q2-003,Q2-010,Q2-011,Q2-021,Q2-023",2792.8587839561833,7418.107909908786,2016.5613384104176,109.2682243,23.0601472,253.1918182373047,553.1918182373047,300.0,1.7541086127708145,45.18410585091205,8019.863006974327,566.2974455457655,601.7550970655409
1,"[5, 8, 9, 12, 13]","Q2-003,Q2-010,Q2-011,Q2-021,Q2-023",2792.8587839561833,7418.107909908786,2014.6620371262234,109.2685519,23.0603271,251.388671875,551.388671875,300.0,1.7554497389770967,45.14219565696573,8021.612046061662,568.19674682996,603.5041361528766
1,"[9, 12, 13, 15, 16]","Q2-010,Q2-011,Q2-013,Q2-023,Q2-024",4663.213337744348,9520.859726050387,3894.7831818694276,109.268284,23.0597292,231.11607360839844,531.1160736083984,300.0,1.821655782713075,43.073256790216405,10112.90788805934,558.43015587492,592.0481620089532
1,"[9, 12, 13, 15, 16]","Q2-010,Q2-011,Q2-013,Q2-023,Q2-024",4663.213337744348,9520.859726050387,3886.9158921985822,109.2682243,23.0601472,253.1918182373047,553.1918182373047,300.0,1.825118887378809,42.96503476941223,10122.614823115928,566.2974455457655,601.7550970655409
1,"[9, 12, 13, 15, 16]","Q2-010,Q2-011,Q2-013,Q2-023,Q2-024",4663.213337744348,9520.859726050387,3885.016590914388,109.2685519,23.0603271,251.388671875,551.388671875,300.0,1.826460013585091,42.92312457546591,10124.363862203263,568.19674682996,603.5041361528766
1,"[8, 12, 13, 14, 17]","Q2-011,Q2-012,Q2-014,Q2-021,Q2-023",4074.867035043299,9049.314376681548,3342.8763219205516,109.205253,23.0563957,383.214111328125,633.214111328125,250.0,1.826834480121734,42.91142249619582,9613.431265748306,521.9907131227474,564.1168890667577
1,"[8, 12, 13, 14, 17]","Q2-011,Q2-012,Q2-014,Q2-021,Q2-023",4074.867035043299,9049.314376681548,3330.3763219205516,109.205253,23.0563957,383.214111328125,683.214111328125,300.0,1.831280010117876,42.77249968381638,9630.097932414972,534.4907131227474,580.7835557334244
1,"[8, 12, 13, 14, 17]","Q2-011,Q2-012,Q2-014,Q2-021,Q2-023",4074.867035043299,9049.314376681548,3287.279804292576,109.2023786,23.0594548,439.31622314453125,739.3162231445312,300.0,1.8548412148280526,42.036212036623354,9677.869626027648,577.5872307507229,628.5552493461005
1,"[2, 4, 7, 8, 11]","Q2-005,Q2-006,Q2-019,Q2-021,Q2-022",660.2162961558483,6224.673557074716,109.45047387383931,109.2117995,23.0340104,273.09771728515625,573.0977172851562,300.0,1.8955896590315338,40.76282315526457,6602.555855797154,340.765822282009,377.8822987224387
1,"[2, 4, 7, 8, 11]","Q2-005,Q2-006,Q2-019,Q2-021,Q2-022",660.2162961558483,6224.673557074716,109.45008730634169,109.2117994,23.0340104,273.09771728515625,573.0977172851562,300.0,1.8955899060052128,40.76281543733711,6602.5562423646525,340.76620884950665,377.8826852899363
1,"[4, 7, 8, 10, 12]","Q2-006,Q2-009,Q2-019,Q2-021,Q2-023",1766.9535991150958,7064.370293138523,1072.6367105428603,109.2023786,23.0494548,473.51116943359375,623.5111694335938,150.0,1.9021372531665621,40.55821083854494,7590.004779163558,484.3168885722355,525.634486025035
1,"[2, 4, 7, 8, 11]","Q2-005,Q2-006,Q2-019,Q2-021,Q2-022",660.2162961558483,6224.673557074716,68.12239889412393,109.219576,23.0423217,307.3179626464844,607.3179626464844,300.0,1.9195705158457224,40.01342137982118,6646.735617890314,382.0938972617244,422.0620608155981
1,"[4, 7, 8, 9, 12]","Q2-006,Q2-010,Q2-019,Q2-021,Q2-023",1766.9535991150958,7064.370293138523,1044.634966141334,109.2383853,23.0645473,252.67234802246094,502.67234802246094,250.0,1.9285840495150715,39.731748452654024,7607.936621780824,512.3186329737619,543.5663286423003
1,"[4, 7, 8, 11, 14]","Q2-006,Q2-012,Q2-019,Q2-021,Q2-022",1766.9535991150958,7335.541873170331,1161.8101690029216,109.2183853,23.0445473,336.8330078125,586.8330078125,250.0,1.9306205442874793,39.66810799101628,7768.94638726688,395.1434301121741,433.40451409654906
1,"[4, 7, 8, 9, 12]","Q2-006,Q2-010,Q2-019,Q2-021,Q2-023",1766.9535991150958,7064.370293138523,1032.134966141334,109.2383853,23.0645473,252.67234802246094,552.6723480224609,300.0,1.9330295795112136,39.592825640274576,7624.60328844749,524.8186329737619,560.2329953089669
1,"[4, 7, 8, 9, 12]","Q2-006,Q2-010,Q2-019,Q2-021,Q2-023",1766.9535991150958,7064.370293138523,1040.6288445781715,109.2383003,23.0661338,222.2758026123047,472.2758026123047,250.0,1.9332959447621043,39.58450172618424,7609.409697893139,516.3247545369243,545.0394047546164
1,"[4, 7, 8, 9, 12]","Q2-006,Q2-010,Q2-019,Q2-021,Q2-023",1766.9535991150958,7064.370293138523,1040.4803177607846,109.2380317,23.0665178,212.4075469970703,462.4075469970703,250.0,1.9340896240848147,39.55969924734954,7608.735870075923,516.4732813543113,544.3655769374004
1,"[4, 7, 8, 11, 14]","Q2-006,Q2-012,Q2-019,Q2-021,Q2-022",1766.9535991150958,7335.541873170331,1149.3101690029216,109.2183853,23.0445473,336.8330078125,636.8330078125,300.0,1.9350660742836212,39.52918517863684,7785.613053933547,407.6434301121741,450.0711807632158
1,"[3, 4, 7, 8, 11]","Q2-002,Q2-006,Q2-019,Q2-021,Q2-022",665.8377548840872,6224.673557074716,42.35167755309226,109.2183003,23.0461338,314.61212158203125,614.6121215820312,300.0,1.9373924517177032,39.45648588382178,6678.735644537547,413.48607733099493,454.06208746283085
1,"[4, 7, 8, 11, 14]","Q2-006,Q2-012,Q2-019,Q2-021,Q2-022",1766.9535991150958,7335.541873170331,1143.4675217841009,109.2183003,23.0461338,314.61212158203125,614.6121215820312,300.0,1.940372373676333,39.363363322614596,7789.603960633162,413.48607733099493,454.06208746283085
1,"[7, 9, 12, 13, 15]","Q2-010,Q2-011,Q2-019,Q2-023,Q2-024",3072.8026695877907,8342.59355138891,2322.3081920317704,109.2248889,23.0711119,276.273193359375,426.273193359375,150.0,1.9435540112364706,39.26393714886029,8907.969128391545,540.4944775560203,565.3755770026348
1,"[4, 5, 8, 9, 12]","Q2-003,Q2-006,Q2-010,Q2-021,Q2-023",1766.9535991150958,7064.370293138523,998.5234432401758,109.268284,23.0597292,231.11607360839844,531.1160736083984,300.0,1.9560300427933883,38.87406116270662,7656.418455147476,558.43015587492,592.0481620089532
1,"[4, 5, 8, 9, 12]","Q2-003,Q2-006,Q2-010,Q2-021,Q2-023",1766.9535991150958,7064.370293138523,990.6561535693303,109.2682243,23.0601472,253.1918182373047,553.1918182373047,300.0,1.959493147459122,38.76583914190245,7666.125390204064,566.2974455457655,601.7550970655409
1,"[4, 5, 8, 9, 12]","Q2-003,Q2-006,Q2-010,Q2-021,Q2-023",1766.9535991150958,7064.370293138523,988.7568522851358,109.2685519,23.0603271,251.388671875,551.388671875,300.0,1.9608342736654043,38.72392894795612,7667.8744292914,568.19674682996,603.5041361528766
1,"[4, 7, 8, 10, 14]","Q2-006,Q2-009,Q2-012,Q2-019,Q2-021",1766.9535991150958,7335.541873170331,1110.9197625712766,109.205253,23.0463957,438.9472351074219,588.9472351074219,150.0,1.9629841476430339,38.6567453861552,7820.012979306435,446.0338365438192,484.47110613610437
1,"[7, 9, 12, 13, 15]","Q2-010,Q2-011,Q2-019,Q2-023,Q2-024",3072.8026695877907,8342.59355138891,2251.7191044036367,109.2280317,23.0765178,303.9831848144531,553.9831848144531,250.0,1.9796092433201151,38.13721114624641,8989.200715307603,611.0835651841539,646.6071639186918
1,"[7, 9, 12, 13, 15]","Q2-010,Q2-011,Q2-019,Q2-023,Q2-024",3072.8026695877907,8342.59355138891,2238.3043765365355,109.2281714,23.0778414,318.5617370605469,568.5617370605469,250.0,1.987147432966552,37.90164271979526,9003.830322528545,624.4982930512552,661.2367711396341
1,"[4, 7, 8, 12, 14]","Q2-006,Q2-012,Q2-019,Q2-021,Q2-023",1766.9535991150958,7335.541873170331,1034.9628859923484,109.205253,23.0563957,383.214111328125,633.214111328125,250.0,2.008377542804702,37.23820178735306,7899.658762237089,521.9907131227474,564.1168890667577
1,"[4, 7, 8, 12, 13]","Q2-006,Q2-011,Q2-019,Q2-021,Q2-023",1766.9535991150958,7418.107909908786,1070.4999690213826,109.2117995,23.0540104,327.6148681640625,627.6148681640625,300.0,2.0112982980316647,37.146928186510486,7946.2211123495035,486.4536300937132,528.1132024407184
1,"[4, 7, 8, 12, 13]","Q2-006,Q2-011,Q2-019,Q2-021,Q2-023",1766.9535991150958,7418.107909908786,1070.4997237158268,109.2117994,23.0540104,327.6148681640625,627.6148681640625,300.0,2.011298454754659,37.14692328891691,7946.221357655059,486.4538753992689,528.1134477462741
1,"[4, 7, 8, 12, 14]","Q2-006,Q2-012,Q2-019,Q2-021,Q2-023",1766.9535991150958,7335.541873170331,1022.4628859923484,109.205253,23.0563957,383.214111328125,683.214111328125,300.0,2.0128230728008436,37.099278974973636,7916.325428903756,534.4907131227474,580.7835557334244
1,"[10, 11, 14, 17, 18]","Q2-009,Q2-012,Q2-014,Q2-022,Q2-025",4670.739025609486,10634.438145894339,4089.9404057526217,109.2018354,23.0189641,460.4661560058594,760.4661560058594,300.0,2.023499984730449,36.76562547717348,11057.967278751692,370.7986198568639,423.52913285735224
1,"[10, 11, 14, 17, 18]","Q2-009,Q2-012,Q2-014,Q2-022,Q2-025",4670.739025609486,10634.438145894339,4086.9239529244314,109.2016151,23.0189821,466.7370300292969,766.7370300292969,300.0,2.024983112163403,36.71927774489365,11061.506304415168,373.8150726850548,427.06815852082957
1,"[4, 5, 8, 12, 13]","Q2-003,Q2-006,Q2-011,Q2-021,Q2-023",1766.9535991150958,7418.107909908786,1060.9151975956638,109.2611211,23.05481,259.621826171875,509.621826171875,250.0,2.0257771807216023,36.69446310244994,7945.973130275874,496.038401519432,527.8652203670882
1,"[7, 10, 11, 14, 17]","Q2-009,Q2-012,Q2-014,Q2-019,Q2-022",3072.8026695877907,9049.314376681548,2492.004049730927,109.2018354,23.0189641,460.4661560058594,760.4661560058594,300.0,2.0274149418109477,36.64328306840788,9472.843509538901,370.7986198568639,423.52913285735224
1,"[4, 8, 9, 12, 13]","Q2-006,Q2-010,Q2-011,Q2-021,Q2-023",1766.9535991150958,7418.107909908786,1051.5409141991818,109.248284,23.0597292,257.8302917480469,557.8302917480469,300.0,2.0283525865688974,36.613981669721966,7959.364785803704,505.41268491591404,541.2568758949179
1,"[7, 10, 11, 14, 17]","Q2-009,Q2-012,Q2-014,Q2-019,Q2-022",3072.8026695877907,9049.314376681548,2488.9875969027357,109.2016151,23.0189821,466.7370300292969,766.7370300292969,300.0,2.0288980692439016,36.59693533612808,9476.382535202378,373.8150726850548,427.06815852082957
1,"[4, 5, 8, 12, 13]","Q2-003,Q2-006,Q2-011,Q2-021,Q2-023",1766.9535991150958,7418.107909908786,1048.4151975956638,109.2611211,23.05481,259.621826171875,559.621826171875,300.0,2.0302227107177444,36.55554029007049,7962.639796942541,508.538401519432,544.531887033755
1,"[10, 11, 14, 17, 18]","Q2-009,Q2-012,Q2-014,Q2-022,Q2-025",4670.739025609486,10634.438145894339,4085.506703073217,109.2026722,23.026099,399.3949890136719,699.3949890136719,300.0,2.0306571765193913,36.541963233769025,11057.31171751508,375.2323225362691,422.8735716207418
1,"[4, 8, 9, 12, 13]","Q2-006,Q2-010,Q2-011,Q2-021,Q2-023",1766.9535991150958,7418.107909908786,1044.9393555437114,109.2485519,23.0603271,265.1324462890625,565.1324462890625,300.0,2.032053171633896,36.49833838644076,7966.574857337592,512.0142435713844,548.4669474288063
1,"[4, 8, 9, 12, 13]","Q2-006,Q2-010,Q2-011,Q2-021,Q2-023",1766.9535991150958,7418.107909908786,1045.9004785853192,109.2475273,23.0617405,229.22308349609375,529.2230834960938,300.0,2.033981921036865,36.43806496759798,7962.62128739657,511.05312052977655,544.5133774877844
1,"[7, 10, 11, 14, 17]","Q2-009,Q2-012,Q2-014,Q2-019,Q2-022",3072.8026695877907,9049.314376681548,2487.5703470515214,109.2026722,23.026099,399.3949890136719,699.3949890136719,300.0,2.0345721335998896,36.41962082500345,9472.18794830229,375.2323225362691,422.8735716207418
1,"[10, 11, 14, 17, 18]","Q2-009,Q2-012,Q2-014,Q2-022,Q2-025",4670.739025609486,10634.438145894339,4085.301075702866,109.2028191,23.0294186,344.7291259765625,644.7291259765625,300.0,2.034659528007613,36.41688974976209,11052.961856299005,375.4379499066197,418.52371040466653
1,"[4, 7, 8, 12, 14]","Q2-006,Q2-012,Q2-019,Q2-021,Q2-023",1766.9535991150958,7335.541873170331,979.3663683643729,109.2023786,23.0594548,439.31622314453125,739.3162231445312,300.0,2.0363842775110204,36.36299132778061,7964.097122516432,577.5872307507229,628.5552493461005
1,"[4, 5, 8, 12, 13]","Q2-003,Q2-006,Q2-011,Q2-021,Q2-023",1766.9535991150958,7418.107909908786,1036.9163153963,109.2641424,23.0552989,249.48873901367188,549.4887390136719,300.0,2.0382867591301337,36.303538777183334,7973.294255212054,520.037283718796,555.1863453032686
1,"[7, 10, 11, 14, 17]","Q2-009,Q2-012,Q2-014,Q2-019,Q2-022",3072.8026695877907,9049.314376681548,2487.3647196811708,109.2028191,23.0294186,344.7291259765625,644.7291259765625,300.0,2.038574485088112,36.29454734099651,9467.838087086215,375.4379499066197,418.52371040466653
1,"[4, 7, 8, 12, 13]","Q2-006,Q2-011,Q2-019,Q2-021,Q2-023",1766.9535991150958,7418.107909908786,1042.1909309837843,109.2183853,23.0645473,190.6529541015625,490.6529541015625,300.0,2.0390831232170137,36.27865239946833,7963.11665754856,514.7626681313114,545.008747639775
1,"[7, 8, 11, 14, 17]","Q2-012,Q2-014,Q2-019,Q2-021,Q2-022",3072.8026695877907,9049.314376681548,2467.6592394756167,109.2183853,23.0445473,336.8330078125,586.8330078125,250.0,2.0552638154936944,35.77300576582205,9482.718890778098,395.1434301121741,433.40451409654906
1,"[7, 8, 11, 14, 17]","Q2-012,Q2-014,Q2-019,Q2-021,Q2-022",3072.8026695877907,9049.314376681548,2455.1592394756167,109.2183853,23.0445473,336.8330078125,636.8330078125,300.0,2.0597093454898365,35.634082953442615,9499.385557444764,407.6434301121741,450.0711807632158
1,"[7, 8, 11, 14, 17]","Q2-012,Q2-014,Q2-019,Q2-021,Q2-022",3072.8026695877907,9049.314376681548,2449.316592256796,109.2183003,23.0461338,314.61212158203125,614.6121215820312,300.0,2.065015644882548,35.468261097420374,9503.37646414438,413.48607733099493,454.06208746283085
1,"[7, 8, 10, 14, 17]","Q2-009,Q2-012,Q2-014,Q2-019,Q2-021",3072.8026695877907,9049.314376681548,2416.7688330439714,109.205253,23.0463957,438.9472351074219,588.9472351074219,150.0,2.087627418849249,34.76164316096097,9533.785482817653,446.0338365438192,484.47110613610437
1,"[7, 8, 12, 13, 17]","Q2-011,Q2-014,Q2-019,Q2-021,Q2-023",3072.8026695877907,9049.314376681548,2376.3490394940773,109.2117995,23.0540104,327.6148681640625,627.6148681640625,300.0,2.1107130580122413,34.040216937117464,9577.427579122266,486.4536300937132,528.1132024407184
1,"[7, 8, 12, 13, 17]","Q2-011,Q2-014,Q2-019,Q2-021,Q2-023",3072.8026695877907,9049.314376681548,2376.348794188522,109.2117994,23.0540104,327.6148681640625,627.6148681640625,300.0,2.110713214735235,34.04021203952391,9577.427824427823,486.4538753992689,528.1134477462741
1,"[7, 8, 9, 15, 17]","Q2-010,Q2-014,Q2-019,Q2-021,Q2-024",3072.8026695877907,9049.314376681548,2391.272379702477,109.2375273,23.0617405,343.19439697265625,393.19439697265625,50.0,2.115127417641274,33.90226819871018,9542.969199647918,471.5302898853139,493.6548229663686
1,"[7, 8, 9, 15, 17]","Q2-010,Q2-014,Q2-019,Q2-021,Q2-024",3072.8026695877907,9049.314376681548,2374.2081910631537,109.2375273,23.0617405,343.19439697265625,493.19439697265625,150.0,2.1215993539228646,33.70002018991048,9568.366721620572,488.5944785246368,519.0523449390248
1,"[7, 8, 9, 15, 17]","Q2-010,Q2-014,Q2-019,Q2-021,Q2-024",3072.8026695877907,9049.314376681548,2349.2081910631537,109.2375273,23.0617405,343.19439697265625,593.1943969726562,250.0,2.1304904139151484,33.42217456515162,9601.700054953906,513.5944785246369,552.3856782723582
1,"[7, 8, 9, 15, 17]","Q2-010,Q2-014,Q2-019,Q2-021,Q2-024",3072.8026695877907,9049.314376681548,2362.4754307129547,109.2283853,23.0645473,216.0124969482422,466.0124969482422,250.0,2.1310200785845113,33.40562254423403,9577.834323635405,500.3272388748359,528.5199469538561
1,"[7, 8, 12, 13, 17]","Q2-011,Q2-014,Q2-019,Q2-021,Q2-023",3072.8026695877907,9049.314376681548,2348.0400014564793,109.2183853,23.0645473,190.6529541015625,490.6529541015625,300.0,2.13849788319759,33.17194115007533,9594.323124321323,514.7626681313114,545.008747639775
1,"[3, 7, 10, 11, 12]","Q2-002,Q2-009,Q2-019,Q2-022,Q2-023",665.8377548840872,7064.370293138523,28.625165431708353,109.2026722,23.036099,413.75677490234375,713.7567749023438,300.0,2.1957155767374963,31.38388822695325,7540.420947166098,427.21258945237884,476.0506540275742
1,"[2, 3, 7, 11, 14]","Q2-002,Q2-005,Q2-012,Q2-019,Q2-022",660.2162961558483,7335.541873170331,137.8601051463378,109.2118354,23.0289641,278.87579345703125,578.8757934570312,300.0,2.2164618918002645,30.735565881241733,7685.496046967928,312.35619100951055,349.95417379759647
1,"[3, 7, 10, 11, 14]","Q2-002,Q2-009,Q2-012,Q2-019,Q2-022",665.8377548840872,7335.541873170331,85.03913502722327,109.2018354,23.0189641,460.4661560058594,760.4661560058594,300.0,2.239223734119763,30.0242583087574,7759.071006027683,370.7986198568639,423.52913285735224
1,"[3, 7, 10, 11, 14]","Q2-002,Q2-009,Q2-012,Q2-019,Q2-022",665.8377548840872,7335.541873170331,82.02268219903237,109.2016151,23.0189821,466.7370300292969,766.7370300292969,300.0,2.2407068615527175,29.977910576477584,7762.610031691161,373.8150726850548,427.06815852082957
1,"[3, 7, 10, 11, 14]","Q2-002,Q2-009,Q2-012,Q2-019,Q2-022",665.8377548840872,7335.541873170331,80.60543234781807,109.2026722,23.026099,399.3949890136719,699.3949890136719,300.0,2.2463809259087055,29.80059606535296,7758.415444791073,375.2323225362691,422.8735716207418
1,"[3, 7, 10, 11, 14]","Q2-002,Q2-009,Q2-012,Q2-019,Q2-022",665.8377548840872,7335.541873170331,80.39980497746751,109.2028191,23.0294186,344.7291259765625,644.7291259765625,300.0,2.2503832773969275,29.675522581346026,7754.065583574998,375.4379499066197,418.52371040466653
1,"[8, 10, 14, 17, 18]","Q2-009,Q2-012,Q2-014,Q2-021,Q2-025",4074.867035043299,10634.438145894339,3418.8331984994797,109.205253,23.0463957,438.9472351074219,588.9472351074219,150.0,2.2657844588861966,29.194235659806356,11118.909252030444,446.0338365438192,484.47110613610437
1,"[3, 7, 11, 12, 14]","Q2-002,Q2-012,Q2-019,Q2-022,Q2-023",665.8377548840872,7335.541873170331,41.12516543170835,109.2026722,23.036099,413.75677490234375,663.7567749023438,250.0,2.2741280295288515,28.93349907722339,7794.925860531239,414.71258945237884,459.38398736090744
1,"[3, 7, 11, 12, 14]","Q2-002,Q2-012,Q2-019,Q2-022,Q2-023",665.8377548840872,7335.541873170331,24.968523299393496,109.2028191,23.0394186,507.341552734375,657.341552734375,150.0,2.2849046009580665,28.596731220060423,7810.547900816223,430.8692315846937,475.0060276458916
1,"[3, 7, 11, 12, 14]","Q2-002,Q2-012,Q2-019,Q2-022,Q2-023",665.8377548840872,7335.541873170331,23.076600109196704,109.2023786,23.0394548,506.3517150878906,656.3517150878906,150.0,2.286183421672475,28.55676807273516,7812.357337535879,432.7611547748905,476.815464365548
1,"[3, 7, 11, 12, 14]","Q2-002,Q2-012,Q2-019,Q2-022,Q2-023",665.8377548840872,7335.541873170331,23.219971569453776,109.2016151,23.0389821,502.75048828125,652.75048828125,150.0,2.2863468319519793,28.551661501500647,7811.913863841735,432.6177833146334,476.3719906714042
1,"[4, 7, 8, 9, 15]","Q2-006,Q2-010,Q2-019,Q2-021,Q2-024",1766.9535991150958,8342.59355138891,1085.4233092297818,109.2375273,23.0617405,343.19439697265625,393.19439697265625,50.0,2.2981943814462915,28.1814255798034,8836.24837435528,471.5302898853139,493.6548229663686
1,"[4, 7, 8, 9, 15]","Q2-006,Q2-010,Q2-019,Q2-021,Q2-024",1766.9535991150958,8342.59355138891,1068.359120590459,109.2375273,23.0617405,343.19439697265625,493.19439697265625,150.0,2.304666317727882,27.9791775710037,8861.645896327936,488.5944785246368,519.0523449390248
1,"[4, 7, 8, 9, 15]","Q2-006,Q2-010,Q2-019,Q2-021,Q2-024",1766.9535991150958,8342.59355138891,1043.359120590459,109.2375273,23.0617405,343.19439697265625,593.1943969726562,250.0,2.313557377720166,27.70133194624481,8894.979229661269,513.5944785246369,552.3856782723582
1,"[4, 7, 8, 9, 15]","Q2-006,Q2-010,Q2-019,Q2-021,Q2-024",1766.9535991150958,8342.59355138891,1056.6263602402598,109.2283853,23.0645473,216.0124969482422,466.0124969482422,250.0,2.3140870423895286,27.68477992532724,8871.113498342767,500.3272388748359,528.5199469538561
1,"[4, 5, 8, 9, 15]","Q2-003,Q2-006,Q2-010,Q2-021,Q2-024",1766.9535991150958,8342.59355138891,1007.5126688067919,109.2704517,23.0564393,240.0836181640625,540.0836181640625,300.0,2.340220137879862,26.868120691254315,8926.399783210887,549.4409303083039,583.8062318219758
1,"[4, 5, 8, 9, 15]","Q2-003,Q2-006,Q2-010,Q2-021,Q2-024",1766.9535991150958,8342.59355138891,998.7356020999305,109.2711211,23.05481,302.0443420410156,602.0443420410156,300.0,2.3414401688993416,26.829994721895577,8940.340243574161,558.2179970151655,597.7466921852501
1,"[4, 5, 8, 9, 15]","Q2-003,Q2-006,Q2-010,Q2-021,Q2-024",1766.9535991150958,8342.59355138891,991.1055449312594,109.2731357,23.054464,305.53826904296875,605.5382690429688,300.0,2.3460675170067886,26.685390093537865,8948.261461326329,565.8480541838364,605.6679099374171
1,"[5, 8, 12, 13, 16]","Q2-003,Q2-011,Q2-013,Q2-021,Q2-023",2792.8587839561833,9520.859726050387,2086.820382436751,109.2611211,23.05481,259.621826171875,509.621826171875,250.0,2.3548136513967597,26.412073393851266,10048.724946417475,496.038401519432,527.8652203670882
1,"[5, 8, 12, 13, 16]","Q2-003,Q2-011,Q2-013,Q2-021,Q2-023",2792.8587839561833,9520.859726050387,2074.320382436751,109.2611211,23.05481,259.621826171875,559.621826171875,300.0,2.359259181392902,26.27315058147183,10065.39161308414,508.538401519432,544.531887033755
1,"[5, 8, 12, 13, 16]","Q2-003,Q2-011,Q2-013,Q2-021,Q2-023",2792.8587839561833,9520.859726050387,2062.821500237387,109.2641424,23.0552989,249.48873901367188,549.4887390136719,300.0,2.367323229805291,26.02114906858466,10076.046071353656,520.037283718796,555.1863453032686
1,"[5, 8, 9, 15, 16]","Q2-003,Q2-010,Q2-013,Q2-021,Q2-024",2792.8587839561833,9520.859726050387,2033.4178536478794,109.2704517,23.0564393,240.0836181640625,540.0836181640625,300.0,2.3867748847694257,25.413284850955453,10104.665957872363,549.4409303083039,583.8062318219758
1,"[5, 8, 9, 15, 16]","Q2-003,Q2-010,Q2-013,Q2-021,Q2-024",2792.8587839561833,9520.859726050387,2024.6407869410177,109.2711211,23.05481,302.0443420410156,602.0443420410156,300.0,2.387994915788905,25.375158881596715,10118.606418235637,558.2179970151655,597.7466921852501
1,"[5, 8, 9, 15, 16]","Q2-003,Q2-010,Q2-013,Q2-021,Q2-024",2792.8587839561833,9520.859726050387,2017.0107297723468,109.2731357,23.054464,305.53826904296875,605.5382690429688,300.0,2.392622263896352,25.230554253239003,10126.527635987804,565.8480541838364,605.6679099374171
1,"[4, 7, 8, 11, 17]","Q2-006,Q2-014,Q2-019,Q2-021,Q2-022",1766.9535991150958,9049.314376681548,1216.187776833087,109.2117995,23.0340104,273.09771728515625,573.0977172851562,300.0,2.4205046224516296,24.359230548386577,9427.196675403988,340.765822282009,377.8822987224387
1,"[4, 7, 8, 11, 17]","Q2-006,Q2-014,Q2-019,Q2-021,Q2-022",1766.9535991150958,9049.314376681548,1216.187390265589,109.2117994,23.0340104,273.09771728515625,573.0977172851562,300.0,2.4205048694253084,24.359222830459114,9427.197061971485,340.76620884950665,377.8826852899363
1,"[4, 7, 8, 11, 17]","Q2-006,Q2-014,Q2-019,Q2-021,Q2-022",1766.9535991150958,9049.314376681548,1174.8597018533715,109.219576,23.0423217,307.3179626464844,607.3179626464844,300.0,2.444485479265818,23.609828772943196,9471.376437497147,382.0938972617244,422.0620608155981
1,"[11, 12, 13, 14]","Q2-011,Q2-012,Q2-022,Q2-023",5603.283106471228,7418.107909908786,4978.570517018849,109.2026722,23.036099,413.75677490234375,663.7567749023438,250.0,0.7906926833250858,75.29085364609107,7877.491897269693,414.71258945237884,459.38398736090744
1,"[11, 12, 13, 14]","Q2-011,Q2-012,Q2-022,Q2-023",5603.283106471228,7418.107909908786,4966.070517018849,109.2026722,23.036099,413.75677490234375,713.7567749023438,300.0,0.7951382133212277,75.15193083371163,7894.15856393636,427.21258945237884,476.0506540275742
1,"[11, 12, 13, 14]","Q2-011,Q2-012,Q2-022,Q2-023",5603.283106471228,7418.107909908786,4962.413874886534,109.2028191,23.0394186,507.341552734375,657.341552734375,150.0,0.8014692547543006,74.9540857889281,7893.113937554677,430.8692315846937,475.0060276458916
1,"[10, 11, 12, 14]","Q2-009,Q2-012,Q2-022,Q2-023",4670.739025609486,7335.541873170331,4033.526436157107,109.2026722,23.036099,413.75677490234375,713.7567749023438,300.0,1.0548537268033435,67.03582103739552,7811.592527197905,427.21258945237884,476.0506540275742
1,"[10, 11, 12, 14]","Q2-009,Q2-012,Q2-022,Q2-023",4670.739025609486,7335.541873170331,4004.869794024792,109.2028191,23.0394186,507.341552734375,757.341552734375,250.0,1.0700758282287004,66.5601303678531,7843.881234149556,455.8692315846937,508.3393609792249
1,"[10, 11, 12, 14]","Q2-009,Q2-012,Q2-022,Q2-023",4670.739025609486,7335.541873170331,4002.9778708345953,109.2023786,23.0394548,506.3517150878906,756.3517150878906,250.0,1.071354648943109,66.52016722052785,7845.690670869212,457.7611547748905,510.14879769888137
1,"[10, 11, 12, 14]","Q2-009,Q2-012,Q2-022,Q2-023",4670.739025609486,7335.541873170331,4003.1212422948524,109.2016151,23.0389821,502.75048828125,752.75048828125,250.0,1.0715180592226132,66.51506064929333,7845.247197175069,457.6177833146334,509.7053240047376
1,"[10, 12, 13, 14]","Q2-009,Q2-011,Q2-012,Q2-023",4670.739025609486,7418.107909908786,3976.4221370372506,109.2023786,23.0494548,473.51116943359375,623.5111694335938,150.0,1.1229559779730787,64.9076256883413,7943.74239593382,484.3168885722355,525.634486025035
1,"[12, 13, 14, 17]","Q2-011,Q2-012,Q2-014,Q2-023",6143.930348428808,9049.314376681548,5519.21775897643,109.2026722,23.036099,413.75677490234375,663.7567749023438,250.0,1.1239191131297248,64.8775277146961,9508.698364042455,414.71258945237884,459.38398736090744
1,"[12, 13, 14, 17]","Q2-011,Q2-012,Q2-014,Q2-023",6143.930348428808,9049.314376681548,5506.71775897643,109.2026722,23.036099,413.75677490234375,713.7567749023438,300.0,1.128364643125867,64.73860490231667,9525.365030709123,427.21258945237884,476.0506540275742
1,"[1, 2, 5, 6]","Q2-001,Q2-003,Q2-004,Q2-005",651.9268419355427,3593.9894842822414,42.398252077057805,109.2714368,23.0092533,317.9043273925781,617.9043273925781,300.0,1.1286724650013438,64.72898546870802,4034.3684347567746,399.5285898584849,440.3789504745331
1,"[12, 13, 14, 17]","Q2-011,Q2-012,Q2-014,Q2-023",6143.930348428808,9049.314376681548,5503.061116844115,109.2028191,23.0394186,507.341552734375,657.341552734375,150.0,1.1346956845589398,64.54075985753313,9524.32040432744,430.8692315846937,475.0060276458916
1,"[1, 2, 5, 6]","Q2-001,Q2-003,Q2-004,Q2-005",651.9268419355427,3593.9894842822414,19.144414062300825,109.2735966,23.0152097,335.4212341308594,635.4212341308594,300.0,1.1422886831491894,64.30347865158782,4059.0820149997217,422.7824278732419,465.09253071748014
1,"[1, 2, 5, 6]","Q2-001,Q2-003,Q2-004,Q2-005",651.9268419355427,3593.9894842822414,19.990329683068524,109.2741242,23.0141753,372.540283203125,622.540283203125,250.0,1.142660358090095,64.29186380968453,4057.162686801643,421.9365122524742,463.1732025194013
1,"[8, 10, 11, 12]","Q2-009,Q2-021,Q2-022,Q2-023",4074.867035043299,7064.370293138523,3393.8331984994797,109.205253,23.0463957,438.9472351074219,688.9472351074219,250.0,1.183821452758648,63.00557960129225,7582.174732607961,471.0338365438192,517.8044394694376
1,"[8, 10, 11, 12]","Q2-009,Q2-021,Q2-022,Q2-023",4074.867035043299,7064.370293138523,3381.3331984994797,109.205253,23.0463957,438.9472351074219,738.9472351074219,300.0,1.1882669827547898,62.86665678891282,7598.841399274627,483.5338365438192,534.4711061361044
1,"[12, 13, 15, 17]","Q2-011,Q2-014,Q2-023,Q2-024",6143.930348428808,9049.314376681548,5421.611715455047,109.2383853,23.0645473,252.67234802246094,502.67234802246094,250.0,1.1976851794184726,62.572338143172736,9592.880705323849,512.3186329737619,543.5663286423003
1,"[12, 13, 15, 17]","Q2-011,Q2-014,Q2-023,Q2-024",6143.930348428808,9049.314376681548,5409.111715455047,109.2383853,23.0645473,252.67234802246094,552.6723480224609,300.0,1.2021307094146145,62.433415330793295,9609.547371990515,524.8186329737619,560.2329953089669
1,"[12, 13, 15, 17]","Q2-011,Q2-014,Q2-023,Q2-024",6143.930348428808,9049.314376681548,5417.605593891884,109.2383003,23.0661338,222.2758026123047,472.2758026123047,250.0,1.2023970746655053,62.42509141670296,9594.353781436164,516.3247545369243,545.0394047546164
1,"[12, 13, 15, 17]","Q2-011,Q2-014,Q2-023,Q2-024",6143.930348428808,9049.314376681548,5417.457067074497,109.2380317,23.0665178,212.4075469970703,462.4075469970703,250.0,1.2031907539882156,62.40028893786827,9593.679953618948,516.4732813543113,544.3655769374004
1,"[8, 10, 11, 12]","Q2-009,Q2-021,Q2-022,Q2-023",4074.867035043299,7064.370293138523,3355.5501464710633,109.2023786,23.0494548,473.51116943359375,723.5111694335938,250.0,1.2058325410696729,62.31773309157273,7623.338112496892,509.3168885722355,558.9678193583683
1,"[2, 3, 4, 7]","Q2-002,Q2-005,Q2-006,Q2-019",660.2162961558483,3868.5404781358166,36.73021882485341,109.2183003,23.0461338,314.61212158203125,614.6121215820312,300.0,1.2191805677644458,61.90060725736106,4322.602565598648,413.48607733099493,454.06208746283085
1,"[7, 8, 10, 11]","Q2-009,Q2-019,Q2-021,Q2-022",3072.8026695877907,6224.673557074716,2391.7688330439714,109.205253,23.0463957,438.9472351074219,688.9472351074219,250.0,1.2334337839616678,61.455194251197874,6742.477996544154,471.0338365438192,517.8044394694376
1,"[7, 8, 10, 11]","Q2-009,Q2-019,Q2-021,Q2-022",3072.8026695877907,6224.673557074716,2379.2688330439714,109.205253,23.0463957,438.9472351074219,738.9472351074219,300.0,1.2378793139578097,61.31627143881845,6759.14466321082,483.5338365438192,534.4711061361044
1,"[7, 8, 10, 11]","Q2-009,Q2-019,Q2-021,Q2-022",3072.8026695877907,6224.673557074716,2353.4857810155554,109.2023786,23.0494548,473.51116943359375,723.5111694335938,250.0,1.2554448722726925,60.76734774147836,6783.641376433085,509.3168885722355,558.9678193583683
1,"[8, 10, 12, 14]","Q2-009,Q2-012,Q2-021,Q2-023",4074.867035043299,7335.541873170331,3380.5501464710633,109.2023786,23.0494548,473.51116943359375,623.5111694335938,150.0,1.2797994638648857,60.00626675422232,7861.176359195366,484.3168885722355,525.634486025035
1,"[4, 5, 6, 8]","Q2-003,Q2-004,Q2-006,Q2-021",1766.9535991150958,5047.061098334569,1074.6168206248415,109.2813839,23.0210882,378.3836364746094,628.3836364746094,250.0,1.2841271237949798,59.87102738140688,5571.121513197707,482.3367784902543,524.0604148631385
1,"[4, 5, 6, 8]","Q2-003,Q2-004,Q2-006,Q2-021",1766.9535991150958,5047.061098334569,1062.4318142342154,109.2814368,23.0192533,388.9375305175781,688.9375305175781,300.0,1.2876240695152636,59.761747827648016,5588.352677425248,494.52178488088055,541.2915790906787
1,"[4, 5, 6, 8]","Q2-003,Q2-004,Q2-006,Q2-021",1766.9535991150958,5047.061098334569,1062.1168206248415,109.2813839,23.0210882,378.3836364746094,678.3836364746094,300.0,1.288572653791122,59.73210456902744,5587.788179864374,494.8367784902543,540.7270815298051
1,"[8, 9, 12, 13]","Q2-010,Q2-011,Q2-021,Q2-023",4074.867035043299,7418.107909908786,3359.4543501273847,109.248284,23.0597292,257.8302917480469,557.8302917480469,300.0,1.3231568144797246,58.651349547508616,7959.364785803704,505.41268491591404,541.2568758949179
1,"[8, 9, 12, 13]","Q2-010,Q2-011,Q2-021,Q2-023",4074.867035043299,7418.107909908786,3352.8527914719143,109.2485519,23.0603271,265.1324462890625,565.1324462890625,300.0,1.3268573995447226,58.535706264227414,7966.574857337592,512.0142435713844,548.4669474288063
1,"[8, 12, 13, 14]","Q2-011,Q2-012,Q2-021,Q2-023",4074.867035043299,7418.107909908786,3342.8763219205516,109.205253,23.0563957,383.214111328125,633.214111328125,250.0,1.3284102819411676,58.48717868933851,7982.224798975543,521.9907131227474,564.1168890667577
1,"[8, 9, 12, 13]","Q2-010,Q2-011,Q2-021,Q2-023",4074.867035043299,7418.107909908786,3353.8139145135224,109.2475273,23.0617405,229.22308349609375,529.2230834960938,300.0,1.3287861489476915,58.47543284538463,7962.62128739657,511.05312052977655,544.5133774877844
1,"[8, 9, 12, 13]","Q2-010,Q2-011,Q2-021,Q2-023",4074.867035043299,7418.107909908786,3352.548402069537,109.2383853,23.0645473,252.67234802246094,502.67234802246094,250.0,1.331474771439034,58.39141339253019,7961.674238551086,512.3186329737619,543.5663286423003
1,"[8, 12, 13, 14]","Q2-011,Q2-012,Q2-021,Q2-023",4074.867035043299,7418.107909908786,3330.3763219205516,109.205253,23.0563957,383.214111328125,683.214111328125,300.0,1.3328558119373095,58.34825587695909,7998.89146564221,534.4907131227474,580.7835557334244
1,"[8, 9, 12, 13]","Q2-010,Q2-011,Q2-021,Q2-023",4074.867035043299,7418.107909908786,3348.3937536889875,109.2380317,23.0665178,212.4075469970703,462.4075469970703,250.0,1.3369803460087772,58.21936418722571,7962.473486846186,516.4732813543113,544.3655769374004
1,"[8, 12, 13, 14]","Q2-011,Q2-012,Q2-021,Q2-023",4074.867035043299,7418.107909908786,3287.279804292576,109.2023786,23.0594548,439.31622314453125,739.3162231445312,300.0,1.3564170166474863,57.61196822976606,8046.663159254886,577.5872307507229,628.5552493461005
1,"[12, 13, 15, 16]","Q2-011,Q2-013,Q2-023,Q2-024",6143.930348428808,9520.859726050387,5375.500192553888,109.268284,23.0597292,231.11607360839844,531.1160736083984,300.0,1.3692144738928234,57.21204769084927,10112.90788805934,558.43015587492,592.0481620089532
1,"[12, 13, 15, 16]","Q2-011,Q2-013,Q2-023,Q2-024",6143.930348428808,9520.859726050387,5367.632902883043,109.2682243,23.0601472,253.1918182373047,553.1918182373047,300.0,1.372677578558557,57.1038256700451,10122.614823115928,566.2974455457655,601.7550970655409
1,"[12, 13, 15, 16]","Q2-011,Q2-013,Q2-023,Q2-024",6143.930348428808,9520.859726050387,5365.7336015988485,109.2685519,23.0603271,251.388671875,551.388671875,300.0,1.3740187047648393,57.061915476098775,10124.363862203263,568.19674682996,603.5041361528766
1,"[4, 7, 8, 10]","Q2-006,Q2-009,Q2-019,Q2-021",1766.9535991150958,5528.567098301766,1110.9197625712766,109.205253,23.0463957,438.9472351074219,588.9472351074219,150.0,1.4108529664331946,55.910844798962664,6013.03820443787,446.0338365438192,484.47110613610437
1,"[4, 7, 8, 10]","Q2-006,Q2-009,Q2-019,Q2-021",1766.9535991150958,5528.567098301766,1085.9197625712766,109.205253,23.0463957,438.9472351074219,688.9472351074219,250.0,1.4197440264254784,55.6329991742038,6046.371537771204,471.0338365438192,517.8044394694376
1,"[4, 7, 8, 10]","Q2-006,Q2-009,Q2-019,Q2-021",1766.9535991150958,5528.567098301766,1073.4197625712766,109.205253,23.0463957,438.9472351074219,738.9472351074219,300.0,1.4241895564216205,55.49407636182436,6063.03820443787,483.5338365438192,534.4711061361044
1,"[9, 12, 13, 15]","Q2-010,Q2-011,Q2-023,Q2-024",4663.213337744348,8342.59355138891,3947.800652828434,109.248284,23.0597292,257.8302917480469,557.8302917480469,300.0,1.4258660568844423,55.44168572236118,8883.850427283829,505.41268491591404,541.2568758949179
1,"[9, 12, 13, 15]","Q2-010,Q2-011,Q2-023,Q2-024",4663.213337744348,8342.59355138891,3941.1990941729637,109.2485519,23.0603271,265.1324462890625,565.1324462890625,300.0,1.4295666419494406,55.326042439079984,8891.060498817717,512.0142435713844,548.4669474288063
1,"[9, 12, 13, 15]","Q2-010,Q2-011,Q2-023,Q2-024",4663.213337744348,8342.59355138891,3942.1602172145713,109.2475273,23.0617405,229.22308349609375,529.2230834960938,300.0,1.4314953913524093,55.26576902023721,8887.106928876696,511.05312052977655,544.5133774877844
1,"[4, 7, 8, 10]","Q2-006,Q2-009,Q2-019,Q2-021",1766.9535991150958,5528.567098301766,1072.6367105428603,109.2023786,23.0494548,473.51116943359375,623.5111694335938,150.0,1.4328640547442193,55.22299828924315,6054.201584326801,484.3168885722355,525.634486025035
1,"[4, 7, 8, 9]","Q2-006,Q2-010,Q2-019,Q2-021",1766.9535991150958,5514.212889101615,1085.4233092297818,109.2375273,23.0617405,343.19439697265625,393.19439697265625,50.0,1.4339669568585065,55.18853259817167,6007.867712067983,471.5302898853139,493.6548229663686
1,"[9, 12, 13, 15]","Q2-010,Q2-011,Q2-023,Q2-024",4663.213337744348,8342.59355138891,3940.894704770586,109.2383853,23.0645473,252.67234802246094,502.67234802246094,250.0,1.4341840138437518,55.18174956738275,8886.159880031211,512.3186329737619,543.5663286423003
1,"[9, 12, 13, 15]","Q2-010,Q2-011,Q2-023,Q2-024",4663.213337744348,8342.59355138891,3936.7400563900364,109.2380317,23.0665178,212.4075469970703,462.4075469970703,250.0,1.4396895884134948,55.009700362078284,8886.95912832631,516.4732813543113,544.3655769374004
1,"[4, 7, 8, 9]","Q2-006,Q2-010,Q2-019,Q2-021",1766.9535991150958,5514.212889101615,1068.359120590459,109.2375273,23.0617405,343.19439697265625,493.19439697265625,150.0,1.4404388931400969,54.986284589371984,6033.265234040639,488.5944785246368,519.0523449390248
1,"[4, 7, 8, 9]","Q2-006,Q2-010,Q2-019,Q2-021",1766.9535991150958,5514.212889101615,1043.359120590459,109.2375273,23.0617405,343.19439697265625,593.1943969726562,250.0,1.449329953132381,54.708438964613094,6066.598567373972,513.5944785246369,552.3856782723582
1,"[4, 7, 8, 9]","Q2-006,Q2-010,Q2-019,Q2-021",1766.9535991150958,5514.212889101615,1056.6263602402598,109.2283853,23.0645473,216.0124969482422,466.0124969482422,250.0,1.4498596178017435,54.69188694369551,6042.732836055471,500.3272388748359,528.5199469538561
1,"[7, 10, 11, 12]","Q2-009,Q2-019,Q2-022,Q2-023",3072.8026695877907,7064.370293138523,2435.590080135412,109.2026722,23.036099,413.75677490234375,713.7567749023438,300.0,1.4602540750224757,54.36706015554764,7540.420947166098,427.21258945237884,476.0506540275742
1,"[7, 10, 11, 12]","Q2-009,Q2-019,Q2-022,Q2-023",3072.8026695877907,7064.370293138523,2406.933438003097,109.2028191,23.0394186,507.341552734375,757.341552734375,250.0,1.4754761764478326,53.89136948600524,7572.709654117748,455.8692315846937,508.3393609792249
1,"[13, 14, 17, 18]","Q2-011,Q2-012,Q2-014,Q2-025",6592.6695205783035,10634.438145894339,5955.456931125925,109.2026722,23.036099,413.75677490234375,713.7567749023438,300.0,1.4755932700063181,53.88771031230256,11110.488799921914,427.21258945237884,476.0506540275742
1,"[4, 5, 8, 9]","Q2-003,Q2-006,Q2-010,Q2-021",1766.9535991150958,5514.212889101615,1007.5126688067919,109.2704517,23.0564393,240.0836181640625,540.0836181640625,300.0,1.4759927132920774,53.875227709622585,6098.01912092359,549.4409303083039,583.8062318219758
1,"[7, 10, 11, 12]","Q2-009,Q2-019,Q2-022,Q2-023",3072.8026695877907,7064.370293138523,2405.0415148129,109.2023786,23.0394548,506.3517150878906,756.3517150878906,250.0,1.4767549971622411,53.85140633867997,7574.519090837404,457.7611547748905,510.14879769888137
1,"[7, 10, 11, 12]","Q2-009,Q2-019,Q2-022,Q2-023",3072.8026695877907,7064.370293138523,2405.184886273157,109.2016151,23.0389821,502.75048828125,752.75048828125,250.0,1.4769184074417454,53.84629976744546,7574.07561714326,457.6177833146334,509.7053240047376
1,"[4, 5, 8, 9]","Q2-003,Q2-006,Q2-010,Q2-021",1766.9535991150958,5514.212889101615,998.7356020999305,109.2711211,23.05481,302.0443420410156,602.0443420410156,300.0,1.4772127443115566,53.83710174026386,6111.959581286865,558.2179970151655,597.7466921852501
1,"[4, 5, 8, 9]","Q2-003,Q2-006,Q2-010,Q2-021",1766.9535991150958,5514.212889101615,991.1055449312594,109.2731357,23.054464,305.53826904296875,605.5382690429688,300.0,1.4818400924190036,53.692497111906135,6119.880799039031,565.8480541838364,605.6679099374171
1,"[4, 5, 8, 9]","Q2-003,Q2-006,Q2-010,Q2-021",1766.9535991150958,5514.212889101615,998.5234432401758,109.268284,23.0597292,231.11607360839844,531.1160736083984,300.0,1.4823708360043328,53.675911374864604,6106.261051110568,558.43015587492,592.0481620089532
1,"[13, 14, 17, 18]","Q2-011,Q2-012,Q2-014,Q2-025",6592.6695205783035,10634.438145894339,5926.80028899361,109.2028191,23.0394186,507.341552734375,757.341552734375,250.0,1.490815371431675,53.412019642760164,11142.777506873565,455.8692315846937,508.3393609792249
1,"[13, 14, 17, 18]","Q2-011,Q2-012,Q2-014,Q2-025",6592.6695205783035,10634.438145894339,5924.908365803413,109.2023786,23.0394548,506.3517150878906,756.3517150878906,250.0,1.4920941921460835,53.3720564954349,11144.58694359322,457.7611547748905,510.14879769888137
1,"[13, 14, 17, 18]","Q2-011,Q2-012,Q2-014,Q2-025",6592.6695205783035,10634.438145894339,5925.0517372636705,109.2016151,23.0389821,502.75048828125,752.75048828125,250.0,1.4922576024255878,53.36694992420039,11144.143469899076,457.6177833146334,509.7053240047376
1,"[7, 8, 10, 12]","Q2-009,Q2-019,Q2-021,Q2-023",3072.8026695877907,7064.370293138523,2378.4857810155554,109.2023786,23.0494548,473.51116943359375,623.5111694335938,150.0,1.503127814966572,53.027255782294624,7590.004779163558,484.3168885722355,525.634486025035
1,"[7, 10, 11, 14]","Q2-009,Q2-012,Q2-019,Q2-022",3072.8026695877907,7335.541873170331,2492.004049730927,109.2018354,23.0189641,460.4661560058594,760.4661560058594,300.0,1.5037622324047424,53.007430237351805,7759.071006027683,370.7986198568639,423.52913285735224
1,"[7, 10, 11, 14]","Q2-009,Q2-012,Q2-019,Q2-022",3072.8026695877907,7335.541873170331,2488.9875969027357,109.2016151,23.0189821,466.7370300292969,766.7370300292969,300.0,1.5052453598376963,52.961082505071985,7762.610031691161,373.8150726850548,427.06815852082957
1,"[7, 10, 11, 14]","Q2-009,Q2-012,Q2-019,Q2-022",3072.8026695877907,7335.541873170331,2487.5703470515214,109.2026722,23.026099,399.3949890136719,699.3949890136719,300.0,1.5109194241936845,52.783767993947365,7758.415444791073,375.2323225362691,422.8735716207418
1,"[7, 10, 11, 14]","Q2-009,Q2-012,Q2-019,Q2-022",3072.8026695877907,7335.541873170331,2487.3647196811708,109.2028191,23.0294186,344.7291259765625,644.7291259765625,300.0,1.5149217756819064,52.65869450994043,7754.065583574998,375.4379499066197,418.52371040466653
1,"[7, 8, 9, 12]","Q2-010,Q2-019,Q2-021,Q2-023",3072.8026695877907,7064.370293138523,2350.484036614029,109.2383853,23.0645473,252.67234802246094,502.67234802246094,250.0,1.5295746113150814,52.20079339640371,7607.936621780824,512.3186329737619,543.5663286423003
1,"[7, 8, 11, 14]","Q2-012,Q2-019,Q2-021,Q2-022",3072.8026695877907,7335.541873170331,2467.6592394756167,109.2183853,23.0445473,336.8330078125,586.8330078125,250.0,1.5316111060874893,52.137152934765965,7768.94638726688,395.1434301121741,433.40451409654906
1,"[2, 4, 7, 8]","Q2-005,Q2-006,Q2-019,Q2-021",660.2162961558483,5047.061098334569,122.48060113582869,109.2216152,23.0389821,250.56883239746094,500.56883239746094,250.0,1.5325747144460142,52.107040173562055,5405.8691960543765,327.73569502001965,358.8080977198081
1,"[2, 4, 7, 8]","Q2-005,Q2-006,Q2-019,Q2-021",660.2162961558483,5047.061098334569,122.47988710446299,109.2216152,23.0389822,250.56883239746094,500.56883239746094,250.0,1.5325751706327202,52.10702591772749,5405.869910085742,327.73640905138535,358.8088117511737
1,"[2, 4, 7, 8]","Q2-005,Q2-006,Q2-019,Q2-021",660.2162961558483,5047.061098334569,114.600436065684,109.2300851,23.0391154,262.3955383300781,562.3955383300781,300.0,1.5332312150034246,52.08652453114298,5418.901586618907,335.61586009016435,371.84048828433754
1,"[7, 8, 9, 12]","Q2-010,Q2-019,Q2-021,Q2-023",3072.8026695877907,7064.370293138523,2337.984036614029,109.2383853,23.0645473,252.67234802246094,552.6723480224609,300.0,1.5340201413112236,52.06187058402427,7624.60328844749,524.8186329737619,560.2329953089669
1,"[7, 8, 9, 12]","Q2-010,Q2-019,Q2-021,Q2-023",3072.8026695877907,7064.370293138523,2346.4779150508666,109.2383003,23.0661338,222.2758026123047,472.2758026123047,250.0,1.5342865065621143,52.05354666993394,7609.409697893139,516.3247545369243,545.0394047546164
1,"[7, 8, 9, 12]","Q2-010,Q2-019,Q2-021,Q2-023",3072.8026695877907,7064.370293138523,2346.329388233479,109.2380317,23.0665178,212.4075469970703,462.4075469970703,250.0,1.5350801858848246,52.02874419109923,7608.735870075923,516.4732813543113,544.3655769374004
1,"[7, 8, 11, 14]","Q2-012,Q2-019,Q2-021,Q2-022",3072.8026695877907,7335.541873170331,2455.1592394756167,109.2183853,23.0445473,336.8330078125,636.8330078125,300.0,1.5360566360836312,51.99823012238654,7785.613053933547,407.6434301121741,450.0711807632158
1,"[7, 11, 12, 14]","Q2-012,Q2-019,Q2-022,Q2-023",3072.8026695877907,7335.541873170331,2448.090080135412,109.2026722,23.036099,413.75677490234375,663.7567749023438,250.0,1.5386665278138305,51.916671005817804,7794.925860531239,414.71258945237884,459.38398736090744
1,"[10, 11, 14, 17]","Q2-009,Q2-012,Q2-014,Q2-022",4670.739025609486,9049.314376681548,4089.9404057526217,109.2018354,23.0189641,460.4661560058594,760.4661560058594,300.0,1.5391566108043186,51.90135591236504,9472.843509538901,370.7986198568639,423.52913285735224
1,"[2, 4, 7, 8]","Q2-005,Q2-006,Q2-019,Q2-021",660.2162961558483,5047.061098334569,115.95771452069039,109.229576,23.0423217,211.53001403808594,461.53001403808594,250.0,1.5395065162885864,51.89042136598167,5409.138847806234,334.25858163515795,362.07774947166513
1,"[10, 11, 14, 17]","Q2-009,Q2-012,Q2-014,Q2-022",4670.739025609486,9049.314376681548,4086.9239529244314,109.2016151,23.0189821,466.7370300292969,766.7370300292969,300.0,1.5406397382372725,51.855008180085235,9476.382535202378,373.8150726850548,427.06815852082957
1,"[7, 8, 11, 14]","Q2-012,Q2-019,Q2-021,Q2-022",3072.8026695877907,7335.541873170331,2449.316592256796,109.2183003,23.0461338,314.61212158203125,614.6121215820312,300.0,1.541362935476343,51.83240826636428,7789.603960633162,413.48607733099493,454.06208746283085
1,"[2, 4, 7, 8]","Q2-005,Q2-006,Q2-019,Q2-021",660.2162961558483,5047.061098334569,114.09052097671673,109.2283853,23.0445473,251.49188232421875,401.49188232421875,150.0,1.5449508430037193,51.720286156133774,5406.002863707386,336.1257751791316,358.9417653728165
1,"[10, 11, 14, 17]","Q2-009,Q2-012,Q2-014,Q2-022",4670.739025609486,9049.314376681548,4085.506703073217,109.2026722,23.026099,399.3949890136719,699.3949890136719,300.0,1.5463138025932608,51.6776936689606,9472.18794830229,375.2323225362691,422.8735716207418
1,"[7, 11, 12, 14]","Q2-012,Q2-019,Q2-022,Q2-023",3072.8026695877907,7335.541873170331,2431.933438003097,109.2028191,23.0394186,507.341552734375,657.341552734375,150.0,1.5494430992430455,51.579903148654836,7810.547900816223,430.8692315846937,475.0060276458916
1,"[10, 11, 14, 17]","Q2-009,Q2-012,Q2-014,Q2-022",4670.739025609486,9049.314376681548,4085.301075702866,109.2028191,23.0294186,344.7291259765625,644.7291259765625,300.0,1.5503161540814827,51.55262018495367,9467.838087086215,375.4379499066197,418.52371040466653
1,"[7, 11, 12, 14]","Q2-012,Q2-019,Q2-022,Q2-023",3072.8026695877907,7335.541873170331,2430.0415148129,109.2023786,23.0394548,506.3517150878906,656.3517150878906,150.0,1.5507219199574538,51.539940001329576,7812.357337535879,432.7611547748905,476.815464365548
1,"[7, 11, 12, 14]","Q2-012,Q2-019,Q2-022,Q2-023",3072.8026695877907,7335.541873170331,2430.184886273157,109.2016151,23.0389821,502.75048828125,652.75048828125,150.0,1.550885330236958,51.53483343009506,7811.913863841735,432.6177833146334,476.3719906714042
1,"[4, 7, 8, 11]","Q2-006,Q2-019,Q2-021,Q2-022",1766.9535991150958,6224.673557074716,1216.187776833087,109.2117995,23.0340104,273.09771728515625,573.0977172851562,300.0,1.5574199275717637,51.330627263382375,6602.555855797154,340.765822282009,377.8822987224387
1,"[4, 7, 8, 11]","Q2-006,Q2-019,Q2-021,Q2-022",1766.9535991150958,6224.673557074716,1216.187390265589,109.2117994,23.0340104,273.09771728515625,573.0977172851562,300.0,1.5574201745454428,51.330619545454915,6602.5562423646525,340.76620884950665,377.8826852899363
1,"[7, 8, 10, 14]","Q2-009,Q2-012,Q2-019,Q2-021",3072.8026695877907,7335.541873170331,2416.7688330439714,109.205253,23.0463957,438.9472351074219,588.9472351074219,150.0,1.5639747094430438,51.12579032990487,7820.012979306435,446.0338365438192,484.47110613610437
1,"[3, 4, 7, 8]","Q2-002,Q2-006,Q2-019,Q2-021",665.8377548840872,5047.061098334569,42.35167755309226,109.2183003,23.0461338,314.61212158203125,614.6121215820312,300.0,1.5775664226582138,50.70104929193082,5501.1231857974,413.48607733099493,454.06208746283085
1,"[4, 7, 8, 11]","Q2-006,Q2-019,Q2-021,Q2-022",1766.9535991150958,6224.673557074716,1174.8597018533715,109.219576,23.0423217,307.3179626464844,607.3179626464844,300.0,1.5814007843859523,50.581225487938994,6646.735617890314,382.0938972617244,422.0620608155981
1,"[7, 8, 12, 14]","Q2-012,Q2-019,Q2-021,Q2-023",3072.8026695877907,7335.541873170331,2340.8119564650433,109.205253,23.0563957,383.214111328125,633.214111328125,250.0,1.6093681046047117,49.707246731102764,7899.658762237089,521.9907131227474,564.1168890667577
1,"[7, 8, 12, 13]","Q2-011,Q2-019,Q2-021,Q2-023",3072.8026695877907,7418.107909908786,2376.3490394940773,109.2117995,23.0540104,327.6148681640625,627.6148681640625,300.0,1.6122888598316747,49.61597313026017,7946.2211123495035,486.4536300937132,528.1132024407184
1,"[7, 8, 12, 13]","Q2-011,Q2-019,Q2-021,Q2-023",3072.8026695877907,7418.107909908786,2376.348794188522,109.2117994,23.0540104,327.6148681640625,627.6148681640625,300.0,1.6122890165546688,49.61596823266661,7946.221357655059,486.4538753992689,528.1134477462741
1,"[7, 8, 12, 14]","Q2-012,Q2-019,Q2-021,Q2-023",3072.8026695877907,7335.541873170331,2328.3119564650433,109.205253,23.0563957,383.214111328125,683.214111328125,300.0,1.6138136346008536,49.56832391872334,7916.325428903756,534.4907131227474,580.7835557334244
1,"[7, 8, 12, 14]","Q2-012,Q2-019,Q2-021,Q2-023",3072.8026695877907,7335.541873170331,2285.2154388370677,109.2023786,23.0594548,439.31622314453125,739.3162231445312,300.0,1.6373748393110303,48.83203627153031,7964.097122516432,577.5872307507229,628.5552493461005
1,"[7, 8, 12, 13]","Q2-011,Q2-019,Q2-021,Q2-023",3072.8026695877907,7418.107909908786,2348.0400014564793,109.2183853,23.0645473,190.6529541015625,490.6529541015625,300.0,1.6400736850170237,48.74769734321801,7963.11665754856,514.7626681313114,545.008747639775
1,"[5, 8, 9, 12]","Q2-003,Q2-010,Q2-021,Q2-023",2792.8587839561833,7064.370293138523,2024.428628081263,109.268284,23.0597292,231.11607360839844,531.1160736083984,300.0,1.642559014091945,48.67003080962672,7656.418455147476,558.43015587492,592.0481620089532
1,"[5, 8, 9, 12]","Q2-003,Q2-010,Q2-021,Q2-023",2792.8587839561833,7064.370293138523,2016.5613384104176,109.2682243,23.0601472,253.1918182373047,553.1918182373047,300.0,1.6460221187576787,48.561808788822546,7666.125390204064,566.2974455457655,601.7550970655409
1,"[5, 8, 9, 12]","Q2-003,Q2-010,Q2-021,Q2-023",2792.8587839561833,7064.370293138523,2014.6620371262234,109.2685519,23.0603271,251.388671875,551.388671875,300.0,1.647363244963961,48.519898594876224,7667.8744292914,568.19674682996,603.5041361528766
1,"[7, 9, 12, 13]","Q2-010,Q2-011,Q2-019,Q2-023",3072.8026695877907,7418.107909908786,2322.3081920317704,109.2248889,23.0711119,276.273193359375,426.273193359375,150.0,1.6610722874508768,48.0914910171601,7983.48348691142,540.4944775560203,565.3755770026348
1,"[7, 9, 12, 13]","Q2-010,Q2-011,Q2-019,Q2-023",3072.8026695877907,7418.107909908786,2251.7191044036367,109.2280317,23.0765178,303.9831848144531,553.9831848144531,250.0,1.6971275195345212,46.96476501454622,8064.715073827478,611.0835651841539,646.6071639186918
1,"[7, 9, 12, 13]","Q2-010,Q2-011,Q2-019,Q2-023",3072.8026695877907,7418.107909908786,2238.3043765365355,109.2281714,23.0778414,318.5617370605469,568.5617370605469,250.0,1.704665709180958,46.729196588095064,8079.34468104842,624.4982930512552,661.2367711396341
1,"[5, 8, 12, 13]","Q2-003,Q2-011,Q2-021,Q2-023",2792.8587839561833,7418.107909908786,2086.820382436751,109.2611211,23.05481,259.621826171875,509.621826171875,250.0,1.712306152020159,46.490432749370036,7945.973130275874,496.038401519432,527.8652203670882
1,"[5, 8, 12, 13]","Q2-003,Q2-011,Q2-021,Q2-023",2792.8587839561833,7418.107909908786,2074.320382436751,109.2611211,23.05481,259.621826171875,559.621826171875,300.0,1.7167516820163011,46.351509936990595,7962.639796942541,508.538401519432,544.531887033755
1,"[5, 8, 12, 13]","Q2-003,Q2-011,Q2-021,Q2-023",2792.8587839561833,7418.107909908786,2062.821500237387,109.2641424,23.0552989,249.48873901367188,549.4887390136719,300.0,1.7248157304286904,46.09950842410343,7973.294255212054,520.037283718796,555.1863453032686
1,"[11, 14, 17, 18]","Q2-012,Q2-014,Q2-022,Q2-025",5603.283106471228,10634.438145894339,5022.484486614364,109.2018354,23.0189641,460.4661560058594,760.4661560058594,300.0,1.7385559600226945,45.670126249290796,11057.967278751692,370.7986198568639,423.52913285735224
1,"[11, 14, 17, 18]","Q2-012,Q2-014,Q2-022,Q2-025",5603.283106471228,10634.438145894339,5019.468033786174,109.2016151,23.0189821,466.7370300292969,766.7370300292969,300.0,1.7400390874556484,45.62377851701099,11061.506304415168,373.8150726850548,427.06815852082957
1,"[11, 14, 17, 18]","Q2-012,Q2-014,Q2-022,Q2-025",5603.283106471228,10634.438145894339,5018.050783934959,109.2026722,23.026099,399.3949890136719,699.3949890136719,300.0,1.7457131518116367,45.446464005886355,11057.31171751508,375.2323225362691,422.8735716207418
1,"[8, 11, 14, 17]","Q2-012,Q2-014,Q2-021,Q2-022",4074.867035043299,9049.314376681548,3469.723604931125,109.2183853,23.0445473,336.8330078125,586.8330078125,250.0,1.7490774816045116,45.34132869985902,9482.718890778098,395.1434301121741,433.40451409654906
1,"[11, 14, 17, 18]","Q2-012,Q2-014,Q2-022,Q2-025",5603.283106471228,10634.438145894339,5017.845156564608,109.2028191,23.0294186,344.7291259765625,644.7291259765625,300.0,1.7497155032998586,45.32139052187942,11052.961856299005,375.4379499066197,418.52371040466653
1,"[8, 11, 14, 17]","Q2-012,Q2-014,Q2-021,Q2-022",4074.867035043299,9049.314376681548,3457.223604931125,109.2183853,23.0445473,336.8330078125,636.8330078125,300.0,1.7535230116006535,45.20240588747958,9499.385557444764,407.6434301121741,450.0711807632158
1,"[8, 11, 14, 17]","Q2-012,Q2-014,Q2-021,Q2-022",4074.867035043299,9049.314376681548,3451.380957712304,109.2183003,23.0461338,314.61212158203125,614.6121215820312,300.0,1.7588293109933653,45.03658403145734,9503.37646414438,413.48607733099493,454.06208746283085
1,"[8, 10, 14, 17]","Q2-009,Q2-012,Q2-014,Q2-021",4074.867035043299,9049.314376681548,3418.8331984994797,109.205253,23.0463957,438.9472351074219,588.9472351074219,150.0,1.7814410849600661,44.32996609499794,9533.785482817653,446.0338365438192,484.47110613610437
1,"[8, 12, 13, 17]","Q2-011,Q2-014,Q2-021,Q2-023",4074.867035043299,9049.314376681548,3378.413404949586,109.2117995,23.0540104,327.6148681640625,627.6148681640625,300.0,1.804526724123058,43.60853987115444,9577.427579122266,486.4536300937132,528.1132024407184
1,"[8, 12, 13, 17]","Q2-011,Q2-014,Q2-021,Q2-023",4074.867035043299,9049.314376681548,3378.41315964403,109.2117994,23.0540104,327.6148681640625,627.6148681640625,300.0,1.8045268808460522,43.60853497356088,9577.427824427823,486.4538753992689,528.1134477462741
1,"[8, 9, 15, 17]","Q2-010,Q2-014,Q2-021,Q2-024",4074.867035043299,9049.314376681548,3393.336745157985,109.2375273,23.0617405,343.19439697265625,393.19439697265625,50.0,1.808941083752091,43.47059113274716,9542.969199647918,471.5302898853139,493.6548229663686
1,"[8, 9, 15, 17]","Q2-010,Q2-014,Q2-021,Q2-024",4074.867035043299,9049.314376681548,3376.272556518662,109.2375273,23.0617405,343.19439697265625,493.19439697265625,150.0,1.8154130200336813,43.26834312394746,9568.366721620572,488.5944785246368,519.0523449390248
1,"[8, 9, 15, 17]","Q2-010,Q2-014,Q2-021,Q2-024",4074.867035043299,9049.314376681548,3351.272556518662,109.2375273,23.0617405,343.19439697265625,593.1943969726562,250.0,1.8243040800259656,42.990497499188585,9601.700054953906,513.5944785246369,552.3856782723582
1,"[8, 9, 15, 17]","Q2-010,Q2-014,Q2-021,Q2-024",4074.867035043299,9049.314376681548,3364.539796168463,109.2283853,23.0645473,216.0124969482422,466.0124969482422,250.0,1.824833744695328,42.973945478271006,9577.834323635405,500.3272388748359,528.5199469538561
1,"[8, 12, 13, 17]","Q2-011,Q2-014,Q2-021,Q2-023",4074.867035043299,9049.314376681548,3350.1043669119877,109.2183853,23.0645473,190.6529541015625,490.6529541015625,300.0,1.832311549308407,42.74026408411229,9594.323124321323,514.7626681313114,545.008747639775
1,"[2, 3, 7, 11]","Q2-002,Q2-005,Q2-019,Q2-022",660.2162961558483,6224.673557074716,137.8601051463378,109.2118354,23.0289641,278.87579345703125,578.8757934570312,300.0,1.8770299063266043,41.34281542729362,6574.627730872313,312.35619100951055,349.95417379759647
1,"[2, 4, 8, 11]","Q2-005,Q2-006,Q2-021,Q2-022",660.2162961558483,6224.673557074716,121.95047387383931,109.2117995,23.0340104,273.09771728515625,523.0977172851562,250.0,1.8911441290353919,40.90174596764401,6585.889189130488,328.265822282009,361.21563205577206
1,"[2, 4, 8, 11]","Q2-005,Q2-006,Q2-021,Q2-022",660.2162961558483,6224.673557074716,121.95008730634169,109.2117994,23.0340104,273.09771728515625,523.0977172851562,250.0,1.891144376009071,40.90173824971654,6585.8895756979855,328.26620884950665,361.21601862326963
1,"[7, 8, 9, 15]","Q2-010,Q2-019,Q2-021,Q2-024",3072.8026695877907,8342.59355138891,2391.272379702477,109.2375273,23.0617405,343.19439697265625,393.19439697265625,50.0,1.8991849432463015,40.65047052355308,8836.24837435528,471.5302898853139,493.6548229663686
1,"[3, 7, 10, 11]","Q2-002,Q2-009,Q2-019,Q2-022",665.8377548840872,6224.673557074716,85.03913502722327,109.2018354,23.0189641,460.4661560058594,760.4661560058594,300.0,1.899791748646103,40.63150785480929,6648.202689932068,370.7986198568639,423.52913285735224
1,"[3, 7, 10, 11]","Q2-002,Q2-009,Q2-019,Q2-022",665.8377548840872,6224.673557074716,82.02268219903237,109.2016151,23.0189821,466.7370300292969,766.7370300292969,300.0,1.9012748760790568,40.58516012252949,6651.741715595545,373.8150726850548,427.06815852082957
1,"[4, 7, 8, 12]","Q2-006,Q2-019,Q2-021,Q2-023",1766.9535991150958,7064.370293138523,1070.4999690213826,109.2117995,23.0540104,327.6148681640625,627.6148681640625,300.0,1.9032118040185293,40.524631124420964,7592.483495579241,486.4536300937132,528.1132024407184
1,"[4, 7, 8, 12]","Q2-006,Q2-019,Q2-021,Q2-023",1766.9535991150958,7064.370293138523,1070.4997237158268,109.2117994,23.0540104,327.6148681640625,627.6148681640625,300.0,1.9032119607415232,40.5246262268274,7592.483740884797,486.4538753992689,528.1134477462741
1,"[7, 8, 9, 15]","Q2-010,Q2-019,Q2-021,Q2-024",3072.8026695877907,8342.59355138891,2374.2081910631537,109.2375273,23.0617405,343.19439697265625,493.19439697265625,150.0,1.9056568795278919,40.44822251475338,8861.645896327936,488.5944785246368,519.0523449390248
1,"[3, 7, 10, 11]","Q2-002,Q2-009,Q2-019,Q2-022",665.8377548840872,6224.673557074716,80.60543234781807,109.2026722,23.026099,399.3949890136719,699.3949890136719,300.0,1.906948940435045,40.407845611404845,6647.547128695458,375.2323225362691,422.8735716207418
1,"[3, 7, 10, 11]","Q2-002,Q2-009,Q2-019,Q2-022",665.8377548840872,6224.673557074716,80.39980497746751,109.2028191,23.0294186,344.7291259765625,644.7291259765625,300.0,1.910951291923267,40.28277212739791,6643.197267479382,375.4379499066197,418.52371040466653
1,"[7, 8, 9, 15]","Q2-010,Q2-019,Q2-021,Q2-024",3072.8026695877907,8342.59355138891,2349.2081910631537,109.2375273,23.0617405,343.19439697265625,593.1943969726562,250.0,1.914547939520176,40.1703768899945,8894.979229661269,513.5944785246369,552.3856782723582
1,"[7, 8, 9, 15]","Q2-010,Q2-019,Q2-021,Q2-024",3072.8026695877907,8342.59355138891,2362.4754307129547,109.2283853,23.0645473,216.0124969482422,466.0124969482422,250.0,1.9150776041895385,40.15382486907693,8871.113498342767,500.3272388748359,528.5199469538561
1,"[4, 5, 8, 12]","Q2-003,Q2-006,Q2-021,Q2-023",1766.9535991150958,7064.370293138523,1060.9151975956638,109.2611211,23.05481,259.621826171875,509.621826171875,250.0,1.9176906867084667,40.07216604036042,7592.235513505611,496.038401519432,527.8652203670882
1,"[4, 8, 9, 12]","Q2-006,Q2-010,Q2-021,Q2-023",1766.9535991150958,7064.370293138523,1051.5409141991818,109.248284,23.0597292,257.8302917480469,557.8302917480469,300.0,1.920266092555762,39.991684607632436,7605.6271690334415,505.41268491591404,541.2568758949179
1,"[4, 5, 8, 12]","Q2-003,Q2-006,Q2-021,Q2-023",1766.9535991150958,7064.370293138523,1048.4151975956638,109.2611211,23.05481,259.621826171875,559.621826171875,300.0,1.9221362167046085,39.93324322798099,7608.902180172278,508.538401519432,544.531887033755
1,"[4, 8, 9, 12]","Q2-006,Q2-010,Q2-021,Q2-023",1766.9535991150958,7064.370293138523,1044.9393555437114,109.2485519,23.0603271,265.1324462890625,565.1324462890625,300.0,1.92396667762076,39.87604132435125,7612.83724056733,512.0142435713844,548.4669474288063
1,"[4, 7, 8, 12]","Q2-006,Q2-019,Q2-021,Q2-023",1766.9535991150958,7064.370293138523,1034.9628859923484,109.205253,23.0563957,383.214111328125,633.214111328125,250.0,1.925519560017205,39.82751374946235,7628.487182205281,521.9907131227474,564.1168890667577
1,"[4, 8, 9, 12]","Q2-006,Q2-010,Q2-021,Q2-023",1766.9535991150958,7064.370293138523,1045.9004785853192,109.2475273,23.0617405,229.22308349609375,529.2230834960938,300.0,1.925895427023729,39.81576790550847,7608.883670626307,511.05312052977655,544.5133774877844
1,"[4, 5, 8, 12]","Q2-003,Q2-006,Q2-021,Q2-023",1766.9535991150958,7064.370293138523,1036.9163153963,109.2641424,23.0552989,249.48873901367188,549.4887390136719,300.0,1.9302002651169978,39.68124171509382,7619.556638441792,520.037283718796,555.1863453032686
1,"[4, 7, 8, 12]","Q2-006,Q2-019,Q2-021,Q2-023",1766.9535991150958,7064.370293138523,1042.1909309837843,109.2183853,23.0645473,190.6529541015625,490.6529541015625,300.0,1.9309966292038778,39.65635533737883,7609.379040778298,514.7626681313114,545.008747639775
1,"[8, 12, 13, 16]","Q2-011,Q2-013,Q2-021,Q2-023",4074.867035043299,9520.859726050387,3368.828633523867,109.2611211,23.05481,259.621826171875,509.621826171875,250.0,1.9630889080090297,38.65347162471783,10048.724946417475,496.038401519432,527.8652203670882
1,"[8, 12, 13, 16]","Q2-011,Q2-013,Q2-021,Q2-023",4074.867035043299,9520.859726050387,3356.328633523867,109.2611211,23.05481,259.621826171875,559.621826171875,300.0,1.9675344380051718,38.51454881233839,10065.39161308414,508.538401519432,544.531887033755
1,"[8, 12, 13, 16]","Q2-011,Q2-013,Q2-021,Q2-023",4074.867035043299,9520.859726050387,3344.829751324503,109.2641424,23.0552989,249.48873901367188,549.4887390136719,300.0,1.975598486417561,38.26254729945122,10076.046071353656,520.037283718796,555.1863453032686
1,"[10, 11, 14, 18]","Q2-009,Q2-012,Q2-022,Q2-025",4670.739025609486,10634.438145894339,4167.053091021222,109.2098548,23.0243904,260.7437438964844,560.7437438964844,300.0,1.9883762149309656,37.863243283407336,10964.211059140644,293.68593458826444,329.7729132463048
1,"[10, 11, 14, 18]","Q2-009,Q2-012,Q2-022,Q2-025",4670.739025609486,10634.438145894339,4167.052620414213,109.2098548,23.0243905,260.7437438964844,560.7437438964844,300.0,1.988376515596554,37.86323388760769,10964.211529747652,293.6864051952722,329.77338385331257
1,"[8, 9, 15, 16]","Q2-010,Q2-013,Q2-021,Q2-024",4074.867035043299,9520.859726050387,3315.426104734995,109.2704517,23.0564393,240.0836181640625,540.0836181640625,300.0,1.995050141381696,37.65468308182201,10104.665957872363,549.4409303083039,583.8062318219758
1,"[8, 9, 15, 16]","Q2-010,Q2-013,Q2-021,Q2-024",4074.867035043299,9520.859726050387,3306.6490380281334,109.2711211,23.05481,302.0443420410156,602.0443420410156,300.0,1.996270172401175,37.616557112463276,10118.606418235637,558.2179970151655,597.7466921852501
1,"[8, 9, 15, 16]","Q2-010,Q2-013,Q2-021,Q2-024",4074.867035043299,9520.859726050387,3299.0189808594623,109.2731357,23.054464,305.53826904296875,605.5382690429688,300.0,2.000897520508622,37.471952484105564,10126.527635987804,565.8480541838364,605.6679099374171
1,"[7, 11, 14, 17]","Q2-012,Q2-014,Q2-019,Q2-022",3072.8026695877907,9049.314376681548,2550.44647857828,109.2118354,23.0289641,278.87579345703125,578.8757934570312,300.0,2.00293543154671,37.40826776416532,9399.268550479144,312.35619100951055,349.95417379759647
1,"[10, 11, 14, 18]","Q2-009,Q2-012,Q2-022,Q2-025",4670.739025609486,10634.438145894339,4111.10353755978,109.2028191,23.0194186,395.601806640625,695.601806640625,300.0,2.014572244772711,37.044617350852796,11031.39878449743,349.63548804970577,396.9606386030912
1,"[10, 11, 14, 18]","Q2-009,Q2-012,Q2-022,Q2-025",4670.739025609486,10634.438145894339,4123.006703073217,109.2026722,23.026099,399.3949890136719,549.3949890136719,150.0,2.0173205865309654,36.95873167090734,11007.31171751508,337.7323225362691,372.8735716207418
1,"[7, 8, 11, 17]","Q2-014,Q2-019,Q2-021,Q2-022",3072.8026695877907,9049.314376681548,2522.0368473057815,109.2117995,23.0340104,273.09771728515625,573.0977172851562,300.0,2.021495184251639,36.828275492136285,9427.196675403988,340.765822282009,377.8822987224387
1,"[7, 8, 11, 17]","Q2-014,Q2-019,Q2-021,Q2-022",3072.8026695877907,9049.314376681548,2522.036460738284,109.2117994,23.0340104,273.09771728515625,573.0977172851562,300.0,2.0214954312253184,36.8282677742088,9427.197061971485,340.76620884950665,377.8826852899363
1,"[5, 8, 9, 15]","Q2-003,Q2-010,Q2-021,Q2-024",2792.8587839561833,8342.59355138891,2033.4178536478794,109.2704517,23.0564393,240.0836181640625,540.0836181640625,300.0,2.026749109178419,36.66409033817442,8926.399783210887,549.4409303083039,583.8062318219758
1,"[5, 8, 9, 15]","Q2-003,Q2-010,Q2-021,Q2-024",2792.8587839561833,8342.59355138891,2024.6407869410177,109.2711211,23.05481,302.0443420410156,602.0443420410156,300.0,2.0279691401978983,36.62596436881568,8940.340243574161,558.2179970151655,597.7466921852501
1,"[4, 8, 12, 13]","Q2-006,Q2-011,Q2-021,Q2-023",1766.9535991150958,7418.107909908786,1058.4004785853192,109.2475273,23.0617405,229.22308349609375,479.22308349609375,250.0,2.0295363910407227,36.57698777997742,7945.954620729904,498.55312052977655,527.8467108211178
1,"[4, 8, 12, 13]","Q2-006,Q2-011,Q2-021,Q2-023",1766.9535991150958,7418.107909908786,1048.6317589570506,109.2604517,23.0564393,226.27484130859375,526.2748413085938,300.0,2.0324457061671537,36.48607168227645,7959.64432017588,508.3218401580453,541.5364102670948
1,"[5, 8, 9, 15]","Q2-003,Q2-010,Q2-021,Q2-024",2792.8587839561833,8342.59355138891,2017.0107297723468,109.2731357,23.054464,305.53826904296875,605.5382690429688,300.0,2.0325964883053453,36.48135974045796,8948.261461326329,565.8480541838364,605.6679099374171
1,"[7, 11, 14, 17]","Q2-012,Q2-014,Q2-019,Q2-022",3072.8026695877907,9049.314376681548,2498.572785792581,109.2098548,23.0343905,326.8687744140625,626.8687744140625,300.0,2.032678496652578,36.47879697960694,9455.141658344597,364.22988379520973,405.8272816630483
1,"[4, 8, 12, 13]","Q2-006,Q2-011,Q2-021,Q2-023",1766.9535991150958,7418.107909908786,1041.3154040323373,109.2623987,23.0565953,224.68780517578125,524.6878051757812,300.0,2.0372324246389324,36.33648673003337,7966.828422089526,515.6381950827586,548.7205121807403
1,"[7, 8, 11, 17]","Q2-014,Q2-019,Q2-021,Q2-022",3072.8026695877907,9049.314376681548,2480.708772326066,109.219576,23.0423217,307.3179626464844,607.3179626464844,300.0,2.0454760410658275,36.0788737166929,9471.376437497147,382.0938972617244,422.0620608155981
1,"[7, 11, 14, 17]","Q2-012,Q2-014,Q2-019,Q2-022",3072.8026695877907,9049.314376681548,2467.926303057499,109.205253,23.0363957,374.7220458984375,624.7220458984375,250.0,2.0524102072843746,35.862181022363295,9485.60924703671,394.87636653029165,436.2948703551615
1,"[10, 14, 17, 18]","Q2-009,Q2-012,Q2-014,Q2-025",4670.739025609486,10634.438145894339,4014.7051890656667,109.205253,23.0463957,438.9472351074219,588.9472351074219,150.0,2.0837124617687506,34.88398556972655,11118.909252030444,446.0338365438192,484.47110613610437
1,"[10, 14, 17, 18]","Q2-009,Q2-012,Q2-014,Q2-025",4670.739025609486,10634.438145894339,3994.021748737243,109.2026722,23.046099,544.588134765625,594.588134765625,50.0,2.092699357711727,34.603145071508536,11140.062767330384,466.7172768722428,505.6246214360449
1,"[7, 10, 14, 17]","Q2-009,Q2-012,Q2-014,Q2-019",3072.8026695877907,9049.314376681548,2396.0853927155476,109.2026722,23.046099,544.588134765625,594.588134765625,50.0,2.096614314792226,34.480802662742946,9554.938998117594,466.7172768722428,505.6246214360449
1,"[7, 9, 15, 17]","Q2-010,Q2-014,Q2-019,Q2-024",3072.8026695877907,9049.314376681548,2387.4754307129547,109.2283853,23.0645473,216.0124969482422,366.0124969482422,150.0,2.1221290185922275,33.68346816899289,9544.500990302071,475.3272388748359,495.1866136205228
1,"[7, 9, 15, 17]","Q2-010,Q2-014,Q2-019,Q2-024",3072.8026695877907,9049.314376681548,2378.9405910828277,109.2283853,23.0645473,216.0124969482422,266.0124969482422,50.0,2.12346059646222,33.64185636055562,9544.702496598864,483.8620785049629,495.38811991731643
1,"[7, 12, 13, 17]","Q2-011,Q2-014,Q2-019,Q2-023",3072.8026695877907,9049.314376681548,2365.8119564650433,109.205253,23.0563957,383.214111328125,533.214111328125,150.0,2.1241297540186332,33.620945186917716,9580.097932414972,496.9907131227473,530.7835557334245
1,"[7, 12, 13, 17]","Q2-011,Q2-014,Q2-019,Q2-023",3072.8026695877907,9049.314376681548,2348.8828462791735,109.2140936,23.064231,219.01132202148438,469.0113220214844,250.0,2.1394918780821097,33.14087880993407,9591.676810158622,513.9198233086173,542.3624334770743
1,"[7, 12, 13, 17]","Q2-011,Q2-014,Q2-019,Q2-023",3072.8026695877907,9049.314376681548,2303.125918874114,109.2127472,23.0695113,241.33206176757812,491.3320617675781,250.0,2.1671449027985545,32.27672178754517,9639.29379920919,559.6767507136767,589.9794225276415
1,"[3, 7, 11, 12]","Q2-002,Q2-019,Q2-022,Q2-023",665.8377548840872,7064.370293138523,41.12516543170835,109.2026722,23.036099,413.75677490234375,663.7567749023438,250.0,2.191270046741354,31.522811039332687,7523.754280499431,414.71258945237884,459.38398736090744
1,"[3, 7, 11, 12]","Q2-002,Q2-019,Q2-022,Q2-023",665.8377548840872,7064.370293138523,24.968523299393496,109.2028191,23.0394186,507.341552734375,657.341552734375,150.0,2.202046618170569,31.18604318216972,7539.376320784415,430.8692315846937,475.0060276458916
1,"[3, 7, 11, 12]","Q2-002,Q2-019,Q2-022,Q2-023",665.8377548840872,7064.370293138523,23.076600109196704,109.2023786,23.0394548,506.3517150878906,656.3517150878906,150.0,2.2033254388849777,31.14608003484445,7541.185757504071,432.7611547748905,476.815464365548
1,"[3, 7, 11, 12]","Q2-002,Q2-019,Q2-022,Q2-023",665.8377548840872,7064.370293138523,23.219971569453776,109.2016151,23.0389821,502.75048828125,652.75048828125,150.0,2.203488849164482,31.140973463609946,7540.742283809927,432.6177833146334,476.3719906714042
1,"[3, 10, 11, 14]","Q2-002,Q2-009,Q2-012,Q2-022",665.8377548840872,7335.541873170331,162.15182029582274,109.2098548,23.0243904,260.7437438964844,560.7437438964844,300.0,2.20409996432028,31.121876114991252,7665.314786416636,293.68593458826444,329.7729132463048
1,"[3, 10, 11, 14]","Q2-002,Q2-009,Q2-012,Q2-022",665.8377548840872,7335.541873170331,162.151349688815,109.2098548,23.0243905,260.7437438964844,560.7437438964844,300.0,2.2041002649858683,31.121866719191615,7665.315257023643,293.6864051952722,329.77338385331257
1,"[3, 7, 11, 14]","Q2-002,Q2-012,Q2-019,Q2-022",665.8377548840872,7335.541873170331,143.48156387457664,109.2118354,23.0289641,278.87579345703125,578.8757934570312,300.0,2.2147442238555253,30.789243004514844,7685.496046967928,312.35619100951055,349.95417379759647
1,"[3, 10, 11, 14]","Q2-002,Q2-009,Q2-012,Q2-022",665.8377548840872,7335.541873170331,106.20226683438142,109.2028191,23.0194186,395.601806640625,695.601806640625,300.0,2.230295994162025,30.303250182436724,7732.502511773422,349.63548804970577,396.9606386030912
1,"[3, 10, 11, 14]","Q2-002,Q2-009,Q2-012,Q2-022",665.8377548840872,7335.541873170331,118.10543234781807,109.2026722,23.026099,399.3949890136719,549.3949890136719,150.0,2.2330443359202796,30.21736450249126,7708.415444791073,337.7323225362691,372.8735716207418
1,"[5, 7, 16, 17]","Q2-003,Q2-013,Q2-014,Q2-019",2792.8587839561833,9520.859726050387,2242.9341339723424,109.2611178,23.0097988,360.46240234375,660.46240234375,300.0,2.244393044230606,29.862717367793568,9905.181242896208,339.92464998384105,384.3215168458202
1,"[3, 7, 11, 14]","Q2-002,Q2-012,Q2-019,Q2-022",665.8377548840872,7335.541873170331,91.60787108887746,109.2098548,23.0343905,326.8687744140625,626.8687744140625,300.0,2.2444872889613934,29.85977221995646,7741.369154833379,364.22988379520973,405.8272816630483
1,"[3, 7, 11, 14]","Q2-002,Q2-012,Q2-019,Q2-022",665.8377548840872,7335.541873170331,60.96138835379554,109.205253,23.0363957,374.7220458984375,624.7220458984375,250.0,2.26421899959319,29.24315626271281,7771.836743525493,394.87636653029165,436.2948703551615
1,"[5, 6, 8, 16]","Q2-003,Q2-004,Q2-013,Q2-021",2792.8587839561833,9520.859726050387,2064.0746052701343,109.2813839,23.0310882,419.8471374511719,669.8471374511719,250.0,2.3579998614725435,26.31250432898302,10084.822832857366,518.784178686049,563.96310680698
1,"[5, 6, 8, 16]","Q2-003,Q2-004,Q2-013,Q2-021",2792.8587839561833,9520.859726050387,2051.5746052701343,109.2813839,23.0310882,419.8471374511719,719.8471374511719,300.0,2.362445391468685,26.173581516603594,10101.489499524034,531.284178686049,580.6297734736468
1,"[4, 7, 8, 17]","Q2-006,Q2-014,Q2-019,Q2-021",1766.9535991150958,9049.314376681548,1229.2179040950762,109.2216152,23.0389821,250.56883239746094,500.56883239746094,250.0,2.4173157069255993,24.458884158575025,9408.122474401356,327.73569502001965,358.8080977198081
1,"[4, 7, 8, 17]","Q2-006,Q2-014,Q2-019,Q2-021",1766.9535991150958,9049.314376681548,1229.2171900637104,109.2216152,23.0389822,250.56883239746094,500.56883239746094,250.0,2.417316163112305,24.458869902740478,9408.123188432723,327.73640905138535,358.8088117511737
1,"[4, 7, 8, 17]","Q2-006,Q2-014,Q2-019,Q2-021",1766.9535991150958,9049.314376681548,1221.3377390249316,109.2300851,23.0391154,262.3955383300781,562.3955383300781,300.0,2.4179722074830092,24.43836851615596,9421.154864965885,335.61586009016435,371.84048828433754
1,"[5, 9, 15, 16]","Q2-003,Q2-010,Q2-013,Q2-024",2792.8587839561833,9520.859726050387,1975.582827428425,109.2882243,23.0501472,262.9248962402344,562.9248962402344,300.0,2.422107612453668,24.30913711082289,10164.404423931497,607.2759565277585,643.5446978811113
1,"[4, 7, 8, 17]","Q2-006,Q2-014,Q2-019,Q2-021",1766.9535991150958,9049.314376681548,1222.6950174799379,109.229576,23.0423217,211.53001403808594,461.53001403808594,250.0,2.4242475087681714,24.24226535099465,9411.392126153214,334.25858163515795,362.07774947166513
1,"[4, 7, 8, 17]","Q2-006,Q2-014,Q2-019,Q2-021",1766.9535991150958,9049.314376681548,1220.8278239359643,109.2283853,23.0445473,251.49188232421875,401.49188232421875,150.0,2.429691835483304,24.07213014114675,9408.256142054364,336.1257751791316,358.9417653728165
1,"[12, 13, 14]","Q2-011,Q2-012,Q2-023",6143.930348428808,7418.107909908786,5519.21775897643,109.2026722,23.036099,413.75677490234375,663.7567749023438,250.0,0.6254949149491584,80.4532839078388,7877.491897269693,414.71258945237884,459.38398736090744
1,"[12, 13, 14]","Q2-011,Q2-012,Q2-023",6143.930348428808,7418.107909908786,5506.71775897643,109.2026722,23.036099,413.75677490234375,713.7567749023438,300.0,0.6299404449453003,80.31436109545936,7894.15856393636,427.21258945237884,476.0506540275742
1,"[12, 13, 14]","Q2-011,Q2-012,Q2-023",6143.930348428808,7418.107909908786,5503.061116844115,109.2028191,23.0394186,507.341552734375,657.341552734375,150.0,0.6362714863783733,80.11651605067584,7893.113937554677,430.8692315846937,475.0060276458916
1,"[11, 12, 14]","Q2-012,Q2-022,Q2-023",5603.283106471228,7335.541873170331,4978.570517018849,109.2026722,23.036099,413.75677490234375,663.7567749023438,250.0,0.7654641720994468,76.07924462189229,7794.925860531239,414.71258945237884,459.38398736090744
1,"[11, 12, 14]","Q2-012,Q2-022,Q2-023",5603.283106471228,7335.541873170331,4966.070517018849,109.2026722,23.036099,413.75677490234375,713.7567749023438,300.0,0.7699097020955887,75.94032180951285,7811.592527197905,427.21258945237884,476.0506540275742
1,"[11, 12, 14]","Q2-012,Q2-022,Q2-023",5603.283106471228,7335.541873170331,4962.413874886534,109.2028191,23.0394186,507.341552734375,657.341552734375,150.0,0.7762407435286617,75.74247676472933,7810.547900816223,430.8692315846937,475.0060276458916
1,"[4, 5, 6]","Q2-003,Q2-004,Q2-006",1766.9535991150958,3593.9894842822414,1074.6168206248415,109.2813839,23.0210882,378.3836364746094,628.3836364746094,250.0,0.8401330195012133,73.74584314058708,4118.04989914538,482.3367784902543,524.0604148631385
1,"[4, 5, 6]","Q2-003,Q2-004,Q2-006",1766.9535991150958,3593.9894842822414,1062.4318142342154,109.2814368,23.0192533,388.9375305175781,688.9375305175781,300.0,0.843629965221497,73.63656358682822,4135.2810633729205,494.52178488088055,541.2915790906787
1,"[4, 5, 6]","Q2-003,Q2-004,Q2-006",1766.9535991150958,3593.9894842822414,1062.1168206248415,109.2813839,23.0210882,378.3836364746094,678.3836364746094,300.0,0.8445785494973552,73.60692032820766,4134.716565812047,494.8367784902543,540.7270815298051
1,"[2, 3, 4]","Q2-002,Q2-005,Q2-006",660.2162961558483,2868.695443085245,36.73021882485341,109.2183003,23.0461338,314.61212158203125,614.6121215820312,300.0,0.9136723626101045,71.44773866843424,3322.757530548076,413.48607733099493,454.06208746283085
1,"[8, 10, 11]","Q2-009,Q2-021,Q2-022",4074.867035043299,6224.673557074716,3393.8331984994797,109.205253,23.0463957,438.9472351074219,688.9472351074219,250.0,0.9272474500724844,71.02351718523487,6742.477996544154,471.0338365438192,517.8044394694376
1,"[8, 10, 11]","Q2-009,Q2-021,Q2-022",4074.867035043299,6224.673557074716,3381.3331984994797,109.205253,23.0463957,438.9472351074219,738.9472351074219,300.0,0.9316929800686264,70.88459437285543,6759.14466321082,483.5338365438192,534.4711061361044
1,"[8, 10, 11]","Q2-009,Q2-021,Q2-022",4074.867035043299,6224.673557074716,3355.5501464710633,109.2023786,23.0494548,473.51116943359375,723.5111694335938,250.0,0.9492585383835093,70.33567067551533,6783.641376433085,509.3168885722355,558.9678193583683
1,"[5, 6, 8]","Q2-003,Q2-004,Q2-021",2792.8587839561833,5047.061098334569,2100.522005465929,109.2813839,23.0210882,378.3836364746094,628.3836364746094,250.0,0.9706560950935366,69.66699702832699,5571.121513197707,482.3367784902543,524.0604148631385
1,"[10, 11, 12]","Q2-009,Q2-022,Q2-023",4670.739025609486,7064.370293138523,4033.526436157107,109.2026722,23.036099,413.75677490234375,713.7567749023438,300.0,0.9719957440158467,69.62513299950479,7540.420947166098,427.21258945237884,476.0506540275742
1,"[12, 13, 15]","Q2-011,Q2-023,Q2-024",6143.930348428808,8342.59355138891,5428.517663512895,109.248284,23.0597292,257.8302917480469,557.8302917480469,300.0,0.9734247480641904,69.58047662299404,8883.850427283829,505.41268491591404,541.2568758949179
1,"[5, 6, 8]","Q2-003,Q2-004,Q2-021",2792.8587839561833,5047.061098334569,2088.3369990753026,109.2814368,23.0192533,388.9375305175781,688.9375305175781,300.0,0.9741530408138203,69.55771747456811,5588.352677425248,494.52178488088055,541.2915790906787
1,"[5, 6, 8]","Q2-003,Q2-004,Q2-021",2792.8587839561833,5047.061098334569,2088.022005465929,109.2813839,23.0210882,378.3836364746094,678.3836364746094,300.0,0.9751016250896785,69.52807421594756,5587.788179864374,494.8367784902543,540.7270815298051
1,"[12, 13, 15]","Q2-011,Q2-023,Q2-024",6143.930348428808,8342.59355138891,5421.916104857424,109.2485519,23.0603271,265.1324462890625,565.1324462890625,300.0,0.9771253331291886,69.46483333971285,8891.060498817717,512.0142435713844,548.4669474288063
1,"[12, 13, 15]","Q2-011,Q2-023,Q2-024",6143.930348428808,8342.59355138891,5422.877227899032,109.2475273,23.0617405,229.22308349609375,529.2230834960938,300.0,0.9790540825321574,69.40455992087008,8887.106928876696,511.05312052977655,544.5133774877844
1,"[10, 11, 14]","Q2-009,Q2-012,Q2-022",4670.739025609486,7335.541873170331,4167.053091021222,109.2098548,23.0243904,260.7437438964844,560.7437438964844,300.0,0.9803801315986299,69.36312088754282,7665.314786416636,293.68593458826444,329.7729132463048
1,"[10, 11, 14]","Q2-009,Q2-012,Q2-022",4670.739025609486,7335.541873170331,4167.052620414213,109.2098548,23.0243905,260.7437438964844,560.7437438964844,300.0,0.9803804322642182,69.36311149174318,7665.315257023643,293.6864051952722,329.77338385331257
1,"[12, 13, 15]","Q2-011,Q2-023,Q2-024",6143.930348428808,8342.59355138891,5421.611715455047,109.2383853,23.0645473,252.67234802246094,502.67234802246094,250.0,0.9817427050234999,69.32054046801564,8886.159880031211,512.3186329737619,543.5663286423003
1,"[13, 14, 17]","Q2-011,Q2-012,Q2-014",6592.6695205783035,9049.314376681548,5967.956931125925,109.2026722,23.036099,413.75677490234375,663.7567749023438,250.0,0.9868043660840458,69.16236355987357,9508.698364042455,414.71258945237884,459.38398736090744
1,"[10, 11, 12]","Q2-009,Q2-022,Q2-023",4670.739025609486,7064.370293138523,4004.869794024792,109.2028191,23.0394186,507.341552734375,757.341552734375,250.0,0.9872178454412035,69.14944232996238,7572.709654117748,455.8692315846937,508.3393609792249
1,"[12, 13, 15]","Q2-011,Q2-023,Q2-024",6143.930348428808,8342.59355138891,5417.457067074497,109.2380317,23.0665178,212.4075469970703,462.4075469970703,250.0,0.987248279593243,69.14849126271116,8886.95912832631,516.4732813543113,544.3655769374004
1,"[10, 11, 12]","Q2-009,Q2-022,Q2-023",4670.739025609486,7064.370293138523,4002.9778708345953,109.2023786,23.0394548,506.3517150878906,756.3517150878906,250.0,0.9884966661556119,69.10947918263713,7574.519090837404,457.7611547748905,510.14879769888137
1,"[10, 11, 12]","Q2-009,Q2-022,Q2-023",4670.739025609486,7064.370293138523,4003.1212422948524,109.2016151,23.0389821,502.75048828125,752.75048828125,250.0,0.9886600764351162,69.10437261140262,7574.07561714326,457.6177833146334,509.7053240047376
1,"[13, 14, 17]","Q2-011,Q2-012,Q2-014",6592.6695205783035,9049.314376681548,5955.456931125925,109.2026722,23.036099,413.75677490234375,713.7567749023438,300.0,0.9912498960801879,69.02344074749413,9525.365030709123,427.21258945237884,476.0506540275742
1,"[13, 14, 17]","Q2-011,Q2-012,Q2-014",6592.6695205783035,9049.314376681548,5951.80028899361,109.2028191,23.0394186,507.341552734375,657.341552734375,150.0,0.9975809375132607,68.8255957027106,9524.32040432744,430.8692315846937,475.0060276458916
1,"[10, 11, 14]","Q2-009,Q2-012,Q2-022",4670.739025609486,7335.541873170331,4111.10353755978,109.2028191,23.0194186,395.601806640625,695.601806640625,300.0,1.0065761614403752,68.54449495498828,7732.502511773422,349.63548804970577,396.9606386030912
1,"[10, 11, 14]","Q2-009,Q2-012,Q2-022",4670.739025609486,7335.541873170331,4123.006703073217,109.2026722,23.026099,399.3949890136719,549.3949890136719,150.0,1.0093245031986295,68.45860927504283,7708.415444791073,337.7323225362691,372.8735716207418
1,"[7, 8, 10]","Q2-009,Q2-019,Q2-021",3072.8026695877907,5528.567098301766,2416.7688330439714,109.205253,23.0463957,438.9472351074219,588.9472351074219,150.0,1.0118435282332046,68.37988974271236,6013.03820443787,446.0338365438192,484.47110613610437
1,"[7, 8, 10]","Q2-009,Q2-019,Q2-021",3072.8026695877907,5528.567098301766,2391.7688330439714,109.205253,23.0463957,438.9472351074219,688.9472351074219,250.0,1.0207345882254886,68.10204411795348,6046.371537771204,471.0338365438192,517.8044394694376
1,"[7, 8, 10]","Q2-009,Q2-019,Q2-021",3072.8026695877907,5528.567098301766,2379.2688330439714,109.205253,23.0463957,438.9472351074219,738.9472351074219,300.0,1.0251801182216305,67.96312130557405,6063.03820443787,483.5338365438192,534.4711061361044
1,"[7, 8, 10]","Q2-009,Q2-019,Q2-021",3072.8026695877907,5528.567098301766,2378.4857810155554,109.2023786,23.0494548,473.51116943359375,623.5111694335938,150.0,1.0338546165442295,67.69204323299283,6054.201584326801,484.3168885722355,525.634486025035
1,"[7, 8, 9]","Q2-010,Q2-019,Q2-021",3072.8026695877907,5514.212889101615,2391.272379702477,109.2375273,23.0617405,343.19439697265625,393.19439697265625,50.0,1.0349575186585165,67.65757754192137,6007.867712067983,471.5302898853139,493.6548229663686
1,"[7, 8, 9]","Q2-010,Q2-019,Q2-021",3072.8026695877907,5514.212889101615,2374.2081910631537,109.2375273,23.0617405,343.19439697265625,493.19439697265625,150.0,1.0414294549401069,67.45532953312166,6033.265234040639,488.5944785246368,519.0523449390248
1,"[7, 8, 9]","Q2-010,Q2-019,Q2-021",3072.8026695877907,5514.212889101615,2349.2081910631537,109.2375273,23.0617405,343.19439697265625,593.1943969726562,250.0,1.050320514932391,67.17748390836277,6066.598567373972,513.5944785246369,552.3856782723582
1,"[7, 8, 9]","Q2-010,Q2-019,Q2-021",3072.8026695877907,5514.212889101615,2362.4754307129547,109.2283853,23.0645473,216.0124969482422,466.0124969482422,250.0,1.0508501796017535,67.1609318874452,6042.732836055471,500.3272388748359,528.5199469538561
1,"[13, 15, 17]","Q2-011,Q2-014,Q2-024",6592.6695205783035,9049.314376681548,5870.350887604542,109.2383853,23.0645473,252.67234802246094,502.67234802246094,250.0,1.0605704323727936,66.85717398835021,9592.880705323849,512.3186329737619,543.5663286423003
1,"[13, 15, 17]","Q2-011,Q2-014,Q2-024",6592.6695205783035,9049.314376681548,5857.850887604542,109.2383853,23.0645473,252.67234802246094,552.6723480224609,300.0,1.0650159623689355,66.71825117597076,9609.547371990515,524.8186329737619,560.2329953089669
1,"[13, 15, 17]","Q2-011,Q2-014,Q2-024",6592.6695205783035,9049.314376681548,5866.344766041379,109.2383003,23.0661338,222.2758026123047,472.2758026123047,250.0,1.0652823276198262,66.70992726188044,9594.353781436164,516.3247545369243,545.0394047546164
1,"[13, 15, 17]","Q2-011,Q2-014,Q2-024",6592.6695205783035,9049.314376681548,5866.196239223992,109.2380317,23.0665178,212.4075469970703,462.4075469970703,250.0,1.0660760069425366,66.68512478304574,9593.679953618948,516.4732813543113,544.3655769374004
1,"[1, 2, 6]","Q2-001,Q2-004,Q2-005",651.9268419355427,3557.938935645693,95.26172967595511,109.2660168,23.0094009,304.2348327636719,554.2348327636719,250.0,1.0883916713243131,65.98776027111522,3940.1486173022536,346.6651122595876,382.20968165656024
1,"[1, 2, 6]","Q2-001,Q2-004,Q2-005",651.9268419355427,3557.938935645693,82.76172967595511,109.2660168,23.0094009,304.2348327636719,604.2348327636719,300.0,1.0928372013204553,65.84883745873577,3956.81528396892,359.1651122595876,398.8763483232269
1,"[1, 2, 6]","Q2-001,Q2-004,Q2-005",651.9268419355427,3557.938935645693,88.89518236249529,109.2672242,23.0068596,295.897216796875,545.897216796875,250.0,1.0930495877761863,65.84220038199418,3945.820363285147,353.0316595730474,387.88142763945365
1,"[10, 12, 14]","Q2-009,Q2-012,Q2-023",4670.739025609486,7335.541873170331,3976.4221370372506,109.2023786,23.0494548,473.51116943359375,623.5111694335938,150.0,1.0977274667474397,65.6960166641425,7861.176359195366,484.3168885722355,525.634486025035
1,"[2, 5, 6]","Q2-003,Q2-004,Q2-005",660.2162961558483,3593.9894842822414,50.687706297363434,109.2714368,23.0092533,317.9043273925781,617.9043273925781,300.0,1.126139576211806,64.80813824338107,4034.3684347567746,399.5285898584849,440.3789504745331
1,"[1, 5, 6]","Q2-001,Q2-003,Q2-004",651.9268419355427,3593.9894842822414,31.35186821789665,109.2735966,23.0052097,449.24853515625,599.24853515625,150.0,1.137050923824898,64.46715863047194,4043.860169262908,410.57497371764606,449.8706849806669
1,"[1, 5, 6]","Q2-001,Q2-003,Q2-004",651.9268419355427,3593.9894842822414,31.644414062300825,109.2735966,23.0152097,335.4212341308594,585.4212341308594,250.0,1.1378431531530473,64.44240146396727,4042.4153483330547,410.2824278732419,448.4258640508135
1,"[2, 5, 6]","Q2-003,Q2-004,Q2-005",660.2162961558483,3593.9894842822414,27.433868282606454,109.2735966,23.0152097,335.4212341308594,635.4212341308594,300.0,1.1397557943596517,64.38263142626089,4059.0820149997217,422.7824278732419,465.09253071748014
1,"[2, 5, 6]","Q2-003,Q2-004,Q2-005",660.2162961558483,3593.9894842822414,28.279783903374152,109.2741242,23.0141753,372.540283203125,622.540283203125,250.0,1.1401274693005572,64.37101658435759,4057.162686801643,421.9365122524742,463.1732025194013
1,"[1, 5, 6]","Q2-001,Q2-003,Q2-004",651.9268419355427,3593.9894842822414,11.622002246653267,109.2714368,22.9992533,457.6918640136719,707.6918640136719,250.0,1.141977067929253,64.31321662721086,4072.6269793056035,430.30483968888944,478.63749502336213
1,"[9, 12, 13]","Q2-010,Q2-011,Q2-023",4663.213337744348,7418.107909908786,3947.800652828434,109.248284,23.0597292,257.8302917480469,557.8302917480469,300.0,1.1433843330988485,64.26923959066099,7959.364785803704,505.41268491591404,541.2568758949179
1,"[9, 12, 13]","Q2-010,Q2-011,Q2-023",4663.213337744348,7418.107909908786,3941.1990941729637,109.2485519,23.0603271,265.1324462890625,565.1324462890625,300.0,1.1470849181638467,64.15359630737979,7966.574857337592,512.0142435713844,548.4669474288063
1,"[9, 12, 13]","Q2-010,Q2-011,Q2-023",4663.213337744348,7418.107909908786,3942.1602172145713,109.2475273,23.0617405,229.22308349609375,529.2230834960938,300.0,1.1490136675668154,64.09332288853702,7962.62128739657,511.05312052977655,544.5133774877844
1,"[1, 5, 6]","Q2-001,Q2-003,Q2-004",651.9268419355427,3593.9894842822414,12.393765567712421,109.2760168,23.0194009,321.5816650390625,571.5816650390625,250.0,1.15112218091946,64.02743184626686,4060.512699403327,429.5330763678303,466.5232151210855
1,"[9, 12, 13]","Q2-010,Q2-011,Q2-023",4663.213337744348,7418.107909908786,3940.894704770586,109.2383853,23.0645473,252.67234802246094,502.67234802246094,250.0,1.151702290058158,64.00930343568257,7961.674238551086,512.3186329737619,543.5663286423003
1,"[2, 3, 7]","Q2-002,Q2-005,Q2-019",660.2162961558483,3868.5404781358166,137.8601051463378,109.2118354,23.0289641,278.87579345703125,578.8757934570312,300.0,1.1571003544286074,63.84061392410602,4218.4946519334135,312.35619100951055,349.95417379759647
1,"[9, 12, 13]","Q2-010,Q2-011,Q2-023",4663.213337744348,7418.107909908786,3936.7400563900364,109.2380317,23.0665178,212.4075469970703,462.4075469970703,250.0,1.157207864627901,63.83725423037809,7962.473486846186,516.4732813543113,544.3655769374004
1,"[7, 8, 11]","Q2-019,Q2-021,Q2-022",3072.8026695877907,6224.673557074716,2522.0368473057815,109.2117995,23.0340104,273.09771728515625,573.0977172851562,300.0,1.1584104893717737,63.799672207132076,6602.555855797154,340.765822282009,377.8822987224387
1,"[7, 8, 11]","Q2-019,Q2-021,Q2-022",3072.8026695877907,6224.673557074716,2522.036460738284,109.2117994,23.0340104,273.09771728515625,573.0977172851562,300.0,1.1584107363454528,63.7996644892046,6602.5562423646525,340.76620884950665,377.8826852899363
1,"[5, 8, 9]","Q2-003,Q2-010,Q2-021",2792.8587839561833,5514.212889101615,2033.4178536478794,109.2704517,23.0564393,240.0836181640625,540.0836181640625,300.0,1.1625216845906339,63.6711973565427,6098.01912092359,549.4409303083039,583.8062318219758
1,"[5, 8, 9]","Q2-003,Q2-010,Q2-021",2792.8587839561833,5514.212889101615,2024.6407869410177,109.2711211,23.05481,302.0443420410156,602.0443420410156,300.0,1.1637417156101133,63.63307138718396,6111.959581286865,558.2179970151655,597.7466921852501
1,"[7, 10, 11]","Q2-009,Q2-019,Q2-022",3072.8026695877907,6224.673557074716,2492.004049730927,109.2018354,23.0189641,460.4661560058594,760.4661560058594,300.0,1.1643302469310823,63.61467978340367,6648.202689932068,370.7986198568639,423.52913285735224
1,"[7, 10, 11]","Q2-009,Q2-019,Q2-022",3072.8026695877907,6224.673557074716,2488.9875969027357,109.2016151,23.0189821,466.7370300292969,766.7370300292969,300.0,1.1658133743640362,63.56833205112387,6651.741715595545,373.8150726850548,427.06815852082957
1,"[5, 8, 9]","Q2-003,Q2-010,Q2-021",2792.8587839561833,5514.212889101615,2017.0107297723468,109.2731357,23.054464,305.53826904296875,605.5382690429688,300.0,1.1683690637175603,63.48846675882625,6119.880799039031,565.8480541838364,605.6679099374171
1,"[5, 8, 9]","Q2-003,Q2-010,Q2-021",2792.8587839561833,5514.212889101615,2024.428628081263,109.268284,23.0597292,231.11607360839844,531.1160736083984,300.0,1.1688998073028896,63.471881021784704,6106.261051110568,558.43015587492,592.0481620089532
1,"[2, 5, 7]","Q2-003,Q2-005,Q2-019",660.2162961558483,3868.5404781358166,110.29164617200729,109.2611178,23.0097988,360.46240234375,660.46240234375,300.0,1.1689362564179224,63.47074198693993,4252.861994981637,339.92464998384105,384.3215168458202
1,"[7, 10, 11]","Q2-009,Q2-019,Q2-022",3072.8026695877907,6224.673557074716,2487.5703470515214,109.2026722,23.026099,399.3949890136719,699.3949890136719,300.0,1.1714874387200245,63.39101753999924,6647.547128695458,375.2323225362691,422.8735716207418
1,"[12, 13, 17]","Q2-011,Q2-014,Q2-023",6143.930348428808,9049.314376681548,5447.476718335095,109.2117995,23.0540104,327.6148681640625,627.6148681640625,300.0,1.1723129339219303,63.36522081493968,9577.427579122266,486.4536300937132,528.1132024407184
1,"[12, 13, 17]","Q2-011,Q2-014,Q2-023",6143.930348428808,9049.314376681548,5447.476473029539,109.2117994,23.0540104,327.6148681640625,627.6148681640625,300.0,1.1723130906449242,63.36521591734612,9577.427824427823,486.4538753992689,528.1134477462741
1,"[2, 4, 7]","Q2-005,Q2-006,Q2-019",660.2162961558483,3868.5404781358166,122.48060113582869,109.2216152,23.0389821,250.56883239746094,500.56883239746094,250.0,1.1724711916075066,63.36027526226542,4227.348575855624,327.73569502001965,358.8080977198081
1,"[2, 4, 7]","Q2-005,Q2-006,Q2-019",660.2162961558483,3868.5404781358166,122.47988710446299,109.2216152,23.0389822,250.56883239746094,500.56883239746094,250.0,1.1724716477942123,63.36026100643086,4227.34928988699,327.73640905138535,358.8088117511737
1,"[2, 4, 7]","Q2-005,Q2-006,Q2-019",660.2162961558483,3868.5404781358166,114.600436065684,109.2300851,23.0391154,262.3955383300781,562.3955383300781,300.0,1.1731276921649167,63.33975961984635,4240.380966420154,335.61586009016435,371.84048828433754
1,"[7, 10, 11]","Q2-009,Q2-019,Q2-022",3072.8026695877907,6224.673557074716,2487.3647196811708,109.2028191,23.0294186,344.7291259765625,644.7291259765625,300.0,1.1754897902082464,63.26594405599231,6643.197267479382,375.4379499066197,418.52371040466653
1,"[2, 4, 7]","Q2-005,Q2-006,Q2-019",660.2162961558483,3868.5404781358166,115.95771452069039,109.229576,23.0423217,211.53001403808594,461.53001403808594,250.0,1.1794029934500787,63.14365645468505,4230.6182276074815,334.25858163515795,362.07774947166513
1,"[7, 8, 11]","Q2-019,Q2-021,Q2-022",3072.8026695877907,6224.673557074716,2480.708772326066,109.219576,23.0423217,307.3179626464844,607.3179626464844,300.0,1.1823913461859623,63.05027043168868,6646.735617890314,382.0938972617244,422.0620608155981
1,"[2, 4, 7]","Q2-005,Q2-006,Q2-019",660.2162961558483,3868.5404781358166,114.09052097671673,109.2283853,23.0445473,251.49188232421875,401.49188232421875,150.0,1.1848473201652114,62.97352124483715,4227.4822435086335,336.1257751791316,358.9417653728165
1,"[12, 13, 17]","Q2-011,Q2-014,Q2-023",6143.930348428808,9049.314376681548,5436.939635306061,109.205253,23.0563957,383.214111328125,533.214111328125,150.0,1.1857296299283222,62.945949064739935,9580.097932414972,496.9907131227473,530.7835557334245
1,"[4, 7, 8]","Q2-006,Q2-019,Q2-021",1766.9535991150958,5047.061098334569,1229.2179040950762,109.2216152,23.0389821,250.56883239746094,500.56883239746094,250.0,1.194404982986244,62.674844281679874,5405.8691960543765,327.73569502001965,358.8080977198081
1,"[4, 7, 8]","Q2-006,Q2-019,Q2-021",1766.9535991150958,5047.061098334569,1229.2171900637104,109.2216152,23.0389822,250.56883239746094,500.56883239746094,250.0,1.19440543917295,62.67483002584532,5405.869910085742,327.73640905138535,358.8088117511737
1,"[4, 7, 8]","Q2-006,Q2-019,Q2-021",1766.9535991150958,5047.061098334569,1221.3377390249316,109.2300851,23.0391154,262.3955383300781,562.3955383300781,300.0,1.1950614835436544,62.654328639260804,5418.901586618907,335.61586009016435,371.84048828433754
1,"[8, 10, 12]","Q2-009,Q2-021,Q2-023",4074.867035043299,7064.370293138523,3380.5501464710633,109.2023786,23.0494548,473.51116943359375,623.5111694335938,150.0,1.1969414810773888,62.5955787163316,7590.004779163558,484.3168885722355,525.634486025035
1,"[4, 7, 8]","Q2-006,Q2-019,Q2-021",1766.9535991150958,5047.061098334569,1222.6950174799379,109.229576,23.0423217,211.53001403808594,461.53001403808594,250.0,1.2013367848288161,62.45822547409949,5409.138847806234,334.25858163515795,362.07774947166513
1,"[4, 7, 8]","Q2-006,Q2-019,Q2-021",1766.9535991150958,5047.061098334569,1220.8278239359643,109.2283853,23.0445473,251.49188232421875,401.49188232421875,150.0,1.206781111543949,62.28809026425159,5406.002863707386,336.1257751791316,358.9417653728165
1,"[8, 9, 12]","Q2-010,Q2-021,Q2-023",4074.867035043299,7064.370293138523,3359.4543501273847,109.248284,23.0597292,257.8302917480469,557.8302917480469,300.0,1.2150703204665887,62.0290524854191,7605.6271690334415,505.41268491591404,541.2568758949179
1,"[3, 4, 7]","Q2-002,Q2-006,Q2-019",665.8377548840872,3868.5404781358166,42.35167755309226,109.2183003,23.0461338,314.61212158203125,614.6121215820312,300.0,1.2174628998197061,61.954284380634185,4322.602565598648,413.48607733099493,454.06208746283085
1,"[8, 9, 12]","Q2-010,Q2-021,Q2-023",4074.867035043299,7064.370293138523,3352.8527914719143,109.2485519,23.0603271,265.1324462890625,565.1324462890625,300.0,1.218770905531587,61.913409202137906,7612.83724056733,512.0142435713844,548.4669474288063
1,"[8, 9, 12]","Q2-010,Q2-021,Q2-023",4074.867035043299,7064.370293138523,3353.8139145135224,109.2475273,23.0617405,229.22308349609375,529.2230834960938,300.0,1.220699654934556,61.85313578329513,7608.883670626307,511.05312052977655,544.5133774877844
1,"[8, 9, 12]","Q2-010,Q2-021,Q2-023",4074.867035043299,7064.370293138523,3352.548402069537,109.2383853,23.0645473,252.67234802246094,502.67234802246094,250.0,1.2233882774258984,61.769116330440674,7607.936621780824,512.3186329737619,543.5663286423003
1,"[8, 11, 14]","Q2-012,Q2-021,Q2-022",4074.867035043299,7335.541873170331,3469.723604931125,109.2183853,23.0445473,336.8330078125,586.8330078125,250.0,1.225424772198306,61.70547586880294,7768.94638726688,395.1434301121741,433.40451409654906
1,"[8, 9, 12]","Q2-010,Q2-021,Q2-023",4074.867035043299,7064.370293138523,3348.3937536889875,109.2380317,23.0665178,212.4075469970703,462.4075469970703,250.0,1.2288938519956414,61.597067125136206,7608.735870075923,516.4732813543113,544.3655769374004
1,"[11, 14, 17]","Q2-012,Q2-014,Q2-022",5603.283106471228,9049.314376681548,5080.926915461718,109.2118354,23.0289641,278.87579345703125,578.8757934570312,300.0,1.2297330758323262,61.570841380239806,9399.268550479144,312.35619100951055,349.95417379759647
1,"[8, 11, 14]","Q2-012,Q2-021,Q2-022",4074.867035043299,7335.541873170331,3457.223604931125,109.2183853,23.0445473,336.8330078125,636.8330078125,300.0,1.2298703021944482,61.56655305642349,7785.613053933547,407.6434301121741,450.0711807632158
1,"[13, 15, 16]","Q2-011,Q2-013,Q2-024",6592.6695205783035,9520.859726050387,5824.239364703383,109.268284,23.0597292,231.11607360839844,531.1160736083984,300.0,1.2320997268471443,61.496883536026736,10112.90788805934,558.43015587492,592.0481620089532
1,"[8, 11, 14]","Q2-012,Q2-021,Q2-022",4074.867035043299,7335.541873170331,3451.380957712304,109.2183003,23.0461338,314.61212158203125,614.6121215820312,300.0,1.2351766015871597,61.40073120040126,7789.603960633162,413.48607733099493,454.06208746283085
1,"[13, 15, 16]","Q2-011,Q2-013,Q2-024",6592.6695205783035,9520.859726050387,5816.372075032538,109.2682243,23.0601472,253.1918182373047,553.1918182373047,300.0,1.235562831512878,61.388661515222566,10122.614823115928,566.2974455457655,601.7550970655409
1,"[13, 15, 16]","Q2-011,Q2-013,Q2-024",6592.6695205783035,9520.859726050387,5814.472773748344,109.2685519,23.0603271,251.388671875,551.388671875,300.0,1.2369039577191603,61.34675132127625,10124.363862203263,568.19674682996,603.5041361528766
1,"[11, 14, 17]","Q2-012,Q2-014,Q2-022",5603.283106471228,9049.314376681548,5022.484486614364,109.2018354,23.0189641,460.4661560058594,760.4661560058594,300.0,1.254212586096564,60.80585668448237,9472.843509538901,370.7986198568639,423.52913285735224
1,"[11, 14, 17]","Q2-012,Q2-014,Q2-022",5603.283106471228,9049.314376681548,5019.468033786174,109.2016151,23.0189821,466.7370300292969,766.7370300292969,300.0,1.255695713529518,60.759508952202566,9476.382535202378,373.8150726850548,427.06815852082957
1,"[8, 10, 14]","Q2-009,Q2-012,Q2-021",4074.867035043299,7335.541873170331,3418.8331984994797,109.205253,23.0463957,438.9472351074219,588.9472351074219,150.0,1.2577883755538608,60.69411326394185,7820.012979306435,446.0338365438192,484.47110613610437
1,"[11, 14, 17]","Q2-012,Q2-014,Q2-022",5603.283106471228,9049.314376681548,5029.053222676019,109.2098548,23.0343905,326.8687744140625,626.8687744140625,300.0,1.2594761409381943,60.64137059568143,9455.141658344597,364.22988379520973,405.8272816630483
1,"[11, 14, 17]","Q2-012,Q2-014,Q2-022",5603.283106471228,9049.314376681548,5017.845156564608,109.2028191,23.0294186,344.7291259765625,644.7291259765625,300.0,1.2653721293737281,60.457120957071,9467.838087086215,375.4379499066197,418.52371040466653
1,"[4, 5, 8]","Q2-003,Q2-006,Q2-021",1766.9535991150958,5047.061098334569,1089.3417813462208,109.2760168,23.0294009,368.63653564453125,618.6365356445312,250.0,1.2754097180232589,60.14344631177316,5555.584294073821,467.611817768875,508.5231957392526
1,"[4, 5, 8]","Q2-003,Q2-006,Q2-021",1766.9535991150958,5047.061098334569,1093.1964700417218,109.2741242,23.0341753,327.816162109375,577.816162109375,250.0,1.2758375571184688,60.13007634004786,5548.327907583724,463.75712907337396,501.26680924915524
1,"[4, 5, 8]","Q2-003,Q2-006,Q2-021",1766.9535991150958,5047.061098334569,1087.3485574519452,109.2641424,23.0452989,286.486328125,586.486328125,300.0,1.278959774974099,60.0325070320594,5554.898334008136,469.6050416631506,507.8372356735673
1,"[4, 5, 8]","Q2-003,Q2-006,Q2-021",1766.9535991150958,5047.061098334569,1086.5621845019316,109.2711211,23.04481,321.0049133300781,471.0049133300781,150.0,1.287639606241442,59.76126230495494,5546.061255725239,470.39141461316416,499.00015739067067
1,"[4, 5, 8]","Q2-003,Q2-006,Q2-021",1766.9535991150958,5047.061098334569,1083.8436100996423,109.2731357,23.044464,299.11383056640625,449.11383056640625,150.0,1.290926616305068,59.65854324046662,5546.955573230556,473.10998901545355,499.8944748959874
1,"[4, 5, 8]","Q2-003,Q2-006,Q2-021",1766.9535991150958,5047.061098334569,1085.3826223731494,109.2682243,23.0501472,262.5942077636719,412.5942077636719,150.0,1.292529372200084,59.60845711874738,5542.373259056822,471.5709767419465,495.3121607222525
1,"[8, 12, 14]","Q2-012,Q2-021,Q2-023",4074.867035043299,7335.541873170331,3342.8763219205516,109.205253,23.0563957,383.214111328125,633.214111328125,250.0,1.3031817707155287,59.27556966513974,7899.658762237089,521.9907131227474,564.1168890667577
1,"[8, 12, 13]","Q2-011,Q2-021,Q2-023",4074.867035043299,7418.107909908786,3378.413404949586,109.2117995,23.0540104,327.6148681640625,627.6148681640625,300.0,1.3061025259424919,59.184296064297136,7946.2211123495035,486.4536300937132,528.1132024407184
1,"[8, 12, 13]","Q2-011,Q2-021,Q2-023",4074.867035043299,7418.107909908786,3378.41315964403,109.2117994,23.0540104,327.6148681640625,627.6148681640625,300.0,1.3061026826654858,59.184291166703574,7946.221357655059,486.4538753992689,528.1134477462741
1,"[8, 12, 14]","Q2-012,Q2-021,Q2-023",4074.867035043299,7335.541873170331,3330.3763219205516,109.205253,23.0563957,383.214111328125,683.214111328125,300.0,1.3076273007116705,59.1366468527603,7916.325428903756,534.4907131227474,580.7835557334244
1,"[8, 12, 13]","Q2-011,Q2-021,Q2-023",4074.867035043299,7418.107909908786,3368.828633523867,109.2611211,23.05481,259.621826171875,509.621826171875,250.0,1.3205814086324292,58.73183098023659,7945.973130275874,496.038401519432,527.8652203670882
1,"[8, 12, 13]","Q2-011,Q2-021,Q2-023",4074.867035043299,7418.107909908786,3366.3139145135224,109.2475273,23.0617405,229.22308349609375,479.22308349609375,250.0,1.3243406189515496,58.61435565776407,7945.954620729904,498.55312052977655,527.8467108211178
1,"[12, 13, 16]","Q2-011,Q2-013,Q2-023",6143.930348428808,9520.859726050387,5437.891946909376,109.2611211,23.05481,259.621826171875,509.621826171875,250.0,1.3308751178079017,58.41015256850308,10048.724946417475,496.038401519432,527.8652203670882
1,"[8, 12, 14]","Q2-012,Q2-021,Q2-023",4074.867035043299,7335.541873170331,3287.279804292576,109.2023786,23.0594548,439.31622314453125,739.3162231445312,300.0,1.3311885054218473,58.40035920556728,7964.097122516432,577.5872307507229,628.5552493461005
1,"[12, 13, 16]","Q2-011,Q2-013,Q2-023",6143.930348428808,9520.859726050387,5425.391946909376,109.2611211,23.05481,259.621826171875,559.621826171875,300.0,1.3353206478040436,58.271229756123645,10065.39161308414,508.538401519432,544.531887033755
1,"[12, 13, 16]","Q2-011,Q2-013,Q2-023",6143.930348428808,9520.859726050387,5413.893064710012,109.2641424,23.0552989,249.48873901367188,549.4887390136719,300.0,1.3433846962164329,58.019228243236476,10076.046071353656,520.037283718796,555.1863453032686
1,"[16, 17, 19]","Q2-013,Q2-014,Q2-020",8349.751024161696,12286.815220672517,7799.8263741778555,109.2611178,23.0097988,360.46240234375,660.46240234375,300.0,1.391606816413461,56.51228698707935,12671.136737518338,339.92464998384105,384.3215168458202
1,"[14, 17, 18]","Q2-012,Q2-014,Q2-025",6652.914822662326,10634.438145894339,6072.116202805461,109.2018354,23.0189641,460.4661560058594,760.4661560058594,300.0,1.4178351578531925,55.69265131708774,11057.967278751692,370.7986198568639,423.52913285735224
1,"[14, 17, 18]","Q2-012,Q2-014,Q2-025",6652.914822662326,10634.438145894339,6069.099749977271,109.2016151,23.0189821,466.7370300292969,766.7370300292969,300.0,1.4193182852861463,55.64630358480793,11061.506304415168,373.8150726850548,427.06815852082957
1,"[14, 17, 18]","Q2-012,Q2-014,Q2-025",6652.914822662326,10634.438145894339,6067.682500126057,109.2026722,23.026099,399.3949890136719,699.3949890136719,300.0,1.4249923496421346,55.4689890736833,11057.31171751508,375.2323225362691,422.8735716207418
1,"[14, 17, 18]","Q2-012,Q2-014,Q2-025",6652.914822662326,10634.438145894339,6067.476872755706,109.2028191,23.0294186,344.7291259765625,644.7291259765625,300.0,1.4289947011303565,55.343915589676364,11052.961856299005,375.4379499066197,418.52371040466653
1,"[4, 8, 9]","Q2-006,Q2-010,Q2-021",1766.9535991150958,5514.212889101615,1051.5409141991818,109.248284,23.0597292,257.8302917480469,557.8302917480469,300.0,1.4466068857667065,54.79353481979042,6055.469764996533,505.41268491591404,541.2568758949179
1,"[4, 8, 9]","Q2-006,Q2-010,Q2-021",1766.9535991150958,5514.212889101615,1044.9393555437114,109.2485519,23.0603271,265.1324462890625,565.1324462890625,300.0,1.4503074708317047,54.67789153650923,6062.679836530421,512.0142435713844,548.4669474288063
1,"[4, 8, 9]","Q2-006,Q2-010,Q2-021",1766.9535991150958,5514.212889101615,1045.9004785853192,109.2475273,23.0617405,229.22308349609375,529.2230834960938,300.0,1.4522362202346735,54.61761811766645,6058.726266589399,511.05312052977655,544.5133774877844
1,"[7, 11, 12]","Q2-019,Q2-022,Q2-023",3072.8026695877907,7064.370293138523,2448.090080135412,109.2026722,23.036099,413.75677490234375,663.7567749023438,250.0,1.4558085450263338,54.50598296792707,7523.754280499431,414.71258945237884,459.38398736090744
1,"[7, 11, 12]","Q2-019,Q2-022,Q2-023",3072.8026695877907,7064.370293138523,2431.933438003097,109.2028191,23.0394186,507.341552734375,657.341552734375,150.0,1.4665851164555486,54.169215110764114,7539.376320784415,430.8692315846937,475.0060276458916
1,"[7, 11, 12]","Q2-019,Q2-022,Q2-023",3072.8026695877907,7064.370293138523,2430.0415148129,109.2023786,23.0394548,506.3517150878906,656.3517150878906,150.0,1.4678639371699571,54.12925196343884,7541.185757504071,432.7611547748905,476.815464365548
1,"[7, 11, 12]","Q2-019,Q2-022,Q2-023",3072.8026695877907,7064.370293138523,2430.184886273157,109.2016151,23.0389821,502.75048828125,652.75048828125,150.0,1.4680273474494614,54.12414539220434,7540.742283809927,432.6177833146334,476.3719906714042
1,"[7, 11, 14]","Q2-012,Q2-019,Q2-022",3072.8026695877907,7335.541873170331,2550.44647857828,109.2118354,23.0289641,278.87579345703125,578.8757934570312,300.0,1.4792827221405043,53.772414933109246,7685.496046967928,312.35619100951055,349.95417379759647
1,"[7, 8, 12]","Q2-019,Q2-021,Q2-023",3072.8026695877907,7064.370293138523,2376.3490394940773,109.2117995,23.0540104,327.6148681640625,627.6148681640625,300.0,1.5042023658185393,52.99367606817065,7592.483495579241,486.4536300937132,528.1132024407184
1,"[7, 8, 12]","Q2-019,Q2-021,Q2-023",3072.8026695877907,7064.370293138523,2376.348794188522,109.2117994,23.0540104,327.6148681640625,627.6148681640625,300.0,1.5042025225415332,52.993671170577095,7592.483740884797,486.4538753992689,528.1134477462741
1,"[7, 11, 14]","Q2-012,Q2-019,Q2-022",3072.8026695877907,7335.541873170331,2498.572785792581,109.2098548,23.0343905,326.8687744140625,626.8687744140625,300.0,1.5090257872463724,52.84294414855086,7741.369154833379,364.22988379520973,405.8272816630483
1,"[7, 8, 12]","Q2-019,Q2-021,Q2-023",3072.8026695877907,7064.370293138523,2340.8119564650433,109.205253,23.0563957,383.214111328125,633.214111328125,250.0,1.526510121817215,52.296558693212035,7628.487182205281,521.9907131227474,564.1168890667577
1,"[7, 11, 14]","Q2-012,Q2-019,Q2-022",3072.8026695877907,7335.541873170331,2467.926303057499,109.205253,23.0363957,374.7220458984375,624.7220458984375,250.0,1.5287574978781693,52.22632819130722,7771.836743525493,394.87636653029165,436.2948703551615
1,"[2, 4, 8]","Q2-005,Q2-006,Q2-021",660.2162961558483,5047.061098334569,121.95047387383931,109.2117995,23.0340104,273.09771728515625,523.0977172851562,250.0,1.5313180999759026,52.14630937575304,5408.276730390341,328.265822282009,361.21563205577206
1,"[2, 4, 8]","Q2-005,Q2-006,Q2-021",660.2162961558483,5047.061098334569,121.95008730634169,109.2117994,23.0340104,273.09771728515625,523.0977172851562,250.0,1.5313183469495817,52.14630165782557,5408.277116957838,328.26620884950665,361.21601862326963
1,"[7, 8, 12]","Q2-019,Q2-021,Q2-023",3072.8026695877907,7064.370293138523,2348.0400014564793,109.2183853,23.0645473,190.6529541015625,490.6529541015625,300.0,1.5319871910038878,52.125400281128506,7609.379040778298,514.7626681313114,545.008747639775
1,"[4, 8, 11]","Q2-006,Q2-021,Q2-022",1766.9535991150958,6224.673557074716,1228.687776833087,109.2117995,23.0340104,273.09771728515625,523.0977172851562,250.0,1.5529743975756218,51.469550075761816,6585.889189130488,328.265822282009,361.21563205577206
1,"[4, 8, 11]","Q2-006,Q2-021,Q2-022",1766.9535991150958,6224.673557074716,1228.687390265589,109.2117994,23.0340104,273.09771728515625,523.0977172851562,250.0,1.552974644549301,51.46954235783434,6585.8895756979855,328.26620884950665,361.21601862326963
1,"[7, 9, 12]","Q2-010,Q2-019,Q2-023",3072.8026695877907,7064.370293138523,2322.3081920317704,109.2248889,23.0711119,276.273193359375,426.273193359375,150.0,1.5529857934377413,51.469193955070594,7629.745870141158,540.4944775560203,565.3755770026348
1,"[7, 10, 14]","Q2-009,Q2-012,Q2-019",3072.8026695877907,7335.541873170331,2396.0853927155476,109.2026722,23.046099,544.588134765625,594.588134765625,50.0,1.5729616053860203,50.84494983168687,7841.166494606376,466.7172768722428,505.6246214360449
1,"[7, 9, 12]","Q2-010,Q2-019,Q2-023",3072.8026695877907,7064.370293138523,2251.7191044036367,109.2280317,23.0765178,303.9831848144531,553.9831848144531,250.0,1.5890410255213856,50.3424679524567,7710.977457057215,611.0835651841539,646.6071639186918
1,"[8, 9, 15]","Q2-010,Q2-021,Q2-024",4074.867035043299,8342.59355138891,3393.336745157985,109.2375273,23.0617405,343.19439697265625,393.19439697265625,50.0,1.5929986093571187,50.21879345759004,8836.24837435528,471.5302898853139,493.6548229663686
1,"[7, 9, 12]","Q2-010,Q2-019,Q2-023",3072.8026695877907,7064.370293138523,2238.3043765365355,109.2281714,23.0778414,318.5617370605469,568.5617370605469,250.0,1.5965792151678224,50.106899526005556,7725.607064278158,624.4982930512552,661.2367711396341
1,"[10, 14, 17]","Q2-009,Q2-012,Q2-014",4670.739025609486,9049.314376681548,4014.7051890656667,109.205253,23.0463957,438.9472351074219,588.9472351074219,150.0,1.59936908784262,50.01971600491812,9533.785482817653,446.0338365438192,484.47110613610437
1,"[8, 9, 15]","Q2-010,Q2-021,Q2-024",4074.867035043299,8342.59355138891,3376.272556518662,109.2375273,23.0617405,343.19439697265625,493.19439697265625,150.0,1.599470545638709,50.01654544879035,8861.645896327936,488.5944785246368,519.0523449390248
1,"[2, 4, 8]","Q2-005,Q2-006,Q2-021",660.2162961558483,5047.061098334569,10.778092660170216,109.2547018,23.0494183,208.84933471679688,508.8493347167969,300.0,1.6033538501694435,49.895192182204894,5518.26174638998,439.4382034956781,471.2006480554112
1,"[5, 8, 12]","Q2-003,Q2-021,Q2-023",2792.8587839561833,7064.370293138523,2086.820382436751,109.2611211,23.05481,259.621826171875,509.621826171875,250.0,1.6042196580070234,49.86813568728052,7592.235513505611,496.038401519432,527.8652203670882
1,"[2, 4, 8]","Q2-005,Q2-006,Q2-021",660.2162961558483,5047.061098334569,25.722295039324763,109.2504517,23.0564393,245.39910888671875,295.39910888671875,50.0,1.607939471975096,49.75189150077826,5485.530025191652,424.4940011165236,438.4689268570835
1,"[10, 14, 17]","Q2-009,Q2-012,Q2-014",4670.739025609486,9049.314376681548,3994.021748737243,109.2026722,23.046099,544.588134765625,594.588134765625,50.0,1.6083559837855965,49.73887550670011,9554.938998117594,466.7172768722428,505.6246214360449
1,"[8, 9, 15]","Q2-010,Q2-021,Q2-024",4074.867035043299,8342.59355138891,3351.272556518662,109.2375273,23.0617405,343.19439697265625,593.1943969726562,250.0,1.6083616056309933,49.738699824031464,8894.979229661269,513.5944785246369,552.3856782723582
1,"[5, 8, 12]","Q2-003,Q2-021,Q2-023",2792.8587839561833,7064.370293138523,2074.320382436751,109.2611211,23.05481,259.621826171875,559.621826171875,300.0,1.6086651880031653,49.72921287490109,7608.902180172278,508.538401519432,544.531887033755
1,"[8, 9, 15]","Q2-010,Q2-021,Q2-024",4074.867035043299,8342.59355138891,3364.539796168463,109.2283853,23.0645473,216.0124969482422,466.0124969482422,250.0,1.6088912703003557,49.72214780311389,8871.113498342767,500.3272388748359,528.5199469538561
1,"[5, 8, 12]","Q2-003,Q2-021,Q2-023",2792.8587839561833,7064.370293138523,2062.821500237387,109.2641424,23.0552989,249.48873901367188,549.4887390136719,300.0,1.6167292364155545,49.47721136201393,7619.556638441792,520.037283718796,555.1863453032686
1,"[7, 12, 13]","Q2-011,Q2-019,Q2-023",3072.8026695877907,7418.107909908786,2365.8119564650433,109.205253,23.0563957,383.214111328125,533.214111328125,150.0,1.6257055558380666,49.196701380060425,7948.89146564221,496.9907131227473,530.7835557334245
1,"[9, 15, 17]","Q2-010,Q2-014,Q2-024",4663.213337744348,9049.314376681548,3981.683047859034,109.2375273,23.0617405,343.19439697265625,393.19439697265625,50.0,1.629168602371215,49.08848117589953,9542.969199647918,471.5302898853139,493.6548229663686
1,"[9, 15, 17]","Q2-010,Q2-014,Q2-024",4663.213337744348,9049.314376681548,3964.618859219711,109.2375273,23.0617405,343.19439697265625,493.19439697265625,150.0,1.6356405386528055,48.88623316709983,9568.366721620572,488.5944785246368,519.0523449390248
1,"[9, 15, 17]","Q2-010,Q2-014,Q2-024",4663.213337744348,9049.314376681548,3977.886098869512,109.2283853,23.0645473,216.0124969482422,366.0124969482422,150.0,1.6361702033221681,48.86968114618225,9544.500990302071,475.3272388748359,495.1866136205228
1,"[9, 15, 17]","Q2-010,Q2-014,Q2-024",4663.213337744348,9049.314376681548,3969.351259239385,109.2283853,23.0645473,216.0124969482422,266.0124969482422,50.0,1.637501781192161,48.82806933774497,9544.702496598864,483.8620785049629,495.38811991731643
1,"[7, 12, 13]","Q2-011,Q2-019,Q2-023",3072.8026695877907,7418.107909908786,2348.8828462791735,109.2140936,23.064231,219.01132202148438,469.0113220214844,250.0,1.6410676799015436,48.71663500307677,7960.470343385859,513.9198233086173,542.3624334770743
1,"[7, 12, 13]","Q2-011,Q2-019,Q2-023",3072.8026695877907,7418.107909908786,2303.125918874114,109.2127472,23.0695113,241.33206176757812,491.3320617675781,250.0,1.6687207046179882,47.852477980687866,8008.0873324364275,559.6767507136767,589.9794225276415
1,"[3, 7, 10]","Q2-002,Q2-009,Q2-019",665.8377548840872,5528.567098301766,85.03913502722327,109.2018354,23.0189641,460.4661560058594,760.4661560058594,300.0,1.6870925529099239,47.27835772156488,5952.096231159118,370.7986198568639,423.52913285735224
1,"[3, 7, 10]","Q2-002,Q2-009,Q2-019",665.8377548840872,5528.567098301766,82.02268219903237,109.2016151,23.0189821,466.7370300292969,766.7370300292969,300.0,1.6885756803428777,47.232009989285075,5955.635256822596,373.8150726850548,427.06815852082957
1,"[3, 7, 10]","Q2-002,Q2-009,Q2-019",665.8377548840872,5528.567098301766,80.60543234781807,109.2026722,23.026099,399.3949890136719,699.3949890136719,300.0,1.694249744698866,47.05469547816043,5951.440669922508,375.2323225362691,422.8735716207418
1,"[3, 7, 10]","Q2-002,Q2-009,Q2-019",665.8377548840872,5528.567098301766,80.39980497746751,109.2028191,23.0294186,344.7291259765625,644.7291259765625,300.0,1.698252096187088,46.9296219941535,5947.090808706433,375.4379499066197,418.52371040466653
1,"[11, 14, 18]","Q2-012,Q2-022,Q2-025",5603.283106471228,10634.438145894339,5099.597171882964,109.2098548,23.0243904,260.7437438964844,560.7437438964844,300.0,1.703432190223211,46.76774405552466,10964.211059140644,293.68593458826444,329.7729132463048
1,"[11, 14, 18]","Q2-012,Q2-022,Q2-025",5603.283106471228,10634.438145894339,5099.596701275956,109.2098548,23.0243905,260.7437438964844,560.7437438964844,300.0,1.7034324908887992,46.76773465972502,10964.211529747652,293.6864051952722,329.77338385331257
1,"[8, 11, 17]","Q2-014,Q2-021,Q2-022",4074.867035043299,9049.314376681548,3524.10121276129,109.2117995,23.0340104,273.09771728515625,573.0977172851562,300.0,1.715308850362456,46.396598426173256,9427.196675403988,340.765822282009,377.8822987224387
1,"[8, 11, 17]","Q2-014,Q2-021,Q2-022",4074.867035043299,9049.314376681548,3524.1008261937923,109.2117994,23.0340104,273.09771728515625,573.0977172851562,300.0,1.7153090973361351,46.396590708245775,9427.197061971485,340.76620884950665,377.8826852899363
1,"[11, 14, 18]","Q2-012,Q2-022,Q2-025",5603.283106471228,10634.438145894339,5043.647618421523,109.2028191,23.0194186,395.601806640625,695.601806640625,300.0,1.7296282200649562,45.94911812297012,11031.39878449743,349.63548804970577,396.9606386030912
1,"[11, 14, 18]","Q2-012,Q2-022,Q2-025",5603.283106471228,10634.438145894339,5055.550783934959,109.2026722,23.026099,399.3949890136719,549.3949890136719,150.0,1.7323765618232108,45.86323244302467,11007.31171751508,337.7323225362691,372.8735716207418
1,"[8, 11, 17]","Q2-014,Q2-021,Q2-022",4074.867035043299,9049.314376681548,3482.7731377815744,109.219576,23.0423217,307.3179626464844,607.3179626464844,300.0,1.7392897071766447,45.64719665072986,9471.376437497147,382.0938972617244,422.0620608155981
1,"[9, 15, 16]","Q2-010,Q2-013,Q2-024",4663.213337744348,9520.859726050387,3903.772407436044,109.2704517,23.0564393,240.0836181640625,540.0836181640625,300.0,1.8152776600008196,43.272573124974386,10104.665957872363,549.4409303083039,583.8062318219758
1,"[9, 15, 16]","Q2-010,Q2-013,Q2-024",4663.213337744348,9520.859726050387,3894.9953407291823,109.2711211,23.05481,302.0443420410156,602.0443420410156,300.0,1.8164976910202988,43.23444715561566,10118.606418235637,558.2179970151655,597.7466921852501
1,"[9, 15, 16]","Q2-010,Q2-013,Q2-024",4663.213337744348,9520.859726050387,3887.3652835605117,109.2731357,23.054464,305.53826904296875,605.5382690429688,300.0,1.8211250391277458,43.08984252725795,10126.527635987804,565.8480541838364,605.6679099374171
1,"[2, 7, 11]","Q2-005,Q2-019,Q2-022",660.2162961558483,6224.673557074716,167.2428500295798,109.219576,23.0323217,189.37210083007812,489.3721008300781,300.0,1.864595498772344,41.73139066336425,6537.786344936824,282.9734461262685,313.11278786210835
1,"[3, 10, 11]","Q2-002,Q2-009,Q2-022",665.8377548840872,6224.673557074716,162.15182029582274,109.2098548,23.0243904,260.7437438964844,560.7437438964844,300.0,1.8646679788466194,41.72912566104314,6554.446470321021,293.68593458826444,329.7729132463048
1,"[3, 10, 11]","Q2-002,Q2-009,Q2-022",665.8377548840872,6224.673557074716,162.151349688815,109.2098548,23.0243905,260.7437438964844,560.7437438964844,300.0,1.8646682795122076,41.72911626524352,6554.446940928028,293.6864051952722,329.77338385331257
1,"[3, 7, 11]","Q2-002,Q2-019,Q2-022",665.8377548840872,6224.673557074716,143.48156387457664,109.2118354,23.0289641,278.87579345703125,578.8757934570312,300.0,1.875312238381865,41.39649255056672,6574.627730872313,312.35619100951055,349.95417379759647
1,"[3, 10, 11]","Q2-002,Q2-009,Q2-022",665.8377548840872,6224.673557074716,106.20226683438142,109.2028191,23.0194186,395.601806640625,695.601806640625,300.0,1.8908640086883646,40.91049972848862,6621.634195677807,349.63548804970577,396.9606386030912
1,"[3, 10, 11]","Q2-002,Q2-009,Q2-022",665.8377548840872,6224.673557074716,118.10543234781807,109.2026722,23.026099,399.3949890136719,549.3949890136719,150.0,1.8936123504466191,40.824614048543154,6597.547128695458,337.7323225362691,372.8735716207418
1,"[3, 7, 11]","Q2-002,Q2-019,Q2-022",665.8377548840872,6224.673557074716,91.60787108887746,109.2098548,23.0343905,326.8687744140625,626.8687744140625,300.0,1.905055303487733,40.46702176600835,6630.500838737764,364.22988379520973,405.8272816630483
1,"[7, 9, 15]","Q2-010,Q2-019,Q2-024",3072.8026695877907,8342.59355138891,2387.4754307129547,109.2283853,23.0645473,216.0124969482422,366.0124969482422,150.0,1.9061865441972548,40.43167049383579,8837.780165009433,475.3272388748359,495.1866136205228
1,"[7, 9, 15]","Q2-010,Q2-019,Q2-024",3072.8026695877907,8342.59355138891,2378.9405910828277,109.2283853,23.0645473,216.0124969482422,266.0124969482422,50.0,1.907518122067248,40.390058685398515,8837.981671306226,483.8620785049629,495.38811991731643
1,"[2, 7, 11]","Q2-005,Q2-019,Q2-022",660.2162961558483,6224.673557074716,78.82813394479473,109.2116152,23.0389821,318.248291015625,568.248291015625,250.0,1.9154973275053457,40.140708515457945,6632.774076870405,371.3881622110536,408.100519795689
1,"[2, 7, 11]","Q2-005,Q2-019,Q2-022",660.2162961558483,6224.673557074716,78.82749299555002,109.2116152,23.0389822,318.248291015625,568.248291015625,250.0,1.9154977370006965,40.14069571872824,6632.77471781965,371.3888031602983,408.10116074493374
1,"[4, 8, 12]","Q2-006,Q2-021,Q2-023",1766.9535991150958,7064.370293138523,1058.4004785853192,109.2475273,23.0617405,229.22308349609375,479.22308349609375,250.0,1.921449897027587,39.95469071788791,7592.217003959641,498.55312052977655,527.8467108211178
1,"[4, 8, 12]","Q2-006,Q2-021,Q2-023",1766.9535991150958,7064.370293138523,1048.6317589570506,109.2604517,23.0564393,226.27484130859375,526.2748413085938,300.0,1.9243592121540178,39.863774620186945,7605.906703405618,508.3218401580453,541.5364102670948
1,"[3, 7, 11]","Q2-002,Q2-019,Q2-022",665.8377548840872,6224.673557074716,60.96138835379554,109.205253,23.0363957,374.7220458984375,624.7220458984375,250.0,1.9247870141195298,39.8504058087647,6660.968427429878,394.87636653029165,436.2948703551615
1,"[4, 8, 12]","Q2-006,Q2-021,Q2-023",1766.9535991150958,7064.370293138523,1041.3154040323373,109.2623987,23.0565953,224.68780517578125,524.6878051757812,300.0,1.929145930625797,39.71418966794384,7613.090805319263,515.6381950827586,548.7205121807403
1,"[10, 14, 18]","Q2-009,Q2-012,Q2-025",4670.739025609486,10634.438145894339,4207.478263435392,109.2118354,23.0189641,286.2146301269531,536.2146301269531,250.0,1.9642859677837208,38.61606350675872,10921.741793912344,253.26076217409337,287.30364801800613
1,"[10, 14, 18]","Q2-009,Q2-012,Q2-025",4670.739025609486,10634.438145894339,4203.538241474432,109.2116152,23.0189821,296.5360107421875,546.5360107421875,250.0,1.9660723303308227,38.56023967716179,10926.541930924575,257.2007841350543,292.1037850302366
1,"[10, 14, 18]","Q2-009,Q2-012,Q2-025",4670.739025609486,10634.438145894339,4194.978263435392,109.2118354,23.0189641,286.2146301269531,586.2146301269531,300.0,1.9687314977798627,38.477140694379294,10938.408460579012,265.7607621740934,303.9703146846728
1,"[7, 11, 17]","Q2-014,Q2-019,Q2-022",3072.8026695877907,9049.314376681548,2579.829223461522,109.219576,23.0323217,189.37210083007812,489.3721008300781,300.0,1.9905010239924494,37.79684300023596,9362.427164543657,282.9734461262685,313.11278786210835
1,"[7, 8, 17]","Q2-014,Q2-019,Q2-021",3072.8026695877907,9049.314376681548,2535.066974567771,109.2216152,23.0389821,250.56883239746094,500.56883239746094,250.0,2.018306268725609,36.92792910232473,9408.122474401356,327.73569502001965,358.8080977198081
1,"[7, 8, 17]","Q2-014,Q2-019,Q2-021",3072.8026695877907,9049.314376681548,2535.0662605364055,109.2216152,23.0389822,250.56883239746094,500.56883239746094,250.0,2.0183067249123146,36.927914846490175,9408.123188432723,327.73640905138535,358.8088117511737
1,"[7, 8, 17]","Q2-014,Q2-019,Q2-021",3072.8026695877907,9049.314376681548,2527.186809497626,109.2300851,23.0391154,262.3955383300781,562.3955383300781,300.0,2.018962769283019,36.907413459905655,9421.154864965885,335.61586009016435,371.84048828433754
1,"[7, 8, 17]","Q2-014,Q2-019,Q2-021",3072.8026695877907,9049.314376681548,2528.5440879526327,109.229576,23.0423217,211.53001403808594,461.53001403808594,250.0,2.025238070568181,36.71131029474435,9411.392126153214,334.25858163515795,362.07774947166513
1,"[7, 11, 17]","Q2-014,Q2-019,Q2-022",3072.8026695877907,9049.314376681548,2511.072785792581,109.2098548,23.0343905,326.8687744140625,576.8687744140625,250.0,2.028232966656436,36.61771979198638,9438.47499167793,351.72988379520973,389.1606149963816
1,"[7, 8, 17]","Q2-014,Q2-019,Q2-021",3072.8026695877907,9049.314376681548,2526.676894408659,109.2283853,23.0445473,251.49188232421875,401.49188232421875,150.0,2.030682397283314,36.54117508489645,9408.256142054364,336.1257751791316,358.9417653728165
1,"[7, 11, 17]","Q2-014,Q2-019,Q2-022",3072.8026695877907,9049.314376681548,2491.414507376737,109.2116152,23.0389821,318.248291015625,568.248291015625,250.0,2.041402852725451,36.20616085232966,9457.414896477238,371.3881622110536,408.100519795689
1,"[10, 11, 18]","Q2-009,Q2-022,Q2-025",4670.739025609486,10634.438145894339,4074.468173241512,109.1928191,23.0194186,388.6359558105469,538.6359558105469,150.0,2.0451743001184517,36.088303121298395,11054.953661246525,386.2708523679737,420.51551535218596
1,"[5, 9, 15]","Q2-003,Q2-010,Q2-024",2792.8587839561833,8342.59355138891,1975.582827428425,109.2882243,23.0501472,262.9248962402344,562.9248962402344,300.0,2.062081836862661,35.55994259804185,8986.138249270021,607.2759565277585,643.5446978811113
1,"[7, 14, 17]","Q2-012,Q2-014,Q2-019",3072.8026695877907,9049.314376681548,2436.179403824408,109.205253,23.0463957,438.9472351074219,488.9472351074219,50.0,2.080440220017437,34.98624312445509,9506.041578703884,426.62326576338296,456.72720202233484
1,"[5, 7, 17]","Q2-003,Q2-014,Q2-019",2792.8587839561833,9049.314376681548,2242.9341339723424,109.2611178,23.0097988,360.46240234375,660.46240234375,300.0,2.1003097430345714,34.365320530169654,9433.63589352737,339.92464998384105,384.3215168458202
1,"[10, 11, 18]","Q2-009,Q2-022,Q2-025",4670.739025609486,10634.438145894339,3977.366852992942,109.1823898,23.0384618,418.11407470703125,468.11407470703125,50.0,2.1161239019307265,33.8711280646648,11146.178158069803,483.3721726165438,511.7400121754631
1,"[7, 16, 17]","Q2-013,Q2-014,Q2-019",3072.8026695877907,9520.859726050387,2522.8780196039497,109.2611178,23.0097988,360.46240234375,660.46240234375,300.0,2.1588546347320587,32.535792664623166,9905.181242896208,339.92464998384105,384.3215168458202
1,"[2, 10, 14]","Q2-005,Q2-009,Q2-012",660.2162961558483,7335.541873170331,196.95553398175497,109.2118354,23.0189641,286.2146301269531,536.2146301269531,250.0,2.1817273851177745,31.821019215069548,7622.845521188337,253.26076217409337,287.30364801800613
1,"[2, 10, 14]","Q2-005,Q2-009,Q2-012",660.2162961558483,7335.541873170331,193.01551202079406,109.2116152,23.0189821,296.5360107421875,546.5360107421875,250.0,2.1835137476648763,31.765195385472623,7627.645658200568,257.2007841350543,292.1037850302366
1,"[2, 10, 14]","Q2-005,Q2-009,Q2-012",660.2162961558483,7335.541873170331,184.45553398175497,109.2118354,23.0189641,286.2146301269531,586.2146301269531,300.0,2.186172915113916,31.682096402690117,7639.512187855004,265.7607621740934,303.9703146846728
1,"[3, 11, 14]","Q2-002,Q2-012,Q2-022",665.8377548840872,7335.541873170331,174.65182029582274,109.2098548,23.0243904,260.7437438964844,510.7437438964844,250.0,2.1996544343241378,31.260798927370704,7648.64811974997,281.18593458826444,313.10624657963814
1,"[3, 11, 14]","Q2-002,Q2-012,Q2-022",665.8377548840872,7335.541873170331,174.651349688815,109.2098548,23.0243905,260.7437438964844,510.7437438964844,250.0,2.199654734989726,31.260789531571064,7648.648590356977,281.1864051952722,313.1067171866459
1,"[3, 11, 14]","Q2-002,Q2-012,Q2-022",665.8377548840872,7335.541873170331,140.25627056396388,109.2026722,23.026099,399.3949890136719,449.3949890136719,50.0,2.22502180398564,30.46806862544875,7677.931273241594,315.5814843201233,342.3894000712626
1,"[5, 8, 16]","Q2-003,Q2-013,Q2-021",2792.8587839561833,9520.859726050387,2119.1016548828093,109.2741242,23.0341753,327.816162109375,577.816162109375,250.0,2.329360553552415,27.20748270148704,10022.126535299542,463.75712907337396,501.26680924915524
1,"[5, 8, 16]","Q2-003,Q2-013,Q2-021",2792.8587839561833,9520.859726050387,2113.2537422930327,109.2641424,23.0452989,286.486328125,586.486328125,300.0,2.332482771408045,27.109913393498598,10028.696961723954,469.6050416631506,507.8372356735673
1,"[5, 8, 16]","Q2-003,Q2-013,Q2-021",2792.8587839561833,9520.859726050387,2102.7469661873083,109.2760168,23.0294009,368.63653564453125,668.6365356445312,300.0,2.3333782444533466,27.081929860832922,10046.049588456306,480.111817768875,525.1898624059193
1,"[5, 8, 16]","Q2-003,Q2-013,Q2-021",2792.8587839561833,9520.859726050387,2111.2878072142366,109.2682243,23.0501472,262.5942077636719,412.5942077636719,150.0,2.3460523686340298,26.685863480186576,10016.17188677264,471.5709767419465,495.3121607222525
1,"[6, 8, 16]","Q2-004,Q2-013,Q2-021",2810.516378377837,9520.859726050387,2081.732199691788,109.2813839,23.0310882,419.8471374511719,669.8471374511719,250.0,2.35260448539926,26.48110983127313,10084.822832857366,518.784178686049,563.96310680698
1,"[5, 8, 16]","Q2-003,Q2-013,Q2-021",2792.8587839561833,9520.859726050387,2100.321500237387,109.2641424,23.0552989,249.48873901367188,399.4887390136719,150.0,2.353986639816865,26.437917505722965,10026.046071353656,482.53728371879595,505.18634530326864
1,"[6, 8, 16]","Q2-004,Q2-013,Q2-021",2810.516378377837,9520.859726050387,2069.232199691788,109.2813839,23.0310882,419.8471374511719,719.8471374511719,300.0,2.3570500153954015,26.342187018893704,10101.489499524034,531.284178686049,580.6297734736468
1,"[5, 6, 16]","Q2-003,Q2-004,Q2-013",2792.8587839561833,9520.859726050387,2043.6359497835965,109.2860168,23.0294009,406.61480712890625,656.6148071289062,250.0,2.3719948941436413,25.87515955801122,10104.158794150382,539.2228341725868,583.2990680999956
1,"[5, 6, 16]","Q2-003,Q2-004,Q2-013",2792.8587839561833,9520.859726050387,2031.1359497835965,109.2860168,23.0294009,406.61480712890625,706.6148071289062,300.0,2.376440424139783,25.736236745631793,10120.825460817048,551.7228341725868,599.9657347666623
1,"[5, 6]","Q2-003,Q2-004",2792.8587839561833,3593.9894842822414,2183.3301940976985,109.2714368,23.0092533,317.9043273925781,617.9043273925781,300.0,0.4744988160505924,85.17191199841899,4034.3684347567746,399.5285898584849,440.3789504745331
1,"[5, 6]","Q2-003,Q2-004",2792.8587839561833,3593.9894842822414,2172.283810238537,109.2735966,23.0052097,449.24853515625,599.24853515625,150.0,0.48287727487414667,84.91008516018293,4043.860169262908,410.57497371764606,449.8706849806669
1,"[5, 6]","Q2-003,Q2-004",2792.8587839561833,3593.9894842822414,2172.5763560829414,109.2735966,23.0152097,335.4212341308594,585.4212341308594,250.0,0.48366950420229604,84.88532799367825,4042.4153483330547,410.2824278732419,448.4258640508135
1,"[13, 14]","Q2-011,Q2-012",6592.6695205783035,7418.107909908786,5967.956931125925,109.2026722,23.036099,413.75677490234375,663.7567749023438,250.0,0.4883801679034793,84.73811975301628,7877.491897269693,414.71258945237884,459.38398736090744
1,"[13, 14]","Q2-011,Q2-012",6592.6695205783035,7418.107909908786,5955.456931125925,109.2026722,23.036099,413.75677490234375,713.7567749023438,300.0,0.49282569789962133,84.59919694063683,7894.15856393636,427.21258945237884,476.0506540275742
1,"[13, 14]","Q2-011,Q2-012",6592.6695205783035,7418.107909908786,5951.80028899361,109.2028191,23.0394186,507.341552734375,657.341552734375,150.0,0.4991567393326942,84.40135189585331,7893.113937554677,430.8692315846937,475.0060276458916
1,"[5, 7]","Q2-003,Q2-019",2792.8587839561833,3868.5404781358166,2242.9341339723424,109.2611178,23.0097988,360.46240234375,660.46240234375,300.0,0.517295496256709,83.83451574197784,4252.861994981637,339.92464998384105,384.3215168458202
1,"[2, 3]","Q2-002,Q2-005",660.2162961558483,1823.0638404634583,137.8601051463378,109.2118354,23.0289641,278.87579345703125,578.8757934570312,300.0,0.5320936040287201,83.3720748741025,2173.0180142610548,312.35619100951055,349.95417379759647
1,"[16, 17]","Q2-013,Q2-014",8349.751024161696,9520.859726050387,7799.8263741778555,109.2611178,23.0097988,360.46240234375,660.46240234375,300.0,0.5464537486122542,82.92332035586706,9905.181242896208,339.92464998384105,384.3215168458202
1,"[1, 2]","Q2-001,Q2-005",651.9268419355427,1823.0638404634583,95.26172967595511,109.2660168,23.0094009,304.2348327636719,554.2348327636719,250.0,0.5582909477964081,82.55340788136225,2205.2735221200187,346.6651122595876,382.20968165656024
1,"[1, 2]","Q2-001,Q2-005",651.9268419355427,1823.0638404634583,82.76172967595511,109.2660168,23.0094009,304.2348327636719,604.2348327636719,300.0,0.5627364777925501,82.41448506898281,2221.940188786685,359.1651122595876,398.8763483232269
1,"[1, 2]","Q2-001,Q2-005",651.9268419355427,1823.0638404634583,88.89518236249529,109.2672242,23.0068596,295.897216796875,545.897216796875,250.0,0.5629488642482812,82.40784799224122,2210.945268102912,353.0316595730474,387.88142763945365
1,"[2, 3]","Q2-002,Q2-005",660.2162961558483,1823.0638404634583,36.73021882485341,109.2183003,23.0461338,314.61212158203125,614.6121215820312,300.0,0.5941738173645585,81.43206820735755,2277.125927926289,413.48607733099493,454.06208746283085
1,"[12, 14]","Q2-012,Q2-023",6143.930348428808,7335.541873170331,5519.21775897643,109.2026722,23.036099,413.75677490234375,663.7567749023438,250.0,0.6002664037235196,81.24167488364002,7794.925860531239,414.71258945237884,459.38398736090744
1,"[12, 14]","Q2-012,Q2-023",6143.930348428808,7335.541873170331,5506.71775897643,109.2026722,23.036099,413.75677490234375,713.7567749023438,300.0,0.6047119337196616,81.10275207126058,7811.592527197905,427.21258945237884,476.0506540275742
1,"[12, 14]","Q2-012,Q2-023",6143.930348428808,7335.541873170331,5503.061116844115,109.2028191,23.0394186,507.341552734375,657.341552734375,150.0,0.6110429751527344,80.90490702647705,7810.547900816223,430.8692315846937,475.0060276458916
1,"[10, 11]","Q2-009,Q2-022",4670.739025609486,6224.673557074716,4167.053091021222,109.2098548,23.0243904,260.7437438964844,560.7437438964844,300.0,0.6409481461249696,79.9703704335947,6554.446470321021,293.68593458826444,329.7729132463048
1,"[10, 11]","Q2-009,Q2-022",4670.739025609486,6224.673557074716,4167.052620414213,109.2098548,23.0243905,260.7437438964844,560.7437438964844,300.0,0.640948446790558,79.97036103779507,6554.446940928028,293.6864051952722,329.77338385331257
1,"[10, 11]","Q2-009,Q2-022",4670.739025609486,6224.673557074716,4111.10353755978,109.2028191,23.0194186,395.601806640625,695.601806640625,300.0,0.6671441759667149,79.15174450104016,6621.634195677807,349.63548804970577,396.9606386030912
1,"[10, 11]","Q2-009,Q2-022",4670.739025609486,6224.673557074716,4123.006703073217,109.2026722,23.026099,399.3949890136719,549.3949890136719,150.0,0.6698925177249693,79.06585882109471,6597.547128695458,337.7323225362691,372.8735716207418
1,"[12, 13]","Q2-011,Q2-023",6143.930348428808,7418.107909908786,5447.476718335095,109.2117995,23.0540104,327.6148681640625,627.6148681640625,300.0,0.6738887357413638,78.94097700808238,7946.2211123495035,486.4536300937132,528.1132024407184
1,"[12, 13]","Q2-011,Q2-023",6143.930348428808,7418.107909908786,5447.476473029539,109.2117994,23.0540104,327.6148681640625,627.6148681640625,300.0,0.6738888924643578,78.94097211048881,7946.221357655059,486.4538753992689,528.1134477462741
1,"[11, 12]","Q2-022,Q2-023",5603.283106471228,7064.370293138523,4978.570517018849,109.2026722,23.036099,413.75677490234375,663.7567749023438,250.0,0.6826061893119499,78.66855658400156,7523.754280499431,414.71258945237884,459.38398736090744
1,"[11, 12]","Q2-022,Q2-023",5603.283106471228,7064.370293138523,4966.070517018849,109.2026722,23.036099,413.75677490234375,713.7567749023438,300.0,0.6870517193080921,78.52963377162212,7540.420947166098,427.21258945237884,476.0506540275742
1,"[12, 13]","Q2-011,Q2-023",6143.930348428808,7418.107909908786,5436.939635306061,109.205253,23.0563957,383.214111328125,533.214111328125,150.0,0.6873054317477556,78.52170525788263,7948.89146564221,496.9907131227473,530.7835557334245
1,"[12, 13]","Q2-011,Q2-023",6143.930348428808,7418.107909908786,5437.891946909376,109.2611211,23.05481,259.621826171875,509.621826171875,250.0,0.6883676184313012,78.48851192402184,7945.973130275874,496.038401519432,527.8652203670882
1,"[11, 14]","Q2-012,Q2-022",5603.283106471228,7335.541873170331,5112.097171882964,109.2098548,23.0243904,260.7437438964844,510.7437438964844,250.0,0.6909905768947333,78.40654447203958,7648.64811974997,281.18593458826444,313.10624657963814
1,"[11, 14]","Q2-012,Q2-022",5603.283106471228,7335.541873170331,5112.096701275956,109.2098548,23.0243905,260.7437438964844,510.7437438964844,250.0,0.6909908775603215,78.40653507623996,7648.648590356977,281.1864051952722,313.1067171866459
1,"[12, 13]","Q2-011,Q2-023",6143.930348428808,7418.107909908786,5435.377227899032,109.2475273,23.0617405,229.22308349609375,479.22308349609375,250.0,0.6921268287504216,78.37103660154932,7945.954620729904,498.55312052977655,527.8467108211178
1,"[11, 12]","Q2-022,Q2-023",5603.283106471228,7064.370293138523,4962.413874886534,109.2028191,23.0394186,507.341552734375,657.341552734375,150.0,0.6933827607411649,78.3317887268386,7539.376320784415,430.8692315846937,475.0060276458916
1,"[11, 14]","Q2-012,Q2-022",5603.283106471228,7335.541873170331,5099.597171882964,109.2098548,23.0243904,260.7437438964844,560.7437438964844,300.0,0.6954361068908752,78.26762165966015,7665.314786416636,293.68593458826444,329.7729132463048
1,"[8, 10]","Q2-009,Q2-021",4074.867035043299,5528.567098301766,3418.8331984994797,109.205253,23.0463957,438.9472351074219,588.9472351074219,150.0,0.7056571943440215,77.94821267674934,6013.03820443787,446.0338365438192,484.47110613610437
1,"[8, 10]","Q2-009,Q2-021",4074.867035043299,5528.567098301766,3393.8331984994797,109.205253,23.0463957,438.9472351074219,688.9472351074219,250.0,0.7145482543363054,77.67036705199047,6046.371537771204,471.0338365438192,517.8044394694376
1,"[8, 10]","Q2-009,Q2-021",4074.867035043299,5528.567098301766,3381.3331984994797,109.205253,23.0463957,438.9472351074219,738.9472351074219,300.0,0.7189937843324474,77.53144423961102,6063.03820443787,483.5338365438192,534.4711061361044
1,"[8, 10]","Q2-009,Q2-021",4074.867035043299,5528.567098301766,3380.5501464710633,109.2023786,23.0494548,473.51116943359375,623.5111694335938,150.0,0.7276682826550464,77.2603661670298,6054.201584326801,484.3168885722355,525.634486025035
1,"[8, 9]","Q2-010,Q2-021",4074.867035043299,5514.212889101615,3393.336745157985,109.2375273,23.0617405,343.19439697265625,393.19439697265625,50.0,0.7287711847693334,77.22590047595833,6007.867712067983,471.5302898853139,493.6548229663686
1,"[8, 9]","Q2-010,Q2-021",4074.867035043299,5514.212889101615,3376.272556518662,109.2375273,23.0617405,343.19439697265625,493.19439697265625,150.0,0.7352431210509238,77.02365246715863,6033.265234040639,488.5944785246368,519.0523449390248
1,"[8, 9]","Q2-010,Q2-021",4074.867035043299,5514.212889101615,3359.4543501273847,109.248284,23.0597292,257.8302917480469,557.8302917480469,300.0,0.7414111136775333,76.83090269757709,6055.469764996533,505.41268491591404,541.2568758949179
1,"[8, 9]","Q2-010,Q2-021",4074.867035043299,5514.212889101615,3364.539796168463,109.2283853,23.0645473,216.0124969482422,466.0124969482422,250.0,0.7446638457125705,76.72925482148217,6042.732836055471,500.3272388748359,528.5199469538561
1,"[7, 8]","Q2-019,Q2-021",3072.8026695877907,5047.061098334569,2535.066974567771,109.2216152,23.0389821,250.56883239746094,500.56883239746094,250.0,0.7953955447862538,75.14388922542958,5405.8691960543765,327.73569502001965,358.8080977198081
1,"[7, 8]","Q2-019,Q2-021",3072.8026695877907,5047.061098334569,2535.0662605364055,109.2216152,23.0389822,250.56883239746094,500.56883239746094,250.0,0.7953960009729597,75.143874969595,5405.869910085742,327.73640905138535,358.8088117511737
1,"[7, 8]","Q2-019,Q2-021",3072.8026695877907,5047.061098334569,2527.186809497626,109.2300851,23.0391154,262.3955383300781,562.3955383300781,300.0,0.7960520453436641,75.1233735830105,5418.901586618907,335.61586009016435,371.84048828433754
1,"[7, 8]","Q2-019,Q2-021",3072.8026695877907,5047.061098334569,2528.5440879526327,109.229576,23.0423217,211.53001403808594,461.53001403808594,250.0,0.8023273466288261,74.92727041784919,5409.138847806234,334.25858163515795,362.07774947166513
1,"[7, 8]","Q2-019,Q2-021",3072.8026695877907,5047.061098334569,2526.676894408659,109.2283853,23.0445473,251.49188232421875,401.49188232421875,150.0,0.8077716733439588,74.75713520800129,5406.002863707386,336.1257751791316,358.9417653728165
1,"[15, 17]","Q2-014,Q2-024",7349.270805655016,9049.314376681548,6667.740515769702,109.2375273,23.0617405,343.19439697265625,393.19439697265625,50.0,0.8084288205096217,74.73659935907433,9542.969199647918,471.5302898853139,493.6548229663686
1,"[15, 17]","Q2-014,Q2-024",7349.270805655016,9049.314376681548,6650.67632713038,109.2375273,23.0617405,343.19439697265625,493.19439697265625,150.0,0.8149007567912121,74.53435135027462,9568.366721620572,488.5944785246368,519.0523449390248
1,"[15, 17]","Q2-014,Q2-024",7349.270805655016,9049.314376681548,6663.943566780181,109.2283853,23.0645473,216.0124969482422,366.0124969482422,150.0,0.8154304214605749,74.51779932935703,9544.500990302071,475.3272388748359,495.1866136205228
1,"[15, 17]","Q2-014,Q2-024",7349.270805655016,9049.314376681548,6655.408727150054,109.2283853,23.0645473,216.0124969482422,266.0124969482422,50.0,0.8167619993305679,74.47618752091975,9544.702496598864,483.8620785049629,495.38811991731643
1,"[4, 6]","Q2-004,Q2-006",1766.9535991150958,3557.938935645693,1074.6168206248415,109.2813839,23.0210882,378.3836364746094,628.3836364746094,250.0,0.8291175740844902,74.09007580985968,4081.9993505088314,482.3367784902543,524.0604148631385
1,"[4, 5]","Q2-003,Q2-006",1766.9535991150958,3593.9894842822414,1089.3417813462208,109.2760168,23.0294009,368.63653564453125,618.6365356445312,250.0,0.8314156137294924,74.01826207095337,4102.512680021494,467.611817768875,508.5231957392526
1,"[4, 5]","Q2-003,Q2-006",1766.9535991150958,3593.9894842822414,1093.1964700417218,109.2741242,23.0341753,327.816162109375,577.816162109375,250.0,0.8318434528247023,74.00489209922804,4095.2562935313968,463.75712907337396,501.26680924915524
1,"[4, 6]","Q2-004,Q2-006",1766.9535991150958,3557.938935645693,1062.4318142342154,109.2814368,23.0192533,388.9375305175781,688.9375305175781,300.0,0.8326145198047739,73.98079625610082,4099.230514736372,494.52178488088055,541.2915790906787
1,"[4, 6]","Q2-004,Q2-006",1766.9535991150958,3557.938935645693,1062.1168206248415,109.2813839,23.0210882,378.3836364746094,678.3836364746094,300.0,0.8335631040806322,73.95115299748025,4098.666017175498,494.8367784902543,540.7270815298051
1,"[4, 7]","Q2-006,Q2-019",1766.9535991150958,3868.5404781358166,1229.2179040950762,109.2216152,23.0389821,250.56883239746094,500.56883239746094,250.0,0.8343014601477364,73.92807937038324,4227.348575855624,327.73569502001965,358.8080977198081
1,"[4, 7]","Q2-006,Q2-019",1766.9535991150958,3868.5404781358166,1229.2171900637104,109.2216152,23.0389822,250.56883239746094,500.56883239746094,250.0,0.8343019163344423,73.92806511454867,4227.34928988699,327.73640905138535,358.8088117511737
1,"[4, 7]","Q2-006,Q2-019",1766.9535991150958,3868.5404781358166,1221.3377390249316,109.2300851,23.0391154,262.3955383300781,562.3955383300781,300.0,0.8349579607051467,73.90756372796416,4240.380966420154,335.61586009016435,371.84048828433754
1,"[4, 5]","Q2-003,Q2-006",1766.9535991150958,3593.9894842822414,1087.3485574519452,109.2641424,23.0452989,286.486328125,586.486328125,300.0,0.8349656706803326,73.90732279123962,4101.826719955809,469.6050416631506,507.8372356735673
1,"[13, 15]","Q2-011,Q2-024",6592.6695205783035,8342.59355138891,5877.25683566239,109.248284,23.0597292,257.8302917480469,557.8302917480469,300.0,0.8363100010185114,73.86531246817152,8883.850427283829,505.41268491591404,541.2568758949179
1,"[13, 15]","Q2-011,Q2-024",6592.6695205783035,8342.59355138891,5870.655277006919,109.2485519,23.0603271,265.1324462890625,565.1324462890625,300.0,0.8400105860835095,73.74966918489032,8891.060498817717,512.0142435713844,548.4669474288063
1,"[4, 7]","Q2-006,Q2-019",1766.9535991150958,3868.5404781358166,1222.6950174799379,109.229576,23.0423217,211.53001403808594,461.53001403808594,250.0,0.8412332619903087,73.71146056280286,4230.6182276074815,334.25858163515795,362.07774947166513
1,"[13, 15]","Q2-011,Q2-024",6592.6695205783035,8342.59355138891,5871.616400048527,109.2475273,23.0617405,229.22308349609375,529.2230834960938,300.0,0.8419393354864784,73.68939576604757,8887.106928876696,511.05312052977655,544.5133774877844
1,"[4, 5]","Q2-003,Q2-006",1766.9535991150958,3593.9894842822414,1086.5621845019316,109.2711211,23.04481,321.0049133300781,471.0049133300781,150.0,0.8436455019476754,73.63607806413515,4092.989641672912,470.39141461316416,499.00015739067067
1,"[13, 15]","Q2-011,Q2-024",6592.6695205783035,8342.59355138891,5870.350887604542,109.2383853,23.0645473,252.67234802246094,502.67234802246094,250.0,0.8446279579778209,73.6053763131931,8886.159880031211,512.3186329737619,543.5663286423003
1,"[4, 7]","Q2-006,Q2-019",1766.9535991150958,3868.5404781358166,1220.8278239359643,109.2283853,23.0445473,251.49188232421875,401.49188232421875,150.0,0.8466775887054414,73.54132535295496,4227.4822435086335,336.1257751791316,358.9417653728165
1,"[4, 5]","Q2-003,Q2-006",1766.9535991150958,3593.9894842822414,1083.8436100996423,109.2731357,23.044464,299.11383056640625,449.11383056640625,150.0,0.8469325120113015,73.53335899964684,4093.883959178229,473.10998901545355,499.8944748959874
1,"[8, 11]","Q2-021,Q2-022",4074.867035043299,6224.673557074716,3536.60121276129,109.2117995,23.0340104,273.09771728515625,523.0977172851562,250.0,0.8477786254864486,73.5069179535485,6585.889189130488,328.265822282009,361.21563205577206
1,"[8, 11]","Q2-021,Q2-022",4074.867035043299,6224.673557074716,3536.6008261937923,109.2117994,23.0340104,273.09771728515625,523.0977172851562,250.0,0.8477788724601276,73.50691023562102,6585.8895756979855,328.26620884950665,361.21601862326963
1,"[4, 5]","Q2-003,Q2-006",1766.9535991150958,3593.9894842822414,1085.3826223731494,109.2682243,23.0501472,262.5942077636719,412.5942077636719,150.0,0.8485352679063174,73.48327287792759,4089.301645004494,471.5709767419465,495.3121607222525
1,"[13, 15]","Q2-011,Q2-024",6592.6695205783035,8342.59355138891,5866.196239223992,109.2380317,23.0665178,212.4075469970703,462.4075469970703,250.0,0.850133532547564,73.43332710788863,8886.95912832631,516.4732813543113,544.3655769374004
1,"[8, 11]","Q2-021,Q2-022",4074.867035043299,6224.673557074716,3524.10121276129,109.2117995,23.0340104,273.09771728515625,573.0977172851562,300.0,0.8522241554825905,73.36799514116905,6602.555855797154,340.765822282009,377.8822987224387
1,"[2, 4]","Q2-005,Q2-006",660.2162961558483,2868.695443085245,121.95047387383931,109.2117995,23.0340104,273.09771728515625,523.0977172851562,250.0,0.8657063719830536,72.94667587552958,3229.911075141017,328.265822282009,361.21563205577206
1,"[2, 4]","Q2-005,Q2-006",660.2162961558483,2868.695443085245,121.95008730634169,109.2117994,23.0340104,273.09771728515625,523.0977172851562,250.0,0.8657066189567326,72.94666815760212,3229.9114617085147,328.26620884950665,361.21601862326963
1,"[2, 4]","Q2-005,Q2-006",660.2162961558483,2868.695443085245,122.48060113582869,109.2216152,23.0389821,250.56883239746094,500.56883239746094,250.0,0.8669629864531652,72.9074066733386,3227.5035408050535,327.73569502001965,358.8080977198081
1,"[2, 4]","Q2-005,Q2-006",660.2162961558483,2868.695443085245,122.47988710446299,109.2216152,23.0389822,250.56883239746094,500.56883239746094,250.0,0.866963442639871,72.90739241750404,3227.504254836419,327.73640905138535,358.8088117511737
1,"[2, 4]","Q2-005,Q2-006",660.2162961558483,2868.695443085245,114.09052097671673,109.2283853,23.0445473,251.49188232421875,401.49188232421875,150.0,0.8793391150108701,72.52065265591031,3227.6372084580617,336.1257751791316,358.9417653728165
1,"[17, 18]","Q2-014,Q2-025",8389.478382912166,10634.438145894339,7808.679763055302,109.2018354,23.0189641,460.4661560058594,760.4661560058594,300.0,0.887218514443519,72.27442142364004,11057.967278751692,370.7986198568639,423.52913285735224
1,"[17, 18]","Q2-014,Q2-025",8389.478382912166,10634.438145894339,7805.663310227112,109.2016151,23.0189821,466.7370300292969,766.7370300292969,300.0,0.888701641876473,72.22807369136022,11061.506304415168,373.8150726850548,427.06815852082957
1,"[17, 18]","Q2-014,Q2-025",8389.478382912166,10634.438145894339,7804.246060375897,109.2026722,23.026099,399.3949890136719,699.3949890136719,300.0,0.8943757062324612,72.05075918023559,11057.31171751508,375.2323225362691,422.8735716207418
1,"[17, 18]","Q2-014,Q2-025",8389.478382912166,10634.438145894339,7804.040433005546,109.2028191,23.0294186,344.7291259765625,644.7291259765625,300.0,0.8983780577206832,71.92568569622865,11052.961856299005,375.4379499066197,418.52371040466653
1,"[14, 17]","Q2-012,Q2-014",6652.914822662326,9049.314376681548,6130.558631652815,109.2118354,23.0289641,278.87579345703125,578.8757934570312,300.0,0.9090122736628241,71.59336644803676,9399.268550479144,312.35619100951055,349.95417379759647
1,"[3, 4]","Q2-002,Q2-006",665.8377548840872,2868.695443085245,42.35167755309226,109.2183003,23.0461338,314.61212158203125,614.6121215820312,300.0,0.9119546946653649,71.50141579170734,3322.757530548076,413.48607733099493,454.06208746283085
1,"[14, 17]","Q2-012,Q2-014",6652.914822662326,9049.314376681548,6072.116202805461,109.2018354,23.0189641,460.4661560058594,760.4661560058594,300.0,0.933491783927062,70.82838175227931,9472.843509538901,370.7986198568639,423.52913285735224
1,"[14, 17]","Q2-012,Q2-014",6652.914822662326,9049.314376681548,6069.099749977271,109.2016151,23.0189821,466.7370300292969,766.7370300292969,300.0,0.9349749113600161,70.7820340199995,9476.382535202378,373.8150726850548,427.06815852082957
1,"[14, 17]","Q2-012,Q2-014",6652.914822662326,9049.314376681548,6078.684938867116,109.2098548,23.0343905,326.8687744140625,626.8687744140625,300.0,0.9387553387686922,70.66389566347837,9455.141658344597,364.22988379520973,405.8272816630483
1,"[14, 17]","Q2-012,Q2-014",6652.914822662326,9049.314376681548,6067.476872755706,109.2028191,23.0294186,344.7291259765625,644.7291259765625,300.0,0.9446513272042263,70.47964602486793,9467.838087086215,375.4379499066197,418.52371040466653
1,"[7, 10]","Q2-009,Q2-019",3072.8026695877907,5528.567098301766,2492.004049730927,109.2018354,23.0189641,460.4661560058594,760.4661560058594,300.0,0.9516310511949031,70.26152965015928,5952.096231159118,370.7986198568639,423.52913285735224
1,"[7, 10]","Q2-009,Q2-019",3072.8026695877907,5528.567098301766,2488.9875969027357,109.2016151,23.0189821,466.7370300292969,766.7370300292969,300.0,0.9531141786278572,70.21518191787946,5955.635256822596,373.8150726850548,427.06815852082957
1,"[10, 14]","Q2-009,Q2-012",4670.739025609486,7335.541873170331,4207.478263435392,109.2118354,23.0189641,286.2146301269531,536.2146301269531,250.0,0.9562898844513851,70.11594111089423,7622.845521188337,253.26076217409337,287.30364801800613
1,"[10, 14]","Q2-009,Q2-012",4670.739025609486,7335.541873170331,4203.538241474432,109.2116152,23.0189821,296.5360107421875,546.5360107421875,250.0,0.9580762469984871,70.06011728129728,7627.645658200568,257.2007841350543,292.1037850302366
1,"[7, 10]","Q2-009,Q2-019",3072.8026695877907,5528.567098301766,2487.5703470515214,109.2026722,23.026099,399.3949890136719,699.3949890136719,300.0,0.9587882429838454,70.03786740675484,5951.440669922508,375.2323225362691,422.8735716207418
1,"[10, 14]","Q2-009,Q2-012",4670.739025609486,7335.541873170331,4194.978263435392,109.2118354,23.0189641,286.2146301269531,586.2146301269531,300.0,0.9607354144475271,69.97701829851478,7639.512187855004,265.7607621740934,303.9703146846728
1,"[5, 8]","Q2-003,Q2-021",2792.8587839561833,5047.061098334569,2115.2469661873083,109.2760168,23.0294009,368.63653564453125,618.6365356445312,250.0,0.9619386893218156,69.93941595869326,5555.584294073821,467.611817768875,508.5231957392526
1,"[5, 8]","Q2-003,Q2-021",2792.8587839561833,5047.061098334569,2119.1016548828093,109.2741242,23.0341753,327.816162109375,577.816162109375,250.0,0.9623665284170255,69.92604598696795,5548.327907583724,463.75712907337396,501.26680924915524
1,"[7, 10]","Q2-009,Q2-019",3072.8026695877907,5528.567098301766,2487.3647196811708,109.2028191,23.0294186,344.7291259765625,644.7291259765625,300.0,0.9627905944720674,69.9127939227479,5947.090808706433,375.4379499066197,418.52371040466653
1,"[6, 8]","Q2-004,Q2-021",2810.516378377837,5047.061098334569,2118.1795998875828,109.2813839,23.0210882,378.3836364746094,628.3836364746094,250.0,0.9652607190202535,69.83560253061708,5571.121513197707,482.3367784902543,524.0604148631385
1,"[5, 8]","Q2-003,Q2-021",2792.8587839561833,5047.061098334569,2113.2537422930327,109.2641424,23.0452989,286.486328125,586.486328125,300.0,0.9654887462726558,69.82847667897951,5554.898334008136,469.6050416631506,507.8372356735673
1,"[6, 8]","Q2-004,Q2-021",2810.516378377837,5047.061098334569,2105.9945934969564,109.2814368,23.0192533,388.9375305175781,688.9375305175781,300.0,0.9687576647405371,69.72632297685821,5588.352677425248,494.52178488088055,541.2915790906787
1,"[6, 8]","Q2-004,Q2-021",2810.516378377837,5047.061098334569,2105.6795998875828,109.2813839,23.0210882,378.3836364746094,678.3836364746094,300.0,0.9697062490163955,69.69667971823765,5587.788179864374,494.8367784902543,540.7270815298051
1,"[5, 8]","Q2-003,Q2-021",2792.8587839561833,5047.061098334569,2112.467369343019,109.2711211,23.04481,321.0049133300781,471.0049133300781,150.0,0.9741685775399986,69.55723195187504,5546.061255725239,470.39141461316416,499.00015739067067
1,"[5, 8]","Q2-003,Q2-021",2792.8587839561833,5047.061098334569,2109.7487949407296,109.2731357,23.044464,299.11383056640625,449.11383056640625,150.0,0.9774555876036247,69.45451288738673,5546.955573230556,473.10998901545355,499.8944748959874
1,"[5, 8]","Q2-003,Q2-021",2792.8587839561833,5047.061098334569,2111.2878072142366,109.2682243,23.0501472,262.5942077636719,412.5942077636719,150.0,0.9790583434986406,69.40442676566748,5542.373259056822,471.5709767419465,495.3121607222525
1,"[15, 16]","Q2-013,Q2-024",7349.270805655016,9520.859726050387,6589.8298753467125,109.2704517,23.0564393,240.0836181640625,540.0836181640625,300.0,0.9945378781392265,68.92069130814917,10104.665957872363,549.4409303083039,583.8062318219758
1,"[15, 16]","Q2-013,Q2-024",7349.270805655016,9520.859726050387,6581.052808639851,109.2711211,23.05481,302.0443420410156,602.0443420410156,300.0,0.9957579091587057,68.88256533879044,10118.606418235637,558.2179970151655,597.7466921852501
1,"[15, 16]","Q2-013,Q2-024",7349.270805655016,9520.859726050387,6573.42275147118,109.2731357,23.054464,305.53826904296875,605.5382690429688,300.0,1.0003852572661527,68.73796071043273,10126.527635987804,565.8480541838364,605.6679099374171
1,"[15, 16]","Q2-013,Q2-024",7349.270805655016,9520.859726050387,6580.840649780096,109.268284,23.0597292,231.11607360839844,531.1160736083984,300.0,1.000916000851482,68.72137497339119,10112.90788805934,558.43015587492,592.0481620089532
1,"[10, 12]","Q2-009,Q2-023",4670.739025609486,7064.370293138523,3976.4221370372506,109.2023786,23.0494548,473.51116943359375,623.5111694335938,150.0,1.0148694839599428,68.28532862625178,7590.004779163558,484.3168885722355,525.634486025035
1,"[13, 17]","Q2-011,Q2-014",6592.6695205783035,9049.314376681548,5896.21589048459,109.2117995,23.0540104,327.6148681640625,627.6148681640625,300.0,1.0351981868762512,67.65005666011716,9577.427579122266,486.4536300937132,528.1132024407184
1,"[13, 17]","Q2-011,Q2-014",6592.6695205783035,9049.314376681548,5896.215645179034,109.2117994,23.0540104,327.6148681640625,627.6148681640625,300.0,1.0351983435992451,67.65005176252359,9577.427824427823,486.4538753992689,528.1134477462741
1,"[9, 12]","Q2-010,Q2-023",4663.213337744348,7064.370293138523,3947.800652828434,109.248284,23.0597292,257.8302917480469,557.8302917480469,300.0,1.0352978390857128,67.64694252857147,7605.6271690334415,505.41268491591404,541.2568758949179
1,"[9, 12]","Q2-010,Q2-023",4663.213337744348,7064.370293138523,3941.1990941729637,109.2485519,23.0603271,265.1324462890625,565.1324462890625,300.0,1.0389984241507109,67.53129924529028,7612.83724056733,512.0142435713844,548.4669474288063
1,"[9, 12]","Q2-010,Q2-023",4663.213337744348,7064.370293138523,3942.1602172145713,109.2475273,23.0617405,229.22308349609375,529.2230834960938,300.0,1.0409271735536798,67.4710258264475,7608.883670626307,511.05312052977655,544.5133774877844
1,"[7, 9]","Q2-010,Q2-019",3072.8026695877907,5514.212889101615,2387.4754307129547,109.2283853,23.0645473,216.0124969482422,366.0124969482422,150.0,1.0419591196094697,67.43877751220407,6009.399502722137,475.3272388748359,495.1866136205228
1,"[7, 9]","Q2-010,Q2-019",3072.8026695877907,5514.212889101615,2378.9405910828277,109.2283853,23.0645473,216.0124969482422,266.0124969482422,50.0,1.043290697479463,67.39716570376679,6009.601009018931,483.8620785049629,495.38811991731643
1,"[9, 12]","Q2-010,Q2-023",4663.213337744348,7064.370293138523,3940.894704770586,109.2383853,23.0645473,252.67234802246094,502.67234802246094,250.0,1.0436157960450223,67.38700637359305,7607.936621780824,512.3186329737619,543.5663286423003
1,"[13, 17]","Q2-011,Q2-014",6592.6695205783035,9049.314376681548,5885.678807455556,109.205253,23.0563957,383.214111328125,533.214111328125,150.0,1.0486148828826432,67.2307849099174,9580.097932414972,496.9907131227473,530.7835557334245
1,"[9, 12]","Q2-010,Q2-023",4663.213337744348,7064.370293138523,3936.7400563900364,109.2380317,23.0665178,212.4075469970703,462.4075469970703,250.0,1.0491213706147653,67.21495716828858,7608.735870075923,516.4732813543113,544.3655769374004
1,"[2, 7]","Q2-005,Q2-019",660.2162961558483,3868.5404781358166,294.3791481757007,109.2411178,23.0097988,218.26004028320312,468.2600402832031,250.0,1.0649349578717324,66.72078256650836,4052.757629472898,155.83714798014762,184.21715133708122
1,"[2, 7]","Q2-005,Q2-019",660.2162961558483,3868.5404781358166,281.8791481757007,109.2411178,23.0097988,218.26004028320312,518.2600402832031,300.0,1.0693804878678743,66.58185975412894,4069.4242961395644,168.33714798014762,200.88381800374788
1,"[2, 7]","Q2-005,Q2-019",660.2162961558483,3868.5404781358166,276.0215846487781,109.2434342,23.0139552,195.0002899169922,445.0002899169922,250.0,1.0783104618938653,66.30279806581672,4069.176880469303,174.19471150707022,200.63640233348625
1,"[7, 9]","Q2-010,Q2-019",3072.8026695877907,5514.212889101615,2322.3081920317704,109.2248889,23.0711119,276.273193359375,426.273193359375,150.0,1.0793265866486856,66.27104416722858,6079.588466104249,540.4944775560203,565.3755770026348
1,"[1, 6]","Q2-001,Q2-004",651.9268419355427,3557.938935645693,120.26172967595511,109.2660168,23.0094009,304.2348327636719,454.2348327636719,150.0,1.0795006113320293,66.26560589587409,3906.81528396892,321.6651122595876,348.8763483232269
1,"[2, 7]","Q2-005,Q2-019",660.2162961558483,3868.5404781358166,278.60977067666977,109.239576,23.0223216,190.38693237304688,340.3869323730469,150.0,1.08406474016014,66.12297686999563,4057.8709146460824,171.60652547917857,189.33043651026583
1,"[1, 6]","Q2-001,Q2-004",651.9268419355427,3557.938935645693,112.33110562095885,109.2672242,23.0068596,295.897216796875,445.897216796875,150.0,1.0846353152173265,66.10514639945855,3914.05110669335,329.59573631458386,356.1121710476568
1,"[2, 5]","Q2-003,Q2-005",660.2162961558483,3593.9894842822414,110.29164617200729,109.2611178,23.0097988,360.46240234375,660.46240234375,300.0,1.0850456749626636,66.09232265741676,3978.3110011280614,339.92464998384105,384.3215168458202
1,"[2, 6]","Q2-004,Q2-005",660.2162961558483,3557.938935645693,103.55118389626074,109.2660168,23.0094009,304.2348327636719,554.2348327636719,250.0,1.0858587825347754,66.06691304578827,3940.1486173022536,346.6651122595876,382.20968165656024
1,"[1, 6]","Q2-001,Q2-004",651.9268419355427,3557.938935645693,92.27392144841605,109.2660168,23.0094009,304.2348327636719,354.2348327636719,50.0,1.086762161001826,66.03868246869294,3926.4697588631257,349.65292048712666,368.53082321743267
1,"[2, 5]","Q2-003,Q2-005",660.2162961558483,3593.9894842822414,117.6172395419066,109.2611178,23.0197988,266.822265625,566.822265625,300.0,1.0869962447475074,66.0313673516404,3963.1820630315997,332.59905661394174,369.1925787493584
1,"[2, 6]","Q2-004,Q2-005",660.2162961558483,3557.938935645693,91.05118389626074,109.2660168,23.0094009,304.2348327636719,604.2348327636719,300.0,1.0903043125309173,65.92799023340883,3956.81528396892,359.1651122595876,398.8763483232269
1,"[2, 6]","Q2-004,Q2-005",660.2162961558483,3557.938935645693,97.18463658280092,109.2672242,23.0068596,295.897216796875,545.897216796875,250.0,1.0905166989866484,65.92135315666724,3945.820363285147,353.0316595730474,387.88142763945365
1,"[2, 5]","Q2-003,Q2-005",660.2162961558483,3593.9894842822414,107.41217964271755,109.2613839,23.0210882,285.969482421875,585.969482421875,300.0,1.0921602986436403,65.86999066738623,3974.9827243305285,342.8041165131308,380.993240048287
1,"[7, 11]","Q2-019,Q2-022",3072.8026695877907,6224.673557074716,2579.829223461522,109.219576,23.0323217,189.37210083007812,489.3721008300781,300.0,1.127416329112584,64.76823971523176,6537.786344936824,282.9734461262685,313.11278786210835
1,"[7, 11]","Q2-019,Q2-022",3072.8026695877907,6224.673557074716,2550.44647857828,109.2118354,23.0289641,278.87579345703125,578.8757934570312,300.0,1.1398507366668444,64.37966447916111,6574.627730872313,312.35619100951055,349.95417379759647
1,"[3, 7]","Q2-002,Q2-019",665.8377548840872,3868.5404781358166,143.48156387457664,109.2118354,23.0289641,278.87579345703125,578.8757934570312,300.0,1.1553826864838679,63.894291047379134,4218.4946519334135,312.35619100951055,349.95417379759647
1,"[7, 11]","Q2-019,Q2-022",3072.8026695877907,6224.673557074716,2511.072785792581,109.2098548,23.0343905,326.8687744140625,576.8687744140625,250.0,1.1651482717765704,63.58911650698218,6613.834172071098,351.72988379520973,389.1606149963816
1,"[3, 7]","Q2-002,Q2-019",665.8377548840872,3868.5404781358166,85.03913502722327,109.2018354,23.0189641,460.4661560058594,760.4661560058594,300.0,1.1798621967481058,63.12930635162169,4292.069610993169,370.7986198568639,423.52913285735224
1,"[3, 7]","Q2-002,Q2-019",665.8377548840872,3868.5404781358166,82.02268219903237,109.2016151,23.0189821,466.7370300292969,766.7370300292969,300.0,1.1813453241810596,63.08295861934189,4295.608636656646,373.8150726850548,427.06815852082957
1,"[3, 7]","Q2-002,Q2-019",665.8377548840872,3868.5404781358166,91.60787108887746,109.2098548,23.0343905,326.8687744140625,626.8687744140625,300.0,1.185125751589736,62.96482026282075,4274.367759798864,364.22988379520973,405.8272816630483
1,"[3, 7]","Q2-002,Q2-019",665.8377548840872,3868.5404781358166,80.39980497746751,109.2028191,23.0294186,344.7291259765625,644.7291259765625,300.0,1.1910217400252698,62.78057062421032,4287.064188540483,375.4379499066197,418.52371040466653
1,"[4, 8]","Q2-006,Q2-021",1766.9535991150958,5047.061098334569,1228.687776833087,109.2117995,23.0340104,273.09771728515625,523.0977172851562,250.0,1.1931483685161324,62.71411348387086,5408.276730390341,328.265822282009,361.21563205577206
1,"[4, 8]","Q2-006,Q2-021",1766.9535991150958,5047.061098334569,1228.687390265589,109.2117994,23.0340104,273.09771728515625,523.0977172851562,250.0,1.1931486154898114,62.714105765943394,5408.277116957838,328.26620884950665,361.21601862326963
1,"[13, 16]","Q2-011,Q2-013",6592.6695205783035,9520.859726050387,5886.631119058871,109.2611211,23.05481,259.621826171875,509.621826171875,250.0,1.1937603707622226,62.694988413680555,10048.724946417475,496.038401519432,527.8652203670882
1,"[5, 9]","Q2-003,Q2-010",2792.8587839561833,5514.212889101615,1975.582827428425,109.2882243,23.0501472,262.9248962402344,562.9248962402344,300.0,1.197854412274876,62.56704961641013,6157.757586982726,607.2759565277585,643.5446978811113
1,"[8, 12]","Q2-021,Q2-023",4074.867035043299,7064.370293138523,3378.413404949586,109.2117995,23.0540104,327.6148681640625,627.6148681640625,300.0,1.198016031929356,62.56199900220763,7592.483495579241,486.4536300937132,528.1132024407184
1,"[8, 12]","Q2-021,Q2-023",4074.867035043299,7064.370293138523,3378.41315964403,109.2117994,23.0540104,327.6148681640625,627.6148681640625,300.0,1.19801618865235,62.56199410461407,7592.483740884797,486.4538753992689,528.1134477462741
1,"[13, 16]","Q2-011,Q2-013",6592.6695205783035,9520.859726050387,5874.131119058871,109.2611211,23.05481,259.621826171875,559.621826171875,300.0,1.1982059007583645,62.556065601301114,10065.39161308414,508.538401519432,544.531887033755
1,"[13, 16]","Q2-011,Q2-013",6592.6695205783035,9520.859726050387,5862.632236859507,109.2641424,23.0552989,249.48873901367188,549.4887390136719,300.0,1.2062699491707538,62.304064088413945,10076.046071353656,520.037283718796,555.1863453032686
1,"[8, 12]","Q2-021,Q2-023",4074.867035043299,7064.370293138523,3368.828633523867,109.2611211,23.05481,259.621826171875,509.621826171875,250.0,1.2124949146192936,62.10953391814707,7592.235513505611,496.038401519432,527.8652203670882
1,"[8, 12]","Q2-021,Q2-023",4074.867035043299,7064.370293138523,3366.3139145135224,109.2475273,23.0617405,229.22308349609375,479.22308349609375,250.0,1.216254124938414,61.99205859567456,7592.217003959641,498.55312052977655,527.8467108211178
1,"[11, 17]","Q2-014,Q2-022",5603.283106471228,9049.314376681548,5110.309660344959,109.219576,23.0323217,189.37210083007812,489.3721008300781,300.0,1.2172986682780658,61.95941661631045,9362.427164543657,282.9734461262685,313.11278786210835
1,"[11, 17]","Q2-014,Q2-022",5603.283106471228,9049.314376681548,5052.517284189219,109.2117995,23.0340104,273.09771728515625,573.0977172851562,300.0,1.2482928285372554,60.990849108210774,9427.196675403988,340.765822282009,377.8822987224387
1,"[11, 17]","Q2-014,Q2-022",5603.283106471228,9049.314376681548,5052.516897621722,109.2117994,23.0340104,273.09771728515625,573.0977172851562,300.0,1.2482930755109345,60.9908413902833,9427.197061971485,340.76620884950665,377.8826852899363
1,"[4, 8]","Q2-006,Q2-021",1766.9535991150958,5047.061098334569,1117.5153956194176,109.2547018,23.0494183,208.84933471679688,508.8493347167969,300.0,1.2651841187096733,60.462996290322714,5518.26174638998,439.4382034956781,471.2006480554112
1,"[4, 8]","Q2-006,Q2-021",1766.9535991150958,5047.061098334569,1132.4595979985722,109.2504517,23.0564393,245.39910888671875,295.39910888671875,50.0,1.2697697405153257,60.319695608896076,5485.530025191652,424.4940011165236,438.4689268570835
1,"[17, 19]","Q2-014,Q2-020",8389.478382912166,12286.815220672517,7980.570022547621,109.2434342,23.0039552,254.31427001953125,554.3142700195312,300.0,1.296890682103528,59.47216618426475,12521.274770205357,198.90836036454493,234.45954953283922
1,"[17, 19]","Q2-014,Q2-020",8389.478382912166,12286.815220672517,7951.247761229342,109.2472241,23.0068596,341.095947265625,591.095947265625,250.0,1.3130197788201847,58.96813191186923,12553.662171294143,228.23062168282402,266.8469506216261
1,"[17, 19]","Q2-014,Q2-020",8389.478382912166,12286.815220672517,7938.747761229342,109.2472241,23.0068596,341.095947265625,641.095947265625,300.0,1.3174653088163268,58.82920909948979,12570.32883796081,240.730621682824,283.5136172882928
1,"[17, 19]","Q2-014,Q2-020",8389.478382912166,12286.815220672517,7934.536330895362,109.2511178,23.0097988,303.0263671875,553.0263671875,250.0,1.3263922947035938,58.550240790512696,12567.201136621614,244.94205201680433,280.385915949096
1,"[14, 18]","Q2-012,Q2-025",6652.914822662326,10634.438145894339,6189.654060488232,109.2118354,23.0189641,286.2146301269531,536.2146301269531,250.0,1.3586211409064641,57.54308934667301,10921.741793912344,253.26076217409337,287.30364801800613
1,"[14, 18]","Q2-012,Q2-025",6652.914822662326,10634.438145894339,6185.714038527271,109.2116152,23.0189821,296.5360107421875,546.5360107421875,250.0,1.360407503453566,57.48726551707606,10926.541930924575,257.2007841350543,292.1037850302366
1,"[14, 18]","Q2-012,Q2-025",6652.914822662326,10634.438145894339,6177.154060488232,109.2118354,23.0189641,286.2146301269531,586.2146301269531,300.0,1.363066670902606,57.404166534293566,10938.408460579012,265.7607621740934,303.9703146846728
1,"[16, 19]","Q2-013,Q2-020",8349.751024161696,12286.815220672517,7807.151967547755,109.2611178,23.0197988,266.822265625,566.822265625,300.0,1.3935573861983048,56.451331681302975,12656.007799421875,332.59905661394174,369.1925787493584
1,"[16, 19]","Q2-013,Q2-020",8349.751024161696,12286.815220672517,7796.946907648566,109.2613839,23.0210882,285.969482421875,585.969482421875,300.0,1.3987214400944377,56.28995499704883,12667.808460720804,342.8041165131308,380.993240048287
1,"[16, 19]","Q2-013,Q2-020",8349.751024161696,12286.815220672517,7791.120897970917,109.2634343,23.0139552,318.4161682128906,618.4161682128906,300.0,1.4001460104849461,56.24543717234543,12676.338360881038,348.63012619077927,389.5231402085202
1,"[9, 15]","Q2-010,Q2-024",4663.213337744348,8342.59355138891,3981.683047859034,109.2375273,23.0617405,343.19439697265625,393.19439697265625,50.0,1.4132261279762424,55.836683500742424,8836.24837435528,471.5302898853139,493.6548229663686
1,"[9, 15]","Q2-010,Q2-024",4663.213337744348,8342.59355138891,3964.618859219711,109.2375273,23.0617405,343.19439697265625,493.19439697265625,150.0,1.4196980642578327,55.63443549194274,8861.645896327936,488.5944785246368,519.0523449390248
1,"[9, 15]","Q2-010,Q2-024",4663.213337744348,8342.59355138891,3977.886098869512,109.2283853,23.0645473,216.0124969482422,366.0124969482422,150.0,1.4202277289271956,55.617883471025145,8837.780165009433,475.3272388748359,495.1866136205228
1,"[9, 15]","Q2-010,Q2-024",4663.213337744348,8342.59355138891,3969.351259239385,109.2283853,23.0645473,216.0124969482422,266.0124969482422,50.0,1.4215593067971888,55.57627166258785,8837.981671306226,483.8620785049629,495.38811991731643
1,"[7, 12]","Q2-019,Q2-023",3072.8026695877907,7064.370293138523,2365.8119564650433,109.205253,23.0563957,383.214111328125,533.214111328125,150.0,1.517619061824931,52.57440431797092,7595.153848871948,496.9907131227473,530.7835557334245
1,"[7, 12]","Q2-019,Q2-023",3072.8026695877907,7064.370293138523,2348.8828462791735,109.2140936,23.064231,219.01132202148438,469.0113220214844,250.0,1.5329811858884077,52.09433794098726,7606.732726615597,513.9198233086173,542.3624334770743
1,"[7, 14]","Q2-012,Q2-019",3072.8026695877907,7335.541873170331,2436.179403824408,109.205253,23.0463957,438.9472351074219,488.9472351074219,50.0,1.5567875106112319,51.35039029339901,7792.269075192666,426.62326576338296,456.72720202233484
1,"[7, 12]","Q2-019,Q2-023",3072.8026695877907,7064.370293138523,2303.125918874114,109.2127472,23.0695113,241.33206176757812,491.3320617675781,250.0,1.5606342106048525,51.230180918598364,7654.349715666165,559.6767507136767,589.9794225276415
1,"[2, 10]","Q2-005,Q2-009",660.2162961558483,5528.567098301766,196.95553398175497,109.2118354,23.0189641,286.2146301269531,536.2146301269531,250.0,1.6295962039079352,49.075118627877025,5815.8707463197725,253.26076217409337,287.30364801800613
1,"[2, 10]","Q2-005,Q2-009",660.2162961558483,5528.567098301766,193.01551202079406,109.2116152,23.0189821,296.5360107421875,546.5360107421875,250.0,1.6313825664550372,49.019294798280086,5820.670883332003,257.2007841350543,292.1037850302366
1,"[2, 10]","Q2-005,Q2-009",660.2162961558483,5528.567098301766,184.45553398175497,109.2118354,23.0189641,286.2146301269531,586.2146301269531,300.0,1.6340417339040771,48.9361958154976,5832.537412986439,265.7607621740934,303.9703146846728
1,"[3, 10]","Q2-002,Q2-009",665.8377548840872,5528.567098301766,162.15182029582274,109.2098548,23.0243904,260.7437438964844,560.7437438964844,300.0,1.6519687831104404,48.375975527798744,5858.340011548071,293.68593458826444,329.7729132463048
1,"[3, 10]","Q2-002,Q2-009",665.8377548840872,5528.567098301766,162.151349688815,109.2098548,23.0243905,260.7437438964844,560.7437438964844,300.0,1.6519690837760286,48.375966131999114,5858.3404821550785,293.6864051952722,329.77338385331257
1,"[3, 10]","Q2-002,Q2-009",665.8377548840872,5528.567098301766,106.20226683438142,109.2028191,23.0194186,395.601806640625,695.601806640625,300.0,1.6781648129521856,47.557349595244204,5925.527736904857,349.63548804970577,396.9606386030912
1,"[3, 10]","Q2-002,Q2-009",665.8377548840872,5528.567098301766,118.10543234781807,109.2026722,23.026099,399.3949890136719,549.3949890136719,150.0,1.6809131547104401,47.47146391529875,5901.440669922508,337.7323225362691,372.8735716207418
1,"[8, 17]","Q2-014,Q2-021",4074.867035043299,9049.314376681548,3537.1313400232793,109.2216152,23.0389821,250.56883239746094,500.56883239746094,250.0,1.7121199348364258,46.496252036361696,9408.122474401356,327.73569502001965,358.8080977198081
1,"[8, 17]","Q2-014,Q2-021",4074.867035043299,9049.314376681548,3537.130625991914,109.2216152,23.0389822,250.56883239746094,500.56883239746094,250.0,1.7121203910231317,46.49623778052714,9408.123188432723,327.73640905138535,358.8088117511737
1,"[8, 17]","Q2-014,Q2-021",4074.867035043299,9049.314376681548,3529.2511749531345,109.2300851,23.0391154,262.3955383300781,562.3955383300781,300.0,1.712776435393836,46.47573639394263,9421.154864965885,335.61586009016435,371.84048828433754
1,"[8, 17]","Q2-014,Q2-021",4074.867035043299,9049.314376681548,3530.608453408141,109.229576,23.0423217,211.53001403808594,461.53001403808594,250.0,1.719051736678998,46.279633228781314,9411.392126153214,334.25858163515795,362.07774947166513
1,"[8, 17]","Q2-014,Q2-021",4074.867035043299,9049.314376681548,3528.741259864167,109.2283853,23.0445473,251.49188232421875,401.49188232421875,150.0,1.7244960633941306,46.10949801893342,9408.256142054364,336.1257751791316,358.9417653728165
1,"[11, 18]","Q2-022,Q2-025",5603.283106471228,10634.438145894339,5007.012254103254,109.1928191,23.0194186,388.6359558105469,538.6359558105469,150.0,1.7602302754106973,44.99280389341571,11054.953661246525,386.2708523679737,420.51551535218596
1,"[11, 18]","Q2-022,Q2-025",5603.283106471228,10634.438145894339,4909.910933854684,109.1823898,23.0384618,418.11407470703125,468.11407470703125,50.0,1.8311798772229722,42.77562883678212,11146.178158069803,483.3721726165438,511.7400121754631
1,"[3, 11]","Q2-002,Q2-022",665.8377548840872,6224.673557074716,174.65182029582274,109.2098548,23.0243904,260.7437438964844,510.7437438964844,250.0,1.8602224488504775,41.86804847342258,6537.7798036543545,281.18593458826444,313.10624657963814
1,"[3, 11]","Q2-002,Q2-022",665.8377548840872,6224.673557074716,174.651349688815,109.2098548,23.0243905,260.7437438964844,510.7437438964844,250.0,1.8602227495160657,41.86803907762295,6537.780274261362,281.1864051952722,313.1067171866459
1,"[2, 11]","Q2-005,Q2-022",660.2162961558483,6224.673557074716,176.25840185924807,109.2116152,23.0289821,270.958984375,420.958984375,150.0,1.8636800066439076,41.75999979237789,6523.069700069233,273.9578942966003,298.39614299451694
1,"[2, 11]","Q2-005,Q2-022",660.2162961558483,6224.673557074716,176.2578411817937,109.2116152,23.0289822,270.958984375,420.958984375,150.0,1.8636803648545035,41.75998859829677,6523.070260746687,273.95845497405463,298.3967036719713
1,"[2, 11]","Q2-005,Q2-022",660.2162961558483,6224.673557074716,175.3601051463378,109.2118354,23.0289641,278.87579345703125,428.87579345703125,150.0,1.8636933163381784,41.759583864431924,6524.627730872313,274.85619100951055,299.95417379759647
1,"[3, 11]","Q2-002,Q2-022",665.8377548840872,6224.673557074716,140.25627056396388,109.2026722,23.026099,399.3949890136719,449.3949890136719,50.0,1.88558981851198,41.075318171500626,6567.0629571459785,315.5814843201233,342.3894000712626
1,"[7, 17]","Q2-014,Q2-019",3072.8026695877907,9049.314376681548,2731.965521607643,109.2411178,23.0097988,218.26004028320312,368.2600402832031,150.0,1.9018789749975507,40.56628203132655,9200.198194685296,130.83714798014762,150.88381800374788
1,"[7, 17]","Q2-014,Q2-019",3072.8026695877907,9049.314376681548,2706.965521607643,109.2411178,23.0097988,218.26004028320312,468.2600402832031,250.0,1.9107700349898347,40.288436406567676,9233.53152801863,155.83714798014762,184.21715133708122
1,"[7, 17]","Q2-014,Q2-019",3072.8026695877907,9049.314376681548,2694.465521607643,109.2411178,23.0097988,218.26004028320312,518.2600402832031,300.0,1.9152155649859766,40.149513594188235,9250.198194685296,168.33714798014762,200.88381800374788
1,"[7, 17]","Q2-014,Q2-019",3072.8026695877907,9049.314376681548,2713.6079580807204,109.2434342,23.0139552,195.0002899169922,345.0002899169922,150.0,1.9152544790196835,40.14829753063489,9216.6174456817,149.19471150707022,167.3030690001529
1,"[7, 17]","Q2-014,Q2-019",3072.8026695877907,9049.314376681548,2707.7613510844276,109.2400851,23.0191154,194.87046813964844,344.87046813964844,150.0,1.9189990041579785,40.03128112006318,9222.45323419655,155.04131850336307,173.13885751500044
1,"[8, 16]","Q2-013,Q2-021",4074.867035043299,9520.859726050387,3401.109905969925,109.2741242,23.0341753,327.816162109375,577.816162109375,250.0,1.9376358101646847,39.4488809323536,10022.126535299542,463.75712907337396,501.26680924915524
1,"[8, 16]","Q2-013,Q2-021",4074.867035043299,9520.859726050387,3395.2619933801484,109.2641424,23.0452989,286.486328125,586.486328125,300.0,1.9407580280203152,39.35131162436516,10028.696961723954,469.6050416631506,507.8372356735673
1,"[8, 16]","Q2-013,Q2-021",4074.867035043299,9520.859726050387,3384.755217274424,109.2760168,23.0294009,368.63653564453125,668.6365356445312,300.0,1.9416535010656166,39.32332809169948,10046.049588456306,480.111817768875,525.1898624059193
1,"[8, 16]","Q2-013,Q2-021",4074.867035043299,9520.859726050387,3393.2960583013523,109.2682243,23.0501472,262.5942077636719,412.5942077636719,150.0,1.9543276252462998,38.92726171105314,10016.17188677264,471.5709767419465,495.3121607222525
1,"[8, 16]","Q2-013,Q2-021",4074.867035043299,9520.859726050387,3382.329751324503,109.2641424,23.0552989,249.48873901367188,399.4887390136719,150.0,1.9622618964291352,38.67931573658952,10026.046071353656,482.53728371879595,505.18634530326864
1,"[10, 18]","Q2-009,Q2-025",4670.739025609486,10634.438145894339,3990.070342715621,109.1828191,23.0194186,410.148193359375,660.148193359375,250.0,2.0944095360181882,34.549701999431626,11149.477511568151,470.6686828938649,515.0393656738129
1,"[10, 18]","Q2-009,Q2-025",4670.739025609486,10634.438145894339,3993.5086555988446,109.1826722,23.026099,412.64794921875,562.64794921875,150.0,2.0974946820583256,34.45329118567733,11137.914178339875,467.2303700106414,503.47603244553727
1,"[10, 18]","Q2-009,Q2-025",4670.739025609486,10634.438145894339,3973.3650907388183,109.1826722,23.026099,412.64794921875,662.64794921875,250.0,2.104905324124502,34.221708621109315,11166.391076533235,487.3739348706675,531.9529306388966
1,"[10, 18]","Q2-009,Q2-025",4670.739025609486,10634.438145894339,3960.175322265511,109.1826722,23.026099,412.64794921875,462.64794921875,50.0,2.10638574205061,34.17544556091845,11162.914178339875,500.5637033439748,528.4760324455373
1,"[5, 16]","Q2-003,Q2-013",2792.8587839561833,9520.859726050387,2250.2597273422416,109.2611178,23.0197988,266.822265625,566.822265625,300.0,2.2463436140154496,29.8017620620172,9890.052304799745,332.59905661394174,369.1925787493584
1,"[5, 16]","Q2-003,Q2-013",2792.8587839561833,9520.859726050387,2240.0546674430525,109.2613839,23.0210882,285.969482421875,585.969482421875,300.0,2.2515076679115826,29.640385377763046,9901.852966098673,342.8041165131308,380.993240048287
1,"[5, 16]","Q2-003,Q2-013",2792.8587839561833,9520.859726050387,2234.228657765404,109.2634343,23.0139552,318.4161682128906,618.4161682128906,300.0,2.2529322383020913,29.59586755305965,9910.382866258908,348.63012619077927,389.5231402085202
1,"[6, 16]","Q2-004,Q2-013",2810.516378377837,9520.859726050387,2061.2935442052503,109.2860168,23.0294009,406.61480712890625,656.6148071289062,250.0,2.3665995180703576,26.043765060301325,10104.158794150382,539.2228341725868,583.2990680999956
1,"[6, 16]","Q2-004,Q2-013",2810.516378377837,9520.859726050387,2048.7935442052503,109.2860168,23.0294009,406.61480712890625,706.6148071289062,300.0,2.3710450480664993,25.9048422479219,10120.825460817048,551.7228341725868,599.9657347666623
1,[17],Q2-014,8389.478382912166,9049.314376681548,8048.641234932018,109.2411178,23.0097988,218.26004028320312,368.2600402832031,150.0,0.2773391737039915,91.33315082175027,9200.198194685296,130.83714798014762,150.88381800374788
1,[17],Q2-014,8389.478382912166,9049.314376681548,8023.641234932018,109.2411178,23.0097988,218.26004028320312,468.2600402832031,250.0,0.2862302336962755,91.05530519699138,9233.53152801863,155.83714798014762,184.21715133708122
1,[17],Q2-014,8389.478382912166,9049.314376681548,8011.141234932018,109.2411178,23.0097988,218.26004028320312,518.2600402832031,300.0,0.29067576369241743,90.91638238461196,9250.198194685296,168.33714798014762,200.88381800374788
1,[17],Q2-014,8389.478382912166,9049.314376681548,8030.283671405095,109.2434342,23.0139552,195.0002899169922,345.0002899169922,150.0,0.29071467772612436,90.91516632105862,9216.6174456817,149.19471150707022,167.3030690001529
1,[17],Q2-014,8389.478382912166,9049.314376681548,8024.437064408803,109.2400851,23.0191154,194.87046813964844,344.87046813964844,150.0,0.2944592028644194,90.7981499104869,9222.45323419655,155.04131850336307,173.13885751500044
1,[7],Q2-019,3072.8026695877907,3868.5404781358166,2731.965521607643,109.2411178,23.0097988,218.26004028320312,368.2600402832031,150.0,0.31886472821968814,90.03547724313475,4019.4242961395644,130.83714798014762,150.88381800374788
1,[7],Q2-019,3072.8026695877907,3868.5404781358166,2706.965521607643,109.2411178,23.0097988,218.26004028320312,468.2600402832031,250.0,0.32775578821197215,89.75763161837587,4052.757629472898,155.83714798014762,184.21715133708122
1,[14],Q2-012,6652.914822662326,7335.541873170331,6225.398316019423,109.2118354,23.008964,228.57801818847656,478.57801818847656,250.0,0.33186979186884924,89.62906900409845,7582.298214662274,217.51650664290304,246.75634149194275
1,[7],Q2-019,3072.8026695877907,3868.5404781358166,2694.465521607643,109.2411178,23.0097988,218.26004028320312,518.2600402832031,300.0,0.3322013182081141,89.61870880599643,4069.4242961395644,168.33714798014762,200.88381800374788
1,[7],Q2-019,3072.8026695877907,3868.5404781358166,2713.6079580807204,109.2434342,23.0139552,195.0002899169922,345.0002899169922,150.0,0.332240232241821,89.61749274244309,4035.8435471359694,149.19471150707022,167.3030690001529
1,[7],Q2-019,3072.8026695877907,3868.5404781358166,2707.7613510844276,109.2400851,23.0191154,194.87046813964844,344.87046813964844,150.0,0.335984757380116,89.50047633187137,4041.679335650817,155.04131850336307,173.13885751500044
1,[14],Q2-012,6652.914822662326,7335.541873170331,6212.898316019423,109.2118354,23.008964,228.57801818847656,528.5780181884766,300.0,0.3363153218649912,89.49014619171902,7598.9648813289405,230.01650664290304,263.4230081586094
1,[11],Q2-022,5603.283106471228,6224.673557074716,5142.8433088662,109.2098548,23.0243904,260.7437438964844,310.7437438964844,50.0,0.3396457486193144,89.38607035564642,6490.367000004452,250.43979760502876,265.6934429297358
1,[11],Q2-022,5603.283106471228,6224.673557074716,5142.842838259192,109.2098548,23.0243905,260.7437438964844,310.7437438964844,50.0,0.3396460492849027,89.38606095984679,6490.36747061146,250.4402682120365,265.69391353674354
1,[11],Q2-022,5603.283106471228,6224.673557074716,5137.097171882964,109.2098548,23.0243904,260.7437438964844,410.7437438964844,150.0,0.34266753142878914,89.29163964285034,6504.446470321021,256.18593458826444,279.7729132463048
1,[14],Q2-012,6652.914822662326,7335.541873170331,6208.70564649286,109.2098548,23.0143904,215.5339813232422,465.5339813232422,250.0,0.34345822236702445,89.26693055103048,7597.903881116734,234.2091761694657,262.3620079464025
1,[14],Q2-012,6652.914822662326,7335.541873170331,6208.705430735929,109.2098548,23.0143905,215.5339813232422,465.5339813232422,250.0,0.34345836021172993,89.26692624338344,7597.9040968736645,234.209391926396,262.3622237033328
1,[19],Q2-020,11354.903561134484,12286.815220672517,10945.99520076994,109.2434342,23.0039552,254.31427001953125,554.3142700195312,300.0,0.39078854431337495,87.78785799020703,12521.274770205357,198.90836036454493,234.45954953283922
1,[10],Q2-009,4670.739025609486,5528.567098301766,4207.478263435392,109.2118354,23.0189641,286.2146301269531,536.2146301269531,250.0,0.4041587032415457,87.3700405237017,5815.8707463197725,253.26076217409337,287.30364801800613
1,[10],Q2-009,4670.739025609486,5528.567098301766,4203.538241474432,109.2116152,23.0189821,296.5360107421875,546.5360107421875,250.0,0.4059450657886477,87.31421669410476,5820.670883332003,257.2007841350543,292.1037850302366
1,[19],Q2-020,11354.903561134484,12286.815220672517,10916.67293945166,109.2472241,23.0068596,341.095947265625,591.095947265625,250.0,0.40691764103003175,87.28382371781152,12553.662171294143,228.23062168282402,266.8469506216261
1,[10],Q2-009,4670.739025609486,5528.567098301766,4194.978263435392,109.2118354,23.0189641,286.2146301269531,586.2146301269531,300.0,0.4086042332376877,87.23111771132226,5832.537412986439,265.7607621740934,303.9703146846728
1,[19],Q2-020,11354.903561134484,12286.815220672517,10904.17293945166,109.2472241,23.0068596,341.095947265625,641.095947265625,300.0,0.4113631710261737,87.14490090543208,12570.32883796081,240.730621682824,283.5136172882928
1,[6],Q2-004,2810.516378377837,3557.938935645693,2278.8512661182494,109.2660168,23.0094009,304.2348327636719,454.2348327636719,150.0,0.4199315863079948,86.87713792787515,3906.81528396892,321.6651122595876,348.8763483232269
1,[2],Q2-005,660.2162961558483,1823.0638404634583,336.87769416618585,109.2218354,23.008964,184.60321044921875,334.60321044921875,150.0,0.42224081559652765,86.80497451260851,1953.6443766572224,113.33860198966252,130.5805361937641
1,[6],Q2-004,2810.516378377837,3557.938935645693,2270.920642063253,109.2672242,23.0068596,295.897216796875,445.897216796875,150.0,0.42506629019329195,86.71667843145963,3914.05110669335,329.59573631458386,356.1121710476568
1,[19],Q2-020,11354.903561134484,12286.815220672517,10901.272127610839,109.2534342,23.0039552,321.24798583984375,471.24798583984375,150.0,0.4252436771728349,86.71113508834891,12559.07565301615,243.6314335236462,272.26043234363317
1,[6],Q2-004,2810.516378377837,3557.938935645693,2250.8634578907104,109.2660168,23.0094009,304.2348327636719,354.2348327636719,50.0,0.42719313597779157,86.650214500694,3926.4697588631257,349.65292048712666,368.53082321743267
1,[2],Q2-005,660.2162961558483,1823.0638404634583,311.87769416618585,109.2218354,23.008964,184.60321044921875,434.60321044921875,250.0,0.4311318755888116,86.52712888784964,1986.9777099905557,138.33860198966252,163.9138695270974
1,[5],Q2-003,2792.8587839561833,3593.9894842822414,2242.9341339723424,109.2611178,23.0097988,360.46240234375,660.46240234375,300.0,0.4334049148014499,86.45609641245468,3978.3110011280614,339.92464998384105,384.3215168458202
1,[6],Q2-004,2810.516378377837,3557.938935645693,2257.2170939907714,109.2672242,22.9968596,259.6777648925781,409.6777648925781,150.0,0.43356185560645677,86.45119201229822,3924.7363671071403,343.29928438706577,366.7974314614473
1,[5],Q2-003,2792.8587839561833,3593.9894842822414,2250.2597273422416,109.2611178,23.0197988,266.822265625,566.822265625,300.0,0.4353554845862938,86.39514110667832,3963.1820630315997,332.59905661394174,369.1925787493584
1,[2],Q2-005,660.2162961558483,1823.0638404634583,299.37769416618585,109.2218354,23.008964,184.60321044921875,484.60321044921875,300.0,0.43557740558495356,86.3882060754702,2003.6443766572224,150.83860198966252,180.5805361937641
1,[5],Q2-003,2792.8587839561833,3593.9894842822414,2240.0546674430525,109.2613839,23.0210882,285.969482421875,585.969482421875,300.0,0.44051953848242653,86.23376442242417,3974.9827243305285,342.8041165131308,380.993240048287
1,[2],Q2-005,660.2162961558483,1823.0638404634583,307.01232984322803,109.2216152,23.0189821,204.40858459472656,254.40858459472656,50.0,0.443147218202951,86.15164943115778,1976.8268554923059,143.2039663126203,153.76301502884755
1,[2],Q2-005,660.2162961558483,1823.0638404634583,308.1084665931155,109.229576,23.0223216,135.0974578857422,285.0974578857422,150.0,0.4441267380870497,86.1210394347797,1978.288124850003,142.10782956273283,155.22428438654467
1,[18],Q2-025,9553.392716838127,10634.438145894339,9090.131954664033,109.2118354,23.0189641,286.2146301269531,536.2146301269531,250.0,0.47236400657496924,85.23862479453221,10921.741793912344,253.26076217409337,287.30364801800613
1,[18],Q2-025,9553.392716838127,10634.438145894339,9086.191932703072,109.2116152,23.0189821,296.5360107421875,546.5360107421875,250.0,0.47415036912207126,85.18280096493527,10926.541930924575,257.2007841350543,292.1037850302366
1,[18],Q2-025,9553.392716838127,10634.438145894339,9077.631954664033,109.2118354,23.0189641,286.2146301269531,586.2146301269531,300.0,0.47680953657111125,85.09970198215278,10938.408460579012,265.7607621740934,303.9703146846728
1,[3],Q2-002,665.8377548840872,1712.7666331892165,174.65182029582274,109.2098548,23.0243904,260.7437438964844,510.7437438964844,250.0,0.4815842221076858,84.95049305913483,2025.8728797688545,281.18593458826444,313.10624657963814
1,[3],Q2-002,665.8377548840872,1712.7666331892165,174.651349688815,109.2098548,23.0243905,260.7437438964844,510.7437438964844,250.0,0.481584522773274,84.95048366333519,2025.8733503758624,281.1864051952722,313.1067171866459
1,[3],Q2-002,665.8377548840872,1712.7666331892165,162.15182029582274,109.2098548,23.0243904,260.7437438964844,560.7437438964844,300.0,0.4860297521038277,84.81157024675538,2042.5395464355213,293.68593458826444,329.7729132463048
1,[8],Q2-021,4074.867035043299,5047.061098334569,3536.60121276129,109.2117995,23.0340104,273.09771728515625,523.0977172851562,250.0,0.4879525964269591,84.75148136165754,5408.276730390341,328.265822282009,361.21563205577206
1,[8],Q2-021,4074.867035043299,5047.061098334569,3536.6008261937923,109.2117994,23.0340104,273.09771728515625,523.0977172851562,250.0,0.48795284340063816,84.75147364373005,5408.277116957838,328.26620884950665,361.21601862326963
1,[8],Q2-021,4074.867035043299,5047.061098334569,3537.1313400232793,109.2216152,23.0389821,250.56883239746094,500.56883239746094,250.0,0.48920921089707076,84.71221215946653,5405.8691960543765,327.73569502001965,358.8080977198081
1,[8],Q2-021,4074.867035043299,5047.061098334569,3537.130625991914,109.2216152,23.0389822,250.56883239746094,500.56883239746094,250.0,0.48920966708377667,84.71219790363197,5405.869910085742,327.73640905138535,358.8088117511737
1,[8],Q2-021,4074.867035043299,5047.061098334569,3528.741259864167,109.2283853,23.0445473,251.49188232421875,401.49188232421875,150.0,0.5015853394547758,84.32545814203826,5406.002863707386,336.1257751791316,358.9417653728165
1,[12],Q2-023,6143.930348428808,7064.370293138523,5519.21775897643,109.2026722,23.036099,413.75677490234375,663.7567749023438,250.0,0.5174084209360226,83.8309868457493,7523.754280499431,414.71258945237884,459.38398736090744
1,[12],Q2-023,6143.930348428808,7064.370293138523,5506.71775897643,109.2026722,23.036099,413.75677490234375,713.7567749023438,300.0,0.5218539509321647,83.69206403336985,7540.420947166098,427.21258945237884,476.0506540275742
1,[1],Q2-001,651.9268419355427,1749.3404877766482,120.26172967595511,109.2660168,23.0094009,304.2348327636719,454.2348327636719,150.0,0.5268733078164878,83.53520913073476,2098.216836099875,321.6651122595876,348.8763483232269
1,[4],Q2-006,1766.9535991150958,2868.695443085245,1228.687776833087,109.2117995,23.0340104,273.09771728515625,523.0977172851562,250.0,0.5275366405232835,83.51447998364739,3229.911075141017,328.265822282009,361.21563205577206
1,[4],Q2-006,1766.9535991150958,2868.695443085245,1228.687390265589,109.2117994,23.0340104,273.09771728515625,523.0977172851562,250.0,0.5275368874969626,83.51447226571992,3229.9114617085147,328.26620884950665,361.21601862326963
1,[12],Q2-023,6143.930348428808,7064.370293138523,5503.061116844115,109.2028191,23.0394186,507.341552734375,657.341552734375,150.0,0.5281849923652375,83.49421898858634,7539.376320784415,430.8692315846937,475.0060276458916
1,[4],Q2-006,1766.9535991150958,2868.695443085245,1229.2179040950762,109.2216152,23.0389821,250.56883239746094,500.56883239746094,250.0,0.5287932549933951,83.4752107814564,3227.5035408050535,327.73569502001965,358.8080977198081
1,[4],Q2-006,1766.9535991150958,2868.695443085245,1229.2171900637104,109.2216152,23.0389822,250.56883239746094,500.56883239746094,250.0,0.528793711180101,83.47519652562184,3227.504254836419,327.73640905138535,358.8088117511737
1,[1],Q2-001,651.9268419355427,1749.3404877766482,112.33110562095885,109.2672242,23.0068596,295.897216796875,445.897216796875,150.0,0.5320080117017849,83.37474963431923,2105.4526588243048,329.59573631458386,356.1121710476568
1,[1],Q2-001,651.9268419355427,1749.3404877766482,92.27392144841605,109.2660168,23.0094009,304.2348327636719,354.2348327636719,50.0,0.5341348574862845,83.30828570355361,2117.871310994081,349.65292048712666,368.53082321743267
1,[1],Q2-001,651.9268419355427,1749.3404877766482,95.26172967595511,109.2660168,23.0094009,304.2348327636719,554.2348327636719,250.0,0.5357643678087717,83.25736350597589,2131.5501694332083,346.6651122595876,382.20968165656024
1,[13],Q2-011,6592.6695205783035,7418.107909908786,5896.21589048459,109.2117995,23.0540104,327.6148681640625,627.6148681640625,300.0,0.5367739886956847,83.22581285325985,7946.2211123495035,486.4536300937132,528.1132024407184
1,[13],Q2-011,6592.6695205783035,7418.107909908786,5896.215645179034,109.2117994,23.0540104,327.6148681640625,627.6148681640625,300.0,0.5367741454186787,83.22580795566628,7946.221357655059,486.4538753992689,528.1134477462741
1,[4],Q2-006,1766.9535991150958,2868.695443085245,1220.8278239359643,109.2283853,23.0445473,251.49188232421875,401.49188232421875,150.0,0.5411693835511001,83.08845676402812,3227.6372084580617,336.1257751791316,358.9417653728165
1,[16],Q2-013,8349.751024161696,9520.859726050387,7807.151967547755,109.2611178,23.0197988,266.822265625,566.822265625,300.0,0.5484043183970981,82.86236505009069,9890.052304799745,332.59905661394174,369.1925787493584
1,[9],Q2-010,4663.213337744348,5514.212889101615,3981.683047859034,109.2375273,23.0617405,343.19439697265625,393.19439697265625,50.0,0.5489987033884574,82.84379051911071,6007.867712067983,471.5302898853139,493.6548229663686
1,[13],Q2-011,6592.6695205783035,7418.107909908786,5885.678807455556,109.205253,23.0563957,383.214111328125,533.214111328125,150.0,0.5501906847020765,82.8065411030601,7948.89146564221,496.9907131227473,530.7835557334245
1,[13],Q2-011,6592.6695205783035,7418.107909908786,5886.631119058871,109.2611211,23.05481,259.621826171875,509.621826171875,250.0,0.5512528713856222,82.77334776919932,7945.973130275874,496.038401519432,527.8652203670882
1,[16],Q2-013,8349.751024161696,9520.859726050387,7796.946907648566,109.2613839,23.0210882,285.969482421875,585.969482421875,300.0,0.5535683722932309,82.70098836583654,9901.852966098673,342.8041165131308,380.993240048287
1,[16],Q2-013,8349.751024161696,9520.859726050387,7791.120897970917,109.2634343,23.0139552,318.4161682128906,618.4161682128906,300.0,0.5549929426837394,82.65647054113315,9910.382866258908,348.63012619077927,389.5231402085202
1,[13],Q2-011,6592.6695205783035,7418.107909908786,5884.116400048527,109.2475273,23.0617405,229.22308349609375,479.22308349609375,250.0,0.5550120817047426,82.6558724467268,7945.954620729904,498.55312052977655,527.8467108211178
1,[9],Q2-010,4663.213337744348,5514.212889101615,3964.618859219711,109.2375273,23.0617405,343.19439697265625,493.19439697265625,150.0,0.5554706396700477,82.64154251031101,6033.265234040639,488.5944785246368,519.0523449390248
1,[9],Q2-010,4663.213337744348,5514.212889101615,3977.886098869512,109.2283853,23.0645473,216.0124969482422,366.0124969482422,150.0,0.5560003043394105,82.62499048939343,6009.399502722137,475.3272388748359,495.1866136205228
1,[9],Q2-010,4663.213337744348,5514.212889101615,3969.351259239385,109.2283853,23.0645473,216.0124969482422,266.0124969482422,50.0,0.5573318822094036,82.58337868095614,6009.601009018931,483.8620785049629,495.38811991731643
1,[15],Q2-024,7349.270805655016,8342.59355138891,6667.740515769702,109.2375273,23.0617405,343.19439697265625,393.19439697265625,50.0,0.5924863461146491,81.48480168391721,8836.24837435528,471.5302898853139,493.6548229663686
1,[15],Q2-024,7349.270805655016,8342.59355138891,6650.67632713038,109.2375273,23.0617405,343.19439697265625,493.19439697265625,150.0,0.5989582823962395,81.28255367511753,8861.645896327936,488.5944785246368,519.0523449390248
1,[15],Q2-024,7349.270805655016,8342.59355138891,6663.943566780181,109.2283853,23.0645473,216.0124969482422,366.0124969482422,150.0,0.5994879470656023,81.26600165419993,8837.780165009433,475.3272388748359,495.1866136205228
1,[15],Q2-024,7349.270805655016,8342.59355138891,6655.408727150054,109.2283853,23.0645473,216.0124969482422,266.0124969482422,50.0,0.6008195249355953,81.22438984576264,8837.981671306226,483.8620785049629,495.38811991731643
