运输架次编号,通信阶段,开始时刻（s）,结束时刻（s）,保障方式,中继架次编号,直连路径损耗（dB）,直连门限（dB）
Q23-018,leg1-climb,330.0,385.8872517903646,直连,,66.86922826520828,122.0
Q23-003,leg1-climb,360.0,383.80008290608725,直连,,63.97228668276127,122.0
Q23-006,leg1-climb,360.0,400.2787231445313,直连,,60.23392494929279,122.0
Q23-003,leg1-climb,383.80008290608725,407.6001658121745,直连,,78.85462513877252,122.0
Q23-018,leg1-cruise,385.8872517903646,393.2235844079469,直连,,83.80932947714741,122.0
Q23-002,leg1-climb,390.0,415.6182116699219,直连,,65.36346721130167,122.0
Q23-013,leg1-climb,390.0,417.58815205891926,直连,,66.65528399300692,122.0
Q23-018,leg1-cruise,393.2235844079469,400.5599170255292,直连,,85.9918103904865,122.0
Q23-006,leg1-climb,400.2787231445313,420.4180847167969,直连,,82.40264797547299,122.0
Q23-018,leg1-cruise,400.5599170255292,407.89624964311156,直连,,88.52036194838145,122.0
Q23-003,leg1-climb,407.6001658121745,431.4002487182617,直连,,84.0548442399942,122.0
Q23-018,leg1-cruise,407.89624964311156,422.56891487827613,直连,,90.72671002699629,122.0
Q23-002,leg1-climb,415.6182116699219,441.2364233398438,直连,,79.63443779651607,122.0
Q23-013,leg1-climb,417.58815205891926,445.1763041178385,直连,,80.40713379023344,122.0
Q23-017,leg1-climb,420.0,449.0713220214844,直连,,64.31881537331904,122.0
Q23-006,leg1-cruise,420.4180847167969,427.39557397206147,直连,,84.48775035894121,122.0
Q23-018,leg1-cruise,422.56891487827613,429.9052474958585,直连,,94.14097494227529,122.0
Q23-006,leg1-cruise,427.39557397206147,434.373063227326,直连,,86.26370376738377,122.0
Q23-018,leg1-cruise,429.9052474958585,437.2415801134408,直连,,95.48574184333452,122.0
Q23-003,leg1-climb,431.4002487182617,455.20033162434896,直连,,87.28503714858458,122.0
Q23-006,leg1-cruise,434.373063227326,441.3505524825905,直连,,88.49418464395617,122.0
Q23-018,leg1-cruise,437.2415801134408,444.57791273102316,直连,,96.66068710473903,122.0
Q23-002,leg1-climb,441.2364233398438,466.8546350097656,直连,,84.77168861744347,122.0
Q23-006,leg1-cruise,441.3505524825905,448.3280417378551,直连,,90.54211440868782,122.0
Q23-018,leg1-cruise,444.57791273102316,451.9142453486055,直连,,97.70178415293066,122.0
Q23-013,leg1-cruise,445.1763041178385,452.24134164032574,直连,,83.85390032035153,122.0
Q23-006,leg1-cruise,448.3280417378551,455.30553099311965,直连,,92.30675973195673,122.0
Q23-017,leg1-climb,449.0713220214844,478.14264404296875,直连,,79.04372855980824,122.0
Q23-018,leg1-cruise,451.9142453486055,459.2505779661878,直连,,98.63528939247468,122.0
Q23-013,leg1-cruise,452.24134164032574,459.30637916281296,直连,,86.72403418306237,122.0
Q23-003,leg1-cruise,455.20033162434896,461.986923938322,直连,,88.63973302431107,122.0
Q23-006,leg1-cruise,455.30553099311965,462.28302024838416,直连,,93.8216292795549,122.0
Q23-018,leg1-cruise,459.2505779661878,466.5869105837701,直连,,99.48071856787222,122.0
Q23-013,leg1-cruise,459.30637916281296,466.37141668530023,直连,,89.6625139244244,122.0
Q23-003,leg1-cruise,461.986923938322,468.77351625229505,直连,,89.37232345411255,122.0
Q23-006,leg1-cruise,462.28302024838416,469.2605095036487,直连,,95.13578946998238,122.0
Q23-013,leg1-cruise,466.37141668530023,473.43645420778745,直连,,92.06174393576059,122.0
Q23-018,leg1-cruise,466.5869105837701,473.9232432013524,直连,,100.25287251629673,122.0
Q23-002,leg1-climb,466.8546350097656,492.4728466796875,直连,,87.97790558561185,122.0
Q23-003,leg1-cruise,468.77351625229505,475.5601085662681,直连,,90.54652634295218,122.0
Q23-006,leg1-cruise,469.2605095036487,476.23799875891325,直连,,96.29062869295682,122.0
Q23-013,leg1-cruise,473.43645420778745,480.50149173027467,直连,,94.00950371310928,122.0
Q23-018,leg1-cruise,473.9232432013524,481.25957581893476,直连,,100.96319569283078,122.0
Q23-003,leg1-cruise,475.5601085662681,482.34670088024114,直连,,91.86705235663351,122.0
Q23-006,leg1-cruise,476.23799875891325,483.2154880141778,直连,,97.31787701355788,122.0
Q23-017,leg1-cruise,478.14264404296875,485.4364805341328,直连,,82.77423752426722,122.0
Q23-013,leg1-cruise,480.50149173027467,487.5665292527619,直连,,95.62844670881452,122.0
Q23-018,leg1-cruise,481.25957581893476,488.59590843651705,直连,,101.62069562432278,122.0
Q23-003,leg1-cruise,482.34670088024114,489.13329319421416,直连,,93.16903600208643,122.0
Q23-006,leg1-cruise,483.2154880141778,490.19297726944234,直连,,98.24146736860436,122.0
Q23-017,leg1-cruise,485.4364805341328,492.73031702529687,直连,,86.35317246723555,122.0
Q23-013,leg1-cruise,487.5665292527619,494.6315667752491,直连,,97.00646605461236,122.0
Q23-018,leg1-cruise,488.59590843651705,495.93224105409934,直连,,102.23257583960888,122.0
Q23-003,leg1-cruise,489.13329319421416,495.91988550818724,直连,,94.38720857834087,122.0
Q23-006,leg1-cruise,490.19297726944234,497.17046652470685,直连,,99.07956811985426,122.0
Q23-002,leg1-climb,492.4728466796875,518.0910583496094,直连,,90.3144689184467,122.0
Q23-017,leg1-cruise,492.73031702529687,500.02415351646096,直连,,89.62210297240887,122.0
Q23-013,leg1-cruise,494.6315667752491,501.6966042977363,直连,,98.20299111750117,122.0
Q23-003,leg1-cruise,495.91988550818724,502.7064778221603,直连,,95.50489678875753,122.0
Q23-018,leg1-cruise,495.93224105409934,503.2685736716817,直连,,102.80467995365913,122.0
Q23-006,leg1-cruise,497.17046652470685,504.1479557799714,直连,,99.84615936845714,122.0
Q23-017,leg1-cruise,500.02415351646096,507.317990007625,直连,,92.15877456723007,122.0
Q23-013,leg1-cruise,501.6966042977363,508.76164182022353,直连,,99.25883182682651,122.0
Q23-003,leg1-cruise,502.7064778221603,509.4930701361333,直连,,96.52485858931865,122.0
Q23-018,leg1-cruise,503.2685736716817,510.604906289264,直连,,103.341809224577,122.0
Q23-006,leg1-cruise,504.1479557799714,511.125445035236,直连,,100.55216421379279,122.0
Q23-017,leg1-cruise,507.317990007625,514.611826498789,直连,,94.17233176397204,122.0
Q23-013,leg1-cruise,508.76164182022353,515.8266793427108,直连,,100.20283293162944,122.0
Q23-003,leg1-cruise,509.4930701361333,516.2796624501063,直连,,97.45632791953528,122.0
Q23-018,leg1-cruise,510.604906289264,517.9412389068464,直连,,103.84795376692081,122.0
Q23-006,leg1-cruise,511.125445035236,518.1029342905006,直连,,101.20624689162022,122.0
Q23-017,leg1-cruise,514.611826498789,521.905662989953,直连,,95.82703269947991,122.0
Q23-013,leg1-cruise,515.8266793427108,522.8917168651981,直连,,101.05598801723002,122.0
Q23-003,leg1-cruise,516.2796624501063,523.0662547640794,直连,,98.30983013883082,122.0
Q23-018,leg1-cruise,517.9412389068464,525.2775715244287,直连,,104.32646374750385,122.0
Q23-002,leg1-cruise,518.0910583496094,524.5705796559582,直连,,91.35939016292498,122.0
Q23-006,leg1-cruise,518.1029342905006,525.0804235457651,直连,,101.81537778164576,122.0
Q23-017,leg1-cruise,521.905662989953,529.1994994811171,直连,,97.2264316611331,122.0
Q23-013,leg1-cruise,522.8917168651981,529.9567543876852,直连,,101.83398824156843,122.0
Q23-003,leg1-cruise,523.0662547640794,529.8528470780525,直连,,99.09528288087056,122.0
Q23-002,leg1-cruise,524.5705796559582,531.0501009623072,直连,,91.92807243610115,122.0
Q23-006,leg1-cruise,525.0804235457651,532.0579128010296,直连,,102.38523783994484,122.0
Q23-018,leg1-cruise,525.2775715244287,532.613904142011,直连,,104.78017811875378,122.0
Q23-017,leg1-cruise,529.1994994811171,536.4933359722812,直连,,98.43668876564163,122.0
Q23-003,leg1-cruise,529.8528470780525,536.6394393920256,直连,,99.82141894646463,122.0
Q23-013,leg1-cruise,529.9567543876852,537.0217919101724,直连,,102.5488390420263,122.0
Q23-002,leg1-cruise,531.0501009623072,537.5296222686561,直连,,92.88138847006513,122.0
Q23-006,leg1-cruise,532.0579128010296,539.0354020562941,直连,,102.92051214410587,122.0
Q23-018,leg1-cruise,532.613904142011,539.9502367595933,直连,,105.21152280586449,122.0
Q23-017,leg1-cruise,536.4933359722812,543.7871724634454,直连,,99.50184775819227,122.0
Q23-003,leg1-cruise,536.6394393920256,543.4260317059986,直连,,100.4957188674665,122.0
Q23-013,leg1-cruise,537.0217919101724,544.0868294326597,直连,,103.2099150630743,122.0
Q23-002,leg1-cruise,537.5296222686561,544.009143575005,直连,,94.00619737611477,122.0
Q23-006,leg1-cruise,539.0354020562941,546.0128913115586,直连,,103.4251060886818,122.0
Q23-018,leg1-cruise,539.9502367595933,547.2865693771756,直连,,105.62258657709914,122.0
Q23-016,leg1-climb,540.0,569.0713220214843,直连,,64.31881537331904,122.0
Q23-003,leg1-cruise,543.4260317059986,550.2126240199716,直连,,101.12452327767886,122.0
Q23-017,leg1-cruise,543.7871724634454,551.0810089546094,直连,,100.45245132180452,122.0
Q23-002,leg1-cruise,544.009143575005,550.488664881354,直连,,95.15974452399016,122.0
Q23-013,leg1-cruise,544.0868294326597,551.1518669551469,直连,,103.8246679774728,122.0
Q23-006,leg1-cruise,546.0128913115586,552.9903805668232,直连,,103.90230691618238,122.0
Q23-018,leg1-cruise,547.2865693771756,554.622901994758,直连,,116.01518037380657,122.0
Q23-003,leg1-cruise,550.2126240199716,556.9992163339447,直连,,101.71319356269639,122.0
Q23-002,leg1-cruise,550.488664881354,556.9681861877028,直连,,96.2709582784806,122.0
Q23-017,leg1-cruise,551.0810089546094,558.3748454457734,直连,,101.31045005226437,122.0
Q23-013,leg1-cruise,551.1518669551469,558.2169044776341,直连,,104.39911386762334,122.0
Q23-006,leg1-cruise,552.9903805668232,559.9678698220878,直连,,104.35490607042408,122.0
Q23-018,leg1-cruise,554.622901994758,561.9592346123402,直连,,116.39088421781942,122.0
Q23-002,leg1-cruise,556.9681861877028,563.4477074940517,直连,,97.31208761482814,122.0
Q23-003,leg1-cruise,556.9992163339447,563.7858086479177,直连,,102.26627065245295,122.0
Q23-013,leg1-cruise,558.2169044776341,565.2819420001213,直连,,104.93817680395752,122.0
Q23-017,leg1-cruise,558.3748454457734,565.6686819369374,直连,,102.09210640112423,122.0
Q23-006,leg1-cruise,559.9678698220878,566.9453590773524,直连,,104.78529307527985,122.0
Q23-018,leg1-cruise,561.9592346123402,569.2955672299225,直连,,116.75108467357298,122.0
Q23-002,leg1-cruise,563.4477074940517,569.9272288004006,直连,,98.27661450748231,122.0
Q23-003,leg1-cruise,563.7858086479177,570.5724009618908,直连,,102.78761508606263,122.0
Q23-013,leg1-cruise,565.2819420001213,572.3469795226085,直连,,105.44593623475895,122.0
Q23-017,leg1-cruise,565.6686819369374,572.9625184281015,直连,,102.80978335866854,122.0
Q23-006,leg1-cruise,566.9453590773524,573.9228483326169,直连,,105.19552843540286,122.0
Q23-016,leg1-climb,569.0713220214843,598.1426440429688,直连,,79.04372855980822,122.0
Q23-018,leg1-cruise,569.2955672299225,576.6318998475049,直连,,117.09700504667433,122.0
Q23-002,leg1-cruise,569.9272288004006,576.4067501067495,直连,,99.16720919860084,122.0
Q23-003,leg1-cruise,570.5724009618908,577.3589932758639,直连,,103.28052477945862,122.0
Q23-013,leg1-cruise,572.3469795226085,579.4120170450958,直连,,115.92580854164872,122.0
Q23-017,leg1-cruise,572.9625184281015,580.2563549192656,直连,,103.47308837086479,122.0
Q23-006,leg1-cruise,573.9228483326169,580.9003375878815,直连,,105.58740088137392,122.0
Q23-002,leg1-cruise,576.4067501067495,582.8862714130985,直连,,99.98997189399988,122.0
Q23-018,leg1-cruise,576.6318998475049,583.9682324650872,直连,,117.42972993773057,122.0
Q23-003,leg1-cruise,577.3589932758639,584.1455855898369,直连,,103.7478319072395,122.0
Q23-013,leg1-cruise,579.4120170450958,586.4770545675831,直连,,116.38068258404898,122.0
Q23-017,leg1-cruise,580.2563549192656,587.5501914104298,直连,,104.08962984723124,122.0
Q23-006,leg1-cruise,580.9003375878815,587.877826843146,直连,,105.96247278858385,122.0
Q23-002,leg1-cruise,582.8862714130985,589.3657927194474,直连,,100.75185879830629,122.0
Q23-018,leg1-cruise,583.9682324650872,591.3045650826696,直连,,117.75022536633531,122.0
Q23-003,leg1-cruise,584.1455855898369,590.9321779038099,直连,,104.19198185565872,122.0
Q23-013,leg1-cruise,586.4770545675831,593.5420920900704,直连,,116.81302247055491,122.0
Q23-017,leg1-cruise,587.5501914104298,594.8440279015938,直连,,114.66553246755427,122.0
Q23-006,leg1-cruise,587.877826843146,594.8553160984104,直连,,106.3221165602807,122.0
Q23-002,leg1-cruise,589.3657927194474,595.8453140257963,直连,,101.45960304206895,122.0
Q23-003,leg1-cruise,590.9321779038099,597.718770217783,直连,,104.61509737840423,122.0
Q23-018,leg1-cruise,591.3045650826696,598.6408977002519,直连,,118.05935538702603,122.0
Q23-013,leg1-cruise,593.5420920900704,600.6071296125575,直连,,117.22494657991493,122.0
Q23-017,leg1-cruise,594.8440279015938,602.1378643927578,直连,,115.20579743946301,122.0
Q23-006,leg1-cruise,594.8553160984104,601.832805353675,直连,,106.66754403292191,122.0
Q23-002,leg1-cruise,595.8453140257963,602.3248353321451,直连,,102.11931378232858,122.0
Q23-003,leg1-cruise,597.718770217783,604.505362531756,直连,,105.01903076669069,122.0
Q23-016,leg1-cruise,598.1426440429688,604.4785822232443,直连,,82.60029930938168,122.0
Q23-018,leg1-cruise,598.6408977002519,605.9772303178343,直连,,118.35789590355186,122.0
Q23-013,leg1-cruise,600.6071296125575,607.6721671350447,直连,,117.61828909788396,122.0
Q23-006,leg1-cruise,601.832805353675,608.8102946089396,直连,,106.99983043935637,122.0
Q23-017,leg1-cruise,602.1378643927578,609.4317008839218,直连,,115.71456020597117,122.0
Q23-002,leg1-cruise,602.3248353321451,608.804356638494,直连,,102.73637425962795,122.0
Q23-016,leg1-cruise,604.4785822232443,610.81452040352,直连,,85.62181395791762,122.0
Q23-003,leg1-cruise,604.505362531756,611.291954845729,直连,,105.40540639212313,122.0
Q23-018,leg1-cruise,605.9772303178343,613.3135629354165,直连,,118.64654622795439,122.0
Q23-013,leg1-cruise,607.6721671350447,614.737204657532,直连,,117.99464849689741,122.0
Q23-002,leg1-cruise,608.804356638494,615.283877944843,直连,,103.31546524722518,122.0
Q23-006,leg1-cruise,608.8102946089396,615.7877838642041,直连,,107.31993408778962,122.0
Q23-017,leg1-cruise,609.4317008839218,616.7255373750859,直连,,116.19527858205697,122.0
Q23-016,leg1-cruise,610.81452040352,617.1504585837956,直连,,88.63770733525857,122.0
Q23-003,leg1-cruise,611.291954845729,618.0785471597021,直连,,105.77565553752547,122.0
Q23-018,leg1-cruise,613.3135629354165,620.6498955529988,直连,,118.92593881085608,122.0
Q23-013,leg1-cruise,614.737204657532,621.8022421800192,直连,,118.35542613595538,122.0
Q23-002,leg1-cruise,615.283877944843,621.7633992511918,直连,,103.86063526350769,122.0
Q23-006,leg1-cruise,615.7877838642041,622.7652731194687,直连,,117.62871263877571,122.0
Q23-017,leg1-cruise,616.7255373750859,624.01937386625,直连,,116.65087261173808,122.0
Q23-016,leg1-cruise,617.1504585837956,623.4863967640713,直连,,91.07048008018077,122.0
Q23-003,leg1-cruise,618.0785471597021,624.8651394736752,直连,,106.13104504672131,122.0
Q23-018,leg1-descent,620.6498955529988,637.3022466272175,直连,,119.05922547603083,122.0
Q23-002,leg1-cruise,621.7633992511918,628.2429205575406,直连,,104.37538264908875,122.0
Q23-013,leg1-cruise,621.8022421800192,628.8672797025064,直连,,118.70185729433517,122.0
Q23-006,leg1-cruise,622.7652731194687,629.7427623747333,直连,,117.92693665868408,122.0
Q23-016,leg1-cruise,623.4863967640713,629.822334944347,直连,,93.03458361765708,122.0
Q23-017,leg1-cruise,624.01937386625,631.3132103574142,直连,,117.08383023406073,122.0
Q23-003,leg1-cruise,624.8651394736752,631.6517317876483,直连,,106.47270100774502,122.0
Q23-002,leg1-cruise,628.2429205575406,634.7224418638896,直连,,104.86273475931081,122.0
Q23-013,leg1-cruise,628.8672797025064,635.9323172249935,直连,,119.03503634639186,122.0
Q23-006,leg1-cruise,629.7427623747333,636.7202516299978,直连,,118.21530097621158,122.0
Q23-016,leg1-cruise,629.822334944347,636.1582731246225,直连,,94.66248724245423,122.0
Q23-017,leg1-cruise,631.3132103574142,638.6070468485782,直连,,117.49628828895406,122.0
Q23-003,leg1-cruise,631.6517317876483,638.4383241016212,直连,,106.80162843092567,122.0
Q23-002,leg1-cruise,634.7224418638896,641.2019631702385,直连,,105.32531875451241,122.0
Q23-013,leg1-cruise,635.9323172249935,642.9973547474808,直连,,119.35593735285828,122.0
Q23-016,leg1-cruise,636.1582731246225,642.494211304898,直连,,96.04589082119344,122.0
Q23-006,leg1-cruise,636.7202516299978,643.6977408852623,直连,,118.49443425393942,122.0
Q23-018,leg1-descent,637.3022466272175,653.9545977014363,直连,,119.05440151998916,122.0
Q23-003,leg1-cruise,638.4383241016212,645.2249164155943,直连,,107.11872768295676,122.0
Q23-017,leg1-cruise,638.6070468485782,645.9008833397422,直连,,117.89009544154852,122.0
Q23-002,leg1-cruise,641.2019631702385,647.6814844765875,直连,,105.76542261272789,122.0
Q23-016,leg1-cruise,642.494211304898,648.8301494851737,直连,,97.24588483295868,122.0
Q23-013,leg1-cruise,642.9973547474808,650.0623922699681,直连,,119.66543103237368,122.0
Q23-006,leg1-cruise,643.6977408852623,650.6752301405268,直连,,118.76490709999861,122.0
Q23-003,leg1-cruise,645.2249164155943,652.0115087295674,直连,,107.42480828117661,122.0
Q23-017,leg1-cruise,645.9008833397422,653.1947198309063,直连,,118.2668616487555,122.0
Q23-002,leg1-cruise,647.6814844765875,654.1610057829364,直连,,106.18504675327492,122.0
Q23-016,leg1-cruise,648.8301494851737,655.1660876654494,直连,,98.30408435907648,122.0
Q23-013,leg1-cruise,650.0623922699681,657.1274297924554,直连,,119.96429884911547,122.0
Q23-006,leg1-cruise,650.6752301405268,657.6527193957913,直连,,119.02723897809302,122.0
Q23-003,leg1-cruise,652.0115087295674,658.7981010435403,直连,,107.72060052920983,122.0
Q23-017,leg1-cruise,653.1947198309063,660.4885563220703,直连,,118.6279974722734,122.0
Q23-018,S011-handoff,653.9545977014363,676.7361263144076,直连,,119.05269852342448,122.0
Q23-002,leg1-cruise,654.1610057829364,660.6405270892852,直连,,106.58594732012885,122.0
Q23-016,leg1-cruise,655.1660876654494,661.5020258457249,直连,,99.24975925921993,122.0
Q23-013,leg1-cruise,657.1274297924554,664.1924673149426,直连,,120.25324478398461,122.0
Q23-006,leg1-cruise,657.6527193957913,664.6302086510559,直连,,119.2819041225981,122.0
Q23-003,leg1-cruise,658.7981010435403,665.5846933575134,直连,,108.00676537853646,122.0
Q23-017,leg1-cruise,660.4885563220703,667.7823928132343,直连,,118.97474563504288,122.0
Q23-002,leg1-cruise,660.6405270892852,667.1200483956341,直连,,106.96967233312014,122.0
Q23-016,leg1-cruise,661.5020258457249,667.8379640260005,直连,,100.10414362464162,122.0
Q23-013,leg1-cruise,664.1924673149426,671.2575048374298,直连,,120.53290523096342,122.0
Q23-006,leg1-cruise,664.6302086510559,671.6076979063205,直连,,119.52933662525336,122.0
Q23-003,leg1-cruise,665.5846933575134,672.3712856714865,直连,,108.28390282510003,122.0
Q23-002,leg1-cruise,667.1200483956341,673.599569701983,直连,,107.33759186033345,122.0
Q23-017,leg1-cruise,667.7823928132343,675.0762293043983,直连,,119.30820658433481,122.0
Q23-016,leg1-cruise,667.8379640260005,674.1739022062761,直连,,100.8830725652701,122.0
Q23-013,leg1-cruise,671.2575048374298,678.322542359917,直连,,120.80385736524542,122.0
Q23-006,leg1-cruise,671.6076979063205,678.585187161585,直连,,119.76993482845003,122.0
Q23-003,leg1-cruise,672.3712856714865,679.1578779854595,直连,,108.55255909009739,122.0
Q23-002,leg1-cruise,673.599569701983,680.079091008332,直连,,107.69092323016382,122.0
Q23-016,leg1-cruise,674.1739022062761,680.5098403865518,直连,,101.5986417879227,122.0
Q23-017,leg1-cruise,675.0762293043983,682.3700657955625,直连,,119.62935937497292,122.0
Q23-018,S011-handoff,676.7361263144076,699.5176549273787,直连,,119.05269852342448,122.0
Q23-013,leg1-cruise,678.322542359917,685.3875798824042,直连,,121.06662625734272,122.0
Q23-006,leg1-cruise,678.585187161585,685.5626764168496,直连,,120.00406513519044,122.0
Q23-003,leg1-cruise,679.1578779854595,685.9444702994326,直连,,108.81323278716735,122.0
Q23-002,leg1-cruise,680.079091008332,686.5586123146809,直连,,108.03075214796512,122.0
Q23-016,leg1-cruise,680.5098403865518,686.8457785668274,直连,,102.26028479729179,122.0
Q23-017,leg1-descent,682.3700657955625,699.5176549273787,直连,,119.78374649991753,122.0
Q23-013,leg1-cruise,685.3875798824042,692.4526174048915,直连,,121.321690951758,122.0
Q23-006,leg1-cruise,685.5626764168496,692.5401656721142,直连,,120.23206532601323,122.0
Q23-003,leg1-cruise,685.9444702994326,692.7310626134056,直连,,109.06638024050213,122.0
Q23-002,leg1-cruise,686.5586123146809,693.0381336210298,直连,,108.35805043702092,122.0
Q23-016,leg1-cruise,686.8457785668274,693.1817167471031,直连,,102.87549293950838,122.0
Q23-013,leg1-cruise,692.4526174048915,699.5176549273787,直连,,121.56948968565563,122.0
Q23-006,leg1-cruise,692.5401656721142,699.5176549273787,直连,,120.45424745729721,122.0
Q23-003,leg1-cruise,692.7310626134056,699.5176549273787,直连,,109.31242008871698,122.0
Q23-002,leg1-cruise,693.0381336210298,699.5176549273787,直连,,108.67369099564677,122.0
Q23-016,leg1-cruise,693.1817167471031,699.5176549273787,直连,,103.45030980986178,122.0
Q23-002,leg1-cruise,699.5176549273787,706.3366488049769,直连,,108.98630462721538,122.0
Q23-003,leg1-cruise,699.5176549273787,706.3366488049769,直连,,109.55230082282326,122.0
Q23-006,leg1-cruise,699.5176549273787,706.3366488049769,直连,,120.66846976720504,122.0
Q23-013,leg1-cruise,699.5176549273787,706.3366488049769,直连,,121.80628563809329,122.0
Q23-016,leg1-cruise,699.5176549273787,706.3366488049769,直连,,104.00959594050369,122.0
Q23-017,leg1-descent,699.5176549273787,726.8983708492734,直连,,119.78020738063974,122.0
Q23-018,S011-handoff,699.5176549273787,726.7936304377719,直连,,119.05269852342448,122.0
Q23-002,leg1-cruise,706.3366488049769,713.1556426825753,直连,,109.29581127824284,122.0
Q23-003,leg1-cruise,706.3366488049769,713.1556426825753,直连,,109.78633269874574,122.0
Q23-006,leg1-cruise,706.3366488049769,713.1556426825753,直连,,120.87517321238052,122.0
Q23-013,leg1-cruise,706.3366488049769,713.1556426825753,中继,R3-001,122.03277301150852,122.0
Q23-016,leg1-cruise,706.3366488049769,713.1556426825753,直连,,114.55395308720739,122.0
Q23-002,leg1-cruise,713.1556426825753,719.9746365601736,直连,,109.59483225855922,122.0
Q23-003,leg1-cruise,713.1556426825753,719.9746365601736,直连,,110.0142687331286,122.0
Q23-006,leg1-cruise,713.1556426825753,719.9746365601736,直连,,121.07708171631826,122.0
Q23-013,leg1-cruise,713.1556426825753,719.9746365601736,中继,R3-001,122.25351173820493,122.0
Q23-016,leg1-cruise,713.1556426825753,719.9746365601736,直连,,115.06636686635093,122.0
Q23-002,leg1-cruise,719.9746365601736,726.7936304377719,直连,,109.8840443396435,122.0
Q23-003,leg1-cruise,719.9746365601736,726.7936304377719,直连,,110.23641621258045,122.0
Q23-006,leg1-cruise,719.9746365601736,726.7936304377719,直连,,121.27441225939843,122.0
Q23-013,leg1-cruise,719.9746365601736,726.7936304377719,中继,R3-001,122.46878606839856,122.0
Q23-016,leg1-cruise,719.9746365601736,726.7936304377719,直连,,115.55036226227412,122.0
Q23-002,leg1-cruise,726.7936304377719,733.6126243153701,直连,,110.16406179387953,122.0
Q23-003,leg1-cruise,726.7936304377719,733.6126243153701,直连,,110.45305991864979,122.0
Q23-006,leg1-cruise,726.7936304377719,733.6126243153701,直连,,121.46736744730809,122.0
Q23-013,leg1-cruise,726.7936304377719,733.6126243153701,中继,R3-001,122.67885970190997,122.0
Q23-016,leg1-cruise,726.7936304377719,733.6126243153701,直连,,116.00891361461095,122.0
Q23-018,S011-handoff,726.7936304377719,754.0696059481652,直连,,119.05269852342448,122.0
Q23-017,S001-handoff,726.8983708492734,754.121976153916,直连,,119.77894086539243,122.0
Q23-002,leg1-cruise,733.6126243153701,740.4316181929685,直连,,110.43544374071408,122.0
Q23-003,leg1-cruise,733.6126243153701,740.4316181929685,直连,,120.66446425805952,122.0
Q23-006,leg1-cruise,733.6126243153701,740.4316181929685,直连,,121.65613675103637,122.0
Q23-013,leg1-cruise,733.6126243153701,740.4316181929685,中继,R3-001,122.88397772038942,122.0
Q23-016,leg1-cruise,733.6126243153701,740.4316181929685,直连,,116.44455320305929,122.0
Q23-002,leg1-cruise,740.4316181929685,747.2506120705668,直连,,110.69870046244986,122.0
Q23-003,leg1-cruise,740.4316181929685,747.2506120705668,直连,,120.87087514842493,122.0
Q23-006,leg1-cruise,740.4316181929685,747.2506120705668,直连,,121.84089761622924,122.0
Q23-013,leg1-cruise,740.4316181929685,747.2506120705668,中继,R3-001,123.08436829787401,122.0
Q23-016,leg1-cruise,740.4316181929685,747.2506120705668,直连,,116.85945441904971,122.0
Q23-002,leg1-cruise,747.2506120705668,754.0696059481652,直连,,110.9542988550304,122.0
Q23-003,leg1-cruise,747.2506120705668,754.0696059481652,直连,,121.07252169223275,122.0
Q23-006,leg1-cruise,747.2506120705668,754.0696059481652,中继,R3-001,122.02181645803141,122.0
Q23-013,leg1-cruise,747.2506120705668,754.0696059481652,中继,R3-001,123.28024421952996,122.0
Q23-016,leg1-cruise,747.2506120705668,754.0696059481652,直连,,117.2554963180859,122.0
Q23-002,leg1-cruise,754.0696059481652,760.8885998257635,直连,,111.2026671498453,122.0
Q23-003,leg1-cruise,754.0696059481652,760.8885998257635,直连,,121.26961766669861,122.0
Q23-006,leg1-cruise,754.0696059481652,760.8885998257635,中继,R3-001,122.19904955531632,122.0
Q23-013,leg1-cruise,754.0696059481652,760.8885998257635,中继,R3-001,123.47180423375221,122.0
Q23-016,leg1-cruise,754.0696059481652,760.8885998257635,直连,,117.63431432499273,122.0
Q23-018,S011-handoff,754.0696059481652,781.3455814585584,直连,,119.05269852342448,122.0
Q23-017,S001-handoff,754.121976153916,781.3455814585584,直连,,119.77894086539243,122.0
Q23-002,leg1-cruise,760.8885998257635,767.7075937033618,直连,,111.44419901864308,122.0
Q23-003,leg1-cruise,760.8885998257635,767.7075937033618,直连,,121.46236285321751,122.0
Q23-006,leg1-cruise,760.8885998257635,767.7075937033618,中继,R3-001,122.37274385623395,122.0
Q23-013,leg1-cruise,760.8885998257635,767.7075937033618,中继,R3-001,123.65923425910735,122.0
Q23-016,leg1-cruise,760.8885998257635,767.7075937033618,直连,,117.99734049997011,122.0
Q23-002,leg1-cruise,767.7075937033618,774.52658758096,直连,,111.67925715440893,122.0
Q23-003,leg1-cruise,767.7075937033618,774.52658758096,直连,,121.6509442264799,122.0
Q23-006,leg1-cruise,767.7075937033618,774.52658758096,中继,R3-001,122.54303770541756,122.0
Q23-013,leg1-cruise,767.7075937033618,774.52658758096,中继,R3-001,123.84270846439274,122.0
Q23-016,leg1-cruise,767.7075937033618,774.52658758096,直连,,118.34583583602807,122.0
Q23-002,leg1-cruise,774.52658758096,777.9360845197592,直连,,111.85150476840164,122.0
Q23-003,leg1-cruise,774.52658758096,781.3455814585584,直连,,121.83553702064704,122.0
Q23-006,leg1-cruise,774.52658758096,781.3455814585584,中继,R3-001,122.71006150179433,122.0
Q23-013,leg1-cruise,774.52658758096,781.3455814585584,中继,R3-001,124.02239023747842,122.0
Q23-016,leg1-cruise,774.52658758096,781.3455814585584,直连,,118.68091640377664,122.0
Q23-002,leg1-cruise,777.9360845197592,781.3455814585584,直连,,111.93637535502812,122.0
Q23-002,leg1-cruise,781.3455814585584,786.2206652198353,中继,R3-002,112.09981318120104,122.0
Q23-003,leg1-cruise,781.3455814585584,788.6053867987185,中继,R3-001,122.02208652321376,122.0
Q23-006,leg1-cruise,781.3455814585584,788.531110526701,中继,R3-001,122.8783003274746,122.0
Q23-013,leg1-cruise,781.3455814585584,787.0134250677572,中继,R3-001,124.18371069340209,122.0
Q23-016,leg1-cruise,781.3455814585584,786.6017025428094,直连,,118.96720009963947,122.0
Q23-017,S001-handoff,781.3455814585584,811.2958913908601,直连,,119.77894086539243,122.0
Q23-018,S011-handoff,781.3455814585584,807.6500895799974,直连,,119.05269852342448,122.0
Q23-002,leg1-cruise,786.2206652198353,791.0957489811121,中继,R3-002,122.2564497146772,122.0
Q23-016,leg1-cruise,786.6017025428094,791.8578236270605,直连,,119.20898600705355,122.0
Q23-013,leg1-cruise,787.0134250677572,792.681268676956,中继,R3-001,124.32761090796029,122.0
Q23-006,leg1-cruise,788.531110526701,795.7166395948437,中继,R3-001,123.04762437139865,122.0
Q23-003,leg1-cruise,788.6053867987185,795.8651921388787,中继,R3-001,122.21038783061866,122.0
Q23-002,leg1-cruise,791.0957489811121,795.9708327423889,中继,R3-002,122.41033320159845,122.0
Q23-016,leg1-cruise,791.8578236270605,797.1139447113114,直连,,119.44423529555121,122.0
Q23-013,leg1-cruise,792.681268676956,798.3491122861549,中继,R3-001,124.4691676130763,122.0
Q23-006,leg1-cruise,795.7166395948437,802.9021686629865,中继,R3-001,123.2137146296603,122.0
Q23-003,leg1-cruise,795.8651921388787,803.1249974790387,中继,R3-001,122.39470991728172,122.0
Q23-002,leg1-cruise,795.9708327423889,800.8459165036658,中继,R3-002,122.56155799857478,122.0
Q23-016,leg1-cruise,797.1139447113114,802.3700657955625,直连,,119.67329149706572,122.0
Q23-013,leg1-cruise,798.3491122861549,804.0169558953536,中继,R3-001,124.60845585952262,122.0
Q23-002,leg1-cruise,800.8459165036658,805.7210002649426,中继,R3-002,122.71021373046558,122.0
Q23-016,leg1-descent,802.3700657955625,824.634218322418,直连,,119.78324676692044,122.0
Q23-006,leg1-cruise,802.9021686629865,810.0876977311291,中继,R3-001,123.37669215741764,122.0
Q23-003,leg1-cruise,803.1249974790387,810.3848028191989,中继,R3-001,122.57521680458433,122.0
Q23-013,leg1-cruise,804.0169558953536,809.6847995045523,中继,R3-001,124.74554715218206,122.0
Q23-002,leg1-cruise,805.7210002649426,810.5960840262194,中继,R3-002,122.85638559905645,122.0
Q23-018,S011-handoff,807.6500895799974,833.9545977014363,直连,,119.05269852342448,122.0
Q23-013,leg1-cruise,809.6847995045523,815.3526431137511,中继,R3-001,124.88050966980778,122.0
Q23-006,leg1-cruise,810.0876977311291,817.2732267992717,中继,R3-001,123.53667134509757,122.0
Q23-003,leg1-cruise,810.3848028191989,817.644608159359,中继,R3-001,122.75206261699992,122.0
Q23-002,leg1-cruise,810.5960840262194,815.4711677874963,中继,R3-002,123.00015466719543,122.0
Q23-017,S001-handoff,811.2958913908601,841.2462013231617,直连,,119.77894086539243,122.0
Q23-013,leg1-cruise,815.3526431137511,821.02048672295,中继,R3-001,125.01340846802492,122.0
Q23-002,leg1-cruise,815.4711677874963,820.3462515487731,中继,R3-002,123.14159812063505,122.0
Q23-006,leg1-cruise,817.2732267992717,824.4587558674143,中继,R3-001,123.69376039826828,122.0
Q23-003,leg1-cruise,817.644608159359,824.904413499519,中继,R3-001,122.92539235953807,122.0
Q23-002,leg1-descent,820.3462515487731,842.1426748886169,中继,R3-002,123.20745794734603,122.0
Q23-013,leg1-cruise,821.02048672295,826.6883303321488,中继,R3-001,125.14430566709265,122.0
Q23-006,leg1-cruise,824.4587558674143,831.6442849355569,中继,R3-001,123.84806177512841,122.0
Q23-016,leg1-descent,824.634218322418,846.8983708492734,直连,,119.77991803994453,122.0
Q23-003,leg1-cruise,824.904413499519,832.1642188396792,中继,R3-001,123.0953426206336,122.0
Q23-013,leg1-descent,826.6883303321488,851.979895273555,中继,R3-001,125.20793517560105,122.0
Q23-006,leg1-cruise,831.6442849355569,838.8298140036997,中继,R3-001,123.99967258603976,122.0
Q23-003,leg1-cruise,832.1642188396792,839.4240241798393,中继,R3-001,123.26204220882343,122.0
Q23-018,leg2-climb,833.9545977014363,861.7085161584675,直连,,119.05657740777539,122.0
Q23-006,leg1-cruise,838.8298140036997,846.0153430718424,中继,R3-001,124.14868495895867,122.0
Q23-003,leg1-cruise,839.4240241798393,846.6838295199993,中继,R3-001,123.4256127305662,122.0
Q23-017,S001-handoff,841.2462013231617,871.1965112554634,直连,,119.77894086539243,122.0
Q23-002,leg1-descent,842.1426748886169,863.9390982284607,中继,R3-002,123.2003584515223,122.0
Q23-006,leg1-cruise,846.0153430718424,853.200872139985,中继,R3-001,124.29518637421245,122.0
Q23-003,leg1-cruise,846.6838295199993,853.9436348601595,中继,R3-001,123.5861691155781,122.0
Q23-016,S001-handoff,846.8983708492734,876.1483708492734,直连,,119.77894086539243,122.0
Q23-013,S009-handoff,851.979895273555,881.979895273555,中继,R3-001,125.20711279830486,122.0
Q23-006,leg1-cruise,853.200872139985,860.3864012081276,中继,R3-001,124.4392599716548,122.0
Q23-003,leg1-cruise,853.9436348601595,861.2034402003196,中继,R3-001,123.74382009527487,122.0
Q23-006,leg1-cruise,860.3864012081276,867.5719302762703,中继,R3-001,124.58098483287765,122.0
Q23-003,leg1-cruise,861.2034402003196,868.4632455404796,中继,R3-001,123.89866863926545,122.0
Q23-018,leg2-cruise,861.7085161584675,869.0448487760499,直连,,118.92593881085608,122.0
Q23-002,leg1-descent,863.9390982284607,885.7355215683044,中继,R3-002,123.19449903015872,122.0
Q23-006,leg1-cruise,867.5719302762703,874.7574593444131,中继,R3-001,124.72043624086969,122.0
Q23-003,leg1-cruise,868.4632455404796,875.7230508806398,中继,R3-001,124.0508123541776,122.0
Q23-018,leg2-cruise,869.0448487760499,876.3811813936322,直连,,118.64654622795439,122.0
Q23-017,S001-handoff,871.1965112554634,901.146821187765,直连,,119.77894086539243,122.0
Q23-006,leg1-cruise,874.7574593444131,881.9429884125557,中继,R3-001,124.85768591926427,122.0
Q23-003,leg1-cruise,875.7230508806398,882.9828562207999,中继,R3-001,124.20034384868373,122.0
Q23-016,S001-handoff,876.1483708492734,905.3983708492734,直连,,119.77894086539243,122.0
Q23-018,leg2-cruise,876.3811813936322,883.7175140112145,直连,,118.35789590355186,122.0
Q23-006,leg1-cruise,881.9429884125557,889.1285174806983,中继,R3-001,124.99280225305064,122.0
Q23-013,S009-handoff,881.979895273555,911.979895273555,中继,R3-001,125.20711279830486,122.0
Q23-003,leg1-cruise,882.9828562207999,890.24266156096,中继,R3-001,124.34735106807106,122.0
Q23-018,leg2-cruise,883.7175140112145,891.0538466287968,直连,,118.05935538702603,122.0
Q23-002,S007-handoff,885.7355215683044,915.7355215683044,中继,R3-002,123.19203596345481,122.0
Q23-006,leg1-cruise,889.1285174806983,896.3140465488409,中继,R3-001,125.12585049244828,122.0
Q23-003,leg1-cruise,890.24266156096,897.5024669011201,中继,R3-001,124.49191760135555,122.0
Q23-018,leg2-cruise,891.0538466287968,898.3901792463791,直连,,117.75022536633531,122.0
Q23-006,leg1-cruise,896.3140465488409,903.4995756169835,中继,R3-001,125.25689294148289,122.0
Q23-003,leg1-cruise,897.5024669011201,904.7622722412802,中继,R3-001,124.63412296357701,122.0
Q23-018,leg2-cruise,898.3901792463791,905.7265118639614,直连,,117.42972993773057,122.0
Q23-017,S001-handoff,901.146821187765,931.0971311200667,直连,,119.77894086539243,122.0
Q23-006,leg1-cruise,903.4995756169835,910.6851046851262,中继,R3-001,125.38598913258397,122.0
Q23-003,leg1-cruise,904.7622722412802,912.0220775814403,中继,R3-001,124.77404285566713,122.0
Q23-016,S001-handoff,905.3983708492734,934.6483708492734,直连,,119.77894086539243,122.0
Q23-018,leg2-cruise,905.7265118639614,913.0628444815437,直连,,117.09700504667433,122.0
Q23-006,leg1-cruise,910.6851046851262,917.870633753269,中继,R3-001,125.51319598845816,122.0
Q23-013,S009-handoff,911.979895273555,941.979895273555,中继,R3-001,125.20711279830486,122.0
Q23-003,leg1-cruise,912.0220775814403,919.2818829216004,中继,R3-001,124.91174940396411,122.0
Q23-018,leg2-cruise,913.0628444815437,920.3991770991261,直连,,116.75108467357298,122.0
Q23-002,S007-handoff,915.7355215683044,945.7355215683044,中继,R3-002,123.19203596345481,122.0
Q23-006,leg1-cruise,917.870633753269,925.0561628214116,中继,R3-001,125.6385679723196,122.0
Q23-003,leg1-cruise,919.2818829216004,926.5416882617606,中继,R3-001,125.04731138125746,122.0
Q23-018,leg2-cruise,920.3991770991261,927.7355097167084,直连,,116.39088421781942,122.0
Q23-006,leg1-cruise,925.0561628214116,932.2416918895542,中继,R3-001,125.76215722747463,122.0
Q23-003,leg1-cruise,926.5416882617606,933.8014936019207,中继,R3-001,125.18079441106013,122.0
Q23-018,leg2-cruise,927.7355097167084,935.0718423342907,直连,,116.01518037380657,122.0
Q23-017,S001-handoff,931.0971311200667,961.0474410523683,直连,,119.77894086539243,122.0
Q23-006,leg1-cruise,932.2416918895542,939.4272209576968,中继,R3-001,125.88401370714081,122.0
Q23-003,leg1-cruise,933.8014936019207,941.0612989420808,中继,R3-001,125.31226115657672,122.0
Q23-016,S001-handoff,934.6483708492734,963.8983708492734,直连,,119.77894086539243,122.0
Q23-018,leg2-cruise,935.0718423342907,942.4081749518731,直连,,105.62258657709914,122.0
Q23-006,leg1-cruise,939.4272209576968,946.6127500258394,中继,R3-001,126.00418529532871,122.0
Q23-003,leg1-cruise,941.0612989420808,948.3211042822409,中继,R3-001,125.4417714957495,122.0
Q23-013,S009-handoff,941.979895273555,971.979895273555,中继,R3-001,125.20711279830486,122.0
Q23-018,leg2-cruise,942.4081749518731,949.7445075694554,直连,,105.21152280586449,122.0
Q23-002,S007-handoff,945.7355215683044,975.7355215683044,中继,R3-002,123.19203596345481,122.0
Q23-006,leg1-cruise,946.6127500258394,953.7982790939822,中继,R3-001,126.12271791949232,122.0
Q23-003,leg1-cruise,948.3211042822409,955.580909622401,中继,R3-001,125.56938268358142,122.0
Q23-018,leg2-cruise,949.7445075694554,957.0808401870378,直连,,104.78017811875378,122.0
Q23-006,leg1-cruise,953.7982790939822,960.9838081621249,中继,R3-001,126.2396556556279,122.0
Q23-003,leg1-cruise,955.580909622401,962.8407149625612,中继,R3-001,125.69514950282024,122.0
Q23-018,leg2-cruise,957.0808401870378,964.4171728046201,直连,,104.32646374750385,122.0
Q23-006,leg1-cruise,960.9838081621249,968.1693372302675,中继,R3-001,126.35504082640608,122.0
Q23-017,S001-handoff,961.0474410523683,990.99775098467,直连,,119.77894086539243,122.0
Q23-003,leg1-cruise,962.8407149625612,970.1005203027212,中继,R3-001,125.81912440401078,122.0
Q23-016,S001-handoff,963.8983708492734,993.1483708492734,直连,,119.77894086539243,122.0
Q23-018,leg2-cruise,964.4171728046201,971.7535054222024,直连,,103.84795376692081,122.0
Q23-006,leg1-cruise,968.1693372302675,975.3548662984101,中继,R3-001,126.46891409290177,122.0
Q23-003,leg1-cruise,970.1005203027212,977.3603256428813,中继,R3-001,125.94135763576617,122.0
Q23-018,leg2-cruise,971.7535054222024,979.0898380397847,直连,,103.341809224577,122.0
Q23-013,S009-handoff,971.979895273555,1001.979895273555,中继,R3-001,125.20711279830486,122.0
Q23-006,leg1-cruise,975.3548662984101,982.5403953665528,中继,R3-001,126.58131454039653,122.0
Q23-002,S007-handoff,975.7355215683044,1005.7355215683044,中继,R3-002,123.19203596345481,122.0
Q23-003,leg1-cruise,977.3603256428813,984.6201309830415,中继,R3-001,126.06189736610249,122.0
Q23-018,leg2-cruise,979.0898380397847,986.426170657367,直连,,102.80467995365913,122.0
Q23-006,leg1-cruise,982.5403953665528,989.7259244346956,中继,R3-001,126.69227975871875,122.0
Q23-003,leg1-cruise,984.6201309830415,991.8799363232015,中继,R3-001,126.18078979553724,122.0
Q23-018,leg2-cruise,986.426170657367,993.7625032749493,直连,,102.23257583960888,122.0
Q23-006,leg1-cruise,989.7259244346956,996.9114535028382,中继,R3-001,126.80184591753752,122.0
Q23-017,S001-handoff,990.99775098467,1020.9480609169716,直连,,119.77894086539243,122.0
Q23-003,leg1-cruise,991.8799363232015,999.1397416633616,中继,R3-001,126.29807926262673,122.0
Q23-016,S001-handoff,993.1483708492734,1022.3983708492733,直连,,119.77894086539243,122.0
Q23-018,leg2-cruise,993.7625032749493,1001.0988358925316,直连,,101.62069562432278,122.0
Q23-006,leg1-cruise,996.9114535028382,1004.0969825709808,中继,R3-001,126.91004783696896,122.0
Q23-003,leg1-cruise,999.1397416633616,1006.3995470035218,中继,R3-001,126.41380834251598,122.0
Q23-018,leg2-cruise,1001.0988358925316,1008.435168510114,直连,,100.96319569283078,122.0
Q23-013,S009-handoff,1001.979895273555,1031.979895273555,中继,R3-001,125.20711279830486,122.0
Q23-006,leg1-cruise,1004.0969825709808,1011.2825116391234,中继,R3-001,127.0169190538579,122.0
Q23-002,S007-handoff,1005.7355215683044,1035.7355215683044,中继,R3-002,123.19203596345481,122.0
Q23-003,leg1-cruise,1006.3995470035218,1013.6593523436818,中继,R3-001,126.52801793908354,122.0
Q23-018,leg2-cruise,1008.435168510114,1015.7715011276963,直连,,100.25287251629673,122.0
Q23-006,leg1-cruise,1011.2825116391234,1018.4680407072661,中继,R3-001,127.12249188403894,122.0
Q23-003,leg1-cruise,1013.6593523436818,1020.919157683842,中继,R3-001,126.64074737114402,122.0
Q23-018,leg2-cruise,1015.7715011276963,1023.1078337452786,直连,,99.48071856787222,122.0
Q23-006,leg1-cruise,1018.4680407072661,1025.6535697754089,中继,R3-001,127.22679748087191,122.0
Q23-003,leg1-cruise,1020.919157683842,1028.178963024002,中继,R3-001,126.75203445317382,122.0
Q23-017,S001-handoff,1020.9480609169716,1050.8983708492733,直连,,119.77894086539243,122.0
Q23-016,S001-handoff,1022.3983708492733,1051.6483708492733,直连,,119.77894086539243,122.0
Q23-018,leg2-cruise,1023.1078337452786,1030.4441663628609,直连,,98.63528939247468,122.0
Q23-006,leg1-cruise,1025.6535697754089,1032.8390988435515,中继,R3-001,127.32986589030361,122.0
Q23-003,leg1-cruise,1028.178963024002,1035.4387683641621,中继,R3-001,126.86191557097679,122.0
Q23-018,leg2-cruise,1030.4441663628609,1037.7804989804433,直连,,97.70178415293066,122.0
Q23-013,S009-handoff,1031.979895273555,1061.979895273555,中继,R3-001,125.20711279830486,122.0
Q23-006,leg1-cruise,1032.8390988435515,1040.024627911694,中继,R3-001,127.43172610272481,122.0
Q23-003,leg1-cruise,1035.4387683641621,1042.6985737043224,中继,R3-001,126.97042575264406,122.0
Q23-002,S007-handoff,1035.7355215683044,1065.7355215683044,中继,R3-002,123.19203596345481,122.0
Q23-018,leg2-cruise,1037.7804989804433,1045.1168315980258,直连,,96.66068710473903,122.0
Q23-006,leg1-descent,1040.024627911694,1057.9154787417722,中继,R3-001,127.48168482894788,122.0
Q23-003,leg1-cruise,1042.6985737043224,1049.9583790444824,中继,R3-001,127.07759873518569,122.0
Q23-018,leg2-cruise,1045.1168315980258,1052.453164215608,直连,,95.48574184333452,122.0
Q23-003,leg1-cruise,1049.9583790444824,1057.2181843846424,中继,R3-001,127.18346702711838,122.0
Q23-017,leg2-climb,1050.8983708492733,1068.7096928707576,直连,,119.77991803994453,122.0
Q23-016,S001-handoff,1051.6483708492733,1080.8983708492733,直连,,119.77894086539243,122.0
Q23-018,leg2-cruise,1052.453164215608,1059.7894968331902,直连,,94.14097494227529,122.0
Q23-003,leg1-cruise,1057.2181843846424,1064.4779897248027,中继,R3-001,127.28806196731371,122.0
Q23-006,leg1-descent,1057.9154787417722,1075.8063295718503,中继,R3-001,127.48086616195124,122.0
Q23-018,leg2-cruise,1059.7894968331902,1067.1258294507725,直连,,92.57672691515728,122.0
Q23-013,leg2-climb,1061.979895273555,1083.7998313900916,中继,R3-001,125.2079690281101,122.0
Q23-003,leg1-cruise,1064.4779897248027,1071.7377950649627,中继,R3-001,127.39141378037776,122.0
Q23-002,S007-handoff,1065.7355215683044,1095.7355215683044,中继,R3-002,123.19203596345481,122.0
Q23-018,leg2-cruise,1067.1258294507725,1074.4621620683547,直连,,90.72671002699629,122.0
Q23-017,leg2-climb,1068.7096928707576,1086.521014892242,直连,,119.78324676692044,122.0
Q23-003,leg1-descent,1071.7377950649627,1098.437994039572,中继,R3-001,127.44131589104262,122.0
Q23-018,leg2-cruise,1074.4621620683547,1081.7984946859372,直连,,88.52036194838145,122.0
Q23-006,S002-handoff,1075.8063295718503,1105.8063295718503,中继,R3-001,127.4805746284193,122.0
Q23-016,S001-handoff,1080.8983708492733,1110.1483708492733,直连,,119.77894086539243,122.0
Q23-018,leg2-cruise,1081.7984946859372,1089.1348273035196,直连,,85.9918103904865,122.0
Q23-013,leg2-climb,1083.7998313900916,1105.619767506628,中继,R3-001,125.21053258377479,122.0
Q23-017,leg2-cruise,1086.521014892242,1093.814851383406,直连,,119.62935937497292,122.0
Q23-018,leg2-cruise,1089.1348273035196,1096.4711599211018,直连,,83.80932947714741,122.0
Q23-017,leg2-cruise,1093.814851383406,1101.10868787457,直连,,119.30820658433481,122.0
Q23-002,leg2-climb,1095.7355215683044,1121.4718903834087,中继,R3-002,123.19561789391793,122.0
Q23-018,leg2-descent,1096.4711599211018,1118.8260606372476,直连,,81.61742328683074,122.0
Q23-003,leg1-descent,1098.437994039572,1125.1381930141815,中继,R3-001,127.43921118416316,122.0
Q23-017,leg2-cruise,1101.10868787457,1108.4025243657343,直连,,118.97474563504288,122.0
Q23-013,leg2-cruise,1105.619767506628,1112.686127789727,中继,R3-001,125.24365758757958,122.0
Q23-006,S002-handoff,1105.8063295718503,1135.8063295718503,中继,R3-001,127.4805746284193,122.0
Q23-017,leg2-cruise,1108.4025243657343,1115.6963608568983,直连,,118.62799747227146,122.0
Q23-016,S001-handoff,1110.1483708492733,1139.3983708492733,直连,,119.77894086539243,122.0
Q23-013,leg2-cruise,1112.686127789727,1119.752488072826,中继,R3-001,125.30800460106755,122.0
Q23-017,leg2-cruise,1115.6963608568983,1122.9901973480623,直连,,118.2668616487555,122.0
Q23-018,leg2-descent,1118.8260606372476,1141.1809613533935,直连,,76.1548411561258,122.0
Q23-013,leg2-cruise,1119.752488072826,1126.8188483559252,中继,R3-001,125.37428078250443,122.0
Q23-002,leg2-climb,1121.4718903834087,1147.2082591985127,中继,R3-002,123.20465336285964,122.0
Q23-017,leg2-cruise,1122.9901973480623,1130.2840338392264,直连,,117.89009544154852,122.0
Q23-003,S012-handoff,1125.1381930141815,1155.1381930141815,中继,R3-001,127.43842351040759,122.0
Q23-013,leg2-cruise,1126.8188483559252,1133.8852086390243,中继,R3-001,125.44238474257186,122.0
Q23-017,leg2-cruise,1130.2840338392264,1137.5778703303904,直连,,117.49628828895406,122.0
Q23-013,leg2-cruise,1133.8852086390243,1140.9515689221234,中继,R3-001,125.51221615214091,122.0
Q23-006,S002-handoff,1135.8063295718503,1165.8063295718503,中继,R3-001,127.4805746284193,122.0
Q23-017,leg2-cruise,1137.5778703303904,1144.8717068215544,直连,,117.08383023406073,122.0
Q23-016,S001-handoff,1139.3983708492733,1168.6483708492733,直连,,119.77894086539243,122.0
Q23-013,leg2-cruise,1140.9515689221234,1148.0179292052223,中继,R3-001,125.58367605977176,122.0
Q23-018,leg2-descent,1141.1809613533935,1163.5358620695392,直连,,58.05460049190438,122.0
Q23-017,leg2-cruise,1144.8717068215544,1152.1655433127185,直连,,116.65087261173808,122.0
Q23-002,leg2-cruise,1147.2082591985127,1154.6362018103152,中继,R3-002,123.2666022744955,122.0
Q23-013,leg2-cruise,1148.0179292052223,1155.0842894883212,中继,R3-001,125.65666717640772,122.0
Q23-017,leg2-cruise,1152.1655433127185,1159.4593798038827,直连,,116.19527858205697,122.0
Q23-002,leg2-cruise,1154.6362018103152,1162.0641444221178,中继,R3-002,123.38120323406193,122.0
Q23-013,leg2-cruise,1155.0842894883212,1162.1506497714204,中继,R3-001,125.73109412766857,122.0
Q23-003,S012-handoff,1155.1381930141815,1185.1381930141815,中继,R3-001,127.43842351040759,122.0
Q23-017,leg2-cruise,1159.4593798038827,1166.7532162950467,直连,,115.71456020597117,122.0
Q23-002,leg2-cruise,1162.0641444221178,1169.4920870339201,中继,R3-002,123.49773997738072,122.0
Q23-013,leg2-cruise,1162.1506497714204,1169.2170100545195,中继,R3-001,125.80686367450704,122.0
Q23-006,S002-handoff,1165.8063295718503,1195.8063295718503,中继,R3-001,127.4805746284193,122.0
Q23-017,leg2-cruise,1166.7532162950467,1174.0470527862108,直连,,115.20579743946301,122.0
Q23-016,S001-handoff,1168.6483708492733,1197.8983708492733,直连,,119.77894086539243,122.0
Q23-013,leg2-cruise,1169.2170100545195,1176.2833703376186,中继,R3-001,125.88388490327667,122.0
Q23-002,leg2-cruise,1169.4920870339201,1176.9200296457227,中继,R3-002,123.61598223482508,122.0
Q23-017,leg2-cruise,1174.0470527862108,1181.3408892773748,直连,,114.66553246755427,122.0
Q23-013,leg2-cruise,1176.2833703376186,1183.3497306207178,中继,R3-001,125.96206938655754,122.0
Q23-002,leg2-cruise,1176.9200296457227,1184.3479722575253,中继,R3-002,123.735712143206,122.0
Q23-017,leg2-cruise,1181.3408892773748,1188.6347257685388,直连,,104.08962984723124,122.0
Q23-013,leg2-cruise,1183.3497306207178,1190.4160909038167,中继,R3-001,126.04133131624246,122.0
Q23-002,leg2-cruise,1184.3479722575253,1191.7759148693276,中继,R3-002,123.85672433850685,122.0
Q23-003,S012-handoff,1185.1381930141815,1215.1381930141815,中继,R3-001,127.43842351040759,122.0
Q23-017,leg2-cruise,1188.6347257685388,1195.9285622597029,直连,,103.47308837086479,122.0
Q23-013,leg2-cruise,1190.4160909038167,1197.4824511869156,中继,R3-001,126.1215876105655,122.0
Q23-002,leg2-cruise,1191.7759148693276,1199.2038574811302,中继,R3-002,123.9788259092472,122.0
Q23-006,S002-handoff,1195.8063295718503,1225.8063295718503,中继,R3-001,127.4805746284193,122.0
Q23-017,leg2-cruise,1195.9285622597029,1203.222398750867,直连,,102.80978335866854,122.0
Q23-013,leg2-cruise,1197.4824511869156,1204.5488114700147,中继,R3-001,126.20275799686294,122.0
Q23-016,S001-handoff,1197.8983708492733,1227.1483708492733,直连,,119.77894086539243,122.0
Q23-002,leg2-cruise,1199.2038574811302,1206.6318000929327,中继,R3-002,124.10183623243836,122.0
Q23-017,leg2-cruise,1203.222398750867,1210.516235242031,直连,,102.09210640112423,122.0
Q23-013,leg2-cruise,1204.5488114700147,1211.6151717531138,中继,R3-001,126.28476507188958,122.0
Q23-002,leg2-cruise,1206.6318000929327,1214.0597427047353,中继,R3-002,124.22558671245802,122.0
Q23-017,leg2-cruise,1210.516235242031,1217.810071733195,直连,,101.31045005226437,122.0
Q23-013,leg2-cruise,1211.6151717531138,1218.6815320362127,中继,R3-001,126.36753434156702,122.0
Q23-002,leg2-cruise,1214.0597427047353,1221.4876853165379,中继,R3-002,124.34992044161848,122.0
Q23-003,S012-handoff,1215.1381930141815,1245.1381930141815,中继,R3-001,127.43842351040759,122.0
Q23-017,leg2-cruise,1217.810071733195,1225.1039082243592,直连,,100.45245132180452,122.0
Q23-013,leg2-cruise,1218.6815320362127,1225.7478923193116,中继,R3-001,126.45099424205364,122.0
Q23-002,leg2-cruise,1221.4876853165379,1228.9156279283402,中继,R3-002,124.47469179920535,122.0
Q23-017,leg2-cruise,1225.1039082243592,1232.3977447155232,直连,,99.50184775819227,122.0
Q23-013,leg2-cruise,1225.7478923193116,1229.2810724608612,中继,R3-001,126.51400099890371,122.0
Q23-006,S002-handoff,1225.8063295718503,1255.8063295718503,中继,R3-001,127.4805746284193,122.0
Q23-016,S001-handoff,1227.1483708492733,1256.3983708492733,直连,,119.77894086539243,122.0
Q23-002,leg2-cruise,1228.9156279283402,1236.3435705401428,中继,R3-002,124.59976600402146,122.0
Q23-013,leg2-cruise,1229.2810724608612,1232.8142526024108,中继,R3-001,126.55618604327972,122.0
Q23-017,leg2-cruise,1232.3977447155232,1239.6915812066873,直连,,98.43668876564163,122.0
Q23-013,leg2-cruise,1232.8142526024108,1239.88061288551,中继,R3-001,126.61971434137027,122.0
Q23-002,leg2-cruise,1236.3435705401428,1243.7715131519453,中继,R3-002,124.72501863346741,122.0
Q23-017,leg2-cruise,1239.6915812066873,1246.9854176978513,直连,,97.2264316611331,122.0
Q23-013,leg2-cruise,1239.88061288551,1246.946973168609,中继,R3-001,126.70484602783985,122.0
Q23-002,leg2-cruise,1243.7715131519453,1251.1994557637477,中继,R3-002,124.85033512052777,122.0
Q23-003,S012-handoff,1245.1381930141815,1275.1381930141815,中继,R3-001,127.43842351040759,122.0
Q23-013,leg2-cruise,1246.946973168609,1254.0133334517081,中继,R3-001,126.79041126024494,122.0
Q23-017,leg2-cruise,1246.9854176978513,1254.2792541890153,直连,,95.82703269947991,122.0
Q23-002,leg2-cruise,1251.1994557637477,1258.6273983755502,中继,R3-002,124.97561023822615,122.0
Q23-013,leg2-cruise,1254.0133334517081,1261.079693734807,中继,R3-001,126.87635291278099,122.0
Q23-017,leg2-cruise,1254.2792541890153,1261.5730906801793,直连,,94.17233176397204,122.0
Q23-006,S002-handoff,1255.8063295718503,1285.8063295718503,中继,R3-001,127.4805746284193,122.0
Q23-016,S001-handoff,1256.3983708492733,1285.6483708492733,直连,,119.77894086539243,122.0
Q23-002,leg2-cruise,1258.6273983755502,1266.0553409873528,中继,R3-002,125.1007475796911,122.0
Q23-013,leg2-cruise,1261.079693734807,1268.146054017906,中继,R3-001,126.96261662212315,122.0
Q23-017,leg2-cruise,1261.5730906801793,1268.8669271713434,直连,,92.1587745672424,122.0
Q23-002,leg2-cruise,1266.0553409873528,1273.4832835991554,中继,R3-002,125.22565904044166,122.0
Q23-013,leg2-cruise,1268.146054017906,1275.212414301005,中继,R3-001,127.04915072521538,122.0
Q23-017,leg2-cruise,1268.8669271713434,1276.1607636625076,直连,,89.62210297240887,122.0
Q23-002,leg2-cruise,1273.4832835991554,1280.911226210958,中继,R3-002,125.35026430837726,122.0
Q23-003,S012-handoff,1275.1381930141815,1305.1381930141815,中继,R3-001,127.43842351040759,122.0
Q23-013,leg2-cruise,1275.212414301005,1282.2787745841042,中继,R3-001,127.1359061909371,122.0
Q23-017,leg2-cruise,1276.1607636625076,1283.4546001536717,直连,,86.35317246723555,122.0
Q23-002,leg2-cruise,1280.911226210958,1288.3391688227603,中继,R3-002,125.47449036572198,122.0
Q23-013,leg2-cruise,1282.2787745841042,1289.3451348672033,中继,R3-001,127.2228365467573,122.0
Q23-017,leg2-cruise,1283.4546001536717,1290.7484366448357,直连,,82.77423752426722,122.0
Q23-016,S001-handoff,1285.6483708492733,1314.8983708492733,直连,,119.77894086539243,122.0
Q23-006,leg2-climb,1285.8063295718503,1315.6244142886471,中继,R3-001,127.48123623548668,122.0
Q23-002,leg2-cruise,1288.3391688227603,1295.7671114345628,中继,R3-002,125.59827100634125,122.0
Q23-013,leg2-cruise,1289.3451348672033,1296.4114951503025,中继,R3-001,127.30989780141955,122.0
Q23-017,leg2-descent,1290.7484366448357,1314.974538329406,直连,,80.15186864653887,122.0
Q23-002,leg2-descent,1295.7671114345628,1307.134396590813,中继,R3-002,125.65879343889277,122.0
Q23-013,leg2-cruise,1296.4114951503025,1303.4778554334014,中继,R3-001,127.39704836460106,122.0
Q23-013,leg2-descent,1303.4778554334014,1319.7017787732452,中继,R3-001,127.4399917398687,122.0
Q23-003,S012-handoff,1305.1381930141815,1335.1381930141815,中继,R3-001,127.43842351040759,122.0
Q23-002,S015-handoff,1307.134396590813,1337.134396590813,中继,R3-002,125.65765946448572,122.0
Q23-016,leg2-climb,1314.8983708492733,1332.7096928707576,直连,,119.77991803994453,122.0
Q23-017,leg2-descent,1314.974538329406,1339.2006400139765,直连,,74.48686069242545,122.0
Q23-006,leg2-cruise,1315.6244142886471,1322.9317210533823,中继,R3-001,127.43086795498103,122.0
Q23-013,leg2-descent,1319.7017787732452,1335.9257021130888,中继,R3-001,127.43888108200244,122.0
Q23-006,leg2-cruise,1322.9317210533823,1337.546334582852,中继,R3-001,127.32726082948248,122.0
Q23-016,leg2-climb,1332.7096928707576,1350.521014892242,直连,,119.78324676692044,122.0
Q23-003,leg2-climb,1335.1381930141815,1357.3883588263561,中继,R3-001,127.43921118416316,122.0
Q23-013,S012-handoff,1335.9257021130888,1365.9257021130888,中继,R3-001,127.43842351040759,122.0
Q23-002,S015-handoff,1337.134396590813,1367.134396590813,中继,R3-002,125.65765946448572,122.0
Q23-006,leg2-cruise,1337.546334582852,1344.8536413475872,中继,R3-001,127.1162653073716,122.0
Q23-017,leg2-descent,1339.2006400139765,1363.4267416985467,直连,,52.57302368295726,122.0
Q23-006,leg2-cruise,1344.8536413475872,1352.160948112322,中继,R3-001,127.00881472658901,122.0
Q23-016,leg2-cruise,1350.521014892242,1357.814851383406,直连,,119.62935937497292,122.0
Q23-006,leg2-cruise,1352.160948112322,1359.468254877057,中继,R3-001,126.90001886787844,122.0
Q23-003,leg2-climb,1357.3883588263561,1379.6385246385305,中继,R3-001,127.44131589104262,122.0
Q23-016,leg2-cruise,1357.814851383406,1365.10868787457,直连,,119.30820658433481,122.0
Q23-006,leg2-cruise,1359.468254877057,1366.7755616417921,中继,R3-001,126.78984363773108,122.0
Q23-016,leg2-cruise,1365.10868787457,1372.4025243657343,直连,,118.97474563504288,122.0
Q23-013,S012-handoff,1365.9257021130888,1395.9257021130888,中继,R3-001,127.43842351040759,122.0
Q23-006,leg2-cruise,1366.7755616417921,1374.082868406527,中继,R3-001,126.67825363067007,122.0
Q23-002,S015-handoff,1367.134396590813,1397.134396590813,中继,R3-002,125.65765946448572,122.0
Q23-016,leg2-cruise,1372.4025243657343,1379.6963608568983,直连,,118.62799747227146,122.0
Q23-006,leg2-cruise,1374.082868406527,1381.390175171262,中继,R3-001,126.5652120611006,122.0
Q23-003,leg2-cruise,1379.6385246385305,1386.8069399974654,中继,R3-001,127.39206042737901,122.0
Q23-016,leg2-cruise,1379.6963608568983,1386.9901973480623,直连,,118.2668616487555,122.0
Q23-006,leg2-cruise,1381.390175171262,1388.697481935997,中继,R3-001,126.4506806906756,122.0
Q23-003,leg2-cruise,1386.8069399974654,1393.9753553564003,中继,R3-001,127.2900249539184,122.0
Q23-016,leg2-cruise,1386.9901973480623,1394.2840338392264,直连,,117.89009544154852,122.0
Q23-006,leg2-cruise,1388.697481935997,1396.004788700732,中继,R3-001,126.33461975082494,122.0
Q23-003,leg2-cruise,1393.9753553564003,1401.1437707153352,中继,R3-001,127.18677800299534,122.0
Q23-016,leg2-cruise,1394.2840338392264,1401.5778703303904,直连,,117.49628828895406,122.0
Q23-013,S012-handoff,1395.9257021130888,1425.9257021130888,中继,R3-001,127.43842351040759,122.0
Q23-006,leg2-cruise,1396.004788700732,1403.3120954654669,中继,R3-001,126.21698786005575,122.0
Q23-002,S015-handoff,1397.134396590813,1427.134396590813,中继,R3-002,125.65765946448572,122.0
Q23-003,leg2-cruise,1401.1437707153352,1408.3121860742701,中继,R3-001,127.08229050364834,122.0
Q23-016,leg2-cruise,1401.5778703303904,1408.8717068215544,直连,,117.08383023406073,122.0
Q23-006,leg2-cruise,1403.3120954654669,1410.619402230202,中继,R3-001,126.09774193558603,122.0
Q23-003,leg2-cruise,1408.3121860742701,1415.480601433205,中继,R3-001,126.97653232732247,122.0
Q23-016,leg2-cruise,1408.8717068215544,1416.1655433127185,直连,,116.65087261173808,122.0
Q23-006,leg2-cruise,1410.619402230202,1417.926708994937,中继,R3-001,125.97683709885735,122.0
Q23-003,leg2-cruise,1415.480601433205,1422.64901679214,中继,R3-001,126.86947223601095,122.0
Q23-016,leg2-cruise,1416.1655433127185,1423.4593798038827,直连,,116.19527858205697,122.0
Q23-006,leg2-cruise,1417.926708994937,1425.2340157596718,中继,R3-001,125.85422657438755,122.0
Q23-003,leg2-cruise,1422.64901679214,1429.8174321510749,中继,R3-001,126.76107782719262,122.0
Q23-016,leg2-cruise,1423.4593798038827,1430.7532162950467,直连,,115.71456020597117,122.0
Q23-006,leg2-cruise,1425.2340157596718,1432.541322524407,中继,R3-001,125.72986158141742,122.0
Q23-013,S012-handoff,1425.9257021130888,1455.9257021130888,中继,R3-001,127.43842351040759,122.0
Q23-002,S015-handoff,1427.134396590813,1457.134396590813,中继,R3-002,125.65765946448572,122.0
Q23-003,leg2-cruise,1429.8174321510749,1436.9858475100098,中继,R3-001,126.65131547531487,122.0
Q23-016,leg2-cruise,1430.7532162950467,1438.0470527862108,直连,,115.20579743946301,122.0
Q23-006,leg2-cruise,1432.541322524407,1439.848629289142,中继,R3-001,125.60369121770613,122.0
Q23-003,leg2-cruise,1436.9858475100098,1444.1542628689447,中继,R3-001,126.5401502695474,122.0
Q23-016,leg2-cruise,1438.0470527862108,1445.3408892773748,直连,,114.66553246755427,122.0
Q23-006,leg2-cruise,1439.848629289142,1447.155936053877,中继,R3-001,125.47566233479166,122.0
Q23-003,leg2-cruise,1444.1542628689447,1451.3226782278796,中继,R3-001,126.42754594755588,122.0
Q23-016,leg2-cruise,1445.3408892773748,1452.6347257685388,直连,,104.08962984723124,122.0
Q23-006,leg2-cruise,1447.155936053877,1454.463242818612,中继,R3-001,125.3457194039625,122.0
Q23-003,leg2-cruise,1451.3226782278796,1458.4910935868145,中继,R3-001,126.3134648249343,122.0
Q23-016,leg2-cruise,1452.6347257685388,1459.9285622597029,直连,,103.47308837086479,122.0
Q23-006,leg2-cruise,1454.463242818612,1461.770549583347,中继,R3-001,125.213804372073,122.0
Q23-013,S012-handoff,1455.9257021130888,1485.9257021130888,中继,R3-001,127.43842351040759,122.0
Q23-002,S015-handoff,1457.134396590813,1487.134396590813,中继,R3-002,125.65765946448572,122.0
Q23-003,leg2-cruise,1458.4910935868145,1465.6595089457494,中继,R3-001,126.1978677199964,122.0
Q23-016,leg2-cruise,1459.9285622597029,1467.222398750867,直连,,102.80978335866854,122.0
Q23-006,leg2-cruise,1461.770549583347,1469.077856348082,中继,R3-001,125.07985650630346,122.0
Q23-003,leg2-cruise,1465.6595089457494,1472.8279243046843,中继,R3-001,126.08071387354065,122.0
Q23-016,leg2-cruise,1467.222398750867,1474.516235242031,直连,,102.09210640112423,122.0
Q23-006,leg2-cruise,1469.077856348082,1476.3851631128168,中继,R3-001,124.9438122267914,122.0
Q23-003,leg2-cruise,1472.8279243046843,1479.9963396636192,中继,R3-001,125.96196086315756,122.0
Q23-016,leg2-cruise,1474.516235242031,1481.810071733195,直连,,101.31045005226437,122.0
Q23-006,leg2-cruise,1476.3851631128168,1483.692469877552,中继,R3-001,124.80560492600529,122.0
Q23-003,leg2-cruise,1479.9963396636192,1487.1647550225541,中继,R3-001,125.8415645116689,122.0
Q23-016,leg2-cruise,1481.810071733195,1489.1039082243592,直连,,100.45245132180452,122.0
Q23-006,leg2-cruise,1483.692469877552,1490.9997766422869,中继,R3-001,124.66516477358908,122.0
Q23-013,S012-handoff,1485.9257021130888,1515.9257021130888,中继,R3-001,127.43842351040759,122.0
Q23-002,leg3-climb,1487.134396590813,1503.3509391526618,中继,R3-002,125.65962995058764,122.0
Q23-003,leg2-cruise,1487.1647550225541,1494.333170381489,中继,R3-001,125.71947878918822,122.0
Q23-016,leg2-cruise,1489.1039082243592,1496.3977447155232,直连,,99.50184775819227,122.0
Q23-006,leg2-cruise,1490.9997766422869,1498.3070834070218,中继,R3-001,124.52241850521814,122.0
Q23-003,leg2-cruise,1494.333170381489,1501.5015857404237,中继,R3-001,125.59565570825211,122.0
Q23-016,leg2-cruise,1496.3977447155232,1503.6915812066873,直连,,98.43668876564163,122.0
Q23-006,leg2-cruise,1498.3070834070218,1505.614390171757,中继,R3-001,124.37728919390669,122.0
Q23-003,leg2-cruise,1501.5015857404237,1508.6700010993586,中继,R3-001,125.47004521145577,122.0
Q23-002,leg3-climb,1503.3509391526618,1519.567481714511,中继,R3-002,125.66399196278283,122.0
Q23-016,leg2-cruise,1503.6915812066873,1510.9854176978513,直连,,97.2264316611331,122.0
Q23-006,leg2-cruise,1505.614390171757,1512.9216969364918,中继,R3-001,124.22969600197428,122.0
Q23-003,leg2-cruise,1508.6700010993586,1515.8384164582935,中继,R3-001,125.34259505092389,122.0
Q23-016,leg2-cruise,1510.9854176978513,1518.2792541890153,直连,,95.82703269947991,122.0
Q23-006,leg2-cruise,1512.9216969364918,1520.2290037012267,中继,R3-001,124.07955391166509,122.0
Q23-003,leg2-cruise,1515.8384164582935,1523.0068318172284,中继,R3-001,125.21325065888998,122.0
Q23-013,leg3-climb,1515.9257021130888,1538.1758679252634,中继,R3-001,127.43921118416316,122.0
Q23-016,leg2-cruise,1518.2792541890153,1525.5730906801793,直连,,94.17233176397204,122.0
Q23-002,leg3-cruise,1519.567481714511,1526.9078645785817,中继,R3-002,125.58697642887867,122.0
Q23-006,leg2-cruise,1520.2290037012267,1527.5363104659618,中继,R3-001,123.92677343220548,122.0
Q23-003,leg2-cruise,1523.0068318172284,1530.1752471761633,中继,R3-001,125.08195500860357,122.0
Q23-016,leg2-cruise,1525.5730906801793,1532.8669271713434,直连,,92.1587745672424,122.0
Q23-002,leg3-cruise,1526.9078645785817,1534.2482474426524,中继,R3-002,125.42596272648186,122.0
Q23-006,leg2-cruise,1527.5363104659618,1534.8436172306967,中继,R3-001,123.77126028075975,122.0
Q23-003,leg2-cruise,1530.1752471761633,1537.3436625350982,中继,R3-001,124.94864846468501,122.0
Q23-016,leg2-cruise,1532.8669271713434,1540.1607636625076,直连,,89.62210297240887,122.0
Q23-002,leg3-cruise,1534.2482474426524,1541.5886303067232,中继,R3-002,125.26192365874724,122.0
Q23-006,leg2-cruise,1534.8436172306967,1542.1509239954316,中继,R3-001,123.6129150344571,122.0
Q23-003,leg2-cruise,1537.3436625350982,1544.5120778940332,中继,R3-001,124.81326862192927,122.0
Q23-013,leg3-climb,1538.1758679252634,1560.4260337374378,中继,R3-001,127.44131589104262,122.0
Q23-016,leg2-cruise,1540.1607636625076,1547.4546001536717,直连,,86.35317246723555,122.0
Q23-002,leg3-cruise,1541.5886303067232,1548.929013170794,中继,R3-002,125.09474401663215,122.0
Q23-006,leg2-cruise,1542.1509239954316,1549.4582307601668,中继,R3-001,123.45163275029682,122.0
Q23-003,leg2-cruise,1544.5120778940332,1551.680493252968,中继,R3-001,124.67575013152185,122.0
Q23-016,leg2-cruise,1547.4546001536717,1554.7484366448357,直连,,82.77423752426722,122.0
Q23-002,leg3-cruise,1548.929013170794,1556.2693960348647,中继,R3-002,124.9243019227034,122.0
Q23-006,leg2-cruise,1549.4582307601668,1556.765537524902,中继,R3-001,123.2873025492921,122.0
Q23-003,leg2-cruise,1551.680493252968,1558.848908611903,中继,R3-001,124.5360245134168,122.0
Q23-008,leg1-climb,1554.0,1578.2261016845703,直连,,64.31881537331927,122.0
Q23-016,leg2-descent,1554.7484366448357,1578.974538329406,直连,,80.15186864653887,122.0
Q23-002,leg3-cruise,1556.2693960348647,1563.6097788989355,中继,R3-002,124.75046830979389,122.0
Q23-006,leg2-cruise,1556.765537524902,1564.0728442896368,中继,R3-001,123.11980716074845,122.0
Q23-003,leg2-cruise,1558.848908611903,1566.0173239708379,中继,R3-001,124.3940199535858,122.0
Q23-013,leg3-cruise,1560.4260337374378,1567.0478528160934,中继,R3-001,127.38421124082025,122.0
Q23-002,leg3-cruise,1563.6097788989355,1570.9501617630062,中继,R3-002,124.57310634807602,122.0
Q23-006,leg2-cruise,1564.0728442896368,1571.3801510543717,中继,R3-001,122.94902242203268,122.0
Q23-003,leg2-cruise,1566.0173239708379,1573.1857393297728,中继,R3-001,124.2496610846266,122.0
Q23-013,leg3-cruise,1567.0478528160934,1573.669671894749,中继,R3-001,127.26617754420893,122.0
Q23-002,leg3-cruise,1570.9501617630062,1578.2905446270772,中继,R3-002,124.39207081432019,122.0
Q23-006,leg2-cruise,1571.3801510543717,1578.6874578191068,中继,R3-001,122.77481672846659,122.0
Q23-003,leg2-cruise,1573.1857393297728,1580.3541546887077,中继,R3-001,124.10286874806782,122.0
Q23-013,leg3-cruise,1573.669671894749,1580.2914909734045,中继,R3-001,127.1465196738695,122.0
Q23-008,leg1-climb,1578.2261016845703,1602.4522033691405,直连,,79.04372855980822,122.0
Q23-002,leg3-cruise,1578.2905446270772,1585.630927491148,中继,R3-002,124.20720739630298,122.0
Q23-006,leg2-cruise,1578.6874578191068,1585.9947645838417,中继,R3-001,122.5970504273216,122.0
Q23-016,leg2-descent,1578.974538329406,1603.2006400139765,直连,,74.48686069242545,122.0
Q23-013,leg3-cruise,1580.2914909734045,1586.91331005206,中继,R3-001,127.02519237506479,122.0
Q23-003,leg2-cruise,1580.3541546887077,1587.5225700476426,中继,R3-001,123.95355973653439,122.0
Q23-002,leg3-cruise,1585.630927491148,1592.9713103552187,中继,R3-002,124.01835192422507,122.0
Q23-006,leg2-cruise,1585.9947645838417,1593.3020713485766,中继,R3-001,122.41557514893579,122.0
Q23-013,leg3-cruise,1586.91331005206,1593.5351291307156,中继,R3-001,126.90214847768262,122.0
Q23-003,leg2-cruise,1587.5225700476426,1594.6909854065775,中继,R3-001,123.80164651367919,122.0
Q23-002,leg3-cruise,1592.9713103552187,1600.3116932192895,中继,R3-002,123.82532951985978,122.0
Q23-006,leg2-cruise,1593.3020713485766,1600.6093781133118,中继,R3-001,122.23023306696462,122.0
Q23-013,leg3-cruise,1593.5351291307156,1600.156948209371,中继,R3-001,126.77733878675329,122.0
Q23-003,leg2-cruise,1594.6909854065775,1601.8594007655124,中继,R3-001,123.6470369095427,122.0
Q23-013,leg3-cruise,1600.156948209371,1606.7787672880265,中继,R3-001,126.65071196506706,122.0
Q23-002,leg3-cruise,1600.3116932192895,1607.6520760833603,中继,R3-002,123.62795365273605,122.0
Q23-006,leg2-cruise,1600.6093781133118,1607.9166848780467,中继,R3-001,122.04085607860776,122.0
Q23-003,leg2-cruise,1601.8594007655124,1609.0278161244473,中继,R3-001,123.48963378873992,122.0
Q23-008,leg1-cruise,1602.4522033691405,1613.106025973605,直连,,83.02099708574346,122.0
Q23-016,leg2-descent,1603.2006400139765,1627.4267416985467,直连,,52.57302368295726,122.0
Q23-013,leg3-cruise,1606.7787672880265,1613.400586366682,中继,R3-001,126.52221440715032,122.0
Q23-002,leg3-cruise,1607.6520760833603,1614.9924589474313,中继,R3-002,123.42602509102856,122.0
Q23-006,leg2-cruise,1607.9166848780467,1615.2239916427816,直连,,121.847264894188,122.0
Q23-003,leg2-cruise,1609.0278161244473,1616.1962314833822,中继,R3-001,123.3293346885078,122.0
Q23-008,leg1-cruise,1613.106025973605,1623.7598485780693,直连,,87.25504449355579,122.0
Q23-013,leg3-cruise,1613.400586366682,1620.0224054453377,中继,R3-001,126.39179010386813,122.0
Q23-002,leg3-cruise,1614.9924589474313,1622.332841811502,中继,R3-002,123.21933073288018,122.0
Q23-006,leg2-cruise,1615.2239916427816,1622.5312984075167,直连,,121.64926802379641,122.0
Q23-003,leg2-cruise,1616.1962314833822,1623.3646468423171,中继,R3-001,123.16603142326495,122.0
Q23-013,leg3-cruise,1620.0224054453377,1626.6442245239932,中继,R3-001,126.25938049678655,122.0
Q23-002,leg3-cruise,1622.332841811502,1629.6732246755728,中继,R3-002,123.00764230165109,122.0
Q23-006,leg2-cruise,1622.5312984075167,1629.8386051722516,直连,,121.4466606467782,122.0
Q23-003,leg2-cruise,1623.3646468423171,1630.533062201252,中继,R3-001,122.99960965195191,122.0
Q23-008,leg1-cruise,1623.7598485780693,1634.4136711825336,直连,,90.76828469063909,122.0
Q23-013,leg3-cruise,1626.6442245239932,1633.2660436026488,中继,R3-001,126.1249243213434,122.0
Q23-002,leg3-cruise,1629.6732246755728,1637.0136075396435,中继,R3-002,122.7907148858466,122.0
Q23-006,leg2-cruise,1629.8386051722516,1637.1459119369865,直连,,121.23922334741255,122.0
Q23-003,leg2-cruise,1630.533062201252,1637.701477560187,中继,R3-001,122.82994840385066,122.0
Q23-013,leg3-cruise,1633.2660436026488,1639.8878626813043,中继,R3-001,125.98835743781268,122.0
Q23-008,leg1-cruise,1634.4136711825336,1639.7405824847656,直连,,92.80407740176474,122.0
Q23-002,leg3-cruise,1637.0136075396435,1644.3539904037143,中继,R3-002,122.56828530131419,122.0
Q23-006,leg2-cruise,1637.1459119369865,1644.4532187017217,直连,,121.02672069740018,122.0
Q23-003,leg2-cruise,1637.701477560187,1644.8698929191219,中继,R3-001,122.65691955802231,122.0
Q23-008,leg1-cruise,1639.7405824847656,1645.0674937869978,直连,,93.95590576400392,122.0
Q23-013,leg3-cruise,1639.8878626813043,1646.50968175996,中继,R3-001,125.8496126488636,122.0
Q23-002,leg3-cruise,1644.3539904037143,1651.694373267785,中继,R3-002,122.34007024948161,122.0
Q23-006,leg2-cruise,1644.4532187017217,1651.7605254664566,直连,,120.80889966233968,122.0
Q23-003,leg2-cruise,1644.8698929191219,1652.0383082780568,中继,R3-001,122.48038727088736,122.0
Q23-008,leg1-cruise,1645.0674937869978,1655.721316391462,直连,,95.45376714479272,122.0
Q23-013,leg3-cruise,1646.50968175996,1653.1315008386155,中继,R3-001,125.70861950246307,122.0
Q23-002,leg3-cruise,1651.694373267785,1659.0347561318558,中继,R3-002,122.10576424085043,122.0
Q23-006,leg2-cruise,1651.7605254664566,1659.0678322311915,直连,,120.5854878054025,122.0
Q23-003,leg2-cruise,1652.0383082780568,1659.2067236369917,中继,R3-001,122.3002073455795,122.0
Q23-013,leg3-cruise,1653.1315008386155,1659.753319917271,中继,R3-001,125.56530407866548,122.0
Q23-008,leg1-cruise,1655.721316391462,1666.3751389959266,直连,,97.13119988278405,122.0
Q23-002,leg3-cruise,1659.0347561318558,1666.3751389959266,直连,,121.8650372475387,122.0
Q23-006,leg2-cruise,1659.0678322311915,1666.3751389959266,直连,,120.35619125649417,122.0
Q23-003,leg2-cruise,1659.2067236369917,1666.3751389959266,中继,R3-001,122.11622653591348,122.0
Q23-013,leg3-cruise,1659.753319917271,1666.3751389959266,中继,R3-001,125.41958875867766,122.0
Q23-002,leg3-cruise,1666.3751389959266,1672.915203031062,直连,,121.63120575393127,122.0
Q23-003,leg2-cruise,1666.3751389959266,1672.915203031062,中继,R3-001,121.93660436860515,122.0
Q23-006,leg2-cruise,1666.3751389959266,1672.915203031062,直连,,120.13321539672188,122.0
Q23-008,leg1-cruise,1666.3751389959266,1672.915203031062,直连,,98.28814793861372,122.0
Q23-013,leg3-cruise,1666.3751389959266,1672.915203031062,中继,R3-001,125.27231460088623,122.0
Q23-002,leg3-cruise,1672.915203031062,1679.4552670661974,直连,,121.4050184767826,122.0
Q23-003,leg2-cruise,1672.915203031062,1679.4552670661974,直连,,121.76169768824373,122.0
Q23-006,leg2-cruise,1672.915203031062,1679.4552670661974,直连,,119.91721734533323,122.0
Q23-008,leg1-cruise,1672.915203031062,1679.4552670661974,直连,,99.07749956511832,122.0
Q23-013,leg3-cruise,1672.915203031062,1679.4552670661974,中继,R3-001,125.1234438731212,122.0
Q23-002,leg3-cruise,1679.4552670661974,1685.9953311013328,直连,,121.17286571940937,122.0
Q23-003,leg2-cruise,1679.4552670661974,1685.9953311013328,直连,,121.58321364023051,122.0
Q23-006,leg2-cruise,1679.4552670661974,1685.9953311013328,直连,,119.69572569351836,122.0
Q23-008,leg1-cruise,1679.4552670661974,1685.9953311013328,直连,,99.80227622472904,122.0
Q23-013,leg3-cruise,1679.4552670661974,1685.9953311013328,中继,R3-001,124.97198248554326,122.0
Q23-002,leg3-cruise,1685.9953311013328,1692.535395136468,直连,,120.93442915784485,122.0
Q23-003,leg2-cruise,1685.9953311013328,1692.535395136468,直连,,121.40100360659764,122.0
Q23-006,leg2-cruise,1685.9953311013328,1692.535395136468,直连,,119.46845453345696,122.0
Q23-008,leg1-cruise,1685.9953311013328,1692.535395136468,直连,,100.47208471968817,122.0
Q23-013,leg3-cruise,1685.9953311013328,1692.535395136468,中继,R3-001,124.81783889387297,122.0
Q23-002,leg3-cruise,1692.535395136468,1699.0754591716031,直连,,120.68936473744905,122.0
Q23-003,leg2-cruise,1692.535395136468,1699.0754591716031,直连,,121.21490956358116,122.0
Q23-006,leg2-cruise,1692.535395136468,1699.0754591716031,直连,,119.23509511193853,122.0
Q23-008,leg1-cruise,1692.535395136468,1699.0754591716031,直连,,101.09456737189475,122.0
Q23-013,leg3-cruise,1692.535395136468,1699.0754591716031,中继,R3-001,124.66091662627271,122.0
Q23-002,leg3-cruise,1699.0754591716031,1705.6155232067385,直连,,110.4372998804403,122.0
Q23-003,leg2-cruise,1699.0754591716031,1705.6155232067385,直连,,121.02476327561507,122.0
Q23-006,leg2-cruise,1699.0754591716031,1705.6155232067385,直连,,118.9953133381141,122.0
Q23-008,leg1-cruise,1699.0754591716031,1705.6155232067385,直连,,101.67589583044438,122.0
Q23-013,leg3-cruise,1699.0754591716031,1705.6155232067385,中继,R3-001,124.50111392414863,122.0
Q23-002,leg3-cruise,1705.6155232067385,1712.155587241874,直连,,110.17783031366801,122.0
Q23-003,leg2-cruise,1705.6155232067385,1712.155587241874,直连,,120.83038540171633,122.0
Q23-006,leg2-cruise,1705.6155232067385,1712.155587241874,直连,,118.74874694313954,122.0
Q23-008,leg1-cruise,1705.6155232067385,1712.155587241874,直连,,102.22112115132788,122.0
Q23-013,leg3-cruise,1705.6155232067385,1712.155587241874,中继,R3-001,124.33832334971501,122.0
Q23-002,leg3-cruise,1712.155587241874,1718.6956512770093,直连,,109.91051645511271,122.0
Q23-003,leg2-cruise,1712.155587241874,1718.6956512770093,直连,,120.63158450258399,122.0
Q23-006,leg2-cruise,1712.155587241874,1718.6956512770093,直连,,118.49500223191114,122.0
Q23-008,leg1-cruise,1712.155587241874,1718.6956512770093,直连,,102.73442681880961,122.0
Q23-013,leg3-cruise,1712.155587241874,1718.6956512770093,中继,R3-001,124.1724313565634,122.0
Q23-002,leg3-cruise,1718.6956512770093,1725.2357153121447,直连,,109.63487928596365,122.0
Q23-003,leg2-cruise,1718.6956512770093,1725.2357153121447,直连,,110.42815593505932,122.0
Q23-006,leg2-cruise,1718.6956512770093,1725.2357153121447,直连,,118.23365035482202,122.0
Q23-008,leg1-cruise,1718.6956512770093,1725.2357153121447,直连,,103.21931490018586,122.0
Q23-013,leg3-cruise,1718.6956512770093,1725.2357153121447,中继,R3-001,124.0033178189782,122.0
Q23-002,leg3-cruise,1725.2357153121447,1731.7757793472801,直连,,109.35039562152856,122.0
Q23-003,leg2-cruise,1725.2357153121447,1731.7757793472801,直连,,110.21988061829536,122.0
Q23-006,leg2-cruise,1725.2357153121447,1731.7757793472801,直连,,117.964223012236,122.0
Q23-008,leg1-cruise,1725.2357153121447,1731.7757793472801,直连,,103.67874525359787,122.0
Q23-013,leg3-cruise,1725.2357153121447,1731.7757793472801,中继,R3-001,123.8308555151693,122.0
Q23-002,leg3-cruise,1731.7757793472801,1738.3158433824156,直连,,109.05649267757319,122.0
Q23-003,leg2-cruise,1731.7757793472801,1738.3158433824156,直连,,110.00652365360932,122.0
Q23-006,leg2-cruise,1731.7757793472801,1738.3158433824156,直连,,117.68620748538466,122.0
Q23-008,leg1-cruise,1731.7757793472801,1738.3158433824156,直连,,104.11524118802946,122.0
Q23-013,leg3-cruise,1731.7757793472801,1738.3158433824156,中继,R3-001,123.65490955892209,122.0
Q23-002,leg3-cruise,1738.3158433824156,1744.8559074175507,直连,,108.75254180885338,122.0
Q23-003,leg2-cruise,1738.3158433824156,1744.8559074175507,直连,,109.7878327767726,122.0
Q23-006,leg2-cruise,1738.3158433824156,1744.8559074175507,直连,,107.39904086351166,122.0
Q23-008,leg1-cruise,1738.3158433824156,1744.8559074175507,直连,,114.53097075640895,122.0
Q23-013,leg3-cruise,1738.3158433824156,1744.8559074175507,中继,R3-001,123.47533677337019,122.0
Q23-002,leg3-cruise,1744.8559074175507,1751.395971452686,直连,,108.43785127281744,122.0
Q23-003,leg2-cruise,1744.8559074175507,1751.395971452686,直连,,109.56353661807051,122.0
Q23-006,leg2-cruise,1744.8559074175507,1751.395971452686,直连,,107.10210330694287,122.0
Q23-008,leg1-cruise,1744.8559074175507,1751.395971452686,直连,,114.9278100821901,122.0
Q23-013,leg3-cruise,1744.8559074175507,1751.395971452686,中继,R3-001,123.29198499971207,122.0
Q23-002,leg3-cruise,1751.395971452686,1757.9360354878213,直连,,108.11165784297299,122.0
Q23-003,leg2-cruise,1751.395971452686,1757.9360354878213,直连,,109.33334274098121,122.0
Q23-006,leg2-cruise,1751.395971452686,1757.9360354878213,直连,,106.79471014745634,122.0
Q23-008,leg1-cruise,1751.395971452686,1757.9360354878213,直连,,115.30739325416462,122.0
Q23-013,leg3-cruise,1751.395971452686,1757.9360354878213,中继,R3-001,123.10469233260791,122.0
Q23-002,leg3-cruise,1757.9360354878213,1764.4760995229567,直连,,107.7731170629835,122.0
Q23-003,leg2-cruise,1757.9360354878213,1764.4760995229567,直连,,109.09693542519852,122.0
Q23-006,leg2-cruise,1757.9360354878213,1764.4760995229567,直连,,106.47610257818377,122.0
Q23-008,leg1-cruise,1757.9360354878213,1764.4760995229567,直连,,115.67115205076794,122.0
Q23-013,leg3-cruise,1757.9360354878213,1764.4760995229567,中继,R3-001,122.91328627276584,122.0
Q23-002,leg3-cruise,1764.4760995229567,1771.016163558092,直连,,107.42129189328611,122.0
Q23-003,leg2-cruise,1764.4760995229567,1771.016163558092,直连,,108.8539731534779,122.0
Q23-006,leg2-cruise,1764.4760995229567,1771.016163558092,直连,,106.14543662194251,122.0
Q23-008,leg1-cruise,1764.4760995229567,1771.016163558092,直连,,116.02034787218099,122.0
Q23-013,leg3-cruise,1764.4760995229567,1771.016163558092,中继,R3-001,122.71758278576698,122.0
Q23-002,leg3-cruise,1771.016163558092,1777.5562275932275,直连,,107.05513945767765,122.0
Q23-003,leg2-cruise,1771.016163558092,1777.5562275932275,直连,,108.60408575404989,122.0
Q23-006,leg2-cruise,1771.016163558092,1777.5562275932275,直连,,105.80176998446859,122.0
Q23-008,leg1-cruise,1771.016163558092,1777.5562275932275,直连,,116.35609763721617,122.0
Q23-013,leg3-cruise,1771.016163558092,1777.5562275932275,中继,R3-001,122.5173852544449,122.0
Q23-002,leg3-cruise,1777.5562275932275,1784.096291628363,直连,,106.67349554855487,122.0
Q23-003,leg2-cruise,1777.5562275932275,1784.096291628363,直连,,108.34687114129815,122.0
Q23-006,leg2-cruise,1777.5562275932275,1784.096291628363,直连,,105.44404629094515,122.0
Q23-008,leg1-cruise,1777.5562275932275,1784.096291628363,直连,,116.67939495841775,122.0
Q23-013,leg3-cruise,1777.5562275932275,1784.096291628363,中继,R3-001,122.31248331011416,122.0
Q23-002,leg3-cruise,1784.096291628363,1790.6363556634983,直连,,106.27505650043697,122.0
Q23-003,leg2-cruise,1784.096291628363,1790.6363556634983,直连,,108.08189158587759,122.0
Q23-006,leg2-cruise,1784.096291628363,1790.6363556634983,直连,,105.07107606127795,122.0
Q23-008,leg1-cruise,1784.096291628363,1790.6363556634983,直连,,116.99112758840342,122.0
Q23-013,leg3-cruise,1784.096291628363,1790.6363556634983,中继,R3-001,122.1026515255123,122.0
Q23-002,leg3-cruise,1790.6363556634983,1797.1764196986335,直连,,105.85835799966954,122.0
Q23-003,leg2-cruise,1790.6363556634983,1797.1764196986335,直连,,107.8086694318348,122.0
Q23-006,leg2-cruise,1790.6363556634983,1797.1764196986335,直连,,104.68151358862123,122.0
Q23-008,leg1-cruise,1790.6363556634983,1797.1764196986335,直连,,117.29209189590117,122.0
Q23-013,leg3-cruise,1790.6363556634983,1797.1764196986335,中继,R3-001,121.88764794947483,122.0
Q23-002,leg3-cruise,1797.1764196986335,1803.3596859612207,直连,,105.43393996658111,122.0
Q23-003,leg2-cruise,1797.1764196986335,1804.2835471407946,直连,,107.51425029177187,122.0
Q23-006,leg2-cruise,1797.1764196986335,1804.0791465878792,直连,,104.26225057546708,122.0
Q23-008,leg1-cruise,1797.1764196986335,1807.2697631755084,直连,,117.66038302695483,122.0
Q23-013,leg3-cruise,1797.1764196986335,1804.3008526095027,直连,,121.65723313158638,122.0
Q23-002,leg3-cruise,1803.3596859612207,1809.5429522238082,直连,,105.00174781302374,122.0
Q23-006,leg2-cruise,1804.0791465878792,1810.9818734771247,直连,,103.80975171712886,122.0
Q23-003,leg2-cruise,1804.2835471407946,1811.3906745829556,直连,,107.1967487182357,122.0
Q23-013,leg3-cruise,1804.3008526095027,1811.4252855203722,直连,,121.41030458883087,122.0
Q23-008,leg1-cruise,1807.2697631755084,1817.3631066523833,直连,,118.08739015824816,122.0
Q23-002,leg3-cruise,1809.5429522238082,1815.7262184863955,直连,,104.5483729441704,122.0
Q23-006,leg2-cruise,1810.9818734771247,1817.8846003663703,直连,,103.33266859441565,122.0
Q23-003,leg2-cruise,1811.3906745829556,1818.4978020251167,直连,,106.86737164427691,122.0
Q23-013,leg3-cruise,1811.4252855203722,1818.5497184312414,直连,,121.15618822381865,122.0
Q23-002,leg3-cruise,1815.7262184863955,1821.9094847489828,直连,,104.0718203228947,122.0
Q23-008,leg1-cruise,1817.3631066523833,1822.4097783908205,直连,,118.39444175790156,122.0
Q23-006,leg2-cruise,1817.8846003663703,1824.7873272556158,直连,,102.82821401614042,122.0
Q23-003,leg2-cruise,1818.4978020251167,1825.6049294672778,直连,,106.52521103130962,122.0
Q23-013,leg3-cruise,1818.5497184312414,1825.6741513421107,直连,,120.89445550281368,122.0
Q23-002,leg3-cruise,1821.9094847489828,1828.09275101157,直连,,103.56984083995346,122.0
Q23-008,leg1-cruise,1822.4097783908205,1827.456450129258,直连,,118.59328684086968,122.0
Q23-006,leg2-cruise,1824.7873272556158,1831.6900541448613,直连,,102.29310636713649,122.0
Q23-003,leg2-cruise,1825.6049294672778,1832.712056909439,直连,,106.16925258789261,122.0
Q23-013,leg3-cruise,1825.6741513421107,1832.79858425298,直连,,120.62463863695051,122.0
Q23-008,leg1-cruise,1827.456450129258,1832.5031218676954,直连,,118.78769095606688,122.0
Q23-002,leg3-cruise,1828.09275101157,1834.2760172741573,直连,,103.03990065265914,122.0
Q23-006,leg2-cruise,1831.6900541448613,1838.5927810341068,直连,,101.72344782104294,122.0
Q23-008,leg1-cruise,1832.5031218676954,1837.5497936061329,直连,,118.97784773949903,122.0
Q23-003,leg2-cruise,1832.712056909439,1839.8191843516001,直连,,105.79835891602798,122.0
Q23-013,leg3-cruise,1832.79858425298,1839.9230171638492,直连,,110.3462256708741,122.0
Q23-002,leg3-cruise,1834.2760172741573,1840.4592835367448,直连,,102.47915350471948,122.0
Q23-008,leg1-cruise,1837.5497936061329,1847.6431370830078,直连,,119.25551256069068,122.0
Q23-006,leg2-cruise,1838.5927810341068,1845.4955079233523,直连,,101.11456366512374,122.0
Q23-003,leg2-cruise,1839.8191843516001,1846.9263117937612,直连,,105.41124928125468,122.0
Q23-013,leg3-cruise,1839.9230171638492,1847.0474500747187,直连,,110.05865478466714,122.0
Q23-002,leg3-cruise,1840.4592835367448,1846.642549799332,直连,,101.88442344141737,122.0
Q23-006,leg2-cruise,1845.4955079233523,1852.3982348125978,直连,,100.46078743103557,122.0
Q23-002,leg3-cruise,1846.642549799332,1852.8258160619193,直连,,101.25221245864643,122.0
Q23-003,leg2-cruise,1846.9263117937612,1854.0334392359223,直连,,105.00647519580224,122.0
Q23-013,leg3-cruise,1847.0474500747187,1854.171882985588,直连,,109.76130765425704,122.0
Q23-008,leg1-cruise,1847.6431370830078,1857.7364805598827,直连,,119.61246593082353,122.0
Q23-006,leg2-cruise,1852.3982348125978,1859.3009617018433,直连,,99.75516946330026,122.0
Q23-002,leg3-cruise,1852.8258160619193,1859.0090823245068,直连,,100.57876106465761,122.0
Q23-003,leg2-cruise,1854.0334392359223,1861.1405666780834,直连,,104.58239078256905,122.0
Q23-013,leg3-cruise,1854.171882985588,1861.2963158964571,直连,,109.45350167912702,122.0
Q23-008,leg1-descent,1857.7364805598827,1875.547802581367,直连,,119.78324676692044,122.0
Q23-002,leg3-cruise,1859.0090823245068,1865.1923485870943,直连,,99.86021511924848,122.0
Q23-006,leg2-cruise,1859.3009617018433,1866.2036885910888,直连,,98.98907596290782,122.0
Q23-003,leg2-cruise,1861.1405666780834,1868.2476941202444,直连,,104.13711660210389,122.0
Q23-013,leg3-cruise,1861.2963158964571,1868.4207488073266,直连,,109.13448083981267,122.0
Q23-002,leg3-cruise,1865.1923485870943,1871.3756148496816,直连,,99.09300016646952,122.0
Q23-006,leg2-cruise,1866.2036885910888,1873.1064154803344,直连,,98.15162990281594,122.0
Q23-003,leg2-cruise,1868.2476941202444,1875.3548215624055,直连,,103.66849525908046,122.0
Q23-013,leg3-cruise,1868.4207488073266,1875.545181718196,直连,,108.80340488829734,122.0
Q23-002,leg3-cruise,1871.3756148496816,1877.5588811122689,直连,,98.27459364872168,122.0
Q23-006,leg2-cruise,1873.1064154803344,1880.00914236958,直连,,97.2289233960879,122.0
Q23-003,leg2-cruise,1875.3548215624055,1882.4619490045666,直连,,103.1740366440825,122.0
Q23-013,leg3-cruise,1875.545181718196,1882.6696146290653,直连,,108.4593364975636,122.0
Q23-008,leg1-descent,1875.547802581367,1893.3591246028514,直连,,119.77991803994453,122.0
Q23-002,leg3-cruise,1877.5588811122689,1883.7421473748564,直连,,97.40504602298063,122.0
Q23-006,leg2-cruise,1880.00914236958,1886.9118692588256,直连,,96.20290593578292,122.0
Q23-003,leg2-cruise,1882.4619490045666,1889.5690764467276,直连,,102.6508501030239,122.0
Q23-013,leg3-cruise,1882.6696146290653,1889.7940475399346,直连,,108.1012258967467,122.0
Q23-002,leg3-cruise,1883.7421473748564,1889.9254136374436,直连,,96.48986680861861,122.0
Q23-006,leg2-cruise,1886.9118692588256,1893.8145961480711,直连,,95.04984613671617,122.0
Q23-003,leg2-cruise,1889.5690764467276,1896.6762038888887,直连,,102.09556018066581,122.0
Q23-013,leg3-cruise,1889.7940475399346,1896.918480450804,直连,,107.72789238733434,122.0
Q23-002,leg3-cruise,1889.9254136374436,1896.108679900031,直连,,95.54523093074928,122.0
Q23-008,S001-handoff,1893.3591246028514,1923.3591246028514,直连,,119.77894086539243,122.0
Q23-006,leg2-cruise,1893.8145961480711,1900.7173230373166,直连,,93.73837755843975,122.0
Q23-002,leg3-cruise,1896.108679900031,1902.2919461626182,直连,,94.60651545310766,122.0
Q23-003,leg2-cruise,1896.6762038888887,1903.7833313310498,直连,,101.50420194921423,122.0
Q23-013,leg3-cruise,1896.918480450804,1904.0429133616733,直连,,107.33800196282769,122.0
Q23-006,leg2-cruise,1900.7173230373166,1907.6200499265622,直连,,92.22780720777996,122.0
Q23-002,leg3-cruise,1902.2919461626182,1908.4752124252054,直连,,93.73954337044486,122.0
Q23-003,leg2-cruise,1903.7833313310498,1910.890458773211,直连,,100.8720915851983,122.0
Q23-013,leg3-cruise,1904.0429133616733,1911.1673462725425,直连,,106.93004002385855,122.0
Q23-006,leg2-cruise,1907.6200499265622,1914.522776815808,直连,,90.47047075742185,122.0
Q23-002,leg3-cruise,1908.4752124252054,1914.658478687793,直连,,93.0475101841955,122.0
Q23-003,leg2-cruise,1910.890458773211,1917.9975862153722,直连,,100.19366851951061,122.0
Q23-013,leg3-cruise,1911.1673462725425,1918.2917791834118,直连,,106.50227787148785,122.0
Q23-006,leg2-cruise,1914.522776815808,1921.4255037050534,直连,,88.43569770266221,122.0
Q23-002,leg3-cruise,1914.658478687793,1920.8417449503802,直连,,92.65520237764201,122.0
Q23-003,leg2-cruise,1917.9975862153722,1925.1047136575332,直连,,99.46230895623432,122.0
Q23-013,leg3-cruise,1918.2917791834118,1925.416212094281,直连,,106.05273124317293,122.0
Q23-002,leg3-descent,1920.8417449503802,1950.4483619751197,直连,,91.81048595601354,122.0
Q23-006,leg2-cruise,1921.4255037050534,1928.328230594299,直连,,86.22860899129111,122.0
Q23-008,S001-handoff,1923.3591246028514,1953.3591246028514,直连,,119.77894086539243,122.0
Q23-003,leg2-cruise,1925.1047136575332,1932.2118410996943,直连,,98.67012126133739,122.0
Q23-013,leg3-cruise,1925.416212094281,1932.5406450051505,直连,,105.57910858611244,122.0
Q23-006,leg2-cruise,1928.328230594299,1935.2309574835444,直连,,84.48190064419616,122.0
Q23-003,leg2-cruise,1932.2118410996943,1939.3189685418554,直连,,97.80776258805071,122.0
Q23-013,leg3-cruise,1932.5406450051505,1939.6650779160198,直连,,105.0787459821183,122.0
Q23-006,leg2-descent,1935.2309574835444,1959.3981913702632,直连,,82.40264797547299,122.0
Q23-003,leg2-cruise,1939.3189685418554,1946.4260959840167,直连,,96.86439046127782,122.0
Q23-013,leg3-cruise,1939.6650779160198,1946.789510826889,直连,,104.54852456395864,122.0
Q23-003,leg2-cruise,1946.4260959840167,1953.5332234261778,直连,,95.82805221717025,122.0
Q23-013,leg3-cruise,1946.789510826889,1953.9139437377585,直连,,103.98476478535348,122.0
Q23-002,leg3-descent,1950.4483619751197,1980.0549789998593,直连,,89.96717712516603,122.0
Q23-008,S001-handoff,1953.3591246028514,1983.3591246028514,直连,,119.77894086539243,122.0
Q23-003,leg2-cruise,1953.5332234261778,1960.6403508683388,直连,,94.68729576695088,122.0
Q23-013,leg3-cruise,1953.9139437377585,1961.0383766486277,直连,,103.38308988669345,122.0
Q23-006,leg2-descent,1959.3981913702632,1983.5654252569818,直连,,77.03365564741472,122.0
Q23-003,leg2-cruise,1960.6403508683388,1967.7474783105,直连,,93.43599233898584,122.0
Q23-013,leg3-cruise,1961.0383766486277,1968.162809559497,直连,,102.7382481935976,122.0
Q23-003,leg2-cruise,1967.7474783105,1974.854605752661,直连,,92.08621323430815,122.0
Q23-013,leg3-cruise,1968.162809559497,1975.2872424703664,直连,,102.04388044122817,122.0
Q23-003,leg2-cruise,1974.854605752661,1981.961733194822,直连,,90.69925004095023,122.0
Q23-013,leg3-cruise,1975.2872424703664,1982.4116753812357,直连,,101.29221447123126,122.0
Q23-002,leg3-descent,1980.0549789998593,2009.661596024599,直连,,87.62428679933392,122.0
Q23-003,leg2-cruise,1981.961733194822,1989.0688606369831,直连,,89.44504248233211,122.0
Q23-013,leg3-cruise,1982.4116753812357,1989.536108292105,直连,,100.47366704221932,122.0
Q23-008,S001-handoff,1983.3591246028514,2013.3591246028514,直连,,119.77894086539243,122.0
Q23-006,leg2-descent,1983.5654252569818,2007.7326591437006,直连,,60.23392494929281,122.0
Q23-003,leg2-cruise,1989.0688606369831,1996.1759880791442,直连,,88.64936743429166,122.0
Q23-013,leg3-cruise,1989.536108292105,1996.6605412029744,直连,,99.57633679548323,122.0
Q23-003,leg2-descent,1996.1759880791442,2024.736087566449,直连,,87.28503714858458,122.0
Q23-013,leg3-cruise,1996.6605412029744,2010.909407024713,直连,,98.58540151097735,122.0
Q23-002,leg3-descent,2009.661596024599,2039.2682130493386,直连,,84.40608051945524,122.0
Q23-013,leg3-cruise,2010.909407024713,2018.0338399355824,直连,,96.24587978657696,122.0
Q23-008,S001-handoff,2013.3591246028514,2043.3591246028514,直连,,119.77894086539243,122.0
Q23-013,leg3-cruise,2018.0338399355824,2025.1582728464516,直连,,94.85208635389075,122.0
Q23-003,leg2-descent,2024.736087566449,2053.296187053754,直连,,84.05484423999417,122.0
Q23-013,leg3-cruise,2025.1582728464516,2039.4071386681903,直连,,93.2860866850391,122.0
Q23-002,leg3-descent,2039.2682130493386,2068.874830074078,直连,,79.23742082262991,122.0
Q23-013,leg3-cruise,2039.4071386681903,2046.5315715790596,直连,,89.88797851938274,122.0
Q23-008,S001-handoff,2043.3591246028514,2073.3591246028514,直连,,119.77894086539243,122.0
Q23-013,leg3-cruise,2046.5315715790596,2053.656004489929,直连,,88.71115618841868,122.0
Q23-003,leg2-descent,2053.296187053754,2081.856286541058,直连,,78.85462513877255,122.0
Q23-013,leg3-descent,2053.656004489929,2082.2161039772336,直连,,87.28503714858458,122.0
Q23-002,leg3-descent,2068.874830074078,2098.4814470988176,直连,,64.6674283183492,122.0
Q23-008,S001-handoff,2073.3591246028514,2103.3591246028514,直连,,119.77894086539243,122.0
Q23-003,leg2-descent,2081.856286541058,2110.416386028363,直连,,63.972286682761336,122.0
Q23-013,leg3-descent,2082.2161039772336,2110.7762034645384,直连,,84.05484423999417,122.0
Q23-008,S001-handoff,2103.3591246028514,2133.3591246028514,直连,,119.77894086539243,122.0
Q23-013,leg3-descent,2110.7762034645384,2139.3363029518428,直连,,78.85462513877255,122.0
Q23-008,leg2-climb,2133.3591246028514,2163.0446613053255,直连,,119.78135349189522,122.0
Q23-013,leg3-descent,2139.3363029518428,2167.8964024391476,直连,,63.972286682761336,122.0
Q23-008,leg2-cruise,2163.0446613053255,2418.3289384960676,直连,,119.66432217326843,122.0
Q23-008,leg2-descent,2418.3289384960676,2476.4715825390363,直连,,79.04372855980819,122.0
Q23-005,leg1-climb,2510.386,2600.8799412434896,直连,,62.93650638879538,122.0
Q23-005,leg1-cruise,2600.8799412434896,2685.773127773897,直连,,88.25352018772847,122.0
Q23-004,leg1-climb,2682.0,2707.7915215386283,直连,,65.4851477644477,122.0
Q23-005,leg1-cruise,2685.773127773897,2714.0708566173666,直连,,102.66181842925037,122.0
Q23-004,leg1-climb,2707.7915215386283,2733.583043077257,直连,,79.70524348031523,122.0
Q23-005,leg1-cruise,2714.0708566173666,2735.2941532499685,直连,,105.00857318228321,122.0
Q23-004,leg1-climb,2733.583043077257,2759.3745646158854,直连,,84.83703041914899,122.0
Q23-005,leg1-cruise,2735.2941532499685,2763.5918820934376,直连,,106.43455056180171,122.0
Q23-004,leg1-climb,2759.3745646158854,2785.166086154514,直连,,88.04115560336277,122.0
Q23-005,leg1-cruise,2763.5918820934376,2791.889610936907,直连,,118.03543870401708,122.0
Q23-004,leg1-climb,2785.166086154514,2810.9576076931426,直连,,90.37661369328488,122.0
Q23-005,leg1-cruise,2791.889610936907,2813.112907569509,直连,,119.38887959812597,122.0
Q23-004,leg1-climb,2810.9576076931426,2836.749129231771,直连,,92.21532937896909,122.0
Q23-005,leg1-cruise,2813.112907569509,2841.4106364129784,直连,,120.2821956458998,122.0
Q23-004,leg1-cruise,2836.749129231771,2846.154315033242,直连,,93.07623787508511,122.0
Q23-020,leg1-climb,2837.0,2855.5595008347127,直连,,57.939716514901704,122.0
Q23-005,leg1-cruise,2841.4106364129784,2848.4850686238456,直连,,121.3468377245665,122.0
Q23-004,leg1-cruise,2846.154315033242,2855.5595008347127,直连,,93.59560327571903,122.0
Q23-005,leg1-cruise,2848.4850686238456,2855.5595008347127,直连,,121.5938782757843,122.0
Q23-004,leg1-cruise,2855.5595008347127,2862.761157272399,直连,,94.36270867882011,122.0
Q23-005,leg1-cruise,2855.5595008347127,2861.273465312721,直连,,121.8113011373543,122.0
Q23-020,leg1-climb,2855.5595008347127,2879.537647637638,直连,,77.15803019169527,122.0
Q23-005,leg1-cruise,2861.273465312721,2866.987429790729,中继,R3-003,122.00111184918772,122.0
Q23-004,leg1-cruise,2862.761157272399,2869.9628137100854,直连,,95.15470628171859,122.0
Q23-001,leg1-climb,2865.0,2890.6613779703775,直连,,65.39393397923969,122.0
Q23-005,leg1-cruise,2866.987429790729,2872.701394268737,中继,R3-003,122.18687894427448,122.0
Q23-004,leg1-cruise,2869.9628137100854,2877.1644701477717,直连,,95.99279607071765,122.0
Q23-005,leg1-cruise,2872.701394268737,2878.4153587467454,中继,R3-003,122.36877046252015,122.0
Q23-004,leg1-cruise,2877.1644701477717,2884.3661265854576,直连,,96.8333821287866,122.0
Q23-005,leg1-cruise,2878.4153587467454,2884.1293232247535,中继,R3-003,122.54694422058942,122.0
Q23-020,leg1-climb,2879.537647637638,2903.515794440564,直连,,83.19611368196932,122.0
Q23-005,leg1-cruise,2884.1293232247535,2889.8432877027617,中继,R3-003,122.72154862169617,122.0
Q23-004,leg1-cruise,2884.3661265854576,2891.567783023144,直连,,97.6516422677636,122.0
Q23-005,leg1-cruise,2889.8432877027617,2895.55725218077,中继,R3-003,122.89272338707853,122.0
Q23-001,leg1-climb,2890.6613779703775,2916.322755940755,直连,,79.652127423948,122.0
Q23-004,leg1-cruise,2891.567783023144,2898.76943946083,直连,,98.43511649689263,122.0
Q23-005,leg1-cruise,2895.55725218077,2901.2712166587785,中继,R3-003,123.06060021802014,122.0
Q23-004,leg1-cruise,2898.76943946083,2905.9710958985165,直连,,99.17870994038991,122.0
Q23-005,leg1-cruise,2901.2712166587785,2906.9851811367867,中继,R3-003,123.22530339614434,122.0
Q23-020,leg1-climb,2903.515794440564,2927.4939412434896,直连,,86.72375891033047,122.0
Q23-004,leg1-cruise,2905.9710958985165,2913.172752336203,直连,,99.88143667550665,122.0
Q23-005,leg1-cruise,2906.9851811367867,2918.413110092803,中继,R3-003,123.38695032878395,122.0
Q23-004,leg1-cruise,2913.172752336203,2920.3744087738887,直连,,100.5444686528683,122.0
Q23-001,leg1-climb,2916.322755940755,2941.984133911133,直连,,84.78800933048049,122.0
Q23-005,leg1-cruise,2918.413110092803,2924.127074570811,中继,R3-003,123.70151364936746,122.0
Q23-004,leg1-cruise,2920.3744087738887,2927.576065211575,直连,,101.1700184932607,122.0
Q23-005,leg1-descent,2924.127074570811,2943.119804062999,中继,R3-003,123.77631418571382,122.0
Q23-020,leg1-cruise,2927.4939412434896,2934.7092790409743,直连,,88.19120434647135,122.0
Q23-004,leg1-cruise,2927.576065211575,2934.7777216492614,直连,,101.76071905446834,122.0
Q23-020,leg1-cruise,2934.7092790409743,2941.9246168384593,直连,,89.09125020656604,122.0
Q23-004,leg1-cruise,2934.7777216492614,2941.9793780869477,直连,,102.31928908154177,122.0
Q23-020,leg1-cruise,2941.9246168384593,2949.1399546359444,直连,,90.47223933845943,122.0
Q23-004,leg1-cruise,2941.9793780869477,2949.181034524634,直连,,102.84836062869219,122.0
Q23-001,leg1-climb,2941.984133911133,2967.6455118815106,直连,,87.99370239644938,122.0
Q23-005,S013-handoff,2943.119804062999,2973.119804062999,中继,R3-003,123.77442449618124,122.0
Q23-020,leg1-cruise,2949.1399546359444,2956.355292433429,直连,,91.96004704576605,122.0
Q23-004,leg1-cruise,2949.181034524634,2956.3826909623203,直连,,103.35039677400943,122.0
Q23-020,leg1-cruise,2956.355292433429,2963.5706302309136,直连,,93.38003090371726,122.0
Q23-004,leg1-cruise,2956.3826909623203,2963.5843474000067,直连,,103.82765899185063,122.0
Q23-020,leg1-cruise,2963.5706302309136,2970.7859680283987,直连,,94.67889840127859,122.0
Q23-004,leg1-cruise,2963.5843474000067,2970.7860038376925,直连,,104.28220120440055,122.0
Q23-001,leg1-cruise,2967.6455118815106,2974.8855723385122,直连,,89.39194186901106,122.0
Q23-020,leg1-cruise,2970.7859680283987,2978.0013058258837,直连,,95.85225676084094,122.0
Q23-004,leg1-cruise,2970.7860038376925,2977.987660275379,直连,,104.71587757149634,122.0
Q23-005,S013-handoff,2973.119804062999,3003.119804062999,中继,R3-003,123.77442449618124,122.0
Q23-001,leg1-cruise,2974.8855723385122,2982.1256327955134,直连,,90.44623323823467,122.0
Q23-004,leg1-cruise,2977.987660275379,2985.189316713065,直连,,105.13035677888986,122.0
Q23-020,leg1-cruise,2978.0013058258837,2985.2166436233683,直连,,96.91148792660502,122.0
Q23-001,leg1-cruise,2982.1256327955134,2989.365693252515,直连,,92.00286848056923,122.0
Q23-023,leg1-climb,2985.1549999999997,3009.6759332275387,直连,,60.602168335678854,122.0
Q23-004,leg1-cruise,2985.189316713065,2992.3909731507515,直连,,105.527138825903,122.0
Q23-020,leg1-cruise,2985.2166436233683,2992.4319814208534,直连,,97.87137002599673,122.0
Q23-001,leg1-cruise,2989.365693252515,2996.6057537095166,直连,,93.62205152139626,122.0
Q23-004,leg1-cruise,2992.3909731507515,2999.592629588438,直连,,105.90757215708614,122.0
Q23-020,leg1-cruise,2992.4319814208534,2999.6473192183385,直连,,98.74594339637537,122.0
Q23-001,leg1-cruise,2996.6057537095166,3003.845814166518,直连,,95.12948231252956,122.0
Q23-004,leg1-cruise,2999.592629588438,3006.7942860261237,直连,,106.27287002909611,122.0
Q23-020,leg1-cruise,2999.6473192183385,3006.862657015823,直连,,99.54738029194343,122.0
Q23-005,S013-handoff,3003.119804062999,3033.119804062999,中继,R3-003,123.77442449618124,122.0
Q23-001,leg1-cruise,3003.845814166518,3011.0858746235194,直连,,96.48583182555407,122.0
Q23-004,leg1-cruise,3006.7942860261237,3013.99594246381,直连,,106.62412559442035,122.0
Q23-020,leg1-cruise,3006.862657015823,3014.077994813308,直连,,100.28588996368003,122.0
Q23-023,leg1-climb,3009.6759332275387,3034.1968664550777,直连,,77.19526326568271,122.0
Q23-001,leg1-cruise,3011.0858746235194,3018.325935080521,直连,,97.69779974021557,122.0
Q23-004,leg1-cruise,3013.99594246381,3021.1975989014963,直连,,106.96232551143797,122.0
Q23-020,leg1-cruise,3014.077994813308,3021.293332610793,直连,,100.96994256858481,122.0
Q23-007,leg1-climb,3015.0,3041.488648817274,直连,,65.95807536677027,122.0
Q23-001,leg1-cruise,3018.325935080521,3025.565995537522,直连,,98.78376870259565,122.0
Q23-004,leg1-cruise,3021.1975989014963,3028.3992553391827,直连,,107.2883620678621,122.0
Q23-020,leg1-cruise,3021.293332610793,3028.508670408278,直连,,101.60655759391045,122.0
Q23-001,leg1-cruise,3025.565995537522,3032.806055994524,直连,,99.76274614969151,122.0
Q23-004,leg1-cruise,3028.3992553391827,3035.600911776869,直连,,107.60304389540194,122.0
Q23-020,leg1-cruise,3028.508670408278,3035.7240082057624,直连,,102.20157242447809,122.0
Q23-001,leg1-cruise,3032.806055994524,3040.0461164515254,直连,,100.65134748546947,122.0
Q23-005,S013-handoff,3033.119804062999,3063.119804062999,中继,R3-003,123.77442449618124,122.0
Q23-023,leg1-climb,3034.1968664550777,3058.717799682617,直连,,82.54794938210713,122.0
Q23-004,leg1-cruise,3035.600911776869,3042.8025682145553,直连,,107.90710539532368,122.0
Q23-020,leg1-cruise,3035.7240082057624,3042.9393460032475,直连,,102.75986860398874,122.0
Q23-001,leg1-cruise,3040.0461164515254,3047.2861769085266,直连,,101.46335113421377,122.0
Q23-007,leg1-climb,3041.488648817274,3067.977297634549,直连,,79.98436368446212,122.0
Q23-004,leg1-cruise,3042.8025682145553,3050.0042246522416,直连,,108.20121500891058,122.0
Q23-020,leg1-cruise,3042.9393460032475,3050.1546838007325,直连,,103.2855549915444,122.0
Q23-001,leg1-cruise,3047.2861769085266,3054.5262373655282,直连,,102.20999714253864,122.0
Q23-004,leg1-cruise,3050.0042246522416,3057.2058810899275,直连,,108.4859824664451,122.0
Q23-020,leg1-cruise,3050.1546838007325,3057.370021598217,直连,,103.78211364383893,122.0
Q23-001,leg1-cruise,3054.5262373655282,3061.76629782253,直连,,102.9004362684051,122.0
Q23-004,leg1-cruise,3057.2058810899275,3064.407537527614,直连,,108.7619651401079,122.0
Q23-020,leg1-cruise,3057.370021598217,3064.5853593957017,直连,,104.25251541915881,122.0
Q23-023,leg1-climb,3058.717799682617,3083.238732910156,直连,,85.83521409748177,122.0
Q23-001,leg1-cruise,3061.76629782253,3069.006358279531,直连,,103.54214952944815,122.0
Q23-005,S013-handoff,3063.119804062999,3093.119804062999,中继,R3-003,123.77442449618124,122.0
Q23-004,leg1-cruise,3064.407537527614,3071.6091939653,直连,,109.02967361492847,122.0
Q23-020,leg1-cruise,3064.5853593957017,3071.800697193187,直连,,104.69931164041769,122.0
Q23-007,leg1-climb,3067.977297634549,3094.465946451823,直连,,85.09500800004452,122.0
Q23-001,leg1-cruise,3069.006358279531,3076.2464187365326,直连,,104.14129502797165,122.0
Q23-004,leg1-cruise,3071.6091939653,3078.8108504029865,直连,,109.28957657931511,122.0
Q23-020,leg1-cruise,3071.800697193187,3079.016034990672,直连,,105.1247070363675,122.0
Q23-001,leg1-cruise,3076.2464187365326,3083.4864791935343,直连,,104.70298216653238,122.0
Q23-004,leg1-cruise,3078.8108504029865,3086.012506840673,直连,,109.54210512442457,122.0
Q23-020,leg1-cruise,3079.016034990672,3086.2313727881565,直连,,105.53061808670408,122.0
Q23-023,leg1-cruise,3083.238732910156,3090.365239648426,直连,,87.3439354487481,122.0
Q23-001,leg1-cruise,3083.4864791935343,3090.726539650536,直连,,105.23148496094174,122.0
Q23-004,leg1-cruise,3086.012506840673,3093.2141632783587,直连,,109.7876565301378,122.0
Q23-020,leg1-cruise,3086.2313727881565,3093.446710585641,直连,,105.91871997291597,122.0
Q23-023,leg1-cruise,3090.365239648426,3097.491746386696,直连,,88.8869148528952,122.0
Q23-001,leg1-cruise,3090.726539650536,3097.9666001075375,直连,,115.73040735774256,122.0
Q23-005,S013-handoff,3093.119804062999,3123.119804062999,中继,R3-003,123.77442449618124,122.0
Q23-004,leg1-cruise,3093.2141632783587,3100.415819716045,直连,,110.02659760514132,122.0
Q23-020,leg1-cruise,3093.446710585641,3100.662048383126,直连,,106.29048460135445,122.0
Q23-007,leg1-cruise,3094.465946451823,3101.829449480193,直连,,87.01337951090622,122.0
Q23-023,leg1-cruise,3097.491746386696,3104.618253124966,直连,,90.92282176200102,122.0
Q23-001,leg1-cruise,3097.9666001075375,3105.2066605645387,直连,,116.20281165311438,122.0
Q23-004,leg1-cruise,3100.415819716045,3107.6174761537313,直连,,120.25926763929851,122.0
Q23-020,leg1-cruise,3100.662048383126,3107.877386180611,直连,,106.64721159569606,122.0
Q23-007,leg1-cruise,3101.829449480193,3109.1929525085634,直连,,88.20104013014753,122.0
Q23-023,leg1-cruise,3104.618253124966,3111.744759863236,直连,,92.85784233607572,122.0
Q23-001,leg1-cruise,3105.2066605645387,3112.4467210215403,直连,,116.65131878546691,122.0
Q23-004,leg1-cruise,3107.6174761537313,3114.8191325914177,直连,,120.48598101863998,122.0
Q23-020,leg1-cruise,3107.877386180611,3115.092723978096,直连,,106.9900537208425,122.0
Q23-007,leg1-cruise,3109.1929525085634,3116.5564555369338,直连,,89.89933631075714,122.0
Q23-023,leg1-cruise,3111.744759863236,3118.8712666015062,直连,,94.55862433957557,122.0
Q23-001,leg1-cruise,3112.4467210215403,3119.686781478542,直连,,117.07818720155561,122.0
Q23-004,leg1-cruise,3114.8191325914177,3122.020789029104,直连,,120.70702954626341,122.0
Q23-020,leg1-cruise,3115.092723978096,3122.308061775581,直连,,107.32003786921379,122.0
Q23-007,leg1-cruise,3116.5564555369338,3123.9199585653037,直连,,91.61799772355323,122.0
Q23-023,leg1-cruise,3118.8712666015062,3125.9977733397764,直连,,96.0355366298698,122.0
Q23-001,leg1-cruise,3119.686781478542,3126.926841935543,直连,,117.48537534257571,122.0
Q23-004,leg1-cruise,3122.020789029104,3129.2224454667903,直连,,120.92268450648882,122.0
Q23-020,leg1-cruise,3122.308061775581,3129.523399573066,直连,,107.63808248866673,122.0
Q23-005,S013-handoff,3123.119804062999,3153.119804062999,中继,R3-003,123.77442449618124,122.0
Q23-007,leg1-cruise,3123.9199585653037,3131.2834615936736,直连,,93.18879995114173,122.0
Q23-023,leg1-cruise,3125.9977733397764,3133.1242800780465,直连,,97.32578265196948,122.0
Q23-001,leg1-cruise,3126.926841935543,3134.166902392544,直连,,117.87459153688421,122.0
Q23-004,leg1-cruise,3129.2224454667903,3136.4241019044766,直连,,121.13319850444302,122.0
Q23-020,leg1-cruise,3129.523399573066,3136.7387373705506,直连,,117.94501213929306,122.0
Q23-007,leg1-cruise,3131.2834615936736,3138.646964622044,直连,,94.58563222803473,122.0
Q23-023,leg1-cruise,3133.1242800780465,3140.250786816316,直连,,98.46474827443372,122.0
Q23-001,leg1-cruise,3134.166902392544,3141.406962849546,直连,,118.24733414483437,122.0
Q23-004,leg1-cruise,3136.4241019044766,3143.6257583421625,直连,,121.3388071089156,122.0
Q23-020,leg1-cruise,3136.7387373705506,3143.9540751680356,直连,,118.24156971955132,122.0
Q23-007,leg1-cruise,3138.646964622044,3146.0104676504143,直连,,95.82428779662386,122.0
Q23-023,leg1-cruise,3140.250786816316,3147.377293554586,直连,,99.48098673732589,122.0
Q23-001,leg1-cruise,3141.406962849546,3148.6470233065475,直连,,118.60492410284922,122.0
Q23-004,leg1-cruise,3143.6257583421625,3150.827414779849,直连,,121.53973032243141,122.0
Q23-020,leg1-cruise,3143.9540751680356,3151.1694129655207,直连,,118.52842678915258,122.0
Q23-007,leg1-cruise,3146.0104676504143,3153.373970678784,直连,,96.92850753291376,122.0
Q23-023,leg1-cruise,3147.377293554586,3154.503800292856,直连,,100.39665627183963,122.0
Q23-001,leg1-cruise,3148.6470233065475,3155.8870837635486,直连,,118.94853149666318,122.0
Q23-004,leg1-cruise,3150.827414779849,3158.029071217535,直连,,121.73617389937893,122.0
Q23-020,leg1-cruise,3151.1694129655207,3158.3847507630053,直连,,118.80619232895576,122.0
Q23-005,leg2-climb,3153.119804062999,3159.9861309672956,中继,R3-003,123.77521887507436,122.0
Q23-007,leg1-cruise,3153.373970678784,3160.737473707154,直连,,97.92040618808271,122.0
Q23-023,leg1-cruise,3154.503800292856,3161.630307031126,直连,,101.22888192180108,122.0
Q23-001,leg1-cruise,3155.8870837635486,3163.1271442205502,直连,,119.27919740909209,122.0
Q23-004,leg1-cruise,3158.029071217535,3165.2307276552215,中继,R3-003,121.9283305301926,122.0
Q23-020,leg1-cruise,3158.3847507630053,3165.60008856049,直连,,119.07542021010278,122.0
Q23-005,leg2-cruise,3159.9861309672956,3167.4258763770695,中继,R3-003,123.77303382234936,122.0
Q23-007,leg1-cruise,3160.737473707154,3168.1009767355245,直连,,98.81844127321483,122.0
Q23-023,leg1-cruise,3161.630307031126,3168.756813769396,直连,,101.99100205154441,122.0
Q23-001,leg1-cruise,3163.1271442205502,3170.367204677552,直连,,119.59785200085452,122.0
Q23-004,leg1-cruise,3165.2307276552215,3172.432384092908,中继,R3-003,122.11638090722147,122.0
Q23-020,leg1-cruise,3165.60008856049,3172.815426357975,直连,,119.33661559166224,122.0
Q23-005,leg2-cruise,3167.4258763770695,3174.865621786843,中继,R3-003,123.77044120830249,122.0
Q23-007,leg1-cruise,3168.1009767355245,3175.464479763895,直连,,99.63751923247787,122.0
Q23-023,leg1-cruise,3168.756813769396,3175.883320507666,直连,,102.69352917351578,122.0
Q23-001,leg1-cruise,3170.367204677552,3177.6072651345535,直连,,119.90532956728042,122.0
Q23-004,leg1-cruise,3172.432384092908,3179.6340405305937,中继,R3-003,122.30049468594297,122.0
Q23-020,leg1-cruise,3172.815426357975,3180.03076415546,直连,,119.59024042424197,122.0
Q23-005,leg2-cruise,3174.865621786843,3182.3053671966163,中继,R3-003,123.7724461424991,122.0
Q23-007,leg1-cruise,3175.464479763895,3182.8279827922647,直连,,100.38959451024138,122.0
Q23-023,leg1-cruise,3175.883320507666,3183.0098272459363,直连,,103.34485569292701,122.0
Q23-001,leg1-cruise,3177.6072651345535,3184.847325591555,直连,,120.20238115081054,122.0
Q23-004,leg1-cruise,3179.6340405305937,3186.83569696828,中继,R3-003,122.48083135332132,122.0
Q23-020,leg1-cruise,3180.03076415546,3187.2461019529446,直连,,119.83671820405435,122.0
Q23-005,leg2-cruise,3182.3053671966163,3189.74511260639,中继,R3-003,123.7790422391426,122.0
Q23-007,leg1-cruise,3182.8279827922647,3190.1914858206346,直连,,101.08428493191776,122.0
Q23-023,leg1-cruise,3183.0098272459363,3190.1363339842064,直连,,103.95176659110805,122.0
Q23-001,leg1-cruise,3184.847325591555,3192.0873860485563,直连,,120.48968516527343,122.0
Q23-004,leg1-cruise,3186.83569696828,3194.0373534059663,中继,R3-003,122.65754101371756,122.0
Q23-020,leg1-cruise,3187.2461019529446,3194.4614397504292,直连,,120.07643809563972,122.0
Q23-005,leg2-cruise,3189.74511260639,3197.184858016164,中继,R3-003,123.7902085967111,122.0
Q23-023,leg1-cruise,3190.1363339842064,3197.262840722476,直连,,104.51981304511634,122.0
Q23-007,leg1-cruise,3190.1914858206346,3197.554988849005,直连,,101.72938586964953,122.0
Q23-001,leg1-cruise,3192.0873860485563,3199.327446505558,直连,,120.76785639275977,122.0
Q23-004,leg1-cruise,3194.0373534059663,3201.2390098436526,中继,R3-003,122.83076510139693,122.0
Q23-020,leg1-cruise,3194.4614397504292,3201.6767775479143,直连,,120.30975852046916,122.0
Q23-005,leg2-cruise,3197.184858016164,3204.6246034259375,中继,R3-003,123.80591001766109,122.0
Q23-023,leg1-cruise,3197.262840722476,3204.3893474607457,直连,,105.05358718632202,122.0
Q23-007,leg1-cruise,3197.554988849005,3204.9184918773753,直连,,102.3312725916434,122.0
Q23-001,leg1-cruise,3199.327446505558,3206.5675069625595,直连,,121.03745364057127,122.0
Q23-004,leg1-cruise,3201.2390098436526,3208.440666281339,中继,R3-003,123.00063702758281,122.0
Q23-020,leg1-cruise,3201.6767775479143,3208.8921153453994,直连,,120.53701029175069,122.0
Q23-023,leg1-cruise,3204.3893474607457,3211.515854199016,直连,,105.55692648232639,122.0
Q23-005,leg2-cruise,3204.6246034259375,3212.064348835711,中继,R3-003,123.82609737566973,122.0
Q23-007,leg1-cruise,3204.9184918773753,3212.2819949057453,直连,,102.89520807053164,122.0
Q23-001,leg1-cruise,3206.5675069625595,3213.8075674195607,直连,,121.29898628882435,122.0
Q23-004,leg1-cruise,3208.440666281339,3215.6423227190253,中继,R3-003,123.16728276901887,122.0
Q23-020,leg1-cruise,3208.8921153453994,3216.107453142884,直连,,120.75849936212518,122.0
Q23-023,leg1-cruise,3211.515854199016,3218.642360937286,直连,,106.03306763187071,122.0
Q23-005,leg2-cruise,3212.064348835711,3219.5040942454843,中继,R3-003,123.85070812241521,122.0
Q23-007,leg1-cruise,3212.2819949057453,3219.645497934115,直连,,103.42557721351866,122.0
Q23-001,leg1-cruise,3213.8075674195607,3221.0476278765623,直连,,121.5529199146241,122.0
Q23-004,leg1-cruise,3215.6423227190253,3222.8439791567116,中继,R3-003,123.33082140422133,122.0
Q23-020,leg1-cruise,3216.107453142884,3223.3227909403686,直连,,120.97450923987583,122.0
Q23-023,leg1-cruise,3218.642360937286,3225.768867675556,直连,,106.48476385922534,122.0
Q23-005,leg2-cruise,3219.5040942454843,3226.9438396552578,中继,R3-003,123.87966692300935,122.0
Q23-007,leg1-cruise,3219.645497934115,3227.0090009624855,直连,,113.92606555503897,122.0
Q23-001,leg1-cruise,3221.0476278765623,3228.287688333564,直连,,121.79968114364524,122.0
Q23-004,leg1-cruise,3222.8439791567116,3230.0456355943975,中继,R3-003,123.49136560277705,122.0
Q23-020,leg1-cruise,3223.3227909403686,3230.5381287378536,直连,,121.18530312020523,122.0
Q23-023,leg1-cruise,3225.768867675556,3232.895374413826,直连,,106.91437536638902,122.0
Q23-005,leg2-cruise,3226.9438396552578,3234.3835850650316,中继,R3-003,123.91288640682086,122.0
Q23-007,leg1-cruise,3227.0090009624855,3234.372503990856,直连,,114.39979643900413,122.0
Q23-001,leg1-cruise,3228.287688333564,3235.527748790565,中继,R3-003,122.03966185227155,122.0
Q23-004,leg1-cruise,3230.0456355943975,3237.247292032084,中继,R3-003,123.64902207251055,122.0
Q23-020,leg1-cruise,3230.5381287378536,3237.7534665353387,直连,,121.39112577074707,122.0
Q23-023,leg1-cruise,3232.895374413826,3240.0218811520963,直连,,107.32393986608311,122.0
Q23-007,leg1-cruise,3234.372503990856,3241.736007019226,直连,,114.84943718209439,122.0
Q23-005,leg2-cruise,3234.3835850650316,3241.8233304748055,中继,R3-003,123.95026801829789,122.0
Q23-001,leg1-cruise,3235.527748790565,3242.7678092475667,中继,R3-003,122.27322282122017,122.0
Q23-004,leg1-cruise,3237.247292032084,3244.44894846977,中继,R3-003,123.80389196873301,122.0
Q23-020,leg1-cruise,3237.7534665353387,3244.9688043328233,直连,,121.59220520437344,122.0
Q23-023,leg1-cruise,3240.0218811520963,3247.1483878903664,直连,,107.71522816099728,122.0
Q23-007,leg1-cruise,3241.736007019226,3249.0995100475957,直连,,115.27728195314663,122.0
Q23-005,leg2-cruise,3241.8233304748055,3249.263075884579,中继,R3-003,123.99170295105517,122.0
Q23-001,leg1-cruise,3242.7678092475667,3250.0078697045683,中继,R3-003,122.5006969238552,122.0
Q23-004,leg1-cruise,3244.44894846977,3251.6506049074565,中继,R3-003,123.95607126932683,122.0
Q23-020,leg1-cruise,3244.9688043328233,3252.1841421303084,直连,,121.78875416730523,122.0
Q23-023,leg1-cruise,3247.1483878903664,3254.2748946286365,直连,,108.08978837110828,122.0
Q23-007,leg1-cruise,3249.0995100475957,3256.463013075966,直连,,115.68531705399934,122.0
Q23-005,leg2-cruise,3249.263075884579,3256.7028212943524,中继,R3-003,124.0370731474196,122.0
Q23-001,leg1-cruise,3250.0078697045683,3257.2479301615695,中继,R3-003,122.72239191819405,122.0
Q23-004,leg1-cruise,3251.6506049074565,3258.852261345143,中继,R3-003,124.10565111898133,122.0
Q23-020,leg1-cruise,3252.1841421303084,3259.3994799277934,中继,R3-003,121.98097146634686,122.0
Q23-023,leg1-cruise,3254.2748946286365,3261.4014013669066,直连,,108.44898145157003,122.0
Q23-007,leg1-cruise,3256.463013075966,3263.8265161043364,直连,,116.07527279164911,122.0
Q23-005,leg2-cruise,3256.7028212943524,3264.142566704126,中继,R3-003,124.08625234538052,122.0
Q23-001,leg1-cruise,3257.2479301615695,3264.487990618571,中继,R3-003,122.9385928999592,122.0
Q23-004,leg1-cruise,3258.852261345143,3266.0539177828286,中继,R3-003,124.2527181455779,122.0
Q23-020,leg1-cruise,3259.3994799277934,3266.614817725278,中继,R3-003,122.1690431555893,122.0
Q23-023,leg1-cruise,3261.4014013669066,3268.5279081051767,直连,,108.79400996119367,122.0
Q23-007,leg1-cruise,3263.8265161043364,3271.1900191327063,直连,,116.44866504687488,122.0
Q23-005,leg2-cruise,3264.142566704126,3271.582312113899,中继,R3-003,124.13910715489851,122.0
Q23-001,leg1-cruise,3264.487990618571,3271.7280510755727,中继,R3-003,123.14956446462101,122.0
Q23-004,leg1-cruise,3266.0539177828286,3273.255574220515,中继,R3-003,124.39735475131198,122.0
Q23-020,leg1-cruise,3266.614817725278,3273.830155522763,中继,R3-003,122.35314359997668,122.0
Q23-023,leg1-cruise,3268.5279081051767,3275.654414843447,直连,,109.12594155082891,122.0
Q23-007,leg1-cruise,3271.1900191327063,3278.553522161076,直连,,116.806828857181,122.0
Q23-005,leg2-cruise,3271.582312113899,3279.022057523673,中继,R3-003,124.19549814624042,122.0
Q23-001,leg1-cruise,3271.7280510755727,3278.968111532574,中继,R3-003,123.35555261875118,122.0
Q23-004,leg1-cruise,3273.255574220515,3280.4572306582013,中继,R3-003,124.53963938094654,122.0
Q23-020,leg1-cruise,3273.830155522763,3281.045493320248,中继,R3-003,122.53343643070099,122.0
Q23-023,leg1-cruise,3275.654414843447,3282.7809215817165,直连,,109.44572828424589,122.0
Q23-007,leg1-cruise,3278.553522161076,3285.9170251894466,直连,,117.15094575800845,122.0
Q23-001,leg1-cruise,3278.968111532574,3286.2081719895755,中继,R3-003,123.55678647460854,122.0
Q23-005,leg2-cruise,3279.022057523673,3286.461802933447,中继,R3-003,124.25528093397976,122.0
Q23-004,leg1-cruise,3280.4572306582013,3287.6588870958876,中继,R3-003,124.679646769285,122.0
Q23-020,leg1-cruise,3281.045493320248,3288.260831117733,中继,R3-003,122.7100754053076,122.0
Q23-023,leg1-cruise,3282.7809215817165,3289.907428319986,直连,,109.75422264208498,122.0
Q23-007,leg1-cruise,3285.9170251894466,3293.280528217817,直连,,117.48206620519733,122.0
Q23-001,leg1-descent,3286.2081719895755,3303.0154791184814,中继,R3-003,123.65347814295185,122.0
Q23-005,leg2-cruise,3286.461802933447,3293.9015483432204,中继,R3-003,124.31830724166205,122.0
Q23-004,leg1-descent,3287.6588870958876,3314.5389255442437,中继,R3-003,124.7445845214527,122.0
Q23-020,leg1-cruise,3288.260831117733,3295.4761689152174,中继,R3-003,122.88320518365481,122.0
Q23-023,leg1-cruise,3289.907428319986,3297.0339350582562,直连,,110.05219086508913,122.0
Q23-007,leg1-cruise,3293.280528217817,3300.644031246187,直连,,117.80112809065146,122.0
Q23-005,leg2-cruise,3293.9015483432204,3301.341293752994,中继,R3-003,124.38442593384114,122.0
Q23-020,leg1-cruise,3295.4761689152174,3302.6915067127024,中继,R3-003,123.0529620293768,122.0
Q23-023,leg1-cruise,3297.0339350582562,3304.1604417965264,直连,,110.34032414718452,122.0
Q23-007,leg1-cruise,3300.644031246187,3308.0075342745567,直连,,118.10897213151326,122.0
Q23-005,leg2-cruise,3301.341293752994,3308.7810391627677,中继,R3-003,124.45348400388559,122.0
Q23-020,leg1-cruise,3302.6915067127024,3309.9068445101875,中继,R3-003,123.21947444523887,122.0
Q23-001,leg1-descent,3303.0154791184814,3319.8227862473877,中继,R3-003,123.64955789162984,122.0
Q23-023,leg1-cruise,3304.1604417965264,3311.2869485347965,直连,,110.61924807892407,122.0
Q23-007,leg1-cruise,3308.0075342745567,3315.371037302927,直连,,118.40635473942771,122.0
Q23-005,leg2-cruise,3308.7810391627677,3316.2207845725416,中继,R3-003,124.52532750799631,122.0
Q23-020,leg1-cruise,3309.9068445101875,3317.122182307672,中继,R3-003,123.38286374970767,122.0
Q23-023,leg1-cruise,3311.2869485347965,3318.4134552730666,直连,,110.88953065787427,122.0
Q23-004,leg1-descent,3314.5389255442437,3341.4189639926003,中继,R3-003,124.73710423863018,122.0
Q23-007,leg1-cruise,3315.371037302927,3322.7345403312975,直连,,118.6939588447752,122.0
Q23-005,leg2-cruise,3316.2207845725416,3323.660529982315,中继,R3-003,124.59980243770492,122.0
Q23-020,leg1-cruise,3317.122182307672,3324.3375201051567,中继,R3-003,123.5432446011134,122.0
Q23-023,leg1-cruise,3318.4134552730666,3325.5399620113367,直连,,111.15168911798597,122.0
Q23-001,S010-handoff,3319.8227862473877,3344.060894344172,中继,R3-003,123.64784784212937,122.0
Q23-007,leg1-cruise,3322.7345403312975,3330.0980433596674,直连,,118.97240305066312,122.0
Q23-005,leg2-cruise,3323.660529982315,3331.1002753920884,中继,R3-003,124.67675552512709,122.0
Q23-020,leg1-cruise,3324.3375201051567,3331.552857902642,中继,R3-003,123.7007254750055,122.0
Q23-023,leg1-cruise,3325.5399620113367,3332.666468749607,直连,,111.40619577999452,122.0
Q23-007,leg1-cruise,3330.0980433596674,3337.4615463880373,直连,,119.242249414317,122.0
Q23-005,leg2-cruise,3331.1002753920884,3338.540020801862,中继,R3-003,124.75603497699711,122.0
Q23-020,leg1-descent,3331.552857902642,3350.5455873948295,中继,R3-003,123.77631418571382,122.0
Q23-023,leg1-cruise,3332.666468749607,3339.7929754878764,直连,,111.6534830858873,122.0
Q23-007,leg1-cruise,3337.4615463880373,3344.8250494164076,直连,,119.50401009393143,122.0
Q23-005,leg2-cruise,3338.540020801862,3345.9797662116353,中继,R3-003,124.83749113521125,122.0
Q23-023,leg1-cruise,3339.7929754878764,3346.919482226146,直连,,111.89394794972682,122.0
Q23-004,leg1-descent,3341.4189639926003,3368.2990024409564,中继,R3-003,124.73094748703573,122.0
Q23-001,S010-handoff,3344.060894344172,3368.2990024409564,中继,R3-003,123.64784784212937,122.0
Q23-007,leg1-cruise,3344.8250494164076,3352.188552444778,直连,,119.75815305256917,122.0
Q23-005,leg2-cruise,3345.9797662116353,3353.419511621409,中继,R3-003,124.92097706318322,122.0
Q23-023,leg1-cruise,3346.919482226146,3354.045988964416,直连,,112.12795553292729,122.0
Q23-020,S013-handoff,3350.5455873948295,3368.2990024409564,中继,R3-003,123.77442449618124,122.0
Q23-007,leg1-cruise,3352.188552444778,3359.552055473148,直连,,120.00510697423687,122.0
Q23-005,leg2-cruise,3353.419511621409,3360.859257031183,中继,R3-003,125.00634905855824,122.0
Q23-023,leg1-cruise,3354.045988964416,3361.1724957026863,直连,,112.35584253264524,122.0
Q23-007,leg1-descent,3359.552055473148,3368.2990024409564,直连,,120.1240228445865,122.0
Q23-005,leg2-cruise,3360.859257031183,3368.2990024409564,中继,R3-003,125.09346709408555,122.0
Q23-023,leg1-cruise,3361.1724957026863,3368.2990024409564,直连,,112.57792005652806,122.0
Q23-001,S010-handoff,3368.2990024409564,3395.219633075362,中继,R3-003,123.64784784212937,122.0
Q23-004,leg1-descent,3368.2990024409564,3384.0378421740124,中继,R3-003,124.72701095792917,122.0
Q23-005,leg2-cruise,3368.2990024409564,3374.5643567345587,中继,R3-003,125.17513673009485,122.0
Q23-007,leg1-descent,3368.2990024409564,3380.0711912153356,直连,,120.11975362548294,122.0
Q23-020,S013-handoff,3368.2990024409564,3395.3400999332684,中继,R3-003,123.77442449618124,122.0
Q23-023,leg1-cruise,3368.2990024409564,3375.398204555708,中继,R3-004,112.7940663914562,122.0
Q23-005,leg2-descent,3374.5643567345587,3403.0241528771367,中继,R3-003,125.21095035905333,122.0
Q23-023,leg1-cruise,3375.398204555708,3382.49740667046,中继,R3-004,123.00457814148938,122.0
Q23-007,S006-handoff,3380.0711912153356,3410.0711912153356,直连,,120.11755663365312,122.0
Q23-023,leg1-cruise,3382.49740667046,3389.5966087852116,中继,R3-004,123.21012088150646,122.0
Q23-004,S014-handoff,3384.0378421740124,3414.0378421740124,中继,R3-003,124.72576890840894,122.0
Q23-023,leg1-cruise,3389.5966087852116,3396.6958108999634,中继,R3-004,123.41092323669184,122.0
Q23-001,S010-handoff,3395.219633075362,3422.1402637097667,中继,R3-003,123.64784784212937,122.0
Q23-020,S013-handoff,3395.3400999332684,3422.381197425581,中继,R3-003,123.77442449618124,122.0
Q23-023,leg1-cruise,3396.6958108999634,3403.795013014715,中继,R3-004,123.60719844391332,122.0
Q23-005,leg2-descent,3403.0241528771367,3431.483949019715,中继,R3-003,125.20805685786232,122.0
Q23-023,leg1-cruise,3403.795013014715,3410.894215129467,中继,R3-004,123.79914569940182,122.0
Q23-007,S006-handoff,3410.0711912153356,3440.0711912153356,直连,,120.11755663365312,122.0
Q23-023,leg1-cruise,3410.894215129467,3417.9934172442186,中继,R3-004,123.98695136237461,122.0
Q23-004,S014-handoff,3414.0378421740124,3444.0378421740124,中继,R3-003,124.72576890840894,122.0
Q23-023,leg1-cruise,3417.9934172442186,3425.0926193589703,中继,R3-004,124.17079003265557,122.0
Q23-001,S010-handoff,3422.1402637097667,3449.060894344172,中继,R3-003,123.64784784212937,122.0
Q23-020,S013-handoff,3422.381197425581,3449.422294917893,中继,R3-003,123.77442449618124,122.0
Q23-023,leg1-cruise,3425.0926193589703,3432.191821473722,中继,R3-004,124.35082551776718,122.0
Q23-005,S009-handoff,3431.483949019715,3461.483949019715,中继,R3-003,125.20711279830486,122.0
Q23-023,leg1-cruise,3432.191821473722,3446.3902257032255,中继,R3-004,124.52721170278478,122.0
Q23-007,S006-handoff,3440.0711912153356,3470.0711912153356,直连,,120.11755663365312,122.0
Q23-004,S014-handoff,3444.0378421740124,3474.0378421740124,中继,R3-003,124.72576890840894,122.0
Q23-023,leg1-cruise,3446.3902257032255,3453.4894278179772,中继,R3-004,124.86960672947394,122.0
Q23-001,S010-handoff,3449.060894344172,3475.9815249785775,中继,R3-003,123.64784784212937,122.0
Q23-020,S013-handoff,3449.422294917893,3476.463392410205,中继,R3-003,123.77442449618124,122.0
Q23-023,leg1-cruise,3453.4894278179772,3467.6878320474807,中继,R3-004,125.03588041559885,122.0
Q23-005,S009-handoff,3461.483949019715,3491.483949019715,中继,R3-003,125.20711279830486,122.0
Q23-023,leg1-cruise,3467.6878320474807,3474.7870341622324,中继,R3-004,125.35918726249515,122.0
Q23-007,S006-handoff,3470.0711912153356,3500.0711912153356,直连,,120.11755663365312,122.0
Q23-004,S014-handoff,3474.0378421740124,3504.0378421740124,中继,R3-003,124.72576890840894,122.0
Q23-023,leg1-cruise,3474.7870341622324,3481.886236276984,中继,R3-004,125.51644350629851,122.0
Q23-001,S010-handoff,3475.9815249785775,3502.9021556129824,中继,R3-003,123.64784784212937,122.0
Q23-020,S013-handoff,3476.463392410205,3503.5044899025174,中继,R3-003,123.77442449618124,122.0
Q23-023,leg1-cruise,3481.886236276984,3496.0846405064876,中继,R3-004,125.67090712637007,122.0
Q23-005,S009-handoff,3491.483949019715,3521.483949019715,中继,R3-003,125.20711279830486,122.0
Q23-023,leg1-cruise,3496.0846405064876,3503.183842621239,中继,R3-004,125.97184078963205,122.0
Q23-007,S006-handoff,3500.0711912153356,3530.0711912153356,直连,,120.11755663365312,122.0
Q23-001,S010-handoff,3502.9021556129824,3529.8227862473877,中继,R3-003,123.64784784212937,122.0
Q23-023,leg1-cruise,3503.183842621239,3510.2830447359906,中继,R3-004,126.11849083105264,122.0
Q23-020,S013-handoff,3503.5044899025174,3530.5455873948295,中继,R3-003,123.77442449618124,122.0
Q23-004,S014-handoff,3504.0378421740124,3534.0378421740124,中继,R3-003,124.72576890840894,122.0
Q23-023,leg1-cruise,3510.2830447359906,3524.481448965494,中继,R3-004,126.26270888848114,122.0
Q23-005,S009-handoff,3521.483949019715,3551.483949019715,中继,R3-003,125.20711279830486,122.0
Q23-023,leg1-cruise,3524.481448965494,3531.580651080246,中继,R3-004,126.54416225128062,122.0
Q23-001,leg2-climb,3529.8227862473877,3550.4854049268583,中继,R3-003,123.65042909273504,122.0
Q23-007,S006-handoff,3530.0711912153356,3560.0711912153356,直连,,120.11755663365312,122.0
Q23-020,leg2-climb,3530.5455873948295,3555.940649650689,中继,R3-003,123.77755686772966,122.0
Q23-023,leg1-cruise,3531.580651080246,3538.6798531949976,中继,R3-004,126.68154487783134,122.0
Q23-004,S014-handoff,3534.0378421740124,3564.0378421740124,中继,R3-003,124.72576890840894,122.0
Q23-023,leg1-cruise,3538.6798531949976,3552.878257424501,中继,R3-004,126.81679062373931,122.0
Q23-001,leg2-climb,3550.4854049268583,3571.1480236063285,中继,R3-003,123.65667918540844,122.0
Q23-005,S009-handoff,3551.483949019715,3581.483949019715,中继,R3-003,125.20711279830486,122.0
Q23-023,leg1-cruise,3552.878257424501,3559.977459539253,中继,R3-004,127.08113007352968,122.0
Q23-020,leg2-climb,3555.940649650689,3581.335711906548,中继,R3-003,123.78541652789599,122.0
Q23-023,leg1-cruise,3559.977459539253,3567.0766616540045,中继,R3-004,127.21034586966346,122.0
Q23-007,S006-handoff,3560.0711912153356,3590.0711912153356,直连,,120.11755663365312,122.0
Q23-004,S014-handoff,3564.0378421740124,3594.0378421740124,中继,R3-003,124.72576890840894,122.0
Q23-023,leg1-cruise,3567.0766616540045,3574.1758637687562,中继,R3-004,127.33766930691898,122.0
Q23-001,leg2-climb,3571.1480236063285,3591.810642285799,中继,R3-003,123.66437403145699,122.0
Q23-023,leg1-cruise,3574.1758637687562,3588.3742679982597,中继,R3-004,127.46315496132705,122.0
Q23-020,leg2-cruise,3581.335711906548,3588.540679160782,中继,R3-003,123.77558594800244,122.0
Q23-005,S009-handoff,3581.483949019715,3611.483949019715,中继,R3-003,125.20711279830486,122.0
Q23-023,leg1-cruise,3588.3742679982597,3595.4734701130114,中继,R3-004,127.70881972924961,122.0
Q23-020,leg2-cruise,3588.540679160782,3595.745646415016,中继,R3-003,123.74840981235602,122.0
Q23-007,leg2-climb,3590.0711912153356,3607.170471000492,直连,,120.12150523207133,122.0
Q23-001,leg2-cruise,3591.810642285799,3599.137187235841,中继,R3-003,123.68907491989944,122.0
Q23-004,leg2-climb,3594.0378421740124,3620.8097741401584,中继,R3-003,124.72842559469186,122.0
Q23-023,leg1-cruise,3595.4734701130114,3602.572672227763,中继,R3-004,127.82909687978909,122.0
Q23-020,leg2-cruise,3595.745646415016,3602.95061366925,中继,R3-003,123.72385316638699,122.0
Q23-001,leg2-cruise,3599.137187235841,3606.4637321858827,中继,R3-003,123.73279512074319,122.0
Q23-023,leg1-cruise,3602.572672227763,3609.671874342515,中继,R3-004,127.94773255562049,122.0
Q23-020,leg2-cruise,3602.95061366925,3610.1555809234837,中继,R3-003,123.70196160677918,122.0
Q23-001,leg2-cruise,3606.4637321858827,3613.790277135925,中继,R3-003,123.78053094402892,122.0
Q23-007,leg2-cruise,3607.170471000492,3614.533974028862,直连,,120.00510697423687,122.0
Q23-023,leg1-cruise,3609.671874342515,3616.7710764572666,中继,R3-004,128.06477092140585,122.0
Q23-020,leg2-cruise,3610.1555809234837,3617.3605481777176,中继,R3-003,123.68277629447392,122.0
Q23-005,leg3-climb,3611.483949019715,3632.5602531375534,中继,R3-003,125.20793517560105,122.0
Q23-001,leg2-cruise,3613.790277135925,3621.1168220859668,中继,R3-003,123.83214654219732,122.0
Q23-007,leg2-cruise,3614.533974028862,3621.897477057232,直连,,119.75815305256917,122.0
Q23-023,leg1-cruise,3616.7710764572666,3623.8702785720184,中继,R3-004,128.18025438443573,122.0
Q23-020,leg2-cruise,3617.3605481777176,3624.5655154319516,中继,R3-003,123.66633370401783,122.0
Q23-004,leg2-climb,3620.8097741401584,3647.581706106304,中继,R3-003,124.73516448869171,122.0
Q23-001,leg2-cruise,3621.1168220859668,3628.4433670360086,中继,R3-003,123.88749893900055,122.0
Q23-007,leg2-cruise,3621.897477057232,3629.2609800856026,直连,,119.50401009393143,122.0
Q23-023,leg1-descent,3623.8702785720184,3649.372611640866,中继,R3-004,128.23671069470163,122.0
Q23-020,leg2-cruise,3624.5655154319516,3631.7704826861855,中继,R3-003,123.65266539749251,122.0
Q23-001,leg2-cruise,3628.4433670360086,3635.769911986051,中继,R3-003,123.94643921115164,122.0
Q23-007,leg2-cruise,3629.2609800856026,3636.6244831139725,直连,,119.242249414317,122.0
Q23-020,leg2-cruise,3631.7704826861855,3638.9754499404194,中继,R3-003,123.64179782585686,122.0
Q23-005,leg3-cruise,3632.5602531375534,3639.897022872444,中继,R3-003,125.12515730649457,122.0
Q23-001,leg2-cruise,3635.769911986051,3643.0964569360926,中继,R3-003,124.00881365782305,122.0
Q23-007,leg2-cruise,3636.6244831139725,3643.9879861423424,直连,,118.97240305066312,122.0
Q23-020,leg2-cruise,3638.9754499404194,3646.1804171946533,中继,R3-003,123.6337521603221,122.0
Q23-005,leg3-cruise,3639.897022872444,3647.2337926073346,中继,R3-003,124.95495976256679,122.0
Q23-001,leg2-cruise,3643.0964569360926,3650.4230018861344,中继,R3-003,124.07446494197337,122.0
Q23-007,leg2-cruise,3643.9879861423424,3651.3514891707127,直连,,118.6939588447752,122.0
Q23-020,leg2-cruise,3646.1804171946533,3653.385384448887,中继,R3-003,123.62854415595282,122.0
Q23-005,leg3-cruise,3647.2337926073346,3654.5705623422255,中继,R3-003,124.78136265564328,122.0
Q23-004,leg2-climb,3647.581706106304,3674.35363807245,中继,R3-003,124.74379644824026,122.0
Q23-023,leg1-descent,3649.372611640866,3674.874944709714,中继,R3-004,128.23553770537117,122.0
Q23-001,leg2-cruise,3650.4230018861344,3657.7495468361767,中继,R3-003,124.14323318943205,122.0
Q23-007,leg2-cruise,3651.3514891707127,3658.714992199083,直连,,118.40635473942771,122.0
Q23-020,leg2-cruise,3653.385384448887,3660.590351703121,中继,R3-003,123.62618404937398,122.0
Q23-005,leg3-cruise,3654.5705623422255,3661.907332077116,中继,R3-003,124.60422751112489,122.0
Q23-001,leg2-cruise,3657.7495468361767,3665.0760917862185,中继,R3-003,124.21495703383046,122.0
Q23-007,leg2-cruise,3658.714992199083,3666.078495227453,直连,,118.10897213151326,122.0
Q23-020,leg2-cruise,3660.590351703121,3667.795318957355,中继,R3-003,123.6266764919113,122.0
Q23-005,leg3-cruise,3661.907332077116,3669.244101812006,中继,R3-003,124.42340722405605,122.0
Q23-001,leg2-cruise,3665.0760917862185,3672.4026367362603,中继,R3-003,124.289474597616,122.0
Q23-007,leg2-cruise,3666.078495227453,3673.441998255823,直连,,117.80112809065146,122.0
Q23-020,leg2-cruise,3667.795318957355,3675.000286211589,中继,R3-003,123.63002051912443,122.0
Q23-005,leg3-cruise,3669.244101812006,3676.580871546897,中继,R3-003,124.23874532729415,122.0
Q23-001,leg2-cruise,3672.4026367362603,3679.7291816863026,中继,R3-003,124.36662440168384,122.0
Q23-007,leg2-cruise,3673.441998255823,3680.8055012841933,直连,,117.48206620519733,122.0
Q23-004,leg2-cruise,3674.35363807245,3681.3991030390766,中继,R3-003,124.68115281188018,122.0
Q23-023,S008-handoff,3674.874944709714,3703.674944709714,中继,R3-004,128.23507991277862,122.0
Q23-020,leg2-cruise,3675.000286211589,3682.205253465823,中继,R3-003,123.63620955712133,122.0
Q23-005,leg3-cruise,3676.580871546897,3683.917641281788,中继,R3-003,124.05007518048758,122.0
Q23-001,leg2-cruise,3679.7291816863026,3687.0557266363444,中继,R3-003,124.44624619819906,122.0
Q23-007,leg2-cruise,3680.8055012841933,3688.1690043125636,直连,,117.15094575800845,122.0
Q23-004,leg2-cruise,3681.3991030390766,3688.4445680057033,中继,R3-003,124.54422960009123,122.0
Q23-020,leg2-cruise,3682.205253465823,3689.4102207200567,中继,R3-003,123.64523146560366,122.0
Q23-005,leg3-cruise,3683.917641281788,3691.254411016678,中继,R3-003,123.8572190693607,122.0
Q23-001,leg2-cruise,3687.0557266363444,3694.382271586386,中继,R3-003,124.52818172323839,122.0
Q23-007,leg2-cruise,3688.1690043125636,3695.5325073409335,直连,,116.806828857181,122.0
Q23-004,leg2-cruise,3688.4445680057033,3695.4900329723305,中继,R3-003,124.40512913645226,122.0
Q23-020,leg2-cruise,3689.4102207200567,3696.6151879742906,中继,R3-003,123.65706861700514,122.0
Q23-005,leg3-cruise,3691.254411016678,3698.5911807515686,中继,R3-003,123.6599872031609,122.0
Q23-001,leg2-cruise,3694.382271586386,3701.7088165364285,中继,R3-003,124.6122753676859,122.0
Q23-004,leg2-cruise,3695.4900329723305,3702.535497938957,中继,R3-003,124.26378159092494,122.0
Q23-007,leg2-cruise,3695.5325073409335,3702.8960103693034,直连,,116.44866504687488,122.0
Q23-020,leg2-descent,3696.6151879742906,3716.944571112311,中继,R3-003,123.66073095860136,122.0
Q23-005,leg3-cruise,3698.5911807515686,3705.9279504864594,中继,R3-003,123.45817659611659,122.0
Q23-001,leg2-cruise,3701.7088165364285,3709.0353614864703,中继,R3-003,124.69837476644354,122.0
Q23-004,leg2-cruise,3702.535497938957,3709.580962905584,中继,R3-003,124.12011374694964,122.0
Q23-007,leg2-cruise,3702.8960103693034,3710.259513397674,直连,,116.07527279164911,122.0
Q23-023,S008-handoff,3703.674944709714,3732.474944709714,中继,R3-004,128.23507991277862,122.0
Q23-005,leg3-cruise,3705.9279504864594,3713.26472022135,中继,R3-003,123.25156981645256,122.0
Q23-001,leg2-descent,3709.0353614864703,3733.910503901835,中继,R3-003,124.73869357150858,122.0
Q23-004,leg2-cruise,3709.580962905584,3716.626427872211,中继,R3-003,123.97404878082516,122.0
Q23-007,leg2-cruise,3710.259513397674,3717.623016426044,直连,,115.68531705399934,122.0
Q23-005,leg3-cruise,3713.26472022135,3720.6014899562406,中继,R3-003,123.03993358372138,122.0
Q23-004,leg2-cruise,3716.626427872211,3723.6718928388377,中继,R3-003,123.82550602303172,122.0
Q23-020,leg2-descent,3716.944571112311,3737.2739542503323,中继,R3-003,123.65484794400734,122.0
Q23-007,leg2-cruise,3717.623016426044,3724.986519454414,直连,,115.27728195314663,122.0
Q23-005,leg3-cruise,3720.6014899562406,3727.938259691131,中继,R3-003,122.82301719182645,122.0
Q23-004,leg2-cruise,3723.6718928388377,3730.7173578054644,中继,R3-003,123.67440069965951,122.0
Q23-007,leg2-cruise,3724.986519454414,3732.350022482784,直连,,114.84943718209439,122.0
Q23-005,leg3-cruise,3727.938259691131,3735.2750294260213,中继,R3-003,122.60055073113092,122.0
Q23-004,leg2-cruise,3730.7173578054644,3737.762822772091,中继,R3-003,123.52064365198429,122.0
Q23-007,leg2-cruise,3732.350022482784,3739.7135255111543,直连,,114.39979643900413,122.0
Q23-023,S008-handoff,3732.474944709714,3761.274944709714,中继,R3-004,128.23507991277862,122.0
Q23-001,leg2-descent,3733.910503901835,3758.7856463171993,中继,R3-003,124.732670494878,122.0
Q23-005,leg3-cruise,3735.2750294260213,3742.6117991609117,中继,R3-003,122.37224307817408,122.0
Q23-020,leg2-descent,3737.2739542503323,3757.603337388353,中继,R3-003,123.64993738819173,122.0
Q23-004,leg2-cruise,3737.762822772091,3744.808287738718,中继,R3-003,123.36414103194717,122.0
Q23-007,leg2-cruise,3739.7135255111543,3747.0770285395247,直连,,113.92606555503897,122.0
Q23-005,leg3-cruise,3742.6117991609117,3749.9485688958025,中继,R3-003,122.1377796155917,122.0
Q23-004,leg2-cruise,3744.808287738718,3751.853752705345,中继,R3-003,123.20479397104525,122.0
Q23-007,leg2-cruise,3747.0770285395247,3754.4405315678946,直连,,103.42557721351866,122.0
Q23-005,leg3-cruise,3749.9485688958025,3757.2853386306933,中继,R3-003,121.89681963766787,122.0
Q23-004,leg2-cruise,3751.853752705345,3758.8992176719717,中继,R3-003,123.04249821983564,122.0
Q23-007,leg2-cruise,3754.4405315678946,3761.8040345962645,直连,,102.89520807053164,122.0
Q23-005,leg3-cruise,3757.2853386306933,3764.6221083655837,直连,,121.64899338811233,122.0
Q23-020,S010-handoff,3757.603337388353,3787.603337388353,中继,R3-003,123.64784784212937,122.0
Q23-001,leg2-descent,3758.7856463171993,3783.660788732564,中继,R3-003,124.72778437330088,122.0
Q23-004,leg2-cruise,3758.8992176719717,3765.9446826385984,中继,R3-003,122.87714375491545,122.0
Q23-023,S008-handoff,3761.274944709714,3790.0749447097137,中继,R3-004,128.23507991277862,122.0
Q23-007,leg2-cruise,3761.8040345962645,3769.167537624635,直连,,102.3312725916434,122.0
Q23-005,leg3-cruise,3764.6221083655837,3771.958878100474,直连,,121.39389866575458,122.0
Q23-004,leg2-cruise,3765.9446826385984,3772.9901476052255,中继,R3-003,122.70861434982747,122.0
Q23-007,leg2-cruise,3769.167537624635,3776.531040653005,直连,,101.72938586964953,122.0
Q23-005,leg3-cruise,3771.958878100474,3779.295647835365,直连,,121.13109692038437,122.0
Q23-004,leg2-cruise,3772.9901476052255,3780.035612571852,中继,R3-003,122.53678710595267,122.0
Q23-007,leg2-cruise,3776.531040653005,3783.894543681375,直连,,101.08428493191776,122.0
Q23-005,leg3-cruise,3779.295647835365,3786.6324175702557,直连,,120.86010874417137,122.0
Q23-004,leg2-cruise,3780.035612571852,3787.081077538479,中继,R3-003,122.3615319388409,122.0
Q23-001,S014-handoff,3783.660788732564,3813.660788732564,中继,R3-003,124.72576890840894,122.0
Q23-007,leg2-cruise,3783.894543681375,3791.258046709745,直连,,100.38959451024138,122.0
Q23-005,leg3-cruise,3786.6324175702557,3793.969187305146,直连,,120.58040864297527,122.0
Q23-004,leg2-cruise,3787.081077538479,3794.126542505106,中继,R3-003,122.18271101494177,122.0
Q23-020,S010-handoff,3787.603337388353,3817.603337388353,中继,R3-003,123.64784784212937,122.0
Q23-023,S008-handoff,3790.0749447097137,3818.874944709714,中继,R3-004,128.23507991277862,122.0
Q23-007,leg2-cruise,3791.258046709745,3798.6215497381154,直连,,99.63751923247787,122.0
Q23-005,leg3-cruise,3793.969187305146,3801.3059570400364,直连,,120.29141894526089,122.0
Q23-004,leg2-cruise,3794.126542505106,3801.1720074717327,中继,R3-003,122.00017813296378,122.0
Q23-007,leg2-cruise,3798.6215497381154,3805.9850527664858,直连,,98.81844127321483,122.0
Q23-004,leg2-cruise,3801.1720074717327,3808.2174724383594,直连,,121.8137780433359,122.0
Q23-005,leg3-cruise,3801.3059570400364,3808.6427267749273,直连,,119.99250267250639,122.0
Q23-007,leg2-cruise,3805.9850527664858,3813.3485557948557,直连,,97.92040618808271,122.0
Q23-004,leg2-cruise,3808.2174724383594,3815.2629374049866,直连,,121.62334569834819,122.0
Q23-005,leg3-cruise,3808.6427267749273,3815.979496509818,直连,,119.68295515158682,122.0
Q23-007,leg2-cruise,3813.3485557948557,3820.7120588232256,直连,,96.92850753291376,122.0
Q23-001,S014-handoff,3813.660788732564,3843.660788732564,中继,R3-003,124.72576890840894,122.0
Q23-004,leg2-cruise,3815.2629374049866,3822.3084023716133,直连,,121.4287054245198,122.0
Q23-005,leg3-cruise,3815.979496509818,3823.3162662447085,直连,,119.36199409371652,122.0
Q23-020,S010-handoff,3817.603337388353,3847.603337388353,中继,R3-003,123.64784784212937,122.0
Q23-023,S008-handoff,3818.874944709714,3847.674944709714,中继,R3-004,128.23507991277862,122.0
Q23-007,leg2-cruise,3820.7120588232256,3828.075561851596,直连,,95.82428779662386,122.0
Q23-004,leg2-cruise,3822.3084023716133,3829.35386733824,直连,,121.22967000752922,122.0
Q23-005,leg3-cruise,3823.3162662447085,3830.653035979599,直连,,119.0287477917193,122.0
Q23-007,leg2-cruise,3828.075561851596,3835.4390648799663,直连,,94.58563222803473,122.0
Q23-004,leg2-cruise,3829.35386733824,3836.399332304867,直连,,121.0260396787298,122.0
Q23-005,leg3-cruise,3830.653035979599,3837.9898057144896,直连,,118.68224099171678,122.0
Q23-007,leg2-cruise,3835.4390648799663,3842.802567908336,直连,,93.18879995114173,122.0
Q23-004,leg2-cruise,3836.399332304867,3843.444797271494,直连,,120.81760099055668,122.0
Q23-005,leg3-cruise,3837.9898057144896,3845.3265754493805,直连,,118.32137786866679,122.0
Q23-007,leg2-cruise,3842.802567908336,3850.166070936706,直连,,91.61799772355323,122.0
Q23-004,leg2-cruise,3843.444797271494,3850.4902622381205,直连,,120.60412556639085,122.0
Q23-001,S014-handoff,3843.660788732564,3873.660788732564,中继,R3-003,124.72576890840894,122.0
Q23-005,leg3-cruise,3845.3265754493805,3852.663345184271,直连,,117.94492136541238,122.0
Q23-020,S010-handoff,3847.603337388353,3877.603337388353,中继,R3-003,123.64784784212937,122.0
Q23-023,S008-handoff,3847.674944709714,3876.474944709714,中继,R3-004,128.23507991277862,122.0
Q23-007,leg2-cruise,3850.166070936706,3857.5295739650765,直连,,89.89933631075714,122.0
Q23-004,leg2-cruise,3850.4902622381205,3857.5357272047477,直连,,120.38536870821525,122.0
Q23-005,leg3-cruise,3852.663345184271,3860.000114919161,直连,,117.5514679253211,122.0
Q23-007,leg2-cruise,3857.5295739650765,3864.893076993447,直连,,88.20104013014753,122.0
Q23-004,leg2-cruise,3857.5357272047477,3864.5811921713744,直连,,110.16106784290864,122.0
Q23-005,leg3-cruise,3860.000114919161,3867.336884654052,直连,,117.1394163339603,122.0
Q23-004,leg2-cruise,3864.5811921713744,3871.626657138001,直连,,109.93094078509611,122.0
Q23-007,leg2-cruise,3864.893076993447,3872.2565800218167,直连,,87.01337951090622,122.0
Q23-005,leg3-cruise,3867.336884654052,3874.673654388943,直连,,116.70692894928642,122.0
Q23-004,leg2-cruise,3871.626657138001,3878.6721221046278,直连,,109.69468379107474,122.0
Q23-007,leg2-descent,3872.2565800218167,3896.096363957364,直连,,85.56497153273415,122.0
Q23-001,S014-handoff,3873.660788732564,3903.660788732564,中继,R3-003,124.72576890840894,122.0
Q23-005,leg3-cruise,3874.673654388943,3882.010424123833,直连,,116.25188298691315,122.0
Q23-023,S008-handoff,3876.474944709714,3905.274944709714,中继,R3-004,128.23507991277862,122.0
Q23-020,S010-handoff,3877.603337388353,3907.603337388353,中继,R3-003,123.64784784212937,122.0
Q23-004,leg2-cruise,3878.6721221046278,3885.7175870712545,直连,,109.45196937434196,122.0
Q23-005,leg3-cruise,3882.010424123833,3889.3471938587236,直连,,105.77180865298145,122.0
Q23-004,leg2-cruise,3885.7175870712545,3892.7630520378816,直连,,109.20244384874292,122.0
Q23-005,leg3-cruise,3889.3471938587236,3896.6839635936144,直连,,105.26380965089304,122.0
Q23-004,leg2-cruise,3892.7630520378816,3899.8085170045083,直连,,108.94572455977465,122.0
Q23-007,leg2-descent,3896.096363957364,3919.9361478929104,直连,,82.26592811377243,122.0
Q23-005,leg3-cruise,3896.6839635936144,3904.0207333285052,直连,,104.72445972174437,122.0
Q23-004,leg2-cruise,3899.8085170045083,3906.853981971135,直连,,108.68139675857107,122.0
Q23-001,S014-handoff,3903.660788732564,3933.660788732564,中继,R3-003,124.72576890840894,122.0
Q23-005,leg3-cruise,3904.0207333285052,3911.3575030633956,直连,,104.14966607528419,122.0
Q23-023,S008-handoff,3905.274944709714,3934.0749447097137,中继,R3-004,128.23507991277862,122.0
Q23-004,leg2-cruise,3906.853981971135,3913.899446937762,直连,,108.4090100659485,122.0
Q23-020,S010-handoff,3907.603337388353,3937.603337388353,中继,R3-003,123.64784784212937,122.0
Q23-005,leg3-cruise,3911.3575030633956,3918.694272798286,直连,,103.53448627245695,122.0
Q23-004,leg2-cruise,3913.899446937762,3920.944911904389,直连,,108.1280744658878,122.0
Q23-005,leg3-cruise,3918.694272798286,3926.0310425331763,直连,,102.8728783896252,122.0
Q23-007,leg2-descent,3919.9361478929104,3943.775931828457,直连,,76.88131283538888,122.0
Q23-004,leg2-cruise,3920.944911904389,3927.9903768710155,直连,,107.83805575883156,122.0
Q23-019,leg1-climb,3924.4809999999998,3950.97578515625,直连,,62.411896141594276,122.0
Q23-005,leg3-cruise,3926.0310425331763,3933.3678122680667,直连,,102.15735349183998,122.0
Q23-004,leg2-cruise,3927.9903768710155,3935.0358418376422,直连,,107.53837039530987,122.0
Q23-005,leg3-cruise,3933.3678122680667,3940.7045820029575,直连,,101.37848165292412,122.0
Q23-001,S014-handoff,3933.660788732564,3963.660788732564,中继,R3-003,124.72576890840894,122.0
Q23-023,S008-handoff,3934.0749447097137,3962.874944709714,中继,R3-004,128.23507991277862,122.0
Q23-004,leg2-cruise,3935.0358418376422,3942.081306804269,直连,,107.22837959992853,122.0
Q23-020,leg3-climb,3937.603337388353,3965.61551593653,中继,R3-003,123.65143473071883,122.0
Q23-005,leg3-cruise,3940.7045820029575,3948.0413517378483,直连,,100.5241726566972,122.0
Q23-004,leg2-cruise,3942.081306804269,3949.126771770896,直连,,106.90738268544895,122.0
Q23-007,leg2-descent,3943.775931828457,3967.615715764004,直连,,59.87850696825326,122.0
Q23-005,leg3-cruise,3948.0413517378483,3955.3781214727387,直连,,99.57860015443477,122.0
Q23-004,leg2-cruise,3949.126771770896,3956.172236737523,直连,,106.57460944731608,122.0
Q23-019,leg1-climb,3950.97578515625,3977.4705703124996,直连,,78.04575938899086,122.0
Q23-005,leg3-cruise,3955.3781214727387,3962.714891207629,直连,,98.52054470470594,122.0
Q23-004,leg2-cruise,3956.172236737523,3963.2177017041495,直连,,106.22921152333355,122.0
Q23-005,leg3-cruise,3962.714891207629,3970.05166094252,直连,,97.32076237296684,122.0
Q23-023,leg2-climb,3962.874944709714,3983.276811164792,中继,R3-004,128.23553770537117,122.0
Q23-004,leg2-cruise,3963.2177017041495,3970.2631666707766,直连,,105.87025260433298,122.0
Q23-001,leg3-climb,3963.660788732564,3990.43272069871,中继,R3-003,124.72842559469186,122.0
Q23-020,leg3-cruise,3965.61551593653,3972.244247028132,中继,R3-003,123.58335765173901,122.0
Q23-005,leg3-cruise,3970.05166094252,3977.3884306774107,直连,,95.93768726550319,122.0
Q23-004,leg2-cruise,3970.2631666707766,3977.3086316374033,直连,,105.49669739652353,122.0
Q23-020,leg3-cruise,3972.244247028132,3978.872978119734,中继,R3-003,123.43687150626408,122.0
Q23-004,leg2-cruise,3977.3086316374033,3984.35409660403,直连,,105.10739927556388,122.0
Q23-005,leg3-cruise,3977.3884306774107,3984.725200412301,直连,,94.3103306621032,122.0
Q23-019,leg1-climb,3977.4705703124996,4003.9653554687497,直连,,83.31699936871911,122.0
Q23-020,leg3-cruise,3978.872978119734,3985.5017092113358,中继,R3-003,123.28788203021446,122.0
Q23-023,leg2-climb,3983.276811164792,4003.67867761987,中继,R3-004,128.23671069470163,122.0
Q23-004,leg2-cruise,3984.35409660403,3991.399561570657,直连,,104.70108665503702,122.0
Q23-005,leg3-cruise,3984.725200412301,3992.0619701471915,直连,,92.34722699555977,122.0
Q23-020,leg3-cruise,3985.5017092113358,3992.130440302938,中继,R3-003,123.13630253153312,122.0
Q23-001,leg3-climb,3990.43272069871,4017.2046526648555,中继,R3-003,124.73516448869171,122.0
Q23-004,leg2-cruise,3991.399561570657,3998.445026537284,直连,,104.27634824969981,122.0
Q23-005,leg3-cruise,3992.0619701471915,3999.3987398820823,直连,,89.91651661892209,122.0
Q23-020,leg3-cruise,3992.130440302938,3998.75917139454,中继,R3-003,122.98204175509218,122.0
Q23-004,leg2-cruise,3998.445026537284,4005.4904915039106,直连,,103.83161770114988,122.0
Q23-020,leg3-cruise,3998.75917139454,4005.3879024861417,中继,R3-003,122.82500355821853,122.0
Q23-005,leg3-cruise,3999.3987398820823,4006.735509616973,直连,,86.9054393857191,122.0
Q23-023,leg2-cruise,4003.67867761987,4011.0557430639456,中继,R3-004,128.17800902489546,122.0
Q23-019,leg1-cruise,4003.9653554687497,4011.3280870203816,直连,,85.49327779048683,122.0
Q23-020,leg3-cruise,4005.3879024861417,4012.016633577744,中继,R3-003,122.66508655701497,122.0
Q23-004,leg2-cruise,4005.4904915039106,4012.5359564705377,直连,,103.36515854274396,122.0
Q23-005,leg3-cruise,4006.735509616973,4014.0722793518635,直连,,83.89357722932039,122.0
Q23-023,leg2-cruise,4011.0557430639456,4018.4328085080215,中继,R3-004,128.05794295509105,122.0
Q23-019,leg1-cruise,4011.3280870203816,4018.690818572013,直连,,87.79072358669778,122.0
Q23-020,leg3-cruise,4012.016633577744,4018.645364669346,中继,R3-003,122.50218374023925,122.0
Q23-004,leg2-cruise,4012.5359564705377,4019.5814214371644,直连,,102.87505137266307,122.0
Q23-005,leg3-descent,4014.0722793518635,4036.142800998999,直连,,81.48750329606146,122.0
Q23-001,leg3-climb,4017.2046526648555,4043.9765846310015,中继,R3-003,124.74379644824026,122.0
Q23-023,leg2-cruise,4018.4328085080215,4025.8098739520974,中继,R3-004,127.93619523265775,122.0
Q23-020,leg3-cruise,4018.645364669346,4025.2740957609476,中继,R3-003,122.3361820471805,122.0
Q23-019,leg1-cruise,4018.690818572013,4026.053550123645,直连,,90.39530105097116,122.0
Q23-004,leg2-cruise,4019.5814214371644,4026.626886403791,直连,,102.35918665539033,122.0
Q23-020,leg3-cruise,4025.2740957609476,4031.90282685255,中继,R3-003,122.16696190541018,122.0
Q23-023,leg2-cruise,4025.8098739520974,4033.1869393961733,中继,R3-004,127.8127181218076,122.0
Q23-019,leg1-cruise,4026.053550123645,4033.416281675277,直连,,92.63948438170561,122.0
Q23-004,leg2-cruise,4026.626886403791,4033.6723513704183,直连,,101.81526926615823,122.0
Q23-020,leg3-cruise,4031.90282685255,4038.531557944152,中继,R3-003,121.99439672378196,122.0
Q23-023,leg2-cruise,4033.1869393961733,4040.5640048402493,中继,R3-004,127.6874618266854,122.0
Q23-019,leg1-cruise,4033.416281675277,4040.779013226909,直连,,94.50919652175506,122.0
Q23-004,leg2-cruise,4033.6723513704183,4040.717816337045,直连,,101.24084557411318,122.0
Q23-005,leg3-descent,4036.142800998999,4058.213322646134,直连,,76.00850023879948,122.0
Q23-020,leg3-cruise,4038.531557944152,4045.160289035754,直连,,121.8183523354321,122.0
Q23-023,leg2-cruise,4040.5640048402493,4047.941070284325,中继,R3-004,127.56037437120631,122.0
Q23-004,leg2-cruise,4040.717816337045,4047.7632813036716,直连,,100.63337200200523,122.0
Q23-019,leg1-cruise,4040.779013226909,4048.1417447785407,直连,,96.08462245765325,122.0
Q23-001,leg3-cruise,4043.9765846310015,4050.6792972479006,中继,R3-003,124.66829201755878,122.0
Q23-020,leg3-cruise,4045.160289035754,4051.789020127356,直连,,121.63868638473396,122.0
Q23-004,leg2-cruise,4047.7632813036716,4054.808746270299,直连,,99.99035815182249,122.0
Q23-023,leg2-cruise,4047.941070284325,4055.318135728401,中继,R3-004,127.43140147001328,122.0
Q23-019,leg1-cruise,4048.1417447785407,4055.5044763301726,直连,,97.43624145825899,122.0
Q23-001,leg3-cruise,4050.6792972479006,4057.3820098647993,中继,R3-003,124.50497938374117,122.0
Q23-020,leg3-cruise,4051.789020127356,4058.417751218958,直连,,121.45524765141845,122.0
Q23-004,leg2-cruise,4054.808746270299,4061.8542112369255,直连,,99.30964204079234,122.0
Q23-023,leg2-cruise,4055.318135728401,4062.6952011724766,中继,R3-004,127.30048638974661,122.0
Q23-019,leg1-cruise,4055.5044763301726,4062.8672078818045,直连,,98.61565714591872,122.0
Q23-001,leg3-cruise,4057.3820098647993,4064.0847224816985,中继,R3-003,124.33856003103233,122.0
Q23-005,leg3-descent,4058.213322646134,4080.28384429327,直连,,57.65694533678343,122.0
Q23-020,leg3-cruise,4058.417751218958,4065.0464823105604,直连,,121.2678753039711,122.0
Q23-004,leg2-cruise,4061.8542112369255,4068.899676203552,直连,,98.58989654822166,122.0
Q23-023,leg2-cruise,4062.6952011724766,4070.072266616552,中继,R3-004,127.16756979975585,122.0
Q23-019,leg1-cruise,4062.8672078818045,4070.2299394334364,直连,,99.659819768281,122.0
Q23-001,leg3-cruise,4064.0847224816985,4070.7874350985976,中继,R3-003,124.16891439368099,122.0
Q23-020,leg3-cruise,4065.0464823105604,4071.675213402162,直连,,121.07639807335336,122.0
Q23-004,leg2-cruise,4068.899676203552,4075.945141170179,直连,,97.83153405377985,122.0
Q23-023,leg2-cruise,4070.072266616552,4077.449332060628,中继,R3-004,127.03258961125987,122.0
Q23-019,leg1-cruise,4070.2299394334364,4077.5926709850683,直连,,100.59551344807687,122.0
Q23-001,leg3-cruise,4070.7874350985976,4077.4901477154967,中继,R3-003,123.99591592654448,122.0
Q23-020,leg3-cruise,4071.675213402162,4078.303944493764,直连,,120.88063333664442,122.0
Q23-004,leg2-cruise,4075.945141170179,4082.9906061368056,直连,,97.03827746287936,122.0
Q23-023,leg2-cruise,4077.449332060628,4084.826397504704,中继,R3-004,126.89548080387885,122.0
Q23-001,leg3-cruise,4077.4901477154967,4084.192860332396,中继,R3-003,123.81943055615673,122.0
Q23-019,leg1-cruise,4077.5926709850683,4084.9554025366997,直连,,101.44255716147426,122.0
Q23-020,leg3-cruise,4078.303944493764,4084.9326755853663,直连,,120.68038609874444,122.0
Q23-004,leg2-cruise,4082.9906061368056,4090.0360711034323,直连,,96.21978412923568,122.0
Q23-001,leg3-cruise,4084.192860332396,4090.895572949295,中继,R3-003,123.63931607733542,122.0
Q23-023,leg2-cruise,4084.826397504704,4092.20346294878,中继,R3-004,126.75617523832156,122.0
Q23-020,leg3-cruise,4084.9326755853663,4091.561406676968,直连,,120.47544785828576,122.0
Q23-019,leg1-cruise,4084.9554025366997,4092.3181340883316,直连,,102.21593525213784,122.0
Q23-004,leg2-cruise,4090.0360711034323,4097.081536070059,直连,,95.39573725283024,122.0
Q23-001,leg3-cruise,4090.895572949295,4097.598285566194,中继,R3-003,123.45542148874146,122.0
Q23-020,leg3-cruise,4091.561406676968,4098.19013776857,直连,,120.26559534176647,122.0
Q23-023,leg2-cruise,4092.20346294878,4099.580528392855,中继,R3-004,126.61460145388793,122.0
Q23-019,leg1-cruise,4092.3181340883316,4099.6808656399635,直连,,102.9272081840678,122.0
Q23-004,leg2-cruise,4097.081536070059,4104.127001036686,直连,,94.6013959118974,122.0
Q23-001,leg3-cruise,4097.598285566194,4104.300998183093,中继,R3-003,123.26758625994674,122.0
Q23-020,leg3-cruise,4098.19013776857,4104.818868860172,直连,,120.05058908731296,122.0
Q23-023,leg2-cruise,4099.580528392855,4106.957593836931,中继,R3-004,126.47068444929027,122.0
Q23-019,leg1-cruise,4099.6808656399635,4107.043597191595,直连,,103.58545959275624,122.0
Q23-004,leg2-cruise,4104.127001036686,4111.172466003312,直连,,93.89290636088653,122.0
Q23-001,leg3-cruise,4104.300998183093,4111.003710799992,中继,R3-003,123.07563952149852,122.0
Q23-020,leg3-cruise,4104.818868860172,4111.4475999517745,直连,,119.83017185629146,122.0
Q23-023,leg2-cruise,4106.957593836931,4114.334659281007,中继,R3-004,126.32434544510465,122.0
Q23-019,leg1-cruise,4107.043597191595,4114.406328743227,直连,,104.19794455058434,122.0
Q23-001,leg3-cruise,4111.003710799992,4117.706423416891,中继,R3-003,122.87939916814918,122.0
Q23-004,leg2-cruise,4111.172466003312,4118.2179309699395,直连,,93.34694751422165,122.0
Q23-020,leg3-cruise,4111.4475999517745,4118.076331043376,直连,,119.6040668474318,122.0
Q23-023,leg2-cruise,4114.334659281007,4121.711724725083,中继,R3-004,126.1755016259921,122.0
Q23-019,leg1-cruise,4114.406328743227,4121.769060294859,直连,,104.77054255176657,122.0
Q23-001,leg3-cruise,4117.706423416891,4124.40913603379,中继,R3-003,122.67867086403362,122.0
Q23-020,leg3-cruise,4118.076331043376,4124.705062134978,直连,,119.3719756835572,122.0
Q23-004,leg2-cruise,4118.2179309699395,4125.263395936567,直连,,93.0458684631835,122.0
Q23-023,leg2-cruise,4121.711724725083,4129.0887901691585,中继,R3-004,126.02406586057894,122.0
Q23-019,leg1-cruise,4121.769060294859,4129.13179184649,直连,,105.3080804351861,122.0
Q23-001,leg3-cruise,4124.40913603379,4131.111848650689,中继,R3-003,122.47324693687942,122.0
Q23-020,leg3-cruise,4124.705062134978,4131.33379322658,直连,,119.13357613578157,122.0
Q23-004,leg2-descent,4125.263395936567,4151.219986501386,直连,,92.34798647164804,122.0
Q23-023,leg2-cruise,4129.0887901691585,4136.465855613234,中继,R3-004,125.86994639663833,122.0
Q23-019,leg1-cruise,4129.13179184649,4136.4945233981225,直连,,105.8145669416169,122.0
Q23-001,leg3-cruise,4131.111848650689,4137.814561267588,中继,R3-003,122.26290514623548,122.0
Q23-020,leg3-cruise,4131.33379322658,4137.962524318182,直连,,118.88851954363723,122.0
Q23-023,leg2-cruise,4136.465855613234,4143.84292105731,中继,R3-004,125.71304652891597,122.0
Q23-019,leg1-cruise,4136.4945233981225,4143.857254949755,直连,,106.29336605527081,122.0
Q23-001,leg3-cruise,4137.814561267588,4144.517273884487,中继,R3-003,122.04740730851121,122.0
Q23-020,leg3-cruise,4137.962524318182,4144.591255409784,直连,,118.63642788175977,122.0
Q23-023,leg2-cruise,4143.84292105731,4151.219986501386,中继,R3-004,125.55326423660465,122.0
Q23-019,leg1-cruise,4143.857254949755,4151.219986501386,直连,,106.7473271502038,122.0
Q23-001,leg3-cruise,4144.517273884487,4151.219986501386,直连,,121.82649775869002,122.0
Q23-020,leg3-cruise,4144.591255409784,4151.219986501386,直连,,118.37689041452198,122.0
Q23-001,leg3-cruise,4151.219986501386,4158.261219957522,直连,,121.5941033482249,122.0
Q23-004,leg2-descent,4151.219986501386,4177.843713920271,直连,,90.83766080884524,122.0
Q23-019,leg1-cruise,4151.219986501386,4158.584749991054,直连,,107.17894223338908,122.0
Q23-020,leg3-cruise,4151.219986501386,4157.863700706706,直连,,118.10915298249517,122.0
Q23-023,leg2-cruise,4151.219986501386,4158.239455015321,中继,R3-004,125.39447314674383,122.0
Q23-020,leg3-cruise,4157.863700706706,4164.5074149120255,直连,,117.83269805033842,122.0
Q23-023,leg2-cruise,4158.239455015321,4165.258923529256,中继,R3-004,125.2367835961964,122.0
Q23-001,leg3-cruise,4158.261219957522,4165.302453413658,直连,,121.34945066749272,122.0
Q23-019,leg1-cruise,4158.584749991054,4165.949513480722,直连,,107.59029824819473,122.0
Q23-020,leg3-cruise,4164.5074149120255,4171.151129117345,直连,,117.54728536135936,122.0
Q23-023,leg2-cruise,4165.258923529256,4172.27839204319,中继,R3-004,125.07618274243492,122.0
Q23-001,leg3-cruise,4165.302453413658,4172.343686869795,直连,,121.09781533657772,122.0
Q23-019,leg1-cruise,4165.949513480722,4173.31427697039,直连,,107.98315139033741,122.0
Q23-020,leg3-cruise,4171.151129117345,4177.794843322665,直连,,117.25232463344406,122.0
Q23-023,leg2-cruise,4172.27839204319,4179.297860557125,中继,R3-004,124.91256124219765,122.0
Q23-001,leg3-cruise,4172.343686869795,4179.3849203259315,直连,,120.83879399585074,122.0
Q23-019,leg1-cruise,4173.31427697039,4180.679040460058,直连,,108.3590867392175,122.0
Q23-020,leg3-cruise,4177.794843322665,4184.438557527984,直连,,116.94716637368892,122.0
Q23-004,leg2-descent,4177.843713920271,4204.467441339155,直连,,88.98238729596437,122.0
Q23-023,leg2-cruise,4179.297860557125,4186.31732907106,中继,R3-004,124.74580348479319,122.0
Q23-001,leg3-cruise,4179.3849203259315,4186.426153782068,直连,,120.57194799674338,122.0
Q23-019,leg1-cruise,4180.679040460058,4188.043803949726,直连,,108.71949496106693,122.0
Q23-020,leg3-cruise,4184.438557527984,4191.082271733303,直连,,116.63109386952732,122.0
Q23-023,leg2-cruise,4186.31732907106,4193.336797584994,中继,R3-004,124.57578710464918,122.0
Q23-001,leg3-cruise,4186.426153782068,4193.4673872382045,直连,,110.29679926105099,122.0
Q23-019,leg1-cruise,4188.043803949726,4195.408567439394,直连,,109.0656027185588,122.0
Q23-020,leg3-cruise,4191.082271733303,4197.725985938623,直连,,116.30331381834215,122.0
Q23-023,leg2-cruise,4193.336797584994,4200.356266098929,中继,R3-004,124.40238244561907,122.0
Q23-001,leg3-cruise,4193.4673872382045,4200.508620694341,直连,,110.01282553317185,122.0
Q23-019,leg1-cruise,4195.408567439394,4202.773330929062,直连,,109.39849738293557,122.0
Q23-020,leg3-cruise,4197.725985938623,4204.369700143942,直连,,115.96294531944666,122.0
Q23-023,leg2-cruise,4200.356266098929,4207.375734612864,中继,R3-004,124.2254519712144,122.0
Q23-001,leg3-cruise,4200.508620694341,4207.549854150477,直连,,109.71945491969463,122.0
Q23-019,leg1-cruise,4202.773330929062,4210.138094418729,直连,,109.71914727815182,122.0
Q23-020,leg3-cruise,4204.369700143942,4211.013414349261,直连,,115.60900688814695,122.0
Q23-004,leg2-descent,4204.467441339155,4231.091168758039,直连,,86.62008831707777,122.0
Q23-023,leg2-cruise,4207.375734612864,4214.395203126799,中继,R3-004,124.04484961409594,122.0
Q23-001,leg3-cruise,4207.549854150477,4214.591087606614,直连,,109.41605959001116,122.0
Q23-019,leg1-cruise,4210.138094418729,4217.502857908397,直连,,110.02841838903208,122.0
Q23-020,leg3-cruise,4211.013414349261,4217.6571285545815,直连,,105.24040107250225,122.0
Q23-023,leg2-cruise,4214.395203126799,4221.414671640734,中继,R3-004,123.86042005717962,122.0
Q23-001,leg3-cruise,4214.591087606614,4221.63232106275,直连,,109.10194848658844,122.0
Q23-019,leg1-cruise,4217.502857908397,4224.867621398065,直连,,110.32708824702851,122.0
Q23-020,leg3-cruise,4217.6571285545815,4224.300842759901,直连,,104.85589615428232,122.0
Q23-023,leg2-cruise,4221.414671640734,4228.434140154668,中继,R3-004,123.67199793754538,122.0
Q23-001,leg3-cruise,4221.63232106275,4228.673554518886,直连,,108.77635886339554,122.0
Q23-020,leg3-cruise,4224.300842759901,4230.94455696522,直连,,104.45410429432076,122.0
Q23-019,leg1-cruise,4224.867621398065,4232.232384887733,直连,,110.61585754521307,122.0
Q23-023,leg2-cruise,4228.434140154668,4235.453608668603,中继,R3-004,123.4794069630354,122.0
Q23-001,leg3-cruise,4228.673554518886,4235.714787975023,直连,,108.4384464349048,122.0
Q23-020,leg3-cruise,4230.94455696522,4237.58827117054,直连,,104.033455333987,122.0
Q23-004,leg2-descent,4231.091168758039,4257.7148961769235,直连,,83.3649452918667,122.0
Q23-019,leg1-cruise,4232.232384887733,4239.597148377401,直连,,110.89535991269894,122.0
Q23-023,leg2-cruise,4235.453608668603,4242.473077182538,中继,R3-004,123.28245892979366,122.0
Q23-001,leg3-cruise,4235.714787975023,4242.756021431159,直连,,108.08727387528451,122.0
Q23-020,leg3-cruise,4237.58827117054,4244.231985375859,直连,,103.59216528935629,122.0
Q23-019,leg1-cruise,4239.597148377401,4246.961911867069,直连,,111.16617018678994,122.0
Q23-023,leg2-cruise,4242.473077182538,4249.492545696472,中继,R3-004,123.08095262717266,122.0
Q23-001,leg3-cruise,4242.756021431159,4249.797254887295,直连,,107.72179735761392,122.0
Q23-020,leg3-cruise,4244.231985375859,4250.875699581178,直连,,103.12819837550258,122.0
Q23-019,leg1-cruise,4246.961911867069,4254.326675356737,直连,,111.42881145095822,122.0
Q23-023,leg2-cruise,4249.492545696472,4256.512014210407,中继,R3-004,112.87467261418101,122.0
Q23-001,leg3-cruise,4249.797254887295,4256.838488343432,直连,,107.3408507662059,122.0
Q23-020,leg3-cruise,4250.875699581178,4257.519413786498,直连,,102.63922119498655,122.0
Q23-019,leg1-cruise,4254.326675356737,4261.691438846405,直连,,121.68376105269263,122.0
Q23-023,leg2-cruise,4256.512014210407,4263.531482724342,直连,,112.66338784899854,122.0
Q23-001,leg3-cruise,4256.838488343432,4263.879721799568,直连,,106.94312715417801,122.0
Q23-020,leg3-cruise,4257.519413786498,4264.163127991818,直连,,102.12254756278446,122.0
Q23-004,leg2-descent,4257.7148961769235,4284.338623595808,直连,,78.09852419500353,122.0
Q23-019,leg1-cruise,4261.691438846405,4269.0562023360735,中继,R3-004,121.93145577324285,122.0
Q23-023,leg2-cruise,4263.531482724342,4270.550951238277,直连,,112.4468501499528,122.0
Q23-001,leg3-cruise,4263.879721799568,4270.920955255704,直连,,106.52715695848953,122.0
Q23-020,leg3-cruise,4264.163127991818,4270.8068421971375,直连,,101.57507243367145,122.0
Q23-019,leg1-cruise,4269.0562023360735,4276.420965825741,中继,R3-004,122.17229628848378,122.0
Q23-023,leg2-cruise,4270.550951238277,4277.570419752212,直连,,112.22479246252422,122.0
Q23-020,leg3-cruise,4270.8068421971375,4277.450556402457,直连,,100.99319379464694,122.0
Q23-001,leg3-cruise,4270.920955255704,4277.962188711841,直连,,106.09128243897776,122.0
Q23-019,leg1-cruise,4276.420965825741,4283.785729315409,中继,R3-004,122.4066510341734,122.0
Q23-020,leg3-cruise,4277.450556402457,4284.094270607777,直连,,100.37272273030887,122.0
Q23-023,leg2-cruise,4277.570419752212,4284.589888266146,直连,,111.99692690239317,122.0
Q23-001,leg3-cruise,4277.962188711841,4285.003422167977,直连,,105.6336278027628,122.0
Q23-019,leg1-cruise,4283.785729315409,4291.150492805077,中继,R3-004,122.6348595683901,122.0
Q23-020,leg3-cruise,4284.094270607777,4290.737984813096,直连,,99.70878533973108,122.0
Q23-004,leg2-descent,4284.338623595808,4310.962351014692,直连,,62.517963477204326,122.0
Q23-023,leg2-cruise,4284.589888266146,4291.609356780081,直连,,111.76294253901004,122.0
Q23-001,leg3-cruise,4285.003422167977,4292.044655624113,直连,,105.15206456329531,122.0
Q23-020,leg3-cruise,4290.737984813096,4297.381699018415,直连,,98.99572835049244,122.0
Q23-019,leg1-cruise,4291.150492805077,4298.515256294745,中继,R3-004,122.85723550750761,122.0
Q23-023,leg2-cruise,4291.609356780081,4298.628825294016,直连,,111.5225028774302,122.0
Q23-001,leg3-cruise,4292.044655624113,4299.085889080249,直连,,104.64417196689031,122.0
Q23-020,leg3-cruise,4297.381699018415,4304.025413223735,直连,,98.22705878782253,122.0
Q23-019,leg1-cruise,4298.515256294745,4305.880019784413,中继,R3-004,123.07406909890128,122.0
Q23-023,leg2-cruise,4298.628825294016,4305.64829380795,直连,,111.27524298796254,122.0
Q23-001,leg3-cruise,4299.085889080249,4306.127122536385,直连,,104.10719299808808,122.0
Q23-020,leg3-cruise,4304.025413223735,4310.669127429054,直连,,97.3954894976191,122.0
Q23-023,leg2-cruise,4305.64829380795,4312.667762321885,直连,,111.02076622308928,122.0
Q23-019,leg1-cruise,4305.880019784413,4313.244783274081,中继,R3-004,123.28562948293558,122.0
Q23-001,leg3-cruise,4306.127122536385,4313.168355992522,直连,,103.53798793617418,122.0
Q23-020,leg3-cruise,4310.669127429054,4317.312841634373,直连,,96.49325492506995,122.0
Q23-023,leg2-cruise,4312.667762321885,4319.68723083582,直连,,110.75864044866341,122.0
Q23-001,leg3-cruise,4313.168355992522,4320.209589448658,直连,,102.93299043683159,122.0
Q23-019,leg1-cruise,4313.244783274081,4320.609546763749,中继,R3-004,123.4921666881338,122.0
Q23-020,leg3-cruise,4317.312841634373,4323.9565558396935,直连,,95.51306841884328,122.0
Q23-023,leg2-cruise,4319.68723083582,4326.706699349755,直连,,110.48839370097954,122.0
Q23-001,leg3-cruise,4320.209589448658,4327.250822904794,直连,,102.28817715063083,122.0
Q23-019,leg1-cruise,4320.609546763749,4327.974310253417,中继,R3-004,123.69391339637559,122.0
Q23-020,leg3-cruise,4323.9565558396935,4330.600270045013,直连,,94.45054910316574,122.0
Q23-023,leg2-cruise,4326.706699349755,4333.72616786369,直连,,110.20950916205214,122.0
Q23-001,leg3-cruise,4327.250822904794,4334.292056360931,直连,,101.5990739400763,122.0
Q23-019,leg1-cruise,4327.974310253417,4335.339073743085,中继,R3-004,123.89108650916958,122.0
Q23-020,leg3-cruise,4330.600270045013,4337.243984250332,直连,,93.30990662311517,122.0
Q23-023,leg2-cruise,4333.72616786369,4340.745636377625,直连,,109.92141932124521,122.0
Q23-001,leg3-cruise,4334.292056360931,4341.333289817068,直连,,100.86084578250613,122.0
Q23-019,leg1-cruise,4335.339073743085,4342.703837232752,中继,R3-004,124.0838885412757,122.0
Q23-020,leg3-cruise,4337.243984250332,4343.887698455652,直连,,92.11638505207445,122.0
Q23-023,leg2-cruise,4340.745636377625,4347.7651048915595,直连,,109.62349916092758,122.0
Q23-001,leg3-cruise,4341.333289817068,4348.374523273204,直连,,100.06856539536875,122.0
Q23-019,leg1-cruise,4342.703837232752,4350.06860072242,中继,R3-004,124.27250886399119,122.0
Q23-020,leg3-cruise,4343.887698455652,4350.531412660971,直连,,90.94038227997129,122.0
Q23-023,leg2-cruise,4347.7651048915595,4354.7845734054945,直连,,109.31505816492478,122.0
Q23-001,leg3-cruise,4348.374523273204,4355.4157567293405,直连,,99.21785105208072,122.0
Q23-019,leg1-cruise,4350.06860072242,4357.433364212088,中继,R3-004,124.45712481713359,122.0
Q23-020,leg3-cruise,4350.531412660971,4357.17512686629,直连,,89.93131274002542,122.0
Q23-023,leg2-cruise,4354.7845734054945,4361.804041919429,直连,,108.99533089891578,122.0
Q23-001,leg3-cruise,4355.4157567293405,4362.4569901854775,直连,,98.3062509911928,122.0
Q23-020,leg3-cruise,4357.17512686629,4363.81884107161,直连,,89.3226156022061,122.0
Q23-019,leg1-descent,4357.433364212088,4379.335178990734,中继,R3-004,124.54684939939493,122.0
Q23-023,leg2-cruise,4361.804041919429,4368.8235104333635,直连,,108.66346584774163,122.0
Q23-001,leg3-cruise,4362.4569901854775,4369.498223641614,直连,,97.33610038957495,122.0
Q23-020,leg3-descent,4363.81884107161,4388.453763923173,直连,,88.25771497835396,122.0
Q23-023,leg2-cruise,4368.8235104333635,4375.842978947298,直连,,108.31851211126332,122.0
Q23-001,leg3-cruise,4369.498223641614,4376.53945709775,直连,,96.32014220885044,122.0
Q23-023,leg2-cruise,4375.842978947298,4382.862447461233,直连,,107.95940345113138,122.0
Q23-001,leg3-cruise,4376.53945709775,4383.580690553886,直连,,95.29175030204779,122.0
Q23-019,leg1-descent,4379.335178990734,4401.23699376938,中继,R3-004,124.54502471189024,122.0
Q23-023,leg2-cruise,4382.862447461233,4389.881915975167,直连,,107.58493903642739,122.0
Q23-001,leg3-cruise,4383.580690553886,4390.621924010022,直连,,94.32054992719901,122.0
Q23-020,leg3-descent,4388.453763923173,4413.088686774735,直连,,85.87962886321364,122.0
Q23-023,leg2-cruise,4389.881915975167,4396.901384489102,直连,,107.19376004339976,122.0
Q23-001,leg3-cruise,4390.621924010022,4397.663157466159,直连,,93.52663681803159,122.0
Q23-023,leg2-cruise,4396.901384489102,4403.920853003037,直连,,106.78432100511965,122.0
Q23-001,leg3-cruise,4397.663157466159,4404.704390922295,直连,,93.06766124593922,122.0
Q23-019,leg1-descent,4401.23699376938,4423.138808548026,中继,R3-004,124.54379205636253,122.0
Q23-023,leg2-cruise,4403.920853003037,4410.940321516972,直连,,106.35485445397478,122.0
Q23-001,leg3-descent,4404.704390922295,4431.232813076313,直连,,92.33289673814447,122.0
Q23-023,leg2-cruise,4410.940321516972,4417.959790030907,直连,,105.90332691500669,122.0
Q23-020,leg3-descent,4413.088686774735,4437.723609626298,直连,,82.59426367590437,122.0
Q23-023,leg2-cruise,4417.959790030907,4424.979258544841,直连,,105.42738363492128,122.0
Q23-019,S005-handoff,4423.138808548026,4452.593354002571,中继,R3-004,124.54339790767136,122.0
Q23-023,leg2-cruise,4424.979258544841,4431.998727058776,直连,,104.92427848663658,122.0
Q23-001,leg3-descent,4431.232813076313,4457.76123523033,直连,,90.80470851543635,122.0
Q23-023,leg2-cruise,4431.998727058776,4439.018195572711,直连,,104.39078414952918,122.0
Q23-020,leg3-descent,4437.723609626298,4462.35853247786,直连,,77.246711695958,122.0
Q23-023,leg2-cruise,4439.018195572711,4446.037664086645,直连,,103.82307574721567,122.0
Q23-010,leg1-climb,4440.284,4462.828930521647,直连,,62.86274878634414,122.0
Q23-023,leg2-cruise,4446.037664086645,4453.05713260058,直连,,103.21657835698723,122.0
Q23-019,S005-handoff,4452.593354002571,4482.047899457117,中继,R3-004,124.54339790767136,122.0
Q23-023,leg2-cruise,4453.05713260058,4460.076601114515,直连,,102.56576479543521,122.0
Q23-001,leg3-descent,4457.76123523033,4484.289657384348,直连,,88.9490054862704,122.0
Q23-023,leg2-cruise,4460.076601114515,4467.09606962845,直连,,101.86388429681249,122.0
Q23-020,leg3-descent,4462.35853247786,4486.993455329422,直连,,60.71759432901127,122.0
Q23-010,leg1-climb,4462.828930521647,4485.373861043294,直连,,78.27227986437408,122.0
Q23-023,leg2-cruise,4467.09606962845,4488.154475170254,直连,,101.10259450998157,122.0
Q23-019,S005-handoff,4482.047899457117,4511.502444911662,中继,R3-004,124.54339790767136,122.0
Q23-001,leg3-descent,4484.289657384348,4510.818079538367,直连,,86.58600845751735,122.0
Q23-010,leg1-climb,4485.373861043294,4507.918791564941,直连,,83.5230191206687,122.0
Q23-023,leg2-cruise,4488.154475170254,4509.212880712058,直连,,98.34304850137035,122.0
Q23-010,leg1-climb,4507.918791564941,4530.463722086588,直连,,86.77227563314884,122.0
Q23-023,leg2-cruise,4509.212880712058,4516.232349225993,直连,,94.45110177294679,122.0
Q23-001,leg3-descent,4510.818079538367,4537.346501692385,直连,,83.32953249622858,122.0
Q23-019,S005-handoff,4511.502444911662,4540.956990366208,中继,R3-004,124.54339790767136,122.0
Q23-023,leg2-cruise,4516.232349225993,4537.290754767797,直连,,92.76174304448222,122.0
Q23-010,leg1-cruise,4530.463722086588,4537.635631754645,直连,,88.22744387292781,122.0
Q23-023,leg2-cruise,4537.290754767797,4544.310223281732,直连,,87.33702565893819,122.0
Q23-001,leg3-descent,4537.346501692385,4563.874923846402,直连,,78.05955500625997,122.0
Q23-010,leg1-cruise,4537.635631754645,4544.807541422702,直连,,89.53882482803249,122.0
Q23-019,S005-handoff,4540.956990366208,4570.411535820753,中继,R3-004,124.54339790767136,122.0
Q23-023,leg2-descent,4544.310223281732,4568.831156509271,直连,,86.10467020375069,122.0
Q23-010,leg1-cruise,4544.807541422702,4566.323270426873,直连,,91.36085837393146,122.0
Q23-001,leg3-descent,4563.874923846402,4590.40334600042,直连,,62.43969090148748,122.0
Q23-010,leg1-cruise,4566.323270426873,4573.49518009493,直连,,96.2122494127283,122.0
Q23-023,leg2-descent,4568.831156509271,4593.35208973681,直连,,83.67087452603937,122.0
Q23-019,S005-handoff,4570.411535820753,4599.866081275299,中继,R3-004,124.54339790767136,122.0
Q23-010,leg1-cruise,4573.49518009493,4595.010909099101,直连,,97.4715556062758,122.0
Q23-023,leg2-descent,4593.35208973681,4617.873022964349,直连,,80.27756706568827,122.0
Q23-010,leg1-cruise,4595.010909099101,4602.182818767158,直连,,100.49669100365503,122.0
Q23-019,S005-handoff,4599.866081275299,4629.320626729844,中继,R3-004,124.54339790767136,122.0
Q23-010,leg1-cruise,4602.182818767158,4623.69854777133,直连,,101.32111114194812,122.0
Q23-023,leg2-descent,4617.873022964349,4642.393956191888,直连,,74.63149021706384,122.0
Q23-010,leg1-cruise,4623.69854777133,4630.870457439387,直连,,103.42279788484709,122.0
Q23-019,S005-handoff,4629.320626729844,4658.77517218439,中继,R3-004,124.54339790767136,122.0
Q23-010,leg1-cruise,4630.870457439387,4645.2142767755,直连,,104.02673526337972,122.0
Q23-023,leg2-descent,4642.393956191888,4666.914889419427,直连,,53.158786688585394,122.0
Q23-010,leg1-cruise,4645.2142767755,4659.558096111614,直连,,105.12411017751607,122.0
Q23-019,S005-handoff,4658.77517218439,4688.229717638935,中继,R3-004,124.54339790767136,122.0
Q23-010,leg1-cruise,4659.558096111614,4688.245734783843,直连,,106.10048045539214,122.0
Q23-019,S005-handoff,4688.229717638935,4717.684263093481,中继,R3-004,124.54339790767136,122.0
Q23-010,leg1-cruise,4688.245734783843,4724.105283124129,直连,,107.77869176600413,122.0
Q23-019,S005-handoff,4717.684263093481,4747.138808548026,中继,R3-004,124.54339790767136,122.0
Q23-010,leg1-cruise,4724.105283124129,4752.792921796356,直连,,109.50644890703545,122.0
Q23-019,leg2-climb,4747.138808548026,4773.420986282401,中继,R3-004,124.5440446855257,122.0
Q23-010,leg1-cruise,4752.792921796356,4774.308650800527,直连,,110.67864335406315,122.0
Q23-019,leg2-climb,4773.420986282401,4799.703164016776,中继,R3-004,124.5463377611981,122.0
Q23-010,leg1-cruise,4774.308650800527,4802.996289472756,直连,,111.46488399516839,122.0
Q23-019,leg2-cruise,4799.703164016776,4807.067080865596,中继,R3-004,124.4571353168496,122.0
Q23-010,leg1-cruise,4802.996289472756,4810.168199140813,直连,,112.41383290473144,122.0
Q23-019,leg2-cruise,4807.067080865596,4814.430997714415,中继,R3-004,124.2725410389611,122.0
Q23-010,leg1-cruise,4810.168199140813,4817.340108808869,直连,,112.63576832149924,122.0
Q23-019,leg2-cruise,4814.430997714415,4821.794914563235,中继,R3-004,124.08394334192289,122.0
Q23-010,leg1-cruise,4817.340108808869,4824.512018476926,直连,,112.85219274992461,122.0
Q23-019,leg2-cruise,4821.794914563235,4829.1588314120545,中继,R3-004,123.89116494974553,122.0
Q23-010,leg1-cruise,4824.512018476926,4831.683928144983,直连,,113.06337239183173,122.0
Q23-019,leg2-cruise,4829.1588314120545,4836.522748260874,中继,R3-004,123.69401656079941,122.0
Q23-010,leg1-cruise,4831.683928144983,4838.85583781304,直连,,113.26955467475408,122.0
Q23-019,leg2-cruise,4836.522748260874,4843.886665109694,中继,R3-004,123.49229573651127,122.0
Q23-010,leg1-cruise,4838.85583781304,4846.027747481097,直连,,113.47096997157512,122.0
Q23-019,leg2-cruise,4843.886665109694,4851.250581958513,中继,R3-004,123.2857856588576,122.0
Q23-010,leg1-cruise,4846.027747481097,4853.1996571491545,直连,,113.66783312827421,122.0
Q23-014,leg1-climb,4847.0,4869.078987630209,直连,,62.411896141593544,122.0
Q23-019,leg2-cruise,4851.250581958513,4858.614498807333,中继,R3-004,123.07425373763972,122.0
Q23-010,leg1-cruise,4853.1996571491545,4860.371566817212,直连,,113.86034482481635,122.0
Q23-019,leg2-cruise,4858.614498807333,4865.978415656153,中继,R3-004,122.85745004523979,122.0
Q23-010,leg1-cruise,4860.371566817212,4867.543476485269,直连,,114.0486927905495,122.0
Q23-019,leg2-cruise,4865.978415656153,4873.342332504972,中继,R3-004,122.63510555260886,122.0
Q23-010,leg1-cruise,4867.543476485269,4874.715386153325,直连,,114.23305289231817,122.0
Q23-014,leg1-climb,4869.078987630209,4891.157975260417,直连,,78.04575938899079,122.0
Q23-019,leg2-cruise,4873.342332504972,4880.7062493537915,中继,R3-004,122.40693013547158,122.0
Q23-010,leg1-cruise,4874.715386153325,4881.887295821382,直连,,114.41359011092334,122.0
Q23-019,leg2-cruise,4880.7062493537915,4888.070166202611,中继,R3-004,122.172610313942,122.0
Q23-010,leg1-cruise,4881.887295821382,4889.05920548944,直连,,114.59045941937964,122.0
Q23-019,leg2-cruise,4888.070166202611,4895.43408305143,中继,R3-004,121.93180668168328,122.0
Q23-010,leg1-cruise,4889.05920548944,4896.231115157497,直连,,114.76380657453828,122.0
Q23-014,leg1-climb,4891.157975260417,4913.236962890625,直连,,83.31699936871917,122.0
Q23-019,leg2-cruise,4895.43408305143,4902.79799990025,直连,,121.6841509721132,122.0
Q23-010,leg1-cruise,4896.231115157497,4903.403024825554,直连,,114.93376883213838,122.0
Q23-019,leg2-cruise,4902.79799990025,4910.16191674907,直连,,111.42924269854869,122.0
Q23-010,leg1-cruise,4903.403024825554,4910.57493449361,中继,R3-004,125.10047559395817,122.0
Q23-019,leg2-cruise,4910.16191674907,4917.525833597889,直连,,111.16664529198124,122.0
Q23-010,leg1-cruise,4910.57493449361,4917.7468441616675,中继,R3-004,125.26404899466449,122.0
Q23-014,leg1-cruise,4913.236962890625,4920.600879739445,直连,,85.35491042782337,122.0
Q23-019,leg2-cruise,4917.525833597889,4924.889750446709,直连,,110.89588164382967,122.0
Q23-010,leg1-cruise,4917.7468441616675,4924.918753829725,中继,R3-004,125.42460443495943,122.0
Q23-014,leg1-cruise,4920.600879739445,4927.964796588265,直连,,87.00091131447552,122.0
Q23-019,leg2-cruise,4924.889750446709,4932.253667295528,直连,,110.61642894050624,122.0
Q23-010,leg1-cruise,4924.918753829725,4932.090663497782,中继,R3-004,125.58225106679696,122.0
Q23-014,leg1-cruise,4927.964796588265,4935.328713437084,直连,,89.12522879221046,122.0
Q23-010,leg1-cruise,4932.090663497782,4939.262573165839,中继,R3-004,125.7370922357586,122.0
Q23-019,leg2-cruise,4932.253667295528,4939.617584144347,直连,,110.32771265073734,122.0
Q23-014,leg1-cruise,4935.328713437084,4942.692630285904,直连,,91.1125466103192,122.0
Q23-010,leg1-cruise,4939.262573165839,4946.434482833896,中继,R3-004,125.889225885017,122.0
Q23-019,leg2-cruise,4939.617584144347,4946.981500993167,直连,,110.02909949382838,122.0
Q23-014,leg1-cruise,4942.692630285904,4950.056547134724,直连,,92.84323331705389,122.0
Q23-010,leg1-cruise,4946.434482833896,4953.606392501953,中继,R3-004,126.03874492483621,122.0
Q23-019,leg2-cruise,4946.981500993167,4954.345417841987,直连,,109.71988917508439,122.0
Q23-014,leg1-cruise,4950.056547134724,4957.4204639835425,直连,,94.33803134550014,122.0
Q23-010,leg1-cruise,4953.606392501953,4960.77830217001,中继,R3-004,126.18573757105563,122.0
Q23-019,leg2-cruise,4954.345417841987,4961.709334690806,直连,,109.39930462064962,122.0
Q23-014,leg1-cruise,4957.4204639835425,4964.784380832362,直连,,95.6395892492893,122.0
Q23-010,leg1-cruise,4960.77830217001,4967.950211838066,中继,R3-004,126.3302876556346,122.0
Q23-019,leg2-cruise,4961.709334690806,4969.073251539626,直连,,109.06648037388499,122.0
Q23-014,leg1-cruise,4964.784380832362,4972.148297681182,直连,,96.78608233520322,122.0
Q23-010,leg1-cruise,4967.950211838066,4975.122121506123,中继,R3-004,126.47247491197814,122.0
Q23-019,leg2-cruise,4969.073251539626,4976.437168388446,直连,,108.72044872370118,122.0
Q23-014,leg1-cruise,4972.148297681182,4979.512214530001,直连,,97.8075510369207,122.0
Q23-010,leg1-cruise,4975.122121506123,4982.29403117418,中继,R3-004,126.61237523744538,122.0
Q23-019,leg2-cruise,4976.437168388446,4983.801085237265,直连,,108.3601230140015,122.0
Q23-014,leg1-cruise,4979.512214530001,4986.876131378821,直连,,98.7269883289308,122.0
Q23-010,leg1-cruise,4982.29403117418,4989.465940842238,中继,R3-004,126.75006093521009,122.0
Q23-019,leg2-cruise,4983.801085237265,4991.165002086085,直连,,107.98427742166753,122.0
Q23-014,leg1-cruise,4986.876131378821,4994.240048227641,直连,,99.56201156809973,122.0
Q23-010,leg1-cruise,4989.465940842238,4996.637850510295,中继,R3-004,126.88560093737449,122.0
Q23-019,leg2-cruise,4991.165002086085,4998.528918934904,直连,,107.59152227254799,122.0
Q23-014,leg1-cruise,4994.240048227641,5001.60396507646,直连,,100.32626263144886,122.0
Q23-010,leg1-cruise,4996.637850510295,5003.809760178352,中继,R3-004,127.01906101105938,122.0
Q23-019,leg2-cruise,4998.528918934904,5005.892835783724,直连,,107.18027366787783,122.0
Q23-014,leg1-cruise,5001.60396507646,5008.9678819252795,直连,,101.03044854892373,122.0
Q23-010,leg1-cruise,5003.809760178352,5010.981669846409,中继,R3-004,127.15050394900618,122.0
Q23-019,leg2-cruise,5005.892835783724,5013.256752632544,直连,,106.74871578391414,122.0
Q23-014,leg1-cruise,5008.9678819252795,5016.331798774099,直连,,101.6830906719037,122.0
Q23-010,leg1-cruise,5010.981669846409,5018.153579514466,中继,R3-004,127.27998974605286,122.0
Q23-019,leg2-cruise,5013.256752632544,5020.620669481363,直连,,106.29475363552957,122.0
Q23-014,leg1-cruise,5016.331798774099,5023.695715622918,直连,,102.29106201527088,122.0
Q23-010,leg1-cruise,5018.153579514466,5025.325489182524,中继,R3-004,127.40757576273624,122.0
Q23-019,leg2-cruise,5020.620669481363,5027.9845863301825,直连,,105.8159532847568,122.0
Q23-014,leg1-cruise,5023.695715622918,5031.059632471738,直连,,102.85997542825555,122.0
Q23-010,leg1-cruise,5025.325489182524,5032.497398850581,中继,R3-004,127.53331687711639,122.0
Q23-019,leg2-cruise,5027.9845863301825,5035.348503179002,直连,,105.30946531238351,122.0
Q23-014,leg1-cruise,5031.059632471738,5038.423549320558,直连,,103.39446723919299,122.0
Q23-010,leg1-cruise,5032.497398850581,5039.669308518638,中继,R3-004,127.65726562583262,122.0
Q23-019,leg2-cruise,5035.348503179002,5042.712420027821,直连,,104.77192567430785,122.0
Q23-014,leg1-cruise,5038.423549320558,5045.787466169377,直连,,103.89840723249146,122.0
Q23-010,leg1-cruise,5039.669308518638,5046.841218186694,中继,R3-004,127.77947233529589,122.0
Q23-019,leg2-cruise,5042.712420027821,5050.076336876641,直连,,104.19932554901845,122.0
Q23-014,leg1-cruise,5045.787466169377,5053.151383018197,直连,,104.37505616386562,122.0
Q23-010,leg1-descent,5046.841218186694,5069.499773687996,中继,R3-004,127.8389692112617,122.0
Q23-019,leg2-cruise,5050.076336876641,5057.440253725461,直连,,103.58683798670098,122.0
Q23-014,leg1-cruise,5053.151383018197,5060.515299867016,直连,,104.82718545524251,122.0
Q23-019,leg2-cruise,5057.440253725461,5064.80417057428,直连,,102.92858333751072,122.0
Q23-014,leg1-cruise,5060.515299867016,5067.879216715836,直连,,105.2571692740446,122.0
Q23-019,leg2-cruise,5064.80417057428,5072.1680874231,直连,,102.21730630539683,122.0
Q23-014,leg1-cruise,5067.879216715836,5075.243133564656,直连,,105.6670561911682,122.0
Q23-010,leg1-descent,5069.499773687996,5092.1583291892985,中继,R3-004,127.83738010410832,122.0
Q23-019,leg2-cruise,5072.1680874231,5079.5320042719195,直连,,101.44392292442356,122.0
Q23-014,leg1-cruise,5075.243133564656,5082.607050413475,直连,,106.0586255521467,122.0
Q23-019,leg2-cruise,5079.5320042719195,5086.895921120738,直连,,100.5968722265937,122.0
Q23-014,leg1-cruise,5082.607050413475,5089.970967262295,直连,,106.43343227113844,122.0
Q23-019,leg2-cruise,5086.895921120738,5094.259837969558,直连,,99.66116907028865,122.0
Q23-014,leg1-cruise,5089.970967262295,5097.334884111115,直连,,106.79284276043188,122.0
Q23-010,leg1-descent,5092.1583291892985,5114.8168846906,中继,R3-004,127.8362549080733,122.0
Q23-019,leg2-cruise,5094.259837969558,5101.623754818378,直连,,98.61699315921655,122.0
Q23-014,leg1-cruise,5097.334884111115,5104.698800959934,直连,,107.13806400201398,122.0
Q23-019,leg2-cruise,5101.623754818378,5108.987671667197,直连,,97.43755806937065,122.0
Q23-014,leg1-cruise,5104.698800959934,5112.062717808753,直连,,107.47016726197147,122.0
Q23-019,leg2-cruise,5108.987671667197,5116.351588516017,直连,,96.08590928293201,122.0
Q23-014,leg1-cruise,5112.062717808753,5119.426634657573,直连,,107.79010758189183,122.0
Q23-010,S004-handoff,5114.8168846906,5144.8168846906,中继,R3-004,127.83586639527485,122.0
Q23-019,leg2-cruise,5116.351588516017,5123.715505364837,直连,,94.5104346461299,122.0
Q23-014,leg1-cruise,5119.426634657573,5126.790551506392,直连,,108.09873991283881,122.0
Q23-019,leg2-cruise,5123.715505364837,5131.0794222136565,直连,,92.64063637743337,122.0
Q23-014,leg1-cruise,5126.790551506392,5134.154468355212,直连,,108.39683255874692,122.0
Q23-019,leg2-cruise,5131.0794222136565,5138.443339062476,直连,,90.39628647118346,122.0
Q23-014,leg1-cruise,5134.154468355212,5141.518385204032,直连,,108.6850784473632,122.0
Q23-019,leg2-cruise,5138.443339062476,5145.807255911295,直连,,87.79136983392227,122.0
Q23-014,leg1-cruise,5141.518385204032,5148.882302052851,直连,,108.96410463473497,122.0
Q23-010,S004-handoff,5144.8168846906,5174.8168846906,中继,R3-004,127.83586639527485,122.0
Q23-019,leg2-cruise,5145.807255911295,5153.171172760115,直连,,85.49339966895623,122.0
Q23-014,leg1-cruise,5148.882302052851,5156.2462189016705,直连,,109.23448036387542,122.0
Q23-019,leg2-descent,5153.171172760115,5178.010033844099,直连,,83.7974183655758,122.0
Q23-014,leg1-cruise,5156.2462189016705,5178.337969448129,直连,,109.49672393256782,122.0
Q23-010,S004-handoff,5174.8168846906,5204.8168846906,中继,R3-004,127.83586639527485,122.0
Q23-019,leg2-descent,5178.010033844099,5202.848894928084,直连,,80.4111045124877,122.0
Q23-014,leg1-cruise,5178.337969448129,5207.7936368434075,直连,,110.23919836195111,122.0
Q23-019,leg2-descent,5202.848894928084,5227.687756012068,直连,,74.78479741896616,122.0
Q23-010,S004-handoff,5204.8168846906,5234.8168846906,中继,R3-004,127.83586639527485,122.0
Q23-014,leg1-cruise,5207.7936368434075,5229.885387389866,直连,,111.13994465791197,122.0
Q23-019,leg2-descent,5227.687756012068,5252.526617096052,直连,,53.74908792188997,122.0
Q23-014,leg1-cruise,5229.885387389866,5237.249304238686,直连,,121.75919032086318,122.0
Q23-010,S004-handoff,5234.8168846906,5264.8168846906,中继,R3-004,127.83586639527485,122.0
Q23-014,leg1-cruise,5237.249304238686,5266.704971633964,中继,R3-004,121.95618907126492,122.0
Q23-010,S004-handoff,5264.8168846906,5294.8168846906,中继,R3-004,127.83586639527485,122.0
Q23-014,leg1-cruise,5266.704971633964,5288.796722180423,中继,R3-004,122.70240751643682,122.0
Q23-009,leg1-climb,5282.489,5311.429275878906,直连,,67.44240664720115,122.0
Q23-014,leg1-cruise,5288.796722180423,5296.160639029242,中继,R3-004,123.22286439766854,122.0
Q23-010,S004-handoff,5294.8168846906,5324.8168846906,中继,R3-004,127.83586639527485,122.0
Q23-014,leg1-cruise,5296.160639029242,5318.2523895757,中继,R3-004,123.38965350414121,122.0
Q23-009,leg1-climb,5311.429275878906,5340.369551757813,直连,,80.9003188059744,122.0
Q23-014,leg1-cruise,5318.2523895757,5325.61630642452,中继,R3-004,123.87164999411303,122.0
Q23-010,leg2-climb,5324.8168846906,5353.140079067228,中继,R3-004,127.83649269314496,122.0
Q23-014,leg1-cruise,5325.61630642452,5347.708056970979,中继,R3-004,124.02655716854045,122.0
Q23-009,leg1-climb,5340.369551757813,5369.309827636718,直连,,85.9458448225713,122.0
Q23-014,leg1-cruise,5347.708056970979,5355.071973819799,中继,R3-004,124.4753810476563,122.0
Q23-010,leg2-climb,5353.140079067228,5381.4632734438555,中继,R3-004,127.83852846811895,122.0
Q23-014,leg1-descent,5355.071973819799,5381.354151554174,中继,R3-004,124.5463377611981,122.0
Q23-009,leg1-climb,5369.309827636718,5398.250103515625,直连,,89.11670342352008,122.0
Q23-014,leg1-descent,5381.354151554174,5407.636329288549,中继,R3-004,124.5440446855257,122.0
Q23-010,leg2-cruise,5381.4632734438555,5402.986528262243,中继,R3-004,127.77945111190927,122.0
Q23-009,leg1-climb,5398.250103515625,5427.190379394531,直连,,91.43452950887679,122.0
Q23-010,leg2-cruise,5402.986528262243,5410.160946535038,中继,R3-004,127.40742070609343,122.0
Q23-014,S005-handoff,5407.636329288549,5437.636329288549,中继,R3-004,124.54339790767136,122.0
Q23-010,leg2-cruise,5410.160946535038,5424.50978308063,中继,R3-004,127.27978744046817,122.0
Q23-021,leg1-climb,5424.275,5448.442233886718,直连,,60.23392494929146,122.0
Q23-010,leg2-cruise,5424.50978308063,5431.684201353426,中继,R3-004,127.01875988962581,122.0
Q23-009,leg1-cruise,5427.190379394531,5434.62998494532,直连,,92.44659659247623,122.0
Q23-010,leg2-cruise,5431.684201353426,5438.858619626221,中继,R3-004,126.88524811563852,122.0
Q23-009,leg1-cruise,5434.62998494532,5442.0695904961085,直连,,92.82843885280184,122.0
Q23-014,S005-handoff,5437.636329288549,5467.636329288549,中继,R3-004,124.54339790767136,122.0
Q23-010,leg2-cruise,5438.858619626221,5446.033037899017,中继,R3-004,126.74965478902391,122.0
Q23-009,leg1-cruise,5442.0695904961085,5449.509196046897,直连,,93.504115082688,122.0
Q23-010,leg2-cruise,5446.033037899017,5453.207456171813,中继,R3-004,126.61191406501378,122.0
Q23-021,leg1-climb,5448.442233886718,5472.609467773437,直连,,77.03365564741469,122.0
Q23-009,leg1-cruise,5449.509196046897,5456.948801597686,直连,,94.35388528754605,122.0
Q23-010,leg2-cruise,5453.207456171813,5460.381874444609,中继,R3-004,126.47195692883764,122.0
Q23-009,leg1-cruise,5456.948801597686,5464.3884071484745,直连,,95.27741028145428,122.0
Q23-010,leg2-cruise,5460.381874444609,5467.556292717404,中继,R3-004,126.32971098922046,122.0
Q23-009,leg1-cruise,5464.3884071484745,5471.828012699263,直连,,96.20970001713766,122.0
Q23-010,leg2-cruise,5467.556292717404,5474.730710990199,中继,R3-004,126.18510025481258,122.0
Q23-014,S005-handoff,5467.636329288549,5497.636329288549,中继,R3-004,124.54339790767136,122.0
Q23-009,leg1-cruise,5471.828012699263,5479.267618250052,直连,,97.11519996451689,122.0
Q23-021,leg1-climb,5472.609467773437,5496.776701660156,直连,,82.40264797547309,122.0
Q23-010,leg2-cruise,5474.730710990199,5481.905129262996,中继,R3-004,126.03804489183293,122.0
Q23-009,leg1-cruise,5479.267618250052,5486.70722380084,直连,,97.97724539254557,122.0
Q23-010,leg2-cruise,5481.905129262996,5489.079547535792,中继,R3-004,125.88846096100568,122.0
Q23-009,leg1-cruise,5486.70722380084,5494.146829351629,直连,,98.78982997698387,122.0
Q23-010,leg2-cruise,5489.079547535792,5496.253965808587,中继,R3-004,125.73626013162954,122.0
Q23-009,leg1-cruise,5494.146829351629,5501.586434902418,直连,,99.55249299688874,122.0
Q23-010,leg2-cruise,5496.253965808587,5503.428384081382,中继,R3-004,125.5813493703587,122.0
Q23-021,leg1-cruise,5496.776701660156,5503.93659949263,直连,,84.66120911426273,122.0
Q23-014,S005-handoff,5497.636329288549,5527.636329288549,中继,R3-004,124.54339790767136,122.0
Q23-009,leg1-cruise,5501.586434902418,5509.026040453206,直连,,100.26744303718931,122.0
Q23-010,leg2-cruise,5503.428384081382,5510.6028023541785,中继,R3-004,125.42363060196776,122.0
Q23-021,leg1-cruise,5503.93659949263,5511.096497325105,直连,,87.21067357977066,122.0
Q23-009,leg1-cruise,5509.026040453206,5516.465646003995,直连,,100.93802131834386,122.0
Q23-010,leg2-cruise,5510.6028023541785,5517.777220626975,中继,R3-004,125.26300033902778,122.0
Q23-021,leg1-cruise,5511.096497325105,5518.256395157579,直连,,89.97081573817371,122.0
Q23-009,leg1-cruise,5516.465646003995,5523.905251554784,直连,,101.56791027159025,122.0
Q23-010,leg2-cruise,5517.777220626975,5524.95163889977,中继,R3-004,125.09934927700904,122.0
Q23-021,leg1-cruise,5518.256395157579,5525.416292990053,直连,,92.28940895020732,122.0
Q23-009,leg1-cruise,5523.905251554784,5531.344857105572,直连,,102.1607428205666,122.0
Q23-010,leg2-cruise,5524.95163889977,5532.126057172565,直连,,114.93256185088491,122.0
Q23-021,leg1-cruise,5525.416292990053,5532.576190822527,直连,,94.19709972496159,122.0
Q23-014,S005-handoff,5527.636329288549,5557.636329288549,中继,R3-004,124.54339790767136,122.0
Q23-009,leg1-cruise,5531.344857105572,5538.784462656361,直连,,102.71992307526855,122.0
Q23-010,leg2-cruise,5532.126057172565,5539.300475445361,直连,,114.76251574875623,122.0
Q23-021,leg1-cruise,5532.576190822527,5539.736088655001,直连,,95.79385280598369,122.0
Q23-009,leg1-cruise,5538.784462656361,5546.22406820715,直连,,103.24855670667814,122.0
Q23-010,leg2-cruise,5539.300475445361,5546.474893718158,直连,,114.5890813774183,122.0
Q23-021,leg1-cruise,5539.736088655001,5546.895986487476,直连,,97.15846268302515,122.0
Q23-009,leg1-cruise,5546.22406820715,5553.663673757938,直连,,103.74943682396247,122.0
Q23-010,leg2-cruise,5546.474893718158,5553.649311990953,直连,,114.41212127406634,122.0
Q23-021,leg1-cruise,5546.895986487476,5554.055884319951,直连,,98.3463182189183,122.0
Q23-010,leg2-cruise,5553.649311990953,5560.823730263748,直连,,114.2314894575128,122.0
Q23-009,leg1-cruise,5553.663673757938,5561.103279308727,直连,,104.225056655451,122.0
Q23-021,leg1-cruise,5554.055884319951,5561.215782152425,直连,,99.39625061695511,122.0
Q23-014,S005-handoff,5557.636329288549,5587.636329288549,中继,R3-004,124.54339790767136,122.0
Q23-010,leg2-cruise,5560.823730263748,5567.998148536544,直连,,114.04703071131036,122.0
Q23-009,leg1-cruise,5561.103279308727,5568.542884859516,直连,,104.67763394661509,122.0
Q23-021,leg1-cruise,5561.215782152425,5568.3756799849,直连,,100.3360530063354,122.0
Q23-010,leg2-cruise,5567.998148536544,5575.17256680934,直连,,113.858579790048,122.0
Q23-021,leg1-cruise,5568.3756799849,5575.535577817374,直连,,101.1861213728429,122.0
Q23-009,leg1-cruise,5568.542884859516,5575.982490410304,直连,,105.10913926659023,122.0
Q23-010,leg2-cruise,5575.17256680934,5582.346985082136,直连,,113.66596053875546,122.0
Q23-021,leg1-cruise,5575.535577817374,5582.695475649848,直连,,101.96178806165528,122.0
Q23-009,leg1-cruise,5575.982490410304,5583.422095961093,直连,,105.52132430877639,122.0
Q23-010,leg2-cruise,5582.346985082136,5589.521403354931,直连,,113.46898491377439,122.0
Q23-021,leg1-cruise,5582.695475649848,5589.855373482322,直连,,102.67483298554588,122.0
Q23-009,leg1-cruise,5583.422095961093,5590.861701511882,直连,,105.91574834731408,122.0
Q23-014,S005-handoff,5587.636329288549,5617.636329288549,中继,R3-004,124.54339790767136,122.0
Q23-010,leg2-cruise,5589.521403354931,5596.695821627727,直连,,113.26745189161115,122.0
Q23-021,leg1-cruise,5589.855373482322,5597.015271314796,直连,,103.33448347839128,122.0
Q23-009,leg1-cruise,5590.861701511882,5598.301307062671,直连,,106.29380210806448,122.0
Q23-010,leg2-cruise,5596.695821627727,5603.870239900523,直连,,113.06114625007972,122.0
Q23-021,leg1-cruise,5597.015271314796,5604.175169147271,直连,,103.9480917871973,122.0
Q23-009,leg1-cruise,5598.301307062671,5605.74091261346,直连,,106.65672887837272,122.0
Q23-010,leg2-cruise,5603.870239900523,5611.044658173319,直连,,112.84983720343789,122.0
Q23-021,leg1-cruise,5604.175169147271,5611.3350669797455,直连,,104.52160497024411,122.0
Q23-009,leg1-cruise,5605.74091261346,5613.1805181642485,直连,,107.00564295900575,122.0
Q23-010,leg2-cruise,5611.044658173319,5618.219076446114,直连,,112.63327687009279,122.0
Q23-021,leg1-cruise,5611.3350669797455,5618.49496481222,直连,,105.05989799228443,122.0
Q23-009,leg1-cruise,5613.1805181642485,5620.620123715037,直连,,107.34154568660203,122.0
Q23-014,leg2-climb,5617.636329288549,5639.538144067195,中继,R3-004,124.5440446855257,122.0
Q23-010,leg2-cruise,5618.219076446114,5625.39349471891,直连,,112.41119854769859,122.0
Q23-021,leg1-cruise,5618.49496481222,5625.654862644695,直连,,105.56701460924374,122.0
Q23-009,leg1-cruise,5620.620123715037,5628.059729265826,直连,,107.66533929831651,122.0
Q23-010,leg2-cruise,5625.39349471891,5632.567912991706,直连,,112.1833147659834,122.0
Q23-021,leg1-cruise,5625.654862644695,5632.814760477169,直连,,106.04634476395523,122.0
Q23-009,leg1-cruise,5628.059729265826,5635.4993348166145,直连,,107.97783891209194,122.0
Q23-010,leg2-cruise,5632.567912991706,5639.742331264501,直连,,111.9493150821733,122.0
Q23-021,leg1-cruise,5632.814760477169,5639.974658309643,直连,,106.50075739905574,122.0
Q23-009,leg1-cruise,5635.4993348166145,5642.938940367403,直连,,108.27978287804144,122.0
Q23-014,leg2-climb,5639.538144067195,5661.439958845841,中继,R3-004,124.5463377611981,122.0
Q23-010,leg2-cruise,5639.742331264501,5646.916749537297,直连,,111.7088635772622,122.0
Q23-021,leg1-cruise,5639.974658309643,5647.134556142117,直连,,106.932701391774,122.0
Q23-009,leg1-cruise,5642.938940367403,5650.378545918192,直连,,108.57184172993215,122.0
Q23-010,leg2-cruise,5646.916749537297,5654.091167810093,直连,,111.46159600332153,122.0
Q23-021,leg1-cruise,5647.134556142117,5654.294453974591,直连,,107.34428331371693,122.0
Q23-009,leg1-cruise,5650.378545918192,5657.81815146898,直连,,108.85462593742642,122.0
Q23-010,leg2-cruise,5654.091167810093,5661.265586082889,直连,,111.20711652211963,122.0
Q23-021,leg1-cruise,5654.294453974591,5661.454351807066,直连,,117.73732808499174,122.0
Q23-009,leg1-cruise,5657.81815146898,5665.257757019769,直连,,109.12869263250693,122.0
Q23-010,leg2-cruise,5661.265586082889,5668.440004355684,直连,,110.94499396313576,122.0
Q23-014,leg2-cruise,5661.439958845841,5667.258275394803,中继,R3-004,124.49066980547862,122.0
Q23-021,leg1-cruise,5661.454351807066,5668.6142496395405,直连,,118.11342682536738,122.0
Q23-009,leg1-cruise,5665.257757019769,5672.697362570558,直连,,109.39455145837879,122.0
Q23-014,leg2-cruise,5667.258275394803,5673.076591943765,中继,R3-004,124.37489651093098,122.0
Q23-010,leg2-cruise,5668.440004355684,5675.61442262848,直连,,110.67475751392843,122.0
Q23-021,leg1-cruise,5668.6142496395405,5675.774147472015,直连,,118.47397499957951,122.0
Q23-009,leg1-cruise,5672.697362570558,5680.136968121346,直连,,109.6526696673569,122.0
Q23-014,leg2-cruise,5673.076591943765,5678.894908492727,中继,R3-004,124.25756108982122,122.0
Q23-010,leg2-cruise,5675.61442262848,5682.788840901276,直连,,110.39589173700932,122.0
Q23-021,leg1-cruise,5675.774147472015,5682.93404530449,直连,,118.82020311754465,122.0
Q23-014,leg2-cruise,5678.894908492727,5684.713225041689,中继,R3-004,124.13862086225969,122.0
Q23-009,leg1-cruise,5680.136968121346,5687.576573672135,直连,,109.90347657507847,122.0
Q23-010,leg2-cruise,5682.788840901276,5689.963259174072,直连,,110.10783078375961,122.0
Q23-021,leg1-cruise,5682.93404530449,5690.093943136964,直连,,119.1532016612721,122.0
Q23-014,leg2-cruise,5684.713225041689,5690.531541590651,中继,R3-004,124.01803137723857,122.0
Q23-009,leg1-cruise,5687.576573672135,5695.016179222924,直连,,110.14736746207129,122.0
Q23-010,leg2-cruise,5689.963259174072,5697.137677446867,直连,,109.80995164619769,122.0
Q23-021,leg1-cruise,5690.093943136964,5697.253840969438,直连,,119.47394148969799,122.0
Q23-014,leg2-cruise,5690.531541590651,5696.3498581396125,中继,R3-004,123.89574631339794,122.0
Q23-009,leg1-cruise,5695.016179222924,5702.455784773712,直连,,110.38470700000346,122.0
Q23-014,leg2-cruise,5696.3498581396125,5702.168174688575,中继,R3-004,123.77171737274143,122.0
Q23-010,leg2-cruise,5697.137677446867,5704.3120957196625,直连,,109.50156624966269,122.0
Q23-021,leg1-cruise,5697.253840969438,5704.413738801912,直连,,119.78329066836218,122.0
Q23-014,leg2-cruise,5702.168174688575,5707.986491237537,中继,R3-004,123.64589416670711,122.0
Q23-009,leg1-cruise,5702.455784773712,5709.895390324501,直连,,110.61583226811511,122.0
Q23-010,leg2-cruise,5704.3120957196625,5711.486513992459,直连,,109.1819121412666,122.0
Q23-021,leg1-cruise,5704.413738801912,5711.573636634386,直连,,120.08202844804092,122.0
Q23-014,leg2-cruise,5707.986491237537,5713.804807786499,中继,R3-004,123.51822409392798,122.0
Q23-009,leg1-cruise,5709.895390324501,5717.33499587529,直连,,110.84105541550976,122.0
Q23-010,leg2-cruise,5711.486513992459,5718.660932265255,直连,,108.85014146696328,122.0
Q23-021,leg1-cruise,5711.573636634386,5718.733534466861,直连,,120.37085695135563,122.0
Q23-014,leg2-cruise,5713.804807786499,5719.623124335461,中继,R3-004,123.38865220893094,122.0
Q23-009,leg1-cruise,5717.33499587529,5724.774601426078,直连,,111.0606660167501,122.0
Q23-010,leg2-cruise,5718.660932265255,5725.83535053805,直连,,108.50530784965876,122.0
Q23-021,leg1-cruise,5718.733534466861,5725.8934322993355,直连,,120.65041100294316,122.0
Q23-014,leg2-cruise,5719.623124335461,5731.259757433385,中继,R3-004,123.1906021370504,122.0
Q23-009,leg1-cruise,5724.774601426078,5732.214206976867,直连,,111.27493316113397,122.0
Q23-010,leg2-cruise,5725.83535053805,5733.009768810845,直连,,108.14635067588446,122.0
Q23-021,leg1-cruise,5725.8934322993355,5733.05333013181,直连,,120.92126644533064,122.0
Q23-014,leg2-cruise,5731.259757433385,5742.8963905313085,中继,R3-004,122.91932044105933,122.0
Q23-009,leg1-cruise,5732.214206976867,5739.653812527656,直连,,111.4841073101284,122.0
Q23-010,leg2-cruise,5733.009768810845,5740.1841870836415,直连,,107.77207616025292,122.0
Q23-021,leg1-cruise,5733.05333013181,5740.213227964285,直连,,121.18394721149924,122.0
Q23-009,leg1-cruise,5739.653812527656,5747.093418078444,直连,,111.688421952598,122.0
Q23-010,leg2-cruise,5740.1841870836415,5747.358605356438,直连,,107.38113437345858,122.0
Q23-021,leg1-cruise,5740.213227964285,5747.373125796759,直连,,121.43893137025623,122.0
Q23-014,leg2-cruise,5742.8963905313085,5754.533023629233,中继,R3-004,122.63930697585411,122.0
Q23-009,leg1-cruise,5747.093418078444,5754.533023629233,直连,,121.88809508307796,122.0
Q23-010,leg2-cruise,5747.358605356438,5754.533023629233,直连,,106.9719911737791,122.0
Q23-021,leg1-cruise,5747.373125796759,5754.533023629233,直连,,121.68665631806816,122.0
Q23-009,leg1-cruise,5754.533023629233,5760.715424828662,中继,R3-005,122.06700114047868,122.0
Q23-010,leg2-cruise,5754.533023629233,5760.715424828662,直连,,106.57324181790315,122.0
Q23-014,leg2-cruise,5754.533023629233,5760.715424828662,中继,R3-004,122.41865516197416,122.0
Q23-021,leg1-cruise,5754.533023629233,5760.715424828662,中继,R3-005,121.91129159297346,122.0
Q23-009,leg1-cruise,5760.715424828662,5766.897826028093,中继,R3-005,122.22629869772513,122.0
Q23-010,leg2-cruise,5760.715424828662,5766.897826028093,直连,,106.18729660019383,122.0
Q23-014,leg2-cruise,5760.715424828662,5766.897826028093,中继,R3-004,122.26218666904244,122.0
Q23-021,leg1-cruise,5760.715424828662,5766.897826028093,中继,R3-005,122.11441525209055,122.0
Q23-022,leg1-climb,5762.527,5779.262628426954,直连,,39.32559516179167,122.0
Q23-009,leg1-cruise,5766.897826028093,5773.080227227523,中继,R3-005,122.38275664177658,122.0
Q23-010,leg2-cruise,5766.897826028093,5773.080227227523,直连,,105.78369387319687,122.0
Q23-014,leg2-cruise,5766.897826028093,5773.080227227523,中继,R3-004,122.10285337519495,122.0
Q23-021,leg1-cruise,5766.897826028093,5773.080227227523,中继,R3-005,122.31290430388819,122.0
Q23-009,leg1-cruise,5773.080227227523,5779.262628426954,中继,R3-005,122.536473411723,122.0
Q23-010,leg2-cruise,5773.080227227523,5779.262628426954,直连,,105.36077194928592,122.0
Q23-014,leg2-cruise,5773.080227227523,5779.262628426954,中继,R3-004,121.94054863556296,122.0
Q23-021,leg1-cruise,5773.080227227523,5779.262628426954,中继,R3-005,122.50696521338494,122.0
Q23-009,leg1-cruise,5779.262628426954,5786.290889033378,中继,R3-005,122.69778240254523,122.0
Q23-010,leg2-cruise,5779.262628426954,5786.673762246766,直连,,104.87125231254235,122.0
Q23-014,leg2-cruise,5779.262628426954,5786.626545275773,直连,,121.75919032086318,122.0
Q23-021,leg1-cruise,5779.262628426954,5785.925106795364,中继,R3-005,122.70407826947614,122.0
Q23-022,leg1-climb,5779.262628426954,5805.470464198698,直连,,74.79789725253661,122.0
Q23-021,leg1-cruise,5785.925106795364,5792.587585163774,中继,R3-005,122.90394479690491,122.0
Q23-009,leg1-cruise,5786.290889033378,5793.319149639803,中继,R3-005,122.86622204055084,122.0
Q23-014,leg2-cruise,5786.626545275773,5793.990462124593,直连,,111.55762979663777,122.0
Q23-010,leg2-cruise,5786.673762246766,5794.08489606658,直连,,104.3047895195279,122.0
Q23-021,leg1-cruise,5792.587585163774,5799.250063532183,中继,R3-005,123.09932132158735,122.0
Q23-009,leg1-cruise,5793.319149639803,5800.347410246228,中继,R3-005,123.03148542385553,122.0
Q23-014,leg2-cruise,5793.990462124593,5801.354378973412,直连,,111.35129171717415,122.0
Q23-010,leg2-cruise,5794.08489606658,5801.496029886393,直连,,103.69981541333024,122.0
Q23-021,leg1-cruise,5799.250063532183,5805.912541900593,中继,R3-005,123.29040490076014,122.0
Q23-009,leg1-cruise,5800.347410246228,5807.3756708526535,中继,R3-005,123.19368908744973,122.0
Q23-014,leg2-cruise,5801.354378973412,5808.718295822232,直连,,111.13994465791197,122.0
Q23-010,leg2-cruise,5801.496029886393,5808.907163706206,直连,,103.05089082756164,122.0
Q23-022,leg1-climb,5805.470464198698,5831.678299970443,直连,,81.64641960023107,122.0
Q23-021,leg1-cruise,5805.912541900593,5812.575020269003,中继,R3-005,123.47737991258714,122.0
Q23-009,leg1-cruise,5807.3756708526535,5814.403931459079,中继,R3-005,123.35294332407305,122.0
Q23-014,leg2-cruise,5808.718295822232,5816.082212671052,直连,,110.92334000564551,122.0
Q23-010,leg2-cruise,5808.907163706206,5816.318297526019,直连,,102.3513903470269,122.0
Q23-021,leg1-cruise,5812.575020269003,5819.237498637413,中继,R3-005,123.66041911982532,122.0
Q23-009,leg1-cruise,5814.403931459079,5821.432192065504,中继,R3-005,123.50935261826979,122.0
Q23-014,leg2-cruise,5816.082212671052,5823.446129519871,直连,,110.70121021788019,122.0
Q23-010,leg2-cruise,5816.318297526019,5823.7294313458315,直连,,101.59315469427143,122.0
Q23-021,leg1-cruise,5819.237498637413,5825.8999770058235,中继,R3-005,123.83968462437781,122.0
Q23-009,leg1-cruise,5821.432192065504,5828.460452671929,中继,R3-005,123.66301604367506,122.0
Q23-014,leg2-cruise,5823.446129519871,5830.810046368691,直连,,110.47326685678915,122.0
Q23-010,leg2-cruise,5823.7294313458315,5831.140565165644,直连,,100.76602188371257,122.0
Q23-021,leg1-cruise,5825.8999770058235,5832.562455374234,中继,R3-005,124.01532872584784,122.0
Q23-009,leg1-cruise,5828.460452671929,5835.488713278353,中继,R3-005,123.81402762724144,122.0
Q23-014,leg2-cruise,5830.810046368691,5838.17396321751,直连,,110.23919836195111,122.0
Q23-010,leg2-cruise,5831.140565165644,5838.551698985458,直连,,99.85719813807745,122.0
Q23-022,leg1-climb,5831.678299970443,5857.886135742187,直连,,85.42756453960196,122.0
Q23-021,leg1-cruise,5832.562455374234,5839.224933742644,中继,R3-005,124.18749469547492,122.0
Q23-009,leg1-cruise,5835.488713278353,5842.516973884778,中继,R3-005,123.96247668355369,122.0
Q23-014,leg2-cruise,5838.17396321751,5845.537880066329,直连,,109.9986675191947,122.0
Q23-010,leg2-cruise,5838.551698985458,5845.962832805271,直连,,98.85043662705779,122.0
Q23-021,leg1-cruise,5839.224933742644,5845.887412111053,中继,R3-005,124.35631747522345,122.0
Q23-009,leg1-cruise,5842.516973884778,5849.545234491204,中继,R3-005,124.1084481221716,122.0
Q23-014,leg2-cruise,5845.537880066329,5852.901796915149,直连,,109.75130857461187,122.0
Q23-021,leg1-cruise,5845.887412111053,5852.549890479463,中继,R3-005,124.52192431057294,122.0
Q23-010,leg2-cruise,5845.962832805271,5853.373966625084,直连,,97.7250560860194,122.0
Q23-009,leg1-cruise,5849.545234491204,5856.573495097629,中继,R3-005,124.2520227304841,122.0
Q23-021,leg1-cruise,5852.549890479463,5859.212368847873,中继,R3-005,124.6844353243703,122.0
Q23-014,leg2-cruise,5852.901796915149,5860.265713763969,直连,,109.49672393256782,122.0
Q23-010,leg2-cruise,5853.373966625084,5860.785100444897,直连,,96.45510354730399,122.0
Q23-009,leg1-cruise,5856.573495097629,5863.601755704054,中继,R3-005,124.39327743442072,122.0
Q23-022,leg1-cruise,5857.886135742187,5864.5132884677205,直连,,87.05849741150615,122.0
Q23-021,leg1-cruise,5859.212368847873,5865.874847216283,中继,R3-005,124.84396403823982,122.0
Q23-014,leg2-cruise,5860.265713763969,5867.629630612788,直连,,109.23448036387542,122.0
Q23-010,leg2-cruise,5860.785100444897,5868.196234264709,直连,,95.0099817278531,122.0
Q23-009,leg1-cruise,5863.601755704054,5870.630016310479,中继,R3-005,124.5322855389933,122.0
Q23-022,leg1-cruise,5864.5132884677205,5871.1404411932535,直连,,88.50095717219611,122.0
Q23-021,leg1-cruise,5865.874847216283,5872.5373255846935,中继,R3-005,125.00061784716189,122.0
Q23-014,leg2-cruise,5867.629630612788,5874.993547461608,直连,,108.96410463473497,122.0
Q23-010,leg2-cruise,5868.196234264709,5875.607368084522,直连,,93.36155434595106,122.0
Q23-009,leg1-cruise,5870.630016310479,5877.658276916904,中继,R3-005,124.66911695055657,122.0
Q23-022,leg1-cruise,5871.1404411932535,5877.767593918787,直连,,90.44672334038428,122.0
Q23-021,leg1-cruise,5872.5373255846935,5879.199803953104,中继,R3-005,125.15449845220819,122.0
Q23-014,leg2-cruise,5874.993547461608,5882.3574643104275,直连,,108.6850784473632,122.0
Q23-010,leg2-cruise,5875.607368084522,5883.018501904336,直连,,91.51576511144258,122.0
Q23-009,leg1-cruise,5877.658276916904,5884.686537523328,中继,R3-005,124.80383838235743,122.0
Q23-022,leg1-cruise,5877.767593918787,5884.39474664432,直连,,92.3266407138302,122.0
Q23-021,leg1-cruise,5879.199803953104,5885.862282321514,中继,R3-005,125.30570225574564,122.0
Q23-014,leg2-cruise,5882.3574643104275,5889.721381159246,直连,,108.39683255874692,122.0
Q23-010,leg2-cruise,5883.018501904336,5890.429635724149,直连,,89.6243436301624,122.0
Q23-022,leg1-cruise,5884.39474664432,5891.021899369853,直连,,93.9952947412322,122.0
Q23-009,leg1-cruise,5884.686537523328,5891.714798129754,中继,R3-005,124.93651354490825,122.0
Q23-021,leg1-cruise,5885.862282321514,5892.524760689924,中继,R3-005,125.45432072297724,122.0
Q23-014,leg2-cruise,5889.721381159246,5897.085298008066,直连,,108.09873991283881,122.0
Q23-010,leg2-cruise,5890.429635724149,5897.840769543962,直连,,88.24040348656598,122.0
Q23-022,leg1-cruise,5891.021899369853,5897.649052095387,直连,,95.45277223680036,122.0
Q23-009,leg1-cruise,5891.714798129754,5898.74305873618,中继,R3-005,125.0672033224401,122.0
Q23-021,leg1-cruise,5892.524760689924,5899.187239058334,中继,R3-005,125.60044071317597,122.0
Q23-014,leg2-cruise,5897.085298008066,5904.449214856886,直连,,107.79010758189183,122.0
Q23-022,leg1-cruise,5897.649052095387,5904.27620482092,直连,,96.730641576951,122.0
Q23-010,leg2-descent,5897.840769543962,5924.894686169939,直连,,86.77227563314877,122.0
Q23-009,leg1-cruise,5898.74305873618,5905.771319342604,中继,R3-005,125.19596593669094,122.0
Q23-021,leg1-cruise,5899.187239058334,5905.849717426743,中继,R3-005,125.74414478362246,122.0
Q23-022,leg1-cruise,5904.27620482092,5910.903357546453,直连,,97.86133502949933,122.0
Q23-014,leg2-cruise,5904.449214856886,5911.813131705705,直连,,107.47016726197147,122.0
Q23-009,leg1-cruise,5905.771319342604,5912.799579949029,中继,R3-005,125.32285709903874,122.0
Q23-021,leg1-cruise,5905.849717426743,5912.512195795153,中继,R3-005,125.88551146889927,122.0
Q23-022,leg1-cruise,5910.903357546453,5917.530510271986,直连,,98.87180931861715,122.0
Q23-014,leg2-cruise,5911.813131705705,5919.177048554525,直连,,107.13806400201398,122.0
Q23-021,leg1-cruise,5912.512195795153,5919.174674163563,中继,R3-005,126.02461553788764,122.0
Q23-009,leg1-cruise,5912.799579949029,5919.827840555454,中继,R3-005,125.44793015201233,122.0
Q23-022,leg1-cruise,5917.530510271986,5924.157662997519,直连,,99.78331855380208,122.0
Q23-021,leg1-cruise,5919.174674163563,5925.837152531973,中继,R3-005,126.16152823058583,122.0
Q23-014,leg2-cruise,5919.177048554525,5926.540965403345,直连,,106.79284276043047,122.0
Q23-009,leg1-cruise,5919.827840555454,5926.8561011618785,中继,R3-005,125.57123620099718,122.0
Q23-022,leg1-cruise,5924.157662997519,5930.784815723052,直连,,100.61245128682769,122.0
Q23-010,leg2-descent,5924.894686169939,5951.948602795916,直连,,83.52301912066874,122.0
Q23-021,leg1-cruise,5925.837152531973,5932.499630900383,中继,R3-005,126.29631747660306,122.0
Q23-014,leg2-cruise,5926.540965403345,5933.9048822521645,直连,,106.43343227113844,122.0
Q23-009,leg1-cruise,5926.8561011618785,5933.884361768303,中继,R3-005,125.69282423698643,122.0
Q23-022,leg1-cruise,5930.784815723052,5937.411968448585,直连,,101.37221368924635,122.0
Q23-021,leg1-cruise,5932.499630900383,5939.162109268793,中继,R3-005,126.4290480970183,122.0
Q23-009,leg1-cruise,5933.884361768303,5940.912622374728,中继,R3-005,125.81274125104855,122.0
Q23-014,leg2-cruise,5933.9048822521645,5941.268799100984,直连,,106.0586255521467,122.0
Q23-022,leg1-cruise,5937.411968448585,5944.039121174118,直连,,102.0729046890354,122.0
Q23-021,leg1-cruise,5939.162109268793,5945.824587637203,中继,R3-005,126.55978199108401,122.0
Q23-009,leg1-cruise,5940.912622374728,5947.940882981154,中继,R3-005,125.93103234121133,122.0
Q23-014,leg2-cruise,5941.268799100984,5948.632715949803,直连,,105.6670561911682,122.0
Q23-022,leg1-cruise,5944.039121174118,5950.666273899651,直连,,102.72277475918625,122.0
Q23-021,leg1-cruise,5945.824587637203,5952.487066005613,中继,R3-005,126.68857830913646,122.0
Q23-009,leg1-cruise,5947.940882981154,5954.969143587579,中继,R3-005,126.04774081231443,122.0
Q23-014,leg2-cruise,5948.632715949803,5955.996632798623,直连,,105.2571692740446,122.0
Q23-022,leg1-cruise,5950.666273899651,5957.293426625184,直连,,103.32851179736784,122.0
Q23-010,leg2-descent,5951.948602795916,5979.0025194218915,直连,,78.27227986437379,122.0
Q23-021,leg1-cruise,5952.487066005613,5959.149544374023,中继,R3-005,126.81549361290178,122.0
Q23-009,leg1-cruise,5954.969143587579,5961.997404194004,中继,R3-005,126.16290826941456,122.0
Q23-014,leg2-cruise,5955.996632798623,5963.360549647443,直连,,104.82718545524251,122.0
Q23-022,leg1-cruise,5957.293426625184,5963.920579350717,直连,,103.89559886585758,122.0
Q23-021,leg1-cruise,5959.149544374023,5965.812022742433,中继,R3-005,126.94058202429659,122.0
Q23-009,leg1-cruise,5961.997404194004,5969.025664800429,中继,R3-005,126.27657470519551,122.0
Q23-014,leg2-cruise,5963.360549647443,5970.724466496262,直连,,104.37505616386562,122.0
Q23-022,leg1-cruise,5963.920579350717,5970.54773207625,直连,,114.42857922272192,122.0
Q23-021,leg1-cruise,5965.812022742433,5972.474501110843,中继,R3-005,127.0638953636896,122.0
Q23-009,leg1-cruise,5969.025664800429,5976.053925406854,中继,R3-005,126.38877858187605,122.0
Q23-022,leg1-cruise,5970.54773207625,5977.174884801783,直连,,114.93125456392724,122.0
Q23-014,leg2-cruise,5970.724466496262,5978.088383345082,直连,,103.89840723249146,122.0
Q23-021,leg1-cruise,5972.474501110843,5979.136979479254,中继,R3-005,127.18548327850824,122.0
Q23-009,leg1-cruise,5976.053925406854,5983.08218601328,中继,R3-005,126.49955690798193,122.0
Q23-022,leg1-cruise,5977.174884801783,5983.802037527316,直连,,115.40683493753987,122.0
Q23-014,leg2-cruise,5978.088383345082,5985.4523001939015,直连,,103.39446723919299,122.0
Q23-010,leg2-descent,5979.0025194218915,6006.056436047868,直连,,62.86274878634516,122.0
Q23-021,leg1-cruise,5979.136979479254,5985.799457847663,中继,R3-005,127.30539336300109,122.0
Q23-009,leg1-cruise,5983.08218601328,5990.110446619705,中继,R3-005,126.60894531040934,122.0
Q23-022,leg1-cruise,5983.802037527316,5990.429190252849,直连,,115.85805339432781,122.0
Q23-014,leg2-cruise,5985.4523001939015,5992.816217042721,直连,,102.85997542825555,122.0
Q23-021,leg1-cruise,5985.799457847663,5992.461936216073,中继,R3-005,127.4236712698519,122.0
Q23-009,leg1-cruise,5990.110446619705,5997.13870722613,中继,R3-005,126.71697810206746,122.0
Q23-022,leg1-cruise,5990.429190252849,5997.056342978382,直连,,116.28725464553727,122.0
Q23-021,leg1-descent,5992.461936216073,6014.825499753671,中继,R3-005,127.48168482894788,122.0
Q23-014,leg2-cruise,5992.816217042721,6000.180133891541,直连,,102.29106201527088,122.0
Q23-022,leg1-cruise,5997.056342978382,6003.6834957039155,直连,,116.69646435378466,122.0
Q23-009,leg1-cruise,5997.13870722613,6004.166967832554,中继,R3-005,126.82368834547833,122.0
Q23-014,leg2-cruise,6000.180133891541,6007.54405074036,直连,,101.6830906719037,122.0
Q23-022,leg1-cruise,6003.6834957039155,6010.3106484294485,直连,,117.08744383710463,122.0
Q23-009,leg1-cruise,6004.166967832554,6011.195228438979,中继,R3-005,126.92910791255848,122.0
Q23-014,leg2-cruise,6007.54405074036,6014.90796758918,直连,,101.03044854892373,122.0
Q23-022,leg1-cruise,6010.3106484294485,6016.937801154982,直连,,117.46173366947639,122.0
Q23-009,leg1-cruise,6011.195228438979,6018.223489045404,中继,R3-005,127.03326754091437,122.0
Q23-021,leg1-descent,6014.825499753671,6037.189063291268,中继,R3-005,127.48086616195124,122.0
Q23-014,leg2-cruise,6014.90796758918,6022.271884438,直连,,100.32626263144886,122.0
Q23-022,leg1-cruise,6016.937801154982,6023.564953880515,直连,,117.82068874310441,122.0
Q23-009,leg1-cruise,6018.223489045404,6025.2517496518285,中继,R3-005,127.13619688683215,122.0
Q23-014,leg2-cruise,6022.271884438,6029.635801286819,直连,,99.56201156809973,122.0
Q23-022,leg1-cruise,6023.564953880515,6030.192106606048,直连,,118.1655067012211,122.0
Q23-009,leg1-cruise,6025.2517496518285,6032.280010258254,中继,R3-005,127.23792457524705,122.0
Q23-014,leg2-cruise,6029.635801286819,6036.9997181356375,直连,,98.7269883289308,122.0
Q23-022,leg1-cruise,6030.192106606048,6036.819259331582,直连,,118.49725117596691,122.0
Q23-009,leg1-descent,6032.280010258254,6062.0538953494,中继,R3-005,127.28592873030037,122.0
Q23-022,leg1-cruise,6036.819259331582,6043.446412057115,直连,,118.81687092023617,122.0
Q23-014,leg2-cruise,6036.9997181356375,6044.363634984457,直连,,97.8075510369207,122.0
Q23-021,S002-handoff,6037.189063291268,6065.474777576983,中继,R3-005,127.4805746284193,122.0
Q23-022,leg1-cruise,6043.446412057115,6050.073564782648,直连,,119.1252156673985,122.0
Q23-014,leg2-cruise,6044.363634984457,6051.727551833277,直连,,96.78608233520322,122.0
Q23-022,leg1-cruise,6050.073564782648,6056.700717508181,直连,,119.42304936339094,122.0
Q23-014,leg2-cruise,6051.727551833277,6059.091468682096,直连,,95.6395892492893,122.0
Q23-022,leg1-cruise,6056.700717508181,6063.327870233714,直连,,119.71106127339367,122.0
Q23-014,leg2-cruise,6059.091468682096,6066.455385530916,直连,,94.33803134550014,122.0
Q23-009,leg1-descent,6062.0538953494,6091.827780440546,中继,R3-005,127.28177265241285,122.0
Q23-022,leg1-cruise,6063.327870233714,6069.955022959247,直连,,119.98987535745832,122.0
Q23-021,S002-handoff,6065.474777576983,6093.760491862697,中继,R3-005,127.4805746284193,122.0
Q23-014,leg2-cruise,6066.455385530916,6073.819302379736,直连,,92.84323331705389,122.0
Q23-022,leg1-descent,6069.955022959247,6095.603942636982,直连,,120.12150523207133,122.0
Q23-014,leg2-cruise,6073.819302379736,6095.911052926194,直连,,91.1125466103192,122.0
Q23-009,leg1-descent,6091.827780440546,6121.601665531692,中继,R3-005,127.27852456433072,122.0
Q23-021,S002-handoff,6093.760491862697,6122.046206148411,中继,R3-005,127.4805746284193,122.0
Q23-022,S006-handoff,6095.603942636982,6125.058488091527,直连,,120.11755663365312,122.0
Q23-014,leg2-cruise,6095.911052926194,6103.274969775014,直连,,85.35491042782337,122.0
Q23-014,leg2-descent,6103.274969775014,6129.769754931264,直连,,83.31699936871911,122.0
Q23-009,S003-handoff,6121.601665531692,6151.601665531692,中继,R3-005,127.27724167653642,122.0
Q23-021,S002-handoff,6122.046206148411,6150.331920434125,中继,R3-005,127.4805746284193,122.0
Q23-022,S006-handoff,6125.058488091527,6154.513033546073,直连,,120.11755663365312,122.0
Q23-014,leg2-descent,6129.769754931264,6156.264540087514,直连,,78.04575938899079,122.0
Q23-021,S002-handoff,6150.331920434125,6178.61763471984,中继,R3-005,127.4805746284193,122.0
Q23-009,S003-handoff,6151.601665531692,6181.601665531692,中继,R3-005,127.27724167653642,122.0
Q23-022,S006-handoff,6154.513033546073,6183.967579000618,直连,,120.11755663365312,122.0
Q23-014,leg2-descent,6156.264540087514,6182.759325243765,直连,,62.41189614159413,122.0
Q23-021,S002-handoff,6178.61763471984,6206.9033490055535,中继,R3-005,127.4805746284193,122.0
Q23-009,S003-handoff,6181.601665531692,6211.601665531692,中继,R3-005,127.27724167653642,122.0
Q23-022,S006-handoff,6183.967579000618,6213.422124455164,直连,,120.11755663365312,122.0
Q23-021,S002-handoff,6206.9033490055535,6235.189063291268,中继,R3-005,127.4805746284193,122.0
Q23-009,S003-handoff,6211.601665531692,6241.601665531692,中继,R3-005,127.27724167653642,122.0
Q23-022,S006-handoff,6213.422124455164,6242.876669909709,直连,,120.11755663365312,122.0
Q23-021,S002-handoff,6235.189063291268,6263.474777576983,中继,R3-005,127.4805746284193,122.0
Q23-009,S003-handoff,6241.601665531692,6271.601665531692,中继,R3-005,127.27724167653642,122.0
Q23-022,S006-handoff,6242.876669909709,6272.331215364255,直连,,120.11755663365312,122.0
Q23-011,leg1-climb,6259.0,6286.245481363932,直连,,66.44393381693273,122.0
Q23-021,S002-handoff,6263.474777576983,6291.760491862697,中继,R3-005,127.4805746284193,122.0
Q23-009,S003-handoff,6271.601665531692,6301.601665531692,中继,R3-005,127.27724167653642,122.0
Q23-022,S006-handoff,6272.331215364255,6301.7857608188,直连,,120.11755663365312,122.0
Q23-011,leg1-climb,6286.245481363932,6313.490962727865,直连,,80.27756706568827,122.0
Q23-021,S002-handoff,6291.760491862697,6320.046206148411,中继,R3-005,127.4805746284193,122.0
Q23-009,S003-handoff,6301.601665531692,6331.601665531692,中继,R3-005,127.27724167653642,122.0
Q23-022,S006-handoff,6301.7857608188,6331.240306273346,直连,,120.11755663365312,122.0
Q23-011,leg1-climb,6313.490962727865,6340.736444091797,直连,,85.36666880989418,122.0
Q23-021,S002-handoff,6320.046206148411,6348.331920434125,中继,R3-005,127.4805746284193,122.0
Q23-022,S006-handoff,6331.240306273346,6360.694851727891,直连,,120.11755663365312,122.0
Q23-009,leg2-climb,6331.601665531692,6356.41323644098,中继,R3-005,127.27852456433072,122.0
Q23-011,leg1-cruise,6340.736444091797,6354.963590030267,直连,,87.34309554964592,122.0
Q23-021,S002-handoff,6348.331920434125,6376.61763471984,中继,R3-005,127.4805746284193,122.0
Q23-011,leg1-cruise,6354.963590030267,6362.077162999502,直连,,90.91360248398198,122.0
Q23-009,leg2-climb,6356.41323644098,6381.224807350268,中继,R3-005,127.28177265241285,122.0
Q23-022,S006-handoff,6360.694851727891,6390.149397182437,直连,,120.11755663365312,122.0
Q23-011,leg1-cruise,6362.077162999502,6369.1907359687375,直连,,92.84626607020462,122.0
Q23-012,leg1-climb,6366.057,6395.663617024739,直连,,67.80555392616309,122.0
Q23-011,leg1-cruise,6369.1907359687375,6383.417881907208,直连,,94.54568693915542,122.0
Q23-021,S002-handoff,6376.61763471984,6404.9033490055535,中继,R3-005,127.4805746284193,122.0
Q23-009,leg2-climb,6381.224807350268,6406.036378259556,中继,R3-005,127.28592873030037,122.0
Q23-011,leg1-cruise,6383.417881907208,6390.531454876443,直连,,97.311506890386,122.0
Q23-022,S006-handoff,6390.149397182437,6419.603942636982,直连,,120.11755663365312,122.0
Q23-011,leg1-cruise,6390.531454876443,6397.645027845678,直连,,98.45012597681749,122.0
Q23-012,leg1-climb,6395.663617024739,6425.270234049479,直连,,81.13343784432796,122.0
Q23-011,leg1-cruise,6397.645027845678,6411.872173784148,直连,,99.46612331181052,122.0
Q23-021,S002-handoff,6404.9033490055535,6433.189063291268,中继,R3-005,127.4805746284193,122.0
Q23-009,leg2-cruise,6406.036378259556,6413.239826246028,中继,R3-005,127.23666401731012,122.0
Q23-011,leg1-cruise,6411.872173784148,6418.985746753383,直连,,101.2137154412749,122.0
Q23-009,leg2-cruise,6413.239826246028,6420.443274232502,中继,R3-005,127.13237024015712,122.0
Q23-011,leg1-cruise,6418.985746753383,6426.099319722618,直连,,101.97573713041542,122.0
Q23-022,leg2-climb,6419.603942636982,6447.160075449481,直连,,120.12298809078148,122.0
Q23-009,leg2-cruise,6420.443274232502,6427.646722218975,中继,R3-005,127.02681304380489,122.0
Q23-012,leg1-climb,6425.270234049479,6454.876851074218,直连,,86.16338592443435,122.0
Q23-011,leg1-cruise,6426.099319722618,6433.212892691853,直连,,102.67818760400209,122.0
Q23-009,leg2-cruise,6427.646722218975,6434.850170205447,中继,R3-005,126.91996155454422,122.0
Q23-021,leg2-climb,6433.189063291268,6451.0799141213465,中继,R3-005,127.48086616195124,122.0
Q23-011,leg1-cruise,6433.212892691853,6440.326465661088,直连,,103.32945332641877,122.0
Q23-009,leg2-cruise,6434.850170205447,6442.05361819192,中继,R3-005,126.81178375720059,122.0
Q23-011,leg1-cruise,6440.326465661088,6447.440038630322,直连,,103.93631521926375,122.0
Q23-009,leg2-cruise,6442.05361819192,6449.257066178393,中继,R3-005,126.70224643838232,122.0
Q23-022,leg2-climb,6447.160075449481,6474.716208261982,直连,,120.13686511781862,122.0
Q23-011,leg1-cruise,6447.440038630322,6454.553611599557,直连,,104.50432161341604,122.0
Q23-009,leg2-cruise,6449.257066178393,6456.460514164866,中继,R3-005,126.59131512617157,122.0
Q23-021,leg2-climb,6451.0799141213465,6468.970764951425,中继,R3-005,127.48168482894788,122.0
Q23-011,leg1-cruise,6454.553611599557,6461.667184568792,直连,,105.03806259932016,122.0
Q23-012,leg1-climb,6454.876851074218,6484.483468098958,直连,,89.32818788745575,122.0
Q23-009,leg2-cruise,6456.460514164866,6463.663962151339,中继,R3-005,126.47895402598994,122.0
Q23-011,leg1-cruise,6461.667184568792,6468.7807575380275,直连,,105.54137415151963,122.0
Q23-009,leg2-cruise,6463.663962151339,6470.867410137812,中继,R3-005,126.36512595234171,122.0
Q23-011,leg1-cruise,6468.7807575380275,6475.894330507263,直连,,106.01749185685047,122.0
Q23-021,leg2-cruise,6468.970764951425,6476.260253694894,中继,R3-005,127.41814161073731,122.0
Q23-009,leg2-cruise,6470.867410137812,6478.070858124285,中继,R3-005,126.2497922561186,122.0
Q23-022,leg2-climb,6474.716208261982,6502.272341074482,直连,,120.15472773132294,122.0
Q23-011,leg1-cruise,6475.894330507263,6483.007903476498,直连,,106.46916809821208,122.0
Q23-021,leg2-cruise,6476.260253694894,6483.549742438363,中继,R3-005,127.28856610713703,122.0
Q23-009,leg2-cruise,6478.070858124285,6485.274306110758,中继,R3-005,126.13291274711167,122.0
Q23-011,leg1-cruise,6483.007903476498,6490.121476445733,直连,,106.8987624317182,122.0
Q23-021,leg2-cruise,6483.549742438363,6490.8392311818325,中继,R3-005,127.15702914432002,122.0
Q23-012,leg1-climb,6484.483468098958,6514.0900851236975,直连,,91.6427926864653,122.0
Q23-009,leg2-cruise,6485.274306110758,6492.477754097231,中继,R3-005,126.01444561135983,122.0
Q23-011,leg1-cruise,6490.121476445733,6497.235049414968,直连,,107.30831206779366,122.0
Q23-021,leg2-cruise,6490.8392311818325,6498.128719925302,中继,R3-005,127.02347045798768,122.0
Q23-009,leg2-cruise,6492.477754097231,6499.681202083704,中继,R3-005,125.89434732289256,122.0
Q23-011,leg1-cruise,6497.235049414968,6504.348622384203,直连,,107.69958741384993,122.0
Q23-021,leg2-cruise,6498.128719925302,6505.4182086687715,中继,R3-005,126.88782696459933,122.0
Q23-009,leg2-cruise,6499.681202083704,6506.884650070177,中继,R3-005,125.77257254944023,122.0
Q23-022,leg2-climb,6502.272341074482,6529.828473886982,直连,,120.17652677717716,122.0
Q23-011,leg1-cruise,6504.348622384203,6511.462195353438,直连,,108.07413627544302,122.0
Q23-021,leg2-cruise,6505.4182086687715,6512.707697412241,中继,R3-005,126.75003258282706,122.0
Q23-009,leg2-cruise,6506.884650070177,6514.088098056649,中继,R3-005,125.64907405158979,122.0
Q23-011,leg1-cruise,6511.462195353438,6518.575768322673,直连,,108.43331935513747,122.0
Q23-021,leg2-cruise,6512.707697412241,6519.997186155711,中继,R3-005,126.61001804065913,122.0
Q23-009,leg2-cruise,6514.088098056649,6521.291546043122,中继,R3-005,125.52380257484194,122.0
Q23-012,leg1-cruise,6514.0900851236975,6521.255696967195,直连,,92.6727692819058,122.0
Q23-011,leg1-cruise,6518.575768322673,6525.689341291908,直连,,108.7783390069874,122.0
Q23-021,leg2-cruise,6519.997186155711,6527.28667489918,中继,R3-005,126.46771066675265,122.0
Q23-012,leg1-cruise,6521.255696967195,6528.421308810693,直连,,93.18988913831774,122.0
Q23-009,leg2-cruise,6521.291546043122,6528.494994029596,中继,R3-005,125.39670673396502,122.0
Q23-011,leg1-cruise,6525.689341291908,6532.802914261143,直连,,109.1102627144659,122.0
Q23-021,leg2-cruise,6527.28667489918,6534.57616364265,中继,R3-005,126.32303416444279,122.0
Q23-012,leg1-cruise,6528.421308810693,6535.58692065419,直连,,94.0695130435605,122.0
Q23-009,leg2-cruise,6528.494994029596,6535.698442016068,中继,R3-005,125.26773288897981,122.0
Q23-022,leg2-cruise,6529.828473886982,6536.818733225657,直连,,120.22588725994746,122.0
Q23-011,leg1-cruise,6532.802914261143,6539.916487230378,直连,,109.43004240345948,122.0
Q23-021,leg2-cruise,6534.57616364265,6541.865652386119,中继,R3-005,126.17590836668076,122.0
Q23-012,leg1-cruise,6535.58692065419,6542.752532497688,直连,,95.12468104695489,122.0
Q23-009,leg2-cruise,6535.698442016068,6542.90189000254,中继,R3-005,125.13682501204397,122.0
Q23-022,leg2-cruise,6536.818733225657,6543.808992564331,直连,,110.305724333363,122.0
Q23-011,leg1-cruise,6539.916487230378,6547.030060199613,直连,,109.73853044021155,122.0
Q23-021,leg2-cruise,6541.865652386119,6549.155141129588,中继,R3-005,126.02624896990906,122.0
Q23-012,leg1-cruise,6542.752532497688,6549.918144341185,直连,,96.22247937907505,122.0
Q23-009,leg2-cruise,6542.90189000254,6550.105337989014,中继,R3-005,125.00392454442384,122.0
Q23-015,leg1-climb,6543.0,6570.943625895183,直连,,66.86922826520852,122.0
Q23-022,leg2-cruise,6543.808992564331,6550.799251903006,直连,,110.3929612972856,122.0
Q23-011,leg1-cruise,6547.030060199613,6554.143633168848,直连,,110.0364929699138,122.0
Q23-021,leg2-cruise,6549.155141129588,6556.444629873057,中继,R3-005,125.87396724469228,122.0
Q23-012,leg1-cruise,6549.918144341185,6557.083756184684,直连,,97.29185747483751,122.0
Q23-009,leg2-cruise,6550.105337989014,6557.308785975487,中继,R3-005,124.86897024266634,122.0
Q23-022,leg2-cruise,6550.799251903006,6557.789511241681,直连,,110.48713162726612,122.0
Q23-011,leg1-cruise,6554.143633168848,6561.257206138083,直连,,110.32462110619161,122.0
Q23-021,leg2-cruise,6556.444629873057,6563.734118616527,中继,R3-005,125.7189697205956,122.0
Q23-012,leg1-cruise,6557.083756184684,6564.249368028181,直连,,98.30214612086812,122.0
Q23-009,leg2-cruise,6557.308785975487,6564.512233961959,中继,R3-005,124.73189801297762,122.0
Q23-022,leg2-cruise,6557.789511241681,6564.779770580356,直连,,110.58775617504911,122.0
Q23-011,leg1-cruise,6561.257206138083,6568.370779107318,直连,,110.60354037171943,122.0
Q23-021,leg2-cruise,6563.734118616527,6571.023607359995,中继,R3-005,125.56115784254672,122.0
Q23-012,leg1-cruise,6564.249368028181,6571.414979871679,直连,,99.24385994793883,122.0
Q23-009,leg2-cruise,6564.512233961959,6571.715681948432,中继,R3-005,124.59264073272895,122.0
Q23-022,leg2-cruise,6564.779770580356,6571.770029919031,直连,,110.69434973325554,122.0
Q23-011,leg1-cruise,6568.370779107318,6575.4843520765535,直连,,110.8738187063724,122.0
Q23-015,leg1-climb,6570.943625895183,6598.887251790365,直连,,80.53952980400871,122.0
Q23-021,leg2-cruise,6571.023607359995,6578.313096103465,中继,R3-005,125.40042759550083,122.0
Q23-012,leg1-cruise,6571.414979871679,6578.5805917151765,直连,,100.11736813760969,122.0
Q23-009,leg2-cruise,6571.715681948432,6578.919129934905,中继,R3-005,124.4511280578482,122.0
Q23-022,leg2-cruise,6571.770029919031,6578.760289257705,直连,,110.80642702074478,122.0
Q23-011,leg1-cruise,6575.4843520765535,6582.5979250457885,直连,,111.13597329481962,122.0
Q23-021,leg2-cruise,6578.313096103465,6585.602584846934,中继,R3-005,125.23666909384363,122.0
Q23-012,leg1-cruise,6578.5805917151765,6585.746203558674,直连,,100.9271300940849,122.0
Q23-022,leg2-cruise,6578.760289257705,6585.75054859638,直连,,110.92350799956486,122.0
Q23-009,leg2-cruise,6578.919129934905,6586.122577921378,中继,R3-005,124.30728621478679,122.0
Q23-011,leg1-cruise,6582.5979250457885,6589.711498015024,直连,,111.39047641549931,122.0
Q23-021,leg2-cruise,6585.602584846934,6592.892073590404,中继,R3-005,125.0697661315077,122.0
Q23-012,leg1-cruise,6585.746203558674,6592.911815402172,直连,,101.67896144271862,122.0
Q23-022,leg2-cruise,6585.75054859638,6592.740807935055,直连,,111.04512247287789,122.0
Q23-009,leg2-cruise,6586.122577921378,6593.326025907851,中继,R3-005,124.16103777553985,122.0
Q23-011,leg1-cruise,6589.711498015024,6596.825070984259,直连,,111.63776047392665,122.0
Q23-022,leg2-cruise,6592.740807935055,6599.731067273729,直连,,111.17081394737804,122.0
Q23-021,leg2-cruise,6592.892073590404,6600.181562333873,中继,R3-005,124.89959568816664,122.0
Q23-012,leg1-cruise,6592.911815402172,6600.077427245669,直连,,102.37880390406102,122.0
Q23-009,leg2-cruise,6593.326025907851,6600.529473894324,中继,R3-005,124.01230141405915,122.0
Q23-011,leg1-cruise,6596.825070984259,6603.938643953494,直连,,111.87822235258975,122.0
Q23-015,leg1-cruise,6598.887251790365,6606.223584407947,直连,,83.80932947714741,122.0
Q23-022,leg2-cruise,6599.731067273729,6606.7213266124045,直连,,111.30014277234494,122.0
Q23-012,leg1-cruise,6600.077427245669,6607.243039089167,直连,,103.03221278604391,122.0
Q23-021,leg2-cruise,6600.181562333873,6607.471051077343,中继,R3-005,124.72602738630025,122.0
Q23-009,leg2-cruise,6600.529473894324,6607.732921880797,中继,R3-005,123.860991642197,122.0
Q23-011,leg1-cruise,6603.938643953494,6611.052216922728,直连,,112.11222718544889,122.0
Q23-015,leg1-cruise,6606.223584407947,6613.559917025529,直连,,85.9918103904865,122.0
Q23-022,leg2-cruise,6606.7213266124045,6613.7115859510795,直连,,111.43268859003605,122.0
Q23-012,leg1-cruise,6607.243039089167,6614.408650932664,直连,,103.6441786359892,122.0
Q23-021,leg2-cruise,6607.471051077343,6614.7605398208125,中继,R3-005,124.5489228931286,122.0
Q23-009,leg2-cruise,6607.732921880797,6614.93636986727,中继,R3-005,123.70701852310086,122.0
Q23-011,leg1-cruise,6611.052216922728,6618.165789891963,直连,,112.34011164570677,122.0
Q23-015,leg1-cruise,6613.559917025529,6620.896249643111,直连,,88.52036194838145,122.0
Q23-022,leg2-cruise,6613.7115859510795,6620.701845289755,直连,,121.56805214869199,122.0
Q23-012,leg1-cruise,6614.408650932664,6621.574262776163,直连,,104.2190996555394,122.0
Q23-021,leg2-cruise,6614.7605398208125,6622.050028564282,中继,R3-005,124.36813526057678,122.0
Q23-009,leg2-cruise,6614.93636986727,6622.139817853743,中继,R3-005,123.55028735973202,122.0
Q23-011,leg1-cruise,6618.165789891963,6625.279362861198,直连,,112.56218682002964,122.0
Q23-022,leg2-cruise,6620.701845289755,6627.69210462843,直连,,111.70585654036599,122.0
Q23-015,leg1-cruise,6620.896249643111,6628.232582260694,直连,,90.72671002699629,122.0
Q23-012,leg1-cruise,6621.574262776163,6628.73987461966,直连,,104.76081794102626,122.0
Q23-021,leg2-cruise,6622.050028564282,6629.3395173077515,中继,R3-005,124.18350819539484,122.0
Q23-009,leg2-cruise,6622.139817853743,6629.343265840216,中继,R3-005,123.39069835589379,122.0
Q23-011,leg1-cruise,6625.279362861198,6632.392935830433,直连,,112.77874072992995,122.0
Q23-022,leg2-cruise,6627.69210462843,6634.682363967105,直连,,111.84574793196555,122.0
Q23-015,leg1-cruise,6628.232582260694,6635.568914878277,直连,,92.57672691515728,122.0
Q23-012,leg1-cruise,6628.73987461966,6635.905486463158,直连,,105.27267880287845,122.0
Q23-021,leg2-cruise,6629.3395173077515,6636.62900605122,中继,R3-005,123.99487525040936,122.0
Q23-009,leg2-cruise,6629.343265840216,6636.546713826689,中继,R3-005,123.22814624684071,122.0
Q23-011,leg1-cruise,6632.392935830433,6639.506508799668,中继,R3-005,122.9900405508814,122.0
Q23-022,leg2-cruise,6634.682363967105,6641.67262330578,直连,,111.98739585980164,122.0
Q23-015,leg1-cruise,6635.568914878277,6642.905247495859,直连,,94.14097494227529,122.0
Q23-012,leg1-cruise,6635.905486463158,6643.071098306656,直连,,105.75759454550645,122.0
Q23-009,leg2-cruise,6636.546713826689,6643.750161813161,中继,R3-005,123.06251989618038,122.0
Q23-021,leg2-cruise,6636.62900605122,6643.91849479469,中继,R3-005,123.80205892643075,122.0
Q23-011,leg1-cruise,6639.506508799668,6646.620081768903,中继,R3-005,123.19633457152301,122.0
Q23-022,leg2-cruise,6641.67262330578,6648.662882644455,中继,R3-005,112.13049315694342,122.0
Q23-015,leg1-cruise,6642.905247495859,6650.241580113441,直连,,95.48574184333452,122.0
Q23-012,leg1-cruise,6643.071098306656,6650.236710150153,直连,,106.21810468297318,122.0
Q23-009,leg2-cruise,6643.750161813161,6650.953609799634,中继,R3-005,122.8937018553155,122.0
Q23-021,leg2-cruise,6643.91849479469,6651.207983538159,中继,R3-005,123.60486967273827,122.0
Q23-011,leg1-cruise,6646.620081768903,6653.733654738138,中继,R3-005,123.39785392854958,122.0
Q23-022,leg2-cruise,6648.662882644455,6655.65314198313,中继,R3-005,122.2747555791062,122.0
Q23-012,leg1-cruise,6650.236710150153,6657.402321993651,直连,,106.65642959593573,122.0
Q23-015,leg1-cruise,6650.241580113441,6657.577912731023,直连,,96.66068710473903,122.0
Q23-009,leg2-cruise,6650.953609799634,6658.1570577861075,中继,R3-005,122.72156788127464,122.0
Q23-021,leg2-cruise,6651.207983538159,6658.497472281628,中继,R3-005,123.40310477210409,122.0
Q23-011,leg1-cruise,6653.733654738138,6660.847227707373,中继,R3-005,123.59481414733875,122.0
Q23-022,leg2-cruise,6655.65314198313,6662.643401321804,中继,R3-005,122.41992118976097,122.0
Q23-012,leg1-cruise,6657.402321993651,6664.567933837148,直连,,107.07451696771173,122.0
Q23-015,leg1-cruise,6657.577912731023,6664.914245348606,直连,,97.70178415293066,122.0
Q23-009,leg2-cruise,6658.1570577861075,6665.36050577258,中继,R3-005,122.5459864081477,122.0
Q23-021,leg2-cruise,6658.497472281628,6665.786961025097,中继,R3-005,123.19654709396573,122.0
Q23-011,leg1-cruise,6660.847227707373,6667.960800676608,中继,R3-005,123.78741651379416,122.0
Q23-022,leg2-cruise,6662.643401321804,6669.633660660479,中继,R3-005,122.56574955908005,122.0
Q23-012,leg1-cruise,6664.567933837148,6671.733545680647,直连,,107.4740813595239,122.0
Q23-015,leg1-cruise,6664.914245348606,6672.250577966188,直连,,98.63528939247468,122.0
Q23-009,leg2-cruise,6665.36050577258,6672.563953759052,中继,R3-005,122.36681796675002,122.0
Q23-021,leg2-cruise,6665.786961025097,6673.076449768567,中继,R3-005,122.98496369664046,122.0
Q23-011,leg1-cruise,6667.960800676608,6675.0743736458435,中继,R3-005,123.9758492990579,122.0
Q23-022,leg2-cruise,6669.633660660479,6676.623919999154,中继,R3-005,122.71202082484214,122.0
Q23-012,leg1-cruise,6671.733545680647,6678.899157524144,直连,,107.85663767678842,122.0
Q23-015,leg1-cruise,6672.250577966188,6679.58691058377,直连,,99.48071856787222,122.0
Q23-009,leg2-cruise,6672.563953759052,6679.767401745526,中继,R3-005,122.18391454640299,122.0
Q23-021,leg2-cruise,6673.076449768567,6680.365938512036,中继,R3-005,122.7681042561072,122.0
Q23-011,leg1-cruise,6675.0743736458435,6682.1879466150785,中继,R3-005,124.16028885559841,122.0
Q23-022,leg2-cruise,6676.623919999154,6683.614179337828,中继,R3-005,122.8585346568223,122.0
Q23-012,leg1-cruise,6678.899157524144,6686.064769367642,直连,,108.22352937332833,122.0
Q23-015,leg1-cruise,6679.58691058377,6686.923243201352,直连,,100.25287251629673,122.0
Q23-009,leg2-cruise,6679.767401745526,6686.970849731999,中继,R3-005,121.99711889186432,122.0
Q23-021,leg2-cruise,6680.365938512036,6687.655427255506,中继,R3-005,122.54569929493952,122.0
Q23-011,leg1-cruise,6682.1879466150785,6689.301519584314,中继,R3-005,124.3409006005156,122.0
Q23-022,leg2-cruise,6683.614179337828,6690.604438676503,中继,R3-005,123.00510915985316,122.0
Q23-012,leg1-cruise,6686.064769367642,6693.2303812111395,直连,,108.5759522037803,122.0
Q23-015,leg1-cruise,6686.923243201352,6694.2595758189345,直连,,100.96319569283078,122.0
Q23-009,leg2-cruise,6686.970849731999,6694.174297718471,直连,,121.80626372746977,122.0
Q23-021,leg2-cruise,6687.655427255506,6694.944915998975,中继,R3-005,122.31745818010873,122.0
Q23-011,leg1-cruise,6689.301519584314,6696.415092553549,中继,R3-005,124.51783989967832,122.0
Q23-022,leg2-cruise,6690.604438676503,6697.594698015178,中继,R3-005,113.15157974477742,122.0
Q23-012,leg1-cruise,6693.2303812111395,6700.395993054637,直连,,108.91497424584911,122.0
Q23-009,leg2-cruise,6694.174297718471,6701.377745704945,直连,,111.61117089941351,122.0
Q23-015,leg1-cruise,6694.2595758189345,6701.595908436517,直连,,101.62069562432278,122.0
Q23-021,leg2-cruise,6694.944915998975,6702.234404742445,中继,R3-005,122.08306685258582,122.0
Q23-011,leg1-cruise,6696.415092553549,6703.528665522784,中继,R3-005,124.69125286444451,122.0
Q23-022,leg2-descent,6697.594698015178,6721.780830827678,中继,R3-005,113.22036804297338,122.0
Q23-012,leg1-cruise,6700.395993054637,6707.561604898135,直连,,109.2415528121628,122.0
Q23-009,leg2-cruise,6701.377745704945,6708.581193691418,直连,,111.41165042576775,122.0
Q23-015,leg1-cruise,6701.595908436517,6708.932241054099,直连,,102.23257583960888,122.0
Q23-021,leg2-cruise,6702.234404742445,6709.523893485914,直连,,121.8421852444877,122.0
Q23-011,leg1-cruise,6703.528665522784,6710.642238492019,中继,R3-005,124.86127707110545,122.0
Q23-012,leg1-cruise,6707.561604898135,6714.727216741632,直连,,109.556548773132,122.0
Q23-009,leg2-cruise,6708.581193691418,6715.78464167789,直连,,111.2074994423159,122.0
Q23-015,leg1-cruise,6708.932241054099,6716.268573671681,直连,,102.80467995365913,122.0
Q23-021,leg2-cruise,6709.523893485914,6716.813382229384,直连,,121.59444433081192,122.0
Q23-011,leg1-cruise,6710.642238492019,6717.755811461254,中继,R3-005,125.02804221187003,122.0
Q23-012,leg1-cruise,6714.727216741632,6721.89282858513,直连,,109.8607387246742,122.0
Q23-009,leg2-cruise,6715.78464167789,6722.9880896643635,直连,,110.99850103048746,122.0
Q23-015,leg1-cruise,6716.268573671681,6723.604906289263,直连,,103.341809224577,122.0
Q23-021,leg2-cruise,6716.813382229384,6724.1028709728525,直连,,121.33944275206429,122.0
Q23-011,leg1-cruise,6717.755811461254,6724.869384430489,中继,R3-005,125.19167068504476,122.0
Q23-022,leg2-descent,6721.780830827678,6745.966963640179,中继,R3-005,123.21236949763248,122.0
Q23-012,leg1-cruise,6721.89282858513,6729.058440428627,直连,,110.1548253595192,122.0
Q23-009,leg2-cruise,6722.9880896643635,6730.191537650837,直连,,110.78442291152926,122.0
Q23-015,leg1-cruise,6723.604906289263,6730.941238906846,直连,,103.84795376692081,122.0
Q23-021,leg2-cruise,6724.1028709728525,6731.392359716322,直连,,121.07674293069738,122.0
Q23-011,leg1-cruise,6724.869384430489,6731.982957399724,中继,R3-005,125.35227813108654,122.0
Q23-012,leg1-cruise,6729.058440428627,6736.224052272125,直连,,110.43944633793816,122.0
Q23-009,leg2-cruise,6730.191537650837,6737.394985637309,直连,,110.56501598869019,122.0
Q23-015,leg1-cruise,6730.941238906846,6738.277571524428,直连,,104.32646374750385,122.0
Q23-021,leg2-cruise,6731.392359716322,6738.681848459792,直连,,120.80586658775456,122.0
Q23-011,leg1-cruise,6731.982957399724,6739.096530368959,中继,R3-005,125.50997392037654,122.0
Q23-012,leg1-cruise,6736.224052272125,6743.3896641156225,直连,,120.71518190160162,122.0
Q23-009,leg2-cruise,6737.394985637309,6744.598433623782,直连,,110.34001271620718,122.0
Q23-015,leg1-cruise,6738.277571524428,6745.613904142011,直连,,104.78017811875378,122.0
Q23-021,leg2-cruise,6738.681848459792,6745.97133720326,直连,,120.52628954525858,122.0
Q23-011,leg1-cruise,6739.096530368959,6746.210103338194,中继,R3-005,125.6648615978232,122.0
Q23-012,leg1-cruise,6743.3896641156225,6750.55527595912,直连,,120.98256143157882,122.0
Q23-009,leg2-cruise,6744.598433623782,6751.801881610255,直连,,110.10912527053604,122.0
Q23-015,leg1-cruise,6745.613904142011,6752.950236759593,直连,,105.21152280586449,122.0
Q23-022,leg2-descent,6745.966963640179,6770.153096452678,中继,R3-005,123.20534008004037,122.0
Q23-021,leg2-cruise,6745.97133720326,6753.26082594673,直连,,120.23743567367407,122.0
Q23-011,leg1-cruise,6746.210103338194,6753.323676307429,中继,R3-005,125.81703928880047,122.0
Q23-012,leg1-cruise,6750.55527595912,6757.720887802618,直连,,121.24206911645223,122.0
Q23-009,leg2-cruise,6751.801881610255,6759.005329596728,直连,,109.87204349526222,122.0
Q23-015,leg1-cruise,6752.950236759593,6760.2865693771755,直连,,105.62258657709914,122.0
Q23-021,leg2-cruise,6753.26082594673,6760.550314690199,直连,,119.93866981040026,122.0
Q23-011,leg1-cruise,6753.323676307429,6760.437249276664,中继,R3-005,125.9666000703794,122.0
Q23-012,leg1-cruise,6757.720887802618,6764.886499646116,直连,,121.49414886797774,122.0
Q23-009,leg2-cruise,6759.005329596728,6766.208777583201,直连,,109.62843258639256,122.0
Q23-015,leg1-cruise,6760.2865693771755,6767.622901994758,直连,,116.01518037380657,122.0
Q23-011,leg1-cruise,6760.437249276664,6767.550822245899,中继,R3-005,126.11363231134717,122.0
Q23-021,leg2-cruise,6760.550314690199,6767.839803433669,直连,,119.62928943264967,122.0
Q23-012,leg1-cruise,6764.886499646116,6772.052111489614,直连,,121.73920859828935,122.0
Q23-009,leg2-cruise,6766.208777583201,6773.412225569673,直连,,109.37793047916145,122.0
Q23-011,leg1-cruise,6767.550822245899,6774.664395215134,中继,R3-005,126.25821998411335,122.0
Q23-015,leg1-cruise,6767.622901994758,6774.95923461234,直连,,116.39088421781942,122.0
Q23-021,leg2-cruise,6767.839803433669,6775.129292177138,直连,,119.30851481304526,122.0
Q23-022,leg2-descent,6770.153096452678,6794.339229265179,中继,R3-005,123.19928452541004,122.0
Q23-012,leg1-cruise,6772.052111489614,6779.217723333111,中继,R3-005,121.97762395359538,122.0
Q23-009,leg2-cruise,6773.412225569673,6780.615673556146,直连,,109.12014489089887,122.0
Q23-011,leg1-cruise,6774.664395215134,6781.7779681843695,中继,R3-005,126.40044295123514,122.0
Q23-015,leg1-cruise,6774.95923461234,6782.295567229923,直连,,116.75108467357298,122.0
Q23-021,leg2-cruise,6775.129292177138,6782.418780920608,直连,,118.97547731479243,122.0
Q23-012,leg1-cruise,6779.217723333111,6786.383335176609,中继,R3-005,122.20974158360818,122.0
Q23-009,leg2-cruise,6780.615673556146,6787.8191215426195,直连,,108.85464996671965,122.0
Q23-011,leg1-cruise,6781.7779681843695,6788.8915411536045,中继,R3-005,126.54037722900378,122.0
Q23-015,leg1-cruise,6782.295567229923,6789.631899847505,直连,,117.09700504667433,122.0
Q23-021,leg2-cruise,6782.418780920608,6789.708269664077,直连,,118.62920538962655,122.0
Q23-012,leg1-cruise,6786.383335176609,6793.548947020106,中继,R3-005,122.43588201312335,122.0
Q23-009,leg2-cruise,6787.8191215426195,6795.022569529092,直连,,108.58098246563131,122.0
Q23-011,leg1-cruise,6788.8915411536045,6796.00511412284,中继,R3-005,126.67809523025674,122.0
Q23-015,leg1-cruise,6789.631899847505,6796.968232465088,直连,,117.42972993773057,122.0
Q23-021,leg2-cruise,6789.708269664077,6796.997758407547,直连,,118.26860771760362,122.0
Q23-012,leg1-cruise,6793.548947020106,6800.714558863604,中继,R3-005,122.65634217150874,122.0
Q23-022,leg2-descent,6794.339229265179,6818.525362077678,中继,R3-005,123.19420692730608,122.0
Q23-009,leg2-cruise,6795.022569529092,6802.226017515564,直连,,108.29863741387479,122.0
Q23-011,leg1-cruise,6796.00511412284,6803.118687092075,中继,R3-005,126.81366598834535,122.0
Q23-015,leg1-cruise,6796.968232465088,6804.30456508267,直连,,117.75022536633531,122.0
Q23-021,leg2-cruise,6796.997758407547,6804.287247151016,直连,,117.89245276218286,122.0
Q23-012,leg1-cruise,6800.714558863604,6807.880170707102,中继,R3-005,122.87139762716387,122.0
Q23-009,leg2-cruise,6802.226017515564,6809.429465502038,直连,,108.00706313958776,122.0
Q23-011,leg1-cruise,6803.118687092075,6810.23226006131,中继,R3-005,126.94715536399062,122.0
Q23-021,leg2-cruise,6804.287247151016,6811.576735894485,直连,,117.49934378998849,122.0
Q23-015,leg1-cruise,6804.30456508267,6811.640897700252,直连,,118.05935538702603,122.0
Q23-012,leg1-cruise,6807.880170707102,6815.0457825506,中继,R3-005,123.08130456672195,122.0
Q23-009,leg2-cruise,6809.429465502038,6816.632913488511,直连,,107.70565558831892,122.0
Q23-011,leg1-cruise,6810.23226006131,6817.345833030544,中继,R3-005,127.07862623656288,122.0
Q23-021,leg2-cruise,6811.576735894485,6818.8662246379545,直连,,107.08768809893576,122.0
Q23-015,leg1-cruise,6811.640897700252,6818.977230317834,直连,,118.35789590355186,122.0
Q23-012,leg1-cruise,6815.0457825506,6822.211394394098,中继,R3-005,123.28630155277925,122.0
Q23-009,leg2-cruise,6816.632913488511,6823.836361474983,直连,,107.39375180185105,122.0
Q23-011,leg1-cruise,6817.345833030544,6824.459405999779,中继,R3-005,127.20813868117617,122.0
Q23-022,S007-handoff,6818.525362077678,6847.325362077679,中继,R3-005,123.19203596345481,122.0
Q23-021,leg2-cruise,6818.8662246379545,6826.155713381424,直连,,106.65565877521016,122.0
Q23-015,leg1-cruise,6818.977230317834,6826.3135629354165,直连,,118.64654622795439,122.0
Q23-012,leg1-cruise,6822.211394394098,6829.377006237595,中继,R3-005,123.48661108885928,122.0
Q23-009,leg2-cruise,6823.836361474983,6831.039809461457,直连,,107.07062242374755,122.0
Q23-011,leg1-cruise,6824.459405999779,6831.572978969014,中继,R3-005,127.3357501328377,122.0
Q23-021,leg2-cruise,6826.155713381424,6833.4452021248935,直连,,106.20114670706145,122.0
Q23-015,leg1-cruise,6826.3135629354165,6833.649895552999,直连,,118.92593881085608,122.0
Q23-012,leg1-cruise,6829.377006237595,6836.542618081093,中继,R3-005,123.6824410161679,122.0
Q23-009,leg2-cruise,6831.039809461457,6838.24325744793,直连,,106.73546307403467,122.0
Q23-011,leg1-cruise,6831.572978969014,6838.686551938249,中继,R3-005,127.46151553877152,122.0
Q23-021,leg2-cruise,6833.4452021248935,6840.734690868363,直连,,105.72169974110764,122.0
Q23-015,leg1-descent,6833.649895552999,6850.302246627218,直连,,119.05922547603083,122.0
Q23-012,leg1-cruise,6836.542618081093,6843.70822992459,中继,R3-005,123.87398576313805,122.0
Q23-009,leg2-cruise,6838.24325744793,6845.446705434402,直连,,106.38738441345052,122.0
Q23-011,leg1-cruise,6838.686551938249,6845.800124907484,中继,R3-005,127.58548749992062,122.0
Q23-021,leg2-cruise,6840.734690868363,6848.024179611833,直连,,105.21444465173543,122.0
Q23-012,leg1-cruise,6843.70822992459,6850.873841768088,中继,R3-005,124.06142746583686,122.0
Q23-009,leg2-cruise,6845.446705434402,6852.6501534208755,直连,,106.0254006967825,122.0
Q23-011,leg1-cruise,6845.800124907484,6852.913697876719,中继,R3-005,127.7077164025421,122.0
Q23-022,S007-handoff,6847.325362077679,6876.125362077679,中继,R3-005,123.19203596345481,122.0
Q23-021,leg2-cruise,6848.024179611833,6855.313668355302,直连,,104.67598581219167,122.0
Q23-015,leg1-descent,6850.302246627218,6866.954597701436,直连,,119.05440151998916,122.0
Q23-012,leg1-cruise,6850.873841768088,6858.0394536115855,中继,R3-005,124.24493697474372,122.0
Q23-009,leg2-cruise,6852.6501534208755,6859.853601407349,直连,,105.64841659893317,122.0
Q23-011,leg1-cruise,6852.913697876719,6860.027270845954,中继,R3-005,127.8282505407083,122.0
Q23-021,leg2-cruise,6855.313668355302,6862.603157098771,直连,,104.10227179575791,122.0
Q23-012,leg1-cruise,6858.0394536115855,6865.205065455083,中继,R3-005,124.42467476136125,122.0
Q23-009,leg2-cruise,6859.853601407349,6867.057049393821,直连,,105.25521209390907,122.0
Q23-011,leg1-cruise,6860.027270845954,6867.140843815189,中继,R3-005,127.94713623046252,122.0
Q23-021,leg2-cruise,6862.603157098771,6869.89264584224,直连,,103.48841708837786,122.0
Q23-012,leg1-cruise,6865.205065455083,6872.370677298581,中继,R3-005,124.60079173625881,122.0
Q23-015,S011-handoff,6866.954597701436,6896.954597701436,直连,,119.05269852342448,122.0
Q23-009,leg2-cruise,6867.057049393821,6874.260497380294,直连,,104.84442518958969,122.0
Q23-011,leg1-cruise,6867.140843815189,6874.254416784424,中继,R3-005,128.06441791629797,122.0
Q23-021,leg2-cruise,6869.89264584224,6877.18213458571,直连,,102.82845981058139,122.0
Q23-012,leg1-cruise,6872.370677298581,6879.536289142079,中继,R3-005,124.77342998867992,122.0
Q23-011,leg1-cruise,6874.254416784424,6881.3679897536595,中继,R3-005,128.18013827057615,122.0
Q23-009,leg2-cruise,6874.260497380294,6881.463945366767,直连,,104.41453239424982,122.0
Q23-022,S007-handoff,6876.125362077679,6904.925362077678,中继,R3-005,123.19203596345481,122.0
Q23-021,leg2-cruise,6877.18213458571,6884.471623329179,直连,,102.11502637908892,122.0
Q23-012,leg1-cruise,6879.536289142079,6886.701900985577,中继,R3-005,124.94272345646704,122.0
Q23-011,leg1-descent,6881.3679897536595,6901.769856208737,中继,R3-005,128.23671069470163,122.0
Q23-009,leg2-cruise,6881.463945366767,6888.66739335324,直连,,103.96382695870113,122.0
Q23-021,leg2-cruise,6884.471623329179,6891.761112072649,直连,,101.33885787199942,122.0
Q23-012,leg1-cruise,6886.701900985577,6893.867512829074,中继,R3-005,125.1087985340084,122.0
Q23-009,leg2-cruise,6888.66739335324,6895.870841339713,直连,,103.4903952785918,122.0
Q23-021,leg2-cruise,6891.761112072649,6899.050600816117,直连,,100.48812606457012,122.0
Q23-012,leg1-cruise,6893.867512829074,6901.033124672572,中继,R3-005,125.27177462489098,122.0
Q23-009,leg2-cruise,6895.870841339713,6903.074289326185,直连,,102.99209249678655,122.0
Q23-015,S011-handoff,6896.954597701436,6926.954597701436,直连,,119.05269852342448,122.0
Q23-021,leg2-cruise,6899.050600816117,6906.340089559587,直连,,99.54742184672878,122.0
Q23-012,leg1-cruise,6901.033124672572,6908.198736516069,中继,R3-005,125.43176464517536,122.0
Q23-011,leg1-descent,6901.769856208737,6922.171722663816,中继,R3-005,128.23553770537117,122.0
Q23-009,leg2-cruise,6903.074289326185,6910.277737312658,直连,,102.46651957045538,122.0
Q23-022,S007-handoff,6904.925362077678,6933.725362077678,中继,R3-005,123.19203596345481,122.0
Q23-021,leg2-cruise,6906.340089559587,6913.629578303056,直连,,98.49622160814629,122.0
Q23-012,leg1-cruise,6908.198736516069,6915.364348359567,中继,R3-005,125.58887548242959,122.0
Q23-009,leg2-cruise,6910.277737312658,6917.4811852991315,直连,,101.91100632569224,122.0
Q23-021,leg2-cruise,6913.629578303056,6920.919067046526,直连,,97.30650819618532,122.0
Q23-012,leg1-descent,6915.364348359567,6934.824199433786,中继,R3-005,125.66399196278283,122.0
Q23-009,leg2-cruise,6917.4811852991315,6924.684633285604,直连,,101.32260916345251,122.0
Q23-021,leg2-cruise,6920.919067046526,6928.208555789995,直连,,95.93903044725037,122.0
Q23-011,S008-handoff,6922.171722663816,6952.171722663816,中继,R3-005,128.23507991277862,122.0
Q23-009,leg2-cruise,6924.684633285604,6931.888081272076,直连,,100.69813966865422,122.0
Q23-015,S011-handoff,6926.954597701436,6956.954597701436,直连,,119.05269852342448,122.0
Q23-021,leg2-cruise,6928.208555789995,6935.498044533465,直连,,94.33754694349122,122.0
Q23-009,leg2-cruise,6931.888081272076,6939.09152925855,直连,,100.03425429400897,122.0
Q23-022,S007-handoff,6933.725362077678,6962.525362077678,中继,R3-005,123.19203596345481,122.0
Q23-012,leg1-descent,6934.824199433786,6954.284050508005,中继,R3-005,125.65962995058764,122.0
Q23-021,leg2-cruise,6935.498044533465,6942.7875332769345,直连,,92.42136242188482,122.0
Q23-009,leg2-cruise,6939.09152925855,6946.294977245023,直连,,99.32766082350524,122.0
Q23-021,leg2-cruise,6942.7875332769345,6950.077022020403,直连,,90.08586240742683,122.0
Q23-009,leg2-cruise,6946.294977245023,6953.498425231495,直连,,98.57554389878007,122.0
Q23-021,leg2-cruise,6950.077022020403,6957.366510763873,直连,,87.28920150411685,122.0
Q23-011,S008-handoff,6952.171722663816,6982.171722663816,中继,R3-005,128.23507991277862,122.0
Q23-009,leg2-cruise,6953.498425231495,6960.701873217969,直连,,97.77639528907147,122.0
Q23-012,S015-handoff,6954.284050508005,6984.284050508005,中继,R3-005,125.65765946448572,122.0
Q23-015,S011-handoff,6956.954597701436,6986.954597701436,直连,,119.05269852342448,122.0
Q23-021,leg2-cruise,6957.366510763873,6964.655999507342,直连,,84.6770168756782,122.0
Q23-009,leg2-cruise,6960.701873217969,6967.905321204442,直连,,96.93157690981879,122.0
Q23-022,S007-handoff,6962.525362077678,6991.325362077679,中继,R3-005,123.19203596345481,122.0
Q23-021,leg2-descent,6964.655999507342,6987.312781276141,直连,,82.88933103560113,122.0
Q23-009,leg2-cruise,6967.905321204442,6982.3122171773875,直连,,96.04815987818927,122.0
Q23-011,S008-handoff,6982.171722663816,7012.171722663816,中继,R3-005,128.23507991277862,122.0
Q23-009,leg2-cruise,6982.3122171773875,6989.515665163861,直连,,94.25430044874697,122.0
Q23-012,S015-handoff,6984.284050508005,7014.284050508005,中继,R3-005,125.65765946448572,122.0
Q23-015,S011-handoff,6986.954597701436,7016.954597701436,直连,,119.05269852342448,122.0
Q23-021,leg2-descent,6987.312781276141,7009.96956304494,直连,,79.45035955204423,122.0
Q23-009,leg2-cruise,6989.515665163861,6996.719113150333,直连,,93.44259481084909,122.0
Q23-022,S007-handoff,6991.325362077679,7020.125362077679,中继,R3-005,123.19203596345481,122.0
Q23-009,leg2-cruise,6996.719113150333,7011.126009123279,直连,,92.80266939745906,122.0
Q23-021,leg2-descent,7009.96956304494,7032.626344813738,直连,,73.67368172767873,122.0
Q23-009,leg2-descent,7011.126009123279,7040.066285002185,直连,,91.60242445135648,122.0
Q23-011,S008-handoff,7012.171722663816,7042.171722663816,中继,R3-005,128.23507991277862,122.0
Q23-012,S015-handoff,7014.284050508005,7044.284050508005,中继,R3-005,125.65765946448572,122.0
Q23-015,S011-handoff,7016.954597701436,7046.954597701436,直连,,119.05269852342448,122.0
Q23-022,S007-handoff,7020.125362077679,7048.925362077678,中继,R3-005,123.19203596345481,122.0
Q23-021,leg2-descent,7032.626344813738,7055.283126582537,直连,,48.54134248247782,122.0
Q23-009,leg2-descent,7040.066285002185,7069.006560881091,直连,,89.75666946253962,122.0
Q23-011,S008-handoff,7042.171722663816,7072.171722663816,中继,R3-005,128.23507991277862,122.0
Q23-012,S015-handoff,7044.284050508005,7074.284050508005,中继,R3-005,125.65765946448572,122.0
Q23-015,S011-handoff,7046.954597701436,7076.954597701436,直连,,119.05269852342448,122.0
Q23-022,S007-handoff,7048.925362077678,7077.725362077678,中继,R3-005,123.19203596345481,122.0
Q23-009,leg2-descent,7069.006560881091,7097.9468367599975,直连,,87.4098167699784,122.0
Q23-011,S008-handoff,7072.171722663816,7102.171722663816,中继,R3-005,128.23507991277862,122.0
Q23-012,S015-handoff,7074.284050508005,7104.284050508005,中继,R3-005,125.65765946448572,122.0
Q23-015,leg2-climb,7076.954597701436,7104.708516158467,直连,,119.05657740777539,122.0
Q23-022,S007-handoff,7077.725362077678,7106.525362077678,中继,R3-005,123.19203596345481,122.0
Q23-009,leg2-descent,7097.9468367599975,7126.887112638904,直连,,84.18408912653277,122.0
Q23-011,S008-handoff,7102.171722663816,7132.171722663816,中继,R3-005,128.23507991277862,122.0
Q23-012,S015-handoff,7104.284050508005,7134.284050508005,中继,R3-005,125.65765946448572,122.0
Q23-015,leg2-cruise,7104.708516158467,7112.04484877605,直连,,118.92593881085608,122.0
Q23-022,leg3-climb,7106.525362077678,7128.321785417522,中继,R3-005,123.19449903015872,122.0
Q23-015,leg2-cruise,7112.04484877605,7134.053846628796,直连,,118.64654622795439,122.0
Q23-009,leg2-descent,7126.887112638904,7155.82738851781,直连,,78.99564504974266,122.0
Q23-022,leg3-climb,7128.321785417522,7150.118208757366,中继,R3-005,123.2003584515223,122.0
Q23-011,leg2-climb,7132.171722663816,7149.1732780430475,中继,R3-005,128.23553770537117,122.0
Q23-015,leg2-cruise,7134.053846628796,7141.3901792463785,直连,,117.75022536633531,122.0
Q23-012,S015-handoff,7134.284050508005,7164.284050508005,中继,R3-005,125.65765946448572,122.0
Q23-015,leg2-cruise,7141.3901792463785,7156.062844481543,直连,,117.42972993773057,122.0
Q23-011,leg2-climb,7149.1732780430475,7166.174833422279,中继,R3-005,128.23671069470163,122.0
Q23-022,leg3-climb,7150.118208757366,7171.9146320972095,中继,R3-005,123.20745794734603,122.0
Q23-009,leg2-descent,7155.82738851781,7184.767664396716,直连,,64.23129580096838,122.0
Q23-015,leg2-cruise,7156.062844481543,7170.735509716708,直连,,116.75108467357298,122.0
Q23-012,leg2-climb,7164.284050508005,7180.5005930698535,中继,R3-005,125.65962995058764,122.0
Q23-011,leg2-cruise,7166.174833422279,7173.2740355370315,中继,R3-005,128.18025438443573,122.0
Q23-015,leg2-cruise,7170.735509716708,7178.0718423342905,直连,,116.01518037380657,122.0
Q23-022,leg3-cruise,7171.9146320972095,7178.85439535988,中继,R3-005,123.11183666685474,122.0
Q23-011,leg2-cruise,7173.2740355370315,7180.373237651783,中继,R3-005,128.06477092140585,122.0
Q23-015,leg2-cruise,7178.0718423342905,7185.408174951873,直连,,105.62258657709914,122.0
Q23-022,leg3-cruise,7178.85439535988,7185.79415862255,中继,R3-005,122.90909597661687,122.0
Q23-011,leg2-cruise,7180.373237651783,7187.472439766534,中继,R3-005,127.94773255562049,122.0
Q23-012,leg2-climb,7180.5005930698535,7196.717135631703,中继,R3-005,125.66399196278283,122.0
Q23-015,leg2-cruise,7185.408174951873,7192.744507569455,直连,,105.21152280586449,122.0
Q23-022,leg3-cruise,7185.79415862255,7192.73392188522,中继,R3-005,122.70154352563421,122.0
Q23-011,leg2-cruise,7187.472439766534,7194.571641881286,中继,R3-005,127.82909687978909,122.0
Q23-022,leg3-cruise,7192.73392188522,7199.673685147891,中继,R3-005,122.48894714137035,122.0
Q23-015,leg2-cruise,7192.744507569455,7200.080840187038,直连,,104.78017811875378,122.0
Q23-011,leg2-cruise,7194.571641881286,7201.6708439960385,中继,R3-005,127.70881972924961,122.0
Q23-012,leg2-cruise,7196.717135631703,7203.749291066754,中继,R3-005,125.59032533523103,122.0
Q23-022,leg3-cruise,7199.673685147891,7206.613448410561,中继,R3-005,122.27105757386097,122.0
Q23-015,leg2-cruise,7200.080840187038,7207.41717280462,直连,,104.32646374750385,122.0
Q23-011,leg2-cruise,7201.6708439960385,7208.77004611079,中继,R3-005,127.58685508359625,122.0
Q23-012,leg2-cruise,7203.749291066754,7210.7814465018055,中继,R3-005,125.43619243724044,122.0
Q23-022,leg3-cruise,7206.613448410561,7213.553211673232,中继,R3-005,112.04760679448138,122.0
Q23-015,leg2-cruise,7207.41717280462,7214.753505422203,直连,,103.84795376692081,122.0
Q23-011,leg2-cruise,7208.77004611079,7215.869248225541,中继,R3-005,127.46315496132705,122.0
Q23-012,leg2-cruise,7210.7814465018055,7217.813601936857,中继,R3-005,125.27928941768658,122.0
Q23-022,leg3-cruise,7213.553211673232,7220.492974935902,直连,,111.8183060797338,122.0
Q23-015,leg2-cruise,7214.753505422203,7222.089838039785,直连,,103.341809224577,122.0
Q23-011,leg2-cruise,7215.869248225541,7222.968450340293,中继,R3-005,127.33766930691898,122.0
Q23-012,leg2-cruise,7217.813601936857,7224.845757371908,中继,R3-005,125.1195154568514,122.0
Q23-022,leg3-cruise,7220.492974935902,7227.432738198572,直连,,111.58284384699675,122.0
Q23-015,leg2-cruise,7222.089838039785,7229.426170657367,直连,,102.80467995365913,122.0
Q23-011,leg2-cruise,7222.968450340293,7230.067652455045,中继,R3-005,127.21034586966346,122.0
Q23-012,leg2-cruise,7224.845757371908,7231.877912806959,中继,R3-005,124.95676416236552,122.0
Q23-022,leg3-cruise,7227.432738198572,7234.372501461243,直连,,111.34088320317927,122.0
Q23-015,leg2-cruise,7229.426170657367,7236.762503274949,直连,,102.23257583960888,122.0
Q23-011,leg2-cruise,7230.067652455045,7237.166854569797,中继,R3-005,127.08113007352968,122.0
Q23-012,leg2-cruise,7231.877912806959,7238.91006824201,中继,R3-005,124.7909231535151,122.0
Q23-022,leg3-cruise,7234.372501461243,7241.312264723912,直连,,111.09205916003543,122.0
Q23-015,leg2-cruise,7236.762503274949,7244.0988358925315,直连,,101.62069562432278,122.0
Q23-011,leg2-cruise,7237.166854569797,7244.266056684548,中继,R3-005,126.94996487725184,122.0
Q23-012,leg2-cruise,7238.91006824201,7245.9422236770615,中继,R3-005,124.62187360631029,122.0
Q23-022,leg3-cruise,7241.312264723912,7248.252027986583,直连,,110.83597546100796,122.0
Q23-015,leg2-cruise,7244.0988358925315,7251.435168510114,直连,,100.96319569283078,122.0
Q23-011,leg2-cruise,7244.266056684548,7251.3652587993,中继,R3-005,126.81679062373931,122.0
Q23-012,leg2-cruise,7245.9422236770615,7252.974379112113,中继,R3-005,124.44948975485448,122.0
Q23-022,leg3-cruise,7248.252027986583,7255.191791249254,直连,,110.57220095384079,122.0
Q23-011,leg2-cruise,7251.3652587993,7258.464460914052,中继,R3-005,126.68154487783134,122.0
Q23-015,leg2-cruise,7251.435168510114,7258.771501127696,直连,,100.25287251629673,122.0
Q23-012,leg2-cruise,7252.974379112113,7260.006534547164,中继,R3-005,124.27363834390553,122.0
Q23-022,leg3-cruise,7255.191791249254,7262.131554511924,直连,,110.30026543004605,122.0
Q23-011,leg2-cruise,7258.464460914052,7265.563663028804,中继,R3-005,126.54416225128062,122.0
Q23-015,leg2-cruise,7258.771501127696,7266.107833745278,直连,,99.48071856787222,122.0
Q23-012,leg2-cruise,7260.006534547164,7267.038689982215,中继,R3-005,124.09417802682647,122.0
Q23-022,leg3-cruise,7262.131554511924,7269.071317774595,直连,,110.0196548362066,122.0
Q23-011,leg2-cruise,7265.563663028804,7272.662865143555,中继,R3-005,126.40457421375304,122.0
Q23-015,leg2-cruise,7266.107833745278,7273.44416636286,直连,,98.63528939247468,122.0
Q23-012,leg2-cruise,7267.038689982215,7274.070845417266,中继,R3-005,123.91095870234457,122.0
Q23-022,leg3-cruise,7269.071317774595,7276.011081037264,直连,,109.72980574231863,122.0
Q23-011,leg2-cruise,7272.662865143555,7279.762067258307,中继,R3-005,126.26270888848114,122.0
Q23-015,leg2-cruise,7273.44416636286,7280.780498980443,直连,,97.70178415293066,122.0
Q23-012,leg2-cruise,7274.070845417266,7281.103000852318,中继,R3-005,123.72382078253091,122.0
Q23-022,leg3-cruise,7276.011081037264,7282.950844299935,直连,,109.43009892768848,122.0
Q23-011,leg2-cruise,7279.762067258307,7286.861269373059,中继,R3-005,126.11849083105264,122.0
Q23-015,leg2-cruise,7280.780498980443,7288.116831598025,直连,,96.66068710473903,122.0
Q23-012,leg2-cruise,7281.103000852318,7288.135156287369,中继,R3-005,123.53259438338712,122.0
Q23-022,leg3-cruise,7282.950844299935,7289.8906075626055,直连,,109.11985191450357,122.0
Q23-011,leg2-cruise,7286.861269373059,7293.9604714878105,中继,R3-005,125.97184078963205,122.0
Q23-015,leg2-cruise,7288.116831598025,7295.453164215607,直连,,95.48574184333452,122.0
Q23-012,leg2-cruise,7288.135156287369,7295.16731172242,中继,R3-005,123.33709842809883,122.0
Q23-022,leg3-cruise,7289.8906075626055,7296.830370825275,直连,,108.79831024107467,122.0
Q23-011,leg2-cruise,7293.9604714878105,7301.059673602562,中继,R3-005,125.82267544472853,122.0
Q23-012,leg2-cruise,7295.16731172242,7302.199467157471,中继,R3-005,123.13713965152424,122.0
Q23-015,leg2-cruise,7295.453164215607,7302.789496833189,直连,,94.14097494227529,122.0
Q23-022,leg3-cruise,7296.830370825275,7303.770134087946,直连,,108.46463721914846,122.0
Q23-011,leg2-cruise,7301.059673602562,7308.158875717314,中继,R3-005,125.67090712637007,122.0
Q23-012,leg2-cruise,7302.199467157471,7309.231622592522,中继,R3-005,122.93251149276358,122.0
Q23-015,leg2-cruise,7302.789496833189,7310.1258294507725,直连,,92.57672691515728,122.0
Q23-022,leg3-cruise,7303.770134087946,7310.709897350616,直连,,108.11790186011103,122.0
Q23-011,leg2-cruise,7308.158875717314,7315.258077832066,中继,R3-005,125.51644350629851,122.0
Q23-012,leg2-cruise,7309.231622592522,7316.263778027574,中继,R3-005,122.72299286051708,122.0
Q23-015,leg2-cruise,7310.1258294507725,7317.462162068355,直连,,90.72671002699629,122.0
Q23-022,leg3-cruise,7310.709897350616,7317.649660613287,直连,,107.7570645798734,122.0
Q23-011,leg2-cruise,7315.258077832066,7322.3572799468175,中继,R3-005,125.35918726249515,122.0
Q23-012,leg2-cruise,7316.263778027574,7323.295933462625,中继,R3-005,122.50834675356481,122.0
Q23-015,leg2-cruise,7317.462162068355,7324.798494685937,直连,,88.52036194838145,122.0
Q23-022,leg3-cruise,7317.649660613287,7324.589423875957,直连,,107.38096019831605,122.0
Q23-011,leg2-cruise,7322.3572799468175,7329.456482061569,中继,R3-005,125.19903571300087,122.0
Q23-012,leg2-cruise,7323.295933462625,7330.328088897676,中继,R3-005,122.28831871577393,122.0
Q23-022,leg3-cruise,7324.589423875957,7331.529187138627,直连,,106.98827763128631,122.0
Q23-015,leg2-cruise,7324.798494685937,7332.134827303519,直连,,85.9918103904865,122.0
Q23-011,leg2-cruise,7329.456482061569,7336.555684176321,中继,R3-005,125.03588041559833,122.0
Q23-012,leg2-cruise,7330.328088897676,7337.360244332727,中继,R3-005,122.06263510161226,122.0
Q23-022,leg3-cruise,7331.529187138627,7338.468950401298,直连,,106.5775355266232,122.0
Q23-015,leg2-cruise,7332.134827303519,7339.471159921101,直连,,83.80932947714741,122.0
Q23-011,leg2-cruise,7336.555684176321,7343.654886291073,中继,R3-005,124.86960672947394,122.0
Q23-012,leg2-cruise,7337.360244332727,7344.392399767778,直连,,121.83100112405427,122.0
Q23-022,leg3-cruise,7338.468950401298,7345.408713663968,直连,,106.1470529151618,122.0
Q23-015,leg2-descent,7339.471159921101,7361.826060637247,直连,,81.61742328683074,122.0
Q23-011,leg2-cruise,7343.654886291073,7350.754088405824,中继,R3-005,124.70009333445222,122.0
Q23-012,leg2-cruise,7344.392399767778,7351.42455520283,直连,,121.59309865191138,122.0
Q23-022,leg3-cruise,7345.408713663968,7352.348476926638,直连,,105.69491373093024,122.0
Q23-011,leg2-cruise,7350.754088405824,7357.853290520576,中继,R3-005,124.52721170278478,122.0
Q23-012,leg2-cruise,7351.42455520283,7358.456710637881,直连,,121.34858371771834,122.0
Q23-022,leg3-cruise,7352.348476926638,7359.288240189308,直连,,105.21892380487253,122.0
Q23-011,leg2-cruise,7357.853290520576,7364.952492635328,中继,R3-005,124.35082551776718,122.0
Q23-012,leg2-cruise,7358.456710637881,7365.488866072932,直连,,121.09708369033116,122.0
Q23-022,leg3-cruise,7359.288240189308,7366.228003451979,直连,,104.71655867308685,122.0
Q23-015,leg2-descent,7361.826060637247,7384.180961353393,直连,,76.15484115612566,122.0
Q23-011,leg2-cruise,7364.952492635328,7372.05169475008,中继,R3-005,124.17079003265557,122.0
Q23-012,leg2-cruise,7365.488866072932,7372.521021507983,直连,,120.83819405789359,122.0
Q23-022,leg3-cruise,7366.228003451979,7373.16776671465,直连,,104.18490031951927,122.0
Q23-011,leg2-cruise,7372.05169475008,7379.150896864831,中继,R3-005,123.98695136237461,122.0
Q23-012,leg2-cruise,7372.521021507983,7379.5531769430345,直连,,120.57147475659346,122.0
Q23-022,leg3-cruise,7373.16776671465,7380.10752997732,直连,,103.6205609302358,122.0
Q23-011,leg2-cruise,7379.150896864831,7386.250098979583,中继,R3-005,123.79914569940182,122.0
Q23-012,leg2-cruise,7379.5531769430345,7386.585332378086,直连,,110.29644596826293,122.0
Q23-022,leg3-cruise,7380.10752997732,7387.04729323999,直连,,103.01959218524934,122.0
Q23-015,leg2-descent,7384.180961353393,7406.535862069539,直连,,58.05460049190438,122.0
Q23-011,leg2-cruise,7386.250098979583,7393.349301094335,中继,R3-005,123.60719844391332,122.0
Q23-012,leg2-cruise,7386.585332378086,7393.617487813137,直连,,110.01258329475655,122.0
Q23-022,leg3-cruise,7387.04729323999,7393.98705650266,直连,,102.37738025414103,122.0
Q23-011,leg2-cruise,7393.349301094335,7400.448503209087,中继,R3-005,123.41092323669184,122.0
Q23-012,leg2-cruise,7393.617487813137,7400.649643248188,直连,,109.71931219877101,122.0
Q23-022,leg3-cruise,7393.98705650266,7400.926819765331,直连,,101.6885310513029,122.0
Q23-011,leg2-cruise,7400.448503209087,7407.547705323838,中继,R3-005,123.21012088150646,122.0
Q23-012,leg2-cruise,7400.649643248188,7407.681798683239,直连,,109.41600157840021,122.0
Q23-022,leg3-cruise,7400.926819765331,7407.866583028001,直连,,100.94676092461484,122.0
Q23-011,leg2-cruise,7407.547705323838,7414.64690743859,中继,R3-005,123.00457814148938,122.0
Q23-012,leg2-cruise,7407.681798683239,7414.7139541182905,直连,,109.1019563154784,122.0
Q23-022,leg3-cruise,7407.866583028001,7414.806346290671,直连,,100.14483265116476,122.0
Q23-011,leg2-cruise,7414.64690743859,7421.746109553342,中继,R3-005,112.7940663914562,122.0
Q23-012,leg2-cruise,7414.7139541182905,7421.746109553342,直连,,108.77640860461555,122.0
Q23-022,leg3-cruise,7414.806346290671,7421.746109553342,直连,,99.27463334257772,122.0
Q23-011,leg2-cruise,7421.746109553342,7428.872616291612,直连,,112.57792005652806,122.0
Q23-012,leg2-cruise,7421.746109553342,7429.089663274768,直连,,108.43087955797134,122.0
Q23-022,leg3-cruise,7421.746109553342,7434.8520384891,直连,,98.35512633722092,122.0
Q23-011,leg2-cruise,7428.872616291612,7435.999123029882,直连,,112.35584253264524,122.0
Q23-012,leg2-cruise,7429.089663274768,7436.4332169961945,直连,,108.06348494238769,122.0
Q23-022,leg3-cruise,7434.8520384891,7441.405002956979,直连,,96.33805160163223,122.0
Q23-011,leg2-cruise,7435.999123029882,7443.125629768152,直连,,112.12795553292729,122.0
Q23-012,leg2-cruise,7436.4332169961945,7443.776770717621,直连,,107.68035685786172,122.0
Q23-022,leg3-cruise,7441.405002956979,7447.957967424858,直连,,95.21781483682159,122.0
Q23-011,leg2-cruise,7443.125629768152,7450.252136506422,直连,,111.89394794972682,122.0
Q23-012,leg2-cruise,7443.776770717621,7451.120324439047,直连,,107.28013886184227,122.0
Q23-022,leg3-cruise,7447.957967424858,7454.510931892737,直连,,94.052078308036,122.0
Q23-011,leg2-cruise,7450.252136506422,7457.378643244692,直连,,111.6534830858873,122.0
Q23-012,leg2-cruise,7451.120324439047,7458.4638781604735,直连,,106.86129989407972,122.0
Q23-022,leg3-cruise,7454.510931892737,7461.063896360616,直连,,92.91177175108156,122.0
Q23-011,leg2-cruise,7457.378643244692,7464.505149982962,直连,,111.40619577999452,122.0
Q23-012,leg2-cruise,7458.4638781604735,7465.8074318819,直连,,106.42210511618431,122.0
Q23-022,leg3-cruise,7461.063896360616,7467.616860828495,直连,,91.94172165469536,122.0
Q23-011,leg2-cruise,7464.505149982962,7471.6316567212325,直连,,111.15168911798597,122.0
Q23-012,leg2-cruise,7465.8074318819,7473.150985603326,直连,,105.96058114212545,122.0
Q23-022,leg3-cruise,7467.616860828495,7474.169825296373,直连,,91.36112129893533,122.0
Q23-011,leg2-cruise,7471.6316567212325,7478.758163459502,直连,,110.88953065787427,122.0
Q23-012,leg2-cruise,7473.150985603326,7480.494539324752,直连,,105.47447466504171,122.0
Q23-022,leg3-descent,7474.169825296373,7501.617909228433,直连,,90.60231355299783,122.0
Q23-011,leg2-cruise,7478.758163459502,7485.884670197771,直连,,110.61924807892407,122.0
Q23-012,leg2-cruise,7480.494539324752,7487.838093046178,直连,,104.96120350904559,122.0
Q23-011,leg2-cruise,7485.884670197771,7493.011176936041,直连,,110.34032414718452,122.0
Q23-012,leg2-cruise,7487.838093046178,7495.181646767604,直连,,104.41779941560759,122.0
Q23-011,leg2-cruise,7493.011176936041,7500.137683674311,直连,,110.05219086508913,122.0
Q23-012,leg2-cruise,7495.181646767604,7502.525200489031,直连,,103.84084272424752,122.0
Q23-011,leg2-cruise,7500.137683674311,7507.264190412581,直连,,109.75422264208498,122.0
Q23-022,leg3-descent,7501.617909228433,7529.065993160491,直连,,89.0570174878594,122.0
Q23-012,leg2-cruise,7502.525200489031,7509.868754210457,直连,,103.22639117090533,122.0
Q23-011,leg2-cruise,7507.264190412581,7514.390697150851,直连,,109.44572828424589,122.0
Q23-012,leg2-cruise,7509.868754210457,7517.2123079318835,直连,,102.56990964136145,122.0
Q23-011,leg2-cruise,7514.390697150851,7521.517203889121,直连,,109.12594155082891,122.0
Q23-012,leg2-cruise,7517.2123079318835,7524.55586165331,直连,,101.86621767955111,122.0
Q23-011,leg2-cruise,7521.517203889121,7528.643710627392,直连,,108.79400996119367,122.0
Q23-012,leg2-cruise,7524.55586165331,7531.899415374736,直连,,101.10949278058882,122.0
Q23-011,leg2-cruise,7528.643710627392,7535.770217365662,直连,,108.44898145157003,122.0
Q23-022,leg3-descent,7529.065993160491,7556.514077092551,直连,,87.17599523432753,122.0
Q23-012,leg2-cruise,7531.899415374736,7539.242969096163,直连,,100.2934126250338,122.0
Q23-011,leg2-cruise,7535.770217365662,7542.896724103932,直连,,108.08978837110828,122.0
Q23-012,leg2-cruise,7539.242969096163,7546.586522817588,直连,,99.41161539873565,122.0
Q23-011,leg2-cruise,7542.896724103932,7550.023230842202,直连,,107.71522816099728,122.0
Q23-012,leg2-cruise,7546.586522817588,7553.930076539014,直连,,98.45886063593736,122.0
Q23-011,leg2-cruise,7550.023230842202,7557.149737580472,直连,,107.32393986608311,122.0
Q23-012,leg2-cruise,7553.930076539014,7561.273630260441,直连,,97.43369347341677,122.0
Q23-022,leg3-descent,7556.514077092551,7583.9621610246095,直连,,84.77168861744347,122.0
Q23-011,leg2-cruise,7557.149737580472,7564.276244318742,直连,,106.91437536638902,122.0
Q23-012,leg2-cruise,7561.273630260441,7568.617183981867,直连,,96.34421994373854,122.0
Q23-011,leg2-cruise,7564.276244318742,7571.402751057012,直连,,106.48476385922534,122.0
Q23-012,leg2-cruise,7568.617183981867,7575.9607377032935,直连,,95.21979941372307,122.0
Q23-011,leg2-cruise,7571.402751057012,7578.529257795282,直连,,106.03306763187071,122.0
Q23-012,leg2-cruise,7575.9607377032935,7583.30429142472,直连,,94.13162595617285,122.0
Q23-011,leg2-cruise,7578.529257795282,7585.655764533552,直连,,105.55692648232639,122.0
Q23-012,leg2-cruise,7583.30429142472,7590.647845146146,直连,,93.21737962403813,122.0
Q23-022,leg3-descent,7583.9621610246095,7611.410244956669,直连,,81.43577212062542,122.0
Q23-011,leg2-cruise,7585.655764533552,7592.782271271822,直连,,105.05358718632202,122.0
Q23-012,leg2-cruise,7590.647845146146,7597.991398867573,直连,,92.67621957621854,122.0
Q23-011,leg2-cruise,7592.782271271822,7599.908778010091,直连,,104.51981304511634,122.0
Q23-025,leg1-climb,7595.541,7624.481275878907,直连,,64.2312958009684,122.0
Q23-012,leg2-descent,7597.991398867573,7627.598015892312,直连,,91.81048595601354,122.0
Q23-011,leg2-cruise,7599.908778010091,7614.161791486631,直连,,103.95176659110805,122.0
Q23-022,leg3-descent,7611.410244956669,7638.858328888728,直连,,75.95015317952631,122.0
Q23-011,leg2-cruise,7614.161791486631,7628.414804963171,直连,,102.69352917351578,122.0
Q23-025,leg1-climb,7624.481275878907,7653.421551757812,直连,,78.99564504974266,122.0
Q23-012,leg2-descent,7627.598015892312,7657.204632917052,直连,,89.96717712516603,122.0
Q23-011,leg2-cruise,7628.414804963171,7642.6678184397115,直连,,101.22888192180108,122.0
Q23-022,leg3-descent,7638.858328888728,7666.306412820787,直连,,57.49511607507415,122.0
Q23-011,leg2-cruise,7642.6678184397115,7656.920831916252,直连,,99.48098673732589,122.0
Q23-025,leg1-climb,7653.421551757812,7682.361827636719,直连,,84.18408912653277,122.0
Q23-011,leg2-cruise,7656.920831916252,7664.047338654522,直连,,97.32578265196948,122.0
Q23-012,leg2-descent,7657.204632917052,7686.811249941791,直连,,87.62428679933393,122.0
Q23-011,leg2-cruise,7664.047338654522,7685.426858869332,直连,,96.0355366298698,122.0
Q23-025,leg1-climb,7682.361827636719,7711.302103515625,直连,,87.4098167699784,122.0
Q23-011,leg2-cruise,7685.426858869332,7692.553365607602,直连,,90.92282176200102,122.0
Q23-012,leg2-descent,7686.811249941791,7716.417866966531,直连,,84.40608051945526,122.0
Q23-011,leg2-cruise,7692.553365607602,7706.806379084142,直连,,88.8869148528952,122.0
Q23-011,leg2-descent,7706.806379084142,7731.3273123116805,直连,,85.83521409748177,122.0
Q23-025,leg1-climb,7711.302103515625,7740.242379394531,直连,,89.75666946253962,122.0
Q23-012,leg2-descent,7716.417866966531,7746.02448399127,直连,,79.23742082262993,122.0
Q23-011,leg2-descent,7731.3273123116805,7755.8482455392195,直连,,82.54794938210718,122.0
Q23-025,leg1-climb,7740.242379394531,7769.182655273437,直连,,91.60242445135648,122.0
Q23-012,leg2-descent,7746.02448399127,7775.63110101601,直连,,64.6674283183492,122.0
Q23-011,leg2-descent,7755.8482455392195,7780.3691787667585,直连,,77.19526326568275,122.0
Q23-025,leg1-cruise,7769.182655273437,7783.452342713308,直连,,92.4683499602784,122.0
Q23-011,leg2-descent,7780.3691787667585,7804.8901119942975,直连,,60.60216833567895,122.0
Q23-025,leg1-cruise,7783.452342713308,8026.0370291910995,直连,,93.91173842270396,122.0
Q23-025,leg1-cruise,8026.0370291910995,8253.254359964416,中继,R3-006,121.93792088186844,122.0
Q23-025,leg1-descent,8253.254359964416,8364.906429056213,中继,R3-006,127.28651195937634,122.0
Q23-025,S003-handoff,8364.906429056213,8449.763571913356,中继,R3-006,127.27724167653642,122.0
Q23-024,leg1-climb,8439.382,8466.435916625976,直连,,62.86274878634535,122.0
Q23-025,S003-handoff,8449.763571913356,8478.04928619907,中继,R3-006,127.27724167653642,122.0
Q23-024,leg1-climb,8466.435916625976,8493.489833251951,直连,,78.27227986437364,122.0
Q23-025,S003-handoff,8478.04928619907,8506.335000484783,中继,R3-006,127.27724167653642,122.0
Q23-024,leg1-climb,8493.489833251951,8520.543749877928,直连,,83.52301912066869,122.0
Q23-025,S003-handoff,8506.335000484783,8534.620714770499,中继,R3-006,127.27724167653642,122.0
Q23-024,leg1-climb,8520.543749877928,8547.597666503905,直连,,86.77227563314877,122.0
Q23-025,S003-handoff,8534.620714770499,8562.906429056213,中继,R3-006,127.27724167653642,122.0
Q23-024,leg1-cruise,8547.597666503905,8568.795115493222,直连,,88.22182049999145,122.0
Q23-025,S003-handoff,8562.906429056213,8591.192143341927,中继,R3-006,127.27724167653642,122.0
Q23-024,leg1-cruise,8568.795115493222,8597.05838081231,直连,,93.07273347567623,122.0
Q23-025,S003-handoff,8591.192143341927,8619.477857627642,中继,R3-006,127.27724167653642,122.0
Q23-024,leg1-cruise,8597.05838081231,8625.321646131399,直连,,98.47185714792641,122.0
Q23-025,S003-handoff,8619.477857627642,8647.763571913356,中继,R3-006,127.27724167653642,122.0
Q23-024,leg1-cruise,8625.321646131399,8653.584911450487,直连,,101.95299841831326,122.0
Q23-025,S003-handoff,8647.763571913356,8676.04928619907,中继,R3-006,127.27724167653642,122.0
Q23-024,leg1-cruise,8653.584911450487,8681.848176769576,直连,,104.46580032523833,122.0
Q23-025,S003-handoff,8676.04928619907,8704.335000484783,中继,R3-006,127.27724167653642,122.0
Q23-024,leg1-cruise,8681.848176769576,8710.111442088664,直连,,106.42336018942126,122.0
Q23-025,S003-handoff,8704.335000484783,8732.620714770499,中继,R3-006,127.27724167653642,122.0
Q23-024,leg1-cruise,8710.111442088664,8738.374707407755,直连,,108.02439065132316,122.0
Q23-025,S003-handoff,8732.620714770499,8760.906429056213,中继,R3-006,127.27724167653642,122.0
Q23-024,leg1-cruise,8738.374707407755,8766.637972726843,直连,,109.3779352461837,122.0
Q23-025,leg2-climb,8760.906429056213,8790.68031414736,中继,R3-006,127.27852456433072,122.0
Q23-024,leg1-cruise,8766.637972726843,8794.901238045932,直连,,110.54990842252539,122.0
Q23-025,leg2-climb,8790.68031414736,8820.454199238504,中继,R3-006,127.28177265241285,122.0
Q23-024,leg1-cruise,8794.901238045932,8823.16450336502,直连,,111.58308834474319,122.0
Q23-025,leg2-climb,8820.454199238504,8850.22808432965,中继,R3-006,127.28592873030037,122.0
Q23-024,leg1-cruise,8823.16450336502,8851.427768684109,直连,,112.506774313422,122.0
Q23-025,leg2-cruise,8850.22808432965,8855.627420273184,中继,R3-006,127.23993239104219,122.0
Q23-024,leg1-cruise,8851.427768684109,8858.49358501388,直连,,113.34189635386201,122.0
Q23-025,leg2-cruise,8855.627420273184,8861.026756216717,中继,R3-006,127.14228964129882,122.0
Q23-024,leg1-cruise,8858.49358501388,8865.559401343653,直连,,113.53874287298633,122.0
Q23-025,leg2-cruise,8861.026756216717,8866.42609216025,中继,R3-006,127.04354032342782,122.0
Q23-024,leg1-cruise,8865.559401343653,8872.625217673425,直连,,113.73123901323439,122.0
Q23-025,leg2-cruise,8866.42609216025,8877.224764047322,中继,R3-006,126.94365916006291,122.0
Q23-024,leg1-cruise,8872.625217673425,8879.691034003197,直连,,113.91957241234829,122.0
Q23-025,leg2-cruise,8877.224764047322,8882.624099990855,中继,R3-006,126.74039578225525,122.0
Q23-024,leg1-cruise,8879.691034003197,8886.75685033297,直连,,114.10391885505693,122.0
Q23-025,leg2-cruise,8882.624099990855,8888.023435934389,中继,R3-006,126.63695848405973,122.0
Q23-024,leg1-cruise,8886.75685033297,8893.822666662742,直连,,114.2844432483821,122.0
Q23-025,leg2-cruise,8888.023435934389,8898.822107821456,中继,R3-006,126.5322790845836,122.0
Q23-024,leg1-cruise,8893.822666662742,8900.888482992514,直连,,114.46130049890242,122.0
Q23-025,leg2-cruise,8898.822107821456,8904.221443764989,中继,R3-006,126.31907259457557,122.0
Q23-024,leg1-cruise,8900.888482992514,8907.954299322286,直连,,114.63463630351626,122.0
Q23-025,leg2-cruise,8904.221443764989,8909.620779708523,中继,R3-006,126.2104820040905,122.0
Q23-024,leg1-cruise,8907.954299322286,8915.020115652058,直连,,114.80458786374757,122.0
Q23-025,leg2-cruise,8909.620779708523,8915.020115652058,中继,R3-006,126.10052220073301,122.0
Q23-024,leg1-cruise,8915.020115652058,8922.467867999654,中继,R3-007,114.97574583452288,122.0
Q23-025,leg2-cruise,8915.020115652058,8928.555557272968,中继,R3-006,125.97494453724376,122.0
Q23-024,leg1-cruise,8922.467867999654,8929.915620347252,中继,R3-007,125.14797658319256,122.0
Q23-025,leg2-cruise,8928.555557272968,8935.323278083422,中继,R3-006,125.68888248442765,122.0
Q23-024,leg1-cruise,8929.915620347252,8937.36337269485,中继,R3-007,125.3168648812725,122.0
Q23-025,leg2-cruise,8935.323278083422,8942.090998893877,中继,R3-006,125.54225578245475,122.0
Q23-024,leg1-cruise,8937.36337269485,8944.811125042448,中继,R3-007,125.48253776007267,122.0
Q23-025,leg2-cruise,8942.090998893877,8948.85871970433,中继,R3-006,125.39312340448227,122.0
Q23-024,leg1-cruise,8944.811125042448,8952.258877390046,中继,R3-007,125.64511515669415,122.0
Q23-025,leg2-cruise,8948.85871970433,8955.626440514785,中继,R3-006,125.24139868146617,122.0
Q23-024,leg1-cruise,8952.258877390046,8959.706629737644,中继,R3-007,125.80471043172085,122.0
Q23-025,leg2-cruise,8955.626440514785,8962.39416132524,中继,R3-006,125.08699039370195,122.0
Q23-024,leg1-cruise,8959.706629737644,8967.154382085242,中继,R3-007,125.96143084062301,122.0
Q23-025,leg2-cruise,8962.39416132524,8969.161882135693,中继,R3-006,124.9298024485024,122.0
Q23-024,leg1-cruise,8967.154382085242,8974.60213443284,中继,R3-007,126.1153779637272,122.0
Q23-025,leg2-cruise,8969.161882135693,8975.929602946147,中继,R3-006,124.76973352897612,122.0
Q23-024,leg1-cruise,8974.60213443284,8982.049886780438,中继,R3-007,126.26664809904992,122.0
Q23-025,leg2-cruise,8975.929602946147,8982.697323756602,中继,R3-006,124.6066767108363,122.0
Q23-024,leg1-cruise,8982.049886780438,8989.497639128036,中继,R3-007,126.41533262177005,122.0
Q23-025,leg2-cruise,8982.697323756602,8996.232765377512,中继,R3-006,124.44051904363343,122.0
Q23-024,leg1-cruise,8989.497639128036,8996.945391475634,中继,R3-007,126.5615183136792,122.0
Q23-025,leg2-cruise,8996.232765377512,9003.000486187968,中继,R3-006,124.09841643568167,122.0
Q23-024,leg1-cruise,8996.945391475634,9004.39314382323,中继,R3-007,126.70528766555925,122.0
Q23-025,leg2-cruise,9003.000486187968,9009.768206998422,中继,R3-006,123.92221111316567,122.0
Q23-024,leg1-cruise,9004.39314382323,9011.840896170828,中继,R3-007,126.8467191551224,122.0
Q23-025,leg2-cruise,9009.768206998422,9016.535927808876,中继,R3-006,123.74238301986541,122.0
Q23-024,leg1-cruise,9011.840896170828,9019.288648518426,中继,R3-007,126.98588750282931,122.0
Q23-025,leg2-cruise,9016.535927808876,9023.30364861933,中继,R3-006,123.55878123735684,122.0
Q23-024,leg1-cruise,9019.288648518426,9026.736400866024,中继,R3-007,127.1228639076708,122.0
Q23-025,leg2-cruise,9023.30364861933,9030.071369429785,中继,R3-006,123.37124529619234,122.0
Q23-024,leg1-cruise,9026.736400866024,9034.184153213622,中继,R3-007,127.25771626476201,122.0
Q23-025,leg2-cruise,9030.071369429785,9036.839090240239,中继,R3-006,123.17960436013955,122.0
Q23-024,leg1-cruise,9034.184153213622,9041.631905561218,中继,R3-007,127.39050936640547,122.0
Q23-025,leg2-cruise,9036.839090240239,9043.606811050693,中继,R3-006,122.98367632239146,122.0
Q23-024,leg1-cruise,9041.631905561218,9049.079657908816,中继,R3-007,127.52130508810589,122.0
Q23-025,leg2-cruise,9043.606811050693,9050.374531861147,中继,R3-006,122.78326680214329,122.0
Q23-024,leg1-cruise,9049.079657908816,9056.527410256414,中继,R3-007,127.65016256086648,122.0
Q23-025,leg2-cruise,9050.374531861147,9057.142252671601,中继,R3-006,122.57816802832552,122.0
Q23-024,leg1-cruise,9056.527410256414,9063.975162604012,中继,R3-007,127.77713833096232,122.0
Q23-025,leg2-cruise,9057.142252671601,9070.67769429251,中继,R3-006,122.36815759502261,122.0
Q23-024,leg1-descent,9063.975162604012,9077.445415102966,中继,R3-007,127.83946258932939,122.0
Q23-025,leg2-cruise,9070.67769429251,9077.445415102966,中继,R3-006,121.93243044131754,122.0
Q23-024,leg1-descent,9077.445415102966,9101.278525313275,中继,R3-007,127.83828394072751,122.0
Q23-025,leg2-cruise,9077.445415102966,9105.984789982705,直连,,111.69996393546451,122.0
Q23-024,leg1-descent,9101.278525313275,9125.111635523586,中继,R3-007,127.83707048003481,122.0
Q23-025,leg2-cruise,9105.984789982705,9127.389321142511,直连,,110.67540181940774,122.0
Q23-024,leg1-descent,9125.111635523586,9148.944745733896,中继,R3-007,127.83618557431645,122.0
Q23-025,leg2-cruise,9127.389321142511,9155.928696022253,直连,,109.8204027077577,122.0
Q23-024,S004-handoff,9148.944745733896,9178.399291188442,中继,R3-007,127.83586639527485,122.0
Q23-025,leg2-cruise,9155.928696022253,9184.468070901992,直连,,108.53454185667468,122.0
Q23-024,S004-handoff,9178.399291188442,9207.853836642986,中继,R3-007,127.83586639527485,122.0
Q23-025,leg2-cruise,9184.468070901992,9213.007445781732,直连,,107.03136989698008,122.0
Q23-024,S004-handoff,9207.853836642986,9237.308382097532,中继,R3-007,127.83586639527485,122.0
Q23-025,leg2-cruise,9213.007445781732,9241.546820661471,直连,,105.2264703349853,122.0
Q23-024,S004-handoff,9237.308382097532,9266.762927552078,中继,R3-007,127.83586639527485,122.0
Q23-025,leg2-cruise,9241.546820661471,9270.086195541211,直连,,102.97990581976309,122.0
Q23-024,S004-handoff,9266.762927552078,9296.217473006624,中继,R3-007,127.83586639527485,122.0
Q23-025,leg2-cruise,9270.086195541211,9298.625570420952,直连,,100.05054483447292,122.0
Q23-024,S004-handoff,9296.217473006624,9325.672018461168,中继,R3-007,127.83586639527485,122.0
Q23-025,leg2-cruise,9298.625570420952,9327.164945300694,直连,,96.1122471601137,122.0
Q23-024,S004-handoff,9325.672018461168,9355.126563915714,中继,R3-007,127.83586639527485,122.0
Q23-025,leg2-cruise,9327.164945300694,9334.299789020628,直连,,92.4683499602784,122.0
Q23-025,leg2-descent,9334.299789020628,9361.431297657102,直连,,91.80782980608222,122.0
Q23-024,S004-handoff,9355.126563915714,9384.58110937026,中继,R3-007,127.83586639527485,122.0
Q23-025,leg2-descent,9361.431297657102,9388.562806293578,直连,,90.49553179824673,122.0
Q23-024,S004-handoff,9384.58110937026,9414.035654824806,中继,R3-007,127.83586639527485,122.0
Q23-025,leg2-descent,9388.562806293578,9415.694314930051,直连,,88.94906306354046,122.0
Q23-024,S004-handoff,9414.035654824806,9443.49020027935,中继,R3-007,127.83586639527485,122.0
Q23-025,leg2-descent,9415.694314930051,9469.957332203001,直连,,87.06630074934773,122.0
Q23-024,S004-handoff,9443.49020027935,9472.944745733896,中继,R3-007,127.83586639527485,122.0
Q23-025,leg2-descent,9469.957332203001,9497.088840839475,直连,,81.31770408836648,122.0
Q23-024,leg2-climb,9472.944745733896,9518.261856736499,中继,R3-007,127.8362549080733,122.0
Q23-025,leg2-descent,9497.088840839475,9524.22034947595,直连,,75.81681783578041,122.0
Q23-024,leg2-climb,9518.261856736499,9540.920412237801,中继,R3-007,127.8389692112617,122.0
Q23-025,leg2-descent,9524.22034947595,9551.351858112424,直连,,57.11785308397497,122.0
Q23-024,leg2-cruise,9540.920412237801,9689.875459189754,中继,R3-007,127.77713833096232,122.0
Q23-024,leg2-cruise,9689.875459189754,10057.297908337907,直连,,114.80458786374757,122.0
Q23-024,leg2-descent,10057.297908337907,10192.56749146779,直连,,87.039202120589,122.0
