sortie,phase,time_s,relay_sortie,access_loss_db,access_limit_db,access_available,backhaul_loss_db,backhaul_limit_db,backhaul_available,both_available
Q23-001,leg1-cruise,3226.477673219313,R3-003,99.2762819720474,116.0,True,121.25068135942337,126.0,True,True
Q23-001,leg1-cruise,3236.4327563476904,R3-003,99.92444674423028,116.0,True,121.25068135942337,126.0,True,True
Q23-001,leg1-cruise,3246.3878394760673,R3-003,100.6601331164588,116.0,True,121.25068135942337,126.0,True,True
Q23-001,leg1-cruise,3256.3429226044445,R3-003,101.4324164005902,116.0,True,121.25068135942337,126.0,True,True
Q23-001,leg1-cruise,3266.2980057328214,R3-003,102.20747769297675,116.0,True,121.25068135942337,126.0,True,True
Q23-001,leg1-cruise,3276.253088861198,R3-003,102.96516738398167,116.0,True,121.25068135942337,126.0,True,True
Q23-001,leg1-cruise,3286.2081719895755,R3-003,103.69467315491444,116.0,True,121.25068135942337,126.0,True,True
Q23-001,leg1-descent,3286.2081719895755,R3-003,103.69467315491444,116.0,True,121.25068135942337,126.0,True,True
Q23-001,leg1-descent,3294.6118255540287,R3-003,103.70878469412824,116.0,True,121.25068135942337,126.0,True,True
Q23-001,leg1-descent,3303.0154791184814,R3-003,103.7244974991427,116.0,True,121.25068135942337,126.0,True,True
Q23-001,leg1-descent,3311.4191326829346,R3-003,103.74179408242617,116.0,True,121.25068135942337,126.0,True,True
Q23-001,leg1-descent,3319.8227862473877,R3-003,103.76065536427046,116.0,True,121.25068135942337,126.0,True,True
Q23-001,S010-handoff,3319.8227862473877,R3-003,103.76065536427046,116.0,True,121.25068135942337,126.0,True,True
Q23-001,S010-handoff,3329.8227862473877,R3-003,103.76065536427046,116.0,True,121.25068135942337,126.0,True,True
Q23-001,S010-handoff,3339.8227862473877,R3-003,103.76065536427046,116.0,True,121.25068135942337,126.0,True,True
Q23-001,S010-handoff,3349.8227862473877,R3-003,103.76065536427046,116.0,True,121.25068135942337,126.0,True,True
Q23-001,S010-handoff,3359.8227862473877,R3-003,103.76065536427046,116.0,True,121.25068135942337,126.0,True,True
Q23-001,S010-handoff,3369.8227862473877,R3-003,103.76065536427046,116.0,True,121.25068135942337,126.0,True,True
Q23-001,S010-handoff,3379.8227862473877,R3-003,103.76065536427046,116.0,True,121.25068135942337,126.0,True,True
Q23-001,S010-handoff,3389.8227862473877,R3-003,103.76065536427046,116.0,True,121.25068135942337,126.0,True,True
Q23-001,S010-handoff,3399.8227862473877,R3-003,103.76065536427046,116.0,True,121.25068135942337,126.0,True,True
Q23-001,S010-handoff,3409.8227862473877,R3-003,103.76065536427046,116.0,True,121.25068135942337,126.0,True,True
Q23-001,S010-handoff,3419.8227862473877,R3-003,103.76065536427046,116.0,True,121.25068135942337,126.0,True,True
Q23-001,S010-handoff,3429.8227862473877,R3-003,103.76065536427046,116.0,True,121.25068135942337,126.0,True,True
Q23-001,S010-handoff,3439.8227862473877,R3-003,103.76065536427046,116.0,True,121.25068135942337,126.0,True,True
Q23-001,S010-handoff,3449.8227862473877,R3-003,103.76065536427046,116.0,True,121.25068135942337,126.0,True,True
Q23-001,S010-handoff,3459.8227862473877,R3-003,103.76065536427046,116.0,True,121.25068135942337,126.0,True,True
Q23-001,S010-handoff,3469.8227862473877,R3-003,103.76065536427046,116.0,True,121.25068135942337,126.0,True,True
Q23-001,S010-handoff,3479.8227862473877,R3-003,103.76065536427046,116.0,True,121.25068135942337,126.0,True,True
Q23-001,S010-handoff,3489.8227862473877,R3-003,103.76065536427046,116.0,True,121.25068135942337,126.0,True,True
Q23-001,S010-handoff,3499.8227862473877,R3-003,103.76065536427046,116.0,True,121.25068135942337,126.0,True,True
Q23-001,S010-handoff,3509.8227862473877,R3-003,103.76065536427046,116.0,True,121.25068135942337,126.0,True,True
Q23-001,S010-handoff,3519.8227862473877,R3-003,103.76065536427046,116.0,True,121.25068135942337,126.0,True,True
Q23-001,S010-handoff,3529.8227862473877,R3-003,103.76065536427046,116.0,True,121.25068135942337,126.0,True,True
Q23-001,leg2-climb,3529.8227862473877,R3-003,103.76065536427046,116.0,True,121.25068135942337,126.0,True,True
Q23-001,leg2-climb,3538.678194252875,R3-003,103.73706598170222,116.0,True,121.25068135942337,126.0,True,True
Q23-001,leg2-climb,3547.5336022583624,R3-003,103.71598671088812,116.0,True,121.25068135942337,126.0,True,True
Q23-001,leg2-climb,3556.3890102638497,R3-003,103.69745485820856,116.0,True,121.25068135942337,126.0,True,True
Q23-001,leg2-climb,3565.244418269337,R3-003,103.681503573329,116.0,True,121.25068135942337,126.0,True,True
Q23-001,leg2-climb,3574.0998262748244,R3-003,103.66816165579418,116.0,True,121.25068135942337,126.0,True,True
Q23-001,leg2-climb,3582.9552342803117,R3-003,103.6574533844979,116.0,True,121.25068135942337,126.0,True,True
Q23-001,leg2-climb,3591.810642285799,R3-003,103.64939837211243,116.0,True,121.25068135942337,126.0,True,True
Q23-001,leg2-cruise,3591.810642285799,R3-003,103.64939837211243,116.0,True,121.25068135942337,126.0,True,True
Q23-001,leg2-cruise,3601.579368885855,R3-003,103.37797659542926,116.0,True,121.25068135942337,126.0,True,True
Q23-001,leg2-cruise,3611.348095485911,R3-003,103.18021909167575,116.0,True,121.25068135942337,126.0,True,True
Q23-001,leg2-cruise,3621.1168220859668,R3-003,103.0672356557658,116.0,True,121.25068135942337,126.0,True,True
Q23-001,leg2-cruise,3630.885548686023,R3-003,103.04591388770909,116.0,True,121.25068135942337,126.0,True,True
Q23-001,leg2-cruise,3640.6542752860787,R3-003,103.11760034019228,116.0,True,121.25068135942337,126.0,True,True
Q23-001,leg2-cruise,3650.4230018861344,R3-003,103.27782877397536,116.0,True,121.25068135942337,126.0,True,True
Q23-001,leg2-cruise,3660.1917284861906,R3-003,103.51720404735427,116.0,True,121.25068135942337,126.0,True,True
Q23-001,leg2-cruise,3669.9604550862464,R3-003,113.82309726464152,116.0,True,121.25068135942337,126.0,True,True
Q23-001,leg2-cruise,3679.7291816863026,R3-003,104.1815677192402,116.0,True,121.25068135942337,126.0,True,True
Q23-001,leg2-cruise,3689.4979082863583,R3-003,114.57899766777251,116.0,True,121.25068135942337,126.0,True,True
Q23-001,leg2-cruise,3699.2666348864145,R3-003,105.00318048160213,116.0,True,121.25068135942337,126.0,True,True
Q23-001,leg2-cruise,3709.0353614864703,R3-003,105.44385245706064,116.0,True,121.25068135942337,126.0,True,True
Q23-001,leg2-descent,3709.0353614864703,R3-003,105.44385245706064,116.0,True,121.25068135942337,126.0,True,True
Q23-001,leg2-descent,3718.363539892232,R3-003,105.44843699450874,116.0,True,121.25068135942337,126.0,True,True
Q23-001,leg2-descent,3727.6917182979937,R3-003,105.45437921062526,116.0,True,121.25068135942337,126.0,True,True
Q23-001,leg2-descent,3737.0198967037554,R3-003,115.46167353368527,116.0,True,121.25068135942337,126.0,True,True
Q23-001,leg2-descent,3746.348075109517,R3-003,115.47031314844243,116.0,True,121.25068135942337,126.0,True,True
Q23-001,leg2-descent,3755.676253515279,R3-003,115.48029001721335,116.0,True,121.25068135942337,126.0,True,True
Q23-001,leg2-descent,3765.0044319210406,R3-003,115.49159490457586,116.0,True,121.25068135942337,126.0,True,True
Q23-001,leg2-descent,3774.3326103268023,R3-003,115.5042174055237,116.0,True,121.25068135942337,126.0,True,True
Q23-001,leg2-descent,3783.660788732564,R3-003,115.5181459768993,116.0,True,121.25068135942337,126.0,True,True
Q23-001,S014-handoff,3783.660788732564,R3-003,115.5181459768993,116.0,True,121.25068135942337,126.0,True,True
Q23-001,S014-handoff,3793.660788732564,R3-003,115.5181459768993,116.0,True,121.25068135942337,126.0,True,True
Q23-001,S014-handoff,3803.660788732564,R3-003,115.5181459768993,116.0,True,121.25068135942337,126.0,True,True
Q23-001,S014-handoff,3813.660788732564,R3-003,115.5181459768993,116.0,True,121.25068135942337,126.0,True,True
Q23-001,S014-handoff,3823.660788732564,R3-003,115.5181459768993,116.0,True,121.25068135942337,126.0,True,True
Q23-001,S014-handoff,3833.660788732564,R3-003,115.5181459768993,116.0,True,121.25068135942337,126.0,True,True
Q23-001,S014-handoff,3843.660788732564,R3-003,115.5181459768993,116.0,True,121.25068135942337,126.0,True,True
Q23-001,S014-handoff,3853.660788732564,R3-003,115.5181459768993,116.0,True,121.25068135942337,126.0,True,True
Q23-001,S014-handoff,3863.660788732564,R3-003,115.5181459768993,116.0,True,121.25068135942337,126.0,True,True
Q23-001,S014-handoff,3873.660788732564,R3-003,115.5181459768993,116.0,True,121.25068135942337,126.0,True,True
Q23-001,S014-handoff,3883.660788732564,R3-003,115.5181459768993,116.0,True,121.25068135942337,126.0,True,True
Q23-001,S014-handoff,3893.660788732564,R3-003,115.5181459768993,116.0,True,121.25068135942337,126.0,True,True
Q23-001,S014-handoff,3903.660788732564,R3-003,115.5181459768993,116.0,True,121.25068135942337,126.0,True,True
Q23-001,S014-handoff,3913.660788732564,R3-003,115.5181459768993,116.0,True,121.25068135942337,126.0,True,True
Q23-001,S014-handoff,3923.660788732564,R3-003,115.5181459768993,116.0,True,121.25068135942337,126.0,True,True
Q23-001,S014-handoff,3933.660788732564,R3-003,115.5181459768993,116.0,True,121.25068135942337,126.0,True,True
Q23-001,S014-handoff,3943.660788732564,R3-003,115.5181459768993,116.0,True,121.25068135942337,126.0,True,True
Q23-001,S014-handoff,3953.660788732564,R3-003,115.5181459768993,116.0,True,121.25068135942337,126.0,True,True
Q23-001,S014-handoff,3963.660788732564,R3-003,115.5181459768993,116.0,True,121.25068135942337,126.0,True,True
Q23-001,leg3-climb,3963.660788732564,R3-003,115.5181459768993,116.0,True,121.25068135942337,126.0,True,True
Q23-001,leg3-climb,3972.584766054613,R3-003,115.50226660562936,116.0,True,121.25068135942337,126.0,True,True
Q23-001,leg3-climb,3981.508743376661,R3-003,115.48811082316615,116.0,True,121.25068135942337,126.0,True,True
Q23-001,leg3-climb,3990.43272069871,R3-003,115.47569571391874,116.0,True,121.25068135942337,126.0,True,True
Q23-001,leg3-climb,3999.3566980207584,R3-003,115.4650363690117,116.0,True,121.25068135942337,126.0,True,True
Q23-001,leg3-climb,4008.280675342807,R3-003,105.45614582600943,116.0,True,121.25068135942337,126.0,True,True
Q23-001,leg3-climb,4017.2046526648555,R3-003,105.44903501632766,116.0,True,121.25068135942337,126.0,True,True
Q23-001,leg3-climb,4026.1286299869043,R3-003,105.44371272077203,116.0,True,121.25068135942337,126.0,True,True
Q23-001,leg3-climb,4035.0526073089527,R3-003,105.44018553358109,116.0,True,121.25068135942337,126.0,True,True
Q23-001,leg3-climb,4043.9765846310015,R3-003,105.43845783528066,116.0,True,121.25068135942337,126.0,True,True
Q23-001,leg3-cruise,4043.9765846310015,R3-003,105.43845783528066,116.0,True,121.25068135942337,126.0,True,True
Q23-001,leg3-cruise,4053.7259848010362,R3-003,104.7404985304127,116.0,True,121.25068135942337,126.0,True,True
Q23-001,leg3-cruise,4063.4753849710714,R3-003,103.98429279438946,116.0,True,121.25068135942337,126.0,True,True
Q23-001,leg3-cruise,4073.224785141106,R3-003,103.15988863149944,116.0,True,121.25068135942337,126.0,True,True
Q23-001,leg3-cruise,4082.9741853111414,R3-003,102.25482161952837,116.0,True,121.25068135942337,126.0,True,True
Q23-001,leg3-cruise,4092.723585481176,R3-003,101.25338057923972,116.0,True,121.25068135942337,126.0,True,True
Q23-001,leg3-cruise,4102.472985651211,R3-003,100.13579139520786,116.0,True,121.25068135942337,126.0,True,True
Q23-001,leg3-cruise,4112.2223858212465,R3-003,98.8777054632453,116.0,True,121.25068135942337,126.0,True,True
Q23-001,leg3-cruise,4121.971785991281,R3-003,97.4514814635163,116.0,True,121.25068135942337,126.0,True,True
Q23-001,leg3-cruise,4131.721186161316,R3-003,95.8345425889496,116.0,True,121.25068135942337,126.0,True,True
Q23-001,leg3-cruise,4141.470586331351,R3-003,94.04263530012777,116.0,True,121.25068135942337,126.0,True,True
Q23-001,leg3-cruise,4151.219986501386,R3-003,92.23801969117764,116.0,True,121.25068135942337,126.0,True,True
Q23-002,leg1-cruise,781.3455814585584,R3-002,99.95426959969969,116.0,True,119.85838018172348,126.0,True,True
Q23-002,leg1-cruise,791.0957489811121,R3-002,101.06533507947817,116.0,True,119.85838018172348,126.0,True,True
Q23-002,leg1-cruise,800.8459165036658,R3-002,102.0677215600056,116.0,True,119.85838018172348,126.0,True,True
Q23-002,leg1-cruise,810.5960840262194,R3-002,102.97739531156459,116.0,True,119.85838018172348,126.0,True,True
Q23-002,leg1-cruise,820.3462515487731,R3-002,103.8081107163814,116.0,True,119.85838018172348,126.0,True,True
Q23-002,leg1-descent,820.3462515487731,R3-002,103.8081107163814,116.0,True,119.85838018172348,126.0,True,True
Q23-002,leg1-descent,829.6875758372776,R3-002,103.80576216719898,116.0,True,119.85838018172348,126.0,True,True
Q23-002,leg1-descent,839.0289001257821,R3-002,103.80540987398699,116.0,True,119.85838018172348,126.0,True,True
Q23-002,leg1-descent,848.3702244142866,R3-002,103.80705432249512,116.0,True,119.85838018172348,126.0,True,True
Q23-002,leg1-descent,857.711548702791,R3-002,103.81069324610773,116.0,True,119.85838018172348,126.0,True,True
Q23-002,leg1-descent,867.0528729912954,R3-002,103.81632163624603,116.0,True,119.85838018172348,126.0,True,True
Q23-002,leg1-descent,876.3941972798,R3-002,103.82393176530292,116.0,True,119.85838018172348,126.0,True,True
Q23-002,leg1-descent,885.7355215683044,R3-002,113.83351322189024,116.0,True,119.85838018172348,126.0,True,True
Q23-002,S007-handoff,885.7355215683044,R3-002,113.83351322189024,116.0,True,119.85838018172348,126.0,True,True
Q23-002,S007-handoff,895.7355215683044,R3-002,113.83351322189024,116.0,True,119.85838018172348,126.0,True,True
Q23-002,S007-handoff,905.7355215683044,R3-002,113.83351322189024,116.0,True,119.85838018172348,126.0,True,True
Q23-002,S007-handoff,915.7355215683044,R3-002,113.83351322189024,116.0,True,119.85838018172348,126.0,True,True
Q23-002,S007-handoff,925.7355215683044,R3-002,113.83351322189024,116.0,True,119.85838018172348,126.0,True,True
Q23-002,S007-handoff,935.7355215683044,R3-002,113.83351322189024,116.0,True,119.85838018172348,126.0,True,True
Q23-002,S007-handoff,945.7355215683044,R3-002,113.83351322189024,116.0,True,119.85838018172348,126.0,True,True
Q23-002,S007-handoff,955.7355215683044,R3-002,113.83351322189024,116.0,True,119.85838018172348,126.0,True,True
Q23-002,S007-handoff,965.7355215683044,R3-002,113.83351322189024,116.0,True,119.85838018172348,126.0,True,True
Q23-002,S007-handoff,975.7355215683044,R3-002,113.83351322189024,116.0,True,119.85838018172348,126.0,True,True
Q23-002,S007-handoff,985.7355215683044,R3-002,113.83351322189024,116.0,True,119.85838018172348,126.0,True,True
Q23-002,S007-handoff,995.7355215683044,R3-002,113.83351322189024,116.0,True,119.85838018172348,126.0,True,True
Q23-002,S007-handoff,1005.7355215683044,R3-002,113.83351322189024,116.0,True,119.85838018172348,126.0,True,True
Q23-002,S007-handoff,1015.7355215683044,R3-002,113.83351322189024,116.0,True,119.85838018172348,126.0,True,True
Q23-002,S007-handoff,1025.7355215683044,R3-002,113.83351322189024,116.0,True,119.85838018172348,126.0,True,True
Q23-002,S007-handoff,1035.7355215683044,R3-002,113.83351322189024,116.0,True,119.85838018172348,126.0,True,True
Q23-002,S007-handoff,1045.7355215683044,R3-002,113.83351322189024,116.0,True,119.85838018172348,126.0,True,True
Q23-002,S007-handoff,1055.7355215683044,R3-002,113.83351322189024,116.0,True,119.85838018172348,126.0,True,True
Q23-002,S007-handoff,1065.7355215683044,R3-002,113.83351322189024,116.0,True,119.85838018172348,126.0,True,True
Q23-002,S007-handoff,1075.7355215683044,R3-002,113.83351322189024,116.0,True,119.85838018172348,126.0,True,True
Q23-002,S007-handoff,1085.7355215683044,R3-002,113.83351322189024,116.0,True,119.85838018172348,126.0,True,True
Q23-002,S007-handoff,1095.7355215683044,R3-002,113.83351322189024,116.0,True,119.85838018172348,126.0,True,True
Q23-002,leg2-climb,1095.7355215683044,R3-002,113.83351322189024,116.0,True,119.85838018172348,126.0,True,True
Q23-002,leg2-climb,1104.314311173339,R3-002,103.82306468602566,116.0,True,119.85838018172348,126.0,True,True
Q23-002,leg2-climb,1112.8931007783738,R3-002,103.81501170875767,116.0,True,119.85838018172348,126.0,True,True
Q23-002,leg2-climb,1121.4718903834087,R3-002,103.80936767727745,116.0,True,119.85838018172348,126.0,True,True
Q23-002,leg2-climb,1130.0506799884433,R3-002,103.80614200874193,116.0,True,119.85838018172348,126.0,True,True
Q23-002,leg2-climb,1138.629469593478,R3-002,103.80534009806195,116.0,True,119.85838018172348,126.0,True,True
Q23-002,leg2-climb,1147.2082591985127,R3-002,103.80696328787896,116.0,True,119.85838018172348,126.0,True,True
Q23-002,leg2-cruise,1147.2082591985127,R3-002,103.80696328787896,116.0,True,119.85838018172348,126.0,True,True
Q23-002,leg2-cruise,1157.112182680916,R3-002,104.08014063894818,116.0,True,119.85838018172348,126.0,True,True
Q23-002,leg2-cruise,1167.0161061633194,R3-002,104.40806657682002,116.0,True,119.85838018172348,126.0,True,True
Q23-002,leg2-cruise,1176.9200296457227,R3-002,104.77804502654918,116.0,True,119.85838018172348,126.0,True,True
Q23-002,leg2-cruise,1186.823953128126,R3-002,105.17827943168933,116.0,True,119.85838018172348,126.0,True,True
Q23-002,leg2-cruise,1196.7278766105294,R3-002,105.59853205404832,116.0,True,119.85838018172348,126.0,True,True
Q23-002,leg2-cruise,1206.6318000929327,R3-002,106.03037070005284,116.0,True,119.85838018172348,126.0,True,True
Q23-002,leg2-cruise,1216.535723575336,R3-002,106.46713312332662,116.0,True,119.85838018172348,126.0,True,True
Q23-002,leg2-cruise,1226.4396470577394,R3-002,106.90373535773705,116.0,True,119.85838018172348,126.0,True,True
Q23-002,leg2-cruise,1236.3435705401428,R3-002,107.33641765928749,116.0,True,119.85838018172348,126.0,True,True
Q23-002,leg2-cruise,1246.247494022546,R3-002,107.76248586119172,116.0,True,119.85838018172348,126.0,True,True
Q23-002,leg2-cruise,1256.1514175049494,R3-002,108.18007788279117,116.0,True,119.85838018172348,126.0,True,True
Q23-002,leg2-cruise,1266.0553409873528,R3-002,108.58796689751608,116.0,True,119.85838018172348,126.0,True,True
Q23-002,leg2-cruise,1275.9592644697561,R3-002,108.98540241109717,116.0,True,119.85838018172348,126.0,True,True
Q23-002,leg2-cruise,1285.8631879521595,R3-002,109.37198558261055,116.0,True,119.85838018172348,126.0,True,True
Q23-002,leg2-cruise,1295.7671114345628,R3-002,109.74757333399131,116.0,True,119.85838018172348,126.0,True,True
Q23-002,leg2-descent,1295.7671114345628,R3-002,109.74757333399131,116.0,True,119.85838018172348,126.0,True,True
Q23-002,leg2-descent,1301.4507540126879,R3-002,109.74726882128049,116.0,True,119.85838018172348,126.0,True,True
Q23-002,leg2-descent,1307.134396590813,R3-002,109.74715250666071,116.0,True,119.85838018172348,126.0,True,True
Q23-002,S015-handoff,1307.134396590813,R3-002,109.74715250666071,116.0,True,119.85838018172348,126.0,True,True
Q23-002,S015-handoff,1317.134396590813,R3-002,109.74715250666071,116.0,True,119.85838018172348,126.0,True,True
Q23-002,S015-handoff,1327.134396590813,R3-002,109.74715250666071,116.0,True,119.85838018172348,126.0,True,True
Q23-002,S015-handoff,1337.134396590813,R3-002,109.74715250666071,116.0,True,119.85838018172348,126.0,True,True
Q23-002,S015-handoff,1347.134396590813,R3-002,109.74715250666071,116.0,True,119.85838018172348,126.0,True,True
Q23-002,S015-handoff,1357.134396590813,R3-002,109.74715250666071,116.0,True,119.85838018172348,126.0,True,True
Q23-002,S015-handoff,1367.134396590813,R3-002,109.74715250666071,116.0,True,119.85838018172348,126.0,True,True
Q23-002,S015-handoff,1377.134396590813,R3-002,109.74715250666071,116.0,True,119.85838018172348,126.0,True,True
Q23-002,S015-handoff,1387.134396590813,R3-002,109.74715250666071,116.0,True,119.85838018172348,126.0,True,True
Q23-002,S015-handoff,1397.134396590813,R3-002,109.74715250666071,116.0,True,119.85838018172348,126.0,True,True
Q23-002,S015-handoff,1407.134396590813,R3-002,109.74715250666071,116.0,True,119.85838018172348,126.0,True,True
Q23-002,S015-handoff,1417.134396590813,R3-002,109.74715250666071,116.0,True,119.85838018172348,126.0,True,True
Q23-002,S015-handoff,1427.134396590813,R3-002,109.74715250666071,116.0,True,119.85838018172348,126.0,True,True
Q23-002,S015-handoff,1437.134396590813,R3-002,109.74715250666071,116.0,True,119.85838018172348,126.0,True,True
Q23-002,S015-handoff,1447.134396590813,R3-002,109.74715250666071,116.0,True,119.85838018172348,126.0,True,True
Q23-002,S015-handoff,1457.134396590813,R3-002,109.74715250666071,116.0,True,119.85838018172348,126.0,True,True
Q23-002,S015-handoff,1467.134396590813,R3-002,109.74715250666071,116.0,True,119.85838018172348,126.0,True,True
Q23-002,S015-handoff,1477.134396590813,R3-002,109.74715250666071,116.0,True,119.85838018172348,126.0,True,True
Q23-002,S015-handoff,1487.134396590813,R3-002,109.74715250666071,116.0,True,119.85838018172348,126.0,True,True
Q23-002,leg3-climb,1487.134396590813,R3-002,109.74715250666071,116.0,True,119.85838018172348,126.0,True,True
Q23-002,leg3-climb,1495.2426678717375,R3-002,109.74746631209861,116.0,True,119.85838018172348,126.0,True,True
Q23-002,leg3-climb,1503.3509391526618,R3-002,109.74833157548628,116.0,True,119.85838018172348,126.0,True,True
Q23-002,leg3-climb,1511.4592104335863,R3-002,109.7497479673008,116.0,True,119.85838018172348,126.0,True,True
Q23-002,leg3-climb,1519.567481714511,R3-002,109.75171494846063,116.0,True,119.85838018172348,126.0,True,True
Q23-002,leg3-cruise,1519.567481714511,R3-002,109.75171494846063,116.0,True,119.85838018172348,126.0,True,True
Q23-002,leg3-cruise,1529.3546588666052,R3-002,109.33223233528751,116.0,True,119.85838018172348,126.0,True,True
Q23-002,leg3-cruise,1539.1418360186997,R3-002,108.89238516024047,116.0,True,119.85838018172348,126.0,True,True
Q23-002,leg3-cruise,1548.929013170794,R3-002,108.43020921858339,116.0,True,119.85838018172348,126.0,True,True
Q23-002,leg3-cruise,1558.7161903228885,R3-002,107.94346510431973,116.0,True,119.85838018172348,126.0,True,True
Q23-002,leg3-cruise,1568.5033674749827,R3-002,107.429591502252,116.0,True,119.85838018172348,126.0,True,True
Q23-002,leg3-cruise,1578.2905446270772,R3-002,106.88565137618318,116.0,True,119.85838018172348,126.0,True,True
Q23-002,leg3-cruise,1588.0777217791715,R3-002,106.30827188972869,116.0,True,119.85838018172348,126.0,True,True
Q23-002,leg3-cruise,1597.864898931266,R3-002,105.69358140148839,116.0,True,119.85838018172348,126.0,True,True
Q23-002,leg3-cruise,1607.6520760833603,R3-002,105.03715224801377,116.0,True,119.85838018172348,126.0,True,True
Q23-002,leg3-cruise,1617.4392532354545,R3-002,104.33396930157078,116.0,True,119.85838018172348,126.0,True,True
Q23-002,leg3-cruise,1627.226430387549,R3-002,103.57846778549823,116.0,True,119.85838018172348,126.0,True,True
Q23-002,leg3-cruise,1637.0136075396433,R3-002,102.76473278865839,116.0,True,119.85838018172348,126.0,True,True
Q23-002,leg3-cruise,1646.8007846917378,R3-002,101.88705494889022,116.0,True,119.85838018172348,126.0,True,True
Q23-002,leg3-cruise,1656.587961843832,R3-002,100.94124766165251,116.0,True,119.85838018172348,126.0,True,True
Q23-002,leg3-cruise,1666.3751389959266,R3-002,99.92755281329828,116.0,True,119.85838018172348,126.0,True,True
Q23-003,leg1-cruise,783.3573686169336,R3-001,101.9369950201211,116.0,True,114.27394830839819,126.0,True,True
Q23-003,leg1-cruise,793.3015212530727,R3-001,101.1191699349908,116.0,True,114.27394830839819,126.0,True,True
Q23-003,leg1-cruise,803.2456738892115,R3-001,100.2311602459466,116.0,True,114.27394830839819,126.0,True,True
Q23-003,leg1-cruise,813.1898265253504,R3-001,99.26458998044838,116.0,True,114.27394830839819,126.0,True,True
Q23-003,leg1-cruise,823.1339791614894,R3-001,98.21265850430588,116.0,True,114.27394830839819,126.0,True,True
Q23-003,leg1-cruise,833.0781317976283,R3-001,97.07446483414722,116.0,True,114.27394830839819,126.0,True,True
Q23-003,leg1-cruise,843.0222844337673,R3-001,95.8650244727383,116.0,True,114.27394830839819,126.0,True,True
Q23-003,leg1-cruise,852.9664370699061,R3-001,94.6364101159485,116.0,True,114.27394830839819,126.0,True,True
Q23-003,leg1-cruise,862.9105897060451,R3-001,93.51360231060478,116.0,True,114.27394830839819,126.0,True,True
Q23-003,leg1-cruise,872.854742342184,R3-001,92.72198831129653,116.0,True,114.27394830839819,126.0,True,True
Q23-003,leg1-cruise,882.798894978323,R3-001,92.51807095854818,116.0,True,114.27394830839819,126.0,True,True
Q23-003,leg1-cruise,892.743047614462,R3-001,92.984617672179,116.0,True,114.27394830839819,126.0,True,True
Q23-003,leg1-cruise,902.6872002506009,R3-001,93.94290001121047,116.0,True,114.27394830839819,126.0,True,True
Q23-003,leg1-cruise,912.6313528867397,R3-001,95.12990957666254,116.0,True,114.27394830839819,126.0,True,True
Q23-003,leg1-cruise,922.5755055228788,R3-001,96.36073669584692,116.0,True,114.27394830839819,126.0,True,True
Q23-003,leg1-cruise,932.5196581590176,R3-001,97.54485412096457,116.0,True,114.27394830839819,126.0,True,True
Q23-003,leg1-cruise,942.4638107951566,R3-001,98.64870454649771,116.0,True,114.27394830839819,126.0,True,True
Q23-003,leg1-cruise,952.4079634312955,R3-001,99.66548583407103,116.0,True,114.27394830839819,126.0,True,True
Q23-003,leg1-cruise,962.3521160674344,R3-001,100.59927512968271,116.0,True,114.27394830839819,126.0,True,True
Q23-003,leg1-cruise,972.2962687035733,R3-001,101.45783835100437,116.0,True,114.27394830839819,126.0,True,True
Q23-003,leg1-cruise,982.2404213397124,R3-001,102.24961009296257,116.0,True,114.27394830839819,126.0,True,True
Q23-003,leg1-cruise,992.1845739758512,R3-001,102.98252299683827,116.0,True,114.27394830839819,126.0,True,True
Q23-003,leg1-cruise,1002.12872661199,R3-001,103.66362783754678,116.0,True,114.27394830839819,126.0,True,True
Q23-003,leg1-cruise,1012.0728792481291,R3-001,104.299039385955,116.0,True,114.27394830839819,126.0,True,True
Q23-003,leg1-cruise,1022.0170318842679,R3-001,104.89400671438088,116.0,True,114.27394830839819,126.0,True,True
Q23-003,leg1-cruise,1031.961184520407,R3-001,105.4530220366587,116.0,True,114.27394830839819,126.0,True,True
Q23-003,leg1-cruise,1041.9053371565458,R3-001,105.97993267726262,116.0,True,114.27394830839819,126.0,True,True
Q23-003,leg1-cruise,1051.8494897926848,R3-001,106.47804281555489,116.0,True,114.27394830839819,126.0,True,True
Q23-003,leg1-cruise,1061.7936424288237,R3-001,106.9502011420347,116.0,True,114.27394830839819,126.0,True,True
Q23-003,leg1-cruise,1071.7377950649627,R3-001,107.39887447887936,116.0,True,114.27394830839819,126.0,True,True
Q23-003,leg1-descent,1071.7377950649627,R3-001,107.39887447887936,116.0,True,114.27394830839819,126.0,True,True
Q23-003,leg1-descent,1080.6378613898326,R3-001,107.40543863719131,116.0,True,114.27394830839819,126.0,True,True
Q23-003,leg1-descent,1089.5379277147024,R3-001,107.41278295710852,116.0,True,114.27394830839819,126.0,True,True
Q23-003,leg1-descent,1098.437994039572,R3-001,107.42090347008497,116.0,True,114.27394830839819,126.0,True,True
Q23-003,leg1-descent,1107.3380603644418,R3-001,107.42979580637152,116.0,True,114.27394830839819,126.0,True,True
Q23-003,leg1-descent,1116.2381266893117,R3-001,107.43945520274923,116.0,True,114.27394830839819,126.0,True,True
Q23-003,leg1-descent,1125.1381930141815,R3-001,107.44987651089774,116.0,True,114.27394830839819,126.0,True,True
Q23-003,S012-handoff,1125.1381930141815,R3-001,107.44987651089774,116.0,True,114.27394830839819,126.0,True,True
Q23-003,S012-handoff,1135.1381930141815,R3-001,107.44987651089774,116.0,True,114.27394830839819,126.0,True,True
Q23-003,S012-handoff,1145.1381930141815,R3-001,107.44987651089774,116.0,True,114.27394830839819,126.0,True,True
Q23-003,S012-handoff,1155.1381930141815,R3-001,107.44987651089774,116.0,True,114.27394830839819,126.0,True,True
Q23-003,S012-handoff,1165.1381930141815,R3-001,107.44987651089774,116.0,True,114.27394830839819,126.0,True,True
Q23-003,S012-handoff,1175.1381930141815,R3-001,107.44987651089774,116.0,True,114.27394830839819,126.0,True,True
Q23-003,S012-handoff,1185.1381930141815,R3-001,107.44987651089774,116.0,True,114.27394830839819,126.0,True,True
Q23-003,S012-handoff,1195.1381930141815,R3-001,107.44987651089774,116.0,True,114.27394830839819,126.0,True,True
Q23-003,S012-handoff,1205.1381930141815,R3-001,107.44987651089774,116.0,True,114.27394830839819,126.0,True,True
Q23-003,S012-handoff,1215.1381930141815,R3-001,107.44987651089774,116.0,True,114.27394830839819,126.0,True,True
Q23-003,S012-handoff,1225.1381930141815,R3-001,107.44987651089774,116.0,True,114.27394830839819,126.0,True,True
Q23-003,S012-handoff,1235.1381930141815,R3-001,107.44987651089774,116.0,True,114.27394830839819,126.0,True,True
Q23-003,S012-handoff,1245.1381930141815,R3-001,107.44987651089774,116.0,True,114.27394830839819,126.0,True,True
Q23-003,S012-handoff,1255.1381930141815,R3-001,107.44987651089774,116.0,True,114.27394830839819,126.0,True,True
Q23-003,S012-handoff,1265.1381930141815,R3-001,107.44987651089774,116.0,True,114.27394830839819,126.0,True,True
Q23-003,S012-handoff,1275.1381930141815,R3-001,107.44987651089774,116.0,True,114.27394830839819,126.0,True,True
Q23-003,S012-handoff,1285.1381930141815,R3-001,107.44987651089774,116.0,True,114.27394830839819,126.0,True,True
Q23-003,S012-handoff,1295.1381930141815,R3-001,107.44987651089774,116.0,True,114.27394830839819,126.0,True,True
Q23-003,S012-handoff,1305.1381930141815,R3-001,107.44987651089774,116.0,True,114.27394830839819,126.0,True,True
Q23-003,S012-handoff,1315.1381930141815,R3-001,107.44987651089774,116.0,True,114.27394830839819,126.0,True,True
Q23-003,S012-handoff,1325.1381930141815,R3-001,107.44987651089774,116.0,True,114.27394830839819,126.0,True,True
Q23-003,S012-handoff,1335.1381930141815,R3-001,107.44987651089774,116.0,True,114.27394830839819,126.0,True,True
Q23-003,leg2-climb,1335.1381930141815,R3-001,107.44987651089774,116.0,True,114.27394830839819,126.0,True,True
Q23-003,leg2-climb,1344.0382593390514,R3-001,107.43746220031093,116.0,True,114.27394830839819,126.0,True,True
Q23-003,leg2-climb,1352.9383256639212,R3-001,107.42614654918657,116.0,True,114.27394830839819,126.0,True,True
Q23-003,leg2-climb,1361.8383919887908,R3-001,107.4159382549311,116.0,True,114.27394830839819,126.0,True,True
Q23-003,leg2-climb,1370.7384583136607,R3-001,107.40684520940346,116.0,True,114.27394830839819,126.0,True,True
Q23-003,leg2-climb,1379.6385246385305,R3-001,107.39887447887936,116.0,True,114.27394830839819,126.0,True,True
Q23-003,leg2-cruise,1379.6385246385305,R3-001,107.39887447887936,116.0,True,114.27394830839819,126.0,True,True
Q23-003,leg2-cruise,1389.5826772746693,R3-001,106.9502011420347,116.0,True,114.27394830839819,126.0,True,True
Q23-003,leg2-cruise,1399.5268299108084,R3-001,106.47804281555489,116.0,True,114.27394830839819,126.0,True,True
Q23-003,leg2-cruise,1409.4709825469472,R3-001,105.97993267726262,116.0,True,114.27394830839819,126.0,True,True
Q23-003,leg2-cruise,1419.4151351830862,R3-001,105.4530220366587,116.0,True,114.27394830839819,126.0,True,True
Q23-003,leg2-cruise,1429.359287819225,R3-001,104.89400671438088,116.0,True,114.27394830839819,126.0,True,True
Q23-003,leg2-cruise,1439.3034404553641,R3-001,104.299039385955,116.0,True,114.27394830839819,126.0,True,True
Q23-003,leg2-cruise,1449.247593091503,R3-001,103.66362783754678,116.0,True,114.27394830839819,126.0,True,True
Q23-003,leg2-cruise,1459.191745727642,R3-001,102.98252299683827,116.0,True,114.27394830839819,126.0,True,True
Q23-003,leg2-cruise,1469.1358983637808,R3-001,102.24961009296257,116.0,True,114.27394830839819,126.0,True,True
Q23-003,leg2-cruise,1479.0800509999199,R3-001,101.45783835100437,116.0,True,114.27394830839819,126.0,True,True
Q23-003,leg2-cruise,1489.0242036360587,R3-001,100.59927512968271,116.0,True,114.27394830839819,126.0,True,True
Q23-003,leg2-cruise,1498.9683562721978,R3-001,99.66548583407103,116.0,True,114.27394830839819,126.0,True,True
Q23-003,leg2-cruise,1508.9125089083366,R3-001,98.64870454649771,116.0,True,114.27394830839819,126.0,True,True
Q23-003,leg2-cruise,1518.8566615444756,R3-001,97.54485412096457,116.0,True,114.27394830839819,126.0,True,True
Q23-003,leg2-cruise,1528.8008141806145,R3-001,96.36073669584692,116.0,True,114.27394830839819,126.0,True,True
Q23-003,leg2-cruise,1538.7449668167533,R3-001,95.12990957666254,116.0,True,114.27394830839819,126.0,True,True
Q23-003,leg2-cruise,1548.6891194528923,R3-001,93.94290001121047,116.0,True,114.27394830839819,126.0,True,True
Q23-003,leg2-cruise,1558.6332720890312,R3-001,92.984617672179,116.0,True,114.27394830839819,126.0,True,True
Q23-003,leg2-cruise,1568.5774247251702,R3-001,92.51807095854818,116.0,True,114.27394830839819,126.0,True,True
Q23-003,leg2-cruise,1578.521577361309,R3-001,92.72198831129653,116.0,True,114.27394830839819,126.0,True,True
Q23-003,leg2-cruise,1588.465729997448,R3-001,93.51360231060478,116.0,True,114.27394830839819,126.0,True,True
Q23-003,leg2-cruise,1598.409882633587,R3-001,94.6364101159485,116.0,True,114.27394830839819,126.0,True,True
Q23-003,leg2-cruise,1608.354035269726,R3-001,95.8650244727383,116.0,True,114.27394830839819,126.0,True,True
Q23-003,leg2-cruise,1618.2981879058648,R3-001,97.07446483414722,116.0,True,114.27394830839819,126.0,True,True
Q23-003,leg2-cruise,1628.2423405420038,R3-001,98.21265850430588,116.0,True,114.27394830839819,126.0,True,True
Q23-003,leg2-cruise,1638.1864931781427,R3-001,99.26458998044838,116.0,True,114.27394830839819,126.0,True,True
Q23-003,leg2-cruise,1648.1306458142817,R3-001,100.2311602459466,116.0,True,114.27394830839819,126.0,True,True
Q23-003,leg2-cruise,1658.0747984504205,R3-001,101.1191699349908,116.0,True,114.27394830839819,126.0,True,True
Q23-003,leg2-cruise,1668.0189510865596,R3-001,101.9369950201211,116.0,True,114.27394830839819,126.0,True,True
Q23-004,leg1-cruise,3160.227868569072,R3-003,93.1997897155792,116.0,True,121.25068135942337,126.0,True,True
Q23-004,leg1-cruise,3170.0302546095963,R3-003,94.68078904596403,116.0,True,121.25068135942337,126.0,True,True
Q23-004,leg1-cruise,3179.8326406501205,R3-003,96.09314320577502,116.0,True,121.25068135942337,126.0,True,True
Q23-004,leg1-cruise,3189.6350266906447,R3-003,97.38524749119172,116.0,True,121.25068135942337,126.0,True,True
Q23-004,leg1-cruise,3199.437412731169,R3-003,98.55299543286787,116.0,True,121.25068135942337,126.0,True,True
Q23-004,leg1-cruise,3209.2397987716936,R3-003,99.60764779221698,116.0,True,121.25068135942337,126.0,True,True
Q23-004,leg1-cruise,3219.042184812218,R3-003,100.56378663578701,116.0,True,121.25068135942337,126.0,True,True
Q23-004,leg1-cruise,3228.844570852742,R3-003,101.43527402109459,116.0,True,121.25068135942337,126.0,True,True
Q23-004,leg1-cruise,3238.646956893266,R3-003,102.23413968512449,116.0,True,121.25068135942337,126.0,True,True
Q23-004,leg1-cruise,3248.4493429337904,R3-003,102.9704834756854,116.0,True,121.25068135942337,126.0,True,True
Q23-004,leg1-cruise,3258.2517289743146,R3-003,103.65269242655813,116.0,True,121.25068135942337,126.0,True,True
Q23-004,leg1-cruise,3268.054115014839,R3-003,104.28772273441935,116.0,True,121.25068135942337,126.0,True,True
Q23-004,leg1-cruise,3277.8565010553634,R3-003,104.88136322902142,116.0,True,121.25068135942337,126.0,True,True
Q23-004,leg1-cruise,3287.6588870958876,R3-003,105.43845783528066,116.0,True,121.25068135942337,126.0,True,True
Q23-004,leg1-descent,3287.6588870958876,R3-003,105.43845783528066,116.0,True,121.25068135942337,126.0,True,True
Q23-004,leg1-descent,3297.2967826037,R3-003,105.43993173376137,116.0,True,121.25068135942337,126.0,True,True
Q23-004,leg1-descent,3306.9346781115128,R3-003,105.44286350246868,116.0,True,121.25068135942337,126.0,True,True
Q23-004,leg1-descent,3316.572573619325,R3-003,105.44725019107989,116.0,True,121.25068135942337,126.0,True,True
Q23-004,leg1-descent,3326.2104691271375,R3-003,105.45308739381248,116.0,True,121.25068135942337,126.0,True,True
Q23-004,leg1-descent,3335.84836463495,R3-003,115.46036926413441,116.0,True,121.25068135942337,126.0,True,True
Q23-004,leg1-descent,3345.4862601427626,R3-003,115.46908853420031,116.0,True,121.25068135942337,126.0,True,True
Q23-004,leg1-descent,3355.124155650575,R3-003,115.47923653887896,116.0,True,121.25068135942337,126.0,True,True
Q23-004,leg1-descent,3364.7620511583873,R3-003,115.49080324420623,116.0,True,121.25068135942337,126.0,True,True
Q23-004,leg1-descent,3374.3999466662,R3-003,115.50377728006899,116.0,True,121.25068135942337,126.0,True,True
Q23-004,leg1-descent,3384.0378421740124,R3-003,115.5181459768993,116.0,True,121.25068135942337,126.0,True,True
Q23-004,S014-handoff,3384.0378421740124,R3-003,115.5181459768993,116.0,True,121.25068135942337,126.0,True,True
Q23-004,S014-handoff,3394.0378421740124,R3-003,115.5181459768993,116.0,True,121.25068135942337,126.0,True,True
Q23-004,S014-handoff,3404.0378421740124,R3-003,115.5181459768993,116.0,True,121.25068135942337,126.0,True,True
Q23-004,S014-handoff,3414.0378421740124,R3-003,115.5181459768993,116.0,True,121.25068135942337,126.0,True,True
Q23-004,S014-handoff,3424.0378421740124,R3-003,115.5181459768993,116.0,True,121.25068135942337,126.0,True,True
Q23-004,S014-handoff,3434.0378421740124,R3-003,115.5181459768993,116.0,True,121.25068135942337,126.0,True,True
Q23-004,S014-handoff,3444.0378421740124,R3-003,115.5181459768993,116.0,True,121.25068135942337,126.0,True,True
Q23-004,S014-handoff,3454.0378421740124,R3-003,115.5181459768993,116.0,True,121.25068135942337,126.0,True,True
Q23-004,S014-handoff,3464.0378421740124,R3-003,115.5181459768993,116.0,True,121.25068135942337,126.0,True,True
Q23-004,S014-handoff,3474.0378421740124,R3-003,115.5181459768993,116.0,True,121.25068135942337,126.0,True,True
Q23-004,S014-handoff,3484.0378421740124,R3-003,115.5181459768993,116.0,True,121.25068135942337,126.0,True,True
Q23-004,S014-handoff,3494.0378421740124,R3-003,115.5181459768993,116.0,True,121.25068135942337,126.0,True,True
Q23-004,S014-handoff,3504.0378421740124,R3-003,115.5181459768993,116.0,True,121.25068135942337,126.0,True,True
Q23-004,S014-handoff,3514.0378421740124,R3-003,115.5181459768993,116.0,True,121.25068135942337,126.0,True,True
Q23-004,S014-handoff,3524.0378421740124,R3-003,115.5181459768993,116.0,True,121.25068135942337,126.0,True,True
Q23-004,S014-handoff,3534.0378421740124,R3-003,115.5181459768993,116.0,True,121.25068135942337,126.0,True,True
Q23-004,S014-handoff,3544.0378421740124,R3-003,115.5181459768993,116.0,True,121.25068135942337,126.0,True,True
Q23-004,S014-handoff,3554.0378421740124,R3-003,115.5181459768993,116.0,True,121.25068135942337,126.0,True,True
Q23-004,S014-handoff,3564.0378421740124,R3-003,115.5181459768993,116.0,True,121.25068135942337,126.0,True,True
Q23-004,S014-handoff,3574.0378421740124,R3-003,115.5181459768993,116.0,True,121.25068135942337,126.0,True,True
Q23-004,S014-handoff,3584.0378421740124,R3-003,115.5181459768993,116.0,True,121.25068135942337,126.0,True,True
Q23-004,S014-handoff,3594.0378421740124,R3-003,115.5181459768993,116.0,True,121.25068135942337,126.0,True,True
Q23-004,leg2-climb,3594.0378421740124,R3-003,115.5181459768993,116.0,True,121.25068135942337,126.0,True,True
Q23-004,leg2-climb,3602.9618194960613,R3-003,115.50226660562936,116.0,True,121.25068135942337,126.0,True,True
Q23-004,leg2-climb,3611.8857968181096,R3-003,115.48811082316615,116.0,True,121.25068135942337,126.0,True,True
Q23-004,leg2-climb,3620.8097741401584,R3-003,115.47569571391874,116.0,True,121.25068135942337,126.0,True,True
Q23-004,leg2-climb,3629.733751462207,R3-003,115.4650363690117,116.0,True,121.25068135942337,126.0,True,True
Q23-004,leg2-climb,3638.6577287842556,R3-003,105.45614582600943,116.0,True,121.25068135942337,126.0,True,True
Q23-004,leg2-climb,3647.581706106304,R3-003,105.44903501632766,116.0,True,121.25068135942337,126.0,True,True
Q23-004,leg2-climb,3656.5056834283528,R3-003,105.44371272077203,116.0,True,121.25068135942337,126.0,True,True
Q23-004,leg2-climb,3665.429660750401,R3-003,105.44018553358109,116.0,True,121.25068135942337,126.0,True,True
Q23-004,leg2-climb,3674.35363807245,R3-003,105.43845783528066,116.0,True,121.25068135942337,126.0,True,True
Q23-004,leg2-cruise,3674.35363807245,R3-003,105.43845783528066,116.0,True,121.25068135942337,126.0,True,True
Q23-004,leg2-cruise,3684.156024112974,R3-003,104.88136322902142,116.0,True,121.25068135942337,126.0,True,True
Q23-004,leg2-cruise,3693.9584101534983,R3-003,104.28772273441935,116.0,True,121.25068135942337,126.0,True,True
Q23-004,leg2-cruise,3703.760796194023,R3-003,103.65269242655813,116.0,True,121.25068135942337,126.0,True,True
Q23-004,leg2-cruise,3713.563182234547,R3-003,102.9704834756854,116.0,True,121.25068135942337,126.0,True,True
Q23-004,leg2-cruise,3723.3655682750714,R3-003,102.23413968512449,116.0,True,121.25068135942337,126.0,True,True
Q23-004,leg2-cruise,3733.1679543155956,R3-003,101.43527402109459,116.0,True,121.25068135942337,126.0,True,True
Q23-004,leg2-cruise,3742.97034035612,R3-003,100.56378663578701,116.0,True,121.25068135942337,126.0,True,True
Q23-004,leg2-cruise,3752.772726396644,R3-003,99.60764779221698,116.0,True,121.25068135942337,126.0,True,True
Q23-004,leg2-cruise,3762.5751124371686,R3-003,98.55299543286787,116.0,True,121.25068135942337,126.0,True,True
Q23-004,leg2-cruise,3772.377498477693,R3-003,97.38524749119172,116.0,True,121.25068135942337,126.0,True,True
Q23-004,leg2-cruise,3782.179884518217,R3-003,96.09314320577502,116.0,True,121.25068135942337,126.0,True,True
Q23-004,leg2-cruise,3791.982270558741,R3-003,94.68078904596403,116.0,True,121.25068135942337,126.0,True,True
Q23-004,leg2-cruise,3801.7846565992654,R3-003,93.1997897155792,116.0,True,121.25068135942337,126.0,True,True
Q23-005,leg1-cruise,2855.5595008347127,R3-003,105.71489463988759,116.0,True,121.25068135942337,126.0,True,True
Q23-005,leg1-cruise,2865.3548685112983,R3-003,105.97180033755893,116.0,True,121.25068135942337,126.0,True,True
Q23-005,leg1-cruise,2875.150236187884,R3-003,106.25951641511723,116.0,True,121.25068135942337,126.0,True,True
Q23-005,leg1-cruise,2884.945603864469,R3-003,106.57136772278093,116.0,True,121.25068135942337,126.0,True,True
Q23-005,leg1-cruise,2894.7409715410545,R3-003,106.90124849667455,116.0,True,121.25068135942337,126.0,True,True
Q23-005,leg1-cruise,2904.53633921764,R3-003,107.24379618128572,116.0,True,121.25068135942337,126.0,True,True
Q23-005,leg1-cruise,2914.3317068942256,R3-003,107.59445361815413,116.0,True,121.25068135942337,126.0,True,True
Q23-005,leg1-cruise,2924.127074570811,R3-003,107.94945274996627,116.0,True,121.25068135942337,126.0,True,True
Q23-005,leg1-descent,2924.127074570811,R3-003,107.94945274996627,116.0,True,121.25068135942337,126.0,True,True
Q23-005,leg1-descent,2933.623439316905,R3-003,107.95670933959995,116.0,True,121.25068135942337,126.0,True,True
Q23-005,leg1-descent,2943.119804062999,R3-003,107.9647459547213,116.0,True,121.25068135942337,126.0,True,True
Q23-005,S013-handoff,2943.119804062999,R3-003,107.9647459547213,116.0,True,121.25068135942337,126.0,True,True
Q23-005,S013-handoff,2953.119804062999,R3-003,107.9647459547213,116.0,True,121.25068135942337,126.0,True,True
Q23-005,S013-handoff,2963.119804062999,R3-003,107.9647459547213,116.0,True,121.25068135942337,126.0,True,True
Q23-005,S013-handoff,2973.119804062999,R3-003,107.9647459547213,116.0,True,121.25068135942337,126.0,True,True
Q23-005,S013-handoff,2983.119804062999,R3-003,107.9647459547213,116.0,True,121.25068135942337,126.0,True,True
Q23-005,S013-handoff,2993.119804062999,R3-003,107.9647459547213,116.0,True,121.25068135942337,126.0,True,True
Q23-005,S013-handoff,3003.119804062999,R3-003,107.9647459547213,116.0,True,121.25068135942337,126.0,True,True
Q23-005,S013-handoff,3013.119804062999,R3-003,107.9647459547213,116.0,True,121.25068135942337,126.0,True,True
Q23-005,S013-handoff,3023.119804062999,R3-003,107.9647459547213,116.0,True,121.25068135942337,126.0,True,True
Q23-005,S013-handoff,3033.119804062999,R3-003,107.9647459547213,116.0,True,121.25068135942337,126.0,True,True
Q23-005,S013-handoff,3043.119804062999,R3-003,107.9647459547213,116.0,True,121.25068135942337,126.0,True,True
Q23-005,S013-handoff,3053.119804062999,R3-003,107.9647459547213,116.0,True,121.25068135942337,126.0,True,True
Q23-005,S013-handoff,3063.119804062999,R3-003,107.9647459547213,116.0,True,121.25068135942337,126.0,True,True
Q23-005,S013-handoff,3073.119804062999,R3-003,107.9647459547213,116.0,True,121.25068135942337,126.0,True,True
Q23-005,S013-handoff,3083.119804062999,R3-003,107.9647459547213,116.0,True,121.25068135942337,126.0,True,True
Q23-005,S013-handoff,3093.119804062999,R3-003,107.9647459547213,116.0,True,121.25068135942337,126.0,True,True
Q23-005,S013-handoff,3103.119804062999,R3-003,107.9647459547213,116.0,True,121.25068135942337,126.0,True,True
Q23-005,S013-handoff,3113.119804062999,R3-003,107.9647459547213,116.0,True,121.25068135942337,126.0,True,True
Q23-005,S013-handoff,3123.119804062999,R3-003,107.9647459547213,116.0,True,121.25068135942337,126.0,True,True
Q23-005,S013-handoff,3133.119804062999,R3-003,107.9647459547213,116.0,True,121.25068135942337,126.0,True,True
Q23-005,S013-handoff,3143.119804062999,R3-003,107.9647459547213,116.0,True,121.25068135942337,126.0,True,True
Q23-005,S013-handoff,3153.119804062999,R3-003,107.9647459547213,116.0,True,121.25068135942337,126.0,True,True
Q23-005,leg2-climb,3153.119804062999,R3-003,107.9647459547213,116.0,True,121.25068135942337,126.0,True,True
Q23-005,leg2-climb,3159.9861309672956,R3-003,107.95772823090792,116.0,True,121.25068135942337,126.0,True,True
Q23-005,leg2-cruise,3159.9861309672956,R3-003,107.95772823090792,116.0,True,121.25068135942337,126.0,True,True
Q23-005,leg2-cruise,3169.7396866839895,R3-003,108.31134945829913,116.0,True,121.25068135942337,126.0,True,True
Q23-005,leg2-cruise,3179.4932424006834,R3-003,108.66401789873282,116.0,True,121.25068135942337,126.0,True,True
Q23-005,leg2-cruise,3189.246798117377,R3-003,109.01387797799859,116.0,True,121.25068135942337,126.0,True,True
Q23-005,leg2-cruise,3199.0003538340707,R3-003,109.35951745341123,116.0,True,121.25068135942337,126.0,True,True
Q23-005,leg2-cruise,3208.7539095507645,R3-003,109.69988657102712,116.0,True,121.25068135942337,126.0,True,True
Q23-005,leg2-cruise,3218.5074652674584,R3-003,110.03422759867385,116.0,True,121.25068135942337,126.0,True,True
Q23-005,leg2-cruise,3228.261020984152,R3-003,110.36201519294005,116.0,True,121.25068135942337,126.0,True,True
Q23-005,leg2-cruise,3238.0145767008457,R3-003,110.68290698920747,116.0,True,121.25068135942337,126.0,True,True
Q23-005,leg2-cruise,3247.7681324175396,R3-003,110.99670329139033,116.0,True,121.25068135942337,126.0,True,True
Q23-005,leg2-cruise,3257.5216881342335,R3-003,111.30331456520204,116.0,True,121.25068135942337,126.0,True,True
Q23-005,leg2-cruise,3267.275243850927,R3-003,111.6027354568108,116.0,True,121.25068135942337,126.0,True,True
Q23-005,leg2-cruise,3277.028799567621,R3-003,111.89502417259773,116.0,True,121.25068135942337,126.0,True,True
Q23-005,leg2-cruise,3286.7823552843147,R3-003,112.18028620811434,116.0,True,121.25068135942337,126.0,True,True
Q23-005,leg2-cruise,3296.5359110010086,R3-003,112.45866157309793,116.0,True,121.25068135942337,126.0,True,True
Q23-005,leg2-cruise,3306.2894667177025,R3-003,112.73031480783492,116.0,True,121.25068135942337,126.0,True,True
Q23-005,leg2-cruise,3316.043022434396,R3-003,112.9954272170505,116.0,True,121.25068135942337,126.0,True,True
Q23-005,leg2-cruise,3325.7965781510898,R3-003,113.25419085881069,116.0,True,121.25068135942337,126.0,True,True
Q23-005,leg2-cruise,3335.5501338677836,R3-003,113.50680391829175,116.0,True,121.25068135942337,126.0,True,True
Q23-005,leg2-cruise,3345.3036895844775,R3-003,113.75346717172732,116.0,True,121.25068135942337,126.0,True,True
Q23-005,leg2-cruise,3355.057245301171,R3-003,113.9943813067648,116.0,True,121.25068135942337,126.0,True,True
Q23-005,leg2-cruise,3364.810801017865,R3-003,114.22974491426291,116.0,True,121.25068135942337,126.0,True,True
Q23-005,leg2-cruise,3374.5643567345587,R3-003,114.45975300543053,116.0,True,121.25068135942337,126.0,True,True
Q23-005,leg2-descent,3374.5643567345587,R3-003,114.45975300543053,116.0,True,121.25068135942337,126.0,True,True
Q23-005,leg2-descent,3384.0509554487517,R3-003,114.46157372970022,116.0,True,121.25068135942337,126.0,True,True
Q23-005,leg2-descent,3393.537554162944,R3-003,114.46357069765118,116.0,True,121.25068135942337,126.0,True,True
Q23-005,leg2-descent,3403.0241528771367,R3-003,114.46574366591352,116.0,True,121.25068135942337,126.0,True,True
Q23-005,leg2-descent,3412.5107515913296,R3-003,114.46809236996486,116.0,True,121.25068135942337,126.0,True,True
Q23-005,leg2-descent,3421.9973503055226,R3-003,114.47061652423724,116.0,True,121.25068135942337,126.0,True,True
Q23-005,leg2-descent,3431.483949019715,R3-003,114.47331582223225,116.0,True,121.25068135942337,126.0,True,True
Q23-005,S009-handoff,3431.483949019715,R3-003,114.47331582223225,116.0,True,121.25068135942337,126.0,True,True
Q23-005,S009-handoff,3441.483949019715,R3-003,114.47331582223225,116.0,True,121.25068135942337,126.0,True,True
Q23-005,S009-handoff,3451.483949019715,R3-003,114.47331582223225,116.0,True,121.25068135942337,126.0,True,True
Q23-005,S009-handoff,3461.483949019715,R3-003,114.47331582223225,116.0,True,121.25068135942337,126.0,True,True
Q23-005,S009-handoff,3471.483949019715,R3-003,114.47331582223225,116.0,True,121.25068135942337,126.0,True,True
Q23-005,S009-handoff,3481.483949019715,R3-003,114.47331582223225,116.0,True,121.25068135942337,126.0,True,True
Q23-005,S009-handoff,3491.483949019715,R3-003,114.47331582223225,116.0,True,121.25068135942337,126.0,True,True
Q23-005,S009-handoff,3501.483949019715,R3-003,114.47331582223225,116.0,True,121.25068135942337,126.0,True,True
Q23-005,S009-handoff,3511.483949019715,R3-003,114.47331582223225,116.0,True,121.25068135942337,126.0,True,True
Q23-005,S009-handoff,3521.483949019715,R3-003,114.47331582223225,116.0,True,121.25068135942337,126.0,True,True
Q23-005,S009-handoff,3531.483949019715,R3-003,114.47331582223225,116.0,True,121.25068135942337,126.0,True,True
Q23-005,S009-handoff,3541.483949019715,R3-003,114.47331582223225,116.0,True,121.25068135942337,126.0,True,True
Q23-005,S009-handoff,3551.483949019715,R3-003,114.47331582223225,116.0,True,121.25068135942337,126.0,True,True
Q23-005,S009-handoff,3561.483949019715,R3-003,114.47331582223225,116.0,True,121.25068135942337,126.0,True,True
Q23-005,S009-handoff,3571.483949019715,R3-003,114.47331582223225,116.0,True,121.25068135942337,126.0,True,True
Q23-005,S009-handoff,3581.483949019715,R3-003,114.47331582223225,116.0,True,121.25068135942337,126.0,True,True
Q23-005,S009-handoff,3591.483949019715,R3-003,114.47331582223225,116.0,True,121.25068135942337,126.0,True,True
Q23-005,S009-handoff,3601.483949019715,R3-003,114.47331582223225,116.0,True,121.25068135942337,126.0,True,True
Q23-005,S009-handoff,3611.483949019715,R3-003,114.47331582223225,116.0,True,121.25068135942337,126.0,True,True
Q23-005,leg3-climb,3611.483949019715,R3-003,114.47331582223225,116.0,True,121.25068135942337,126.0,True,True
Q23-005,leg3-climb,3618.5093837256613,R3-003,114.47090836062664,116.0,True,121.25068135942337,126.0,True,True
Q23-005,leg3-climb,3625.534818431607,R3-003,114.46863919052593,116.0,True,121.25068135942337,126.0,True,True
Q23-005,leg3-climb,3632.5602531375534,R3-003,114.46650852948676,116.0,True,121.25068135942337,126.0,True,True
Q23-005,leg3-cruise,3632.5602531375534,R3-003,114.46650852948676,116.0,True,121.25068135942337,126.0,True,True
Q23-005,leg3-cruise,3642.3426127840744,R3-003,114.27497829518371,116.0,True,121.25068135942337,126.0,True,True
Q23-005,leg3-cruise,3652.124972430595,R3-003,114.08201465979936,116.0,True,121.25068135942337,126.0,True,True
Q23-005,leg3-cruise,3661.907332077116,R3-003,113.88782066688557,116.0,True,121.25068135942337,126.0,True,True
Q23-005,leg3-cruise,3671.6896917236363,R3-003,113.69263512615909,116.0,True,121.25068135942337,126.0,True,True
Q23-005,leg3-cruise,3681.4720513701573,R3-003,113.49673687994294,116.0,True,121.25068135942337,126.0,True,True
Q23-005,leg3-cruise,3691.254411016678,R3-003,113.30044934152073,116.0,True,121.25068135942337,126.0,True,True
Q23-005,leg3-cruise,3701.0367706631987,R3-003,113.10414524728981,116.0,True,121.25068135942337,126.0,True,True
Q23-005,leg3-cruise,3710.8191303097196,R3-003,112.90825153335206,116.0,True,121.25068135942337,126.0,True,True
Q23-005,leg3-cruise,3720.6014899562406,R3-003,112.7132542081735,116.0,True,121.25068135942337,126.0,True,True
Q23-005,leg3-cruise,3730.383849602761,R3-003,112.51970304554602,116.0,True,121.25068135942337,126.0,True,True
Q23-005,leg3-cruise,3740.166209249282,R3-003,112.3282158666336,116.0,True,121.25068135942337,126.0,True,True
Q23-005,leg3-cruise,3749.9485688958025,R3-003,112.13948211725051,116.0,True,121.25068135942337,126.0,True,True
Q23-005,leg3-cruise,3759.7309285423235,R3-003,111.95426537967374,116.0,True,121.25068135942337,126.0,True,True
Q23-006,leg1-cruise,740.2150102367439,R3-001,108.10508732031367,116.0,True,114.27394830839819,126.0,True,True
Q23-006,leg1-cruise,750.2086641592422,R3-001,108.00327131492001,116.0,True,114.27394830839819,126.0,True,True
Q23-006,leg1-cruise,760.2023180817405,R3-001,107.91948349654083,116.0,True,114.27394830839819,126.0,True,True
Q23-006,leg1-cruise,770.1959720042389,R3-001,107.85482763622595,116.0,True,114.27394830839819,126.0,True,True
Q23-006,leg1-cruise,780.1896259267372,R3-001,107.81019009766182,116.0,True,114.27394830839819,126.0,True,True
Q23-006,leg1-cruise,790.1832798492355,R3-001,107.7862009618787,116.0,True,114.27394830839819,126.0,True,True
Q23-006,leg1-cruise,800.176933771734,R3-001,107.78320508059,116.0,True,114.27394830839819,126.0,True,True
Q23-006,leg1-cruise,810.1705876942322,R3-001,107.80124577256709,116.0,True,114.27394830839819,126.0,True,True
Q23-006,leg1-cruise,820.1642416167306,R3-001,107.84006275260344,116.0,True,114.27394830839819,126.0,True,True
Q23-006,leg1-cruise,830.1578955392289,R3-001,107.89910449812807,116.0,True,114.27394830839819,126.0,True,True
Q23-006,leg1-cruise,840.1515494617272,R3-001,107.97755383958098,116.0,True,114.27394830839819,126.0,True,True
Q23-006,leg1-cruise,850.1452033842256,R3-001,108.07436434214206,116.0,True,114.27394830839819,126.0,True,True
Q23-006,leg1-cruise,860.138857306724,R3-001,108.18830421265085,116.0,True,114.27394830839819,126.0,True,True
Q23-006,leg1-cruise,870.1325112292222,R3-001,108.31800411193421,116.0,True,114.27394830839819,126.0,True,True
Q23-006,leg1-cruise,880.1261651517207,R3-001,108.46200537173166,116.0,True,114.27394830839819,126.0,True,True
Q23-006,leg1-cruise,890.119819074219,R3-001,108.61880561433462,116.0,True,114.27394830839819,126.0,True,True
Q23-006,leg1-cruise,900.1134729967173,R3-001,108.78689950995272,116.0,True,114.27394830839819,126.0,True,True
Q23-006,leg1-cruise,910.1071269192157,R3-001,108.96481323053692,116.0,True,114.27394830839819,126.0,True,True
Q23-006,leg1-cruise,920.1007808417139,R3-001,109.15113194150307,116.0,True,114.27394830839819,126.0,True,True
Q23-006,leg1-cruise,930.0944347642123,R3-001,109.34452032774914,116.0,True,114.27394830839819,126.0,True,True
Q23-006,leg1-cruise,940.0880886867106,R3-001,109.54373663504437,116.0,True,114.27394830839819,126.0,True,True
Q23-006,leg1-cruise,950.081742609209,R3-001,109.74764101729154,116.0,True,114.27394830839819,126.0,True,True
Q23-006,leg1-cruise,960.0753965317074,R3-001,109.9551991346011,116.0,True,114.27394830839819,126.0,True,True
Q23-006,leg1-cruise,970.0690504542057,R3-001,110.16548198008897,116.0,True,114.27394830839819,126.0,True,True
Q23-006,leg1-cruise,980.062704376704,R3-001,110.37766286133838,116.0,True,114.27394830839819,126.0,True,True
Q23-006,leg1-cruise,990.0563582992023,R3-001,110.59101235914466,116.0,True,114.27394830839819,126.0,True,True
Q23-006,leg1-cruise,1000.0500122217007,R3-001,110.80489195804162,116.0,True,114.27394830839819,126.0,True,True
Q23-006,leg1-cruise,1010.043666144199,R3-001,111.01874690998916,116.0,True,114.27394830839819,126.0,True,True
Q23-006,leg1-cruise,1020.0373200666974,R3-001,111.23209876674018,116.0,True,114.27394830839819,126.0,True,True
Q23-006,leg1-cruise,1030.0309739891957,R3-001,111.44453790508265,116.0,True,114.27394830839819,126.0,True,True
Q23-006,leg1-cruise,1040.024627911694,R3-001,111.65571627536875,116.0,True,114.27394830839819,126.0,True,True
Q23-006,leg1-descent,1040.024627911694,R3-001,111.65571627536875,116.0,True,114.27394830839819,126.0,True,True
Q23-006,leg1-descent,1048.9700533267333,R3-001,111.65959469970899,116.0,True,114.27394830839819,126.0,True,True
Q23-006,leg1-descent,1057.9154787417722,R3-001,111.66376955000176,116.0,True,114.27394830839819,126.0,True,True
Q23-006,leg1-descent,1066.860904156811,R3-001,111.66823996879731,116.0,True,114.27394830839819,126.0,True,True
Q23-006,leg1-descent,1075.8063295718503,R3-001,111.67300504007322,116.0,True,114.27394830839819,126.0,True,True
Q23-006,S002-handoff,1075.8063295718503,R3-001,111.67300504007322,116.0,True,114.27394830839819,126.0,True,True
Q23-006,S002-handoff,1085.8063295718503,R3-001,111.67300504007322,116.0,True,114.27394830839819,126.0,True,True
Q23-006,S002-handoff,1095.8063295718503,R3-001,111.67300504007322,116.0,True,114.27394830839819,126.0,True,True
Q23-006,S002-handoff,1105.8063295718503,R3-001,111.67300504007322,116.0,True,114.27394830839819,126.0,True,True
Q23-006,S002-handoff,1115.8063295718503,R3-001,111.67300504007322,116.0,True,114.27394830839819,126.0,True,True
Q23-006,S002-handoff,1125.8063295718503,R3-001,111.67300504007322,116.0,True,114.27394830839819,126.0,True,True
Q23-006,S002-handoff,1135.8063295718503,R3-001,111.67300504007322,116.0,True,114.27394830839819,126.0,True,True
Q23-006,S002-handoff,1145.8063295718503,R3-001,111.67300504007322,116.0,True,114.27394830839819,126.0,True,True
Q23-006,S002-handoff,1155.8063295718503,R3-001,111.67300504007322,116.0,True,114.27394830839819,126.0,True,True
Q23-006,S002-handoff,1165.8063295718503,R3-001,111.67300504007322,116.0,True,114.27394830839819,126.0,True,True
Q23-006,S002-handoff,1175.8063295718503,R3-001,111.67300504007322,116.0,True,114.27394830839819,126.0,True,True
Q23-006,S002-handoff,1185.8063295718503,R3-001,111.67300504007322,116.0,True,114.27394830839819,126.0,True,True
Q23-006,S002-handoff,1195.8063295718503,R3-001,111.67300504007322,116.0,True,114.27394830839819,126.0,True,True
Q23-006,S002-handoff,1205.8063295718503,R3-001,111.67300504007322,116.0,True,114.27394830839819,126.0,True,True
Q23-006,S002-handoff,1215.8063295718503,R3-001,111.67300504007322,116.0,True,114.27394830839819,126.0,True,True
Q23-006,S002-handoff,1225.8063295718503,R3-001,111.67300504007322,116.0,True,114.27394830839819,126.0,True,True
Q23-006,S002-handoff,1235.8063295718503,R3-001,111.67300504007322,116.0,True,114.27394830839819,126.0,True,True
Q23-006,S002-handoff,1245.8063295718503,R3-001,111.67300504007322,116.0,True,114.27394830839819,126.0,True,True
Q23-006,S002-handoff,1255.8063295718503,R3-001,111.67300504007322,116.0,True,114.27394830839819,126.0,True,True
Q23-006,S002-handoff,1265.8063295718503,R3-001,111.67300504007322,116.0,True,114.27394830839819,126.0,True,True
Q23-006,S002-handoff,1275.8063295718503,R3-001,111.67300504007322,116.0,True,114.27394830839819,126.0,True,True
Q23-006,S002-handoff,1285.8063295718503,R3-001,111.67300504007322,116.0,True,114.27394830839819,126.0,True,True
Q23-006,leg2-climb,1285.8063295718503,R3-001,111.67300504007322,116.0,True,114.27394830839819,126.0,True,True
Q23-006,leg2-climb,1295.7456911441159,R3-001,111.66671704360007,116.0,True,114.27394830839819,126.0,True,True
Q23-006,leg2-climb,1305.6850527163815,R3-001,111.66095342138775,116.0,True,114.27394830839819,126.0,True,True
Q23-006,leg2-climb,1315.6244142886471,R3-001,111.65571627536875,116.0,True,114.27394830839819,126.0,True,True
Q23-006,leg2-cruise,1315.6244142886471,R3-001,111.65571627536875,116.0,True,114.27394830839819,126.0,True,True
Q23-006,leg2-cruise,1325.6180682111456,R3-001,111.44453790508265,116.0,True,114.27394830839819,126.0,True,True
Q23-006,leg2-cruise,1335.6117221336438,R3-001,111.23209876674018,116.0,True,114.27394830839819,126.0,True,True
Q23-006,leg2-cruise,1345.6053760561422,R3-001,111.01874690998916,116.0,True,114.27394830839819,126.0,True,True
Q23-006,leg2-cruise,1355.5990299786406,R3-001,110.80489195804162,116.0,True,114.27394830839819,126.0,True,True
Q23-006,leg2-cruise,1365.5926839011388,R3-001,110.59101235914466,116.0,True,114.27394830839819,126.0,True,True
Q23-006,leg2-cruise,1375.5863378236372,R3-001,110.37766286133838,116.0,True,114.27394830839819,126.0,True,True
Q23-006,leg2-cruise,1385.5799917461354,R3-001,110.16548198008897,116.0,True,114.27394830839819,126.0,True,True
Q23-006,leg2-cruise,1395.5736456686338,R3-001,109.9551991346011,116.0,True,114.27394830839819,126.0,True,True
Q23-006,leg2-cruise,1405.5672995911323,R3-001,109.74764101729154,116.0,True,114.27394830839819,126.0,True,True
Q23-006,leg2-cruise,1415.5609535136305,R3-001,109.54373663504437,116.0,True,114.27394830839819,126.0,True,True
Q23-006,leg2-cruise,1425.554607436129,R3-001,109.34452032774914,116.0,True,114.27394830839819,126.0,True,True
Q23-006,leg2-cruise,1435.5482613586273,R3-001,109.15113194150307,116.0,True,114.27394830839819,126.0,True,True
Q23-006,leg2-cruise,1445.5419152811255,R3-001,108.96481323053692,116.0,True,114.27394830839819,126.0,True,True
Q23-006,leg2-cruise,1455.535569203624,R3-001,108.78689950995272,116.0,True,114.27394830839819,126.0,True,True
Q23-006,leg2-cruise,1465.5292231261224,R3-001,108.61880561433462,116.0,True,114.27394830839819,126.0,True,True
Q23-006,leg2-cruise,1475.5228770486206,R3-001,108.46200537173166,116.0,True,114.27394830839819,126.0,True,True
Q23-006,leg2-cruise,1485.516530971119,R3-001,108.31800411193421,116.0,True,114.27394830839819,126.0,True,True
Q23-006,leg2-cruise,1495.5101848936174,R3-001,108.18830421265085,116.0,True,114.27394830839819,126.0,True,True
Q23-006,leg2-cruise,1505.5038388161156,R3-001,108.07436434214206,116.0,True,114.27394830839819,126.0,True,True
Q23-006,leg2-cruise,1515.497492738614,R3-001,107.97755383958098,116.0,True,114.27394830839819,126.0,True,True
Q23-006,leg2-cruise,1525.4911466611125,R3-001,107.89910449812807,116.0,True,114.27394830839819,126.0,True,True
Q23-006,leg2-cruise,1535.4848005836106,R3-001,107.84006275260344,116.0,True,114.27394830839819,126.0,True,True
Q23-006,leg2-cruise,1545.478454506109,R3-001,107.80124577256709,116.0,True,114.27394830839819,126.0,True,True
Q23-006,leg2-cruise,1555.4721084286075,R3-001,107.78320508059,116.0,True,114.27394830839819,126.0,True,True
Q23-006,leg2-cruise,1565.4657623511057,R3-001,107.7862009618787,116.0,True,114.27394830839819,126.0,True,True
Q23-006,leg2-cruise,1575.4594162736041,R3-001,107.81019009766182,116.0,True,114.27394830839819,126.0,True,True
Q23-006,leg2-cruise,1585.4530701961025,R3-001,107.85482763622595,116.0,True,114.27394830839819,126.0,True,True
Q23-006,leg2-cruise,1595.4467241186007,R3-001,107.91948349654083,116.0,True,114.27394830839819,126.0,True,True
Q23-006,leg2-cruise,1605.440378041099,R3-001,108.00327131492001,116.0,True,114.27394830839819,126.0,True,True
Q23-006,leg2-cruise,1615.4340319635974,R3-001,108.10508732031367,116.0,True,114.27394830839819,126.0,True,True
Q23-009,leg1-cruise,5754.53395018966,R3-005,107.2603462618508,116.0,True,113.58193892655193,126.0,True,True
Q23-009,leg1-cruise,5764.453452334967,R3-005,107.23286906803439,116.0,True,113.58193892655193,126.0,True,True
Q23-009,leg1-cruise,5774.372954480274,R3-005,107.2288649503161,116.0,True,113.58193892655193,126.0,True,True
Q23-009,leg1-cruise,5784.292456625581,R3-005,107.24839854359028,116.0,True,113.58193892655193,126.0,True,True
Q23-009,leg1-cruise,5794.211958770888,R3-005,107.29115462471758,116.0,True,113.58193892655193,126.0,True,True
Q23-009,leg1-cruise,5804.131460916195,R3-005,107.35645483699327,116.0,True,113.58193892655193,126.0,True,True
Q23-009,leg1-cruise,5814.0509630615015,R3-005,107.44329276052893,116.0,True,113.58193892655193,126.0,True,True
Q23-009,leg1-cruise,5823.9704652068085,R3-005,107.55038362337146,116.0,True,113.58193892655193,126.0,True,True
Q23-009,leg1-cruise,5833.8899673521155,R3-005,107.67622372296962,116.0,True,113.58193892655193,126.0,True,True
Q23-009,leg1-cruise,5843.8094694974225,R3-005,107.81915419878247,116.0,True,113.58193892655193,126.0,True,True
Q23-009,leg1-cruise,5853.728971642729,R3-005,107.97742412586688,116.0,True,113.58193892655193,126.0,True,True
Q23-009,leg1-cruise,5863.648473788036,R3-005,108.14924880122642,116.0,True,113.58193892655193,126.0,True,True
Q23-009,leg1-cruise,5873.567975933343,R3-005,108.33286031238305,116.0,True,113.58193892655193,126.0,True,True
Q23-009,leg1-cruise,5883.48747807865,R3-005,108.52654875764141,116.0,True,113.58193892655193,126.0,True,True
Q23-009,leg1-cruise,5893.406980223957,R3-005,108.72869363195565,116.0,True,113.58193892655193,126.0,True,True
Q23-009,leg1-cruise,5903.326482369264,R3-005,108.93778578556456,116.0,True,113.58193892655193,126.0,True,True
Q23-009,leg1-cruise,5913.245984514571,R3-005,109.15244096453783,116.0,True,113.58193892655193,126.0,True,True
Q23-009,leg1-cruise,5923.165486659878,R3-005,109.37140627135628,116.0,True,113.58193892655193,126.0,True,True
Q23-009,leg1-cruise,5933.084988805185,R3-005,109.59356099137526,116.0,True,113.58193892655193,126.0,True,True
Q23-009,leg1-cruise,5943.004490950492,R3-005,109.81791318059274,116.0,True,113.58193892655193,126.0,True,True
Q23-009,leg1-cruise,5952.923993095798,R3-005,110.0435932619392,116.0,True,113.58193892655193,126.0,True,True
Q23-009,leg1-cruise,5962.843495241105,R3-005,110.26984568141975,116.0,True,113.58193892655193,126.0,True,True
Q23-009,leg1-cruise,5972.762997386412,R3-005,110.49601946692344,116.0,True,113.58193892655193,126.0,True,True
Q23-009,leg1-cruise,5982.682499531719,R3-005,110.72155833538368,116.0,True,113.58193892655193,126.0,True,True
Q23-009,leg1-cruise,5992.602001677026,R3-005,110.94599082043818,116.0,True,113.58193892655193,126.0,True,True
Q23-009,leg1-cruise,6002.521503822333,R3-005,111.16892074811409,116.0,True,113.58193892655193,126.0,True,True
Q23-009,leg1-cruise,6012.44100596764,R3-005,111.39001827299282,116.0,True,113.58193892655193,126.0,True,True
Q23-009,leg1-cruise,6022.360508112947,R3-005,111.60901159900754,116.0,True,113.58193892655193,126.0,True,True
Q23-009,leg1-cruise,6032.280010258254,R3-005,111.82567944366518,116.0,True,113.58193892655193,126.0,True,True
Q23-009,leg1-descent,6032.280010258254,R3-005,111.82567944366518,116.0,True,113.58193892655193,126.0,True,True
Q23-009,leg1-descent,6042.204638621969,R3-005,111.82781746723808,116.0,True,113.58193892655193,126.0,True,True
Q23-009,leg1-descent,6052.129266985685,R3-005,111.8303096871652,116.0,True,113.58193892655193,126.0,True,True
Q23-009,leg1-descent,6062.0538953494,R3-005,111.83315549340406,116.0,True,113.58193892655193,126.0,True,True
Q23-009,leg1-descent,6071.9785237131155,R3-005,111.83635419036037,116.0,True,113.58193892655193,126.0,True,True
Q23-009,leg1-descent,6081.90315207683,R3-005,111.83990499745249,116.0,True,113.58193892655193,126.0,True,True
Q23-009,leg1-descent,6091.827780440546,R3-005,111.84380704974365,116.0,True,113.58193892655193,126.0,True,True
Q23-009,leg1-descent,6101.752408804261,R3-005,111.84805939864015,116.0,True,113.58193892655193,126.0,True,True
Q23-009,leg1-descent,6111.677037167977,R3-005,111.85266101265483,116.0,True,113.58193892655193,126.0,True,True
Q23-009,leg1-descent,6121.601665531692,R3-005,111.85761077823445,116.0,True,113.58193892655193,126.0,True,True
Q23-009,S003-handoff,6121.601665531692,R3-005,111.85761077823445,116.0,True,113.58193892655193,126.0,True,True
Q23-009,S003-handoff,6131.601665531692,R3-005,111.85761077823445,116.0,True,113.58193892655193,126.0,True,True
Q23-009,S003-handoff,6141.601665531692,R3-005,111.85761077823445,116.0,True,113.58193892655193,126.0,True,True
Q23-009,S003-handoff,6151.601665531692,R3-005,111.85761077823445,116.0,True,113.58193892655193,126.0,True,True
Q23-009,S003-handoff,6161.601665531692,R3-005,111.85761077823445,116.0,True,113.58193892655193,126.0,True,True
Q23-009,S003-handoff,6171.601665531692,R3-005,111.85761077823445,116.0,True,113.58193892655193,126.0,True,True
Q23-009,S003-handoff,6181.601665531692,R3-005,111.85761077823445,116.0,True,113.58193892655193,126.0,True,True
Q23-009,S003-handoff,6191.601665531692,R3-005,111.85761077823445,116.0,True,113.58193892655193,126.0,True,True
Q23-009,S003-handoff,6201.601665531692,R3-005,111.85761077823445,116.0,True,113.58193892655193,126.0,True,True
Q23-009,S003-handoff,6211.601665531692,R3-005,111.85761077823445,116.0,True,113.58193892655193,126.0,True,True
Q23-009,S003-handoff,6221.601665531692,R3-005,111.85761077823445,116.0,True,113.58193892655193,126.0,True,True
Q23-009,S003-handoff,6231.601665531692,R3-005,111.85761077823445,116.0,True,113.58193892655193,126.0,True,True
Q23-009,S003-handoff,6241.601665531692,R3-005,111.85761077823445,116.0,True,113.58193892655193,126.0,True,True
Q23-009,S003-handoff,6251.601665531692,R3-005,111.85761077823445,116.0,True,113.58193892655193,126.0,True,True
Q23-009,S003-handoff,6261.601665531692,R3-005,111.85761077823445,116.0,True,113.58193892655193,126.0,True,True
Q23-009,S003-handoff,6271.601665531692,R3-005,111.85761077823445,116.0,True,113.58193892655193,126.0,True,True
Q23-009,S003-handoff,6281.601665531692,R3-005,111.85761077823445,116.0,True,113.58193892655193,126.0,True,True
Q23-009,S003-handoff,6291.601665531692,R3-005,111.85761077823445,116.0,True,113.58193892655193,126.0,True,True
Q23-009,S003-handoff,6301.601665531692,R3-005,111.85761077823445,116.0,True,113.58193892655193,126.0,True,True
Q23-009,S003-handoff,6311.601665531692,R3-005,111.85761077823445,116.0,True,113.58193892655193,126.0,True,True
Q23-009,S003-handoff,6321.601665531692,R3-005,111.85761077823445,116.0,True,113.58193892655193,126.0,True,True
Q23-009,S003-handoff,6331.601665531692,R3-005,111.85761077823445,116.0,True,113.58193892655193,126.0,True,True
Q23-009,leg2-climb,6331.601665531692,R3-005,111.85761077823445,116.0,True,113.58193892655193,126.0,True,True
Q23-009,leg2-climb,6340.906004622675,R3-005,111.85206674774365,116.0,True,113.58193892655193,126.0,True,True
Q23-009,leg2-climb,6350.2103437136575,R3-005,111.84696352610963,116.0,True,113.58193892655193,126.0,True,True
Q23-009,leg2-climb,6359.514682804641,R3-005,111.84230267698422,116.0,True,113.58193892655193,126.0,True,True
Q23-009,leg2-climb,6368.819021895624,R3-005,111.83808563222878,116.0,True,113.58193892655193,126.0,True,True
Q23-009,leg2-climb,6378.123360986607,R3-005,111.83431369045933,116.0,True,113.58193892655193,126.0,True,True
Q23-009,leg2-climb,6387.42770007759,R3-005,111.83098801572187,116.0,True,113.58193892655193,126.0,True,True
Q23-009,leg2-climb,6396.732039168573,R3-005,111.82810963630119,116.0,True,113.58193892655193,126.0,True,True
Q23-009,leg2-climb,6406.036378259556,R3-005,111.82567944366518,116.0,True,113.58193892655193,126.0,True,True
Q23-009,leg2-cruise,6406.036378259556,R3-005,111.82567944366518,116.0,True,113.58193892655193,126.0,True,True
Q23-009,leg2-cruise,6415.955880404863,R3-005,111.60901159900754,116.0,True,113.58193892655193,126.0,True,True
Q23-009,leg2-cruise,6425.87538255017,R3-005,111.39001827299282,116.0,True,113.58193892655193,126.0,True,True
Q23-009,leg2-cruise,6435.794884695477,R3-005,111.16892074811409,116.0,True,113.58193892655193,126.0,True,True
Q23-009,leg2-cruise,6445.714386840784,R3-005,110.94599082043818,116.0,True,113.58193892655193,126.0,True,True
Q23-009,leg2-cruise,6455.633888986091,R3-005,110.72155833538368,116.0,True,113.58193892655193,126.0,True,True
Q23-009,leg2-cruise,6465.553391131398,R3-005,110.49601946692344,116.0,True,113.58193892655193,126.0,True,True
Q23-009,leg2-cruise,6475.472893276705,R3-005,110.26984568141975,116.0,True,113.58193892655193,126.0,True,True
Q23-009,leg2-cruise,6485.392395422012,R3-005,110.0435932619392,116.0,True,113.58193892655193,126.0,True,True
Q23-009,leg2-cruise,6495.311897567319,R3-005,109.81791318059274,116.0,True,113.58193892655193,126.0,True,True
Q23-009,leg2-cruise,6505.231399712626,R3-005,109.59356099137526,116.0,True,113.58193892655193,126.0,True,True
Q23-009,leg2-cruise,6515.150901857932,R3-005,109.37140627135628,116.0,True,113.58193892655193,126.0,True,True
Q23-009,leg2-cruise,6525.070404003239,R3-005,109.15244096453783,116.0,True,113.58193892655193,126.0,True,True
Q23-009,leg2-cruise,6534.989906148546,R3-005,108.93778578556456,116.0,True,113.58193892655193,126.0,True,True
Q23-009,leg2-cruise,6544.909408293853,R3-005,108.72869363195565,116.0,True,113.58193892655193,126.0,True,True
Q23-009,leg2-cruise,6554.82891043916,R3-005,108.52654875764141,116.0,True,113.58193892655193,126.0,True,True
Q23-009,leg2-cruise,6564.748412584467,R3-005,108.33286031238305,116.0,True,113.58193892655193,126.0,True,True
Q23-009,leg2-cruise,6574.667914729774,R3-005,108.14924880122642,116.0,True,113.58193892655193,126.0,True,True
Q23-009,leg2-cruise,6584.587416875081,R3-005,107.97742412586688,116.0,True,113.58193892655193,126.0,True,True
Q23-009,leg2-cruise,6594.506919020388,R3-005,107.81915419878247,116.0,True,113.58193892655193,126.0,True,True
Q23-009,leg2-cruise,6604.426421165695,R3-005,107.67622372296962,116.0,True,113.58193892655193,126.0,True,True
Q23-009,leg2-cruise,6614.345923311002,R3-005,107.55038362337146,116.0,True,113.58193892655193,126.0,True,True
Q23-009,leg2-cruise,6624.265425456309,R3-005,107.44329276052893,116.0,True,113.58193892655193,126.0,True,True
Q23-009,leg2-cruise,6634.1849276016155,R3-005,107.35645483699327,116.0,True,113.58193892655193,126.0,True,True
Q23-009,leg2-cruise,6644.1044297469225,R3-005,107.29115462471758,116.0,True,113.58193892655193,126.0,True,True
Q23-009,leg2-cruise,6654.0239318922295,R3-005,107.24839854359028,116.0,True,113.58193892655193,126.0,True,True
Q23-009,leg2-cruise,6663.9434340375365,R3-005,107.2288649503161,116.0,True,113.58193892655193,126.0,True,True
Q23-009,leg2-cruise,6673.862936182843,R3-005,107.23286906803439,116.0,True,113.58193892655193,126.0,True,True
Q23-009,leg2-cruise,6683.78243832815,R3-005,107.2603462618508,116.0,True,113.58193892655193,126.0,True,True
Q23-010,leg1-cruise,4897.886171234741,R3-004,100.42402752905882,116.0,True,115.84591545655395,126.0,True,True
Q23-010,leg1-cruise,4907.816507698204,R3-004,99.78427075084066,116.0,True,115.84591545655395,126.0,True,True
Q23-010,leg1-cruise,4917.7468441616675,R3-004,99.27088924948254,116.0,True,115.84591545655395,126.0,True,True
Q23-010,leg1-cruise,4927.677180625131,R3-004,98.94480531616901,116.0,True,115.84591545655395,126.0,True,True
Q23-010,leg1-cruise,4937.607517088595,R3-004,98.8540368823995,116.0,True,115.84591545655395,126.0,True,True
Q23-010,leg1-cruise,4947.537853552059,R3-004,99.0134189039662,116.0,True,115.84591545655395,126.0,True,True
Q23-010,leg1-cruise,4957.468190015522,R3-004,99.39734206756746,116.0,True,115.84591545655395,126.0,True,True
Q23-010,leg1-cruise,4967.398526478985,R3-004,99.95199872145362,116.0,True,115.84591545655395,126.0,True,True
Q23-010,leg1-cruise,4977.32886294245,R3-004,100.61647968806591,116.0,True,115.84591545655395,126.0,True,True
Q23-010,leg1-cruise,4987.259199405913,R3-004,101.3384607730032,116.0,True,115.84591545655395,126.0,True,True
Q23-010,leg1-cruise,4997.189535869376,R3-004,102.07994703761129,116.0,True,115.84591545655395,126.0,True,True
Q23-010,leg1-cruise,5007.11987233284,R3-004,102.81635171374607,116.0,True,115.84591545655395,126.0,True,True
Q23-010,leg1-cruise,5017.050208796303,R3-004,103.53318153478854,116.0,True,115.84591545655395,126.0,True,True
Q23-010,leg1-cruise,5026.9805452597675,R3-004,104.22272441925658,116.0,True,115.84591545655395,126.0,True,True
Q23-010,leg1-cruise,5036.910881723231,R3-004,104.88152281793073,116.0,True,115.84591545655395,126.0,True,True
Q23-010,leg1-cruise,5046.841218186694,R3-004,105.50866150033413,116.0,True,115.84591545655395,126.0,True,True
Q23-010,leg1-descent,5046.841218186694,R3-004,105.50866150033413,116.0,True,115.84591545655395,126.0,True,True
Q23-010,leg1-descent,5056.552027687252,R3-004,105.5189662059737,116.0,True,115.84591545655395,126.0,True,True
Q23-010,leg1-descent,5066.26283718781,R3-004,105.53069739563747,116.0,True,115.84591545655395,126.0,True,True
Q23-010,leg1-descent,5075.973646688368,R3-004,105.54384347300649,116.0,True,115.84591545655395,126.0,True,True
Q23-010,leg1-descent,5085.684456188927,R3-004,105.55839152985946,116.0,True,115.84591545655395,126.0,True,True
Q23-010,leg1-descent,5095.395265689484,R3-004,105.574327387505,116.0,True,115.84591545655395,126.0,True,True
Q23-010,leg1-descent,5105.106075190042,R3-004,105.59163564175155,116.0,True,115.84591545655395,126.0,True,True
Q23-010,leg1-descent,5114.8168846906,R3-004,105.6102997111234,116.0,True,115.84591545655395,126.0,True,True
Q23-010,S004-handoff,5114.8168846906,R3-004,105.6102997111234,116.0,True,115.84591545655395,126.0,True,True
Q23-010,S004-handoff,5124.8168846906,R3-004,105.6102997111234,116.0,True,115.84591545655395,126.0,True,True
Q23-010,S004-handoff,5134.8168846906,R3-004,105.6102997111234,116.0,True,115.84591545655395,126.0,True,True
Q23-010,S004-handoff,5144.8168846906,R3-004,105.6102997111234,116.0,True,115.84591545655395,126.0,True,True
Q23-010,S004-handoff,5154.8168846906,R3-004,105.6102997111234,116.0,True,115.84591545655395,126.0,True,True
Q23-010,S004-handoff,5164.8168846906,R3-004,105.6102997111234,116.0,True,115.84591545655395,126.0,True,True
Q23-010,S004-handoff,5174.8168846906,R3-004,105.6102997111234,116.0,True,115.84591545655395,126.0,True,True
Q23-010,S004-handoff,5184.8168846906,R3-004,105.6102997111234,116.0,True,115.84591545655395,126.0,True,True
Q23-010,S004-handoff,5194.8168846906,R3-004,105.6102997111234,116.0,True,115.84591545655395,126.0,True,True
Q23-010,S004-handoff,5204.8168846906,R3-004,105.6102997111234,116.0,True,115.84591545655395,126.0,True,True
Q23-010,S004-handoff,5214.8168846906,R3-004,105.6102997111234,116.0,True,115.84591545655395,126.0,True,True
Q23-010,S004-handoff,5224.8168846906,R3-004,105.6102997111234,116.0,True,115.84591545655395,126.0,True,True
Q23-010,S004-handoff,5234.8168846906,R3-004,105.6102997111234,116.0,True,115.84591545655395,126.0,True,True
Q23-010,S004-handoff,5244.8168846906,R3-004,105.6102997111234,116.0,True,115.84591545655395,126.0,True,True
Q23-010,S004-handoff,5254.8168846906,R3-004,105.6102997111234,116.0,True,115.84591545655395,126.0,True,True
Q23-010,S004-handoff,5264.8168846906,R3-004,105.6102997111234,116.0,True,115.84591545655395,126.0,True,True
Q23-010,S004-handoff,5274.8168846906,R3-004,105.6102997111234,116.0,True,115.84591545655395,126.0,True,True
Q23-010,S004-handoff,5284.8168846906,R3-004,105.6102997111234,116.0,True,115.84591545655395,126.0,True,True
Q23-010,S004-handoff,5294.8168846906,R3-004,105.6102997111234,116.0,True,115.84591545655395,126.0,True,True
Q23-010,S004-handoff,5304.8168846906,R3-004,105.6102997111234,116.0,True,115.84591545655395,126.0,True,True
Q23-010,S004-handoff,5314.8168846906,R3-004,105.6102997111234,116.0,True,115.84591545655395,126.0,True,True
Q23-010,S004-handoff,5324.8168846906,R3-004,105.6102997111234,116.0,True,115.84591545655395,126.0,True,True
Q23-010,leg2-climb,5324.8168846906,R3-004,105.6102997111234,116.0,True,115.84591545655395,126.0,True,True
Q23-010,leg2-climb,5334.25794948281,R3-004,105.58865631685968,116.0,True,115.84591545655395,126.0,True,True
Q23-010,leg2-climb,5343.699014275018,R3-004,105.56886216104434,116.0,True,115.84591545655395,126.0,True,True
Q23-010,leg2-climb,5353.140079067228,R3-004,105.55094311089945,116.0,True,115.84591545655395,126.0,True,True
Q23-010,leg2-climb,5362.581143859437,R3-004,105.53492282251338,116.0,True,115.84591545655395,126.0,True,True
Q23-010,leg2-climb,5372.022208651646,R3-004,105.52082263952022,116.0,True,115.84591545655395,126.0,True,True
Q23-010,leg2-climb,5381.4632734438555,R3-004,105.50866150033413,116.0,True,115.84591545655395,126.0,True,True
Q23-010,leg2-cruise,5381.4632734438555,R3-004,105.50866150033413,116.0,True,115.84591545655395,126.0,True,True
Q23-010,leg2-cruise,5391.393609907319,R3-004,104.88152281793073,116.0,True,115.84591545655395,126.0,True,True
Q23-010,leg2-cruise,5401.323946370782,R3-004,104.22272441925658,116.0,True,115.84591545655395,126.0,True,True
Q23-010,leg2-cruise,5411.254282834247,R3-004,103.53318153478854,116.0,True,115.84591545655395,126.0,True,True
Q23-010,leg2-cruise,5421.18461929771,R3-004,102.81635171374607,116.0,True,115.84591545655395,126.0,True,True
Q23-010,leg2-cruise,5431.114955761173,R3-004,102.07994703761129,116.0,True,115.84591545655395,126.0,True,True
Q23-010,leg2-cruise,5441.045292224637,R3-004,101.3384607730032,116.0,True,115.84591545655395,126.0,True,True
Q23-010,leg2-cruise,5450.9756286881,R3-004,100.61647968806591,116.0,True,115.84591545655395,126.0,True,True
Q23-010,leg2-cruise,5460.9059651515645,R3-004,99.95199872145362,116.0,True,115.84591545655395,126.0,True,True
Q23-010,leg2-cruise,5470.836301615028,R3-004,99.39734206756746,116.0,True,115.84591545655395,126.0,True,True
Q23-010,leg2-cruise,5480.766638078491,R3-004,99.0134189039662,116.0,True,115.84591545655395,126.0,True,True
Q23-010,leg2-cruise,5490.696974541955,R3-004,98.8540368823995,116.0,True,115.84591545655395,126.0,True,True
Q23-010,leg2-cruise,5500.627311005419,R3-004,98.94480531616901,116.0,True,115.84591545655395,126.0,True,True
Q23-010,leg2-cruise,5510.557647468882,R3-004,99.27088924948254,116.0,True,115.84591545655395,126.0,True,True
Q23-010,leg2-cruise,5520.487983932346,R3-004,99.78427075084066,116.0,True,115.84591545655395,126.0,True,True
Q23-010,leg2-cruise,5530.418320395809,R3-004,100.42402752905882,116.0,True,115.84591545655395,126.0,True,True
Q23-011,leg1-cruise,6625.796713622597,R3-005,103.93196310393942,116.0,True,113.58193892655193,126.0,True,True
Q23-011,leg1-cruise,6635.626378089177,R3-005,103.87169492273699,116.0,True,113.58193892655193,126.0,True,True
Q23-011,leg1-cruise,6645.456042555756,R3-005,103.88937594001659,116.0,True,113.58193892655193,126.0,True,True
Q23-011,leg1-cruise,6655.285707022335,R3-005,103.98406784410463,116.0,True,113.58193892655193,126.0,True,True
Q23-011,leg1-cruise,6665.115371488914,R3-005,104.15089182622124,116.0,True,113.58193892655193,126.0,True,True
Q23-011,leg1-cruise,6674.945035955494,R3-005,104.38182535057263,116.0,True,113.58193892655193,126.0,True,True
Q23-011,leg1-cruise,6684.774700422073,R3-005,104.66687904236511,116.0,True,113.58193892655193,126.0,True,True
Q23-011,leg1-cruise,6694.6043648886525,R3-005,104.99532678676647,116.0,True,113.58193892655193,126.0,True,True
Q23-011,leg1-cruise,6704.434029355232,R3-005,105.35672978878439,116.0,True,113.58193892655193,126.0,True,True
Q23-011,leg1-cruise,6714.263693821811,R3-005,105.74163038338372,116.0,True,113.58193892655193,126.0,True,True
Q23-011,leg1-cruise,6724.093358288391,R3-005,106.14191455401577,116.0,True,113.58193892655193,126.0,True,True
Q23-011,leg1-cruise,6733.92302275497,R3-005,106.5509134202463,116.0,True,113.58193892655193,126.0,True,True
Q23-011,leg1-cruise,6743.752687221549,R3-005,106.96333424386094,116.0,True,113.58193892655193,126.0,True,True
Q23-011,leg1-cruise,6753.582351688128,R3-005,107.3751005377465,116.0,True,113.58193892655193,126.0,True,True
Q23-011,leg1-cruise,6763.412016154708,R3-005,107.78315829489726,116.0,True,113.58193892655193,126.0,True,True
Q23-011,leg1-cruise,6773.241680621287,R3-005,108.18528322925069,116.0,True,113.58193892655193,126.0,True,True
Q23-011,leg1-cruise,6783.071345087867,R3-005,108.57990708178194,116.0,True,113.58193892655193,126.0,True,True
Q23-011,leg1-cruise,6792.901009554445,R3-005,108.96597006484693,116.0,True,113.58193892655193,126.0,True,True
Q23-011,leg1-cruise,6802.730674021025,R3-005,109.34280021216094,116.0,True,113.58193892655193,126.0,True,True
Q23-011,leg1-cruise,6812.560338487604,R3-005,109.71001726241087,116.0,True,113.58193892655193,126.0,True,True
Q23-011,leg1-cruise,6822.390002954184,R3-005,110.0674574778952,116.0,True,113.58193892655193,126.0,True,True
Q23-011,leg1-cruise,6832.219667420763,R3-005,110.41511561513505,116.0,True,113.58193892655193,126.0,True,True
Q23-011,leg1-cruise,6842.049331887342,R3-005,110.75310058037083,116.0,True,113.58193892655193,126.0,True,True
Q23-011,leg1-cruise,6851.878996353921,R3-005,111.08160181019161,116.0,True,113.58193892655193,126.0,True,True
Q23-011,leg1-cruise,6861.708660820501,R3-005,111.40086395481579,116.0,True,113.58193892655193,126.0,True,True
Q23-011,leg1-cruise,6871.53832528708,R3-005,111.71116793354926,116.0,True,113.58193892655193,126.0,True,True
Q23-011,leg1-cruise,6881.3679897536595,R3-005,112.01281685093082,116.0,True,113.58193892655193,126.0,True,True
Q23-011,leg1-descent,6881.3679897536595,R3-005,112.01281685093082,116.0,True,113.58193892655193,126.0,True,True
Q23-011,leg1-descent,6889.528736335691,R3-005,112.01660689887203,116.0,True,113.58193892655193,126.0,True,True
Q23-011,leg1-descent,6897.689482917722,R3-005,112.02062353514897,116.0,True,113.58193892655193,126.0,True,True
Q23-011,leg1-descent,6905.850229499753,R3-005,112.0248661285279,116.0,True,113.58193892655193,126.0,True,True
Q23-011,leg1-descent,6914.010976081784,R3-005,112.02933401374487,116.0,True,113.58193892655193,126.0,True,True
Q23-011,leg1-descent,6922.171722663816,R3-005,112.03402649184908,116.0,True,113.58193892655193,126.0,True,True
Q23-011,S008-handoff,6922.171722663816,R3-005,112.03402649184908,116.0,True,113.58193892655193,126.0,True,True
Q23-011,S008-handoff,6932.171722663816,R3-005,112.03402649184908,116.0,True,113.58193892655193,126.0,True,True
Q23-011,S008-handoff,6942.171722663816,R3-005,112.03402649184908,116.0,True,113.58193892655193,126.0,True,True
Q23-011,S008-handoff,6952.171722663816,R3-005,112.03402649184908,116.0,True,113.58193892655193,126.0,True,True
Q23-011,S008-handoff,6962.171722663816,R3-005,112.03402649184908,116.0,True,113.58193892655193,126.0,True,True
Q23-011,S008-handoff,6972.171722663816,R3-005,112.03402649184908,116.0,True,113.58193892655193,126.0,True,True
Q23-011,S008-handoff,6982.171722663816,R3-005,112.03402649184908,116.0,True,113.58193892655193,126.0,True,True
Q23-011,S008-handoff,6992.171722663816,R3-005,112.03402649184908,116.0,True,113.58193892655193,126.0,True,True
Q23-011,S008-handoff,7002.171722663816,R3-005,112.03402649184908,116.0,True,113.58193892655193,126.0,True,True
Q23-011,S008-handoff,7012.171722663816,R3-005,112.03402649184908,116.0,True,113.58193892655193,126.0,True,True
Q23-011,S008-handoff,7022.171722663816,R3-005,112.03402649184908,116.0,True,113.58193892655193,126.0,True,True
Q23-011,S008-handoff,7032.171722663816,R3-005,112.03402649184908,116.0,True,113.58193892655193,126.0,True,True
Q23-011,S008-handoff,7042.171722663816,R3-005,112.03402649184908,116.0,True,113.58193892655193,126.0,True,True
Q23-011,S008-handoff,7052.171722663816,R3-005,112.03402649184908,116.0,True,113.58193892655193,126.0,True,True
Q23-011,S008-handoff,7062.171722663816,R3-005,112.03402649184908,116.0,True,113.58193892655193,126.0,True,True
Q23-011,S008-handoff,7072.171722663816,R3-005,112.03402649184908,116.0,True,113.58193892655193,126.0,True,True
Q23-011,S008-handoff,7082.171722663816,R3-005,112.03402649184908,116.0,True,113.58193892655193,126.0,True,True
Q23-011,S008-handoff,7092.171722663816,R3-005,112.03402649184908,116.0,True,113.58193892655193,126.0,True,True
Q23-011,S008-handoff,7102.171722663816,R3-005,112.03402649184908,116.0,True,113.58193892655193,126.0,True,True
Q23-011,S008-handoff,7112.171722663816,R3-005,112.03402649184908,116.0,True,113.58193892655193,126.0,True,True
Q23-011,S008-handoff,7122.171722663816,R3-005,112.03402649184908,116.0,True,113.58193892655193,126.0,True,True
Q23-011,S008-handoff,7132.171722663816,R3-005,112.03402649184908,116.0,True,113.58193892655193,126.0,True,True
Q23-011,leg2-climb,7132.171722663816,R3-005,112.03402649184908,116.0,True,113.58193892655193,126.0,True,True
Q23-011,leg2-climb,7140.672500353432,R3-005,112.02819595898231,116.0,True,113.58193892655193,126.0,True,True
Q23-011,leg2-climb,7149.1732780430475,R3-005,112.02271662798604,116.0,True,113.58193892655193,126.0,True,True
Q23-011,leg2-climb,7157.674055732663,R3-005,112.01758983935765,116.0,True,113.58193892655193,126.0,True,True
Q23-011,leg2-climb,7166.174833422279,R3-005,112.01281685093082,116.0,True,113.58193892655193,126.0,True,True
Q23-011,leg2-cruise,7166.174833422279,R3-005,112.01281685093082,116.0,True,113.58193892655193,126.0,True,True
Q23-011,leg2-cruise,7176.004497888859,R3-005,111.71116793354926,116.0,True,113.58193892655193,126.0,True,True
Q23-011,leg2-cruise,7185.834162355438,R3-005,111.40086395481579,116.0,True,113.58193892655193,126.0,True,True
Q23-011,leg2-cruise,7195.663826822018,R3-005,111.08160181019161,116.0,True,113.58193892655193,126.0,True,True
Q23-011,leg2-cruise,7205.4934912885965,R3-005,110.75310058037083,116.0,True,113.58193892655193,126.0,True,True
Q23-011,leg2-cruise,7215.323155755176,R3-005,110.41511561513505,116.0,True,113.58193892655193,126.0,True,True
Q23-011,leg2-cruise,7225.152820221755,R3-005,110.0674574778952,116.0,True,113.58193892655193,126.0,True,True
Q23-011,leg2-cruise,7234.982484688335,R3-005,109.71001726241087,116.0,True,113.58193892655193,126.0,True,True
Q23-011,leg2-cruise,7244.812149154914,R3-005,109.34280021216094,116.0,True,113.58193892655193,126.0,True,True
Q23-011,leg2-cruise,7254.641813621493,R3-005,108.96597006484693,116.0,True,113.58193892655193,126.0,True,True
Q23-011,leg2-cruise,7264.471478088072,R3-005,108.57990708178194,116.0,True,113.58193892655193,126.0,True,True
Q23-011,leg2-cruise,7274.301142554652,R3-005,108.18528322925069,116.0,True,113.58193892655193,126.0,True,True
Q23-011,leg2-cruise,7284.130807021231,R3-005,107.78315829489726,116.0,True,113.58193892655193,126.0,True,True
Q23-011,leg2-cruise,7293.9604714878105,R3-005,107.3751005377465,116.0,True,113.58193892655193,126.0,True,True
Q23-011,leg2-cruise,7303.790135954389,R3-005,106.96333424386094,116.0,True,113.58193892655193,126.0,True,True
Q23-011,leg2-cruise,7313.619800420969,R3-005,106.5509134202463,116.0,True,113.58193892655193,126.0,True,True
Q23-011,leg2-cruise,7323.449464887548,R3-005,106.14191455401577,116.0,True,113.58193892655193,126.0,True,True
Q23-011,leg2-cruise,7333.279129354128,R3-005,105.74163038338372,116.0,True,113.58193892655193,126.0,True,True
Q23-011,leg2-cruise,7343.108793820707,R3-005,105.35672978878439,116.0,True,113.58193892655193,126.0,True,True
Q23-011,leg2-cruise,7352.938458287286,R3-005,104.99532678676647,116.0,True,113.58193892655193,126.0,True,True
Q23-011,leg2-cruise,7362.768122753866,R3-005,104.66687904236511,116.0,True,113.58193892655193,126.0,True,True
Q23-011,leg2-cruise,7372.597787220445,R3-005,104.38182535057263,116.0,True,113.58193892655193,126.0,True,True
Q23-011,leg2-cruise,7382.427451687025,R3-005,104.15089182622124,116.0,True,113.58193892655193,126.0,True,True
Q23-011,leg2-cruise,7392.257116153603,R3-005,103.98406784410463,116.0,True,113.58193892655193,126.0,True,True
Q23-011,leg2-cruise,7402.086780620183,R3-005,103.88937594001659,116.0,True,113.58193892655193,126.0,True,True
Q23-011,leg2-cruise,7411.916445086762,R3-005,103.87169492273699,116.0,True,113.58193892655193,126.0,True,True
Q23-011,leg2-cruise,7421.746109553342,R3-005,103.93196310393942,116.0,True,113.58193892655193,126.0,True,True
Q23-012,leg1-cruise,6768.556691078151,R3-005,101.03204370213093,116.0,True,113.58193892655193,126.0,True,True
Q23-012,leg1-cruise,6778.343868230246,R3-005,100.17037657139001,116.0,True,113.58193892655193,126.0,True,True
Q23-012,leg1-cruise,6788.13104538234,R3-005,99.32177048321918,116.0,True,113.58193892655193,126.0,True,True
Q23-012,leg1-cruise,6797.918222534435,R3-005,98.53979868407674,116.0,True,113.58193892655193,126.0,True,True
Q23-012,leg1-cruise,6807.705399686529,R3-005,97.9039315440955,116.0,True,113.58193892655193,126.0,True,True
Q23-012,leg1-cruise,6817.492576838623,R3-005,97.50882863961331,116.0,True,113.58193892655193,126.0,True,True
Q23-012,leg1-cruise,6827.279753990718,R3-005,97.43085793923312,116.0,True,113.58193892655193,126.0,True,True
Q23-012,leg1-cruise,6837.066931142812,R3-005,97.68693114296762,116.0,True,113.58193892655193,126.0,True,True
Q23-012,leg1-cruise,6846.854108294906,R3-005,98.22383880340436,116.0,True,113.58193892655193,126.0,True,True
Q23-012,leg1-cruise,6856.641285447001,R3-005,98.94994673967491,116.0,True,113.58193892655193,126.0,True,True
Q23-012,leg1-cruise,6866.428462599095,R3-005,99.77614738899481,116.0,True,113.58193892655193,126.0,True,True
Q23-012,leg1-cruise,6876.21563975119,R3-005,100.63685029626545,116.0,True,113.58193892655193,126.0,True,True
Q23-012,leg1-cruise,6886.002816903284,R3-005,101.49142629245576,116.0,True,113.58193892655193,126.0,True,True
Q23-012,leg1-cruise,6895.789994055378,R3-005,102.31776548995602,116.0,True,113.58193892655193,126.0,True,True
Q23-012,leg1-cruise,6905.577171207473,R3-005,103.10543811612509,116.0,True,113.58193892655193,126.0,True,True
Q23-012,leg1-cruise,6915.364348359567,R3-005,103.8507430796958,116.0,True,113.58193892655193,126.0,True,True
Q23-012,leg1-descent,6915.364348359567,R3-005,103.8507430796958,116.0,True,113.58193892655193,126.0,True,True
Q23-012,leg1-descent,6925.094273896677,R3-005,103.86297583308358,116.0,True,113.58193892655193,126.0,True,True
Q23-012,leg1-descent,6934.824199433786,R3-005,103.8773058573284,116.0,True,113.58193892655193,126.0,True,True
Q23-012,leg1-descent,6944.554124970895,R3-005,103.89371234408203,116.0,True,113.58193892655193,126.0,True,True
Q23-012,leg1-descent,6954.284050508005,R3-005,103.91217166605155,116.0,True,113.58193892655193,126.0,True,True
Q23-012,S015-handoff,6954.284050508005,R3-005,103.91217166605155,116.0,True,113.58193892655193,126.0,True,True
Q23-012,S015-handoff,6964.284050508005,R3-005,103.91217166605155,116.0,True,113.58193892655193,126.0,True,True
Q23-012,S015-handoff,6974.284050508005,R3-005,103.91217166605155,116.0,True,113.58193892655193,126.0,True,True
Q23-012,S015-handoff,6984.284050508005,R3-005,103.91217166605155,116.0,True,113.58193892655193,126.0,True,True
Q23-012,S015-handoff,6994.284050508005,R3-005,103.91217166605155,116.0,True,113.58193892655193,126.0,True,True
Q23-012,S015-handoff,7004.284050508005,R3-005,103.91217166605155,116.0,True,113.58193892655193,126.0,True,True
Q23-012,S015-handoff,7014.284050508005,R3-005,103.91217166605155,116.0,True,113.58193892655193,126.0,True,True
Q23-012,S015-handoff,7024.284050508005,R3-005,103.91217166605155,116.0,True,113.58193892655193,126.0,True,True
Q23-012,S015-handoff,7034.284050508005,R3-005,103.91217166605155,116.0,True,113.58193892655193,126.0,True,True
Q23-012,S015-handoff,7044.284050508005,R3-005,103.91217166605155,116.0,True,113.58193892655193,126.0,True,True
Q23-012,S015-handoff,7054.284050508005,R3-005,103.91217166605155,116.0,True,113.58193892655193,126.0,True,True
Q23-012,S015-handoff,7064.284050508005,R3-005,103.91217166605155,116.0,True,113.58193892655193,126.0,True,True
Q23-012,S015-handoff,7074.284050508005,R3-005,103.91217166605155,116.0,True,113.58193892655193,126.0,True,True
Q23-012,S015-handoff,7084.284050508005,R3-005,103.91217166605155,116.0,True,113.58193892655193,126.0,True,True
Q23-012,S015-handoff,7094.284050508005,R3-005,103.91217166605155,116.0,True,113.58193892655193,126.0,True,True
Q23-012,S015-handoff,7104.284050508005,R3-005,103.91217166605155,116.0,True,113.58193892655193,126.0,True,True
Q23-012,S015-handoff,7114.284050508005,R3-005,103.91217166605155,116.0,True,113.58193892655193,126.0,True,True
Q23-012,S015-handoff,7124.284050508005,R3-005,103.91217166605155,116.0,True,113.58193892655193,126.0,True,True
Q23-012,S015-handoff,7134.284050508005,R3-005,103.91217166605155,116.0,True,113.58193892655193,126.0,True,True
Q23-012,S015-handoff,7144.284050508005,R3-005,103.91217166605155,116.0,True,113.58193892655193,126.0,True,True
Q23-012,S015-handoff,7154.284050508005,R3-005,103.91217166605155,116.0,True,113.58193892655193,126.0,True,True
Q23-012,S015-handoff,7164.284050508005,R3-005,103.91217166605155,116.0,True,113.58193892655193,126.0,True,True
Q23-012,leg2-climb,7164.284050508005,R3-005,103.91217166605155,116.0,True,113.58193892655193,126.0,True,True
Q23-012,leg2-climb,7172.39232178893,R3-005,103.89371234408203,116.0,True,113.58193892655193,126.0,True,True
Q23-012,leg2-climb,7180.5005930698535,R3-005,103.8773058573284,116.0,True,113.58193892655193,126.0,True,True
Q23-012,leg2-climb,7188.608864350778,R3-005,103.86297583308358,116.0,True,113.58193892655193,126.0,True,True
Q23-012,leg2-climb,7196.717135631703,R3-005,103.8507430796958,116.0,True,113.58193892655193,126.0,True,True
Q23-012,leg2-cruise,7196.717135631703,R3-005,103.8507430796958,116.0,True,113.58193892655193,126.0,True,True
Q23-012,leg2-cruise,7206.504312783797,R3-005,103.10543811612509,116.0,True,113.58193892655193,126.0,True,True
Q23-012,leg2-cruise,7216.291489935892,R3-005,102.31776548995602,116.0,True,113.58193892655193,126.0,True,True
Q23-012,leg2-cruise,7226.078667087986,R3-005,101.49142629245576,116.0,True,113.58193892655193,126.0,True,True
Q23-012,leg2-cruise,7235.86584424008,R3-005,100.63685029626545,116.0,True,113.58193892655193,126.0,True,True
Q23-012,leg2-cruise,7245.653021392175,R3-005,99.77614738899481,116.0,True,113.58193892655193,126.0,True,True
Q23-012,leg2-cruise,7255.440198544269,R3-005,98.94994673967491,116.0,True,113.58193892655193,126.0,True,True
Q23-012,leg2-cruise,7265.227375696364,R3-005,98.22383880340436,116.0,True,113.58193892655193,126.0,True,True
Q23-012,leg2-cruise,7275.014552848458,R3-005,97.68693114296762,116.0,True,113.58193892655193,126.0,True,True
Q23-012,leg2-cruise,7284.801730000552,R3-005,97.43085793923312,116.0,True,113.58193892655193,126.0,True,True
Q23-012,leg2-cruise,7294.588907152647,R3-005,97.50882863961331,116.0,True,113.58193892655193,126.0,True,True
Q23-012,leg2-cruise,7304.376084304741,R3-005,97.9039315440955,116.0,True,113.58193892655193,126.0,True,True
Q23-012,leg2-cruise,7314.163261456835,R3-005,98.53979868407674,116.0,True,113.58193892655193,126.0,True,True
Q23-012,leg2-cruise,7323.95043860893,R3-005,99.32177048321918,116.0,True,113.58193892655193,126.0,True,True
Q23-012,leg2-cruise,7333.737615761024,R3-005,100.17037657139001,116.0,True,113.58193892655193,126.0,True,True
Q23-012,leg2-cruise,7343.524792913118,R3-005,101.03204370213093,116.0,True,113.58193892655193,126.0,True,True
Q23-013,leg1-cruise,699.5176549273787,R3-001,107.64346584284677,116.0,True,114.27394830839819,126.0,True,True
Q23-013,leg1-cruise,709.3000145738995,R3-001,107.48164531822468,116.0,True,114.27394830839819,126.0,True,True
Q23-013,leg1-cruise,719.0823742204202,R3-001,107.34857506497178,116.0,True,114.27394830839819,126.0,True,True
Q23-013,leg1-cruise,728.864733866941,R3-001,107.2471428217959,116.0,True,114.27394830839819,126.0,True,True
Q23-013,leg1-cruise,738.6470935134619,R3-001,107.1796926199233,116.0,True,114.27394830839819,126.0,True,True
Q23-013,leg1-cruise,748.4294531599826,R3-001,107.14785497250246,116.0,True,114.27394830839819,126.0,True,True
Q23-013,leg1-cruise,758.2118128065033,R3-001,107.15242000770499,116.0,True,114.27394830839819,126.0,True,True
Q23-013,leg1-cruise,767.9941724530241,R3-001,107.19327341879486,116.0,True,114.27394830839819,126.0,True,True
Q23-013,leg1-cruise,777.776532099545,R3-001,107.26940583384831,116.0,True,114.27394830839819,126.0,True,True
Q23-013,leg1-cruise,787.5588917460657,R3-001,107.3789940309981,116.0,True,114.27394830839819,126.0,True,True
Q23-013,leg1-cruise,797.3412513925864,R3-001,107.51954068785645,116.0,True,114.27394830839819,126.0,True,True
Q23-013,leg1-cruise,807.1236110391072,R3-001,107.68805122020348,116.0,True,114.27394830839819,126.0,True,True
Q23-013,leg1-cruise,816.9059706856281,R3-001,107.88122347261286,116.0,True,114.27394830839819,126.0,True,True
Q23-013,leg1-cruise,826.6883303321488,R3-001,108.09562839758968,116.0,True,114.27394830839819,126.0,True,True
Q23-013,leg1-descent,826.6883303321488,R3-001,108.09562839758968,116.0,True,114.27394830839819,126.0,True,True
Q23-013,leg1-descent,835.1188519792842,R3-001,108.1043536953335,116.0,True,114.27394830839819,126.0,True,True
Q23-013,leg1-descent,843.5493736264197,R3-001,108.11366473742235,116.0,True,114.27394830839819,126.0,True,True
Q23-013,leg1-descent,851.979895273555,R3-001,108.12355772612855,116.0,True,114.27394830839819,126.0,True,True
Q23-013,S009-handoff,851.979895273555,R3-001,108.12355772612855,116.0,True,114.27394830839819,126.0,True,True
Q23-013,S009-handoff,861.979895273555,R3-001,108.12355772612855,116.0,True,114.27394830839819,126.0,True,True
Q23-013,S009-handoff,871.979895273555,R3-001,108.12355772612855,116.0,True,114.27394830839819,126.0,True,True
Q23-013,S009-handoff,881.979895273555,R3-001,108.12355772612855,116.0,True,114.27394830839819,126.0,True,True
Q23-013,S009-handoff,891.979895273555,R3-001,108.12355772612855,116.0,True,114.27394830839819,126.0,True,True
Q23-013,S009-handoff,901.979895273555,R3-001,108.12355772612855,116.0,True,114.27394830839819,126.0,True,True
Q23-013,S009-handoff,911.979895273555,R3-001,108.12355772612855,116.0,True,114.27394830839819,126.0,True,True
Q23-013,S009-handoff,921.979895273555,R3-001,108.12355772612855,116.0,True,114.27394830839819,126.0,True,True
Q23-013,S009-handoff,931.979895273555,R3-001,108.12355772612855,116.0,True,114.27394830839819,126.0,True,True
Q23-013,S009-handoff,941.979895273555,R3-001,108.12355772612855,116.0,True,114.27394830839819,126.0,True,True
Q23-013,S009-handoff,951.979895273555,R3-001,108.12355772612855,116.0,True,114.27394830839819,126.0,True,True
Q23-013,S009-handoff,961.979895273555,R3-001,108.12355772612855,116.0,True,114.27394830839819,126.0,True,True
Q23-013,S009-handoff,971.979895273555,R3-001,108.12355772612855,116.0,True,114.27394830839819,126.0,True,True
Q23-013,S009-handoff,981.979895273555,R3-001,108.12355772612855,116.0,True,114.27394830839819,126.0,True,True
Q23-013,S009-handoff,991.979895273555,R3-001,108.12355772612855,116.0,True,114.27394830839819,126.0,True,True
Q23-013,S009-handoff,1001.979895273555,R3-001,108.12355772612855,116.0,True,114.27394830839819,126.0,True,True
Q23-013,S009-handoff,1011.979895273555,R3-001,108.12355772612855,116.0,True,114.27394830839819,126.0,True,True
Q23-013,S009-handoff,1021.979895273555,R3-001,108.12355772612855,116.0,True,114.27394830839819,126.0,True,True
Q23-013,S009-handoff,1031.979895273555,R3-001,108.12355772612855,116.0,True,114.27394830839819,126.0,True,True
Q23-013,S009-handoff,1041.979895273555,R3-001,108.12355772612855,116.0,True,114.27394830839819,126.0,True,True
Q23-013,S009-handoff,1051.979895273555,R3-001,108.12355772612855,116.0,True,114.27394830839819,126.0,True,True
Q23-013,S009-handoff,1061.979895273555,R3-001,108.12355772612855,116.0,True,114.27394830839819,126.0,True,True
Q23-013,leg2-climb,1061.979895273555,R3-001,108.12355772612855,116.0,True,114.27394830839819,126.0,True,True
Q23-013,leg2-climb,1070.7078697201696,R3-001,108.11135473097993,116.0,True,114.27394830839819,126.0,True,True
Q23-013,leg2-climb,1079.4358441667841,R3-001,108.1000513526635,116.0,True,114.27394830839819,126.0,True,True
Q23-013,leg2-climb,1088.163818613399,R3-001,108.08965471908661,116.0,True,114.27394830839819,126.0,True,True
Q23-013,leg2-climb,1096.8917930600135,R3-001,108.08017142479005,116.0,True,114.27394830839819,126.0,True,True
Q23-013,leg2-climb,1105.619767506628,R3-001,108.0716075172633,116.0,True,114.27394830839819,126.0,True,True
Q23-013,leg2-cruise,1105.619767506628,R3-001,108.0716075172633,116.0,True,114.27394830839819,126.0,True,True
Q23-013,leg2-cruise,1115.5126719029668,R3-001,107.7421043624542,116.0,True,114.27394830839819,126.0,True,True
Q23-013,leg2-cruise,1125.4055762993053,R3-001,107.42075491570036,116.0,True,114.27394830839819,126.0,True,True
Q23-013,leg2-cruise,1135.298480695644,R3-001,107.11154563755996,116.0,True,114.27394830839819,126.0,True,True
Q23-013,leg2-cruise,1145.1913850919827,R3-001,106.81910121359032,116.0,True,114.27394830839819,126.0,True,True
Q23-013,leg2-cruise,1155.0842894883212,R3-001,106.54862655369854,116.0,True,114.27394830839819,126.0,True,True
Q23-013,leg2-cruise,1164.97719388466,R3-001,106.30576646440797,116.0,True,114.27394830839819,126.0,True,True
Q23-013,leg2-cruise,1174.8700982809987,R3-001,106.09636597756257,116.0,True,114.27394830839819,126.0,True,True
Q23-013,leg2-cruise,1184.7630026773375,R3-001,105.92612828454942,116.0,True,114.27394830839819,126.0,True,True
Q23-013,leg2-cruise,1194.655907073676,R3-001,105.80019051558203,116.0,True,114.27394830839819,126.0,True,True
Q23-013,leg2-cruise,1204.5488114700147,R3-001,105.72266626308497,116.0,True,114.27394830839819,126.0,True,True
Q23-013,leg2-cruise,1214.4417158663534,R3-001,105.69622836572816,116.0,True,114.27394830839819,126.0,True,True
Q23-013,leg2-cruise,1224.334620262692,R3-001,105.7218137754735,116.0,True,114.27394830839819,126.0,True,True
Q23-013,leg2-cruise,1234.2275246590307,R3-001,105.79851564130637,116.0,True,114.27394830839819,126.0,True,True
Q23-013,leg2-cruise,1244.1204290553694,R3-001,105.92368779444321,116.0,True,114.27394830839819,126.0,True,True
Q23-013,leg2-cruise,1254.0133334517081,R3-001,106.09323724004496,116.0,True,114.27394830839819,126.0,True,True
Q23-013,leg2-cruise,1263.9062378480467,R3-001,106.30204001441274,116.0,True,114.27394830839819,126.0,True,True
Q23-013,leg2-cruise,1273.7991422443854,R3-001,106.54439864562613,116.0,True,114.27394830839819,126.0,True,True
Q23-013,leg2-cruise,1283.6920466407241,R3-001,106.81446739867721,116.0,True,114.27394830839819,126.0,True,True
Q23-013,leg2-cruise,1293.5849510370626,R3-001,107.10659593504514,116.0,True,114.27394830839819,126.0,True,True
Q23-013,leg2-cruise,1303.4778554334014,R3-001,107.4155706994494,116.0,True,114.27394830839819,126.0,True,True
Q23-013,leg2-descent,1303.4778554334014,R3-001,107.4155706994494,116.0,True,114.27394830839819,126.0,True,True
Q23-013,leg2-descent,1311.5898171033232,R3-001,107.42319063570376,116.0,True,114.27394830839819,126.0,True,True
Q23-013,leg2-descent,1319.7017787732452,R3-001,107.43145074171846,116.0,True,114.27394830839819,126.0,True,True
Q23-013,leg2-descent,1327.813740443167,R3-001,107.44034734563937,116.0,True,114.27394830839819,126.0,True,True
Q23-013,leg2-descent,1335.9257021130888,R3-001,107.44987651089774,116.0,True,114.27394830839819,126.0,True,True
Q23-013,S012-handoff,1335.9257021130888,R3-001,107.44987651089774,116.0,True,114.27394830839819,126.0,True,True
Q23-013,S012-handoff,1345.9257021130888,R3-001,107.44987651089774,116.0,True,114.27394830839819,126.0,True,True
Q23-013,S012-handoff,1355.9257021130888,R3-001,107.44987651089774,116.0,True,114.27394830839819,126.0,True,True
Q23-013,S012-handoff,1365.9257021130888,R3-001,107.44987651089774,116.0,True,114.27394830839819,126.0,True,True
Q23-013,S012-handoff,1375.9257021130888,R3-001,107.44987651089774,116.0,True,114.27394830839819,126.0,True,True
Q23-013,S012-handoff,1385.9257021130888,R3-001,107.44987651089774,116.0,True,114.27394830839819,126.0,True,True
Q23-013,S012-handoff,1395.9257021130888,R3-001,107.44987651089774,116.0,True,114.27394830839819,126.0,True,True
Q23-013,S012-handoff,1405.9257021130888,R3-001,107.44987651089774,116.0,True,114.27394830839819,126.0,True,True
Q23-013,S012-handoff,1415.9257021130888,R3-001,107.44987651089774,116.0,True,114.27394830839819,126.0,True,True
Q23-013,S012-handoff,1425.9257021130888,R3-001,107.44987651089774,116.0,True,114.27394830839819,126.0,True,True
Q23-013,S012-handoff,1435.9257021130888,R3-001,107.44987651089774,116.0,True,114.27394830839819,126.0,True,True
Q23-013,S012-handoff,1445.9257021130888,R3-001,107.44987651089774,116.0,True,114.27394830839819,126.0,True,True
Q23-013,S012-handoff,1455.9257021130888,R3-001,107.44987651089774,116.0,True,114.27394830839819,126.0,True,True
Q23-013,S012-handoff,1465.9257021130888,R3-001,107.44987651089774,116.0,True,114.27394830839819,126.0,True,True
Q23-013,S012-handoff,1475.9257021130888,R3-001,107.44987651089774,116.0,True,114.27394830839819,126.0,True,True
Q23-013,S012-handoff,1485.9257021130888,R3-001,107.44987651089774,116.0,True,114.27394830839819,126.0,True,True
Q23-013,S012-handoff,1495.9257021130888,R3-001,107.44987651089774,116.0,True,114.27394830839819,126.0,True,True
Q23-013,S012-handoff,1505.9257021130888,R3-001,107.44987651089774,116.0,True,114.27394830839819,126.0,True,True
Q23-013,S012-handoff,1515.9257021130888,R3-001,107.44987651089774,116.0,True,114.27394830839819,126.0,True,True
Q23-013,leg3-climb,1515.9257021130888,R3-001,107.44987651089774,116.0,True,114.27394830839819,126.0,True,True
Q23-013,leg3-climb,1524.8257684379587,R3-001,107.43746220031093,116.0,True,114.27394830839819,126.0,True,True
Q23-013,leg3-climb,1533.7258347628285,R3-001,107.42614654918657,116.0,True,114.27394830839819,126.0,True,True
Q23-013,leg3-climb,1542.6259010876981,R3-001,107.4159382549311,116.0,True,114.27394830839819,126.0,True,True
Q23-013,leg3-climb,1551.525967412568,R3-001,107.40684520940346,116.0,True,114.27394830839819,126.0,True,True
Q23-013,leg3-climb,1560.4260337374378,R3-001,107.39887447887936,116.0,True,114.27394830839819,126.0,True,True
Q23-013,leg3-cruise,1560.4260337374378,R3-001,107.39887447887936,116.0,True,114.27394830839819,126.0,True,True
Q23-013,leg3-cruise,1570.2906331524875,R3-001,106.83911222901467,116.0,True,114.27394830839819,126.0,True,True
Q23-013,leg3-cruise,1580.1552325675375,R3-001,106.24235440051046,116.0,True,114.27394830839819,126.0,True,True
Q23-013,leg3-cruise,1590.0198319825872,R3-001,105.60364181205887,116.0,True,114.27394830839819,126.0,True,True
Q23-013,leg3-cruise,1599.8844313976372,R3-001,104.91703003877527,116.0,True,114.27394830839819,126.0,True,True
Q23-013,leg3-cruise,1609.749030812687,R3-001,104.175348958238,116.0,True,114.27394830839819,126.0,True,True
Q23-013,leg3-cruise,1619.6136302277368,R3-001,103.36991165419919,116.0,True,114.27394830839819,126.0,True,True
Q23-013,leg3-cruise,1629.4782296427866,R3-001,102.49018948414347,116.0,True,114.27394830839819,126.0,True,True
Q23-013,leg3-cruise,1639.3428290578363,R3-001,101.52352808095986,116.0,True,114.27394830839819,126.0,True,True
Q23-013,leg3-cruise,1649.2074284728862,R3-001,100.45514321686844,116.0,True,114.27394830839819,126.0,True,True
Q23-013,leg3-cruise,1659.072027887936,R3-001,99.26909365430336,116.0,True,114.27394830839819,126.0,True,True
Q23-013,leg3-cruise,1668.936627302986,R3-001,97.95220206674135,116.0,True,114.27394830839819,126.0,True,True
Q23-013,leg3-cruise,1678.8012267180357,R3-001,96.50633640059264,116.0,True,114.27394830839819,126.0,True,True
Q23-013,leg3-cruise,1688.6658261330854,R3-001,94.98250925408601,116.0,True,114.27394830839819,126.0,True,True
Q23-013,leg3-cruise,1698.5304255481353,R3-001,93.55862366127664,116.0,True,114.27394830839819,126.0,True,True
Q23-013,leg3-cruise,1708.395024963185,R3-001,92.62948420136752,116.0,True,114.27394830839819,126.0,True,True
Q23-013,leg3-cruise,1718.259624378235,R3-001,92.64446127021068,116.0,True,114.27394830839819,126.0,True,True
Q23-013,leg3-cruise,1728.1242237932847,R3-001,93.59482132832076,116.0,True,114.27394830839819,126.0,True,True
Q23-013,leg3-cruise,1737.9888232083345,R3-001,95.02595972940449,116.0,True,114.27394830839819,126.0,True,True
Q23-013,leg3-cruise,1747.8534226233844,R3-001,96.54920057324364,116.0,True,114.27394830839819,126.0,True,True
Q23-013,leg3-cruise,1757.7180220384341,R3-001,97.99176159486494,116.0,True,114.27394830839819,126.0,True,True
Q23-013,leg3-cruise,1767.582621453484,R3-001,99.30485741258703,116.0,True,114.27394830839819,126.0,True,True
Q23-013,leg3-cruise,1777.4472208685338,R3-001,100.48736979734169,116.0,True,114.27394830839819,126.0,True,True
Q23-013,leg3-cruise,1787.3118202835838,R3-001,101.55266431679917,116.0,True,114.27394830839819,126.0,True,True
Q23-013,leg3-cruise,1797.1764196986335,R3-001,102.51668172362325,116.0,True,114.27394830839819,126.0,True,True
Q23-014,leg1-cruise,5237.249304238686,R3-004,108.5619371289747,116.0,True,115.84591545655395,126.0,True,True
Q23-014,leg1-cruise,5247.067860037112,R3-004,108.27101591649702,116.0,True,115.84591545655395,126.0,True,True
Q23-014,leg1-cruise,5256.886415835538,R3-004,107.97868783361865,116.0,True,115.84591545655395,126.0,True,True
Q23-014,leg1-cruise,5266.704971633964,R3-004,107.68610435467038,116.0,True,115.84591545655395,126.0,True,True
Q23-014,leg1-cruise,5276.52352743239,R3-004,107.39467812024697,116.0,True,115.84591545655395,126.0,True,True
Q23-014,leg1-cruise,5286.342083230816,R3-004,107.10611847174903,116.0,True,115.84591545655395,126.0,True,True
Q23-014,leg1-cruise,5296.160639029242,R3-004,106.82246430768438,116.0,True,115.84591545655395,126.0,True,True
Q23-014,leg1-cruise,5305.979194827668,R3-004,106.54610997801441,116.0,True,115.84591545655395,126.0,True,True
Q23-014,leg1-cruise,5315.797750626094,R3-004,106.2798183637843,116.0,True,115.84591545655395,126.0,True,True
Q23-014,leg1-cruise,5325.61630642452,R3-004,106.02671376550994,116.0,True,115.84591545655395,126.0,True,True
Q23-014,leg1-cruise,5335.434862222946,R3-004,105.79024617551369,116.0,True,115.84591545655395,126.0,True,True
Q23-014,leg1-cruise,5345.253418021372,R3-004,105.5741185809537,116.0,True,115.84591545655395,126.0,True,True
Q23-014,leg1-cruise,5355.071973819799,R3-004,105.382170917411,116.0,True,115.84591545655395,126.0,True,True
Q23-014,leg1-descent,5355.071973819799,R3-004,105.382170917411,116.0,True,115.84591545655395,126.0,True,True
Q23-014,leg1-descent,5363.832699731257,R3-004,105.39567306491944,116.0,True,115.84591545655395,126.0,True,True
Q23-014,leg1-descent,5372.593425642715,R3-004,105.4103473764664,116.0,True,115.84591545655395,126.0,True,True
Q23-014,leg1-descent,5381.354151554174,R3-004,105.42618186518285,116.0,True,115.84591545655395,126.0,True,True
Q23-014,leg1-descent,5390.114877465632,R3-004,105.44316370248603,116.0,True,115.84591545655395,126.0,True,True
Q23-014,leg1-descent,5398.875603377091,R3-004,105.46127925156357,116.0,True,115.84591545655395,126.0,True,True
Q23-014,leg1-descent,5407.636329288549,R3-004,115.48051410245897,116.0,True,115.84591545655395,126.0,True,True
Q23-014,S005-handoff,5407.636329288549,R3-004,115.48051410245897,116.0,True,115.84591545655395,126.0,True,True
Q23-014,S005-handoff,5417.636329288549,R3-004,115.48051410245897,116.0,True,115.84591545655395,126.0,True,True
Q23-014,S005-handoff,5427.636329288549,R3-004,115.48051410245897,116.0,True,115.84591545655395,126.0,True,True
Q23-014,S005-handoff,5437.636329288549,R3-004,115.48051410245897,116.0,True,115.84591545655395,126.0,True,True
Q23-014,S005-handoff,5447.636329288549,R3-004,115.48051410245897,116.0,True,115.84591545655395,126.0,True,True
Q23-014,S005-handoff,5457.636329288549,R3-004,115.48051410245897,116.0,True,115.84591545655395,126.0,True,True
Q23-014,S005-handoff,5467.636329288549,R3-004,115.48051410245897,116.0,True,115.84591545655395,126.0,True,True
Q23-014,S005-handoff,5477.636329288549,R3-004,115.48051410245897,116.0,True,115.84591545655395,126.0,True,True
Q23-014,S005-handoff,5487.636329288549,R3-004,115.48051410245897,116.0,True,115.84591545655395,126.0,True,True
Q23-014,S005-handoff,5497.636329288549,R3-004,115.48051410245897,116.0,True,115.84591545655395,126.0,True,True
Q23-014,S005-handoff,5507.636329288549,R3-004,115.48051410245897,116.0,True,115.84591545655395,126.0,True,True
Q23-014,S005-handoff,5517.636329288549,R3-004,115.48051410245897,116.0,True,115.84591545655395,126.0,True,True
Q23-014,S005-handoff,5527.636329288549,R3-004,115.48051410245897,116.0,True,115.84591545655395,126.0,True,True
Q23-014,S005-handoff,5537.636329288549,R3-004,115.48051410245897,116.0,True,115.84591545655395,126.0,True,True
Q23-014,S005-handoff,5547.636329288549,R3-004,115.48051410245897,116.0,True,115.84591545655395,126.0,True,True
Q23-014,S005-handoff,5557.636329288549,R3-004,115.48051410245897,116.0,True,115.84591545655395,126.0,True,True
Q23-014,S005-handoff,5567.636329288549,R3-004,115.48051410245897,116.0,True,115.84591545655395,126.0,True,True
Q23-014,S005-handoff,5577.636329288549,R3-004,115.48051410245897,116.0,True,115.84591545655395,126.0,True,True
Q23-014,S005-handoff,5587.636329288549,R3-004,115.48051410245897,116.0,True,115.84591545655395,126.0,True,True
Q23-014,S005-handoff,5597.636329288549,R3-004,115.48051410245897,116.0,True,115.84591545655395,126.0,True,True
Q23-014,S005-handoff,5607.636329288549,R3-004,115.48051410245897,116.0,True,115.84591545655395,126.0,True,True
Q23-014,S005-handoff,5617.636329288549,R3-004,115.48051410245897,116.0,True,115.84591545655395,126.0,True,True
Q23-014,leg2-climb,5617.636329288549,R3-004,115.48051410245897,116.0,True,115.84591545655395,126.0,True,True
Q23-014,leg2-climb,5626.397055200007,R3-004,105.45756612564122,116.0,True,115.84591545655395,126.0,True,True
Q23-014,leg2-climb,5635.157781111466,R3-004,105.43623414078765,116.0,True,115.84591545655395,126.0,True,True
Q23-014,leg2-climb,5643.918507022924,R3-004,105.41654265059103,116.0,True,115.84591545655395,126.0,True,True
Q23-014,leg2-climb,5652.6792329343825,R3-004,105.39851452530367,116.0,True,115.84591545655395,126.0,True,True
Q23-014,leg2-climb,5661.439958845841,R3-004,105.382170917411,116.0,True,115.84591545655395,126.0,True,True
Q23-014,leg2-cruise,5661.439958845841,R3-004,105.382170917411,116.0,True,115.84591545655395,126.0,True,True
Q23-014,leg2-cruise,5671.258514644267,R3-004,105.5741185809537,116.0,True,115.84591545655395,126.0,True,True
Q23-014,leg2-cruise,5681.077070442693,R3-004,105.79024617551369,116.0,True,115.84591545655395,126.0,True,True
Q23-014,leg2-cruise,5690.895626241119,R3-004,106.02671376550994,116.0,True,115.84591545655395,126.0,True,True
Q23-014,leg2-cruise,5700.714182039545,R3-004,106.2798183637843,116.0,True,115.84591545655395,126.0,True,True
Q23-014,leg2-cruise,5710.532737837972,R3-004,106.54610997801441,116.0,True,115.84591545655395,126.0,True,True
Q23-014,leg2-cruise,5720.351293636398,R3-004,106.82246430768438,116.0,True,115.84591545655395,126.0,True,True
Q23-014,leg2-cruise,5730.169849434824,R3-004,107.10611847174903,116.0,True,115.84591545655395,126.0,True,True
Q23-014,leg2-cruise,5739.988405233249,R3-004,107.39467812024697,116.0,True,115.84591545655395,126.0,True,True
Q23-014,leg2-cruise,5749.806961031675,R3-004,107.68610435467038,116.0,True,115.84591545655395,126.0,True,True
Q23-014,leg2-cruise,5759.625516830101,R3-004,107.97868783361865,116.0,True,115.84591545655395,126.0,True,True
Q23-014,leg2-cruise,5769.4440726285275,R3-004,108.27101591649702,116.0,True,115.84591545655395,126.0,True,True
Q23-014,leg2-cruise,5779.262628426954,R3-004,108.5619371289747,116.0,True,115.84591545655395,126.0,True,True
Q23-019,leg1-cruise,4259.247806227828,R3-004,108.7065730099622,116.0,True,115.84591545655395,126.0,True,True
Q23-019,leg1-cruise,4269.066362026254,R3-004,108.34391786526791,116.0,True,115.84591545655395,126.0,True,True
Q23-019,leg1-cruise,4278.88491782468,R3-004,107.97868783361865,116.0,True,115.84591545655395,126.0,True,True
Q23-019,leg1-cruise,4288.703473623105,R3-004,107.61307787178957,116.0,True,115.84591545655395,126.0,True,True
Q23-019,leg1-cruise,4298.522029421531,R3-004,107.24992061559942,116.0,True,115.84591545655395,126.0,True,True
Q23-019,leg1-cruise,4308.340585219958,R3-004,106.89279327409986,116.0,True,115.84591545655395,126.0,True,True
Q23-019,leg1-cruise,4318.159141018384,R3-004,106.54610997801441,116.0,True,115.84591545655395,126.0,True,True
Q23-019,leg1-cruise,4327.97769681681,R3-004,106.21517631620193,116.0,True,115.84591545655395,126.0,True,True
Q23-019,leg1-cruise,4337.796252615236,R3-004,105.90617369993402,116.0,True,115.84591545655395,126.0,True,True
Q23-019,leg1-cruise,4347.614808413662,R3-004,105.62603458912105,116.0,True,115.84591545655395,126.0,True,True
Q23-019,leg1-cruise,4357.433364212088,R3-004,105.382170917411,116.0,True,115.84591545655395,126.0,True,True
Q23-019,leg1-descent,4357.433364212088,R3-004,105.382170917411,116.0,True,115.84591545655395,126.0,True,True
Q23-019,leg1-descent,4366.819856260079,R3-004,105.39367215275223,116.0,True,115.84591545655395,126.0,True,True
Q23-019,leg1-descent,4376.20634830807,R3-004,105.40603579033744,116.0,True,115.84591545655395,126.0,True,True
Q23-019,leg1-descent,4385.592840356061,R3-004,105.41925439715212,116.0,True,115.84591545655395,126.0,True,True
Q23-019,leg1-descent,4394.979332404053,R3-004,105.4333200808103,116.0,True,115.84591545655395,126.0,True,True
Q23-019,leg1-descent,4404.365824452044,R3-004,105.44822450476632,116.0,True,115.84591545655395,126.0,True,True
Q23-019,leg1-descent,4413.752316500035,R3-004,105.46395890419208,116.0,True,115.84591545655395,126.0,True,True
Q23-019,leg1-descent,4423.138808548026,R3-004,115.48051410245897,116.0,True,115.84591545655395,126.0,True,True
Q23-019,S005-handoff,4423.138808548026,R3-004,115.48051410245897,116.0,True,115.84591545655395,126.0,True,True
Q23-019,S005-handoff,4432.956990366208,R3-004,115.48051410245897,116.0,True,115.84591545655395,126.0,True,True
Q23-019,S005-handoff,4442.77517218439,R3-004,115.48051410245897,116.0,True,115.84591545655395,126.0,True,True
Q23-019,S005-handoff,4452.593354002571,R3-004,115.48051410245897,116.0,True,115.84591545655395,126.0,True,True
Q23-019,S005-handoff,4462.411535820753,R3-004,115.48051410245897,116.0,True,115.84591545655395,126.0,True,True
Q23-019,S005-handoff,4472.229717638935,R3-004,115.48051410245897,116.0,True,115.84591545655395,126.0,True,True
Q23-019,S005-handoff,4482.047899457117,R3-004,115.48051410245897,116.0,True,115.84591545655395,126.0,True,True
Q23-019,S005-handoff,4491.866081275299,R3-004,115.48051410245897,116.0,True,115.84591545655395,126.0,True,True
Q23-019,S005-handoff,4501.684263093481,R3-004,115.48051410245897,116.0,True,115.84591545655395,126.0,True,True
Q23-019,S005-handoff,4511.502444911662,R3-004,115.48051410245897,116.0,True,115.84591545655395,126.0,True,True
Q23-019,S005-handoff,4521.320626729844,R3-004,115.48051410245897,116.0,True,115.84591545655395,126.0,True,True
Q23-019,S005-handoff,4531.138808548026,R3-004,115.48051410245897,116.0,True,115.84591545655395,126.0,True,True
Q23-019,S005-handoff,4540.956990366208,R3-004,115.48051410245897,116.0,True,115.84591545655395,126.0,True,True
Q23-019,S005-handoff,4550.77517218439,R3-004,115.48051410245897,116.0,True,115.84591545655395,126.0,True,True
Q23-019,S005-handoff,4560.593354002571,R3-004,115.48051410245897,116.0,True,115.84591545655395,126.0,True,True
Q23-019,S005-handoff,4570.411535820753,R3-004,115.48051410245897,116.0,True,115.84591545655395,126.0,True,True
Q23-019,S005-handoff,4580.229717638935,R3-004,115.48051410245897,116.0,True,115.84591545655395,126.0,True,True
Q23-019,S005-handoff,4590.047899457117,R3-004,115.48051410245897,116.0,True,115.84591545655395,126.0,True,True
Q23-019,S005-handoff,4599.866081275299,R3-004,115.48051410245897,116.0,True,115.84591545655395,126.0,True,True
Q23-019,S005-handoff,4609.684263093481,R3-004,115.48051410245897,116.0,True,115.84591545655395,126.0,True,True
Q23-019,S005-handoff,4619.502444911662,R3-004,115.48051410245897,116.0,True,115.84591545655395,126.0,True,True
Q23-019,S005-handoff,4629.320626729844,R3-004,115.48051410245897,116.0,True,115.84591545655395,126.0,True,True
Q23-019,S005-handoff,4639.138808548026,R3-004,115.48051410245897,116.0,True,115.84591545655395,126.0,True,True
Q23-019,S005-handoff,4648.956990366208,R3-004,115.48051410245897,116.0,True,115.84591545655395,126.0,True,True
Q23-019,S005-handoff,4658.77517218439,R3-004,115.48051410245897,116.0,True,115.84591545655395,126.0,True,True
Q23-019,S005-handoff,4668.593354002571,R3-004,115.48051410245897,116.0,True,115.84591545655395,126.0,True,True
Q23-019,S005-handoff,4678.411535820753,R3-004,115.48051410245897,116.0,True,115.84591545655395,126.0,True,True
Q23-019,S005-handoff,4688.229717638935,R3-004,115.48051410245897,116.0,True,115.84591545655395,126.0,True,True
Q23-019,S005-handoff,4698.047899457117,R3-004,115.48051410245897,116.0,True,115.84591545655395,126.0,True,True
Q23-019,S005-handoff,4707.866081275299,R3-004,115.48051410245897,116.0,True,115.84591545655395,126.0,True,True
Q23-019,S005-handoff,4717.684263093481,R3-004,115.48051410245897,116.0,True,115.84591545655395,126.0,True,True
Q23-019,S005-handoff,4727.502444911662,R3-004,115.48051410245897,116.0,True,115.84591545655395,126.0,True,True
Q23-019,S005-handoff,4737.320626729844,R3-004,115.48051410245897,116.0,True,115.84591545655395,126.0,True,True
Q23-019,S005-handoff,4747.138808548026,R3-004,115.48051410245897,116.0,True,115.84591545655395,126.0,True,True
Q23-019,leg2-climb,4747.138808548026,R3-004,115.48051410245897,116.0,True,115.84591545655395,126.0,True,True
Q23-019,leg2-climb,4755.899534459484,R3-004,105.46127925156357,116.0,True,115.84591545655395,126.0,True,True
Q23-019,leg2-climb,4764.6602603709425,R3-004,105.44316370248603,116.0,True,115.84591545655395,126.0,True,True
Q23-019,leg2-climb,4773.420986282401,R3-004,105.42618186518285,116.0,True,115.84591545655395,126.0,True,True
Q23-019,leg2-climb,4782.181712193859,R3-004,105.4103473764664,116.0,True,115.84591545655395,126.0,True,True
Q23-019,leg2-climb,4790.942438105318,R3-004,105.39567306491944,116.0,True,115.84591545655395,126.0,True,True
Q23-019,leg2-climb,4799.703164016776,R3-004,105.382170917411,116.0,True,115.84591545655395,126.0,True,True
Q23-019,leg2-cruise,4799.703164016776,R3-004,105.382170917411,116.0,True,115.84591545655395,126.0,True,True
Q23-019,leg2-cruise,4809.521719815202,R3-004,105.62603458912105,116.0,True,115.84591545655395,126.0,True,True
Q23-019,leg2-cruise,4819.340275613628,R3-004,105.90617369993402,116.0,True,115.84591545655395,126.0,True,True
Q23-019,leg2-cruise,4829.1588314120545,R3-004,106.21517631620193,116.0,True,115.84591545655395,126.0,True,True
Q23-019,leg2-cruise,4838.977387210481,R3-004,106.54610997801441,116.0,True,115.84591545655395,126.0,True,True
Q23-019,leg2-cruise,4848.795943008907,R3-004,106.89279327409986,116.0,True,115.84591545655395,126.0,True,True
Q23-019,leg2-cruise,4858.614498807333,R3-004,107.24992061559942,116.0,True,115.84591545655395,126.0,True,True
Q23-019,leg2-cruise,4868.433054605759,R3-004,107.61307787178957,116.0,True,115.84591545655395,126.0,True,True
Q23-019,leg2-cruise,4878.251610404185,R3-004,107.97868783361865,116.0,True,115.84591545655395,126.0,True,True
Q23-019,leg2-cruise,4888.070166202611,R3-004,108.34391786526882,116.0,True,115.84591545655395,126.0,True,True
Q23-019,leg2-cruise,4897.8887220010365,R3-004,108.7065730099622,116.0,True,115.84591545655395,126.0,True,True
Q23-020,leg1-cruise,3252.712093676466,R3-003,105.8548104298571,116.0,True,121.25068135942337,126.0,True,True
Q23-020,leg1-cruise,3262.5671892047376,R3-003,106.07385018238992,116.0,True,121.25068135942337,126.0,True,True
Q23-020,leg1-cruise,3272.4222847330097,R3-003,106.31122791680222,116.0,True,121.25068135942337,126.0,True,True
Q23-020,leg1-cruise,3282.277380261282,R3-003,106.56352367977695,116.0,True,121.25068135942337,126.0,True,True
Q23-020,leg1-cruise,3292.1324757895536,R3-003,106.82757617234373,116.0,True,121.25068135942337,126.0,True,True
Q23-020,leg1-cruise,3301.9875713178258,R3-003,107.10053762780242,116.0,True,121.25068135942337,126.0,True,True
Q23-020,leg1-cruise,3311.842666846098,R3-003,107.37989797807364,116.0,True,121.25068135942337,126.0,True,True
Q23-020,leg1-cruise,3321.6977623743696,R3-003,107.66348573585137,116.0,True,121.25068135942337,126.0,True,True
Q23-020,leg1-cruise,3331.552857902642,R3-003,107.94945274996627,116.0,True,121.25068135942337,126.0,True,True
Q23-020,leg1-descent,3331.552857902642,R3-003,107.94945274996627,116.0,True,121.25068135942337,126.0,True,True
Q23-020,leg1-descent,3341.049222648736,R3-003,107.95670933959995,116.0,True,121.25068135942337,126.0,True,True
Q23-020,leg1-descent,3350.5455873948295,R3-003,107.9647459547213,116.0,True,121.25068135942337,126.0,True,True
Q23-020,S013-handoff,3350.5455873948295,R3-003,107.9647459547213,116.0,True,121.25068135942337,126.0,True,True
Q23-020,S013-handoff,3360.5455873948295,R3-003,107.9647459547213,116.0,True,121.25068135942337,126.0,True,True
Q23-020,S013-handoff,3370.5455873948295,R3-003,107.9647459547213,116.0,True,121.25068135942337,126.0,True,True
Q23-020,S013-handoff,3380.5455873948295,R3-003,107.9647459547213,116.0,True,121.25068135942337,126.0,True,True
Q23-020,S013-handoff,3390.5455873948295,R3-003,107.9647459547213,116.0,True,121.25068135942337,126.0,True,True
Q23-020,S013-handoff,3400.5455873948295,R3-003,107.9647459547213,116.0,True,121.25068135942337,126.0,True,True
Q23-020,S013-handoff,3410.5455873948295,R3-003,107.9647459547213,116.0,True,121.25068135942337,126.0,True,True
Q23-020,S013-handoff,3420.5455873948295,R3-003,107.9647459547213,116.0,True,121.25068135942337,126.0,True,True
Q23-020,S013-handoff,3430.5455873948295,R3-003,107.9647459547213,116.0,True,121.25068135942337,126.0,True,True
Q23-020,S013-handoff,3440.5455873948295,R3-003,107.9647459547213,116.0,True,121.25068135942337,126.0,True,True
Q23-020,S013-handoff,3450.5455873948295,R3-003,107.9647459547213,116.0,True,121.25068135942337,126.0,True,True
Q23-020,S013-handoff,3460.5455873948295,R3-003,107.9647459547213,116.0,True,121.25068135942337,126.0,True,True
Q23-020,S013-handoff,3470.5455873948295,R3-003,107.9647459547213,116.0,True,121.25068135942337,126.0,True,True
Q23-020,S013-handoff,3480.5455873948295,R3-003,107.9647459547213,116.0,True,121.25068135942337,126.0,True,True
Q23-020,S013-handoff,3490.5455873948295,R3-003,107.9647459547213,116.0,True,121.25068135942337,126.0,True,True
Q23-020,S013-handoff,3500.5455873948295,R3-003,107.9647459547213,116.0,True,121.25068135942337,126.0,True,True
Q23-020,S013-handoff,3510.5455873948295,R3-003,107.9647459547213,116.0,True,121.25068135942337,126.0,True,True
Q23-020,S013-handoff,3520.5455873948295,R3-003,107.9647459547213,116.0,True,121.25068135942337,126.0,True,True
Q23-020,S013-handoff,3530.5455873948295,R3-003,107.9647459547213,116.0,True,121.25068135942337,126.0,True,True
Q23-020,leg2-climb,3530.5455873948295,R3-003,107.9647459547213,116.0,True,121.25068135942337,126.0,True,True
Q23-020,leg2-climb,3539.0106081467825,R3-003,107.95617840737619,116.0,True,121.25068135942337,126.0,True,True
Q23-020,leg2-climb,3547.4756288987355,R3-003,107.94850369259542,116.0,True,121.25068135942337,126.0,True,True
Q23-020,leg2-climb,3555.940649650689,R3-003,107.94172657984011,116.0,True,121.25068135942337,126.0,True,True
Q23-020,leg2-climb,3564.405670402642,R3-003,107.93585129715389,116.0,True,121.25068135942337,126.0,True,True
Q23-020,leg2-climb,3572.870691154595,R3-003,107.93088152244273,116.0,True,121.25068135942337,126.0,True,True
Q23-020,leg2-climb,3581.335711906548,R3-003,107.92682037584841,116.0,True,121.25068135942337,126.0,True,True
Q23-020,leg2-cruise,3581.335711906548,R3-003,107.92682037584841,116.0,True,121.25068135942337,126.0,True,True
Q23-020,leg2-cruise,3590.9423349121935,R3-003,107.58356880976056,116.0,True,121.25068135942337,126.0,True,True
Q23-020,leg2-cruise,3600.5489579178384,R3-003,107.23300116085726,116.0,True,121.25068135942337,126.0,True,True
Q23-020,leg2-cruise,3610.1555809234837,R3-003,106.87569587984926,116.0,True,121.25068135942337,126.0,True,True
Q23-020,leg2-cruise,3619.762203929129,R3-003,106.51250806603689,116.0,True,121.25068135942337,126.0,True,True
Q23-020,leg2-cruise,3629.368826934774,R3-003,106.14464487247511,116.0,True,121.25068135942337,126.0,True,True
Q23-020,leg2-cruise,3638.9754499404194,R3-003,105.77375548315544,116.0,True,121.25068135942337,126.0,True,True
Q23-020,leg2-cruise,3648.5820729460647,R3-003,105.40203504889493,116.0,True,121.25068135942337,126.0,True,True
Q23-020,leg2-cruise,3658.1886959517096,R3-003,105.03233910757683,116.0,True,121.25068135942337,126.0,True,True
Q23-020,leg2-cruise,3667.795318957355,R3-003,104.66830029047999,116.0,True,121.25068135942337,126.0,True,True
Q23-020,leg2-cruise,3677.4019419630004,R3-003,104.31443207388341,116.0,True,121.25068135942337,126.0,True,True
Q23-020,leg2-cruise,3687.0085649686453,R3-003,103.9761950099602,116.0,True,121.25068135942337,126.0,True,True
Q23-020,leg2-cruise,3696.6151879742906,R3-003,103.6599904914813,116.0,True,121.25068135942337,126.0,True,True
Q23-020,leg2-descent,3696.6151879742906,R3-003,103.6599904914813,116.0,True,121.25068135942337,126.0,True,True
Q23-020,leg2-descent,3705.327780747728,R3-003,103.66914018400684,116.0,True,121.25068135942337,126.0,True,True
Q23-020,leg2-descent,3714.0403735211657,R3-003,103.68005916606619,116.0,True,121.25068135942337,126.0,True,True
Q23-020,leg2-descent,3722.752966294603,R3-003,103.69273407683286,116.0,True,121.25068135942337,126.0,True,True
Q23-020,leg2-descent,3731.4655590680404,R3-003,103.70714950496993,116.0,True,121.25068135942337,126.0,True,True
Q23-020,leg2-descent,3740.1781518414778,R3-003,103.72328805016681,116.0,True,121.25068135942337,126.0,True,True
Q23-020,leg2-descent,3748.8907446149155,R3-003,103.74113039181579,116.0,True,121.25068135942337,126.0,True,True
Q23-020,leg2-descent,3757.603337388353,R3-003,103.76065536427046,116.0,True,121.25068135942337,126.0,True,True
Q23-020,S010-handoff,3757.603337388353,R3-003,103.76065536427046,116.0,True,121.25068135942337,126.0,True,True
Q23-020,S010-handoff,3767.603337388353,R3-003,103.76065536427046,116.0,True,121.25068135942337,126.0,True,True
Q23-020,S010-handoff,3777.603337388353,R3-003,103.76065536427046,116.0,True,121.25068135942337,126.0,True,True
Q23-020,S010-handoff,3787.603337388353,R3-003,103.76065536427046,116.0,True,121.25068135942337,126.0,True,True
Q23-020,S010-handoff,3797.603337388353,R3-003,103.76065536427046,116.0,True,121.25068135942337,126.0,True,True
Q23-020,S010-handoff,3807.603337388353,R3-003,103.76065536427046,116.0,True,121.25068135942337,126.0,True,True
Q23-020,S010-handoff,3817.603337388353,R3-003,103.76065536427046,116.0,True,121.25068135942337,126.0,True,True
Q23-020,S010-handoff,3827.603337388353,R3-003,103.76065536427046,116.0,True,121.25068135942337,126.0,True,True
Q23-020,S010-handoff,3837.603337388353,R3-003,103.76065536427046,116.0,True,121.25068135942337,126.0,True,True
Q23-020,S010-handoff,3847.603337388353,R3-003,103.76065536427046,116.0,True,121.25068135942337,126.0,True,True
Q23-020,S010-handoff,3857.603337388353,R3-003,103.76065536427046,116.0,True,121.25068135942337,126.0,True,True
Q23-020,S010-handoff,3867.603337388353,R3-003,103.76065536427046,116.0,True,121.25068135942337,126.0,True,True
Q23-020,S010-handoff,3877.603337388353,R3-003,103.76065536427046,116.0,True,121.25068135942337,126.0,True,True
Q23-020,S010-handoff,3887.603337388353,R3-003,103.76065536427046,116.0,True,121.25068135942337,126.0,True,True
Q23-020,S010-handoff,3897.603337388353,R3-003,103.76065536427046,116.0,True,121.25068135942337,126.0,True,True
Q23-020,S010-handoff,3907.603337388353,R3-003,103.76065536427046,116.0,True,121.25068135942337,126.0,True,True
Q23-020,S010-handoff,3917.603337388353,R3-003,103.76065536427046,116.0,True,121.25068135942337,126.0,True,True
Q23-020,S010-handoff,3927.603337388353,R3-003,103.76065536427046,116.0,True,121.25068135942337,126.0,True,True
Q23-020,S010-handoff,3937.603337388353,R3-003,103.76065536427046,116.0,True,121.25068135942337,126.0,True,True
Q23-020,leg3-climb,3937.603337388353,R3-003,103.76065536427046,116.0,True,121.25068135942337,126.0,True,True
Q23-020,leg3-climb,3946.9407302377454,R3-003,103.7358537250285,116.0,True,121.25068135942337,126.0,True,True
Q23-020,leg3-climb,3956.2781230871374,R3-003,103.71384520748228,116.0,True,121.25068135942337,126.0,True,True
Q23-020,leg3-climb,3965.61551593653,R3-003,103.69467315491444,116.0,True,121.25068135942337,126.0,True,True
Q23-020,leg3-cruise,3965.61551593653,R3-003,103.69467315491444,116.0,True,121.25068135942337,126.0,True,True
Q23-020,leg3-cruise,3975.5705990649067,R3-003,103.11354819054215,116.0,True,121.25068135942337,126.0,True,True
Q23-020,leg3-cruise,3985.525682193284,R3-003,102.51340986372816,116.0,True,121.25068135942337,126.0,True,True
Q23-020,leg3-cruise,3995.480765321661,R3-003,101.89866299416296,116.0,True,121.25068135942337,126.0,True,True
Q23-020,leg3-cruise,4005.435848450038,R3-003,101.27688049818747,116.0,True,121.25068135942337,126.0,True,True
Q23-020,leg3-cruise,4015.390931578415,R3-003,100.6601331164588,116.0,True,121.25068135942337,126.0,True,True
Q23-020,leg3-cruise,4025.3460147067917,R3-003,100.06646887825961,116.0,True,121.25068135942337,126.0,True,True
Q23-020,leg3-cruise,4035.301097835169,R3-003,99.52106364072756,116.0,True,121.25068135942337,126.0,True,True
Q23-021,leg1-cruise,5754.533023629233,R3-005,112.1213233242651,116.0,True,113.58193892655193,126.0,True,True
Q23-021,leg1-cruise,5764.446728320351,R3-005,112.21614887856384,116.0,True,113.58193892655193,126.0,True,True
Q23-021,leg1-cruise,5774.3604330114695,R3-005,112.32035956369452,116.0,True,113.58193892655193,126.0,True,True
Q23-021,leg1-cruise,5784.274137702588,R3-005,112.43324636476076,116.0,True,113.58193892655193,126.0,True,True
Q23-021,leg1-cruise,5794.187842393706,R3-005,112.55408576105236,116.0,True,113.58193892655193,126.0,True,True
Q23-021,leg1-cruise,5804.101547084824,R3-005,112.68215178393613,116.0,True,113.58193892655193,126.0,True,True
Q23-021,leg1-cruise,5814.0152517759425,R3-005,112.81672662461779,116.0,True,113.58193892655193,126.0,True,True
Q23-021,leg1-cruise,5823.928956467061,R3-005,112.95710964640296,116.0,True,113.58193892655193,126.0,True,True
Q23-021,leg1-cruise,5833.842661158179,R3-005,113.10262475682771,116.0,True,113.58193892655193,126.0,True,True
Q23-021,leg1-cruise,5843.756365849298,R3-005,113.2526261775097,116.0,True,113.58193892655193,126.0,True,True
Q23-021,leg1-cruise,5853.670070540416,R3-005,113.40650271221124,116.0,True,113.58193892655193,126.0,True,True
Q23-021,leg1-cruise,5863.583775231535,R3-005,113.56368065623904,116.0,True,113.58193892655193,126.0,True,True
Q23-021,leg1-cruise,5873.497479922653,R3-005,113.72362551548838,116.0,True,113.58193892655193,126.0,True,True
Q23-021,leg1-cruise,5883.411184613771,R3-005,113.88584271375242,116.0,True,113.58193892655193,126.0,True,True
Q23-021,leg1-cruise,5893.324889304889,R3-005,114.04987746563503,116.0,True,113.58193892655193,126.0,True,True
Q23-021,leg1-cruise,5903.238593996008,R3-005,114.21531398307988,116.0,True,113.58193892655193,126.0,True,True
Q23-021,leg1-cruise,5913.152298687126,R3-005,114.38177416848151,116.0,True,113.58193892655193,126.0,True,True
Q23-021,leg1-cruise,5923.066003378244,R3-005,114.54891592949822,116.0,True,113.58193892655193,126.0,True,True
Q23-021,leg1-cruise,5932.9797080693625,R3-005,114.71643123156163,116.0,True,113.58193892655193,126.0,True,True
Q23-021,leg1-cruise,5942.893412760481,R3-005,114.88404398506039,116.0,True,113.58193892655193,126.0,True,True
Q23-021,leg1-cruise,5952.8071174516,R3-005,115.05150784645913,116.0,True,113.58193892655193,126.0,True,True
Q23-021,leg1-cruise,5962.720822142718,R3-005,115.21860399631518,116.0,True,113.58193892655193,126.0,True,True
Q23-021,leg1-cruise,5972.634526833836,R3-005,115.38513894299828,116.0,True,113.58193892655193,126.0,True,True
Q23-021,leg1-cruise,5982.548231524955,R3-005,115.55094238871965,116.0,True,113.58193892655193,126.0,True,True
Q23-021,leg1-cruise,5992.461936216073,R3-005,115.71586518417774,116.0,True,113.58193892655193,126.0,True,True
Q23-021,leg1-descent,5992.461936216073,R3-005,115.71586518417774,116.0,True,113.58193892655193,126.0,True,True
Q23-021,leg1-descent,6001.407361631112,R3-005,115.717546825391,116.0,True,113.58193892655193,126.0,True,True
Q23-021,leg1-descent,6010.352787046151,R3-005,115.7193032505882,116.0,True,113.58193892655193,126.0,True,True
Q23-021,leg1-descent,6019.29821246119,R3-005,115.72113436880299,116.0,True,113.58193892655193,126.0,True,True
Q23-021,leg1-descent,6028.2436378762295,R3-005,115.72304008529203,116.0,True,113.58193892655193,126.0,True,True
Q23-021,leg1-descent,6037.189063291268,R3-005,115.7250203015512,116.0,True,113.58193892655193,126.0,True,True
Q23-021,S002-handoff,6037.189063291268,R3-005,115.7250203015512,116.0,True,113.58193892655193,126.0,True,True
Q23-021,S002-handoff,6047.089063291268,R3-005,115.7250203015512,116.0,True,113.58193892655193,126.0,True,True
Q23-021,S002-handoff,6056.989063291268,R3-005,115.7250203015512,116.0,True,113.58193892655193,126.0,True,True
Q23-021,S002-handoff,6066.889063291268,R3-005,115.7250203015512,116.0,True,113.58193892655193,126.0,True,True
Q23-021,S002-handoff,6076.789063291269,R3-005,115.7250203015512,116.0,True,113.58193892655193,126.0,True,True
Q23-021,S002-handoff,6086.689063291268,R3-005,115.7250203015512,116.0,True,113.58193892655193,126.0,True,True
Q23-021,S002-handoff,6096.589063291268,R3-005,115.7250203015512,116.0,True,113.58193892655193,126.0,True,True
Q23-021,S002-handoff,6106.489063291268,R3-005,115.7250203015512,116.0,True,113.58193892655193,126.0,True,True
Q23-021,S002-handoff,6116.389063291268,R3-005,115.7250203015512,116.0,True,113.58193892655193,126.0,True,True
Q23-021,S002-handoff,6126.289063291269,R3-005,115.7250203015512,116.0,True,113.58193892655193,126.0,True,True
Q23-021,S002-handoff,6136.189063291268,R3-005,115.7250203015512,116.0,True,113.58193892655193,126.0,True,True
Q23-021,S002-handoff,6146.089063291268,R3-005,115.7250203015512,116.0,True,113.58193892655193,126.0,True,True
Q23-021,S002-handoff,6155.989063291268,R3-005,115.7250203015512,116.0,True,113.58193892655193,126.0,True,True
Q23-021,S002-handoff,6165.889063291268,R3-005,115.7250203015512,116.0,True,113.58193892655193,126.0,True,True
Q23-021,S002-handoff,6175.789063291269,R3-005,115.7250203015512,116.0,True,113.58193892655193,126.0,True,True
Q23-021,S002-handoff,6185.689063291268,R3-005,115.7250203015512,116.0,True,113.58193892655193,126.0,True,True
Q23-021,S002-handoff,6195.589063291268,R3-005,115.7250203015512,116.0,True,113.58193892655193,126.0,True,True
Q23-021,S002-handoff,6205.489063291268,R3-005,115.7250203015512,116.0,True,113.58193892655193,126.0,True,True
Q23-021,S002-handoff,6215.389063291268,R3-005,115.7250203015512,116.0,True,113.58193892655193,126.0,True,True
Q23-021,S002-handoff,6225.289063291269,R3-005,115.7250203015512,116.0,True,113.58193892655193,126.0,True,True
Q23-021,S002-handoff,6235.189063291268,R3-005,115.7250203015512,116.0,True,113.58193892655193,126.0,True,True
Q23-021,S002-handoff,6245.089063291268,R3-005,115.7250203015512,116.0,True,113.58193892655193,126.0,True,True
Q23-021,S002-handoff,6254.989063291268,R3-005,115.7250203015512,116.0,True,113.58193892655193,126.0,True,True
Q23-021,S002-handoff,6264.889063291268,R3-005,115.7250203015512,116.0,True,113.58193892655193,126.0,True,True
Q23-021,S002-handoff,6274.789063291269,R3-005,115.7250203015512,116.0,True,113.58193892655193,126.0,True,True
Q23-021,S002-handoff,6284.689063291268,R3-005,115.7250203015512,116.0,True,113.58193892655193,126.0,True,True
Q23-021,S002-handoff,6294.589063291268,R3-005,115.7250203015512,116.0,True,113.58193892655193,126.0,True,True
Q23-021,S002-handoff,6304.489063291268,R3-005,115.7250203015512,116.0,True,113.58193892655193,126.0,True,True
Q23-021,S002-handoff,6314.389063291268,R3-005,115.7250203015512,116.0,True,113.58193892655193,126.0,True,True
Q23-021,S002-handoff,6324.289063291269,R3-005,115.7250203015512,116.0,True,113.58193892655193,126.0,True,True
Q23-021,S002-handoff,6334.189063291268,R3-005,115.7250203015512,116.0,True,113.58193892655193,126.0,True,True
Q23-021,S002-handoff,6344.089063291268,R3-005,115.7250203015512,116.0,True,113.58193892655193,126.0,True,True
Q23-021,S002-handoff,6353.989063291268,R3-005,115.7250203015512,116.0,True,113.58193892655193,126.0,True,True
Q23-021,S002-handoff,6363.889063291268,R3-005,115.7250203015512,116.0,True,113.58193892655193,126.0,True,True
Q23-021,S002-handoff,6373.789063291269,R3-005,115.7250203015512,116.0,True,113.58193892655193,126.0,True,True
Q23-021,S002-handoff,6383.689063291268,R3-005,115.7250203015512,116.0,True,113.58193892655193,126.0,True,True
Q23-021,S002-handoff,6393.589063291268,R3-005,115.7250203015512,116.0,True,113.58193892655193,126.0,True,True
Q23-021,S002-handoff,6403.489063291268,R3-005,115.7250203015512,116.0,True,113.58193892655193,126.0,True,True
Q23-021,S002-handoff,6413.389063291268,R3-005,115.7250203015512,116.0,True,113.58193892655193,126.0,True,True
Q23-021,S002-handoff,6423.289063291269,R3-005,115.7250203015512,116.0,True,113.58193892655193,126.0,True,True
Q23-021,S002-handoff,6433.189063291268,R3-005,115.7250203015512,116.0,True,113.58193892655193,126.0,True,True
Q23-021,leg2-climb,6433.189063291268,R3-005,115.7250203015512,116.0,True,113.58193892655193,126.0,True,True
Q23-021,leg2-climb,6442.134488706308,R3-005,115.72255666790439,116.0,True,113.58193892655193,126.0,True,True
Q23-021,leg2-climb,6451.0799141213465,R3-005,115.72020947890152,116.0,True,113.58193892655193,126.0,True,True
Q23-021,leg2-climb,6460.025339536385,R3-005,115.71797892418047,116.0,True,113.58193892655193,126.0,True,True
Q23-021,leg2-climb,6468.970764951425,R3-005,115.71586518417774,116.0,True,113.58193892655193,126.0,True,True
Q23-021,leg2-cruise,6468.970764951425,R3-005,115.71586518417774,116.0,True,113.58193892655193,126.0,True,True
Q23-021,leg2-cruise,6478.884469642543,R3-005,115.55094238871965,116.0,True,113.58193892655193,126.0,True,True
Q23-021,leg2-cruise,6488.798174333661,R3-005,115.38513894299828,116.0,True,113.58193892655193,126.0,True,True
Q23-021,leg2-cruise,6498.71187902478,R3-005,115.21860399631518,116.0,True,113.58193892655193,126.0,True,True
Q23-021,leg2-cruise,6508.625583715898,R3-005,115.05150784645913,116.0,True,113.58193892655193,126.0,True,True
Q23-021,leg2-cruise,6518.539288407017,R3-005,114.88404398506039,116.0,True,113.58193892655193,126.0,True,True
Q23-021,leg2-cruise,6528.452993098135,R3-005,114.71643123156163,116.0,True,113.58193892655193,126.0,True,True
Q23-021,leg2-cruise,6538.3666977892535,R3-005,114.54891592949822,116.0,True,113.58193892655193,126.0,True,True
Q23-021,leg2-cruise,6548.280402480372,R3-005,114.38177416848151,116.0,True,113.58193892655193,126.0,True,True
Q23-021,leg2-cruise,6558.19410717149,R3-005,114.21531398307988,116.0,True,113.58193892655193,126.0,True,True
Q23-021,leg2-cruise,6568.107811862608,R3-005,114.04987746563503,116.0,True,113.58193892655193,126.0,True,True
Q23-021,leg2-cruise,6578.0215165537265,R3-005,113.88584271375242,116.0,True,113.58193892655193,126.0,True,True
Q23-021,leg2-cruise,6587.935221244845,R3-005,113.72362551548838,116.0,True,113.58193892655193,126.0,True,True
Q23-021,leg2-cruise,6597.848925935963,R3-005,113.56368065623904,116.0,True,113.58193892655193,126.0,True,True
Q23-021,leg2-cruise,6607.762630627081,R3-005,113.40650271221124,116.0,True,113.58193892655193,126.0,True,True
Q23-021,leg2-cruise,6617.6763353182,R3-005,113.2526261775097,116.0,True,113.58193892655193,126.0,True,True
Q23-021,leg2-cruise,6627.590040009319,R3-005,113.10262475682771,116.0,True,113.58193892655193,126.0,True,True
Q23-021,leg2-cruise,6637.503744700437,R3-005,112.95710964640296,116.0,True,113.58193892655193,126.0,True,True
Q23-021,leg2-cruise,6647.417449391555,R3-005,112.81672662461779,116.0,True,113.58193892655193,126.0,True,True
Q23-021,leg2-cruise,6657.3311540826735,R3-005,112.68215178393613,116.0,True,113.58193892655193,126.0,True,True
Q23-021,leg2-cruise,6667.244858773792,R3-005,112.55408576105236,116.0,True,113.58193892655193,126.0,True,True
Q23-021,leg2-cruise,6677.15856346491,R3-005,112.43324636476076,116.0,True,113.58193892655193,126.0,True,True
Q23-021,leg2-cruise,6687.072268156028,R3-005,112.32035956369452,116.0,True,113.58193892655193,126.0,True,True
Q23-021,leg2-cruise,6696.9859728471465,R3-005,112.21614887856384,116.0,True,113.58193892655193,126.0,True,True
Q23-021,leg2-cruise,6706.899677538265,R3-005,112.1213233242651,116.0,True,113.58193892655193,126.0,True,True
Q23-022,leg2-cruise,6638.383089499344,R3-005,108.91937709270536,116.0,True,113.58193892655193,126.0,True,True
Q23-022,leg2-cruise,6648.25169091865,R3-005,108.56743032227125,116.0,True,113.58193892655193,126.0,True,True
Q23-022,leg2-cruise,6658.120292337956,R3-005,108.21360134168457,116.0,True,113.58193892655193,126.0,True,True
Q23-022,leg2-cruise,6667.988893757261,R3-005,107.8600255648386,116.0,True,113.58193892655193,126.0,True,True
Q23-022,leg2-cruise,6677.857495176567,R3-005,107.50942213326638,116.0,True,113.58193892655193,126.0,True,True
Q23-022,leg2-cruise,6687.726096595873,R3-005,107.16518333121624,116.0,True,113.58193892655193,126.0,True,True
Q23-022,leg2-cruise,6697.594698015178,R3-005,106.83144856761983,116.0,True,113.58193892655193,126.0,True,True
Q23-022,leg2-descent,6697.594698015178,R3-005,106.83144856761983,116.0,True,113.58193892655193,126.0,True,True
Q23-022,leg2-descent,6706.897056789217,R3-005,106.83543637229694,116.0,True,113.58193892655193,126.0,True,True
Q23-022,leg2-descent,6716.199415563256,R3-005,106.84005076359688,116.0,True,113.58193892655193,126.0,True,True
Q23-022,leg2-descent,6725.501774337294,R3-005,106.84528974239232,116.0,True,113.58193892655193,126.0,True,True
Q23-022,leg2-descent,6734.804133111333,R3-005,106.85115104496502,116.0,True,113.58193892655193,126.0,True,True
Q23-022,leg2-descent,6744.106491885371,R3-005,106.8576321462433,116.0,True,113.58193892655193,126.0,True,True
Q23-022,leg2-descent,6753.408850659409,R3-005,106.86473026339638,116.0,True,113.58193892655193,126.0,True,True
Q23-022,leg2-descent,6762.711209433448,R3-005,106.87244235977488,116.0,True,113.58193892655193,126.0,True,True
Q23-022,leg2-descent,6772.013568207486,R3-005,106.88076514918572,116.0,True,113.58193892655193,126.0,True,True
Q23-022,leg2-descent,6781.315926981524,R3-005,106.88969510048926,116.0,True,113.58193892655193,126.0,True,True
Q23-022,leg2-descent,6790.618285755563,R3-005,106.89922844250513,116.0,True,113.58193892655193,126.0,True,True
Q23-022,leg2-descent,6799.920644529601,R3-005,106.90936116921277,116.0,True,113.58193892655193,126.0,True,True
Q23-022,leg2-descent,6809.22300330364,R3-005,106.920089045232,116.0,True,113.58193892655193,126.0,True,True
Q23-022,leg2-descent,6818.525362077678,R3-005,106.93140761156828,116.0,True,113.58193892655193,126.0,True,True
Q23-022,S007-handoff,6818.525362077678,R3-005,106.93140761156828,116.0,True,113.58193892655193,126.0,True,True
Q23-022,S007-handoff,6828.4563965604375,R3-005,106.93140761156828,116.0,True,113.58193892655193,126.0,True,True
Q23-022,S007-handoff,6838.387431043196,R3-005,106.93140761156828,116.0,True,113.58193892655193,126.0,True,True
Q23-022,S007-handoff,6848.318465525955,R3-005,106.93140761156828,116.0,True,113.58193892655193,126.0,True,True
Q23-022,S007-handoff,6858.249500008713,R3-005,106.93140761156828,116.0,True,113.58193892655193,126.0,True,True
Q23-022,S007-handoff,6868.180534491472,R3-005,106.93140761156828,116.0,True,113.58193892655193,126.0,True,True
Q23-022,S007-handoff,6878.11156897423,R3-005,106.93140761156828,116.0,True,113.58193892655193,126.0,True,True
Q23-022,S007-handoff,6888.042603456989,R3-005,106.93140761156828,116.0,True,113.58193892655193,126.0,True,True
Q23-022,S007-handoff,6897.973637939747,R3-005,106.93140761156828,116.0,True,113.58193892655193,126.0,True,True
Q23-022,S007-handoff,6907.904672422506,R3-005,106.93140761156828,116.0,True,113.58193892655193,126.0,True,True
Q23-022,S007-handoff,6917.8357069052645,R3-005,106.93140761156828,116.0,True,113.58193892655193,126.0,True,True
Q23-022,S007-handoff,6927.766741388024,R3-005,106.93140761156828,116.0,True,113.58193892655193,126.0,True,True
Q23-022,S007-handoff,6937.697775870782,R3-005,106.93140761156828,116.0,True,113.58193892655193,126.0,True,True
Q23-022,S007-handoff,6947.628810353541,R3-005,106.93140761156828,116.0,True,113.58193892655193,126.0,True,True
Q23-022,S007-handoff,6957.559844836299,R3-005,106.93140761156828,116.0,True,113.58193892655193,126.0,True,True
Q23-022,S007-handoff,6967.490879319058,R3-005,106.93140761156828,116.0,True,113.58193892655193,126.0,True,True
Q23-022,S007-handoff,6977.421913801816,R3-005,106.93140761156828,116.0,True,113.58193892655193,126.0,True,True
Q23-022,S007-handoff,6987.352948284575,R3-005,106.93140761156828,116.0,True,113.58193892655193,126.0,True,True
Q23-022,S007-handoff,6997.283982767333,R3-005,106.93140761156828,116.0,True,113.58193892655193,126.0,True,True
Q23-022,S007-handoff,7007.215017250092,R3-005,106.93140761156828,116.0,True,113.58193892655193,126.0,True,True
Q23-022,S007-handoff,7017.1460517328505,R3-005,106.93140761156828,116.0,True,113.58193892655193,126.0,True,True
Q23-022,S007-handoff,7027.07708621561,R3-005,106.93140761156828,116.0,True,113.58193892655193,126.0,True,True
Q23-022,S007-handoff,7037.008120698368,R3-005,106.93140761156828,116.0,True,113.58193892655193,126.0,True,True
Q23-022,S007-handoff,7046.939155181127,R3-005,106.93140761156828,116.0,True,113.58193892655193,126.0,True,True
Q23-022,S007-handoff,7056.870189663885,R3-005,106.93140761156828,116.0,True,113.58193892655193,126.0,True,True
Q23-022,S007-handoff,7066.801224146644,R3-005,106.93140761156828,116.0,True,113.58193892655193,126.0,True,True
Q23-022,S007-handoff,7076.732258629402,R3-005,106.93140761156828,116.0,True,113.58193892655193,126.0,True,True
Q23-022,S007-handoff,7086.663293112161,R3-005,106.93140761156828,116.0,True,113.58193892655193,126.0,True,True
Q23-022,S007-handoff,7096.594327594919,R3-005,106.93140761156828,116.0,True,113.58193892655193,126.0,True,True
Q23-022,S007-handoff,7106.525362077678,R3-005,106.93140761156828,116.0,True,113.58193892655193,126.0,True,True
Q23-022,leg3-climb,7106.525362077678,R3-005,106.93140761156828,116.0,True,113.58193892655193,126.0,True,True
Q23-022,leg3-climb,7115.866686366183,R3-005,106.91729458188712,116.0,True,113.58193892655193,126.0,True,True
Q23-022,leg3-climb,7125.208010654687,R3-005,106.90411406372472,116.0,True,113.58193892655193,126.0,True,True
Q23-022,leg3-climb,7134.549334943192,R3-005,106.891874707168,116.0,True,113.58193892655193,126.0,True,True
Q23-022,leg3-climb,7143.890659231696,R3-005,106.88058459986621,116.0,True,113.58193892655193,126.0,True,True
Q23-022,leg3-climb,7153.231983520201,R3-005,106.87025124965409,116.0,True,113.58193892655193,126.0,True,True
Q23-022,leg3-climb,7162.573307808705,R3-005,106.86088156825599,116.0,True,113.58193892655193,126.0,True,True
Q23-022,leg3-climb,7171.9146320972095,R3-005,106.85248185614367,116.0,True,113.58193892655193,126.0,True,True
Q23-022,leg3-cruise,7171.9146320972095,R3-005,106.85248185614367,116.0,True,113.58193892655193,126.0,True,True
Q23-022,leg3-cruise,7181.6647996197635,R3-005,106.78127862272794,116.0,True,113.58193892655193,126.0,True,True
Q23-022,leg3-cruise,7191.4149671423165,R3-005,106.74883142875917,116.0,True,113.58193892655193,126.0,True,True
Q23-022,leg3-cruise,7201.1651346648705,R3-005,106.75601700793752,116.0,True,113.58193892655193,126.0,True,True
Q23-022,leg3-cruise,7210.9153021874245,R3-005,106.8026404290683,116.0,True,113.58193892655193,126.0,True,True
Q23-023,leg1-cruise,3368.2990024409564,R3-004,109.67382410906282,116.0,True,115.84591545655395,126.0,True,True
Q23-023,leg1-cruise,3378.1286669075357,R3-004,109.51164567913094,116.0,True,115.84591545655395,126.0,True,True
Q23-023,leg1-cruise,3387.958331374115,R3-004,109.3653590208002,116.0,True,115.84591545655395,126.0,True,True
Q23-023,leg1-cruise,3397.7879958406943,R3-004,109.23682440300024,116.0,True,115.84591545655395,126.0,True,True
Q23-023,leg1-cruise,3407.6176603072736,R3-004,109.1278035698522,116.0,True,115.84591545655395,126.0,True,True
Q23-023,leg1-cruise,3417.447324773853,R3-004,109.03989010494848,116.0,True,115.84591545655395,126.0,True,True
Q23-023,leg1-cruise,3427.276989240432,R3-004,108.97443905071944,116.0,True,115.84591545655395,126.0,True,True
Q23-023,leg1-cruise,3437.1066537070114,R3-004,108.93250156669767,116.0,True,115.84591545655395,126.0,True,True
Q23-023,leg1-cruise,3446.9363181735907,R3-004,108.91477077553617,116.0,True,115.84591545655395,126.0,True,True
Q23-023,leg1-cruise,3456.76598264017,R3-004,108.92154440261957,116.0,True,115.84591545655395,126.0,True,True
Q23-023,leg1-cruise,3466.5956471067493,R3-004,108.95270832585867,116.0,True,115.84591545655395,126.0,True,True
Q23-023,leg1-cruise,3476.4253115733286,R3-004,109.00774290984037,116.0,True,115.84591545655395,126.0,True,True
Q23-023,leg1-cruise,3486.254976039908,R3-004,109.08575139827163,116.0,True,115.84591545655395,126.0,True,True
Q23-023,leg1-cruise,3496.084640506487,R3-004,109.18550717823966,116.0,True,115.84591545655395,126.0,True,True
Q23-023,leg1-cruise,3505.9143049730665,R3-004,109.30551486592236,116.0,True,115.84591545655395,126.0,True,True
Q23-023,leg1-cruise,3515.7439694396458,R3-004,109.4440791883316,116.0,True,115.84591545655395,126.0,True,True
Q23-023,leg1-cruise,3525.573633906225,R3-004,109.59937561241273,116.0,True,115.84591545655395,126.0,True,True
Q23-023,leg1-cruise,3535.403298372805,R3-004,109.76951745338916,116.0,True,115.84591545655395,126.0,True,True
Q23-023,leg1-cruise,3545.232962839384,R3-004,109.95261549442475,116.0,True,115.84591545655395,126.0,True,True
Q23-023,leg1-cruise,3555.0626273059634,R3-004,110.14682764951078,116.0,True,115.84591545655395,126.0,True,True
Q23-023,leg1-cruise,3564.8922917725426,R3-004,110.35039762654132,116.0,True,115.84591545655395,126.0,True,True
Q23-023,leg1-cruise,3574.721956239122,R3-004,110.5616827151674,116.0,True,115.84591545655395,126.0,True,True
Q23-023,leg1-cruise,3584.551620705701,R3-004,110.77917165277582,116.0,True,115.84591545655395,126.0,True,True
Q23-023,leg1-cruise,3594.3812851722805,R3-004,111.00149401113934,116.0,True,115.84591545655395,126.0,True,True
Q23-023,leg1-cruise,3604.21094963886,R3-004,111.22742274829044,116.0,True,115.84591545655395,126.0,True,True
Q23-023,leg1-cruise,3614.040614105439,R3-004,111.45587155918655,116.0,True,115.84591545655395,126.0,True,True
Q23-023,leg1-cruise,3623.8702785720184,R3-004,111.68588851135128,116.0,True,115.84591545655395,126.0,True,True
Q23-023,leg1-descent,3623.8702785720184,R3-004,111.68588851135128,116.0,True,115.84591545655395,126.0,True,True
Q23-023,leg1-descent,3632.3710562616343,R3-004,111.6878503700066,116.0,True,115.84591545655395,126.0,True,True
Q23-023,leg1-descent,3640.87183395125,R3-004,111.68998361865262,116.0,True,115.84591545655395,126.0,True,True
Q23-023,leg1-descent,3649.372611640866,R3-004,111.69228800440638,116.0,True,115.84591545655395,126.0,True,True
Q23-023,leg1-descent,3657.873389330482,R3-004,111.69476325442338,116.0,True,115.84591545655395,126.0,True,True
Q23-023,leg1-descent,3666.374167020098,R3-004,111.69740907600473,116.0,True,115.84591545655395,126.0,True,True
Q23-023,leg1-descent,3674.874944709714,R3-004,111.70022515671185,116.0,True,115.84591545655395,126.0,True,True
Q23-023,S008-handoff,3674.874944709714,R3-004,111.70022515671185,116.0,True,115.84591545655395,126.0,True,True
Q23-023,S008-handoff,3684.8059791924725,R3-004,111.70022515671185,116.0,True,115.84591545655395,126.0,True,True
Q23-023,S008-handoff,3694.737013675231,R3-004,111.70022515671185,116.0,True,115.84591545655395,126.0,True,True
Q23-023,S008-handoff,3704.6680481579897,R3-004,111.70022515671185,116.0,True,115.84591545655395,126.0,True,True
Q23-023,S008-handoff,3714.5990826407483,R3-004,111.70022515671185,116.0,True,115.84591545655395,126.0,True,True
Q23-023,S008-handoff,3724.530117123507,R3-004,111.70022515671185,116.0,True,115.84591545655395,126.0,True,True
Q23-023,S008-handoff,3734.4611516062655,R3-004,111.70022515671185,116.0,True,115.84591545655395,126.0,True,True
Q23-023,S008-handoff,3744.392186089024,R3-004,111.70022515671185,116.0,True,115.84591545655395,126.0,True,True
Q23-023,S008-handoff,3754.3232205717827,R3-004,111.70022515671185,116.0,True,115.84591545655395,126.0,True,True
Q23-023,S008-handoff,3764.2542550545413,R3-004,111.70022515671185,116.0,True,115.84591545655395,126.0,True,True
Q23-023,S008-handoff,3774.1852895373,R3-004,111.70022515671185,116.0,True,115.84591545655395,126.0,True,True
Q23-023,S008-handoff,3784.1163240200585,R3-004,111.70022515671185,116.0,True,115.84591545655395,126.0,True,True
Q23-023,S008-handoff,3794.047358502817,R3-004,111.70022515671185,116.0,True,115.84591545655395,126.0,True,True
Q23-023,S008-handoff,3803.9783929855757,R3-004,111.70022515671185,116.0,True,115.84591545655395,126.0,True,True
Q23-023,S008-handoff,3813.909427468335,R3-004,111.70022515671185,116.0,True,115.84591545655395,126.0,True,True
Q23-023,S008-handoff,3823.840461951093,R3-004,111.70022515671185,116.0,True,115.84591545655395,126.0,True,True
Q23-023,S008-handoff,3833.771496433852,R3-004,111.70022515671185,116.0,True,115.84591545655395,126.0,True,True
Q23-023,S008-handoff,3843.7025309166106,R3-004,111.70022515671185,116.0,True,115.84591545655395,126.0,True,True
Q23-023,S008-handoff,3853.633565399369,R3-004,111.70022515671185,116.0,True,115.84591545655395,126.0,True,True
Q23-023,S008-handoff,3863.564599882128,R3-004,111.70022515671185,116.0,True,115.84591545655395,126.0,True,True
Q23-023,S008-handoff,3873.4956343648864,R3-004,111.70022515671185,116.0,True,115.84591545655395,126.0,True,True
Q23-023,S008-handoff,3883.426668847645,R3-004,111.70022515671185,116.0,True,115.84591545655395,126.0,True,True
Q23-023,S008-handoff,3893.3577033304036,R3-004,111.70022515671185,116.0,True,115.84591545655395,126.0,True,True
Q23-023,S008-handoff,3903.2887378131622,R3-004,111.70022515671185,116.0,True,115.84591545655395,126.0,True,True
Q23-023,S008-handoff,3913.219772295921,R3-004,111.70022515671185,116.0,True,115.84591545655395,126.0,True,True
Q23-023,S008-handoff,3923.1508067786795,R3-004,111.70022515671185,116.0,True,115.84591545655395,126.0,True,True
Q23-023,S008-handoff,3933.081841261438,R3-004,111.70022515671185,116.0,True,115.84591545655395,126.0,True,True
Q23-023,S008-handoff,3943.0128757441967,R3-004,111.70022515671185,116.0,True,115.84591545655395,126.0,True,True
Q23-023,S008-handoff,3952.9439102269553,R3-004,111.70022515671185,116.0,True,115.84591545655395,126.0,True,True
Q23-023,S008-handoff,3962.874944709714,R3-004,111.70022515671185,116.0,True,115.84591545655395,126.0,True,True
Q23-023,leg2-climb,3962.874944709714,R3-004,111.70022515671185,116.0,True,115.84591545655395,126.0,True,True
Q23-023,leg2-climb,3971.035691291745,R3-004,111.69686628067707,116.0,True,115.84591545655395,126.0,True,True
Q23-023,leg2-climb,3979.196437873776,R3-004,111.69375266899428,116.0,True,115.84591545655395,126.0,True,True
Q23-023,leg2-climb,3987.357184455808,R3-004,111.69088485133446,116.0,True,115.84591545655395,126.0,True,True
Q23-023,leg2-climb,3995.517931037839,R3-004,111.68826331634054,116.0,True,115.84591545655395,126.0,True,True
Q23-023,leg2-climb,4003.67867761987,R3-004,111.68588851135128,116.0,True,115.84591545655395,126.0,True,True
Q23-023,leg2-cruise,4003.67867761987,R3-004,111.68588851135128,116.0,True,115.84591545655395,126.0,True,True
Q23-023,leg2-cruise,4013.5083420864494,R3-004,111.45587155918655,116.0,True,115.84591545655395,126.0,True,True
Q23-023,leg2-cruise,4023.3380065530287,R3-004,111.22742274829044,116.0,True,115.84591545655395,126.0,True,True
Q23-023,leg2-cruise,4033.167671019608,R3-004,111.00149401113934,116.0,True,115.84591545655395,126.0,True,True
Q23-023,leg2-cruise,4042.9973354861872,R3-004,110.77917165277582,116.0,True,115.84591545655395,126.0,True,True
Q23-023,leg2-cruise,4052.8269999527665,R3-004,110.5616827151674,116.0,True,115.84591545655395,126.0,True,True
Q23-023,leg2-cruise,4062.656664419346,R3-004,110.35039762654132,116.0,True,115.84591545655395,126.0,True,True
Q23-023,leg2-cruise,4072.486328885925,R3-004,110.14682764951078,116.0,True,115.84591545655395,126.0,True,True
Q23-023,leg2-cruise,4082.3159933525044,R3-004,109.95261549442475,116.0,True,115.84591545655395,126.0,True,True
Q23-023,leg2-cruise,4092.1456578190837,R3-004,109.76951745338916,116.0,True,115.84591545655395,126.0,True,True
Q23-023,leg2-cruise,4101.975322285663,R3-004,109.59937561241273,116.0,True,115.84591545655395,126.0,True,True
Q23-023,leg2-cruise,4111.804986752242,R3-004,109.4440791883316,116.0,True,115.84591545655395,126.0,True,True
Q23-023,leg2-cruise,4121.634651218822,R3-004,109.30551486592236,116.0,True,115.84591545655395,126.0,True,True
Q23-023,leg2-cruise,4131.464315685401,R3-004,109.18550717823966,116.0,True,115.84591545655395,126.0,True,True
Q23-023,leg2-cruise,4141.293980151981,R3-004,109.08575139827163,116.0,True,115.84591545655395,126.0,True,True
Q23-023,leg2-cruise,4151.123644618559,R3-004,109.00774290984037,116.0,True,115.84591545655395,126.0,True,True
Q23-023,leg2-cruise,4160.953309085139,R3-004,108.95270832585867,116.0,True,115.84591545655395,126.0,True,True
Q23-023,leg2-cruise,4170.782973551718,R3-004,108.92154440261957,116.0,True,115.84591545655395,126.0,True,True
Q23-023,leg2-cruise,4180.612638018298,R3-004,108.91477077553617,116.0,True,115.84591545655395,126.0,True,True
Q23-023,leg2-cruise,4190.442302484877,R3-004,108.93250156669767,116.0,True,115.84591545655395,126.0,True,True
Q23-023,leg2-cruise,4200.271966951456,R3-004,108.97443905071944,116.0,True,115.84591545655395,126.0,True,True
Q23-023,leg2-cruise,4210.101631418035,R3-004,109.03989010494848,116.0,True,115.84591545655395,126.0,True,True
Q23-023,leg2-cruise,4219.931295884615,R3-004,109.1278035698522,116.0,True,115.84591545655395,126.0,True,True
Q23-023,leg2-cruise,4229.760960351194,R3-004,109.23682440300024,116.0,True,115.84591545655395,126.0,True,True
Q23-023,leg2-cruise,4239.5906248177735,R3-004,109.3653590208002,116.0,True,115.84591545655395,126.0,True,True
Q23-023,leg2-cruise,4249.420289284352,R3-004,109.51164567913094,116.0,True,115.84591545655395,126.0,True,True
Q23-023,leg2-cruise,4259.249953750932,R3-004,109.67382410906282,116.0,True,115.84591545655395,126.0,True,True
Q23-024,leg1-cruise,8915.020115652058,R3-007,110.35437946399801,116.0,True,125.82956499723797,126.0,True,True
Q23-024,leg1-cruise,8924.950452115521,R3-007,109.70346523719701,116.0,True,125.82956499723797,126.0,True,True
Q23-024,leg1-cruise,8934.880788578987,R3-007,99.1798371879324,116.0,True,125.82956499723797,126.0,True,True
Q23-024,leg1-cruise,8944.81112504245,R3-007,98.84657265656517,116.0,True,125.82956499723797,126.0,True,True
Q23-024,leg1-cruise,8954.741461505913,R3-007,98.75370538639558,116.0,True,125.82956499723797,126.0,True,True
Q23-024,leg1-cruise,8964.671797969377,R3-007,98.91674328014925,116.0,True,125.82956499723797,126.0,True,True
Q23-024,leg1-cruise,8974.60213443284,R3-007,99.30892971013473,116.0,True,125.82956499723797,126.0,True,True
Q23-024,leg1-cruise,8984.532470896303,R3-007,99.87428204386053,116.0,True,125.82956499723797,126.0,True,True
Q23-024,leg1-cruise,8994.462807359767,R3-007,100.54987387646267,116.0,True,125.82956499723797,126.0,True,True
Q23-024,leg1-cruise,9004.39314382323,R3-007,101.28212271931255,116.0,True,125.82956499723797,126.0,True,True
Q23-024,leg1-cruise,9014.323480286694,R3-007,102.03249995108939,116.0,True,125.82956499723797,126.0,True,True
Q23-024,leg1-cruise,9024.253816750159,R3-007,102.77633900182826,116.0,True,125.82956499723797,126.0,True,True
Q23-024,leg1-cruise,9034.184153213622,R3-007,103.4992807429313,116.0,True,125.82956499723797,126.0,True,True
Q23-024,leg1-cruise,9044.114489677086,R3-007,104.19381720935543,116.0,True,125.82956499723797,126.0,True,True
Q23-024,leg1-cruise,9054.044826140549,R3-007,104.85669591586647,116.0,True,125.82956499723797,126.0,True,True
Q23-024,leg1-cruise,9063.975162604012,R3-007,105.4871811438669,116.0,True,125.82956499723797,126.0,True,True
Q23-024,leg1-descent,9063.975162604012,R3-007,105.4871811438669,116.0,True,125.82956499723797,126.0,True,True
Q23-024,leg1-descent,9073.416227396221,R3-007,105.48338121201832,116.0,True,125.82956499723797,126.0,True,True
Q23-024,leg1-descent,9082.857292188432,R3-007,105.48046579621051,116.0,True,125.82956499723797,126.0,True,True
Q23-024,leg1-descent,9092.29835698064,R3-007,105.47843668069635,116.0,True,125.82956499723797,126.0,True,True
Q23-024,leg1-descent,9101.739421772849,R3-007,105.47729510895763,116.0,True,125.82956499723797,126.0,True,True
Q23-024,leg1-descent,9111.18048656506,R3-007,105.47704178116793,116.0,True,125.82956499723797,126.0,True,True
Q23-024,leg1-descent,9120.621551357268,R3-007,105.47767685276196,116.0,True,125.82956499723797,126.0,True,True
Q23-024,leg1-descent,9130.062616149477,R3-007,115.47919993411782,116.0,True,125.82956499723797,126.0,True,True
Q23-024,leg1-descent,9139.503680941687,R3-007,115.48161009135342,116.0,True,125.82956499723797,126.0,True,True
Q23-024,leg1-descent,9148.944745733896,R3-007,115.48490584823361,116.0,True,125.82956499723797,126.0,True,True
Q23-024,S004-handoff,9148.944745733896,R3-007,115.48490584823361,116.0,True,125.82956499723797,126.0,True,True
Q23-024,S004-handoff,9158.762927552078,R3-007,115.48490584823361,116.0,True,125.82956499723797,126.0,True,True
Q23-024,S004-handoff,9168.58110937026,R3-007,115.48490584823361,116.0,True,125.82956499723797,126.0,True,True
Q23-024,S004-handoff,9178.399291188442,R3-007,115.48490584823361,116.0,True,125.82956499723797,126.0,True,True
Q23-024,S004-handoff,9188.217473006624,R3-007,115.48490584823361,116.0,True,125.82956499723797,126.0,True,True
Q23-024,S004-handoff,9198.035654824806,R3-007,115.48490584823361,116.0,True,125.82956499723797,126.0,True,True
Q23-024,S004-handoff,9207.853836642986,R3-007,115.48490584823361,116.0,True,125.82956499723797,126.0,True,True
Q23-024,S004-handoff,9217.672018461168,R3-007,115.48490584823361,116.0,True,125.82956499723797,126.0,True,True
Q23-024,S004-handoff,9227.49020027935,R3-007,115.48490584823361,116.0,True,125.82956499723797,126.0,True,True
Q23-024,S004-handoff,9237.308382097532,R3-007,115.48490584823361,116.0,True,125.82956499723797,126.0,True,True
Q23-024,S004-handoff,9247.126563915714,R3-007,115.48490584823361,116.0,True,125.82956499723797,126.0,True,True
Q23-024,S004-handoff,9256.944745733896,R3-007,115.48490584823361,116.0,True,125.82956499723797,126.0,True,True
Q23-024,S004-handoff,9266.762927552078,R3-007,115.48490584823361,116.0,True,125.82956499723797,126.0,True,True
Q23-024,S004-handoff,9276.58110937026,R3-007,115.48490584823361,116.0,True,125.82956499723797,126.0,True,True
Q23-024,S004-handoff,9286.399291188442,R3-007,115.48490584823361,116.0,True,125.82956499723797,126.0,True,True
Q23-024,S004-handoff,9296.217473006624,R3-007,115.48490584823361,116.0,True,125.82956499723797,126.0,True,True
Q23-024,S004-handoff,9306.035654824806,R3-007,115.48490584823361,116.0,True,125.82956499723797,126.0,True,True
Q23-024,S004-handoff,9315.853836642986,R3-007,115.48490584823361,116.0,True,125.82956499723797,126.0,True,True
Q23-024,S004-handoff,9325.672018461168,R3-007,115.48490584823361,116.0,True,125.82956499723797,126.0,True,True
Q23-024,S004-handoff,9335.49020027935,R3-007,115.48490584823361,116.0,True,125.82956499723797,126.0,True,True
Q23-024,S004-handoff,9345.308382097532,R3-007,115.48490584823361,116.0,True,125.82956499723797,126.0,True,True
Q23-024,S004-handoff,9355.126563915714,R3-007,115.48490584823361,116.0,True,125.82956499723797,126.0,True,True
Q23-024,S004-handoff,9364.944745733896,R3-007,115.48490584823361,116.0,True,125.82956499723797,126.0,True,True
Q23-024,S004-handoff,9374.762927552078,R3-007,115.48490584823361,116.0,True,125.82956499723797,126.0,True,True
Q23-024,S004-handoff,9384.58110937026,R3-007,115.48490584823361,116.0,True,125.82956499723797,126.0,True,True
Q23-024,S004-handoff,9394.399291188442,R3-007,115.48490584823361,116.0,True,125.82956499723797,126.0,True,True
Q23-024,S004-handoff,9404.217473006624,R3-007,115.48490584823361,116.0,True,125.82956499723797,126.0,True,True
Q23-024,S004-handoff,9414.035654824806,R3-007,115.48490584823361,116.0,True,125.82956499723797,126.0,True,True
Q23-024,S004-handoff,9423.853836642986,R3-007,115.48490584823361,116.0,True,125.82956499723797,126.0,True,True
Q23-024,S004-handoff,9433.672018461168,R3-007,115.48490584823361,116.0,True,125.82956499723797,126.0,True,True
Q23-024,S004-handoff,9443.49020027935,R3-007,115.48490584823361,116.0,True,125.82956499723797,126.0,True,True
Q23-024,S004-handoff,9453.308382097532,R3-007,115.48490584823361,116.0,True,125.82956499723797,126.0,True,True
Q23-024,S004-handoff,9463.126563915714,R3-007,115.48490584823361,116.0,True,125.82956499723797,126.0,True,True
Q23-024,S004-handoff,9472.944745733896,R3-007,115.48490584823361,116.0,True,125.82956499723797,126.0,True,True
Q23-024,leg2-climb,9472.944745733896,R3-007,115.48490584823361,116.0,True,125.82956499723797,126.0,True,True
Q23-024,leg2-climb,9482.655555234454,R3-007,115.48083103299281,116.0,True,125.82956499723797,126.0,True,True
Q23-024,leg2-climb,9492.366364735011,R3-007,115.47822090802754,116.0,True,125.82956499723797,126.0,True,True
Q23-024,leg2-climb,9502.07717423557,R3-007,105.47707811706866,116.0,True,125.82956499723797,126.0,True,True
Q23-024,leg2-climb,9511.787983736127,R3-007,105.47740381878788,116.0,True,125.82956499723797,126.0,True,True
Q23-024,leg2-climb,9521.498793236686,R3-007,105.47919768288492,116.0,True,125.82956499723797,126.0,True,True
Q23-024,leg2-climb,9531.209602737243,R3-007,105.48245789120332,116.0,True,125.82956499723797,126.0,True,True
Q23-024,leg2-climb,9540.920412237801,R3-007,105.4871811438669,116.0,True,125.82956499723797,126.0,True,True
Q23-024,leg2-cruise,9540.920412237801,R3-007,105.4871811438669,116.0,True,125.82956499723797,126.0,True,True
Q23-024,leg2-cruise,9550.850748701265,R3-007,104.85669591586647,116.0,True,125.82956499723797,126.0,True,True
Q23-024,leg2-cruise,9560.781085164728,R3-007,104.19381720935543,116.0,True,125.82956499723797,126.0,True,True
Q23-024,leg2-cruise,9570.711421628192,R3-007,103.4992807429313,116.0,True,125.82956499723797,126.0,True,True
Q23-024,leg2-cruise,9580.641758091655,R3-007,102.77633900182826,116.0,True,125.82956499723797,126.0,True,True
Q23-024,leg2-cruise,9590.572094555118,R3-007,102.03249995108939,116.0,True,125.82956499723797,126.0,True,True
Q23-024,leg2-cruise,9600.502431018584,R3-007,101.28212271931255,116.0,True,125.82956499723797,126.0,True,True
Q23-024,leg2-cruise,9610.432767482047,R3-007,100.54987387646267,116.0,True,125.82956499723797,126.0,True,True
Q23-024,leg2-cruise,9620.36310394551,R3-007,99.87428204386053,116.0,True,125.82956499723797,126.0,True,True
Q23-024,leg2-cruise,9630.293440408974,R3-007,99.30892971013473,116.0,True,125.82956499723797,126.0,True,True
Q23-024,leg2-cruise,9640.223776872437,R3-007,98.91674328014925,116.0,True,125.82956499723797,126.0,True,True
Q23-024,leg2-cruise,9650.1541133359,R3-007,98.75370538639558,116.0,True,125.82956499723797,126.0,True,True
Q23-024,leg2-cruise,9660.084449799364,R3-007,98.84657265656517,116.0,True,125.82956499723797,126.0,True,True
Q23-024,leg2-cruise,9670.014786262827,R3-007,99.1798371879324,116.0,True,125.82956499723797,126.0,True,True
Q23-024,leg2-cruise,9679.94512272629,R3-007,109.70346523719701,116.0,True,125.82956499723797,126.0,True,True
Q23-024,leg2-cruise,9689.875459189754,R3-007,110.35437946399801,116.0,True,125.82956499723797,126.0,True,True
Q23-025,leg1-cruise,8026.0370291910995,R3-006,100.25551532546211,116.0,True,109.67467264471811,126.0,True,True
Q23-025,leg1-cruise,8035.916043572548,R3-006,101.30705257307626,116.0,True,109.67467264471811,126.0,True,True
Q23-025,leg1-cruise,8045.795057953997,R3-006,102.26903080558849,116.0,True,109.67467264471811,126.0,True,True
Q23-025,leg1-cruise,8055.674072335445,R3-006,103.150595887165,116.0,True,109.67467264471811,126.0,True,True
Q23-025,leg1-cruise,8065.553086716894,R3-006,103.96132261341664,116.0,True,109.67467264471811,126.0,True,True
Q23-025,leg1-cruise,8075.432101098342,R3-006,104.71002824493257,116.0,True,109.67467264471811,126.0,True,True
Q23-025,leg1-cruise,8085.311115479791,R3-006,105.40443601932765,116.0,True,109.67467264471811,126.0,True,True
Q23-025,leg1-cruise,8095.190129861239,R3-006,106.05117037997866,116.0,True,109.67467264471811,126.0,True,True
Q23-025,leg1-cruise,8105.069144242688,R3-006,106.65586858358537,116.0,True,109.67467264471811,126.0,True,True
Q23-025,leg1-cruise,8114.948158624136,R3-006,107.22332101784818,116.0,True,109.67467264471811,126.0,True,True
Q23-025,leg1-cruise,8124.827173005585,R3-006,107.75760634593024,116.0,True,109.67467264471811,126.0,True,True
Q23-025,leg1-cruise,8134.706187387033,R3-006,108.26221012336411,116.0,True,109.67467264471811,126.0,True,True
Q23-025,leg1-cruise,8144.585201768482,R3-006,108.74012473331948,116.0,True,109.67467264471811,126.0,True,True
Q23-025,leg1-cruise,8154.4642161499305,R3-006,109.19393198783371,116.0,True,109.67467264471811,126.0,True,True
Q23-025,leg1-cruise,8164.343230531379,R3-006,109.62587083186047,116.0,True,109.67467264471811,126.0,True,True
Q23-025,leg1-cruise,8174.222244912828,R3-006,110.03789269350027,116.0,True,109.67467264471811,126.0,True,True
Q23-025,leg1-cruise,8184.101259294276,R3-006,110.43170676589665,116.0,True,109.67467264471811,126.0,True,True
Q23-025,leg1-cruise,8193.980273675725,R3-006,110.8088171487795,116.0,True,109.67467264471811,126.0,True,True
Q23-025,leg1-cruise,8203.859288057174,R3-006,111.17055342634043,116.0,True,109.67467264471811,126.0,True,True
Q23-025,leg1-cruise,8213.738302438622,R3-006,111.51809595075673,116.0,True,109.67467264471811,126.0,True,True
Q23-025,leg1-cruise,8223.617316820071,R3-006,111.85249684594183,116.0,True,109.67467264471811,126.0,True,True
Q23-025,leg1-cruise,8233.496331201519,R3-006,112.17469753995992,116.0,True,109.67467264471811,126.0,True,True
Q23-025,leg1-cruise,8243.375345582968,R3-006,112.48554347071969,116.0,True,109.67467264471811,126.0,True,True
Q23-025,leg1-cruise,8253.254359964416,R3-006,112.78579647958522,116.0,True,109.67467264471811,126.0,True,True
Q23-025,leg1-descent,8253.254359964416,R3-006,112.78579647958522,116.0,True,109.67467264471811,126.0,True,True
Q23-025,leg1-descent,8262.558699055398,R3-006,112.78576704060494,116.0,True,109.67467264471811,126.0,True,True
Q23-025,leg1-descent,8271.863038146383,R3-006,112.78589795773838,116.0,True,109.67467264471811,126.0,True,True
Q23-025,leg1-descent,8281.167377237365,R3-006,112.78618921648467,116.0,True,109.67467264471811,126.0,True,True
Q23-025,leg1-descent,8290.471716328348,R3-006,112.7866407845865,116.0,True,109.67467264471811,126.0,True,True
Q23-025,leg1-descent,8299.776055419332,R3-006,112.78725261204204,116.0,True,109.67467264471811,126.0,True,True
Q23-025,leg1-descent,8309.080394510314,R3-006,112.78802463112345,116.0,True,109.67467264471811,126.0,True,True
Q23-025,leg1-descent,8318.384733601297,R3-006,112.78895675640179,116.0,True,109.67467264471811,126.0,True,True
Q23-025,leg1-descent,8327.689072692281,R3-006,112.79004888477854,116.0,True,109.67467264471811,126.0,True,True
Q23-025,leg1-descent,8336.993411783264,R3-006,112.79130089552359,116.0,True,109.67467264471811,126.0,True,True
Q23-025,leg1-descent,8346.297750874246,R3-006,112.79271265031963,116.0,True,109.67467264471811,126.0,True,True
Q23-025,leg1-descent,8355.60208996523,R3-006,112.79428399331307,116.0,True,109.67467264471811,126.0,True,True
Q23-025,leg1-descent,8364.906429056213,R3-006,112.79601475117121,116.0,True,109.67467264471811,126.0,True,True
Q23-025,S003-handoff,8364.906429056213,R3-006,112.79601475117121,116.0,True,109.67467264471811,126.0,True,True
Q23-025,S003-handoff,8374.806429056212,R3-006,112.79601475117121,116.0,True,109.67467264471811,126.0,True,True
Q23-025,S003-handoff,8384.706429056212,R3-006,112.79601475117121,116.0,True,109.67467264471811,126.0,True,True
Q23-025,S003-handoff,8394.606429056214,R3-006,112.79601475117121,116.0,True,109.67467264471811,126.0,True,True
Q23-025,S003-handoff,8404.506429056213,R3-006,112.79601475117121,116.0,True,109.67467264471811,126.0,True,True
Q23-025,S003-handoff,8414.406429056213,R3-006,112.79601475117121,116.0,True,109.67467264471811,126.0,True,True
Q23-025,S003-handoff,8424.306429056212,R3-006,112.79601475117121,116.0,True,109.67467264471811,126.0,True,True
Q23-025,S003-handoff,8434.206429056212,R3-006,112.79601475117121,116.0,True,109.67467264471811,126.0,True,True
Q23-025,S003-handoff,8444.106429056214,R3-006,112.79601475117121,116.0,True,109.67467264471811,126.0,True,True
Q23-025,S003-handoff,8454.006429056213,R3-006,112.79601475117121,116.0,True,109.67467264471811,126.0,True,True
Q23-025,S003-handoff,8463.906429056213,R3-006,112.79601475117121,116.0,True,109.67467264471811,126.0,True,True
Q23-025,S003-handoff,8473.806429056212,R3-006,112.79601475117121,116.0,True,109.67467264471811,126.0,True,True
Q23-025,S003-handoff,8483.706429056212,R3-006,112.79601475117121,116.0,True,109.67467264471811,126.0,True,True
Q23-025,S003-handoff,8493.606429056214,R3-006,112.79601475117121,116.0,True,109.67467264471811,126.0,True,True
Q23-025,S003-handoff,8503.506429056213,R3-006,112.79601475117121,116.0,True,109.67467264471811,126.0,True,True
Q23-025,S003-handoff,8513.406429056213,R3-006,112.79601475117121,116.0,True,109.67467264471811,126.0,True,True
Q23-025,S003-handoff,8523.306429056212,R3-006,112.79601475117121,116.0,True,109.67467264471811,126.0,True,True
Q23-025,S003-handoff,8533.206429056212,R3-006,112.79601475117121,116.0,True,109.67467264471811,126.0,True,True
Q23-025,S003-handoff,8543.106429056214,R3-006,112.79601475117121,116.0,True,109.67467264471811,126.0,True,True
Q23-025,S003-handoff,8553.006429056213,R3-006,112.79601475117121,116.0,True,109.67467264471811,126.0,True,True
Q23-025,S003-handoff,8562.906429056213,R3-006,112.79601475117121,116.0,True,109.67467264471811,126.0,True,True
Q23-025,S003-handoff,8572.806429056212,R3-006,112.79601475117121,116.0,True,109.67467264471811,126.0,True,True
Q23-025,S003-handoff,8582.706429056212,R3-006,112.79601475117121,116.0,True,109.67467264471811,126.0,True,True
Q23-025,S003-handoff,8592.606429056214,R3-006,112.79601475117121,116.0,True,109.67467264471811,126.0,True,True
Q23-025,S003-handoff,8602.506429056213,R3-006,112.79601475117121,116.0,True,109.67467264471811,126.0,True,True
Q23-025,S003-handoff,8612.406429056213,R3-006,112.79601475117121,116.0,True,109.67467264471811,126.0,True,True
Q23-025,S003-handoff,8622.306429056212,R3-006,112.79601475117121,116.0,True,109.67467264471811,126.0,True,True
Q23-025,S003-handoff,8632.206429056212,R3-006,112.79601475117121,116.0,True,109.67467264471811,126.0,True,True
Q23-025,S003-handoff,8642.106429056214,R3-006,112.79601475117121,116.0,True,109.67467264471811,126.0,True,True
Q23-025,S003-handoff,8652.006429056213,R3-006,112.79601475117121,116.0,True,109.67467264471811,126.0,True,True
Q23-025,S003-handoff,8661.906429056213,R3-006,112.79601475117121,116.0,True,109.67467264471811,126.0,True,True
Q23-025,S003-handoff,8671.806429056212,R3-006,112.79601475117121,116.0,True,109.67467264471811,126.0,True,True
Q23-025,S003-handoff,8681.706429056212,R3-006,112.79601475117121,116.0,True,109.67467264471811,126.0,True,True
Q23-025,S003-handoff,8691.606429056214,R3-006,112.79601475117121,116.0,True,109.67467264471811,126.0,True,True
Q23-025,S003-handoff,8701.506429056213,R3-006,112.79601475117121,116.0,True,109.67467264471811,126.0,True,True
Q23-025,S003-handoff,8711.406429056213,R3-006,112.79601475117121,116.0,True,109.67467264471811,126.0,True,True
Q23-025,S003-handoff,8721.306429056212,R3-006,112.79601475117121,116.0,True,109.67467264471811,126.0,True,True
Q23-025,S003-handoff,8731.206429056212,R3-006,112.79601475117121,116.0,True,109.67467264471811,126.0,True,True
Q23-025,S003-handoff,8741.106429056214,R3-006,112.79601475117121,116.0,True,109.67467264471811,126.0,True,True
Q23-025,S003-handoff,8751.006429056213,R3-006,112.79601475117121,116.0,True,109.67467264471811,126.0,True,True
Q23-025,S003-handoff,8760.906429056213,R3-006,112.79601475117121,116.0,True,109.67467264471811,126.0,True,True
Q23-025,leg2-climb,8760.906429056213,R3-006,112.79601475117121,116.0,True,109.67467264471811,126.0,True,True
Q23-025,leg2-climb,8770.831057419928,R3-006,112.79374249063389,116.0,True,109.67467264471811,126.0,True,True
Q23-025,leg2-climb,8780.755685783643,R3-006,112.79175373845277,116.0,True,109.67467264471811,126.0,True,True
Q23-025,leg2-climb,8790.68031414736,R3-006,112.79004888477854,116.0,True,109.67467264471811,126.0,True,True
Q23-025,leg2-climb,8800.604942511074,R3-006,112.78862826439916,116.0,True,109.67467264471811,126.0,True,True
Q23-025,leg2-climb,8810.529570874789,R3-006,112.78749215652107,116.0,True,109.67467264471811,126.0,True,True
Q23-025,leg2-climb,8820.454199238504,R3-006,112.7866407845865,116.0,True,109.67467264471811,126.0,True,True
Q23-025,leg2-climb,8830.37882760222,R3-006,112.78607431612708,116.0,True,109.67467264471811,126.0,True,True
Q23-025,leg2-climb,8840.303455965935,R3-006,112.78579286265409,116.0,True,109.67467264471811,126.0,True,True
Q23-025,leg2-climb,8850.22808432965,R3-006,112.78579647958522,116.0,True,109.67467264471811,126.0,True,True
Q23-025,leg2-cruise,8850.22808432965,R3-006,112.78579647958522,116.0,True,109.67467264471811,126.0,True,True
Q23-025,leg2-cruise,8860.107098711098,R3-006,112.48554347071969,116.0,True,109.67467264471811,126.0,True,True
Q23-025,leg2-cruise,8869.986113092547,R3-006,112.17469753995992,116.0,True,109.67467264471811,126.0,True,True
Q23-025,leg2-cruise,8879.865127473995,R3-006,111.85249684594183,116.0,True,109.67467264471811,126.0,True,True
Q23-025,leg2-cruise,8889.744141855444,R3-006,111.51809595075673,116.0,True,109.67467264471811,126.0,True,True
Q23-025,leg2-cruise,8899.623156236892,R3-006,111.17055342634043,116.0,True,109.67467264471811,126.0,True,True
Q23-025,leg2-cruise,8909.502170618342,R3-006,110.8088171487795,116.0,True,109.67467264471811,126.0,True,True
Q23-025,leg2-cruise,8919.38118499979,R3-006,110.43170676589665,116.0,True,109.67467264471811,126.0,True,True
Q23-025,leg2-cruise,8929.260199381239,R3-006,110.03789269350027,116.0,True,109.67467264471811,126.0,True,True
Q23-025,leg2-cruise,8939.139213762686,R3-006,109.62587083186047,116.0,True,109.67467264471811,126.0,True,True
Q23-025,leg2-cruise,8949.018228144136,R3-006,109.19393198783371,116.0,True,109.67467264471811,126.0,True,True
Q23-025,leg2-cruise,8958.897242525583,R3-006,108.74012473332019,116.0,True,109.67467264471811,126.0,True,True
Q23-025,leg2-cruise,8968.776256907033,R3-006,108.26221012336411,116.0,True,109.67467264471811,126.0,True,True
Q23-025,leg2-cruise,8978.65527128848,R3-006,107.75760634593024,116.0,True,109.67467264471811,126.0,True,True
Q23-025,leg2-cruise,8988.53428566993,R3-006,107.22332101784818,116.0,True,109.67467264471811,126.0,True,True
Q23-025,leg2-cruise,8998.413300051378,R3-006,106.65586858358537,116.0,True,109.67467264471811,126.0,True,True
Q23-025,leg2-cruise,9008.292314432827,R3-006,106.05117037997866,116.0,True,109.67467264471811,126.0,True,True
Q23-025,leg2-cruise,9018.171328814275,R3-006,105.40443601932765,116.0,True,109.67467264471811,126.0,True,True
Q23-025,leg2-cruise,9028.050343195724,R3-006,104.71002824493257,116.0,True,109.67467264471811,126.0,True,True
Q23-025,leg2-cruise,9037.929357577172,R3-006,103.96132261341664,116.0,True,109.67467264471811,126.0,True,True
Q23-025,leg2-cruise,9047.808371958621,R3-006,103.150595887165,116.0,True,109.67467264471811,126.0,True,True
Q23-025,leg2-cruise,9057.687386340069,R3-006,102.26903080558849,116.0,True,109.67467264471811,126.0,True,True
Q23-025,leg2-cruise,9067.566400721518,R3-006,101.30705257307626,116.0,True,109.67467264471811,126.0,True,True
Q23-025,leg2-cruise,9077.445415102966,R3-006,100.25551532546211,116.0,True,109.67467264471811,126.0,True,True
