运输架次编号,通信阶段,开始时刻（s）,结束时刻（s）,保障方式,中继架次编号,直连路径损耗（dB）,直连门限（dB）
Q23-016,leg1-climb,330.0,385.8872517903646,直连,,66.86922826520828,122.0
Q23-004,leg1-climb,360.0,380.1393615722656,直连,,60.23392494929279,122.0
Q23-017,leg1-climb,360.0,383.80008290608725,直连,,63.97228668276127,122.0
Q23-004,leg1-climb,380.1393615722656,400.2787231445313,直连,,77.03365564741469,122.0
Q23-017,leg1-climb,383.80008290608725,407.6001658121745,直连,,78.85462513877252,122.0
Q23-016,leg1-cruise,385.8872517903646,393.2235844079469,直连,,83.80932947714741,122.0
Q23-001,leg1-climb,390.0,414.2261016845703,直连,,64.31881537331904,122.0
Q23-021,leg1-climb,390.0,415.6613779703776,直连,,65.39393397923973,122.0
Q23-016,leg1-cruise,393.2235844079469,400.5599170255292,直连,,85.9918103904865,122.0
Q23-004,leg1-climb,400.2787231445313,420.4180847167969,直连,,82.40264797547299,122.0
Q23-016,leg1-cruise,400.5599170255292,407.89624964311156,直连,,88.52036194838145,122.0
Q23-017,leg1-climb,407.6001658121745,431.4002487182617,直连,,84.0548442399942,122.0
Q23-016,leg1-cruise,407.89624964311156,415.23258226069385,直连,,90.72671002699629,122.0
Q23-001,leg1-climb,414.2261016845703,438.45220336914065,直连,,79.04372855980824,122.0
Q23-016,leg1-cruise,415.23258226069385,422.56891487827613,直连,,92.57672691515728,122.0
Q23-021,leg1-climb,415.6613779703776,441.3227559407552,直连,,79.65212742394806,122.0
Q23-003,leg1-climb,420.0,449.0713220214844,直连,,64.31881537331904,122.0
Q23-004,leg1-cruise,420.4180847167969,427.6996305092681,直连,,84.51210541441777,122.0
Q23-016,leg1-cruise,422.56891487827613,429.9052474958585,直连,,94.14097494227529,122.0
Q23-004,leg1-cruise,427.6996305092681,434.9811763017393,直连,,86.40733625985912,122.0
Q23-016,leg1-cruise,429.9052474958585,437.2415801134408,直连,,95.48574184333452,122.0
Q23-017,leg1-climb,431.4002487182617,455.20033162434896,直连,,87.28503714858458,122.0
Q23-004,leg1-cruise,434.9811763017393,442.2627220942105,直连,,88.73036326388143,122.0
Q23-016,leg1-cruise,437.2415801134408,444.57791273102316,直连,,96.66068710473903,122.0
Q23-001,leg1-cruise,438.45220336914065,445.5434332911057,直连,,82.49070993893825,122.0
Q23-021,leg1-climb,441.3227559407552,466.9841339111328,直连,,84.78800933048046,122.0
Q23-004,leg1-cruise,442.2627220942105,449.54426788668167,直连,,90.82927733035537,122.0
Q23-016,leg1-cruise,444.57791273102316,451.9142453486055,直连,,97.70178415293066,122.0
Q23-001,leg1-cruise,445.5434332911057,452.6346632130708,直连,,85.10671415669991,122.0
Q23-003,leg1-climb,449.0713220214844,478.14264404296875,直连,,79.04372855980824,122.0
Q23-004,leg1-cruise,449.54426788668167,456.8258136791528,直连,,92.62192333488525,122.0
Q23-016,leg1-cruise,451.9142453486055,459.2505779661878,直连,,98.63528939247468,122.0
Q23-001,leg1-cruise,452.6346632130708,459.72589313503585,直连,,87.90557249990259,122.0
Q23-017,leg1-cruise,455.20033162434896,462.32476453521826,直连,,88.71115618841868,122.0
Q23-004,leg1-cruise,456.8258136791528,464.107359471624,直连,,94.15315755012614,122.0
Q23-016,leg1-cruise,459.2505779661878,466.5869105837701,直连,,99.48071856787222,122.0
Q23-001,leg1-cruise,459.72589313503585,466.8171230570009,直连,,90.24208349186472,122.0
Q23-017,leg1-cruise,462.32476453521826,469.4491974460876,直连,,89.88797851938274,122.0
Q23-004,leg1-cruise,464.107359471624,471.38890526409523,直连,,95.47752370898745,122.0
Q23-016,leg1-cruise,466.5869105837701,473.9232432013524,直连,,100.25287251629673,122.0
Q23-001,leg1-cruise,466.8171230570009,473.908352978966,直连,,92.1587745672424,122.0
Q23-021,leg1-climb,466.9841339111328,492.6455118815104,直连,,87.99370239644938,122.0
Q23-017,leg1-cruise,469.4491974460876,476.5736303569569,直连,,91.57508780184672,122.0
Q23-004,leg1-cruise,471.38890526409523,478.6704510565664,直连,,96.63909348252285,122.0
Q23-001,leg1-cruise,473.908352978966,480.99958290093105,直连,,93.76053992564235,122.0
Q23-016,leg1-cruise,473.9232432013524,481.25957581893476,直连,,100.96319569283078,122.0
Q23-017,leg1-cruise,476.5736303569569,483.6980632678262,直连,,93.2860866850391,122.0
Q23-003,leg1-cruise,478.14264404296875,485.4364805341328,直连,,82.77423752426722,122.0
Q23-004,leg1-cruise,478.6704510565664,485.9519968490375,直连,,97.67098973963243,122.0
Q23-001,leg1-cruise,480.99958290093105,488.09081282289605,直连,,95.12818856432047,122.0
Q23-016,leg1-cruise,481.25957581893476,488.59590843651705,直连,,101.62069562432278,122.0
Q23-017,leg1-cruise,483.6980632678262,490.82249617869553,直连,,94.85208635389075,122.0
Q23-003,leg1-cruise,485.4364805341328,492.73031702529687,直连,,86.35317246723555,122.0
Q23-004,leg1-cruise,485.9519968490375,493.23354264150873,直连,,98.59791377502316,122.0
Q23-001,leg1-cruise,488.09081282289605,495.1820427448611,直连,,96.31801277036193,122.0
Q23-016,leg1-cruise,488.59590843651705,495.93224105409934,直连,,102.23257583960888,122.0
Q23-017,leg1-cruise,490.82249617869553,497.94692908956483,直连,,96.24587978657696,122.0
Q23-021,leg1-cruise,492.6455118815104,499.4903370232021,直连,,89.3760721324533,122.0
Q23-003,leg1-cruise,492.73031702529687,500.02415351646096,直连,,89.62210297240887,122.0
Q23-004,leg1-cruise,493.23354264150873,500.51508843397994,直连,,99.43848178792213,122.0
Q23-001,leg1-cruise,495.1820427448611,502.2732726668262,直连,,97.3692887234632,122.0
Q23-016,leg1-cruise,495.93224105409934,503.2685736716817,直连,,102.80467995365913,122.0
Q23-017,leg1-cruise,497.94692908956483,505.07136200043414,直连,,97.48254214285996,122.0
Q23-021,leg1-cruise,499.4903370232021,506.33516216489375,直连,,90.33293019036792,122.0
Q23-003,leg1-cruise,500.02415351646096,507.317990007625,直连,,92.15877456723007,122.0
Q23-004,leg1-cruise,500.51508843397994,507.79663422645115,直连,,100.20694765595563,122.0
Q23-001,leg1-cruise,502.2732726668262,509.3645025887912,直连,,98.31004690679049,122.0
Q23-016,leg1-cruise,503.2685736716817,510.604906289264,直连,,103.341809224577,122.0
Q23-017,leg1-cruise,505.07136200043414,512.1957949113034,直连,,98.58540151097735,122.0
Q23-021,leg1-cruise,506.33516216489375,513.1799873065854,直连,,91.78017434971983,122.0
Q23-003,leg1-cruise,507.317990007625,514.611826498789,直连,,94.17233176397204,122.0
Q23-004,leg1-cruise,507.79663422645115,515.0781800189222,直连,,100.9144088503581,122.0
Q23-001,leg1-cruise,509.3645025887912,516.4557325107562,直连,,99.16081851955101,122.0
Q23-016,leg1-cruise,510.604906289264,517.9412389068464,直连,,103.84795376692081,122.0
Q23-017,leg1-cruise,512.1957949113034,519.3202278221728,直连,,99.57633679548323,122.0
Q23-021,leg1-cruise,513.1799873065854,520.0248124482771,直连,,93.31863384046592,122.0
Q23-003,leg1-cruise,514.611826498789,521.905662989953,直连,,95.82703269947991,122.0
Q23-004,leg1-cruise,515.0781800189222,522.3597258113934,直连,,101.56964465385978,122.0
Q23-001,leg1-cruise,516.4557325107562,523.5469624327213,直连,,99.93701723420259,122.0
Q23-016,leg1-cruise,517.9412389068464,525.2775715244287,直连,,104.32646374750385,122.0
Q23-017,leg1-cruise,519.3202278221728,526.4446607330422,直连,,100.47366704221932,122.0
Q23-021,leg1-cruise,520.0248124482771,526.8696375899688,直连,,94.77285684431838,122.0
Q23-003,leg1-cruise,521.905662989953,529.1994994811171,直连,,97.2264316611331,122.0
Q23-004,leg1-cruise,522.3597258113934,529.6412716038647,直连,,102.17970370283,122.0
Q23-001,leg1-cruise,523.5469624327213,530.6381923546865,直连,,100.65047414574518,122.0
Q23-016,leg1-cruise,525.2775715244287,532.613904142011,直连,,104.78017811875378,122.0
Q23-017,leg1-cruise,526.4446607330422,533.5690936439114,直连,,101.29221447123126,122.0
Q23-021,leg1-cruise,526.8696375899688,533.7144627316604,直连,,96.09446047677449,122.0
Q23-003,leg1-cruise,529.1994994811171,536.4933359722812,直连,,98.43668876564163,122.0
Q23-004,leg1-cruise,529.6412716038647,536.9228173963359,直连,,102.75032161707173,122.0
Q23-001,leg1-cruise,530.6381923546865,537.7294222766515,直连,,101.31045005225988,122.0
Q23-016,leg1-cruise,532.613904142011,539.9502367595933,直连,,105.21152280586449,122.0
Q23-017,leg1-cruise,533.5690936439114,540.6935265547808,直连,,102.04388044122817,122.0
Q23-021,leg1-cruise,533.7144627316604,540.5592878733521,直连,,97.28319306957697,122.0
Q23-003,leg1-cruise,536.4933359722812,543.7871724634454,直连,,99.50184775819227,122.0
Q23-004,leg1-cruise,536.9228173963359,544.2043631888071,直连,,103.28622255687735,122.0
Q23-001,leg1-cruise,537.7294222766515,544.8206521986165,直连,,101.92431980404214,122.0
Q23-016,leg1-cruise,539.9502367595933,547.2865693771756,直连,,105.62258657709914,122.0
Q23-002,leg1-climb,540.0,569.0713220214843,直连,,64.31881537331904,122.0
Q23-021,leg1-cruise,540.5592878733521,547.4041130150439,直连,,98.35311993174658,122.0
Q23-017,leg1-cruise,540.6935265547808,547.8179594656501,直连,,102.7382481935976,122.0
Q23-003,leg1-cruise,543.7871724634454,551.0810089546094,直连,,100.45245132180452,122.0
Q23-004,leg1-cruise,544.2043631888071,551.4859089812783,直连,,103.79134043933588,122.0
Q23-001,leg1-cruise,544.8206521986165,551.9118821205816,直连,,102.49804616052386,122.0
Q23-016,leg1-cruise,547.2865693771756,554.622901994758,直连,,116.01518037380657,122.0
Q23-021,leg1-cruise,547.4041130150439,554.2489381567357,直连,,99.32066526276645,122.0
Q23-017,leg1-cruise,547.8179594656501,554.9423923765194,直连,,103.38308988669345,122.0
Q23-003,leg1-cruise,551.0810089546094,558.3748454457734,直连,,101.31045005226437,122.0
Q23-004,leg1-cruise,551.4859089812783,558.7674547737495,直连,,104.2689837057489,122.0
Q23-001,leg1-cruise,551.9118821205816,559.0031120425467,直连,,103.03651526203151,122.0
Q23-021,leg1-cruise,554.2489381567357,561.0937632984273,直连,,100.20088155585027,122.0
Q23-016,leg1-cruise,554.622901994758,561.9592346123402,直连,,116.39088421781942,122.0
Q23-017,leg1-cruise,554.9423923765194,562.0668252873887,直连,,103.98476478535348,122.0
Q23-003,leg1-cruise,558.3748454457734,565.6686819369374,直连,,102.09210640112423,122.0
Q23-004,leg1-cruise,558.7674547737495,566.0490005662207,直连,,104.72195981423019,122.0
Q23-001,leg1-cruise,559.0031120425467,566.0943419645117,直连,,103.54377899061458,122.0
Q23-021,leg1-cruise,561.0937632984273,567.938588440119,直连,,101.00657666614072,122.0
Q23-016,leg1-cruise,561.9592346123402,569.2955672299225,直连,,116.75108467357298,122.0
Q23-017,leg1-cruise,562.0668252873887,569.1912581982581,直连,,104.54852456395864,122.0
Q23-003,leg1-cruise,565.6686819369374,572.9625184281015,直连,,102.80978335866854,122.0
Q23-004,leg1-cruise,566.0490005662207,573.3305463586919,直连,,105.15267056470557,122.0
Q23-001,leg1-cruise,566.0943419645117,573.1855718864767,直连,,104.02323331039139,122.0
Q23-021,leg1-cruise,567.938588440119,574.7834135818107,直连,,101.7483697350005,122.0
Q23-002,leg1-climb,569.0713220214843,598.1426440429688,直连,,79.04372855980822,122.0
Q23-017,leg1-cruise,569.1912581982581,576.3156911091273,直连,,105.0787459821183,122.0
Q23-016,leg1-cruise,569.2955672299225,576.6318998475049,直连,,117.09700504667433,122.0
Q23-003,leg1-cruise,572.9625184281015,580.2563549192656,直连,,103.47308837086479,122.0
Q23-001,leg1-cruise,573.1855718864767,580.2768018084419,直连,,104.47775170116502,122.0
Q23-004,leg1-cruise,573.3305463586919,580.6120921511631,直连,,105.56318599733147,122.0
Q23-021,leg1-cruise,574.7834135818107,581.6282387235024,直连,,102.43500252946384,122.0
Q23-017,leg1-cruise,576.3156911091273,583.4401240199967,直连,,105.57910858611244,122.0
Q23-016,leg1-cruise,576.6318998475049,583.9682324650872,直连,,117.42972993773057,122.0
Q23-003,leg1-cruise,580.2563549192656,587.5501914104298,直连,,104.08962984723124,122.0
Q23-001,leg1-cruise,580.2768018084419,587.368031730407,直连,,114.90978651075406,122.0
Q23-004,leg1-cruise,580.6120921511631,587.8936379436343,直连,,105.95530233871291,122.0
Q23-021,leg1-cruise,581.6282387235024,588.473063865194,直连,,103.07367922565821,122.0
Q23-017,leg1-cruise,583.4401240199967,590.564556930866,直连,,106.05273124317293,122.0
Q23-016,leg1-cruise,583.9682324650872,591.3045650826696,直连,,117.75022536633531,122.0
Q23-001,leg1-cruise,587.368031730407,594.459261652372,直连,,115.32144700164785,122.0
Q23-003,leg1-cruise,587.5501914104298,594.8440279015938,直连,,114.66553246755427,122.0
Q23-004,leg1-cruise,587.8936379436343,595.1751837361054,直连,,106.33058792160998,122.0
Q23-021,leg1-cruise,588.473063865194,595.3178890068857,直连,,103.6703658223639,122.0
Q23-017,leg1-cruise,590.564556930866,597.6889898417353,直连,,106.50227787148785,122.0
Q23-016,leg1-cruise,591.3045650826696,598.6408977002519,直连,,118.05935538702603,122.0
Q23-001,leg1-cruise,594.459261652372,601.550491574337,直连,,115.71456020597388,122.0
Q23-003,leg1-cruise,594.8440279015938,602.1378643927578,直连,,115.20579743946301,122.0
Q23-004,leg1-cruise,595.1751837361054,602.4567295285765,直连,,106.69041993128887,122.0
Q23-021,leg1-cruise,595.3178890068857,602.1627141485774,直连,,104.23003539391766,122.0
Q23-017,leg1-cruise,597.6889898417353,604.8134227526045,直连,,106.93004002385855,122.0
Q23-002,leg1-cruise,598.1426440429688,605.2387235662609,直连,,82.73691475348672,122.0
Q23-016,leg1-cruise,598.6408977002519,605.9772303178343,直连,,118.35789590355186,122.0
Q23-001,leg1-cruise,601.550491574337,608.6417214963021,直连,,116.09071891971202,122.0
Q23-003,leg1-cruise,602.1378643927578,609.4317008839218,直连,,115.71456020597117,122.0
Q23-021,leg1-cruise,602.1627141485774,609.007539290269,直连,,104.75686323339815,122.0
Q23-004,leg1-cruise,602.4567295285765,609.7382753210477,直连,,107.03601407805321,122.0
Q23-017,leg1-cruise,604.8134227526045,611.9378556634739,直连,,107.33800196282769,122.0
Q23-002,leg1-cruise,605.2387235662609,612.3348030895531,直连,,86.20392800896592,122.0
Q23-016,leg1-cruise,605.9772303178343,613.3135629354165,直连,,118.64654622795439,122.0
Q23-001,leg1-cruise,608.6417214963021,615.7329514182672,直连,,116.45131995150955,122.0
Q23-021,leg1-cruise,609.007539290269,615.8523644319607,直连,,105.25438048241524,122.0
Q23-003,leg1-cruise,609.4317008839218,616.7255373750859,直连,,116.19527858205697,122.0
Q23-004,leg1-cruise,609.7382753210477,617.0198211135189,直连,,107.36844875946834,122.0
Q23-017,leg1-cruise,611.9378556634739,619.0622885743433,直连,,107.72789238733434,122.0
Q23-002,leg1-cruise,612.3348030895531,619.4308826128454,直连,,89.42574803024158,122.0
Q23-016,leg1-cruise,613.3135629354165,620.6498955529988,直连,,118.92593881085608,122.0
Q23-001,leg1-cruise,615.7329514182672,622.8241813402323,直连,,116.79759489883324,122.0
Q23-021,leg1-cruise,615.8523644319607,622.6971895736524,直连,,115.72559485538136,122.0
Q23-003,leg1-cruise,616.7255373750859,624.01937386625,直连,,116.65087261173808,122.0
Q23-004,leg1-cruise,617.0198211135189,624.3013669059901,直连,,117.68868488935296,122.0
Q23-017,leg1-cruise,619.0622885743433,626.1867214852125,直连,,108.1012258967467,122.0
Q23-002,leg1-cruise,619.4308826128454,626.5269621361376,直连,,91.94371545710061,122.0
Q23-016,leg1-descent,620.6498955529988,637.3022466272175,直连,,119.05922547603083,122.0
Q23-021,leg1-cruise,622.6971895736524,629.5420147153441,直连,,116.17308575722014,122.0
Q23-001,leg1-cruise,622.8241813402323,629.9154112621973,直连,,117.13063513134215,122.0
Q23-003,leg1-cruise,624.01937386625,631.3132103574142,直连,,117.08383023406073,122.0
Q23-004,leg1-cruise,624.3013669059901,631.5829126984613,直连,,117.99758228907635,122.0
Q23-017,leg1-cruise,626.1867214852125,633.3111543960819,直连,,108.4593364975636,122.0
Q23-002,leg1-cruise,626.5269621361376,633.6230416594299,直连,,93.94849811967168,122.0
Q23-021,leg1-cruise,629.5420147153441,636.3868398570357,直连,,116.5990796001214,122.0
Q23-001,leg1-cruise,629.9154112621973,637.0066411841624,直连,,117.45141223820933,122.0
Q23-003,leg1-cruise,631.3132103574142,638.6070468485782,直连,,117.49628828895406,122.0
Q23-004,leg1-cruise,631.5829126984613,638.8644584909325,直连,,118.29591332901404,122.0
Q23-017,leg1-cruise,633.3111543960819,640.4355873069512,直连,,108.80340488829734,122.0
Q23-002,leg1-cruise,633.6230416594299,640.7191211827221,直连,,95.598478679953,122.0
Q23-021,leg1-cruise,636.3868398570357,643.2316649987274,直连,,117.0055098112355,122.0
Q23-001,leg1-cruise,637.0066411841624,644.0978711061274,直连,,117.76079489011443,122.0
Q23-016,leg1-descent,637.3022466272175,653.9545977014363,直连,,119.05440151998916,122.0
Q23-003,leg1-cruise,638.6070468485782,645.9008833397422,直连,,117.89009544154852,122.0
Q23-004,leg1-cruise,638.8644584909325,646.1460042834037,直连,,118.58437435339572,122.0
Q23-017,leg1-cruise,640.4355873069512,647.5600202178205,直连,,109.13448083981267,122.0
Q23-002,leg1-cruise,640.7191211827221,647.8152007060144,直连,,96.99507146586132,122.0
Q23-021,leg1-cruise,643.2316649987274,650.0764901404191,直连,,117.3940649659285,122.0
Q23-001,leg1-cruise,644.0978711061274,651.1891010280924,直连,,118.05956284272024,122.0
Q23-003,leg1-cruise,645.9008833397422,653.1947198309063,直连,,118.2668616487555,122.0
Q23-004,leg1-cruise,646.1460042834037,653.4275500758749,直连,,118.86359530545444,122.0
Q23-017,leg1-cruise,647.5600202178205,654.6844531286898,直连,,109.45350167912702,122.0
Q23-002,leg1-cruise,647.8152007060144,654.9112802293066,直连,,98.20353254006184,122.0
Q23-021,leg1-cruise,650.0764901404191,656.9213152821109,直连,,117.76622766451655,122.0
Q23-001,leg1-cruise,651.1891010280924,658.2803309500575,直连,,118.34841864255475,122.0
Q23-003,leg1-cruise,653.1947198309063,660.4885563220703,直连,,118.6279974722734,122.0
Q23-004,leg1-cruise,653.4275500758749,660.7090958683461,直连,,119.13414788139316,122.0
Q23-016,S011-handoff,653.9545977014363,682.8172570585403,直连,,119.05269852342448,122.0
Q23-017,leg1-cruise,654.6844531286898,661.8088860395592,直连,,109.76130765425704,122.0
Q23-002,leg1-cruise,654.9112802293066,662.0073597525989,直连,,99.26747563135108,122.0
Q23-021,leg1-cruise,656.9213152821109,663.7661404238027,直连,,118.12330614945199,122.0
Q23-001,leg1-cruise,658.2803309500575,665.3715608720225,直连,,118.62799747227146,122.0
Q23-003,leg1-cruise,660.4885563220703,667.7823928132343,直连,,118.97474563504288,122.0
Q23-004,leg1-cruise,660.7090958683461,667.9906416608172,直连,,119.39655247411928,122.0
Q23-017,leg1-cruise,661.8088860395592,668.9333189504284,直连,,110.05865478466714,122.0
Q23-002,leg1-cruise,662.0073597525989,669.1034392758911,直连,,100.21721907753519,122.0
Q23-021,leg1-cruise,663.7661404238027,670.6109655654943,直连,,118.4664601923736,122.0
Q23-001,leg1-cruise,665.3715608720225,672.4627907939876,直连,,118.89887547843898,122.0
Q23-003,leg1-cruise,667.7823928132343,675.0762293043983,直连,,119.30820658433481,122.0
Q23-004,leg1-cruise,667.9906416608172,675.2721874532883,直连,,119.65128411534852,122.0
Q23-017,leg1-cruise,668.9333189504284,676.0577518612978,直连,,110.3462256708741,122.0
Q23-002,leg1-cruise,669.1034392758911,676.1995187991834,直连,,101.07458757078642,122.0
Q23-021,leg1-cruise,670.6109655654943,677.455790707186,直连,,118.79672242772104,122.0
Q23-001,leg1-cruise,672.4627907939876,679.5540207159527,直连,,119.16157685356515,122.0
Q23-003,leg1-cruise,675.0762293043983,682.3700657955625,直连,,119.62935937497292,122.0
Q23-004,leg1-cruise,675.2721874532883,682.5537332457595,直连,,119.89877758413041,122.0
Q23-017,leg1-cruise,676.0577518612978,683.1821847721671,直连,,120.62463863695051,122.0
Q23-002,leg1-cruise,676.1995187991834,683.2955983224755,直连,,101.85576863305138,122.0
Q23-021,leg1-cruise,677.455790707186,684.3006158488777,直连,,119.1150160440719,122.0
Q23-001,leg1-cruise,679.5540207159527,686.6452506379178,直连,,119.4165798890776,122.0
Q23-003,leg1-descent,682.3700657955625,711.6799164156444,直连,,119.78259813939573,122.0
Q23-004,leg1-cruise,682.5537332457595,689.8352790382307,直连,,120.13943181783073,122.0
Q23-016,S011-handoff,682.8172570585403,711.6799164156444,直连,,119.05269852342448,122.0
Q23-017,leg1-cruise,683.1821847721671,690.3066176830364,直连,,120.89445550281368,122.0
Q23-002,leg1-cruise,683.2955983224755,690.3916778457676,直连,,102.57307846383054,122.0
Q23-021,leg1-cruise,684.3006158488777,691.1454409905693,直连,,119.42216954268152,122.0
Q23-001,leg1-cruise,686.6452506379178,693.7364805598828,直连,,119.66432217326843,122.0
Q23-004,leg1-cruise,689.8352790382307,697.116824830702,直连,,120.37361373658479,122.0
Q23-017,leg1-cruise,690.3066176830364,697.4310505939058,直连,,121.15618822381865,122.0
Q23-002,leg1-cruise,690.3916778457676,697.4877573690599,直连,,103.23609409543515,122.0
Q23-021,leg1-cruise,691.1454409905693,697.990266132261,直连,,119.71892911963997,122.0
Q23-001,leg1-descent,693.7364805598828,711.6799164156444,直连,,119.7832310397672,122.0
Q23-004,leg1-cruise,697.116824830702,704.3983706231732,直连,,120.60166157211489,122.0
Q23-017,leg1-cruise,697.4310505939058,704.5554835047751,直连,,121.41030458883087,122.0
Q23-002,leg1-cruise,697.4877573690599,704.5838368923521,直连,,103.85240348786476,122.0
Q23-021,leg1-cruise,697.990266132261,704.8350912739527,直连,,120.00596911052392,122.0
Q23-004,leg1-cruise,704.3983706231732,711.6799164156444,直连,,120.82388777588274,122.0
Q23-017,leg1-cruise,704.5554835047751,711.6799164156444,直连,,121.65723313158638,122.0
Q23-002,leg1-cruise,704.5838368923521,711.6799164156444,直连,,114.42811716687768,122.0
Q23-021,leg1-cruise,704.8350912739527,711.6799164156444,直连,,120.28390084601163,122.0
Q23-001,leg1-descent,711.6799164156444,729.3591246028516,直连,,119.7799091043624,122.0
Q23-002,leg1-cruise,711.6799164156444,717.3480507518892,直连,,114.91537001624302,122.0
Q23-003,leg1-descent,711.6799164156444,726.8983708492734,直连,,119.77955922074975,122.0
Q23-004,leg1-cruise,711.6799164156444,719.1422962223728,直连,,121.04323869284357,122.0
Q23-016,S011-handoff,711.6799164156444,736.1348526728027,直连,,119.05269852342448,122.0
Q23-017,leg1-cruise,711.6799164156444,719.0783659769318,中继,R3-001,121.9019211983865,122.0
Q23-021,leg1-cruise,711.6799164156444,717.900432389015,直连,,120.54117406101724,122.0
Q23-002,leg1-cruise,717.3480507518892,723.0161850881341,直连,,115.32642983207934,122.0
Q23-021,leg1-cruise,717.900432389015,724.1209483623857,直连,,120.77931771600417,122.0
Q23-017,leg1-cruise,719.0783659769318,726.4768155382191,中继,R3-001,122.14436325165626,122.0
Q23-004,leg1-cruise,719.1422962223728,726.6046760291011,直连,,121.25978894998002,122.0
Q23-002,leg1-cruise,723.0161850881341,728.684319424379,直连,,115.71899514471579,122.0
Q23-021,leg1-cruise,724.1209483623857,730.3414643357563,直连,,121.01114938320916,122.0
Q23-017,leg1-cruise,726.4768155382191,733.8752650995064,中继,R3-001,122.38024901808454,122.0
Q23-004,leg1-cruise,726.6046760291011,734.0670558358295,直连,,121.47108138520184,122.0
Q23-003,S001-handoff,726.8983708492734,756.3529163038189,直连,,119.77894086539243,122.0
Q23-002,leg1-cruise,728.684319424379,734.3524537606239,直连,,116.09465211239747,122.0
Q23-001,S001-handoff,729.3591246028516,759.3591246028516,直连,,119.77894086539243,122.0
Q23-021,leg1-cruise,730.3414643357563,736.561980309127,直连,,121.23699285642144,122.0
Q23-017,leg1-cruise,733.8752650995064,741.2737146607938,中继,R3-001,122.60992235028618,122.0
Q23-004,leg1-cruise,734.0670558358295,741.5294356425579,直连,,121.67736481241423,122.0
Q23-002,leg1-cruise,734.3524537606239,740.0205880968688,直连,,116.45479197017109,122.0
Q23-016,S011-handoff,736.1348526728027,760.5897889299612,直连,,119.05269852342448,122.0
Q23-021,leg1-cruise,736.561980309127,742.7824962824976,直连,,121.45714779546525,122.0
Q23-002,leg1-cruise,740.0205880968688,745.6887224331138,直连,,116.8006416017558,122.0
Q23-017,leg1-cruise,741.2737146607938,748.6721642220812,中继,R3-001,122.833700844647,122.0
Q23-004,leg1-cruise,741.5294356425579,748.9918154492864,直连,,121.87887082191966,122.0
Q23-021,leg1-cruise,742.7824962824976,749.0030122558683,直连,,121.67189205128663,122.0
Q23-002,leg1-cruise,745.6887224331138,751.3568567693586,直连,,117.1332883637803,122.0
Q23-017,leg1-cruise,748.6721642220812,756.0706137833686,中继,R3-001,123.05187843817671,122.0
Q23-004,leg1-cruise,748.9918154492864,756.4541952560148,中继,R3-001,122.07581533164874,122.0
Q23-021,leg1-cruise,749.0030122558683,755.223528229239,直连,,121.88148371944604,122.0
Q23-002,leg1-cruise,751.3568567693586,757.0249911056035,直连,,117.45370040795022,122.0
Q23-021,leg1-cruise,755.223528229239,761.4440442026097,中继,R3-001,122.08616295894056,122.0
Q23-017,leg1-cruise,756.0706137833686,763.469063344656,中继,R3-001,123.26472769325449,122.0
Q23-003,S001-handoff,756.3529163038189,785.8074617583643,直连,,119.77894086539243,122.0
Q23-004,leg1-cruise,756.4541952560148,763.9165750627433,中继,R3-001,122.26839996786256,122.0
Q23-002,leg1-cruise,757.0249911056035,762.6931254418483,直连,,117.76274344371787,122.0
Q23-001,S001-handoff,759.3591246028516,789.3591246028516,直连,,119.77894086539243,122.0
Q23-016,S011-handoff,760.5897889299612,785.0447251871195,直连,,119.05269852342448,122.0
Q23-021,leg1-cruise,761.4440442026097,767.6645601759803,中继,R3-001,122.28615360758937,122.0
Q23-002,leg1-cruise,762.6931254418483,768.3612597780932,直连,,118.06119466224914,122.0
Q23-017,leg1-cruise,763.469063344656,770.8675129059433,中继,R3-001,123.4725018140337,122.0
Q23-004,leg1-cruise,763.9165750627433,771.3789548694716,中继,R3-001,122.4568132973343,122.0
Q23-021,leg1-cruise,767.6645601759803,773.8850761493511,中继,R3-001,122.4816646206005,122.0
Q23-002,leg1-cruise,768.3612597780932,774.0293941143381,直连,,118.34975437816766,122.0
Q23-017,leg1-cruise,770.8675129059433,778.2659624672306,中继,R3-001,123.67543643135107,122.0
Q23-004,leg1-cruise,771.3789548694716,778.8413346762,中继,R3-001,122.64123192971923,122.0
Q23-021,leg1-cruise,773.8850761493511,780.1055921227218,中继,R3-001,122.67289135483419,122.0
Q23-002,leg1-cruise,774.0293941143381,779.6975284505829,直连,,118.62905582272381,122.0
Q23-017,leg1-cruise,778.2659624672306,785.664412028518,中继,R3-001,123.87375118720048,122.0
Q23-004,leg1-cruise,778.8413346762,786.3037144829284,中继,R3-001,122.82182150618128,122.0
Q23-002,leg1-cruise,779.6975284505829,785.3656627868278,直连,,118.89967342894366,122.0
Q23-021,leg1-cruise,780.1055921227218,786.3261080960924,中继,R3-001,122.86001671818744,122.0
Q23-016,S011-handoff,785.0447251871195,809.499661444278,直连,,119.05269852342448,122.0
Q23-002,leg1-cruise,785.3656627868278,791.0337971230726,直连,,119.16212987856058,122.0
Q23-017,leg1-cruise,785.664412028518,793.0628615898054,中继,R3-001,124.06765114509312,122.0
Q23-003,S001-handoff,785.8074617583643,815.2620072129098,直连,,119.77894086539243,122.0
Q23-004,leg1-cruise,786.3037144829284,793.7660942896568,中继,R3-001,122.9987375880546,122.0
Q23-021,leg1-cruise,786.3261080960924,792.5466240694631,中继,R3-001,123.04321220058337,122.0
Q23-001,S001-handoff,789.3591246028516,819.3591246028516,直连,,119.77894086539243,122.0
Q23-002,leg1-cruise,791.0337971230726,796.7019314593176,直连,,119.41690212590947,122.0
Q23-021,leg1-cruise,792.5466240694631,798.7671400428337,中继,R3-001,123.22263880089855,122.0
Q23-017,leg1-cruise,793.0628615898054,800.4613111510928,中继,R3-001,124.25732804872705,122.0
Q23-004,leg1-cruise,793.7660942896568,801.2284740963852,中继,R3-001,123.17212645739623,122.0
Q23-002,leg1-cruise,796.7019314593176,802.3700657955625,直连,,119.66442657166054,122.0
Q23-021,leg1-cruise,798.7671400428337,804.9876560162044,中继,R3-001,123.39844786210224,122.0
Q23-017,leg1-cruise,800.4613111510928,807.8597607123802,中继,R3-001,124.4429614480416,122.0
Q23-004,leg1-cruise,801.2284740963852,808.6908539031135,中继,R3-001,123.34212583972358,122.0
Q23-002,leg1-descent,802.3700657955625,824.634218322418,直连,,119.78324676692044,122.0
Q23-021,leg1-cruise,804.9876560162044,811.208171989575,中继,R3-001,123.5707818252293,122.0
Q23-017,leg1-cruise,807.8597607123802,815.2582102736675,中继,R3-001,124.62471970906562,122.0
Q23-004,leg1-cruise,808.6908539031135,816.153233709842,中继,R3-001,123.50886555779837,122.0
Q23-016,S011-handoff,809.499661444278,833.9545977014363,直连,,119.05269852342448,122.0
Q23-021,leg1-descent,811.208171989575,828.0154791184813,中继,R3-001,123.65347814295185,122.0
Q23-017,leg1-cruise,815.2582102736675,822.6566598349548,中继,R3-001,124.80276092159717,122.0
Q23-003,S001-handoff,815.2620072129098,844.7165526674552,直连,,119.77894086539243,122.0
Q23-004,leg1-cruise,816.153233709842,823.6156135165704,中继,R3-001,123.67246812422522,122.0
Q23-001,S001-handoff,819.3591246028516,849.3591246028516,直连,,119.77894086539243,122.0
Q23-017,leg1-cruise,822.6566598349548,830.0551093962422,中继,R3-001,124.97723371686506,122.0
Q23-004,leg1-cruise,823.6156135165704,831.0779933232989,中继,R3-001,123.8330492795726,122.0
Q23-002,leg1-descent,824.634218322418,846.8983708492734,直连,,119.77991803994453,122.0
Q23-021,leg1-descent,828.0154791184813,844.8227862473875,中继,R3-001,123.64955789162984,122.0
Q23-017,leg1-cruise,830.0551093962422,837.4535589575296,中继,R3-001,125.14827800561746,122.0
Q23-004,leg1-cruise,831.0779933232989,838.5403731300273,中继,R3-001,123.9907184819379,122.0
Q23-016,leg2-climb,833.9545977014363,861.7085161584675,直连,,119.05657740777539,122.0
Q23-017,leg1-cruise,837.4535589575296,844.8520085188169,中继,R3-001,125.31602564577233,122.0
Q23-004,leg1-cruise,838.5403731300273,846.0027529367557,中继,R3-001,124.14557935309129,122.0
Q23-003,S001-handoff,844.7165526674552,874.1710981220007,直连,,119.77894086539243,122.0
Q23-021,S010-handoff,844.8227862473875,874.8227862473875,中继,R3-001,123.64784784212937,122.0
Q23-017,leg1-cruise,844.8520085188169,852.2504580801042,中继,R3-001,125.48060104749725,122.0
Q23-004,leg1-cruise,846.0027529367557,853.465132743484,中继,R3-001,124.29773008576058,122.0
Q23-002,S001-handoff,846.8983708492734,876.1483708492734,直连,,119.77894086539243,122.0
Q23-001,S001-handoff,849.3591246028516,879.3591246028516,直连,,119.77894086539243,122.0
Q23-017,leg1-cruise,852.2504580801042,859.6489076413916,中继,R3-001,125.64212172262168,122.0
Q23-004,leg1-cruise,853.465132743484,860.9275125502124,中继,R3-001,124.44726381601456,122.0
Q23-017,leg1-cruise,859.6489076413916,867.047357202679,中继,R3-001,125.80069878441233,122.0
Q23-004,leg1-cruise,860.9275125502124,868.3898923569409,中继,R3-001,124.5942689643021,122.0
Q23-016,leg2-cruise,861.7085161584675,869.0448487760499,直连,,118.92593881085608,122.0
Q23-017,leg1-cruise,867.047357202679,874.4458067639664,中继,R3-001,125.95643740296659,122.0
Q23-004,leg1-cruise,868.3898923569409,875.8522721636692,中继,R3-001,124.73882954822803,122.0
Q23-016,leg2-cruise,869.0448487760499,876.3811813936322,直连,,118.64654622795439,122.0
Q23-003,S001-handoff,874.1710981220007,903.625643576546,直连,,119.77894086539243,122.0
Q23-017,leg1-cruise,874.4458067639664,881.8442563252538,中继,R3-001,126.10943722088177,122.0
Q23-021,S010-handoff,874.8227862473875,904.8227862473875,中继,R3-001,123.64784784212937,122.0
Q23-004,leg1-cruise,875.8522721636692,883.3146519703976,中继,R3-001,124.88102546985472,122.0
Q23-002,S001-handoff,876.1483708492734,905.3983708492734,直连,,119.77894086539243,122.0
Q23-016,leg2-cruise,876.3811813936322,883.7175140112145,直连,,118.35789590355186,122.0
Q23-001,S001-handoff,879.3591246028516,909.3591246028516,直连,,119.77894086539243,122.0
Q23-017,leg1-cruise,881.8442563252538,889.2427058865411,中继,R3-001,126.25979273327025,122.0
Q23-004,leg1-cruise,883.3146519703976,890.777031777126,中继,R3-001,125.0209327799573,122.0
Q23-016,leg2-cruise,883.7175140112145,891.0538466287968,直连,,118.05935538702603,122.0
Q23-017,leg1-cruise,889.2427058865411,896.6411554478284,中继,R3-001,126.40759363573021,122.0
Q23-004,leg1-cruise,890.777031777126,898.2394115838545,中继,R3-001,125.15862392141867,122.0
Q23-016,leg2-cruise,891.0538466287968,898.3901792463791,直连,,117.75022536633531,122.0
Q23-017,leg1-cruise,896.6411554478284,904.0396050091158,中继,R3-001,126.55292514343498,122.0
Q23-004,leg1-cruise,898.2394115838545,905.7017913905828,中继,R3-001,125.2941679537238,122.0
Q23-016,leg2-cruise,898.3901792463791,905.7265118639614,直连,,117.42972993773057,122.0
Q23-003,S001-handoff,903.625643576546,933.0801890310915,直连,,119.77894086539243,122.0
Q23-017,leg1-cruise,904.0396050091158,911.4380545704032,中继,R3-001,126.69586828419425,122.0
Q23-021,S010-handoff,904.8227862473875,934.8227862473875,中继,R3-001,123.64784784212937,122.0
Q23-002,S001-handoff,905.3983708492734,934.6483708492734,直连,,119.77894086539243,122.0
Q23-004,leg1-cruise,905.7017913905828,913.1641711973111,中继,R3-001,125.42763076025723,122.0
Q23-016,leg2-cruise,905.7265118639614,913.0628444815437,直连,,117.09700504667433,122.0
Q23-001,S001-handoff,909.3591246028516,939.3591246028516,直连,,119.77894086539243,122.0
Q23-017,leg1-cruise,911.4380545704032,918.8365041316906,中继,R3-001,126.83650016796844,122.0
Q23-016,leg2-cruise,913.0628444815437,920.3991770991261,直连,,116.75108467357298,122.0
Q23-004,leg1-cruise,913.1641711973111,920.6265510040396,中继,R3-001,125.55907523999008,122.0
Q23-017,leg1-cruise,918.8365041316906,926.234953692978,中继,R3-001,126.9748942350757,122.0
Q23-016,leg2-cruise,920.3991770991261,927.7355097167084,直连,,116.39088421781942,122.0
Q23-004,leg1-cruise,920.6265510040396,928.088930810768,中继,R3-001,125.68856148491845,122.0
Q23-017,leg1-cruise,926.234953692978,933.6334032542653,中继,R3-001,127.11112048508572,122.0
Q23-016,leg2-cruise,927.7355097167084,935.0718423342907,直连,,116.01518037380657,122.0
Q23-004,leg1-cruise,928.088930810768,935.5513106174965,中继,R3-001,125.81614694452927,122.0
Q23-003,S001-handoff,933.0801890310915,962.5347344856369,直连,,119.77894086539243,122.0
Q23-017,leg1-cruise,933.6334032542653,941.0318528155526,中继,R3-001,127.245245688148,122.0
Q23-002,S001-handoff,934.6483708492734,963.8983708492734,直连,,119.77894086539243,122.0
Q23-021,S010-handoff,934.8227862473875,964.8227862473875,中继,R3-001,123.64784784212937,122.0
Q23-016,leg2-cruise,935.0718423342907,942.4081749518731,直连,,105.62258657709914,122.0
Q23-004,leg1-cruise,935.5513106174965,943.0136904242249,中继,R3-001,125.94188657839085,122.0
Q23-001,S001-handoff,939.3591246028516,969.3591246028516,直连,,119.77894086539243,122.0
Q23-017,leg1-cruise,941.0318528155526,948.43030237684,中继,R3-001,127.37733358037974,122.0
Q23-016,leg2-cruise,942.4081749518731,949.7445075694554,直连,,105.21152280586449,122.0
Q23-004,leg1-cruise,943.0136904242249,950.4760702309533,中继,R3-001,126.06583299790348,122.0
Q23-017,leg1-descent,948.43030237684,975.1305013514493,中继,R3-001,127.44131589104262,122.0
Q23-016,leg2-cruise,949.7445075694554,957.0808401870378,直连,,104.78017811875378,122.0
Q23-004,leg1-cruise,950.4760702309533,957.9384500376816,中继,R3-001,126.18803659810098,122.0
Q23-016,leg2-cruise,957.0808401870378,964.4171728046201,直连,,104.32646374750385,122.0
Q23-004,leg1-cruise,957.9384500376816,965.40082984441,中继,R3-001,126.30854568034995,122.0
Q23-003,S001-handoff,962.5347344856369,991.9892799401824,直连,,119.77894086539243,122.0
Q23-002,S001-handoff,963.8983708492734,993.1483708492734,直连,,119.77894086539243,122.0
Q23-016,leg2-cruise,964.4171728046201,971.7535054222024,直连,,103.84795376692081,122.0
Q23-021,S010-handoff,964.8227862473875,994.8227862473875,中继,R3-001,123.64784784212937,122.0
Q23-004,leg1-cruise,965.40082984441,972.8632096511385,中继,R3-001,126.4274065666658,122.0
Q23-001,leg2-climb,969.3591246028516,999.0446613053256,直连,,119.78135349189522,122.0
Q23-016,leg2-cruise,971.7535054222024,979.0898380397847,直连,,103.341809224577,122.0
Q23-004,leg1-cruise,972.8632096511385,980.325589457867,中继,R3-001,126.5446637063488,122.0
Q23-017,leg1-descent,975.1305013514493,1001.8307003260587,中继,R3-001,127.43921118416316,122.0
Q23-016,leg2-cruise,979.0898380397847,986.426170657367,直连,,102.80467995365913,122.0
Q23-004,leg1-cruise,980.325589457867,987.7879692645954,中继,R3-001,126.66035977552716,122.0
Q23-016,leg2-cruise,986.426170657367,993.7625032749493,直连,,102.23257583960888,122.0
Q23-004,leg1-cruise,987.7879692645954,995.2503490713237,中继,R3-001,126.77453577018657,122.0
Q23-003,S001-handoff,991.9892799401824,1021.4438253947278,直连,,119.77894086539243,122.0
Q23-002,S001-handoff,993.1483708492734,1022.3983708492733,直连,,119.77894086539243,122.0
Q23-016,leg2-cruise,993.7625032749493,1001.0988358925316,直连,,101.62069562432278,122.0
Q23-021,S010-handoff,994.8227862473875,1024.8227862473875,中继,R3-001,123.64784784212937,122.0
Q23-004,leg1-cruise,995.2503490713237,1002.7127288780521,中继,R3-001,126.88723109317456,122.0
Q23-001,leg2-cruise,999.0446613053256,1006.1358912272906,直连,,119.66432217326843,122.0
Q23-016,leg2-cruise,1001.0988358925316,1008.435168510114,直连,,100.96319569283078,122.0
Q23-017,S012-handoff,1001.8307003260587,1028.0807003260588,中继,R3-001,127.43842351040759,122.0
Q23-004,leg1-cruise,1002.7127288780521,1010.1751086847805,中继,R3-001,126.99848363564755,122.0
Q23-001,leg2-cruise,1006.1358912272906,1013.2271211492557,直连,,119.4165798890776,122.0
Q23-016,leg2-cruise,1008.435168510114,1015.7715011276963,直连,,100.25287251629673,122.0
Q23-004,leg1-cruise,1010.1751086847805,1017.6374884915089,中继,R3-001,127.10832985338872,122.0
Q23-001,leg2-cruise,1013.2271211492557,1020.3183510712207,直连,,119.16157685356515,122.0
Q23-016,leg2-cruise,1015.7715011276963,1023.1078337452786,直连,,99.48071856787222,122.0
Q23-004,leg1-cruise,1017.6374884915089,1025.0998682982372,中继,R3-001,127.2168048383603,122.0
Q23-001,leg2-cruise,1020.3183510712207,1027.4095809931857,直连,,118.89887547843898,122.0
Q23-003,S001-handoff,1021.4438253947278,1050.8983708492733,直连,,119.77894086539243,122.0
Q23-002,S001-handoff,1022.3983708492733,1051.6483708492733,直连,,119.77894086539243,122.0
Q23-016,leg2-cruise,1023.1078337452786,1030.4441663628609,直连,,98.63528939247468,122.0
Q23-021,S010-handoff,1024.8227862473875,1054.8227862473875,中继,R3-001,123.64784784212937,122.0
Q23-004,leg1-cruise,1025.0998682982372,1032.5622481049656,中继,R3-001,127.32394238586842,122.0
Q23-001,leg2-cruise,1027.4095809931857,1034.5008109151509,直连,,118.6279974722734,122.0
Q23-017,S012-handoff,1028.0807003260588,1054.3307003260588,中继,R3-001,127.43842351040759,122.0
Q23-016,leg2-cruise,1030.4441663628609,1037.7804989804433,直连,,97.70178415293066,122.0
Q23-004,leg1-cruise,1032.5622481049656,1040.024627911694,中继,R3-001,127.42977505763169,122.0
Q23-001,leg2-cruise,1034.5008109151509,1041.5920408371157,直连,,118.34841864255475,122.0
Q23-016,leg2-cruise,1037.7804989804433,1045.1168315980258,直连,,96.66068710473903,122.0
Q23-004,leg1-descent,1040.024627911694,1057.9154787417722,中继,R3-001,127.48168482894788,122.0
Q23-001,leg2-cruise,1041.5920408371157,1048.6832707590809,直连,,118.05956284272024,122.0
Q23-016,leg2-cruise,1045.1168315980258,1052.453164215608,直连,,95.48574184333452,122.0
Q23-001,leg2-cruise,1048.6832707590809,1055.774500681046,直连,,117.76079489011443,122.0
Q23-003,leg2-climb,1050.8983708492733,1068.7096928707576,直连,,119.77991803994453,122.0
Q23-002,S001-handoff,1051.6483708492733,1080.8983708492733,直连,,119.77894086539243,122.0
Q23-016,leg2-cruise,1052.453164215608,1059.7894968331902,直连,,94.14097494227529,122.0
Q23-017,S012-handoff,1054.3307003260588,1080.5807003260588,中继,R3-001,127.43842351040759,122.0
Q23-021,leg2-climb,1054.8227862473875,1075.485404926858,中继,R3-001,123.65042909273504,122.0
Q23-001,leg2-cruise,1055.774500681046,1062.8657306030111,直连,,117.45141223820933,122.0
Q23-004,leg1-descent,1057.9154787417722,1075.8063295718503,中继,R3-001,127.48086616195124,122.0
Q23-016,leg2-cruise,1059.7894968331902,1067.1258294507725,直连,,92.57672691515728,122.0
Q23-001,leg2-cruise,1062.8657306030111,1069.9569605249762,直连,,117.13063513134215,122.0
Q23-016,leg2-cruise,1067.1258294507725,1074.4621620683547,直连,,90.72671002699629,122.0
Q23-003,leg2-climb,1068.7096928707576,1086.521014892242,直连,,119.78324676692044,122.0
Q23-001,leg2-cruise,1069.9569605249762,1077.0481904469411,直连,,116.79759489883324,122.0
Q23-016,leg2-cruise,1074.4621620683547,1081.7984946859372,直连,,88.52036194838145,122.0
Q23-021,leg2-climb,1075.485404926858,1096.1480236063285,中继,R3-001,123.65667918540844,122.0
Q23-004,S002-handoff,1075.8063295718503,1105.8063295718503,中继,R3-001,127.4805746284193,122.0
Q23-001,leg2-cruise,1077.0481904469411,1084.1394203689063,直连,,116.45131995150955,122.0
Q23-017,S012-handoff,1080.5807003260588,1106.8307003260588,中继,R3-001,127.43842351040759,122.0
Q23-002,S001-handoff,1080.8983708492733,1110.1483708492733,直连,,119.77894086539243,122.0
Q23-016,leg2-cruise,1081.7984946859372,1089.1348273035196,直连,,85.9918103904865,122.0
Q23-001,leg2-cruise,1084.1394203689063,1091.2306502908714,直连,,116.09071891971202,122.0
Q23-003,leg2-cruise,1086.521014892242,1093.814851383406,直连,,119.62935937497292,122.0
Q23-016,leg2-cruise,1089.1348273035196,1096.4711599211018,直连,,83.80932947714741,122.0
Q23-001,leg2-cruise,1091.2306502908714,1098.3218802128363,直连,,115.71456020597388,122.0
Q23-003,leg2-cruise,1093.814851383406,1101.10868787457,直连,,119.30820658433481,122.0
Q23-021,leg2-climb,1096.1480236063285,1116.810642285799,中继,R3-001,123.66437403145699,122.0
Q23-016,leg2-descent,1096.4711599211018,1118.8260606372476,直连,,81.61742328683074,122.0
Q23-001,leg2-cruise,1098.3218802128363,1105.4131101348014,直连,,115.32144700164785,122.0
Q23-003,leg2-cruise,1101.10868787457,1108.4025243657343,直连,,118.97474563504288,122.0
Q23-001,leg2-cruise,1105.4131101348014,1112.5043400567665,直连,,114.90978651075406,122.0
Q23-004,S002-handoff,1105.8063295718503,1135.8063295718503,中继,R3-001,127.4805746284193,122.0
Q23-017,S012-handoff,1106.8307003260588,1133.0807003260588,中继,R3-001,127.43842351040759,122.0
Q23-003,leg2-cruise,1108.4025243657343,1115.6963608568983,直连,,118.62799747227146,122.0
Q23-002,S001-handoff,1110.1483708492733,1139.3983708492733,直连,,119.77894086539243,122.0
Q23-001,leg2-cruise,1112.5043400567665,1119.5955699787316,直连,,104.47775170116502,122.0
Q23-003,leg2-cruise,1115.6963608568983,1122.9901973480623,直连,,118.2668616487555,122.0
Q23-021,leg2-cruise,1116.810642285799,1124.1371872358409,中继,R3-001,123.68907491989944,122.0
Q23-016,leg2-descent,1118.8260606372476,1141.1809613533935,直连,,76.1548411561258,122.0
Q23-001,leg2-cruise,1119.5955699787316,1126.6867999006968,直连,,104.02323331039139,122.0
Q23-003,leg2-cruise,1122.9901973480623,1130.2840338392264,直连,,117.89009544154852,122.0
Q23-021,leg2-cruise,1124.1371872358409,1131.463732185883,中继,R3-001,123.73279512074319,122.0
Q23-001,leg2-cruise,1126.6867999006968,1133.7780298226617,直连,,103.54377899061458,122.0
Q23-003,leg2-cruise,1130.2840338392264,1137.5778703303904,直连,,117.49628828895406,122.0
Q23-021,leg2-cruise,1131.463732185883,1138.790277135925,中继,R3-001,123.78053094402892,122.0
Q23-017,S012-handoff,1133.0807003260588,1159.3307003260588,中继,R3-001,127.43842351040759,122.0
Q23-001,leg2-cruise,1133.7780298226617,1140.8692597446268,直连,,103.03651526203151,122.0
Q23-004,S002-handoff,1135.8063295718503,1165.8063295718503,中继,R3-001,127.4805746284193,122.0
Q23-003,leg2-cruise,1137.5778703303904,1144.8717068215544,直连,,117.08383023406073,122.0
Q23-021,leg2-cruise,1138.790277135925,1146.1168220859668,中继,R3-001,123.83214654219732,122.0
Q23-002,S001-handoff,1139.3983708492733,1168.6483708492733,直连,,119.77894086539243,122.0
Q23-001,leg2-cruise,1140.8692597446268,1147.960489666592,直连,,102.49804616052386,122.0
Q23-016,leg2-descent,1141.1809613533935,1163.5358620695392,直连,,58.05460049190438,122.0
Q23-003,leg2-cruise,1144.8717068215544,1152.1655433127185,直连,,116.65087261173808,122.0
Q23-021,leg2-cruise,1146.1168220859668,1153.4433670360088,中继,R3-001,123.88749893900055,122.0
Q23-001,leg2-cruise,1147.960489666592,1155.0517195885568,直连,,101.92431980404214,122.0
Q23-003,leg2-cruise,1152.1655433127185,1159.4593798038827,直连,,116.19527858205697,122.0
Q23-021,leg2-cruise,1153.4433670360088,1160.7699119860508,中继,R3-001,123.94643921115164,122.0
Q23-001,leg2-cruise,1155.0517195885568,1162.142949510522,直连,,101.31045005225988,122.0
Q23-017,S012-handoff,1159.3307003260588,1185.5807003260588,中继,R3-001,127.43842351040759,122.0
Q23-003,leg2-cruise,1159.4593798038827,1166.7532162950467,直连,,115.71456020597117,122.0
Q23-021,leg2-cruise,1160.7699119860508,1168.0964569360926,中继,R3-001,124.00881365782305,122.0
Q23-001,leg2-cruise,1162.142949510522,1169.234179432487,直连,,100.65047414574518,122.0
Q23-004,S002-handoff,1165.8063295718503,1195.8063295718503,中继,R3-001,127.4805746284193,122.0
Q23-003,leg2-cruise,1166.7532162950467,1174.0470527862108,直连,,115.20579743946301,122.0
Q23-021,leg2-cruise,1168.0964569360926,1175.4230018861347,中继,R3-001,124.07446494197337,122.0
Q23-002,S001-handoff,1168.6483708492733,1197.8983708492733,直连,,119.77894086539243,122.0
Q23-001,leg2-cruise,1169.234179432487,1176.325409354452,直连,,99.93701723420259,122.0
Q23-003,leg2-cruise,1174.0470527862108,1181.3408892773748,直连,,114.66553246755427,122.0
Q23-021,leg2-cruise,1175.4230018861347,1182.7495468361767,中继,R3-001,124.14323318943205,122.0
Q23-001,leg2-cruise,1176.325409354452,1183.416639276417,直连,,99.16081851955101,122.0
Q23-003,leg2-cruise,1181.3408892773748,1188.6347257685388,直连,,104.08962984723124,122.0
Q23-021,leg2-cruise,1182.7495468361767,1190.0760917862185,中继,R3-001,124.21495703383046,122.0
Q23-001,leg2-cruise,1183.416639276417,1190.5078691983822,直连,,98.31004690679049,122.0
Q23-017,S012-handoff,1185.5807003260588,1211.8307003260588,中继,R3-001,127.43842351040759,122.0
Q23-003,leg2-cruise,1188.6347257685388,1195.9285622597029,直连,,103.47308837086479,122.0
Q23-021,leg2-cruise,1190.0760917862185,1197.4026367362605,中继,R3-001,124.289474597616,122.0
Q23-001,leg2-cruise,1190.5078691983822,1197.599099120347,直连,,97.3692887234632,122.0
Q23-004,S002-handoff,1195.8063295718503,1225.8063295718503,中继,R3-001,127.4805746284193,122.0
Q23-003,leg2-cruise,1195.9285622597029,1203.222398750867,直连,,102.80978335866854,122.0
Q23-021,leg2-cruise,1197.4026367362605,1204.7291816863026,中继,R3-001,124.36662440168384,122.0
Q23-001,leg2-cruise,1197.599099120347,1204.6903290423122,直连,,96.31801277036193,122.0
Q23-002,S001-handoff,1197.8983708492733,1227.1483708492733,直连,,119.77894086539243,122.0
Q23-003,leg2-cruise,1203.222398750867,1210.516235242031,直连,,102.09210640112423,122.0
Q23-001,leg2-cruise,1204.6903290423122,1211.7815589642773,直连,,95.12818856432047,122.0
Q23-021,leg2-cruise,1204.7291816863026,1212.0557266363444,中继,R3-001,124.44624619819906,122.0
Q23-003,leg2-cruise,1210.516235242031,1217.810071733195,直连,,101.31045005226437,122.0
Q23-001,leg2-cruise,1211.7815589642773,1218.8727888862422,直连,,93.76053992564235,122.0
Q23-017,leg2-climb,1211.8307003260588,1234.0808661382334,中继,R3-001,127.43921118416316,122.0
Q23-021,leg2-cruise,1212.0557266363444,1219.3822715863864,中继,R3-001,124.52818172323839,122.0
Q23-003,leg2-cruise,1217.810071733195,1225.1039082243592,直连,,100.45245132180452,122.0
Q23-001,leg2-cruise,1218.8727888862422,1225.9640188082074,直连,,92.15877456723007,122.0
Q23-021,leg2-cruise,1219.3822715863864,1226.7088165364285,中继,R3-001,124.6122753676859,122.0
Q23-003,leg2-cruise,1225.1039082243592,1232.3977447155232,直连,,99.50184775819227,122.0
Q23-004,S002-handoff,1225.8063295718503,1255.8063295718503,中继,R3-001,127.4805746284193,122.0
Q23-001,leg2-cruise,1225.9640188082074,1233.0552487301725,直连,,90.24208349186472,122.0
Q23-021,leg2-cruise,1226.7088165364285,1234.0353614864703,中继,R3-001,124.69837476644354,122.0
Q23-002,S001-handoff,1227.1483708492733,1256.3983708492733,直连,,119.77894086539243,122.0
Q23-003,leg2-cruise,1232.3977447155232,1239.6915812066873,直连,,98.43668876564163,122.0
Q23-001,leg2-cruise,1233.0552487301725,1240.1464786521374,直连,,87.90557249990259,122.0
Q23-021,leg2-descent,1234.0353614864703,1258.9105039018348,中继,R3-001,124.73869357150858,122.0
Q23-017,leg2-climb,1234.0808661382334,1256.3310319504078,中继,R3-001,127.44131589104262,122.0
Q23-003,leg2-cruise,1239.6915812066873,1246.9854176978513,直连,,97.2264316611331,122.0
Q23-001,leg2-cruise,1240.1464786521374,1247.2377085741025,直连,,85.10671415669991,122.0
Q23-003,leg2-cruise,1246.9854176978513,1254.2792541890153,直连,,95.82703269947991,122.0
Q23-001,leg2-cruise,1247.2377085741025,1254.3289384960676,直连,,82.49070993893825,122.0
Q23-003,leg2-cruise,1254.2792541890153,1261.5730906801793,直连,,94.17233176397204,122.0
Q23-001,leg2-descent,1254.3289384960676,1283.400260517552,直连,,79.04372855980824,122.0
Q23-004,S002-handoff,1255.8063295718503,1285.8063295718503,中继,R3-001,127.4805746284193,122.0
Q23-017,leg2-cruise,1256.3310319504078,1263.8290489959609,中继,R3-001,127.37645144016867,122.0
Q23-002,S001-handoff,1256.3983708492733,1285.6483708492733,直连,,119.77894086539243,122.0
Q23-021,leg2-descent,1258.9105039018348,1283.7856463171995,中继,R3-001,124.732670494878,122.0
Q23-003,leg2-cruise,1261.5730906801793,1268.8669271713434,直连,,92.1587745672424,122.0
Q23-017,leg2-cruise,1263.8290489959609,1271.3270660415142,中继,R3-001,127.24255848358102,122.0
Q23-003,leg2-cruise,1268.8669271713434,1276.1607636625076,直连,,89.62210297240887,122.0
Q23-017,leg2-cruise,1271.3270660415142,1278.8250830870675,中继,R3-001,127.10657171285311,122.0
Q23-003,leg2-cruise,1276.1607636625076,1283.4546001536717,直连,,86.35317246723555,122.0
Q23-017,leg2-cruise,1278.8250830870675,1286.3231001326205,中继,R3-001,126.96842470070757,122.0
Q23-001,leg2-descent,1283.400260517552,1312.4715825390363,直连,,64.31881537331907,122.0
Q23-003,leg2-cruise,1283.4546001536717,1290.7484366448357,直连,,82.77423752426722,122.0
Q23-021,leg2-descent,1283.7856463171995,1308.660788732564,中继,R3-001,124.72778437330088,122.0
Q23-002,S001-handoff,1285.6483708492733,1314.8983708492733,直连,,119.77894086539243,122.0
Q23-004,leg2-climb,1285.8063295718503,1315.6244142886471,中继,R3-001,127.48123623548668,122.0
Q23-017,leg2-cruise,1286.3231001326205,1293.8211171781736,中继,R3-001,126.82804781243328,122.0
Q23-003,leg2-descent,1290.7484366448357,1314.974538329406,直连,,80.15186864653887,122.0
Q23-017,leg2-cruise,1293.8211171781736,1308.8171512692802,中继,R3-001,126.68536799633151,122.0
Q23-021,S014-handoff,1308.660788732564,1338.660788732564,中继,R3-001,124.72576890840894,122.0
Q23-017,leg2-cruise,1308.8171512692802,1316.3151683148333,中继,R3-001,126.3927889082544,122.0
Q23-002,leg2-climb,1314.8983708492733,1332.7096928707576,直连,,119.77991803994453,122.0
Q23-003,leg2-descent,1314.974538329406,1339.2006400139765,直连,,74.48686069242545,122.0
Q23-004,leg2-cruise,1315.6244142886471,1322.5589445235075,中继,R3-001,127.43349458362373,122.0
Q23-017,leg2-cruise,1316.3151683148333,1323.8131853603863,中继,R3-001,126.24272430805301,122.0
Q23-004,leg2-cruise,1322.5589445235075,1329.493474758368,中继,R3-001,127.33523277907855,122.0
Q23-017,leg2-cruise,1323.8131853603863,1331.3112024059396,中继,R3-001,126.09002556601182,122.0
Q23-004,leg2-cruise,1329.493474758368,1336.4280049932281,中继,R3-001,127.23584710458078,122.0
Q23-017,leg2-cruise,1331.3112024059396,1338.809219451493,中继,R3-001,125.93459872824745,122.0
Q23-002,leg2-climb,1332.7096928707576,1350.521014892242,直连,,119.78324676692044,122.0
Q23-004,leg2-cruise,1336.4280049932281,1343.3625352280885,中继,R3-001,127.13531156784614,122.0
Q23-021,S014-handoff,1338.660788732564,1368.660788732564,中继,R3-001,124.72576890840894,122.0
Q23-017,leg2-cruise,1338.809219451493,1346.307236497046,中继,R3-001,125.7763447324203,122.0
Q23-003,leg2-descent,1339.2006400139765,1363.4267416985467,直连,,52.57302368295726,122.0
Q23-004,leg2-cruise,1343.3625352280885,1350.297065462949,中继,R3-001,127.03359926480002,122.0
Q23-017,leg2-cruise,1346.307236497046,1353.805253542599,中继,R3-001,125.61515903129688,122.0
Q23-004,leg2-cruise,1350.297065462949,1357.2315956978093,中继,R3-001,126.93068233644539,122.0
Q23-002,leg2-cruise,1350.521014892242,1357.814851383406,直连,,119.62935937497292,122.0
Q23-017,leg2-cruise,1353.805253542599,1361.3032705881524,中继,R3-001,125.45093118105406,122.0
Q23-004,leg2-cruise,1357.2315956978093,1364.1661259326697,中继,R3-001,126.82653192315877,122.0
Q23-002,leg2-cruise,1357.814851383406,1365.10868787457,直连,,119.30820658433481,122.0
Q23-017,leg2-cruise,1361.3032705881524,1368.8012876337057,中继,R3-001,125.28354439030497,122.0
Q23-004,leg2-cruise,1364.1661259326697,1371.1006561675301,中继,R3-001,126.72111811621215,122.0
Q23-002,leg2-cruise,1365.10868787457,1372.4025243657343,直连,,118.97474563504288,122.0
Q23-021,S014-handoff,1368.660788732564,1398.660788732564,中继,R3-001,124.72576890840894,122.0
Q23-017,leg2-cruise,1368.8012876337057,1376.2993046792587,中继,R3-001,125.11287502526568,122.0
Q23-004,leg2-cruise,1371.1006561675301,1378.0351864023905,中继,R3-001,126.61440990633187,122.0
Q23-002,leg2-cruise,1372.4025243657343,1379.6963608568983,直连,,118.62799747227146,122.0
Q23-017,leg2-cruise,1376.2993046792587,1383.7973217248118,中继,R3-001,124.9387920658626,122.0
Q23-004,leg2-cruise,1378.0351864023905,1384.9697166372507,中继,R3-001,126.50637512906232,122.0
Q23-002,leg2-cruise,1379.6963608568983,1386.9901973480623,直连,,118.2668616487555,122.0
Q23-017,leg2-cruise,1383.7973217248118,1391.295338770365,中继,R3-001,124.76115650683231,122.0
Q23-004,leg2-cruise,1384.9697166372507,1391.9042468721111,中继,R3-001,126.39698040670025,122.0
Q23-002,leg2-cruise,1386.9901973480623,1394.2840338392264,直连,,117.89009544154852,122.0
Q23-017,leg2-cruise,1391.295338770365,1398.7933558159184,中继,R3-001,124.57982069702501,122.0
Q23-004,leg2-cruise,1391.9042468721111,1398.8387771069715,中继,R3-001,126.28619108653749,122.0
Q23-002,leg2-cruise,1394.2840338392264,1401.5778703303904,直连,,117.49628828895406,122.0
Q23-021,S014-handoff,1398.660788732564,1428.660788732564,中继,R3-001,124.72576890840894,122.0
Q23-017,leg2-cruise,1398.7933558159184,1406.2913728614715,中继,R3-001,124.39462760912207,122.0
Q23-004,leg2-cruise,1398.8387771069715,1405.773307341832,中继,R3-001,126.17397117512493,122.0
Q23-002,leg2-cruise,1401.5778703303904,1408.8717068215544,直连,,117.08383023406073,122.0
Q23-004,leg2-cruise,1405.773307341832,1412.7078375766923,中继,R3-001,126.0602832682464,122.0
Q23-017,leg2-cruise,1406.2913728614715,1413.7893899070245,中继,R3-001,124.2054100307898,122.0
Q23-002,leg2-cruise,1408.8717068215544,1416.1655433127185,直连,,116.65087261173808,122.0
Q23-004,leg2-cruise,1412.7078375766923,1419.6423678115525,中继,R3-001,125.94508847626597,122.0
Q23-017,leg2-cruise,1413.7893899070245,1421.2874069525778,中继,R3-001,124.01198966696734,122.0
Q23-002,leg2-cruise,1416.1655433127185,1423.4593798038827,直连,,116.19527858205697,122.0
Q23-004,leg2-cruise,1419.6423678115525,1426.576898046413,中继,R3-001,125.82834634447137,122.0
Q23-017,leg2-cruise,1421.2874069525778,1428.7854239981311,中继,R3-001,123.81417614131661,122.0
Q23-002,leg2-cruise,1423.4593798038827,1430.7532162950467,直连,,115.71456020597117,122.0
Q23-004,leg2-cruise,1426.576898046413,1433.5114282812733,中继,R3-001,125.71001476801537,122.0
Q23-021,S014-handoff,1428.660788732564,1458.660788732564,中继,R3-001,124.72576890840894,122.0
Q23-017,leg2-cruise,1428.7854239981311,1436.2834410436842,中继,R3-001,123.61176588299493,122.0
Q23-002,leg2-cruise,1430.7532162950467,1438.0470527862108,直连,,115.20579743946301,122.0
Q23-004,leg2-cruise,1433.5114282812733,1440.4459585161335,中继,R3-001,125.5900499009932,122.0
Q23-017,leg2-cruise,1436.2834410436842,1443.7814580892373,中继,R3-001,123.40454088262179,122.0
Q23-002,leg2-cruise,1438.0470527862108,1445.3408892773748,直连,,114.66553246755427,122.0
Q23-004,leg2-cruise,1440.4459585161335,1447.380488750994,中继,R3-001,125.46840605918035,122.0
Q23-017,leg2-cruise,1443.7814580892373,1451.2794751347906,中继,R3-001,123.19226729862442,122.0
Q23-002,leg2-cruise,1445.3408892773748,1452.6347257685388,直连,,104.08962984723124,122.0
Q23-004,leg2-cruise,1447.380488750994,1454.3150189858543,中继,R3-001,125.34503561589283,122.0
Q23-017,leg2-cruise,1451.2794751347906,1458.7774921803439,中继,R3-001,122.97469389192098,122.0
Q23-002,leg2-cruise,1452.6347257685388,1459.9285622597029,直连,,103.47308837086479,122.0
Q23-004,leg2-cruise,1454.3150189858543,1461.2495492207147,中继,R3-001,125.21988889036305,122.0
Q23-021,S014-handoff,1458.660788732564,1488.660788732564,中继,R3-001,124.72576890840894,122.0
Q23-017,leg2-cruise,1458.7774921803439,1466.275509225897,中继,R3-001,122.75155026303156,122.0
Q23-002,leg2-cruise,1459.9285622597029,1467.222398750867,直连,,102.80978335866854,122.0
Q23-004,leg2-cruise,1461.2495492207147,1468.184079455575,中继,R3-001,125.09291402799505,122.0
Q23-017,leg2-cruise,1466.275509225897,1473.77352627145,中继,R3-001,122.52254486106396,122.0
Q23-002,leg2-cruise,1467.222398750867,1474.516235242031,直连,,102.09210640112423,122.0
Q23-004,leg2-cruise,1468.184079455575,1475.1186096904355,中继,R3-001,124.96405687176458,122.0
Q23-017,leg2-cruise,1473.77352627145,1481.2715433170033,中继,R3-001,122.28736272834054,122.0
Q23-002,leg2-cruise,1474.516235242031,1481.810071733195,直连,,101.31045005226437,122.0
Q23-004,leg2-cruise,1475.1186096904355,1482.053139925296,中继,R3-001,124.83326082398477,122.0
Q23-017,leg2-cruise,1481.2715433170033,1488.7695603625566,中继,R3-001,122.04566293766102,122.0
Q23-002,leg2-cruise,1481.810071733195,1489.1039082243592,直连,,100.45245132180452,122.0
Q23-004,leg2-cruise,1482.053139925296,1488.9876701601563,中继,R3-001,124.70046669753852,122.0
Q23-021,leg3-climb,1488.660788732564,1515.4327206987098,中继,R3-001,124.72842559469186,122.0
Q23-017,leg2-cruise,1488.7695603625566,1496.2675774081097,直连,,121.79707567075049,122.0
Q23-004,leg2-cruise,1488.9876701601563,1495.9222003950167,中继,R3-001,124.56561255561968,122.0
Q23-002,leg2-cruise,1489.1039082243592,1496.3977447155232,直连,,99.50184775819227,122.0
Q23-004,leg2-cruise,1495.9222003950167,1502.856730629877,中继,R3-001,124.42863353888724,122.0
Q23-017,leg2-cruise,1496.2675774081097,1503.7655944536627,直连,,121.54119887624083,122.0
Q23-002,leg2-cruise,1496.3977447155232,1503.6915812066873,直连,,98.43668876564163,122.0
Q23-004,leg2-cruise,1502.856730629877,1509.7912608647373,中继,R3-001,124.28946167883664,122.0
Q23-002,leg2-cruise,1503.6915812066873,1510.9854176978513,直连,,97.2264316611331,122.0
Q23-017,leg2-cruise,1503.7655944536627,1511.263611499216,直连,,121.27759443286082,122.0
Q23-004,leg2-cruise,1509.7912608647373,1516.7257910995977,中继,R3-001,124.14802569604834,122.0
Q23-002,leg2-cruise,1510.9854176978513,1518.2792541890153,直连,,95.82703269947991,122.0
Q23-017,leg2-cruise,1511.263611499216,1518.7616285447693,直连,,121.00578372782347,122.0
Q23-021,leg3-climb,1515.4327206987098,1542.2046526648558,中继,R3-001,124.73516448869171,122.0
Q23-004,leg2-cruise,1516.7257910995977,1523.6603213344579,中继,R3-001,124.00425078181809,122.0
Q23-002,leg2-cruise,1518.2792541890153,1525.5730906801793,直连,,94.17233176397204,122.0
Q23-017,leg2-cruise,1518.7616285447693,1526.2596455903224,直连,,120.72524254084759,122.0
Q23-004,leg2-cruise,1523.6603213344579,1530.5948515693183,中继,R3-001,123.85805836150048,122.0
Q23-002,leg2-cruise,1525.5730906801793,1532.8669271713434,直连,,92.1587745672424,122.0
Q23-017,leg2-cruise,1526.2596455903224,1533.7576626358755,直连,,120.43539509973516,122.0
Q23-004,leg2-cruise,1530.5948515693183,1537.5293818041787,中继,R3-001,123.70936583770319,122.0
Q23-002,leg2-cruise,1532.8669271713434,1540.1607636625076,直连,,89.62210297240887,122.0
Q23-017,leg2-cruise,1533.7576626358755,1541.2556796814288,直连,,110.13560714248808,122.0
Q23-004,leg2-cruise,1537.5293818041787,1544.463912039039,中继,R3-001,123.55808631123655,122.0
Q23-002,leg2-cruise,1540.1607636625076,1547.4546001536717,直连,,86.35317246723555,122.0
Q23-017,leg2-cruise,1541.2556796814288,1548.753696726982,直连,,109.8251777816035,122.0
Q23-021,leg3-climb,1542.2046526648558,1568.9765846310015,中继,R3-001,124.74379644824026,122.0
Q23-004,leg2-cruise,1544.463912039039,1551.3984422738995,中继,R3-001,123.40412827746789,122.0
Q23-002,leg2-cruise,1547.4546001536717,1554.7484366448357,直连,,82.77423752426722,122.0
Q23-017,leg2-cruise,1548.753696726982,1556.2517137725351,直连,,109.5033299160613,122.0
Q23-004,leg2-cruise,1551.3984422738995,1558.33297250876,中继,R3-001,123.24739529543568,122.0
Q23-002,leg2-descent,1554.7484366448357,1578.974538329406,直连,,80.15186864653887,122.0
Q23-017,leg2-cruise,1556.2517137725351,1563.7497308180882,直连,,109.16919887170407,122.0
Q23-004,leg2-cruise,1558.33297250876,1565.2675027436203,中继,R3-001,123.08778562674388,122.0
Q23-017,leg2-cruise,1563.7497308180882,1571.2477478636415,直连,,108.8218188669165,122.0
Q23-004,leg2-cruise,1565.2675027436203,1572.2020329784807,中继,R3-001,122.92519184086714,122.0
Q23-021,leg3-cruise,1568.9765846310015,1575.6792972479006,中继,R3-001,124.66829201755878,122.0
Q23-017,leg2-cruise,1571.2477478636415,1578.7457649091948,直连,,108.4601067907912,122.0
Q23-004,leg2-cruise,1572.2020329784807,1579.136563213341,中继,R3-001,122.75950038305099,122.0
Q23-021,leg3-cruise,1575.6792972479006,1582.3820098647996,中继,R3-001,124.50497938374117,122.0
Q23-017,leg2-cruise,1578.7457649091948,1586.2437819547479,直连,,108.08284263650026,122.0
Q23-002,leg2-descent,1578.974538329406,1603.2006400139765,直连,,74.48686069242545,122.0
Q23-004,leg2-cruise,1579.136563213341,1586.0710934482013,中继,R3-001,122.59059110047345,122.0
Q23-021,leg3-cruise,1582.3820098647996,1589.0847224816985,中继,R3-001,124.33856003103233,122.0
Q23-004,leg2-cruise,1586.0710934482013,1593.0056236830617,中继,R3-001,122.41833672175167,122.0
Q23-017,leg2-cruise,1586.2437819547479,1593.741799000301,直连,,107.68864574058453,122.0
Q23-021,leg3-cruise,1589.0847224816985,1595.7874350985976,中继,R3-001,124.16891439368099,122.0
Q23-004,leg2-cruise,1593.0056236830617,1599.940153917922,中继,R3-001,122.24260228416433,122.0
Q23-017,leg2-cruise,1593.741799000301,1601.2398160458542,直连,,107.2759457216585,122.0
Q23-021,leg3-cruise,1595.7874350985976,1602.4901477154967,中继,R3-001,123.99591592654448,122.0
Q23-004,leg2-cruise,1599.940153917922,1606.8746841527823,中继,R3-001,122.0632445021913,122.0
Q23-017,leg2-cruise,1601.2398160458542,1608.7378330914075,直连,,106.84294666426135,122.0
Q23-021,leg3-cruise,1602.4901477154967,1609.1928603323956,中继,R3-001,123.81943055615673,122.0
Q23-002,leg2-descent,1603.2006400139765,1627.4267416985467,直连,,52.57302368295726,122.0
Q23-004,leg2-cruise,1606.8746841527823,1613.8092143876427,直连,,121.88011106999005,122.0
Q23-017,leg2-cruise,1608.7378330914075,1616.2358501369606,直连,,106.38758261940322,122.0
Q23-021,leg3-cruise,1609.1928603323956,1615.8955729492945,中继,R3-001,123.63931607733542,122.0
Q23-004,leg2-cruise,1613.8092143876427,1620.743744622503,直连,,121.69303988938151,122.0
Q23-021,leg3-cruise,1615.8955729492945,1622.5982855661937,中继,R3-001,123.45542148874146,122.0
Q23-017,leg2-cruise,1616.2358501369606,1623.7338671825137,直连,,105.90746184149984,122.0
Q23-004,leg2-cruise,1620.743744622503,1627.6782748573635,直连,,121.50185821357691,122.0
Q23-021,leg3-cruise,1622.5982855661937,1629.3009981830928,中继,R3-001,123.26758625994674,122.0
Q23-017,leg2-cruise,1623.7338671825137,1631.231884228067,直连,,105.39979627777717,122.0
Q23-004,leg2-cruise,1627.6782748573635,1634.6128050922239,直连,,121.30638169543226,122.0
Q23-021,leg3-cruise,1629.3009981830928,1636.003710799992,中继,R3-001,123.07563952149852,122.0
Q23-017,leg2-cruise,1631.231884228067,1638.7299012736203,直连,,104.86131156645747,122.0
Q23-004,leg2-cruise,1634.6128050922239,1641.5473353270843,直连,,121.1064133271325,122.0
Q23-021,leg3-cruise,1636.003710799992,1642.706423416891,中继,R3-001,122.87939916814918,122.0
Q23-017,leg2-cruise,1638.7299012736203,1646.2279183191733,直连,,104.28813103685562,122.0
Q23-004,leg2-cruise,1641.5473353270843,1648.4818655619447,直连,,120.90174225618718,122.0
Q23-021,leg3-cruise,1642.706423416891,1649.40913603379,中继,R3-001,122.67867086403362,122.0
Q23-017,leg2-cruise,1646.2279183191733,1653.7259353647264,直连,,103.67562474112609,122.0
Q23-004,leg2-cruise,1648.4818655619447,1655.416395796805,直连,,120.69214246000695,122.0
Q23-021,leg3-cruise,1649.40913603379,1656.111848650689,中继,R3-001,122.47324693687942,122.0
Q23-017,leg2-cruise,1653.7259353647264,1661.2239524102797,直连,,103.01821114618785,122.0
Q23-004,leg2-cruise,1655.416395796805,1662.3509260316655,直连,,120.47737125838424,122.0
Q23-021,leg3-cruise,1656.111848650689,1662.814561267588,中继,R3-001,122.26290514623548,122.0
Q23-017,leg2-cruise,1661.2239524102797,1668.721969455833,直连,,102.30909457181788,122.0
Q23-004,leg2-cruise,1662.3509260316655,1669.2854562665257,直连,,120.25716763950985,122.0
Q23-021,leg3-cruise,1662.814561267588,1669.5172738844872,中继,R3-001,122.04740730851121,122.0
Q23-017,leg2-cruise,1668.721969455833,1676.219986501386,直连,,101.53991589554677,122.0
Q23-004,leg2-cruise,1669.2854562665257,1676.219986501386,直连,,120.0312503708868,122.0
Q23-021,leg3-cruise,1669.5172738844872,1676.219986501386,直连,,121.82649775869002,122.0
Q23-004,leg2-cruise,1676.219986501386,1683.414735695335,直连,,119.79490459918102,122.0
Q23-017,leg2-cruise,1676.219986501386,1682.3317378515121,直连,,100.78118604720457,122.0
Q23-021,leg3-cruise,1676.219986501386,1683.2612199575224,直连,,121.5941033482249,122.0
Q23-017,leg2-cruise,1682.3317378515121,1688.4434892016382,直连,,100.04243072298857,122.0
Q23-021,leg3-cruise,1683.2612199575224,1690.302453413659,直连,,121.34945066749272,122.0
Q23-004,leg2-cruise,1683.414735695335,1690.6094848892837,直连,,119.54742774927486,122.0
Q23-017,leg2-cruise,1688.4434892016382,1694.5552405517642,直连,,99.24067541532855,122.0
Q23-021,leg3-cruise,1690.302453413659,1697.3436868697952,直连,,121.09781533657772,122.0
Q23-004,leg2-cruise,1690.6094848892837,1697.8042340832326,直连,,119.2927142348771,122.0
Q23-017,leg2-cruise,1694.5552405517642,1700.6669919018902,直连,,98.36568044348951,122.0
Q23-021,leg3-cruise,1697.3436868697952,1704.3849203259315,直连,,120.83879399585074,122.0
Q23-004,leg2-cruise,1697.8042340832326,1704.9989832771814,直连,,119.0303294643719,122.0
Q23-017,leg2-cruise,1700.6669919018902,1706.7787432520163,直连,,97.40522650847839,122.0
Q23-021,leg3-cruise,1704.3849203259315,1711.4261537820678,直连,,120.57194799674338,122.0
Q23-004,leg2-cruise,1704.9989832771814,1712.1937324711303,直连,,118.75979862348521,122.0
Q23-017,leg2-cruise,1706.7787432520163,1712.8904946021426,直连,,96.34519866907182,122.0
Q23-021,leg3-cruise,1711.4261537820678,1718.467387238204,直连,,110.29679926105099,122.0
Q23-004,leg2-cruise,1712.1937324711303,1719.388481665079,直连,,118.48060157272297,122.0
Q23-017,leg2-cruise,1712.8904946021426,1719.0022459522686,直连,,95.17069820294668,122.0
Q23-021,leg3-cruise,1718.467387238204,1725.5086206943406,直连,,110.01282553317185,122.0
Q23-017,leg2-cruise,1719.0022459522686,1725.1139973023946,直连,,93.87014840885908,122.0
Q23-004,leg2-cruise,1719.388481665079,1726.583230859028,直连,,118.19216691262918,122.0
Q23-017,leg2-cruise,1725.1139973023946,1731.2257486525207,直连,,92.44764630610109,122.0
Q23-021,leg3-cruise,1725.5086206943406,1732.549854150477,直连,,109.71945491969463,122.0
Q23-004,leg2-cruise,1726.583230859028,1733.7779800529768,直连,,117.89386504925861,122.0
Q23-017,leg2-cruise,1731.2257486525207,1737.3375000026467,直连,,90.95614664182156,122.0
Q23-021,leg3-cruise,1732.549854150477,1739.5910876066132,直连,,109.41605959001116,122.0
Q23-004,leg2-cruise,1733.7779800529768,1740.9727292469256,直连,,117.5850000517462,122.0
Q23-017,leg2-cruise,1737.3375000026467,1743.4492513527728,直连,,89.57038799733508,122.0
Q23-021,leg3-cruise,1739.5910876066132,1746.6323210627497,直连,,109.10194848658844,122.0
Q23-004,leg2-cruise,1740.9727292469256,1748.1674784408744,直连,,107.26480004178406,122.0
Q23-017,leg2-cruise,1743.4492513527728,1749.5610027028988,直连,,88.66630575459988,122.0
Q23-021,leg3-cruise,1746.6323210627497,1753.673554518886,直连,,108.77635886339554,122.0
Q23-004,leg2-cruise,1748.1674784408744,1755.3622276348233,直连,,106.93240578743092,122.0
Q23-017,leg2-descent,1749.5610027028988,1778.1211021902036,直连,,87.28503714858458,122.0
Q23-021,leg3-cruise,1753.673554518886,1760.7147879750223,直连,,108.4384464349048,122.0
Q23-014,leg1-climb,1754.0,1778.520933227539,直连,,60.6021683356789,122.0
Q23-004,leg2-cruise,1755.3622276348233,1762.5569768287721,直连,,106.58685708566709,122.0
Q23-021,leg3-cruise,1760.7147879750223,1767.7560214311586,直连,,108.08727387528451,122.0
Q23-004,leg2-cruise,1762.5569768287721,1769.751726022721,直连,,106.22707640230642,122.0
Q23-021,leg3-cruise,1767.7560214311586,1774.797254887295,直连,,107.72179735761392,122.0
Q23-004,leg2-cruise,1769.751726022721,1776.9464752166698,直连,,105.85184908396317,122.0
Q23-021,leg3-cruise,1774.797254887295,1781.8384883434314,直连,,107.3408507662059,122.0
Q23-004,leg2-cruise,1776.9464752166698,1784.1412244106186,直连,,105.45979925018261,122.0
Q23-017,leg2-descent,1778.1211021902036,1806.6812016775082,直连,,84.05484423999417,122.0
Q23-014,leg1-climb,1778.520933227539,1803.041866455078,直连,,77.19526326568273,122.0
Q23-021,leg3-cruise,1781.8384883434314,1788.8797217995677,直连,,106.94312715417801,122.0
Q23-004,leg2-cruise,1784.1412244106186,1791.3359736045675,直连,,105.04936019387596,122.0
Q23-021,leg3-cruise,1788.8797217995677,1795.920955255704,直连,,106.52715695848953,122.0
Q23-004,leg2-cruise,1791.3359736045675,1798.5307227985163,直连,,104.61873773421901,122.0
Q23-021,leg3-cruise,1795.920955255704,1802.9621887118406,直连,,106.09128243897776,122.0
Q23-004,leg2-cruise,1798.5307227985163,1805.7254719924654,直连,,104.1658644337621,122.0
Q23-021,leg3-cruise,1802.9621887118406,1810.0034221679769,直连,,105.6336278027628,122.0
Q23-014,leg1-climb,1803.041866455078,1827.5627996826172,直连,,82.54794938210716,122.0
Q23-004,leg2-cruise,1805.7254719924654,1812.9202211864142,直连,,103.68834184383186,122.0
Q23-017,leg2-descent,1806.6812016775082,1835.2413011648127,直连,,78.85462513877255,122.0
Q23-021,leg3-cruise,1810.0034221679769,1817.0446556241131,直连,,105.15206456329531,122.0
Q23-004,leg2-cruise,1812.9202211864142,1820.114970380363,直连,,103.18336687883819,122.0
Q23-021,leg3-cruise,1817.0446556241131,1824.0858890802494,直连,,104.64417196689031,122.0
Q23-004,leg2-cruise,1820.114970380363,1827.3097195743119,直连,,102.64763688676547,122.0
Q23-021,leg3-cruise,1824.0858890802494,1831.1271225363857,直连,,104.10719299808808,122.0
Q23-004,leg2-cruise,1827.3097195743119,1834.5044687682607,直连,,102.07722574182166,122.0
Q23-014,leg1-climb,1827.5627996826172,1852.0837329101562,直连,,85.83521409748177,122.0
Q23-021,leg3-cruise,1831.1271225363857,1838.1683559925223,直连,,103.53798793617418,122.0
Q23-004,leg2-cruise,1834.5044687682607,1841.6992179622096,直连,,101.46741996286015,122.0
Q23-017,leg2-descent,1835.2413011648127,1863.8014006521175,直连,,63.972286682761336,122.0
Q23-021,leg3-cruise,1838.1683559925223,1845.2095894486586,直连,,102.93299043683159,122.0
Q23-004,leg2-cruise,1841.6992179622096,1848.8939671561584,直连,,100.8124988721039,122.0
Q23-021,leg3-cruise,1845.2095894486586,1852.2508229047949,直连,,102.28817715063083,122.0
Q23-004,leg2-cruise,1848.8939671561584,1856.0887163501072,直连,,100.10543523392953,122.0
Q23-014,leg1-cruise,1852.0837329101562,1859.210239648426,直连,,87.3439354487481,122.0
Q23-021,leg3-cruise,1852.2508229047949,1859.2920563609314,直连,,101.5990739400763,122.0
Q23-004,leg2-cruise,1856.0887163501072,1863.283465544056,直连,,99.33748124538103,122.0
Q23-014,leg1-cruise,1859.210239648426,1866.3367463866962,直连,,88.8869148528952,122.0
Q23-021,leg3-cruise,1859.2920563609314,1866.3332898170677,直连,,100.86084578250613,122.0
Q23-004,leg2-cruise,1863.283465544056,1870.478214738005,直连,,98.49758718298051,122.0
Q23-021,leg3-cruise,1866.3332898170677,1873.374523273204,直连,,100.06856539536875,122.0
Q23-014,leg1-cruise,1866.3367463866962,1873.4632531249663,直连,,90.92282176200102,122.0
Q23-004,leg2-cruise,1870.478214738005,1877.6729639319537,直连,,97.5715742094329,122.0
Q23-021,leg3-cruise,1873.374523273204,1880.4157567293403,直连,,99.21785105208072,122.0
Q23-014,leg1-cruise,1873.4632531249663,1880.5897598632362,直连,,92.85784233607572,122.0
Q23-004,leg2-cruise,1877.6729639319537,1884.8677131259026,直连,,96.54094903653224,122.0
Q23-021,leg3-cruise,1880.4157567293403,1887.4569901854766,直连,,98.3062509911928,122.0
Q23-014,leg1-cruise,1880.5897598632362,1887.716266601506,直连,,94.55862433957557,122.0
Q23-004,leg2-cruise,1884.8677131259026,1892.0624623198514,直连,,95.3812216387071,122.0
Q23-021,leg3-cruise,1887.4569901854766,1894.498223641613,直连,,97.33610038957495,122.0
Q23-014,leg1-cruise,1887.716266601506,1894.8427733397762,直连,,96.0355366298698,122.0
Q23-004,leg2-cruise,1892.0624623198514,1899.2572115138003,直连,,94.05965315223452,122.0
Q23-021,leg3-cruise,1894.498223641613,1901.5394570977494,直连,,96.32014220885044,122.0
Q23-014,leg1-cruise,1894.8427733397762,1901.9692800780463,直连,,97.32578265196948,122.0
Q23-004,leg2-cruise,1899.2572115138003,1906.451960707749,直连,,92.5329148089744,122.0
Q23-021,leg3-cruise,1901.5394570977494,1908.5806905538857,直连,,95.29175030204779,122.0
Q23-014,leg1-cruise,1901.9692800780463,1909.0957868163161,直连,,98.46474827443372,122.0
Q23-004,leg2-cruise,1906.451960707749,1913.646709901698,直连,,90.74798997764934,122.0
Q23-021,leg3-cruise,1908.5806905538857,1915.6219240100222,直连,,94.32054992719901,122.0
Q23-014,leg1-cruise,1909.0957868163161,1916.222293554586,直连,,99.48098673732589,122.0
Q23-004,leg2-cruise,1913.646709901698,1920.8414590956468,直连,,88.66322760542081,122.0
Q23-021,leg3-cruise,1915.6219240100222,1922.6631574661585,直连,,93.52663681803159,122.0
Q23-014,leg1-cruise,1916.222293554586,1923.3488002928561,直连,,100.39665627183963,122.0
Q23-004,leg2-cruise,1920.8414590956468,1928.0362082895956,直连,,86.36619648914788,122.0
Q23-021,leg3-cruise,1922.6631574661585,1929.7043909222948,直连,,93.06766124593922,122.0
Q23-014,leg1-cruise,1923.3488002928561,1930.4753070311262,直连,,101.22888192180108,122.0
Q23-004,leg2-cruise,1928.0362082895956,1935.2309574835444,直连,,84.50506108344433,122.0
Q23-021,leg3-descent,1929.7043909222948,1956.2328130763126,直连,,92.3328967381445,122.0
Q23-014,leg1-cruise,1930.4753070311262,1937.6018137693961,直连,,101.99100205154441,122.0
Q23-004,leg2-descent,1935.2309574835444,1959.3981913702632,直连,,82.40264797547299,122.0
Q23-014,leg1-cruise,1937.6018137693961,1958.9813339842062,直连,,102.69352917351578,122.0
Q23-021,leg3-descent,1956.2328130763126,1982.7612352303306,直连,,90.8047085154363,122.0
Q23-014,leg1-cruise,1958.9813339842062,1966.107840722476,直连,,104.51981304511634,122.0
Q23-004,leg2-descent,1959.3981913702632,1983.5654252569818,直连,,77.03365564741472,122.0
Q23-014,leg1-cruise,1966.107840722476,1987.4873609372862,直连,,105.05358718632202,122.0
Q23-021,leg3-descent,1982.7612352303306,2009.2896573843484,直连,,88.94900548627041,122.0
Q23-004,leg2-descent,1983.5654252569818,2007.7326591437006,直连,,60.23392494929281,122.0
Q23-014,leg1-cruise,1987.4873609372862,2015.9933878903662,直连,,106.48476385922534,122.0
Q23-021,leg3-descent,2009.2896573843484,2035.8180795383662,直连,,86.58600845751735,122.0
Q23-014,leg1-cruise,2015.9933878903662,2037.3729081051763,直连,,108.08978837110828,122.0
Q23-021,leg3-descent,2035.8180795383662,2062.346501692384,直连,,83.32953249622855,122.0
Q23-014,leg1-cruise,2037.3729081051763,2051.6259215817163,直连,,109.12594155082891,122.0
Q23-011,leg1-climb,2048.0,2074.49478515625,直连,,62.411896141594276,122.0
Q23-014,leg1-cruise,2051.6259215817163,2065.8789350582565,直连,,109.75422264208498,122.0
Q23-021,leg3-descent,2062.346501692384,2088.874923846402,直连,,78.05955500626013,122.0
Q23-014,leg1-cruise,2065.8789350582565,2080.1319485347963,直连,,110.34032414718452,122.0
Q23-011,leg1-climb,2074.49478515625,2100.9895703125,直连,,78.04575938899086,122.0
Q23-014,leg1-cruise,2080.1319485347963,2094.384962011336,直连,,110.88953065787427,122.0
Q23-021,leg3-descent,2088.874923846402,2115.40334600042,直连,,62.439690901486806,122.0
Q23-014,leg1-cruise,2094.384962011336,2101.511468749606,直连,,111.40619577999452,122.0
Q23-011,leg1-climb,2100.9895703125,2127.48435546875,直连,,83.31699936871911,122.0
Q23-014,leg1-cruise,2101.511468749606,2130.0174957026866,直连,,111.6534830858873,122.0
Q23-011,leg1-cruise,2127.48435546875,2137.1440024409562,直连,,85.7580434279181,122.0
Q23-014,leg1-cruise,2130.0174957026866,2137.1440024409562,直连,,112.57792005652806,122.0
Q23-011,leg1-cruise,2137.1440024409562,2144.3066766445218,直连,,88.59032109512397,122.0
Q23-014,leg1-cruise,2137.1440024409562,2151.3424066704597,中继,R3-002,112.7940663914562,122.0
Q23-011,leg1-cruise,2144.3066766445218,2151.469350848087,直连,,91.0443716786651,122.0
Q23-014,leg1-cruise,2151.3424066704597,2158.4416087852114,中继,R3-002,123.21012088150646,122.0
Q23-011,leg1-cruise,2151.469350848087,2158.632025051652,直连,,93.12738393520117,122.0
Q23-014,leg1-cruise,2158.4416087852114,2165.540810899963,中继,R3-002,123.41092323669184,122.0
Q23-011,leg1-cruise,2158.632025051652,2165.7946992552174,直连,,94.87310887871664,122.0
Q23-014,leg1-cruise,2165.540810899963,2172.640013014715,中继,R3-002,123.60719844391332,122.0
Q23-011,leg1-cruise,2165.7946992552174,2172.957373458783,直连,,96.35640064950915,122.0
Q23-014,leg1-cruise,2172.640013014715,2179.7392151294666,中继,R3-002,123.79914569940182,122.0
Q23-011,leg1-cruise,2172.957373458783,2180.120047662348,直连,,97.63851522949564,122.0
Q23-014,leg1-cruise,2179.7392151294666,2186.8384172442184,中继,R3-002,123.98695136237461,122.0
Q23-011,leg1-cruise,2180.120047662348,2187.282721865913,直连,,98.76421719102603,122.0
Q23-014,leg1-cruise,2186.8384172442184,2193.93761935897,中继,R3-002,124.17079003265557,122.0
Q23-011,leg1-cruise,2187.282721865913,2194.445396069478,直连,,99.76587076736841,122.0
Q23-014,leg1-cruise,2193.93761935897,2201.036821473722,中继,R3-002,124.35082551776718,122.0
Q23-011,leg1-cruise,2194.445396069478,2201.6080702730433,直连,,100.66720155818427,122.0
Q23-014,leg1-cruise,2201.036821473722,2208.1360235884736,中继,R3-002,124.52721170278478,122.0
Q23-011,leg1-cruise,2201.6080702730433,2208.770744476609,直连,,101.48595158700428,122.0
Q23-014,leg1-cruise,2208.1360235884736,2215.2352257032253,中继,R3-002,124.70009333445222,122.0
Q23-011,leg1-cruise,2208.770744476609,2215.9334186801743,直连,,102.23566079647556,122.0
Q23-014,leg1-cruise,2215.2352257032253,2222.334427817977,中继,R3-002,124.86960672947394,122.0
Q23-011,leg1-cruise,2215.9334186801743,2223.0960928837394,直连,,102.92686064661888,122.0
Q23-014,leg1-cruise,2222.334427817977,2229.4336299327288,中继,R3-002,125.03588041559833,122.0
Q23-011,leg1-cruise,2223.0960928837394,2230.2587670873045,直连,,103.56788495024554,122.0
Q23-014,leg1-cruise,2229.4336299327288,2236.5328320474805,中继,R3-002,125.19903571300087,122.0
Q23-011,leg1-cruise,2230.2587670873045,2237.4214412908696,直连,,104.16543103020344,122.0
Q23-014,leg1-cruise,2236.5328320474805,2243.6320341622322,中继,R3-002,125.35918726249515,122.0
Q23-011,leg1-cruise,2237.4214412908696,2244.5841154944346,直连,,104.72495573635656,122.0
Q23-014,leg1-cruise,2243.6320341622322,2250.731236276984,中继,R3-002,125.51644350629851,122.0
Q23-011,leg1-cruise,2244.5841154944346,2251.746789698,直连,,105.2509602616628,122.0
Q23-014,leg1-cruise,2250.731236276984,2257.8304383917357,中继,R3-002,125.67090712637007,122.0
Q23-011,leg1-cruise,2251.746789698,2258.9094639015657,直连,,105.74719865442553,122.0
Q23-014,leg1-cruise,2257.8304383917357,2264.929640506487,中继,R3-002,125.82267544472853,122.0
Q23-011,leg1-cruise,2258.9094639015657,2266.0721381051308,直连,,106.21683299790986,122.0
Q23-014,leg1-cruise,2264.929640506487,2272.0288426212387,中继,R3-002,125.97184078963205,122.0
Q23-011,leg1-cruise,2266.0721381051308,2273.234812308696,直连,,106.66255065515416,122.0
Q23-014,leg1-cruise,2272.0288426212387,2279.1280447359904,中继,R3-002,126.11849083105264,122.0
Q23-011,leg1-cruise,2273.234812308696,2280.3974865122614,直连,,107.08665408646503,122.0
Q23-014,leg1-cruise,2279.1280447359904,2286.227246850742,中继,R3-002,126.26270888848114,122.0
Q23-011,leg1-cruise,2280.3974865122614,2287.560160715827,直连,,107.49113053350062,122.0
Q23-014,leg1-cruise,2286.227246850742,2293.326448965494,中继,R3-002,126.40457421375304,122.0
Q23-011,leg1-cruise,2287.560160715827,2294.722834919392,直连,,107.87770671530778,122.0
Q23-014,leg1-cruise,2293.326448965494,2300.4256510802456,中继,R3-002,126.54416225128062,122.0
Q23-011,leg1-cruise,2294.722834919392,2301.885509122957,直连,,108.24789222115069,122.0
Q23-014,leg1-cruise,2300.4256510802456,2307.5248531949974,中继,R3-002,126.68154487783134,122.0
Q23-011,leg1-cruise,2301.885509122957,2309.048183326522,直连,,108.60301427622966,122.0
Q23-014,leg1-cruise,2307.5248531949974,2314.624055309749,中继,R3-002,126.81679062373931,122.0
Q23-011,leg1-cruise,2309.048183326522,2316.210857530087,直连,,108.94424584947315,122.0
Q23-014,leg1-cruise,2314.624055309749,2321.723257424501,中继,R3-002,126.94996487725184,122.0
Q23-011,leg1-cruise,2316.210857530087,2323.3735317336527,直连,,109.2726285699942,122.0
Q23-014,leg1-cruise,2321.723257424501,2328.8224595392526,中继,R3-002,127.08113007352968,122.0
Q23-011,leg1-cruise,2323.3735317336527,2330.5362059372183,直连,,109.58909155699492,122.0
Q23-014,leg1-cruise,2328.8224595392526,2335.9216616540043,中继,R3-002,127.21034586966346,122.0
Q23-011,leg1-cruise,2330.5362059372183,2337.6988801407833,直连,,109.89446700412344,122.0
Q23-014,leg1-cruise,2335.9216616540043,2343.020863768756,中继,R3-002,127.33766930691898,122.0
Q23-011,leg1-cruise,2337.6988801407833,2344.8615543443484,直连,,110.18950316483077,122.0
Q23-014,leg1-cruise,2343.020863768756,2350.120065883508,中继,R3-002,127.46315496132705,122.0
Q23-011,leg1-cruise,2344.8615543443484,2352.024228547914,直连,,110.47487524035965,122.0
Q23-014,leg1-cruise,2350.120065883508,2357.2192679982595,中继,R3-002,127.58685508359625,122.0
Q23-011,leg1-cruise,2352.024228547914,2359.1869027514795,直连,,110.75119456293106,122.0
Q23-014,leg1-cruise,2357.2192679982595,2364.3184701130112,中继,R3-002,127.70881972924961,122.0
Q23-011,leg1-cruise,2359.1869027514795,2366.3495769550445,直连,,111.01901638380427,122.0
Q23-014,leg1-cruise,2364.3184701130112,2371.417672227763,中继,R3-002,127.82909687978909,122.0
Q23-011,leg1-cruise,2366.3495769550445,2373.5122511586096,直连,,111.27884651239266,122.0
Q23-010,leg1-climb,2368.0,2390.0789876302083,直连,,62.411896141593694,122.0
Q23-014,leg1-cruise,2371.417672227763,2378.5168743425147,中继,R3-002,127.94773255562049,122.0
Q23-011,leg1-cruise,2373.5122511586096,2380.6749253621747,直连,,111.53114700349532,122.0
Q23-014,leg1-cruise,2378.5168743425147,2385.6160764572664,中继,R3-002,128.06477092140585,122.0
Q23-011,leg1-cruise,2380.6749253621747,2387.8375995657398,直连,,121.7763410514742,122.0
Q23-014,leg1-cruise,2385.6160764572664,2392.715278572018,中继,R3-002,128.18025438443573,122.0
Q23-011,leg1-cruise,2387.8375995657398,2395.0002737693053,中继,R3-002,122.01481722018767,122.0
Q23-010,leg1-climb,2390.0789876302083,2412.1579752604166,直连,,78.04575938899086,122.0
Q23-014,leg1-descent,2392.715278572018,2418.217611640866,中继,R3-002,128.23671069470163,122.0
Q23-011,leg1-cruise,2395.0002737693053,2416.488296380001,中继,R3-002,122.24693311379211,122.0
Q23-010,leg1-climb,2412.1579752604166,2434.236962890625,直连,,83.31699936871908,122.0
Q23-011,leg1-cruise,2416.488296380001,2423.6509705835665,中继,R3-002,122.90829519232194,122.0
Q23-014,leg1-descent,2418.217611640866,2443.7199447097137,中继,R3-002,128.23553770537117,122.0
Q23-011,leg1-cruise,2423.6509705835665,2437.976318990697,中继,R3-002,123.11803072516935,122.0
Q23-010,leg1-cruise,2434.236962890625,2441.6008797394443,直连,,85.35491042782337,122.0
Q23-011,leg1-cruise,2437.976318990697,2445.138993194262,中继,R3-002,123.52291575910776,122.0
Q23-010,leg1-cruise,2441.6008797394443,2448.964796588264,直连,,87.00091131447552,122.0
Q23-014,S008-handoff,2443.7199447097137,2472.519944709714,中继,R3-002,128.23507991277862,122.0
Q23-011,leg1-cruise,2445.138993194262,2452.3016673978273,中继,R3-002,123.71850362429534,122.0
Q23-010,leg1-cruise,2448.964796588264,2456.328713437084,直连,,89.12522879221046,122.0
Q23-011,leg1-cruise,2452.3016673978273,2459.4643416013923,中继,R3-002,123.90978987441282,122.0
Q23-010,leg1-cruise,2456.328713437084,2463.6926302859033,直连,,91.1125466103192,122.0
Q23-011,leg1-cruise,2459.4643416013923,2466.627015804958,中继,R3-002,124.09695941817388,122.0
Q23-010,leg1-cruise,2463.6926302859033,2471.0565471347227,直连,,92.84323331705389,122.0
Q23-011,leg1-cruise,2466.627015804958,2473.7896900085234,中继,R3-002,124.28018550659915,122.0
Q23-010,leg1-cruise,2471.0565471347227,2478.4204639835425,直连,,94.33803134550014,122.0
Q23-014,S008-handoff,2472.519944709714,2501.3199447097136,中继,R3-002,128.23507991277862,122.0
Q23-011,leg1-cruise,2473.7896900085234,2480.9523642120885,中继,R3-002,124.45963069167895,122.0
Q23-010,leg1-cruise,2478.4204639835425,2485.784380832362,直连,,95.6395892492893,122.0
Q23-011,leg1-descent,2480.9523642120885,2502.8541789907345,中继,R3-002,124.54684939939493,122.0
Q23-010,leg1-cruise,2485.784380832362,2507.8761313788204,直连,,96.78608233520322,122.0
Q23-014,S008-handoff,2501.3199447097136,2530.1199447097138,中继,R3-002,128.23507991277862,122.0
Q23-011,leg1-descent,2502.8541789907345,2524.75599376938,中继,R3-002,124.54502471189024,122.0
Q23-010,leg1-cruise,2507.8761313788204,2529.967881925279,直连,,99.56201156809973,122.0
Q23-011,leg1-descent,2524.75599376938,2546.657808548026,中继,R3-002,124.54379205636253,122.0
Q23-010,leg1-cruise,2529.967881925279,2537.3317987740984,直连,,101.6830906719037,122.0
Q23-014,S008-handoff,2530.1199447097138,2558.9199447097135,中继,R3-002,128.23507991277862,122.0
Q23-010,leg1-cruise,2537.3317987740984,2544.695715622918,直连,,102.29106201527088,122.0
Q23-019,leg1-climb,2540.0,2569.6066170247395,直连,,67.80555392616304,122.0
Q23-010,leg1-cruise,2544.695715622918,2552.0596324717376,直连,,102.85997542825555,122.0
Q23-011,S005-handoff,2546.657808548026,2576.1123540025715,中继,R3-002,124.54339790767136,122.0
Q23-010,leg1-cruise,2552.0596324717376,2559.423549320557,直连,,103.39446723919299,122.0
Q23-014,S008-handoff,2558.9199447097135,2587.7199447097137,中继,R3-002,128.23507991277862,122.0
Q23-010,leg1-cruise,2559.423549320557,2574.1513830181966,直连,,103.89840723249146,122.0
Q23-019,leg1-climb,2569.6066170247395,2599.213234049479,直连,,81.13343784432793,122.0
Q23-010,leg1-cruise,2574.1513830181966,2581.515299867016,直连,,104.82718545524251,122.0
Q23-011,S005-handoff,2576.1123540025715,2605.566899457117,中继,R3-002,124.54339790767136,122.0
Q23-010,leg1-cruise,2581.515299867016,2588.8792167158354,直连,,105.2571692740446,122.0
Q23-014,S008-handoff,2587.7199447097137,2616.519944709714,中继,R3-002,128.23507991277862,122.0
Q23-010,leg1-cruise,2588.8792167158354,2603.607050413475,直连,,105.6670561911682,122.0
Q23-019,leg1-climb,2599.213234049479,2628.819851074219,直连,,86.16338592443432,122.0
Q23-010,leg1-cruise,2603.607050413475,2610.9709672622944,直连,,106.43343227113844,122.0
Q23-011,S005-handoff,2605.566899457117,2635.0214449116625,中继,R3-002,124.54339790767136,122.0
Q23-010,leg1-cruise,2610.9709672622944,2618.3348841111138,直连,,106.79284276043047,122.0
Q23-014,S008-handoff,2616.519944709714,2645.3199447097136,中继,R3-002,128.23507991277862,122.0
Q23-010,leg1-cruise,2618.3348841111138,2633.062717808753,直连,,107.13806400201398,122.0
Q23-019,leg1-climb,2628.819851074219,2658.4264680989586,直连,,89.32818788745577,122.0
Q23-010,leg1-cruise,2633.062717808753,2640.4266346575723,直连,,107.79010758189183,122.0
Q23-011,S005-handoff,2635.0214449116625,2664.475990366208,中继,R3-002,124.54339790767136,122.0
Q23-010,leg1-cruise,2640.4266346575723,2647.790551506392,直连,,108.09873991283881,122.0
Q23-014,S008-handoff,2645.3199447097136,2674.1199447097138,中继,R3-002,128.23507991277862,122.0
Q23-010,leg1-cruise,2647.790551506392,2662.518385204031,直连,,108.39683255874692,122.0
Q23-019,leg1-climb,2658.4264680989586,2688.033085123698,直连,,91.6427926864653,122.0
Q23-010,leg1-cruise,2662.518385204031,2669.8823020528507,直连,,108.96410463473497,122.0
Q23-011,S005-handoff,2664.475990366208,2693.9305358207534,中继,R3-002,124.54339790767136,122.0
Q23-010,leg1-cruise,2669.8823020528507,2677.24621890167,直连,,109.23448036387542,122.0
Q23-014,S008-handoff,2674.1199447097138,2702.9199447097135,中继,R3-002,128.23507991277862,122.0
Q23-010,leg1-cruise,2677.24621890167,2684.6101357504895,直连,,109.49672393256782,122.0
Q23-018,leg1-climb,2682.0,2707.7915215386283,直连,,65.4851477644477,122.0
Q23-010,leg1-cruise,2684.6101357504895,2691.9740525993093,直连,,109.75130857461187,122.0
Q23-019,leg1-cruise,2688.033085123698,2695.411128615032,直连,,92.65064399897345,122.0
Q23-010,leg1-cruise,2691.9740525993093,2699.3379694481287,直连,,109.9986675191947,122.0
Q23-011,S005-handoff,2693.9305358207534,2723.3850812752985,中继,R3-002,124.54339790767136,122.0
Q23-019,leg1-cruise,2695.411128615032,2702.789172106366,直连,,93.0098855028057,122.0
Q23-010,leg1-cruise,2699.3379694481287,2706.701886296948,直连,,110.23919836195111,122.0
Q23-019,leg1-cruise,2702.789172106366,2710.1672155977003,直连,,93.64989121030712,122.0
Q23-014,S008-handoff,2702.9199447097135,2731.7199447097137,中继,R3-002,128.23507991277862,122.0
Q23-010,leg1-cruise,2706.701886296948,2714.065803145768,直连,,110.47326685678915,122.0
Q23-018,leg1-climb,2707.7915215386283,2733.583043077257,直连,,79.70524348031523,122.0
Q23-019,leg1-cruise,2710.1672155977003,2717.545259089034,直连,,94.46168331828919,122.0
Q23-010,leg1-cruise,2714.065803145768,2721.4297199945877,直连,,110.70121021788019,122.0
Q23-019,leg1-cruise,2717.545259089034,2724.923302580368,直连,,95.35126668369388,122.0
Q23-010,leg1-cruise,2721.4297199945877,2728.793636843407,直连,,110.92334000564551,122.0
Q23-011,S005-handoff,2723.3850812752985,2752.839626729844,中继,R3-002,124.54339790767136,122.0
Q23-019,leg1-cruise,2724.923302580368,2732.301346071702,直连,,96.25568589914488,122.0
Q23-010,leg1-cruise,2728.793636843407,2736.1575536922264,直连,,111.13994465791197,122.0
Q23-014,leg2-climb,2731.7199447097137,2752.121811164792,中继,R3-002,128.23553770537117,122.0
Q23-019,leg1-cruise,2732.301346071702,2739.6793895630362,直连,,97.13915484549229,122.0
Q23-018,leg1-climb,2733.583043077257,2759.3745646158854,直连,,84.83703041914899,122.0
Q23-010,leg1-cruise,2736.1575536922264,2743.5214705410463,直连,,111.35129171717415,122.0
Q23-019,leg1-cruise,2739.6793895630362,2747.05743305437,直连,,97.98401417087298,122.0
Q23-010,leg1-cruise,2743.5214705410463,2750.885387389866,直连,,111.55762979663777,122.0
Q23-019,leg1-cruise,2747.05743305437,2754.4354765457038,直连,,98.78319507949759,122.0
Q23-010,leg1-cruise,2750.885387389866,2758.2493042386855,直连,,121.75919032086318,122.0
Q23-014,leg2-climb,2752.121811164792,2772.52367761987,中继,R3-002,128.23671069470163,122.0
Q23-011,S005-handoff,2752.839626729844,2782.2941721843895,中继,R3-002,124.54339790767136,122.0
Q23-019,leg1-cruise,2754.4354765457038,2761.813520037038,直连,,99.53533766352163,122.0
Q23-010,leg1-cruise,2758.2493042386855,2765.613221087505,中继,R3-002,121.95618907126492,122.0
Q23-018,leg1-climb,2759.3745646158854,2785.166086154514,直连,,88.04115560336277,122.0
Q23-019,leg1-cruise,2761.813520037038,2769.191563528372,直连,,100.24195173454568,122.0
Q23-010,leg1-cruise,2765.613221087505,2772.9771379363247,中继,R3-002,122.14882756207305,122.0
Q23-019,leg1-cruise,2769.191563528372,2776.569607019706,直连,,100.90585384879458,122.0
Q23-014,leg2-cruise,2772.52367761987,2779.979527445816,中继,R3-002,128.17737227806924,122.0
Q23-010,leg1-cruise,2772.9771379363247,2780.341054785144,中继,R3-002,122.3372942685748,122.0
Q23-019,leg1-cruise,2776.569607019706,2783.9476505110397,直连,,101.53033711715719,122.0
Q23-014,leg2-cruise,2779.979527445816,2787.4353772717623,中继,R3-002,128.05600600143472,122.0
Q23-010,leg1-cruise,2780.341054785144,2787.7049716339634,中继,R3-002,122.52176572620604,122.0
Q23-011,S005-handoff,2782.2941721843895,2811.748717638935,中继,R3-002,124.54339790767136,122.0
Q23-019,leg1-cruise,2783.9476505110397,2791.325694002374,直连,,102.11874575404053,122.0
Q23-018,leg1-climb,2785.166086154514,2810.9576076931426,直连,,90.37661369328488,122.0
Q23-014,leg2-cruise,2787.4353772717623,2794.8912270977085,中继,R3-002,127.93292119278487,122.0
Q23-010,leg1-cruise,2787.7049716339634,2795.068888482783,中继,R3-002,122.70240751643682,122.0
Q23-019,leg1-cruise,2791.325694002374,2798.7037374937076,直连,,102.67426867385062,122.0
Q23-014,leg2-cruise,2794.8912270977085,2802.3470769236546,中继,R3-002,127.80806852603754,122.0
Q23-010,leg1-cruise,2795.068888482783,2802.4328053316026,中继,R3-002,122.87937515313679,122.0
Q23-019,leg1-cruise,2798.7037374937076,2806.0817809850414,直连,,103.19984985212433,122.0
Q23-014,leg2-cruise,2802.3470769236546,2809.802926749601,中继,R3-002,127.68139652235598,122.0
Q23-010,leg1-cruise,2802.4328053316026,2809.796722180422,中继,R3-002,123.05281488120173,122.0
Q23-019,leg1-cruise,2806.0817809850414,2813.4598244763756,直连,,103.69815974915863,122.0
Q23-010,leg1-cruise,2809.796722180422,2817.160639029242,中继,R3-002,123.22286439766854,122.0
Q23-014,leg2-cruise,2809.802926749601,2817.258776575547,中继,R3-002,127.552851423142,122.0
Q23-018,leg1-climb,2810.9576076931426,2836.749129231771,直连,,92.21532937896909,122.0
Q23-022,leg1-climb,2811.0,2836.618211669922,直连,,65.3634672113017,122.0
Q23-011,S005-handoff,2811.748717638935,2841.2032630934805,中继,R3-002,124.54339790767136,122.0
Q23-019,leg1-cruise,2813.4598244763756,2820.8378679677094,直连,,104.17159762773034,122.0
Q23-010,leg1-cruise,2817.160639029242,2824.524555878061,中继,R3-002,123.38965350414121,122.0
Q23-014,leg2-cruise,2817.258776575547,2824.714626401493,中继,R3-002,127.42237705352703,122.0
Q23-019,leg1-cruise,2820.8378679677094,2828.215911459043,直连,,104.62230851555088,122.0
Q23-010,leg1-cruise,2824.524555878061,2831.8884727268805,中继,R3-002,123.55330469822012,122.0
Q23-014,leg2-cruise,2824.714626401493,2832.1704762274394,中继,R3-002,127.28991467550651,122.0
Q23-019,leg1-cruise,2828.215911459043,2835.5939549503773,直连,,105.05220615052613,122.0
Q23-010,leg1-cruise,2831.8884727268805,2839.2523895757004,中继,R3-002,123.7139337106637,122.0
Q23-014,leg2-cruise,2832.1704762274394,2839.6263260533856,中继,R3-002,127.15540282974821,122.0
Q23-019,leg1-cruise,2835.5939549503773,2842.9719984417115,直连,,105.46299738737612,122.0
Q23-022,leg1-climb,2836.618211669922,2862.236423339844,直连,,79.63443779651611,122.0
Q23-018,leg1-cruise,2836.749129231771,2844.100918762164,直连,,93.04932945404559,122.0
Q23-010,leg1-cruise,2839.2523895757004,2846.6163064245197,中继,R3-002,123.87164999411303,122.0
Q23-014,leg2-cruise,2839.6263260533856,2847.0821758793318,中继,R3-002,127.01877716502263,122.0
Q23-011,S005-handoff,2841.2032630934805,2870.657808548026,中继,R3-002,124.54339790767136,122.0
Q23-019,leg1-cruise,2842.9719984417115,2850.3500419330453,直连,,105.8562058019747,122.0
Q23-018,leg1-cruise,2844.100918762164,2851.4527082925574,直连,,93.37592486634703,122.0
Q23-010,leg1-cruise,2846.6163064245197,2853.980223273339,中继,R3-002,124.02655716854045,122.0
Q23-014,leg2-cruise,2847.0821758793318,2854.538025705278,中继,R3-002,126.87997025406844,122.0
Q23-019,leg1-cruise,2850.3500419330453,2857.728085424379,直连,,106.23319345411146,122.0
Q23-018,leg1-cruise,2851.4527082925574,2858.804497822951,直连,,93.96355003324717,122.0
Q23-010,leg1-cruise,2853.980223273339,2861.344140122159,中继,R3-002,124.17875342793518,122.0
Q23-014,leg2-cruise,2854.538025705278,2861.993875531224,中继,R3-002,126.7389113945822,122.0
Q23-019,leg1-cruise,2857.728085424379,2865.1061289157133,直连,,106.59518042461642,122.0
Q23-018,leg1-cruise,2858.804497822951,2866.156287353344,直连,,94.71838756950642,122.0
Q23-010,leg1-cruise,2861.344140122159,2868.7080569709788,中继,R3-002,124.32833191217938,122.0
Q23-014,leg2-cruise,2861.993875531224,2869.4497253571703,中继,R3-002,126.59552639386692,122.0
Q23-022,leg1-climb,2862.236423339844,2887.8546350097654,直连,,84.7716886174435,122.0
Q23-019,leg1-cruise,2865.1061289157133,2872.4841724070475,直连,,106.94326208337496,122.0
Q23-018,leg1-cruise,2866.156287353344,2873.508076883737,直连,,95.55600083506269,122.0
Q23-010,leg1-cruise,2868.7080569709788,2876.071973819798,中继,R3-002,124.4753810476563,122.0
Q23-014,leg2-cruise,2869.4497253571703,2876.9055751831165,中继,R3-002,126.44973733550698,122.0
Q23-011,leg2-climb,2870.657808548026,2896.939986282401,中继,R3-002,124.5440446855257,122.0
Q23-019,leg1-cruise,2872.4841724070475,2879.8622158983812,直连,,107.27842421242622,122.0
Q23-018,leg1-cruise,2873.508076883737,2880.85986641413,直连,,96.41696831060065,122.0
Q23-010,leg1-descent,2876.071973819798,2902.354151554173,中继,R3-002,124.5463377611981,122.0
Q23-014,leg2-cruise,2876.9055751831165,2884.3614250090627,中继,R3-002,126.30146232623437,122.0
Q23-019,leg1-cruise,2879.8622158983812,2887.240259389715,直连,,107.60155618153864,122.0
Q23-018,leg1-cruise,2880.85986641413,2888.211655944523,直连,,97.2655809481389,122.0
Q23-014,leg2-cruise,2884.3614250090627,2891.817274835009,中继,R3-002,126.15061522094501,122.0
Q23-019,leg1-cruise,2887.240259389715,2894.618302881049,直连,,107.91346239609854,122.0
Q23-022,leg1-climb,2887.8546350097654,2913.4728466796873,直连,,87.97790558561184,122.0
Q23-018,leg1-cruise,2888.211655944523,2895.5634454749165,直连,,98.08293143118887,122.0
Q23-014,leg2-cruise,2891.817274835009,2899.273124660955,中继,R3-002,125.99710532355799,122.0
Q23-023,leg1-climb,2893.0,2915.6234853108726,直连,,62.936506388796225,122.0
Q23-019,leg1-cruise,2894.618302881049,2901.9963463723834,直连,,108.21487223384614,122.0
Q23-018,leg1-cruise,2895.5634454749165,2902.91523500531,直连,,98.86046183564753,122.0
Q23-011,leg2-climb,2896.939986282401,2923.222164016776,中继,R3-002,124.5463377611981,122.0
Q23-014,leg2-cruise,2899.273124660955,2906.7289744869013,中继,R3-002,125.8408370611321,122.0
Q23-019,leg1-cruise,2901.9963463723834,2909.374389863717,直连,,108.50644867096308,122.0
Q23-010,leg1-descent,2902.354151554173,2928.636329288548,中继,R3-002,124.5440446855257,122.0
Q23-018,leg1-cruise,2902.91523500531,2910.267024535703,直连,,99.595489842762,122.0
Q23-014,leg2-cruise,2906.7289744869013,2914.1848243128475,中继,R3-002,125.68170962832151,122.0
Q23-019,leg1-cruise,2909.374389863717,2916.752433355051,直连,,108.78879577711334,122.0
Q23-018,leg1-cruise,2910.267024535703,2917.618814066096,直连,,100.28846706569526,122.0
Q23-022,leg1-climb,2913.4728466796873,2939.0910583496093,直连,,90.3144689184467,122.0
Q23-014,leg2-cruise,2914.1848243128475,2921.6406741387937,中继,R3-002,125.51961659887881,122.0
Q23-023,leg1-climb,2915.6234853108726,2938.246970621745,直连,,78.30989442848542,122.0
Q23-019,leg1-cruise,2916.752433355051,2924.130476846385,直连,,109.06246523712029,122.0
Q23-018,leg1-cruise,2917.618814066096,2924.9706035964896,直连,,100.94139931376266,122.0
Q23-014,leg2-cruise,2921.6406741387937,2929.09652396474,中继,R3-002,125.35444550046863,122.0
Q23-011,leg2-cruise,2923.222164016776,2930.628592284035,中继,R3-002,124.45660809081531,122.0
Q23-019,leg1-cruise,2924.130476846385,2931.5085203377193,直连,,109.32796203584496,122.0
Q23-018,leg1-cruise,2924.9706035964896,2932.322393126883,直连,,101.55696909387694,122.0
Q23-010,S005-handoff,2928.636329288548,2958.636329288548,中继,R3-002,124.54339790767136,122.0
Q23-014,leg2-cruise,2929.09652396474,2936.552373790686,中继,R3-002,125.18607734857434,122.0
Q23-011,leg2-cruise,2930.628592284035,2938.035020551294,中继,R3-002,124.27092532654288,122.0
Q23-019,leg1-cruise,2931.5085203377193,2938.886563829053,直连,,109.58574942381112,122.0
Q23-018,leg1-cruise,2932.322393126883,2939.674182657276,直连,,102.13806264839593,122.0
Q23-014,leg2-cruise,2936.552373790686,2944.008223616632,中继,R3-002,125.01438613467398,122.0
Q23-011,leg2-cruise,2938.035020551294,2945.4414488185535,中继,R3-002,124.08119127235796,122.0
Q23-023,leg1-climb,2938.246970621745,2960.870455932617,直连,,83.55727631665826,122.0
Q23-019,leg1-cruise,2938.886563829053,2946.264607320387,直连,,109.83625326413744,122.0
Q23-022,leg1-cruise,2939.0910583496093,2946.001583668967,直连,,91.3698176828388,122.0
Q23-018,leg1-cruise,2939.674182657276,2947.025972187669,直连,,102.68752448164241,122.0
Q23-014,leg2-cruise,2944.008223616632,2951.4640734425784,中继,R3-002,124.83923826321778,122.0
Q23-011,leg2-cruise,2945.4414488185535,2952.847877085813,中继,R3-002,123.88722542757021,122.0
Q23-022,leg1-cruise,2946.001583668967,2952.9121089883256,直连,,92.009728034289,122.0
Q23-019,leg1-cruise,2946.264607320387,2953.642650811721,直连,,110.07986584663244,122.0
Q23-018,leg1-cruise,2947.025972187669,2954.377761718062,直连,,103.20803793347517,122.0
Q23-014,leg2-cruise,2951.4640734425784,2958.9199232685246,中继,R3-002,124.66049193113439,122.0
Q23-011,leg2-cruise,2952.847877085813,2960.254305353072,中继,R3-002,123.68883496997009,122.0
Q23-022,leg1-cruise,2952.9121089883256,2959.822634307684,直连,,93.06144361188207,122.0
Q23-019,leg1-cruise,2953.642650811721,2961.0206943030553,直连,,110.31694924226485,122.0
Q23-018,leg1-cruise,2954.377761718062,2961.729551248455,直连,,103.70207461812798,122.0
Q23-010,S005-handoff,2958.636329288548,2988.636329288548,中继,R3-002,124.54339790767136,122.0
Q23-014,leg2-cruise,2958.9199232685246,2966.375773094471,中继,R3-002,124.47799644270796,122.0
Q23-022,leg1-cruise,2959.822634307684,2966.7331596270424,直连,,94.27576325097941,122.0
Q23-011,leg2-cruise,2960.254305353072,2967.6607336203315,中继,R3-002,123.48581360985843,122.0
Q23-023,leg1-climb,2960.870455932617,2983.4939412434896,直连,,86.80527066840574,122.0
Q23-019,leg1-cruise,2961.0206943030553,2968.398737794389,直连,,120.54783826045254,122.0
Q23-018,leg1-cruise,2961.729551248455,2969.0813407788487,直连,,104.17188072536162,122.0
Q23-014,leg2-cruise,2966.375773094471,2973.8316229204174,中继,R3-002,124.29159145157143,122.0
Q23-022,leg1-cruise,2966.7331596270424,2973.6436849464008,直连,,95.49865859275427,122.0
Q23-011,leg2-cruise,2967.6607336203315,2975.067161887591,中继,R3-002,123.27794030786455,122.0
Q23-019,leg1-cruise,2968.398737794389,2975.776781285723,直连,,120.77284306236207,122.0
Q23-018,leg1-cruise,2969.0813407788487,2976.433130309242,直连,,104.6194823495055,122.0
Q23-022,leg1-cruise,2973.6436849464008,2980.5542102657587,直连,,96.66062543067292,122.0
Q23-014,leg2-cruise,2973.8316229204174,2981.2874727463636,中继,R3-002,124.10110612035022,122.0
Q23-011,leg2-cruise,2975.067161887591,2982.47359015485,中继,R3-002,123.06497783672032,122.0
Q23-019,leg1-cruise,2975.776781285723,2983.154824777057,直连,,120.99225147571335,122.0
Q23-018,leg1-cruise,2976.433130309242,2983.784919839635,直连,,105.046699964942,122.0
Q23-022,leg1-cruise,2980.5542102657587,2987.4647355851166,直连,,97.73848570278984,122.0
Q23-014,leg2-cruise,2981.2874727463636,2988.74332257231,中继,R3-002,123.90635818699181,122.0
Q23-011,leg2-cruise,2982.47359015485,2989.8800184221095,中继,R3-002,122.84667116362866,122.0
Q23-019,leg1-cruise,2983.154824777057,2990.532868268391,直连,,121.2063310499577,122.0
Q23-023,leg1-cruise,2983.4939412434896,2990.8578548820556,直连,,88.2689512559364,122.0
Q23-018,leg1-cruise,2983.784919839635,2991.1367093700283,直连,,105.45516663238958,122.0
Q23-022,leg1-cruise,2987.4647355851166,2994.375260904475,直连,,98.72981858305671,122.0
Q23-010,S005-handoff,2988.636329288548,3018.636329288548,中继,R3-002,124.54339790767136,122.0
Q23-014,leg2-cruise,2988.74332257231,2996.199172398256,中继,R3-002,123.7071529251017,122.0
Q23-011,leg2-cruise,2989.8800184221095,2997.286446689369,中继,R3-002,122.62274562577295,122.0
Q23-019,leg1-cruise,2990.532868268391,2997.910911759725,直连,,121.41533088509986,122.0
Q23-023,leg1-cruise,2990.8578548820556,2998.2217685206215,直连,,89.63024450483832,122.0
Q23-018,leg1-cruise,2991.1367093700283,2998.4884989004213,直连,,105.8463470321579,122.0
Q23-022,leg1-cruise,2994.375260904475,3001.2857862238334,直连,,99.64029123052285,122.0
Q23-014,leg2-cruise,2996.199172398256,3003.655022224202,中继,R3-002,123.50328198353523,122.0
Q23-011,leg2-cruise,2997.286446689369,3004.6928749566277,中继,R3-002,122.39290486641963,122.0
Q23-019,leg1-cruise,2997.910911759725,3005.2889552510587,直连,,121.61948326278522,122.0
Q23-023,leg1-cruise,2998.2217685206215,3005.5856821591874,直连,,91.50024565894344,122.0
Q23-018,leg1-cruise,2998.4884989004213,3005.8402884308143,直连,,106.2215558298347,122.0
Q23-022,leg1-cruise,3001.2857862238334,3008.1963115431913,直连,,100.47806587904248,122.0
Q23-014,leg2-cruise,3003.655022224202,3011.1108720501484,中继,R3-002,123.29452208807413,122.0
Q23-011,leg2-cruise,3004.6928749566277,3012.099303223887,中继,R3-002,122.15682849300286,122.0
Q23-019,leg1-cruise,3005.2889552510587,3012.666998742393,直连,,121.81900510416196,122.0
Q23-023,leg1-cruise,3005.5856821591874,3012.9495957977533,直连,,93.33238462433374,122.0
Q23-018,leg1-cruise,3005.8402884308143,3013.192077961208,直连,,106.58197466752831,122.0
Q23-022,leg1-cruise,3008.1963115431913,3015.1068368625492,直连,,101.25149778129817,122.0
Q23-014,leg2-cruise,3011.1108720501484,3018.5667218760946,中继,R3-002,123.08063358508042,122.0
Q23-011,leg2-cruise,3012.099303223887,3019.5057314911464,中继,R3-002,121.91416941108027,122.0
Q23-019,leg1-cruise,3012.666998742393,3020.045042233727,中继,R3-002,122.014099275738,122.0
Q23-023,leg1-cruise,3012.9495957977533,3020.3135094363192,直连,,94.9726453639333,122.0
Q23-018,leg1-cruise,3013.192077961208,3020.5438674916013,直连,,106.92866750770733,122.0
Q23-012,leg1-climb,3015.0,3041.488648817274,直连,,65.95807536677027,122.0
Q23-022,leg1-cruise,3015.1068368625492,3022.0173621819076,直连,,101.9682740528935,122.0
Q23-014,leg2-cruise,3018.5667218760946,3026.0225717020408,中继,R3-002,112.86135880354578,122.0
Q23-010,S005-handoff,3018.636329288548,3048.636329288548,中继,R3-002,124.54339790767136,122.0
Q23-011,leg2-cruise,3019.5057314911464,3026.9121597584053,直连,,111.6645507789332,122.0
Q23-019,leg1-cruise,3020.045042233727,3027.423085725061,中继,R3-002,122.20495576149432,122.0
Q23-023,leg1-cruise,3020.3135094363192,3027.677423074885,直连,,96.41274735345638,122.0
Q23-018,leg1-cruise,3020.5438674916013,3027.8956570219943,直连,,107.26259428977852,122.0
Q23-022,leg1-cruise,3022.0173621819076,3028.927887501266,直连,,102.63516285364955,122.0
Q23-014,leg2-cruise,3026.0225717020408,3033.478421527987,直连,,112.63642020773581,122.0
Q23-011,leg2-cruise,3026.9121597584053,3034.3185880256647,直连,,111.40756251629841,122.0
Q23-019,leg1-cruise,3027.423085725061,3034.8011292163947,中继,R3-002,122.39175271707228,122.0
Q23-023,leg1-cruise,3027.677423074885,3035.041336713451,直连,,97.67946859638909,122.0
Q23-018,leg1-cruise,3027.8956570219943,3035.2474465523874,直连,,107.58462297849744,122.0
Q23-022,leg1-cruise,3028.927887501266,3035.8384128206244,直连,,103.25801003986285,122.0
Q23-014,leg2-cruise,3033.478421527987,3040.934271353933,直连,,112.40551830757751,122.0
Q23-011,leg2-cruise,3034.3185880256647,3041.725016292924,直连,,111.14275728671541,122.0
Q23-019,leg1-cruise,3034.8011292163947,3042.179172707729,中继,R3-002,122.57465741978983,122.0
Q23-023,leg1-cruise,3035.041336713451,3042.405250352017,直连,,98.80267210163696,122.0
Q23-018,leg1-cruise,3035.2474465523874,3042.599236082781,直连,,107.89554013891842,122.0
Q23-022,leg1-cruise,3035.8384128206244,3042.748938139983,直连,,103.84182667903522,122.0
Q23-014,leg2-cruise,3040.934271353933,3048.3901211798793,直连,,112.16832928775567,122.0
Q23-012,leg1-climb,3041.488648817274,3067.977297634549,直连,,79.98436368446212,122.0
Q23-011,leg2-cruise,3041.725016292924,3049.1314445601834,直连,,110.86964585558857,122.0
Q23-019,leg1-cruise,3042.179172707729,3049.5572161990626,中继,R3-002,122.75382712637675,122.0
Q23-023,leg1-cruise,3042.405250352017,3049.769163990583,直连,,99.8079065041048,122.0
Q23-018,leg1-cruise,3042.599236082781,3049.9510256131744,直连,,108.19606019154868,122.0
Q23-022,leg1-cruise,3042.748938139983,3049.6594634593407,直连,,104.39090107194886,122.0
Q23-014,leg2-cruise,3048.3901211798793,3055.8459710058255,直连,,111.92450230899435,122.0
Q23-010,S005-handoff,3048.636329288548,3078.636329288548,中继,R3-002,124.54339790767136,122.0
Q23-011,leg2-cruise,3049.1314445601834,3056.5378728274427,直连,,110.58769170413939,122.0
Q23-019,leg1-cruise,3049.5572161990626,3056.9352596903964,中继,R3-002,122.9294098488538,122.0
Q23-022,leg1-cruise,3049.6594634593407,3056.5699887786986,直连,,104.90890842281902,122.0
Q23-023,leg1-cruise,3049.769163990583,3057.133077629149,直连,,100.7156213157136,122.0
Q23-018,leg1-cruise,3049.9510256131744,3057.3028151435674,直连,,108.48683350259469,122.0
Q23-014,leg2-cruise,3055.8459710058255,3063.3018208317717,直连,,111.67365642577988,122.0
Q23-011,leg2-cruise,3056.5378728274427,3063.9443010947016,直连,,110.29630475185938,122.0
Q23-022,leg1-cruise,3056.5699887786986,3063.480514098057,直连,,105.39900850355168,122.0
Q23-019,leg1-cruise,3056.9352596903964,3064.3133031817306,中继,R3-002,123.10154505762013,122.0
Q23-023,leg1-cruise,3057.133077629149,3064.4969912677147,直连,,101.54192470649568,122.0
Q23-018,leg1-cruise,3057.3028151435674,3064.6546046739604,直连,,108.7684534546075,122.0
Q23-014,leg2-cruise,3063.3018208317717,3070.757670657718,直连,,111.41537705347866,122.0
Q23-022,leg1-cruise,3063.480514098057,3070.3910394174154,直连,,105.86392900091467,122.0
Q23-011,leg2-cruise,3063.9443010947016,3071.350729361961,直连,,109.99483400490331,122.0
Q23-019,leg1-cruise,3064.3133031817306,3071.6913466730643,中继,R3-002,123.27036431968327,122.0
Q23-023,leg1-cruise,3064.4969912677147,3071.8609049062807,直连,,102.29952408605543,122.0
Q23-018,leg1-cruise,3064.6546046739604,3072.0063942043535,直连,,109.0414626298067,122.0
Q23-012,leg1-climb,3067.977297634549,3094.465946451823,直连,,85.09500800004452,122.0
Q23-022,leg1-cruise,3070.3910394174154,3077.301564736774,直连,,106.3060351984147,122.0
Q23-014,leg2-cruise,3070.757670657718,3078.213520483664,直连,,111.14921190374352,122.0
Q23-011,leg2-cruise,3071.350729361961,3078.7571576292203,直连,,109.68255890295401,122.0
Q23-019,leg1-cruise,3071.6913466730643,3079.069390164398,中继,R3-002,123.43599187901347,122.0
Q23-023,leg1-cruise,3071.8609049062807,3079.2248185448466,直连,,102.99852566528239,122.0
Q23-018,leg1-cruise,3072.0063942043535,3079.3581837347465,直连,,109.3063582234887,122.0
Q23-022,leg1-cruise,3077.301564736774,3084.212090056132,直连,,106.72738767611042,122.0
Q23-014,leg2-cruise,3078.213520483664,3085.6693703096103,直连,,110.87466628967063,122.0
Q23-010,S005-handoff,3078.636329288548,3108.636329288548,中继,R3-002,124.54339790767136,122.0
Q23-011,leg2-cruise,3078.7571576292203,3086.163585896479,直连,,109.35867907897187,122.0
Q23-019,leg1-cruise,3079.069390164398,3086.4474336557323,中继,R3-002,123.59854518511301,122.0
Q23-023,leg1-cruise,3079.2248185448466,3086.5887321834125,直连,,103.64705153370905,122.0
Q23-018,leg1-cruise,3079.3581837347465,3086.70997326514,直连,,109.56359679050486,122.0
Q23-022,leg1-cruise,3084.212090056132,3091.12261537549,直连,,107.12978991473832,122.0
Q23-014,leg2-cruise,3085.6693703096103,3093.1252201355564,直连,,110.59119768023888,122.0
Q23-011,leg2-cruise,3086.163585896479,3093.5700141637385,直连,,109.0223021708084,122.0
Q23-019,leg1-cruise,3086.4474336557323,3093.8254771470665,中继,R3-002,123.75813537520608,122.0
Q23-023,leg1-cruise,3086.5887321834125,3093.952645821979,直连,,104.25170160293109,122.0
Q23-018,leg1-cruise,3086.70997326514,3094.0617627955335,直连,,109.81359841417311,122.0
Q23-022,leg1-cruise,3091.12261537549,3098.033140694848,直连,,107.51482756195263,122.0
Q23-014,leg2-cruise,3093.1252201355564,3100.5810699615026,直连,,110.29820935603472,122.0
Q23-011,leg2-cruise,3093.5700141637385,3100.976442430998,直连,,108.67242922442725,122.0
Q23-019,leg1-cruise,3093.8254771470665,3101.2035206384003,中继,R3-002,123.91486771478888,122.0
Q23-023,leg1-cruise,3093.952645821979,3101.316559460545,直连,,104.8178971085481,122.0
Q23-018,leg1-cruise,3094.0617627955335,3101.4135523259265,直连,,110.05675037511527,122.0
Q23-012,leg1-cruise,3094.465946451823,3105.4262668046977,直连,,87.21611378994307,122.0
Q23-022,leg1-cruise,3098.033140694848,3104.9436660142064,直连,,107.88390087961953,122.0
Q23-014,leg2-cruise,3100.5810699615026,3108.036919787449,直连,,109.99504298323527,122.0
Q23-011,leg2-cruise,3100.976442430998,3108.382870698257,直连,,108.30793709724962,122.0
Q23-019,leg1-cruise,3101.2035206384003,3108.581564129734,中继,R3-002,124.06884200074924,122.0
Q23-023,leg1-cruise,3101.316559460545,3108.6804730991107,直连,,105.3501368920075,122.0
Q23-018,leg1-cruise,3101.4135523259265,3108.7653418563195,直连,,110.2934103863758,122.0
Q23-022,leg1-cruise,3104.9436660142064,3111.854191333565,直连,,108.23825163751921,122.0
Q23-012,leg1-cruise,3105.4262668046977,3116.3865871575726,直连,,89.43036024584381,122.0
Q23-014,leg2-cruise,3108.036919787449,3115.492769613395,直连,,109.68096987808767,122.0
Q23-011,leg2-cruise,3108.382870698257,3115.7892989655165,直连,,107.92755709435995,122.0
Q23-019,leg1-cruise,3108.581564129734,3115.9596076210682,中继,R3-002,124.22015293075407,122.0
Q23-010,S005-handoff,3108.636329288548,3138.636329288548,中继,R3-002,124.54339790767136,122.0
Q23-023,leg1-cruise,3108.6804730991107,3116.0443867376766,直连,,105.85219010650073,122.0
Q23-018,leg1-cruise,3108.7653418563195,3116.117131386713,直连,,120.52390945231268,122.0
Q23-022,leg1-cruise,3111.854191333565,3118.7647166529227,直连,,108.57898548745973,122.0
Q23-014,leg2-cruise,3115.492769613395,3122.948619439341,直连,,109.35518067661788,122.0
Q23-011,leg2-cruise,3115.7892989655165,3123.195727232776,直连,,107.52984883282522,122.0
Q23-019,leg1-cruise,3115.9596076210682,3123.3376511124025,中继,R3-002,124.36889044223527,122.0
Q23-023,leg1-cruise,3116.0443867376766,3123.4083003762426,直连,,106.32724253447144,122.0
Q23-018,leg1-cruise,3116.117131386713,3123.4689209171065,直连,,120.74855440028338,122.0
Q23-012,leg1-cruise,3116.3865871575726,3121.86674733401,直连,,91.36626908708138,122.0
Q23-022,leg1-cruise,3118.7647166529227,3125.6752419722807,直连,,108.90709065445628,122.0
Q23-012,leg1-cruise,3121.86674733401,3127.3469075104476,直连,,92.57102071246699,122.0
Q23-014,leg2-cruise,3122.948619439341,3130.4044692652874,直连,,109.01677304957386,122.0
Q23-011,leg2-cruise,3123.195727232776,3130.602155500035,直连,,107.11316800448715,122.0
Q23-019,leg1-cruise,3123.3376511124025,3130.715694603736,中继,R3-002,124.51514002387255,122.0
Q23-023,leg1-cruise,3123.4083003762426,3130.7722140148085,直连,,106.77800884553417,122.0
Q23-018,leg1-cruise,3123.4689209171065,3130.8207104474996,直连,,120.967630127486,122.0
Q23-022,leg1-cruise,3125.6752419722807,3132.585767291639,直连,,109.22345361925368,122.0
Q23-012,leg1-cruise,3127.3469075104476,3132.827067686885,直连,,93.679281794092,122.0
Q23-014,leg2-cruise,3130.4044692652874,3137.8603190912336,直连,,108.66473700499274,122.0
Q23-011,leg2-cruise,3130.602155500035,3138.0085837672946,直连,,106.67562625813015,122.0
Q23-019,leg1-cruise,3130.715694603736,3138.09373809507,中继,R3-002,124.65898300220199,122.0
Q23-023,leg1-cruise,3130.7722140148085,3138.1361276533744,直连,,107.20681962793962,122.0
Q23-018,leg1-cruise,3130.8207104474996,3138.1724999778926,直连,,121.18140159927086,122.0
Q23-022,leg1-cruise,3132.585767291639,3139.4962926109974,直连,,109.52887233460972,122.0
Q23-012,leg1-cruise,3132.827067686885,3138.3072278633226,直连,,94.69251093934781,122.0
Q23-014,leg2-cruise,3137.8603190912336,3145.3161689171798,直连,,108.29793719194383,122.0
Q23-011,leg2-cruise,3138.0085837672946,3145.415012034554,直连,,106.21504079165496,122.0
Q23-019,leg1-cruise,3138.09373809507,3145.471781586404,中继,R3-002,124.8004968056796,122.0
Q23-023,leg1-cruise,3138.1361276533744,3145.5000412919403,直连,,107.61568955251118,122.0
Q23-018,leg1-cruise,3138.1724999778926,3145.5242895082856,直连,,121.39011563020593,122.0
Q23-012,leg1-cruise,3138.3072278633226,3143.78738803976,直连,,95.61906682164822,122.0
Q23-010,leg2-climb,3138.636329288548,3160.227868569072,中继,R3-002,124.54403319533606,122.0
Q23-022,leg1-cruise,3139.4962926109974,3146.406817930356,直连,,109.8240674123809,122.0
Q23-012,leg1-cruise,3143.78738803976,3149.2675482161976,直连,,96.46890311026546,122.0
Q23-014,leg2-cruise,3145.3161689171798,3152.772018743126,直连,,107.91509144749446,122.0
Q23-011,leg2-cruise,3145.415012034554,3152.821440301813,直连,,105.72887034912834,122.0
Q23-019,leg1-cruise,3145.471781586404,3152.8498250777384,中继,R3-002,124.93975520826513,122.0
Q23-023,leg1-cruise,3145.5000412919403,3152.863954930506,直连,,118.00637128175855,122.0
Q23-018,leg1-cruise,3145.5242895082856,3152.8760790386787,直连,,121.59400247484993,122.0
Q23-022,leg1-cruise,3146.406817930356,3153.317343249714,直连,,110.10969163413827,122.0
Q23-012,leg1-cruise,3149.2675482161976,3154.747708392635,直连,,97.25156317691793,122.0
Q23-014,leg2-cruise,3152.772018743126,3160.227868569072,直连,,107.51474459839588,122.0
Q23-011,leg2-cruise,3152.821440301813,3160.227868569072,直连,,105.21413302517252,122.0
Q23-019,leg1-cruise,3152.8498250777384,3160.227868569072,中继,R3-002,125.0768285544135,122.0
Q23-023,leg1-cruise,3152.863954930506,3160.227868569072,直连,,118.38039850064081,122.0
Q23-018,leg1-cruise,3152.8760790386787,3160.227868569072,直连,,121.79327725152447,122.0
Q23-022,leg1-cruise,3153.317343249714,3160.227868569072,直连,,110.38633807083352,122.0
Q23-012,leg1-cruise,3154.747708392635,3160.227868569072,直连,,97.97553111782554,122.0
Q23-010,leg2-climb,3160.227868569072,3182.4399588458396,中继,R3-002,124.5463168354925,122.0
Q23-011,leg2-cruise,3160.227868569072,3167.5067625810125,直连,,104.67215582378661,122.0
Q23-012,leg1-cruise,3160.227868569072,3167.3465895299323,直连,,98.74465185184357,122.0
Q23-014,leg2-cruise,3160.227868569072,3166.5998416820994,直连,,107.12641419294332,122.0
Q23-018,leg1-cruise,3160.227868569072,3166.599419495413,中继,R3-003,121.97528366827177,122.0
Q23-019,leg1-cruise,3160.227868569072,3167.5773799689377,中继,R3-002,125.21152502184846,122.0
Q23-022,leg1-cruise,3160.227868569072,3166.9877338173806,直连,,110.65166704228737,122.0
Q23-023,leg1-cruise,3160.227868569072,3167.553528869159,直连,,118.73820760246869,122.0
Q23-018,leg1-cruise,3166.599419495413,3172.970970421754,中继,R3-003,122.14098371441708,122.0
Q23-014,leg2-cruise,3166.5998416820994,3172.971814795127,直连,,106.75263455991036,122.0
Q23-022,leg1-cruise,3166.9877338173806,3173.747599065689,直连,,110.90642169916713,122.0
Q23-012,leg1-cruise,3167.3465895299323,3174.465310490792,直连,,99.54371515114101,122.0
Q23-011,leg2-cruise,3167.5067625810125,3174.7856565929524,直连,,104.09971066466395,122.0
Q23-023,leg1-cruise,3167.553528869159,3174.8791891692463,直连,,119.08109715875389,122.0
Q23-019,leg1-cruise,3167.5773799689377,3174.9268913688034,中继,R3-002,125.34392041617741,122.0
Q23-018,leg1-cruise,3172.970970421754,3179.3425213480946,中继,R3-003,122.30361948771355,122.0
Q23-014,leg2-cruise,3172.971814795127,3179.343787908155,直连,,106.36223674392761,122.0
Q23-022,leg1-cruise,3173.747599065689,3180.5074643139974,直连,,111.1539941114266,122.0
Q23-012,leg1-cruise,3174.465310490792,3181.5840314516518,直连,,100.27896330402731,122.0
Q23-011,leg2-cruise,3174.7856565929524,3182.0645506048922,直连,,103.48741310762811,122.0
Q23-023,leg1-cruise,3174.8791891692463,3182.204849469333,直连,,119.41106230627604,122.0
Q23-019,leg1-cruise,3174.9268913688034,3182.276402768669,中继,R3-002,125.4743382535423,122.0
Q23-018,leg1-cruise,3179.3425213480946,3185.7140722744352,中继,R3-003,122.46330091882405,122.0
Q23-014,leg2-cruise,3179.343787908155,3185.715761021182,直连,,105.95369417303823,122.0
Q23-022,leg1-cruise,3180.5074643139974,3187.267329562306,直连,,111.39477403085084,122.0
Q23-012,leg1-cruise,3181.5840314516518,3188.7027524125115,直连,,100.95933949250242,122.0
Q23-011,leg2-cruise,3182.0645506048922,3189.3434446168326,直连,,102.82939485127179,122.0
Q23-023,leg1-cruise,3182.204849469333,3189.53050976942,直连,,119.72903517384205,122.0
Q23-019,leg1-cruise,3182.276402768669,3189.6259141685346,中继,R3-002,125.60283643599418,122.0
Q23-010,leg2-cruise,3182.4399588458396,3189.803875694659,中继,R3-002,124.4753810476563,122.0
Q23-018,leg1-cruise,3185.7140722744352,3192.085623200776,中继,R3-003,122.62013219913322,122.0
Q23-014,leg2-cruise,3185.715761021182,3192.0877341342093,直连,,105.52526311860505,122.0
Q23-022,leg1-cruise,3187.267329562306,3194.027194810614,直连,,111.62912064335521,122.0
Q23-012,leg1-cruise,3188.7027524125115,3195.821473373371,直连,,101.59213418237876,122.0
Q23-011,leg2-cruise,3189.3434446168326,3196.622338628773,直连,,102.11841690713057,122.0
Q23-023,leg1-cruise,3189.53050976942,3196.856170069507,直连,,120.03585123807548,122.0
Q23-019,leg1-descent,3189.6259141685346,3209.085765242753,中继,R3-002,125.66399196278283,122.0
Q23-010,leg2-cruise,3189.803875694659,3197.1677925434788,中继,R3-002,124.32833191217938,122.0
Q23-018,leg1-cruise,3192.085623200776,3198.4571741271166,中继,R3-003,122.77421216830157,122.0
Q23-014,leg2-cruise,3192.0877341342093,3198.459707247237,直连,,105.07494025052317,122.0
Q23-022,leg1-cruise,3194.027194810614,3200.7870600589226,直连,,111.85736565057924,122.0
Q23-012,leg1-cruise,3195.821473373371,3202.940194334231,直连,,102.18333987918912,122.0
Q23-011,leg2-cruise,3196.622338628773,3203.901232640713,直连,,101.34541939747069,122.0
Q23-023,leg1-cruise,3196.856170069507,3204.1818303695936,直连,,120.33226215101769,122.0
Q23-010,leg2-cruise,3197.1677925434788,3204.5317093922986,中继,R3-002,124.17875342793518,122.0
Q23-018,leg1-cruise,3198.4571741271166,3204.8287250534577,中继,R3-003,122.92563467010196,122.0
Q23-014,leg2-cruise,3198.459707247237,3204.8316803602647,直连,,104.60040954502288,122.0
Q23-022,leg1-cruise,3200.7870600589226,3207.546925307231,中继,R3-002,112.07981597690585,122.0
Q23-012,leg1-cruise,3202.940194334231,3210.0589152950906,直连,,102.73792549786765,122.0
Q23-011,leg2-cruise,3203.901232640713,3211.180126652653,直连,,100.49887808763998,122.0
Q23-023,leg1-cruise,3204.1818303695936,3211.507490669681,直连,,120.61894652206614,122.0
Q23-010,leg2-cruise,3204.5317093922986,3211.895626241118,中继,R3-002,124.02655716854045,122.0
Q23-018,leg1-cruise,3204.8287250534577,3211.2002759797983,中继,R3-003,123.07448887957999,122.0
Q23-014,leg2-cruise,3204.8316803602647,3211.203653473292,直连,,104.09897527778182,122.0
Q23-022,leg1-cruise,3207.546925307231,3214.3067905555395,中继,R3-002,122.29675615456732,122.0
Q23-019,leg1-descent,3209.085765242753,3228.545616316972,中继,R3-002,125.65962995058764,122.0
Q23-012,leg1-cruise,3210.0589152950906,3217.177636255951,直连,,103.26004707820145,122.0
Q23-011,leg2-cruise,3211.180126652653,3218.4590206645935,直连,,99.56386597707035,122.0
Q23-018,leg1-cruise,3211.2002759797983,3217.571826906139,中继,R3-003,123.22085960417965,122.0
Q23-014,leg2-cruise,3211.203653473292,3217.5756265863192,直连,,103.56747666027495,122.0
Q23-023,leg1-cruise,3211.507490669681,3218.8331509697678,直连,,120.89651903098778,122.0
Q23-010,leg2-cruise,3211.895626241118,3219.2595430899373,中继,R3-002,123.87164999411303,122.0
Q23-022,leg1-cruise,3214.3067905555395,3221.066655803848,中继,R3-002,122.50845043123003,122.0
Q23-012,leg1-cruise,3217.177636255951,3224.296357216811,直连,,113.75320981182942,122.0
Q23-018,leg1-cruise,3217.571826906139,3223.94337783248,中继,R3-003,123.36482756126965,122.0
Q23-014,leg2-cruise,3217.5756265863192,3223.947599699347,直连,,103.00217803245798,122.0
Q23-011,leg2-cruise,3218.4590206645935,3225.7379146765334,直连,,98.52065892227763,122.0
Q23-023,leg1-cruise,3218.8331509697678,3226.1588112698546,直连,,121.16553817076515,122.0
Q23-010,leg2-cruise,3219.2595430899373,3226.623459938757,中继,R3-002,123.7139337106637,122.0
Q23-022,leg1-cruise,3221.066655803848,3227.8265210521563,中继,R3-002,122.71514463756222,122.0
Q23-018,leg1-cruise,3223.94337783248,3230.3149287588208,中继,R3-003,123.50646963425285,122.0
Q23-014,leg2-cruise,3223.947599699347,3230.3195728123746,直连,,102.39862622301428,122.0
Q23-012,leg1-cruise,3224.296357216811,3231.4150781776707,直连,,104.2203932838788,122.0
Q23-011,leg2-cruise,3225.7379146765334,3233.0168086884737,直连,,97.342638028089,122.0
Q23-023,leg1-cruise,3226.1588112698546,3233.484471569942,直连,,121.42651285890649,122.0
Q23-010,leg2-cruise,3226.623459938757,3233.9873767875765,中继,R3-002,123.55330469822012,122.0
Q23-022,leg1-cruise,3227.8265210521563,3234.5863863004647,中继,R3-002,122.9170678464903,122.0
Q23-019,S015-handoff,3228.545616316972,3258.545616316972,中继,R3-002,125.65765946448572,122.0
Q23-018,leg1-cruise,3230.3149287588208,3236.6864796851614,中继,R3-003,123.64585910912272,122.0
Q23-014,leg2-cruise,3230.3195728123746,3236.6915459254024,直连,,101.7514634935429,122.0
Q23-012,leg1-cruise,3231.4150781776707,3238.5337991385304,直连,,114.66414897708626,122.0
Q23-011,leg2-cruise,3233.0168086884737,3240.295702700414,直连,,95.99315940280181,122.0
Q23-023,leg1-cruise,3233.484471569942,3240.8101318700287,直连,,121.67990810889711,122.0
Q23-010,leg2-cruise,3233.9873767875765,3241.351293636396,中继,R3-002,123.38965350414121,122.0
Q23-022,leg1-cruise,3234.5863863004647,3241.346251548773,中继,R3-002,123.1144338512363,122.0
Q23-018,leg1-cruise,3236.6864796851614,3243.058030611502,中继,R3-003,123.78306589328537,122.0
Q23-014,leg2-cruise,3236.6915459254024,3243.06351903843,直连,,101.05418016437417,122.0
Q23-012,leg1-cruise,3238.5337991385304,3245.65252009939,直连,,115.08667679361463,122.0
Q23-011,leg2-cruise,3240.295702700414,3247.574596712354,直连,,94.42123075470923,122.0
Q23-023,leg1-cruise,3240.8101318700287,3248.1357921701156,中继,R3-003,121.92614991695432,122.0
Q23-022,leg1-descent,3241.346251548773,3263.142674888617,中继,R3-002,123.20745794734603,122.0
Q23-010,leg2-cruise,3241.351293636396,3248.7152104852157,中继,R3-002,123.22286439766854,122.0
Q23-018,leg1-cruise,3243.058030611502,3249.4295815378428,中继,R3-003,123.91815671813862,122.0
Q23-014,leg2-cruise,3243.06351903843,3249.4354921514573,直连,,100.2987855645172,122.0
Q23-012,leg1-cruise,3245.65252009939,3252.77124106025,直连,,115.4898856111045,122.0
Q23-011,leg2-cruise,3247.574596712354,3254.853490724294,直连,,92.55769666493636,122.0
Q23-023,leg1-cruise,3248.1357921701156,3255.4614524702024,中继,R3-003,122.16562949023309,122.0
Q23-010,leg2-cruise,3248.7152104852157,3256.079127334035,中继,R3-002,123.05281488120173,122.0
Q23-018,leg1-cruise,3249.4295815378428,3255.801132464184,中继,R3-003,124.05119532684179,122.0
Q23-014,leg2-cruise,3249.4354921514573,3255.8074652644846,直连,,99.47537028932229,122.0
Q23-012,leg1-cruise,3252.77124106025,3259.88996202111,直连,,115.87544160214605,122.0
Q23-011,leg2-cruise,3254.853490724294,3262.132384736234,直连,,90.3254366521089,122.0
Q23-023,leg1-cruise,3255.4614524702024,3262.7871127702892,中继,R3-003,122.3987069197174,122.0
Q23-018,leg1-cruise,3255.801132464184,3262.1726833905245,中继,R3-003,124.18224264856735,122.0
Q23-014,leg2-cruise,3255.8074652644846,3262.1794383775123,直连,,98.57153107978519,122.0
Q23-010,leg2-cruise,3256.079127334035,3263.4430441828545,中继,R3-002,122.87937515313679,122.0
Q23-019,S015-handoff,3258.545616316972,3288.545616316972,中继,R3-002,125.65765946448572,122.0
Q23-012,leg1-cruise,3259.88996202111,3267.00868298197,直连,,116.24480710162467,122.0
Q23-011,leg2-cruise,3262.132384736234,3269.4112787481745,直连,,87.74503475138354,122.0
Q23-018,leg1-cruise,3262.1726833905245,3268.544234316865,中继,R3-003,124.31135696031467,122.0
Q23-014,leg2-cruise,3262.1794383775123,3268.55141149054,直连,,97.57164675128318,122.0
Q23-023,leg1-cruise,3262.7871127702892,3270.1127730703765,中继,R3-003,122.62571438275506,122.0
Q23-022,leg1-descent,3263.142674888617,3284.9390982284604,中继,R3-002,123.2003584515223,122.0
Q23-010,leg2-cruise,3263.4430441828545,3270.8069610316743,中继,R3-002,122.70240751643682,122.0
Q23-012,leg1-cruise,3267.00868298197,3274.12740394283,直连,,116.5992721139948,122.0
Q23-018,leg1-cruise,3268.544234316865,3274.9157852432063,中继,R3-003,124.4385940373974,122.0
Q23-014,leg2-cruise,3268.55141149054,3274.9233846035672,直连,,96.45607864565591,122.0
Q23-011,leg2-cruise,3269.4112787481745,3276.6901727601144,直连,,85.48469835661521,122.0
Q23-023,leg1-cruise,3270.1127730703765,3277.4384333704634,中继,R3-003,122.84695894538696,122.0
Q23-010,leg2-cruise,3270.8069610316743,3278.1708778804937,中继,R3-002,122.52176572620604,122.0
Q23-012,leg1-cruise,3274.12740394283,3281.2461249036896,直连,,116.93998004366482,122.0
Q23-018,leg1-cruise,3274.9157852432063,3281.287336169547,中继,R3-003,124.56400729346134,122.0
Q23-014,leg2-cruise,3274.9233846035672,3281.2953577165945,直连,,95.20068499149524,122.0
Q23-011,leg2-descent,3276.6901727601144,3301.5290338440986,直连,,83.7974183655758,122.0
Q23-023,leg1-cruise,3277.4384333704634,3284.76409367055,中继,R3-003,123.06272502284561,122.0
Q23-010,leg2-cruise,3278.1708778804937,3285.534794729313,中继,R3-002,122.3372942685748,122.0
Q23-012,leg1-cruise,3281.2461249036896,3288.3648458645494,直连,,117.2679488555808,122.0
Q23-018,leg1-cruise,3281.287336169547,3287.6588870958876,中继,R3-003,124.68764791095595,122.0
Q23-014,leg2-cruise,3281.2953577165945,3287.667330829622,直连,,93.77813595417906,122.0
Q23-023,leg1-cruise,3284.76409367055,3292.0897539706375,中继,R3-003,123.27327654687275,122.0
Q23-022,leg1-descent,3284.9390982284604,3306.735521568304,中继,R3-002,123.19449903015872,122.0
Q23-010,leg2-cruise,3285.534794729313,3292.898711578133,中继,R3-002,122.14882756207305,122.0
Q23-018,leg1-descent,3287.6588870958876,3311.753625865419,中继,R3-003,124.74500801352508,122.0
Q23-014,leg2-cruise,3287.667330829622,3294.03930394265,直连,,92.16627339783224,122.0
Q23-012,leg1-cruise,3288.3648458645494,3295.483566825409,直连,,117.5840885937574,122.0
Q23-019,S015-handoff,3288.545616316972,3318.545616316972,中继,R3-002,125.65765946448572,122.0
Q23-023,leg1-cruise,3292.0897539706375,3299.4154142707243,中继,R3-003,123.47885888066969,122.0
Q23-010,leg2-cruise,3292.898711578133,3300.2626284269522,中继,R3-002,121.95618907126492,122.0
Q23-014,leg2-cruise,3294.03930394265,3300.411277055677,直连,,90.38111289839236,122.0
Q23-012,leg1-cruise,3295.483566825409,3302.6022877862692,直连,,117.88921597596836,122.0
Q23-023,leg1-cruise,3299.4154142707243,3306.741074570811,中继,R3-003,123.6797005158554,122.0
Q23-010,leg2-cruise,3300.2626284269522,3307.6265452757716,直连,,121.75919032086318,122.0
Q23-014,leg2-cruise,3300.411277055677,3306.7832501687044,直连,,88.58357162938636,122.0
Q23-011,leg2-descent,3301.5290338440986,3326.367894928083,直连,,80.41110451248773,122.0
Q23-012,leg1-cruise,3302.6022877862692,3309.7210087471294,直连,,118.18406662503273,122.0
Q23-022,S007-handoff,3306.735521568304,3336.735521568304,中继,R3-002,123.19203596345481,122.0
Q23-023,leg1-descent,3306.741074570811,3325.733804062999,中继,R3-003,123.77631418571382,122.0
Q23-014,leg2-cruise,3306.7832501687044,3313.155223281732,直连,,87.29724332972827,122.0
Q23-010,leg2-cruise,3307.6265452757716,3314.9904621245914,直连,,111.55762979663777,122.0
Q23-012,leg1-cruise,3309.7210087471294,3316.839729707989,直连,,118.4693053770896,122.0
Q23-018,leg1-descent,3311.753625865419,3335.84836463495,中继,R3-003,124.73818018332537,122.0
Q23-014,leg2-descent,3313.155223281732,3337.676156509271,直连,,86.10467020375069,122.0
Q23-010,leg2-cruise,3314.9904621245914,3322.3543789734113,直连,,111.35129171717415,122.0
Q23-012,leg1-cruise,3316.839729707989,3323.958450668849,直连,,118.74553501538738,122.0
Q23-019,S015-handoff,3318.545616316972,3348.545616316972,中继,R3-002,125.65765946448572,122.0
Q23-010,leg2-cruise,3322.3543789734113,3329.7182958222306,直连,,111.13994465791197,122.0
Q23-012,leg1-cruise,3323.958450668849,3331.0771716297086,直连,,119.01330370726701,122.0
Q23-023,S013-handoff,3325.733804062999,3355.733804062999,中继,R3-003,123.77442449618124,122.0
Q23-011,leg2-descent,3326.367894928083,3351.2067560120677,直连,,74.78479741896626,122.0
Q23-010,leg2-cruise,3329.7182958222306,3337.08221267105,直连,,110.92334000564551,122.0
Q23-012,leg1-cruise,3331.0771716297086,3338.1958925905683,直连,,119.27311136700405,122.0
Q23-018,leg1-descent,3335.84836463495,3359.943103404481,中继,R3-003,124.73241503097312,122.0
Q23-022,S007-handoff,3336.735521568304,3366.735521568304,中继,R3-002,123.19203596345481,122.0
Q23-010,leg2-cruise,3337.08221267105,3344.44612951987,直连,,110.70121021788019,122.0
Q23-014,leg2-descent,3337.676156509271,3362.19708973681,直连,,83.67087452603938,122.0
Q23-012,leg1-cruise,3338.1958925905683,3345.314613551428,直连,,119.52541512415627,122.0
Q23-010,leg2-cruise,3344.44612951987,3351.8100463686897,直连,,110.47326685678915,122.0
Q23-012,leg1-cruise,3345.314613551428,3352.4333345122877,直连,,119.77063404321652,122.0
Q23-019,S015-handoff,3348.545616316972,3378.545616316972,中继,R3-002,125.65765946448572,122.0
Q23-011,leg2-descent,3351.2067560120677,3376.045617096052,直连,,53.749087921888076,122.0
Q23-010,leg2-cruise,3351.8100463686897,3359.173963217509,直连,,110.23919836195111,122.0
Q23-012,leg1-cruise,3352.4333345122877,3359.552055473148,直连,,120.00915321355951,122.0
Q23-023,S013-handoff,3355.733804062999,3385.733804062999,中继,R3-003,123.77442449618124,122.0
Q23-010,leg2-cruise,3359.173963217509,3366.5378800663284,直连,,109.9986675191947,122.0
Q23-012,leg1-descent,3359.552055473148,3380.0711912153356,直连,,120.12150523207133,122.0
Q23-018,leg1-descent,3359.943103404481,3384.0378421740124,中继,R3-003,124.72771680659866,122.0
Q23-014,leg2-descent,3362.19708973681,3386.7180229643495,直连,,80.27756706568832,122.0
Q23-010,leg2-cruise,3366.5378800663284,3373.901796915148,直连,,109.75130857461187,122.0
Q23-022,S007-handoff,3366.735521568304,3396.735521568304,中继,R3-002,123.19203596345481,122.0
Q23-010,leg2-cruise,3373.901796915148,3381.2657137639676,直连,,109.49672393256782,122.0
Q23-019,S015-handoff,3378.545616316972,3408.545616316972,中继,R3-002,125.65765946448572,122.0
Q23-012,S006-handoff,3380.0711912153356,3410.0711912153356,直连,,120.11755663365312,122.0
Q23-010,leg2-cruise,3381.2657137639676,3388.629630612787,直连,,109.23448036387542,122.0
Q23-018,S014-handoff,3384.0378421740124,3414.0378421740124,中继,R3-003,124.72576890840894,122.0
Q23-023,S013-handoff,3385.733804062999,3415.733804062999,中继,R3-003,123.77442449618124,122.0
Q23-014,leg2-descent,3386.7180229643495,3411.2389561918885,直连,,74.6314902170638,122.0
Q23-010,leg2-cruise,3388.629630612787,3403.357464310426,直连,,108.96410463473497,122.0
Q23-022,S007-handoff,3396.735521568304,3426.735521568304,中继,R3-002,123.19203596345481,122.0
Q23-010,leg2-cruise,3403.357464310426,3410.7213811592455,直连,,108.39683255874692,122.0
Q23-019,S015-handoff,3408.545616316972,3438.545616316972,中继,R3-002,125.65765946448572,122.0
Q23-012,S006-handoff,3410.0711912153356,3440.0711912153356,直连,,120.11755663365312,122.0
Q23-010,leg2-cruise,3410.7213811592455,3418.0852980080654,直连,,108.09873991283881,122.0
Q23-014,leg2-descent,3411.2389561918885,3435.7598894194275,直连,,53.15878668858529,122.0
Q23-018,S014-handoff,3414.0378421740124,3444.0378421740124,中继,R3-003,124.72576890840894,122.0
Q23-023,S013-handoff,3415.733804062999,3445.733804062999,中继,R3-003,123.77442449618124,122.0
Q23-010,leg2-cruise,3418.0852980080654,3432.813131705704,直连,,107.79010758189183,122.0
Q23-022,S007-handoff,3426.735521568304,3456.735521568304,中继,R3-002,123.19203596345481,122.0
Q23-010,leg2-cruise,3432.813131705704,3440.177048554524,直连,,107.13806400201398,122.0
Q23-019,leg2-climb,3438.545616316972,3454.7621588788206,中继,R3-002,125.65962995058764,122.0
Q23-012,S006-handoff,3440.0711912153356,3470.0711912153356,直连,,120.11755663365312,122.0
Q23-010,leg2-cruise,3440.177048554524,3447.5409654033433,直连,,106.79284276043047,122.0
Q23-018,S014-handoff,3444.0378421740124,3474.0378421740124,中继,R3-003,124.72576890840894,122.0
Q23-023,S013-handoff,3445.733804062999,3475.733804062999,中继,R3-003,123.77442449618124,122.0
Q23-010,leg2-cruise,3447.5409654033433,3454.9048822521627,直连,,106.43343227113844,122.0
Q23-019,leg2-climb,3454.7621588788206,3470.9787014406697,中继,R3-002,125.66399196278283,122.0
Q23-010,leg2-cruise,3454.9048822521627,3462.2687991009825,直连,,106.0586255521467,122.0
Q23-022,S007-handoff,3456.735521568304,3486.735521568304,中继,R3-002,123.19203596345481,122.0
Q23-010,leg2-cruise,3462.2687991009825,3476.9966327986217,直连,,105.6670561911682,122.0
Q23-012,S006-handoff,3470.0711912153356,3500.0711912153356,直连,,120.11755663365312,122.0
Q23-019,leg2-cruise,3470.9787014406697,3478.355066573682,中继,R3-002,125.60260339818745,122.0
Q23-018,S014-handoff,3474.0378421740124,3504.0378421740124,中继,R3-003,124.72576890840894,122.0
Q23-023,S013-handoff,3475.733804062999,3505.733804062999,中继,R3-003,123.77442449618124,122.0
Q23-010,leg2-cruise,3476.9966327986217,3484.360549647441,直连,,104.82718545524251,122.0
Q23-019,leg2-cruise,3478.355066573682,3485.7314317066944,中继,R3-002,125.47362875358874,122.0
Q23-010,leg2-cruise,3484.360549647441,3491.724466496261,直连,,104.37505616386562,122.0
Q23-019,leg2-cruise,3485.7314317066944,3493.1077968397067,中继,R3-002,125.34272008610873,122.0
Q23-022,S007-handoff,3486.735521568304,3516.735521568304,中继,R3-002,123.19203596345481,122.0
Q23-010,leg2-cruise,3491.724466496261,3499.0883833450807,直连,,103.89840723249146,122.0
Q23-019,leg2-cruise,3493.1077968397067,3500.484161972719,中继,R3-002,125.20981883758064,122.0
Q23-010,leg2-cruise,3499.0883833450807,3506.4523001939,直连,,103.39446723919299,122.0
Q23-012,S006-handoff,3500.0711912153356,3530.0711912153356,直连,,120.11755663365312,122.0
Q23-019,leg2-cruise,3500.484161972719,3507.8605271057313,中继,R3-002,125.07486376516141,122.0
Q23-018,S014-handoff,3504.0378421740124,3534.0378421740124,中继,R3-003,124.72576890840894,122.0
Q23-023,S013-handoff,3505.733804062999,3535.733804062999,中继,R3-003,123.77442449618124,122.0
Q23-010,leg2-cruise,3506.4523001939,3513.8162170427195,直连,,102.85997542825555,122.0
Q23-019,leg2-cruise,3507.8605271057313,3515.2368922387436,中继,R3-002,124.93779077571841,122.0
Q23-010,leg2-cruise,3513.8162170427195,3521.1801338915393,直连,,102.29106201527088,122.0
Q23-019,leg2-cruise,3515.2368922387436,3522.613257371756,中继,R3-002,124.7985327473314,122.0
Q23-022,leg2-climb,3516.735521568304,3542.471890383408,中继,R3-002,123.19561789391793,122.0
Q23-010,leg2-cruise,3521.1801338915393,3528.5440507403587,直连,,101.6830906719037,122.0
Q23-019,leg2-cruise,3522.613257371756,3529.9896225047682,中继,R3-002,124.65701933670161,122.0
Q23-010,leg2-cruise,3528.5440507403587,3535.907967589178,直连,,101.03044854892373,122.0
Q23-019,leg2-cruise,3529.9896225047682,3537.3659876377806,中继,R3-002,124.51317677111739,122.0
Q23-012,S006-handoff,3530.0711912153356,3560.0711912153356,直连,,120.11755663365312,122.0
Q23-018,S014-handoff,3534.0378421740124,3564.0378421740124,中继,R3-003,124.72576890840894,122.0
Q23-023,leg2-climb,3535.733804062999,3542.6001309672956,中继,R3-003,123.77521887507436,122.0
Q23-010,leg2-cruise,3535.907967589178,3543.271884437998,直连,,100.32626263144886,122.0
Q23-019,leg2-cruise,3537.3659876377806,3544.742352770793,中继,R3-002,124.36692762348099,122.0
Q23-022,leg2-climb,3542.471890383408,3568.2082591985127,中继,R3-002,123.20465336285964,122.0
Q23-023,leg2-cruise,3542.6001309672956,3549.305700522523,中继,R3-003,123.77328068338343,122.0
Q23-010,leg2-cruise,3543.271884437998,3550.6358012868172,直连,,99.56201156809973,122.0
Q23-019,leg2-cruise,3544.742352770793,3552.118717903805,中继,R3-002,124.2181905687304,122.0
Q23-023,leg2-cruise,3549.305700522523,3556.0112700777495,中继,R3-003,123.77053510766781,122.0
Q23-010,leg2-cruise,3550.6358012868172,3557.9997181356366,直连,,98.7269883289308,122.0
Q23-019,leg2-cruise,3552.118717903805,3559.4950830368175,中继,R3-002,124.06688011979242,122.0
Q23-023,leg2-cruise,3556.0112700777495,3562.716839632976,中继,R3-003,123.77152439994889,122.0
Q23-010,leg2-cruise,3557.9997181356366,3565.3636349844564,直连,,97.8075510369207,122.0
Q23-019,leg2-cruise,3559.4950830368175,3566.87144816983,中继,R3-002,123.91290634098206,122.0
Q23-012,S006-handoff,3560.0711912153356,3590.0711912153356,直连,,120.11755663365312,122.0
Q23-023,leg2-cruise,3562.716839632976,3569.4224091882033,中继,R3-003,123.77624599096765,122.0
Q23-018,S014-handoff,3564.0378421740124,3594.0378421740124,中继,R3-003,124.72576890840894,122.0
Q23-010,leg2-cruise,3565.3636349844564,3572.727551833276,直连,,96.78608233520322,122.0
Q23-019,leg2-cruise,3566.87144816983,3574.247813302842,中继,R3-002,123.75617453653777,122.0
Q23-022,leg2-cruise,3568.2082591985127,3575.6362018103155,中继,R3-002,123.2666022744955,122.0
Q23-023,leg2-cruise,3569.4224091882033,3576.1279787434305,中继,R3-003,123.78468770827317,122.0
Q23-010,leg2-cruise,3572.727551833276,3580.091468682095,直连,,95.6395892492893,122.0
Q23-019,leg2-cruise,3574.247813302842,3581.6241784358544,中继,R3-002,123.59658491165851,122.0
Q23-022,leg2-cruise,3575.6362018103155,3583.064144422118,中继,R3-002,123.38120323406193,122.0
Q23-023,leg2-cruise,3576.1279787434305,3582.8335482986577,中继,R3-003,123.7968278803818,122.0
Q23-010,leg2-cruise,3580.091468682095,3587.455385530915,直连,,94.33803134550014,122.0
Q23-019,leg2-cruise,3581.6241784358544,3589.0005435688668,中继,R3-002,123.43403220312885,122.0
Q23-023,leg2-cruise,3582.8335482986577,3589.539117853885,中继,R3-003,123.81263552120461,122.0
Q23-022,leg2-cruise,3583.064144422118,3590.49208703392,中继,R3-002,123.49773997738072,122.0
Q23-010,leg2-cruise,3587.455385530915,3594.8193023797344,直连,,92.84323331705389,122.0
Q23-019,leg2-cruise,3589.0005435688668,3596.376908701879,中继,R3-002,123.26840527622636,122.0
Q23-023,leg2-cruise,3589.539117853885,3596.2446874091115,中继,R3-003,123.83207059147225,122.0
Q23-012,leg2-climb,3590.0711912153356,3607.170471000492,直连,,120.12150523207133,122.0
Q23-022,leg2-cruise,3590.49208703392,3597.920029645723,中继,R3-002,123.61598223482508,122.0
Q23-018,leg2-climb,3594.0378421740124,3620.8097741401584,中继,R3-003,124.72842559469186,122.0
Q23-010,leg2-cruise,3594.8193023797344,3602.1832192285538,直连,,91.1125466103192,122.0
Q23-023,leg2-cruise,3596.2446874091115,3602.950256964338,中继,R3-003,123.85508433252585,122.0
Q23-019,leg2-cruise,3596.376908701879,3603.753273834891,中继,R3-002,123.09958668419722,122.0
Q23-022,leg2-cruise,3597.920029645723,3605.3479722575253,中继,R3-002,123.735712143206,122.0
Q23-010,leg2-cruise,3602.1832192285538,3609.5471360773736,直连,,89.12522879221046,122.0
Q23-023,leg2-cruise,3602.950256964338,3609.6558265195654,中继,R3-003,123.88161966676506,122.0
Q23-019,leg2-cruise,3603.753273834891,3611.1296389679032,中继,R3-002,122.92745218609475,122.0
Q23-022,leg2-cruise,3605.3479722575253,3612.7759148693276,中继,R3-002,123.85672433850685,122.0
Q23-012,leg2-cruise,3607.170471000492,3614.533974028862,直连,,120.00510697423687,122.0
Q23-010,leg2-cruise,3609.5471360773736,3616.9110529261934,直连,,87.00091131447552,122.0
Q23-023,leg2-cruise,3609.6558265195654,3616.3613960747925,中继,R3-003,123.91161165792477,122.0
Q23-019,leg2-cruise,3611.1296389679032,3618.5060041009156,中继,R3-002,122.75187021823989,122.0
Q23-022,leg2-cruise,3612.7759148693276,3620.2038574811304,中继,R3-002,123.9788259092472,122.0
Q23-012,leg2-cruise,3614.533974028862,3621.897477057232,直连,,119.75815305256917,122.0
Q23-023,leg2-cruise,3616.3613960747925,3623.0669656300192,中继,R3-003,123.94498802360731,122.0
Q23-010,leg2-cruise,3616.9110529261934,3624.274969775013,直连,,85.35491042782337,122.0
Q23-019,leg2-cruise,3618.5060041009156,3625.882369233928,中继,R3-002,122.57270131391427,122.0
Q23-022,leg2-cruise,3620.2038574811304,3627.6318000929327,中继,R3-002,124.10183623243836,122.0
Q23-018,leg2-climb,3620.8097741401584,3647.581706106304,中继,R3-003,124.73516448869171,122.0
Q23-012,leg2-cruise,3621.897477057232,3629.2609800856026,直连,,119.50401009393143,122.0
Q23-023,leg2-cruise,3623.0669656300192,3629.772535185246,中继,R3-003,123.9816696919026,122.0
Q23-010,leg2-descent,3624.274969775013,3650.769754931263,直连,,83.31699936871911,122.0
Q23-019,leg2-cruise,3625.882369233928,3633.25873436694,中继,R3-002,122.38979746516831,122.0
Q23-022,leg2-cruise,3627.6318000929327,3635.059742704735,中继,R3-002,124.22558671245802,122.0
Q23-012,leg2-cruise,3629.2609800856026,3636.6244831139725,直连,,119.242249414317,122.0
Q23-023,leg2-cruise,3629.772535185246,3636.478104740473,中继,R3-003,124.02157139344669,122.0
Q23-019,leg2-cruise,3633.25873436694,3640.6350994999525,中继,R3-002,122.20300141978493,122.0
Q23-022,leg2-cruise,3635.059742704735,3642.487685316538,中继,R3-002,124.34992044161848,122.0
Q23-023,leg2-cruise,3636.478104740473,3643.1836742957003,中继,R3-003,124.06460228021508,122.0
Q23-012,leg2-cruise,3636.6244831139725,3643.9879861423424,直连,,118.97240305066312,122.0
Q23-019,leg2-cruise,3640.6350994999525,3648.011464632965,中继,R3-002,122.01214590546476,122.0
Q23-022,leg2-cruise,3642.487685316538,3649.9156279283407,中继,R3-002,124.47469179920535,122.0
Q23-023,leg2-cruise,3643.1836742957003,3649.8892438509274,中继,R3-003,124.1106665622765,122.0
Q23-012,leg2-cruise,3643.9879861423424,3651.3514891707127,直连,,118.6939588447752,122.0
Q23-018,leg2-climb,3647.581706106304,3674.35363807245,中继,R3-003,124.74379644824026,122.0
Q23-019,leg2-cruise,3648.011464632965,3655.387829765977,直连,,121.81705277214209,122.0
Q23-023,leg2-cruise,3649.8892438509274,3656.5948134061546,中继,R3-003,124.1596641539995,122.0
Q23-022,leg2-cruise,3649.9156279283407,3657.343570540143,中继,R3-002,124.59976600402146,122.0
Q23-010,leg2-descent,3650.769754931263,3677.2645400875126,直连,,78.04575938899086,122.0
Q23-012,leg2-cruise,3651.3514891707127,3658.714992199083,直连,,118.40635473942771,122.0
Q23-019,leg2-cruise,3655.387829765977,3662.7641948989894,直连,,121.6175320420716,122.0
Q23-023,leg2-cruise,3656.5948134061546,3663.3003829613813,中继,R3-003,124.21149132161983,122.0
Q23-022,leg2-cruise,3657.343570540143,3664.7715131519453,中继,R3-002,124.72501863346741,122.0
Q23-012,leg2-cruise,3658.714992199083,3666.078495227453,直连,,118.10897213151326,122.0
Q23-019,leg2-cruise,3662.7641948989894,3670.1405600320018,直连,,121.4133808557192,122.0
Q23-023,leg2-cruise,3663.3003829613813,3670.005952516608,中继,R3-003,124.26604132454348,122.0
Q23-022,leg2-cruise,3664.7715131519453,3672.199455763748,中继,R3-002,124.85033512052777,122.0
Q23-012,leg2-cruise,3666.078495227453,3673.441998255823,直连,,117.80112809065146,122.0
Q23-023,leg2-cruise,3670.005952516608,3676.711522071835,中继,R3-003,124.323205043506,122.0
Q23-019,leg2-cruise,3670.1405600320018,3677.516925165014,直连,,121.20438229975605,122.0
Q23-022,leg2-cruise,3672.199455763748,3679.6273983755505,中继,R3-002,124.97561023822615,122.0
Q23-012,leg2-cruise,3673.441998255823,3680.8055012841933,直连,,117.48206620519733,122.0
Q23-018,leg2-cruise,3674.35363807245,3681.729022017512,中继,R3-003,124.6779713345392,122.0
Q23-023,leg2-cruise,3676.711522071835,3683.4170916270623,中继,R3-003,124.38287158936555,122.0
Q23-010,leg2-descent,3677.2645400875126,3703.7593252437628,直连,,62.41189614159426,122.0
Q23-019,leg2-cruise,3677.516925165014,3684.8932902980264,直连,,120.99030410133517,122.0
Q23-022,leg2-cruise,3679.6273983755505,3687.055340987353,中继,R3-002,125.1007475796911,122.0
Q23-012,leg2-cruise,3680.8055012841933,3688.1690043125636,直连,,117.15094575800845,122.0
Q23-018,leg2-cruise,3681.729022017512,3689.104405962574,中继,R3-003,124.5345309745959,122.0
Q23-023,leg2-cruise,3683.4170916270623,3690.122661182289,中继,R3-003,124.44492888718834,122.0
Q23-019,leg2-cruise,3684.8932902980264,3692.2696554310387,直连,,120.7708971703633,122.0
Q23-022,leg2-cruise,3687.055340987353,3694.4832835991556,中继,R3-002,125.22565904044166,122.0
Q23-012,leg2-cruise,3688.1690043125636,3695.5325073409335,直连,,116.806828857181,122.0
Q23-018,leg2-cruise,3689.104405962574,3696.4797899076366,中继,R3-003,124.38869939299896,122.0
Q23-023,leg2-cruise,3690.122661182289,3696.8282307375157,中继,R3-003,124.50926423109154,122.0
Q23-019,leg2-cruise,3692.2696554310387,3699.646020564051,直连,,120.54589396860891,122.0
Q23-022,leg2-cruise,3694.4832835991556,3701.911226210958,中继,R3-002,125.35026430837726,122.0
Q23-012,leg2-cruise,3695.5325073409335,3702.8960103693034,直连,,116.44866504687488,122.0
Q23-018,leg2-cruise,3696.4797899076366,3703.8551738526985,中继,R3-003,124.2403961269107,122.0
Q23-023,leg2-cruise,3696.8282307375157,3703.533800292743,中继,R3-003,124.57576480613142,122.0
Q23-019,leg2-cruise,3699.646020564051,3707.0223856970633,直连,,110.31500668107168,122.0
Q23-022,leg2-cruise,3701.911226210958,3709.3391688227603,中继,R3-002,125.47449036572198,122.0
Q23-012,leg2-cruise,3702.8960103693034,3710.259513397674,直连,,116.07527279164911,122.0
Q23-023,leg2-cruise,3703.533800292743,3710.23936984797,中继,R3-003,124.64431817443366,122.0
Q23-018,leg2-cruise,3703.8551738526985,3711.2305577977604,中继,R3-003,124.08953661639889,122.0
Q23-019,leg2-cruise,3707.0223856970633,3714.3987508300756,直连,,110.0779251610604,122.0
Q23-022,leg2-cruise,3709.3391688227603,3716.767111434563,中继,R3-002,125.59827100634125,122.0
Q23-023,leg2-cruise,3710.23936984797,3716.944939403197,中继,R3-003,124.7148127234641,122.0
Q23-012,leg2-cruise,3710.259513397674,3717.623016426044,直连,,115.68531705399934,122.0
Q23-018,leg2-cruise,3711.2305577977604,3718.6059417428223,中继,R3-003,123.93603192401197,122.0
Q23-019,leg2-cruise,3714.3987508300756,3721.775115963088,直连,,109.83431461568686,122.0
Q23-022,leg2-descent,3716.767111434563,3728.134396590813,中继,R3-002,125.65879343889277,122.0
Q23-023,leg2-cruise,3716.944939403197,3723.6505089584243,中继,R3-003,124.78713807516647,122.0
Q23-012,leg2-cruise,3717.623016426044,3724.986519454414,直连,,115.27728195314663,122.0
Q23-018,leg2-cruise,3718.6059417428223,3725.9813256878842,中继,R3-003,123.77978843016244,122.0
Q23-019,leg2-cruise,3721.775115963088,3729.1514810961003,直连,,109.58381299290983,122.0
Q23-023,leg2-cruise,3723.6505089584243,3730.356078513651,中继,R3-003,124.861185455361,122.0
Q23-012,leg2-cruise,3724.986519454414,3732.350022482784,直连,,114.84943718209439,122.0
Q23-018,leg2-cruise,3725.9813256878842,3733.3567096329466,中继,R3-003,123.62070750182595,122.0
Q23-022,S015-handoff,3728.134396590813,3758.134396590813,中继,R3-002,125.65765946448572,122.0
Q23-019,leg2-cruise,3729.1514810961003,3736.5278462291126,直连,,109.3260280246856,122.0
Q23-023,leg2-cruise,3730.356078513651,3737.0616480688777,中继,R3-003,124.93684802337704,122.0
Q23-012,leg2-cruise,3732.350022482784,3739.7135255111543,直连,,114.39979643900413,122.0
Q23-018,leg2-cruise,3733.3567096329466,3740.732093578009,中继,R3-003,123.45868513175955,122.0
Q23-019,leg2-cruise,3736.5278462291126,3743.904211362125,直连,,109.060533873022,122.0
Q23-023,leg2-cruise,3737.0616480688777,3743.767217624105,中继,R3-003,125.01402116249892,122.0
Q23-012,leg2-cruise,3739.7135255111543,3747.0770285395247,直连,,113.92606555503897,122.0
Q23-018,leg2-cruise,3740.732093578009,3748.107477523071,中继,R3-003,123.29361154500569,122.0
Q23-023,leg2-cruise,3743.767217624105,3750.472787179332,中继,R3-003,125.09260273222525,122.0
Q23-019,leg2-cruise,3743.904211362125,3751.280576495137,直连,,108.7868673165085,122.0
Q23-012,leg2-cruise,3747.0770285395247,3754.4405315678946,直连,,103.42557721351866,122.0
Q23-018,leg2-cruise,3748.107477523071,3755.482861468133,中继,R3-003,123.1253707691898,122.0
Q23-023,leg2-cruise,3750.472787179332,3757.1783567345587,中继,R3-003,125.17249328374113,122.0
Q23-019,leg2-cruise,3751.280576495137,3758.6569416281495,直连,,108.50452340416703,122.0
Q23-012,leg2-cruise,3754.4405315678946,3761.8040345962645,直连,,102.89520807053164,122.0
Q23-018,leg2-cruise,3755.482861468133,3762.8582454131947,中继,R3-003,122.95384016452043,122.0
Q23-023,leg2-descent,3757.1783567345587,3785.638152877137,中继,R3-003,125.21095035905333,122.0
Q23-022,S015-handoff,3758.134396590813,3788.134396590813,中继,R3-002,125.65765946448572,122.0
Q23-019,leg2-cruise,3758.6569416281495,3766.033306761162,直连,,108.21295049078687,122.0
Q23-012,leg2-cruise,3761.8040345962645,3769.167537624635,直连,,102.3312725916434,122.0
Q23-018,leg2-cruise,3762.8582454131947,3770.2336293582566,中继,R3-003,122.77888990897038,122.0
Q23-019,leg2-cruise,3766.033306761162,3773.409671894174,直连,,107.91154455322608,122.0
Q23-012,leg2-cruise,3769.167537624635,3776.531040653005,直连,,101.72938586964953,122.0
Q23-018,leg2-cruise,3770.2336293582566,3777.609013303319,中继,R3-003,122.60038243351569,122.0
Q23-019,leg2-cruise,3773.409671894174,3780.7860370271865,直连,,107.59964267023024,122.0
Q23-012,leg2-cruise,3776.531040653005,3783.894543681375,直连,,101.08428493191776,122.0
Q23-018,leg2-cruise,3777.609013303319,3784.9843972483814,中继,R3-003,122.41817180154551,122.0
Q23-019,leg2-cruise,3780.7860370271865,3788.162402160199,直连,,107.27651552924415,122.0
Q23-012,leg2-cruise,3783.894543681375,3791.258046709745,直连,,100.38959451024138,122.0
Q23-018,leg2-cruise,3784.9843972483814,3792.3597811934433,中继,R3-003,122.23210302583209,122.0
Q23-023,leg2-descent,3785.638152877137,3814.097949019715,中继,R3-003,125.20805685786232,122.0
Q23-022,S015-handoff,3788.134396590813,3818.134396590813,中继,R3-002,125.65765946448572,122.0
Q23-019,leg2-cruise,3788.162402160199,3795.538767293211,直连,,106.94135880267756,122.0
Q23-012,leg2-cruise,3791.258046709745,3798.6215497381154,直连,,99.63751923247787,122.0
Q23-018,leg2-cruise,3792.3597811934433,3799.735165138505,中继,R3-003,122.0420113155375,122.0
Q23-019,leg2-cruise,3795.538767293211,3802.9151324262234,直连,,106.59328321417743,122.0
Q23-012,leg2-cruise,3798.6215497381154,3805.9850527664858,直连,,98.81844127321483,122.0
Q23-018,leg2-cruise,3799.735165138505,3807.1105490835675,直连,,121.84772124458938,122.0
Q23-019,leg2-cruise,3802.9151324262234,3810.2914975592357,直连,,106.23130309455895,122.0
Q23-012,leg2-cruise,3805.9850527664858,3813.3485557948557,直连,,97.92040618808271,122.0
Q23-018,leg2-cruise,3807.1105490835675,3814.48593302863,直连,,121.64904583160352,122.0
Q23-019,leg2-cruise,3810.2914975592357,3817.667862692248,直连,,105.85432321121937,122.0
Q23-012,leg2-cruise,3813.3485557948557,3820.7120588232256,直连,,96.92850753291376,122.0
Q23-023,S009-handoff,3814.097949019715,3844.097949019715,中继,R3-003,125.20711279830486,122.0
Q23-018,leg2-cruise,3814.48593302863,3821.861316973692,直连,,121.44578552011104,122.0
Q23-019,leg2-cruise,3817.667862692248,3825.0442278252604,直连,,105.4611236515205,122.0
Q23-022,S015-handoff,3818.134396590813,3848.134396590813,中继,R3-002,125.65765946448572,122.0
Q23-012,leg2-cruise,3820.7120588232256,3828.075561851596,直连,,95.82428779662386,122.0
Q23-018,leg2-cruise,3821.861316973692,3829.2367009187537,直连,,121.23772704606816,122.0
Q23-019,leg2-cruise,3825.0442278252604,3832.4205929582727,直连,,105.0503425632796,122.0
Q23-012,leg2-cruise,3828.075561851596,3835.4390648799663,直连,,94.58563222803473,122.0
Q23-018,leg2-cruise,3829.2367009187537,3836.6120848638157,直连,,121.02464217786391,122.0
Q23-019,leg2-cruise,3832.4205929582727,3839.796958091285,直连,,104.6204566289638,122.0
Q23-012,leg2-cruise,3835.4390648799663,3842.802567908336,直连,,93.18879995114173,122.0
Q23-018,leg2-cruise,3836.6120848638157,3843.9874688088776,直连,,120.80628631160165,122.0
Q23-019,leg2-cruise,3839.796958091285,3847.1733232242973,直连,,104.16975931801821,122.0
Q23-012,leg2-cruise,3842.802567908336,3850.166070936706,直连,,91.61799772355323,122.0
Q23-018,leg2-cruise,3843.9874688088776,3851.36285275394,直连,,120.58239690189082,122.0
Q23-023,S009-handoff,3844.097949019715,3874.097949019715,中继,R3-003,125.20711279830486,122.0
Q23-019,leg2-cruise,3847.1733232242973,3854.5496883573096,直连,,103.69633730297437,122.0
Q23-022,S015-handoff,3848.134396590813,3878.134396590813,中继,R3-002,125.65765946448572,122.0
Q23-012,leg2-cruise,3850.166070936706,3857.5295739650765,直连,,89.89933631075714,122.0
Q23-018,leg2-cruise,3851.36285275394,3858.7382366990023,直连,,120.35269170529492,122.0
Q23-019,leg2-cruise,3854.5496883573096,3861.926053490322,直连,,103.198046080619,122.0
Q23-012,leg2-cruise,3857.5295739650765,3864.893076993447,直连,,88.20104013014753,122.0
Q23-018,leg2-cruise,3858.7382366990023,3866.113620644064,直连,,110.11686680985055,122.0
Q23-019,leg2-cruise,3861.926053490322,3869.3024186233342,直连,,102.67248706490427,122.0
Q23-012,leg2-cruise,3864.893076993447,3872.2565800218167,直连,,87.01337951090622,122.0
Q23-018,leg2-cruise,3866.113620644064,3873.489004589126,直连,,109.874594419912,122.0
Q23-019,leg2-cruise,3869.3024186233342,3876.678783756346,直连,,102.11699067723089,122.0
Q23-012,leg2-descent,3872.2565800218167,3896.096363957364,直连,,85.56497153273415,122.0
Q23-018,leg2-cruise,3873.489004589126,3880.864388534188,直连,,109.62552036059706,122.0
Q23-023,S009-handoff,3874.097949019715,3904.097949019715,中继,R3-003,125.20711279830486,122.0
Q23-019,leg2-cruise,3876.678783756346,3884.0551488893584,直连,,101.52861410190883,122.0
Q23-022,S015-handoff,3878.134396590813,3908.134396590813,中继,R3-002,125.65765946448572,122.0
Q23-018,leg2-cruise,3880.864388534188,3888.23977247925,直连,,109.36926126015547,122.0
Q23-019,leg2-cruise,3884.0551488893584,3891.4315140223707,直连,,100.90416996393947,122.0
Q23-018,leg2-cruise,3888.23977247925,3895.6151564243123,直连,,109.10540136185473,122.0
Q23-019,leg2-cruise,3891.4315140223707,3898.807879155383,直连,,100.24031610724415,122.0
Q23-018,leg2-cruise,3895.6151564243123,3902.9905403693747,直连,,108.83348890901786,122.0
Q23-012,leg2-descent,3896.096363957364,3919.9361478929104,直连,,82.26592811377243,122.0
Q23-019,leg2-cruise,3898.807879155383,3906.1842442883953,直连,,99.53376218455958,122.0
Q23-018,leg2-cruise,3902.9905403693747,3910.3659243144366,直连,,108.55303203745054,122.0
Q23-023,S009-handoff,3904.097949019715,3934.097949019715,中继,R3-003,125.20711279830486,122.0
Q23-019,leg2-cruise,3906.1842442883953,3913.5606094214077,直连,,98.78169534298299,122.0
Q23-022,leg3-climb,3908.134396590813,3924.3509391526622,中继,R3-002,125.65962995058764,122.0
Q23-018,leg2-cruise,3910.3659243144366,3917.7413082594985,直连,,108.26349409908767,122.0
Q23-019,leg2-cruise,3913.5606094214077,3920.93697455442,直连,,97.9826106652288,122.0
Q23-018,leg2-cruise,3917.7413082594985,3925.116692204561,直连,,107.96428832833446,122.0
Q23-012,leg2-descent,3919.9361478929104,3943.775931828457,直连,,76.88131283538888,122.0
Q23-019,leg2-cruise,3920.93697455442,3928.3133396874323,直连,,97.13787428711623,122.0
Q23-022,leg3-climb,3924.3509391526622,3940.567481714511,中继,R3-002,125.66399196278283,122.0
Q23-018,leg2-cruise,3925.116692204561,3932.4920761496232,直连,,107.65477174919045,122.0
Q23-019,leg2-cruise,3928.3133396874323,3935.6897048204446,直连,,96.2545622302927,122.0
Q23-018,leg2-cruise,3932.4920761496232,3939.867460094685,直连,,107.33423820657472,122.0
Q23-023,S009-handoff,3934.097949019715,3964.097949019715,中继,R3-003,125.20711279830486,122.0
Q23-019,leg2-cruise,3935.6897048204446,3943.066069953457,直连,,95.35034034182877,122.0
Q23-018,leg2-cruise,3939.867460094685,3947.242844039747,直连,,107.00191038997578,122.0
Q23-022,leg3-cruise,3940.567481714511,3947.9078645785817,中继,R3-002,125.58697642887867,122.0
Q23-019,leg2-cruise,3943.066069953457,3950.4424350864692,直连,,94.46099556923042,122.0
Q23-012,leg2-descent,3943.775931828457,3967.615715764004,直连,,59.87850696825326,122.0
Q23-018,leg2-cruise,3947.242844039747,3954.618227984809,直连,,106.65693070346343,122.0
Q23-022,leg3-cruise,3947.9078645785817,3955.2482474426524,中继,R3-002,125.42596272648186,122.0
Q23-019,leg2-cruise,3950.4424350864692,3957.8188002194815,直连,,93.64946820954943,122.0
Q23-018,leg2-cruise,3954.618227984809,3961.993611929871,直连,,106.29835082548047,122.0
Q23-022,leg3-cruise,3955.2482474426524,3962.588630306723,中继,R3-002,125.26192365874724,122.0
Q23-019,leg2-cruise,3957.8188002194815,3965.195165352494,直连,,93.00970904814356,122.0
Q23-018,leg2-cruise,3961.993611929871,3969.3689958749333,直连,,105.92511979947744,122.0
Q23-022,leg3-cruise,3962.588630306723,3969.929013170794,中继,R3-002,125.09474401663215,122.0
Q23-023,S009-handoff,3964.097949019715,3994.097949019715,中继,R3-003,125.20711279830486,122.0
Q23-019,leg2-cruise,3965.195165352494,3972.571530485506,直连,,92.65062270247168,122.0
Q23-018,leg2-cruise,3969.3689958749333,3976.7443798199956,直连,,105.53607051141029,122.0
Q23-022,leg3-cruise,3969.929013170794,3977.2693960348647,中继,R3-002,124.9243019227034,122.0
Q23-019,leg2-descent,3972.571530485506,4001.272432613111,直连,,91.83585291732595,122.0
Q23-018,leg2-cruise,3976.7443798199956,3984.1197637650575,直连,,105.12990445703615,122.0
Q23-022,leg3-cruise,3977.2693960348647,3984.6097788989355,中继,R3-002,124.75046830979389,122.0
Q23-018,leg2-cruise,3984.1197637650575,3991.4951477101195,直连,,104.70517480698396,122.0
Q23-022,leg3-cruise,3984.6097788989355,3991.9501617630062,中继,R3-002,124.57310634807602,122.0
Q23-018,leg2-cruise,3991.4951477101195,3998.870531655182,直连,,104.26026798737186,122.0
Q23-022,leg3-cruise,3991.9501617630062,3999.290544627077,中继,R3-002,124.39207081432019,122.0
Q23-023,leg3-climb,3994.097949019715,4015.1742531375535,中继,R3-003,125.20793517560105,122.0
Q23-018,leg2-cruise,3998.870531655182,4006.245915600244,直连,,103.79338438707448,122.0
Q23-022,leg3-cruise,3999.290544627077,4006.6309274911478,中继,R3-002,124.20720739630298,122.0
Q23-019,leg2-descent,4001.272432613111,4029.9733347407164,直连,,90.06089971900566,122.0
Q23-018,leg2-cruise,4006.245915600244,4013.621299545306,直连,,103.30251952143163,122.0
Q23-022,leg3-cruise,4006.6309274911478,4013.9713103552185,中继,R3-002,124.01835192422507,122.0
Q23-018,leg2-cruise,4013.621299545306,4020.996683490368,直连,,102.78544827366407,122.0
Q23-022,leg3-cruise,4013.9713103552185,4021.3116932192897,中继,R3-002,123.82532951985978,122.0
Q23-023,leg3-cruise,4015.1742531375535,4021.1909936257516,中继,R3-003,125.14030609840825,122.0
Q23-018,leg2-cruise,4020.996683490368,4028.37206743543,直连,,102.23971714079467,122.0
Q23-023,leg3-cruise,4021.1909936257516,4027.2077341139493,中继,R3-003,125.00122194495793,122.0
Q23-022,leg3-cruise,4021.3116932192897,4028.6520760833605,中继,R3-002,123.62795365273605,122.0
Q23-023,leg3-cruise,4027.2077341139493,4033.224474602147,中继,R3-003,124.85987581818705,122.0
Q23-018,leg2-cruise,4028.37206743543,4035.747451380492,直连,,101.66265352013593,122.0
Q23-022,leg3-cruise,4028.6520760833605,4035.9924589474313,中继,R3-002,123.42602509102856,122.0
Q23-019,leg2-descent,4029.9733347407164,4058.6742368683217,直连,,87.82756502917663,122.0
Q23-023,leg3-cruise,4033.224474602147,4039.2412150903447,中继,R3-003,124.7161929812186,122.0
Q23-018,leg2-cruise,4035.747451380492,4043.1228353255538,直连,,101.05140840028983,122.0
Q23-022,leg3-cruise,4035.9924589474313,4043.332841811502,中继,R3-002,123.21933073288018,122.0
Q23-023,leg3-cruise,4039.2412150903447,4045.2579555785424,中继,R3-003,124.57009493363236,122.0
Q23-018,leg2-cruise,4043.1228353255538,4050.4982192706157,直连,,100.40306190058348,122.0
Q23-022,leg3-cruise,4043.332841811502,4050.673224675573,中继,R3-002,123.00764230165109,122.0
Q23-023,leg3-cruise,4045.2579555785424,4051.27469606674,中继,R3-003,124.42149915464998,122.0
Q23-018,leg2-cruise,4050.4982192706157,4057.873603215678,直连,,99.7148444108433,122.0
Q23-022,leg3-cruise,4050.673224675573,4058.0136075396435,中继,R3-002,122.7907148858466,122.0
Q23-023,leg3-cruise,4051.27469606674,4063.3081770431354,中继,R3-003,124.27031882405211,122.0
Q23-018,leg2-cruise,4057.873603215678,4065.2489871607404,直连,,98.98456724537944,122.0
Q23-022,leg3-cruise,4058.0136075396435,4065.3539904037143,中继,R3-002,122.56828530131419,122.0
Q23-019,leg2-descent,4058.6742368683217,4087.3751389959266,直连,,84.8134578419124,122.0
Q23-023,leg3-cruise,4063.3081770431354,4069.324917531333,中继,R3-003,123.95983388035548,122.0
Q23-018,leg2-cruise,4065.2489871607404,4072.6243711058023,直连,,98.21142764540927,122.0
Q23-022,leg3-cruise,4065.3539904037143,4072.694373267785,中继,R3-002,122.34007024948161,122.0
Q23-023,leg3-cruise,4069.324917531333,4075.3416580195308,中继,R3-003,123.80033125681653,122.0
Q23-018,leg2-cruise,4072.6243711058023,4079.999755050864,直连,,97.39746814546213,122.0
Q23-022,leg3-cruise,4072.694373267785,4080.034756131856,中继,R3-002,122.10576424085043,122.0
Q23-023,leg3-cruise,4075.3416580195308,4081.3583985077285,中继,R3-003,123.63784730462162,122.0
Q23-018,leg2-cruise,4079.999755050864,4087.3751389959266,直连,,96.5501318474004,122.0
Q23-022,leg3-cruise,4080.034756131856,4087.3751389959266,直连,,121.8650372475387,122.0
Q23-023,leg3-cruise,4081.3583985077285,4087.3751389959266,中继,R3-003,123.4722685578624,122.0
Q23-018,leg2-cruise,4087.3751389959266,4096.8472032310865,直连,,95.56406530466214,122.0
Q23-019,leg2-descent,4087.3751389959266,4114.860033769125,直连,,80.288518568668,122.0
Q23-022,leg3-cruise,4087.3751389959266,4094.246362689226,直连,,121.62555035923646,122.0
Q23-023,leg3-cruise,4087.3751389959266,4094.246362689226,中继,R3-003,123.29136358047867,122.0
Q23-022,leg3-cruise,4094.246362689226,4101.117586382526,直连,,121.38759890881332,122.0
Q23-023,leg3-cruise,4094.246362689226,4101.117586382526,中继,R3-003,123.0942253629965,122.0
Q23-018,leg2-cruise,4096.8472032310865,4106.319267466247,直连,,94.49626409353061,122.0
Q23-022,leg3-cruise,4101.117586382526,4107.988810075825,直连,,121.14303657389023,122.0
Q23-023,leg3-cruise,4101.117586382526,4107.988810075825,中继,R3-003,122.89251342057209,122.0
Q23-018,leg2-cruise,4106.319267466247,4115.791331701406,直连,,93.60345587689456,122.0
Q23-022,leg3-cruise,4107.988810075825,4114.860033769125,直连,,120.89149126165154,122.0
Q23-023,leg3-cruise,4107.988810075825,4114.860033769125,中继,R3-003,122.68601072753523,122.0
Q23-019,leg2-descent,4114.860033769125,4142.344928542324,直连,,70.68939066972321,122.0
Q23-022,leg3-cruise,4114.860033769125,4121.731257462425,直连,,120.63255911325305,122.0
Q23-023,leg3-cruise,4114.860033769125,4121.731257462425,中继,R3-003,122.47448445399337,122.0
Q23-018,leg2-cruise,4115.791331701406,4125.263395936567,直连,,93.07722200112286,122.0
Q23-022,leg3-cruise,4121.731257462425,4128.6024811557245,直连,,110.36580085827295,122.0
Q23-023,leg3-cruise,4121.731257462425,4128.6024811557245,中继,R3-003,122.25768439505494,122.0
Q23-018,leg2-descent,4125.263395936567,4142.344928542324,直连,,92.57888553538164,122.0
Q23-022,leg3-cruise,4128.6024811557245,4135.473704849024,直连,,110.09073764443265,122.0
Q23-023,leg3-cruise,4128.6024811557245,4135.473704849024,中继,R3-003,122.03534120016897,122.0
Q23-022,leg3-cruise,4135.473704849024,4142.344928542324,直连,,109.80684625242218,122.0
Q23-023,leg3-cruise,4135.473704849024,4142.344928542324,直连,,121.80716437133826,122.0
Q23-018,leg2-descent,4142.344928542324,4170.4478322877185,直连,,91.33368797498831,122.0
Q23-019,leg2-descent,4142.344928542324,4150.211232633944,直连,,60.19818372554283,122.0
Q23-022,leg3-cruise,4142.344928542324,4149.469814842612,直连,,109.50804764193882,122.0
Q23-023,leg3-cruise,4142.344928542324,4156.4750035872985,直连,,121.56948968565563,122.0
Q23-022,leg3-cruise,4149.469814842612,4156.5947011429,直连,,109.19312715029264,122.0
Q23-023,leg3-cruise,4156.4750035872985,4163.540041109785,直连,,121.06662625734272,122.0
Q23-022,leg3-cruise,4156.5947011429,4163.719587443187,直连,,108.86663283314505,122.0
Q23-023,leg3-cruise,4163.540041109785,4170.605078632273,直连,,120.80385736524542,122.0
Q23-022,leg3-cruise,4163.719587443187,4170.844473743475,直连,,108.52770522260714,122.0
Q23-018,leg2-descent,4170.4478322877185,4198.550736033113,直连,,89.48468444303487,122.0
Q23-023,leg3-cruise,4170.605078632273,4177.670116154761,直连,,120.53290523096342,122.0
Q23-022,leg3-cruise,4170.844473743475,4177.969360043762,直连,,108.17538869720956,122.0
Q23-023,leg3-cruise,4177.670116154761,4184.735153677248,直连,,120.25324478398461,122.0
Q23-022,leg3-cruise,4177.969360043762,4185.09424634405,直连,,107.80861723251114,122.0
Q23-023,leg3-cruise,4184.735153677248,4191.800191199734,直连,,119.96429884911547,122.0
Q23-022,leg3-cruise,4185.09424634405,4192.219132644337,直连,,107.42619758517283,122.0
Q23-023,leg3-cruise,4191.800191199734,4198.865228722222,直连,,119.66543103237368,122.0
Q23-022,leg3-cruise,4192.219132644337,4199.3440189446255,直连,,107.02678939713692,122.0
Q23-018,leg2-descent,4198.550736033113,4226.653639778508,直连,,87.13256513152903,122.0
Q23-023,leg3-cruise,4198.865228722222,4205.93026624471,直连,,119.35593735285828,122.0
Q23-022,leg3-cruise,4199.3440189446255,4206.468905244914,直连,,106.60888161163146,122.0
Q23-023,leg3-cruise,4205.93026624471,4212.995303767197,直连,,119.03503634639186,122.0
Q23-022,leg3-cruise,4206.468905244914,4213.593791545201,直连,,106.1707644956178,122.0
Q23-023,leg3-cruise,4212.995303767197,4220.0603412896835,直连,,118.70185729433517,122.0
Q23-022,leg3-cruise,4213.593791545201,4220.718677845489,直连,,105.71049648214485,122.0
Q23-023,leg3-cruise,4220.0603412896835,4227.12537881217,直连,,118.35542613595538,122.0
Q23-022,leg3-cruise,4220.718677845489,4227.843564145776,直连,,105.2258650203109,122.0
Q23-018,leg2-descent,4226.653639778508,4254.756543523903,直连,,83.89682498011766,122.0
Q23-023,leg3-cruise,4227.12537881217,4234.190416334657,直连,,117.99464849689741,122.0
Q23-022,leg3-cruise,4227.843564145776,4234.968450446064,直连,,104.71434073246813,122.0
Q23-023,leg3-cruise,4234.190416334657,4241.255453857145,直连,,117.61828909788396,122.0
Q23-022,leg3-cruise,4234.968450446064,4242.093336746352,直连,,104.1730245956646,122.0
Q23-023,leg3-cruise,4241.255453857145,4248.320491379633,直连,,117.22494657991493,122.0
Q23-022,leg3-cruise,4242.093336746352,4249.218223046641,直连,,103.59858892648522,122.0
Q23-023,leg3-cruise,4248.320491379633,4255.385528902119,直连,,116.81302247055491,122.0
Q23-022,leg3-cruise,4249.218223046641,4256.343109346928,直连,,102.98721534214687,122.0
Q23-018,leg2-descent,4254.756543523903,4282.859447269298,直连,,78.68194692807097,122.0
Q23-023,leg3-cruise,4255.385528902119,4262.450566424606,直连,,116.38068258404898,122.0
Q23-022,leg3-cruise,4256.343109346928,4263.4679956472155,直连,,102.33453799578777,122.0
Q23-023,leg3-cruise,4262.450566424606,4269.515603947094,直连,,115.92580854164872,122.0
Q23-022,leg3-cruise,4263.4679956472155,4270.592881947503,直连,,101.63561111869785,122.0
Q23-023,leg3-cruise,4269.515603947094,4276.580641469582,直连,,105.44593623475895,122.0
Q23-022,leg3-cruise,4270.592881947503,4277.71776824779,直连,,100.8849422264573,122.0
Q23-023,leg3-cruise,4276.580641469582,4283.6456789920685,直连,,104.93817680395752,122.0
Q23-022,leg3-cruise,4277.71776824779,4284.842654548079,直连,,100.07667875381571,122.0
Q23-018,leg2-descent,4282.859447269298,4310.962351014692,直连,,63.650216681399726,122.0
Q23-023,leg3-cruise,4283.6456789920685,4290.710716514555,直连,,104.39911386762334,122.0
Q23-022,leg3-cruise,4284.842654548079,4291.967540848367,直连,,99.20513238465257,122.0
Q23-023,leg3-cruise,4290.710716514555,4297.775754037043,直连,,103.8246679774728,122.0
Q23-022,leg3-cruise,4291.967540848367,4299.092427148655,直连,,98.26602450765591,122.0
Q23-023,leg3-cruise,4297.775754037043,4304.840791559531,直连,,103.2099150630743,122.0
Q23-022,leg3-cruise,4299.092427148655,4306.217313448942,直连,,97.25923465739123,122.0
Q23-023,leg3-cruise,4304.840791559531,4311.905829082018,直连,,102.5488390420263,122.0
Q23-022,leg3-cruise,4306.217313448942,4313.34219974923,直连,,96.19455872450736,122.0
Q23-023,leg3-cruise,4311.905829082018,4318.970866604504,直连,,101.83398824156843,122.0
Q23-022,leg3-cruise,4313.34219974923,4320.467086049517,直连,,95.10294858733177,122.0
Q23-023,leg3-cruise,4318.970866604504,4326.035904126991,直连,,101.05598801723002,122.0
Q23-022,leg3-cruise,4320.467086049517,4327.591972349805,直连,,94.0553879605186,122.0
Q23-023,leg3-cruise,4326.035904126991,4333.100941649478,直连,,100.20283293162944,122.0
Q23-022,leg3-cruise,4327.591972349805,4334.716858650092,直连,,93.18366810740798,122.0
Q23-023,leg3-cruise,4333.100941649478,4340.165979171966,直连,,99.25883182682651,122.0
Q23-022,leg3-cruise,4334.716858650092,4341.84174495038,直连,,92.67199113564688,122.0
Q23-023,leg3-cruise,4340.165979171966,4347.2310166944535,直连,,98.20299111750117,122.0
Q23-022,leg3-descent,4341.84174495038,4371.44836197512,直连,,91.81048595601354,122.0
Q23-023,leg3-cruise,4347.2310166944535,4375.491166784403,直连,,97.00646605461236,122.0
Q23-022,leg3-descent,4371.44836197512,4401.0549789998595,直连,,89.96717712516603,122.0
Q23-023,leg3-cruise,4375.491166784403,4396.686279351864,直连,,89.6625139244244,122.0
Q23-023,leg3-descent,4396.686279351864,4418.756800998999,直连,,81.48750329606163,122.0
Q23-022,leg3-descent,4401.0549789998595,4430.661596024599,直连,,87.62428679933393,122.0
Q23-023,leg3-descent,4418.756800998999,4440.827322646135,直连,,76.00850023879948,122.0
Q23-022,leg3-descent,4430.661596024599,4460.268213049339,直连,,84.40608051945526,122.0
Q23-023,leg3-descent,4440.827322646135,4462.89784429327,直连,,57.65694533678082,122.0
Q23-022,leg3-descent,4460.268213049339,4519.481447098818,直连,,79.23742082262993,122.0
Q23-025,leg1-climb,4615.73,4711.089135742187,直连,,59.87850696825228,122.0
Q23-025,leg1-cruise,4711.089135742187,4923.158022959246,直连,,87.05849741150615,122.0
Q23-025,leg1-descent,4923.158022959246,4948.806942636981,直连,,120.12150523207133,122.0
Q23-025,S006-handoff,4948.806942636981,5037.170579000617,直连,,120.11755663365312,122.0
Q23-006,leg1-climb,5019.542,5048.482275878907,直连,,67.44240664720013,122.0
Q23-025,S006-handoff,5037.170579000617,5066.625124455163,直连,,120.11755663365312,122.0
Q23-006,leg1-climb,5048.482275878907,5077.422551757813,直连,,80.90031880597462,122.0
Q23-025,S006-handoff,5066.625124455163,5096.079669909708,直连,,120.11755663365312,122.0
Q23-006,leg1-climb,5077.422551757813,5106.362827636719,直连,,85.9458448225713,122.0
Q23-025,S006-handoff,5096.079669909708,5125.534215364254,直连,,120.11755663365312,122.0
Q23-006,leg1-climb,5106.362827636719,5135.3031035156255,直连,,89.11670342352,122.0
Q23-025,S006-handoff,5125.534215364254,5154.988760818799,直连,,120.11755663365312,122.0
Q23-006,leg1-climb,5135.3031035156255,5164.243379394532,直连,,91.43452950887686,122.0
Q23-025,S006-handoff,5154.988760818799,5184.443306273345,直连,,120.11755663365312,122.0
Q23-006,leg1-cruise,5164.243379394532,5186.562200538042,直连,,92.44659661255639,122.0
Q23-025,S006-handoff,5184.443306273345,5213.89785172789,直连,,120.11755663365312,122.0
Q23-006,leg1-cruise,5186.562200538042,5208.881021681552,直连,,94.35388592172035,122.0
Q23-013,leg1-climb,5207.0,5234.245481363932,直连,,66.44393381693273,122.0
Q23-006,leg1-cruise,5208.881021681552,5216.320628729389,直连,,97.11520112265373,122.0
Q23-025,S006-handoff,5213.89785172789,5243.352397182436,直连,,120.11755663365312,122.0
Q23-006,leg1-cruise,5216.320628729389,5238.639449872899,直连,,97.97724665684697,122.0
Q23-013,leg1-climb,5234.245481363932,5261.490962727865,直连,,80.27756706568827,122.0
Q23-006,leg1-cruise,5238.639449872899,5246.079056920735,直连,,100.26744449964237,122.0
Q23-025,S006-handoff,5243.352397182436,5272.806942636981,直连,,120.11755663365312,122.0
Q23-006,leg1-cruise,5246.079056920735,5268.397878064245,直连,,100.93802282163216,122.0
Q23-013,leg1-climb,5261.490962727865,5288.736444091797,直连,,85.36666880989418,122.0
Q23-006,leg1-cruise,5268.397878064245,5275.837485112082,直连,,102.71992466084413,122.0
Q23-025,leg2-climb,5272.806942636981,5300.363075449481,直连,,120.12298809078148,122.0
Q23-006,leg1-cruise,5275.837485112082,5290.716699207755,直连,,103.24855831083694,122.0
Q23-013,leg1-cruise,5288.736444091797,5295.981074284924,直连,,87.26480408812435,122.0
Q23-006,leg1-cruise,5290.716699207755,5298.1563062555915,直连,,104.22505828853619,122.0
Q23-013,leg1-cruise,5295.981074284924,5303.225704478051,直连,,88.3616980089755,122.0
Q23-006,leg1-cruise,5298.1563062555915,5305.5959133034285,直连,,104.67763559104448,122.0
Q23-025,leg2-climb,5300.363075449481,5327.919208261981,直连,,120.13686511781862,122.0
Q23-013,leg1-cruise,5303.225704478051,5310.470334671178,直连,,89.96456663162759,122.0
Q23-006,leg1-cruise,5305.5959133034285,5313.0355203512645,直连,,105.10914092080075,122.0
Q23-013,leg1-cruise,5310.470334671178,5317.7149648643035,直连,,91.61682754129409,122.0
Q23-006,leg1-cruise,5313.0355203512645,5320.475127399101,直连,,105.52132597145767,122.0
Q23-013,leg1-cruise,5317.7149648643035,5324.95959505743,直连,,93.14559611588939,122.0
Q23-006,leg1-cruise,5320.475127399101,5327.914734446938,直连,,105.91575001738325,122.0
Q23-013,leg1-cruise,5324.95959505743,5332.204225250557,直连,,94.51568622411767,122.0
Q23-006,leg1-cruise,5327.914734446938,5335.354341494774,直连,,106.29380378461047,122.0
Q23-025,leg2-climb,5327.919208261981,5355.475341074482,直连,,120.15472773132294,122.0
Q23-013,leg1-cruise,5332.204225250557,5339.448855443684,直连,,95.73675997535287,122.0
Q23-006,leg1-cruise,5335.354341494774,5342.793948542611,直连,,106.65673056062822,122.0
Q23-013,leg1-cruise,5339.448855443684,5346.693485636811,直连,,96.82897846452231,122.0
Q23-006,leg1-cruise,5342.793948542611,5350.233555590448,直连,,107.00564464631742,122.0
Q23-013,leg1-cruise,5346.693485636811,5353.938115829937,直连,,97.81239192395546,122.0
Q23-006,leg1-cruise,5350.233555590448,5357.673162638284,直连,,107.34154737841384,122.0
Q23-013,leg1-cruise,5353.938115829937,5361.182746023063,直连,,98.70423839135736,122.0
Q23-025,leg2-climb,5355.475341074482,5383.031473886981,直连,,120.17652677717716,122.0
Q23-006,leg1-cruise,5357.673162638284,5365.11276968612,直连,,107.66534099414687,122.0
Q23-013,leg1-cruise,5361.182746023063,5368.42737621619,直连,,99.51867943729746,122.0
Q23-006,leg1-cruise,5365.11276968612,5372.552376733957,直连,,107.97784061152704,122.0
Q23-013,leg1-cruise,5368.42737621619,5375.672006409317,直连,,100.2671986168095,122.0
Q23-006,leg1-cruise,5372.552376733957,5379.991983781794,直连,,108.2797845807214,122.0
Q23-013,leg1-cruise,5375.672006409317,5382.916636602444,直连,,100.95910630675826,122.0
Q23-006,leg1-cruise,5379.991983781794,5387.43159082963,直连,,108.57184343554303,122.0
Q23-013,leg1-cruise,5382.916636602444,5390.161266795571,直连,,101.60199116778318,122.0
Q23-025,leg2-cruise,5383.031473886981,5389.816137362754,直连,,120.22477066526167,122.0
Q23-006,leg1-cruise,5387.43159082963,5394.871197877467,直连,,108.85462764569661,122.0
Q23-025,leg2-cruise,5389.816137362754,5396.600800838527,直连,,110.30204271754758,122.0
Q23-013,leg1-cruise,5390.161266795571,5397.405896988697,直连,,102.20208578036438,122.0
Q23-006,leg1-cruise,5394.871197877467,5402.310804925304,直连,,109.12869434319151,122.0
Q23-025,leg2-cruise,5396.600800838527,5403.3854643142995,直连,,110.38630487733157,122.0
Q23-013,leg1-cruise,5397.405896988697,5404.650527181824,直连,,102.76455227941814,122.0
Q23-006,leg1-cruise,5402.310804925304,5409.750411973141,直连,,109.39455317125989,122.0
Q23-025,leg2-cruise,5403.3854643142995,5410.170127790072,直连,,110.47713141391858,122.0
Q23-013,leg1-cruise,5404.650527181824,5411.895157374951,直连,,103.29370279606329,122.0
Q23-006,leg1-cruise,5409.750411973141,5417.190019020978,直连,,109.65267138225266,122.0
Q23-025,leg2-cruise,5410.170127790072,5416.9547912658445,直连,,110.57408495175332,122.0
Q23-013,leg1-cruise,5411.895157374951,5419.139787568078,直连,,103.7931693428332,122.0
Q23-025,leg2-cruise,5416.9547912658445,5423.739454741617,直连,,110.67672216542732,122.0
Q23-006,leg1-cruise,5417.190019020978,5424.629626068814,直连,,109.90347829181681,122.0
Q23-013,leg1-cruise,5419.139787568078,5426.3844177612045,直连,,104.2660352303101,122.0
Q23-025,leg2-cruise,5423.739454741617,5430.5241182173895,直连,,110.78459899945646,122.0
Q23-006,leg1-cruise,5424.629626068814,5432.069233116651,直连,,110.1473691804986,122.0
Q23-013,leg1-cruise,5426.3844177612045,5433.62904795433,直连,,104.71493737069966,122.0
Q23-025,leg2-cruise,5430.5241182173895,5437.308781693162,直连,,110.8972753367068,122.0
Q23-006,leg1-cruise,5432.069233116651,5439.508840164488,直连,,110.38470871999219,122.0
Q23-013,leg1-cruise,5433.62904795433,5440.873678147457,直连,,105.14214652022386,122.0
Q23-025,leg2-cruise,5437.308781693162,5444.0934451689345,直连,,111.01431907011315,122.0
Q23-006,leg1-cruise,5439.508840164488,5446.948447212324,直连,,110.61583398954122,122.0
Q23-013,leg1-cruise,5440.873678147457,5448.118308340584,直连,,105.54963072449463,122.0
Q23-025,leg2-cruise,5444.0934451689345,5450.878108644707,直连,,111.13530955978558,122.0
Q23-006,leg1-cruise,5446.948447212324,5454.38805426016,直连,,110.84105713826109,122.0
Q23-013,leg1-cruise,5448.118308340584,5455.362938533711,直连,,105.93910589127891,122.0
Q23-025,leg2-cruise,5450.878108644707,5457.66277212048,直连,,111.25984048101063,122.0
Q23-006,leg1-cruise,5454.38805426016,5461.827661307997,直连,,111.06066774073548,122.0
Q23-013,leg1-cruise,5455.362938533711,5462.607568726838,直连,,106.31207642475668,122.0
Q23-025,leg2-cruise,5457.66277212048,5464.447435596253,直连,,111.38752208760461,122.0
Q23-006,leg1-cruise,5461.827661307997,5469.267268355834,直连,,111.27493488626203,122.0
Q23-013,leg1-cruise,5462.607568726838,5469.8521989199635,直连,,106.66986812696409,122.0
Q23-025,leg2-cruise,5464.447435596253,5471.232099072025,直连,,111.51798292914015,122.0
Q23-006,leg1-cruise,5469.267268355834,5476.70687540367,直连,,111.48410903632129,122.0
Q23-013,leg1-cruise,5469.8521989199635,5477.09682911309,直连,,107.01365503530744,122.0
Q23-025,leg2-cruise,5471.232099072025,5478.016762547799,直连,,121.65087107047765,122.0
Q23-006,leg1-cruise,5476.70687540367,5484.146482451507,直连,,111.68842367977643,122.0
Q23-013,leg1-cruise,5477.09682911309,5484.341459306217,直连,,107.34448146822507,122.0
Q23-025,leg2-cruise,5478.016762547799,5484.801426023571,直连,,111.78585486785256,122.0
Q23-006,leg1-cruise,5484.146482451507,5491.586089499344,直连,,121.8880968111795,122.0
Q23-013,leg1-cruise,5484.341459306217,5491.586089499344,直连,,107.66328025578444,122.0
Q23-025,leg2-cruise,5484.801426023571,5491.586089499344,直连,,111.92262335846776,122.0
Q23-006,leg1-cruise,5491.586089499344,5498.529762518317,中继,R3-004,122.07689436923754,122.0
Q23-013,leg1-cruise,5491.586089499344,5498.9757736660595,直连,,107.97391344930512,122.0
Q23-025,leg2-cruise,5491.586089499344,5498.987540563823,直连,,112.06720206200498,122.0
Q23-006,leg1-cruise,5498.529762518317,5505.473435537289,中继,R3-004,122.25540942638787,122.0
Q23-013,leg1-cruise,5498.9757736660595,5506.365457832775,直连,,108.27682817393023,122.0
Q23-025,leg2-cruise,5498.987540563823,5506.388991628302,中继,R3-004,122.21947600016343,122.0
Q23-006,leg1-cruise,5505.473435537289,5512.417108556262,中继,R3-004,122.430365786894,122.0
Q23-013,leg1-cruise,5506.365457832775,5513.755141999491,直连,,108.56960991388044,122.0
Q23-025,leg2-cruise,5506.388991628302,5513.790442692782,中继,R3-004,122.37287213819457,122.0
Q23-006,leg1-cruise,5512.417108556262,5519.360781575235,中继,R3-004,122.60190114900625,122.0
Q23-013,leg1-cruise,5513.755141999491,5521.144826166205,直连,,108.85291002978269,122.0
Q23-025,leg2-cruise,5513.790442692782,5521.191893757261,中继,R3-004,122.52709616607964,122.0
Q23-006,leg1-cruise,5519.360781575235,5526.3044545942075,中继,R3-004,122.77014545090559,122.0
Q23-013,leg1-cruise,5521.144826166205,5528.53451033292,直连,,109.12731945012747,122.0
Q23-025,leg2-cruise,5521.191893757261,5528.59334482174,中继,R3-004,122.68188001958976,122.0
Q23-006,leg1-cruise,5526.3044545942075,5533.24812761318,中继,R3-004,122.9352214370071,122.0
Q23-013,leg1-cruise,5528.53451033292,5535.924194499636,直连,,109.39337587354615,122.0
Q23-025,leg2-cruise,5528.59334482174,5535.994795886219,中继,R3-004,122.83698053586451,122.0
Q23-006,leg1-cruise,5533.24812761318,5540.191800632153,中继,R3-004,123.09724517406679,122.0
Q23-013,leg1-cruise,5535.924194499636,5543.313878666351,直连,,109.65156993626074,122.0
Q23-025,leg2-cruise,5535.994795886219,5543.396246950699,中继,R3-004,122.99217801004617,122.0
Q23-006,leg1-cruise,5540.191800632153,5547.135473651126,中继,R3-004,123.2563265223361,122.0
Q23-013,leg1-cruise,5543.313878666351,5550.703562833067,直连,,109.90235051695973,122.0
Q23-025,leg2-cruise,5543.396246950699,5550.797698015178,中继,R3-004,113.14727469858285,122.0
Q23-006,leg1-cruise,5547.135473651126,5554.079146670098,中继,R3-004,123.41256956626665,122.0
Q23-013,leg1-cruise,5550.703562833067,5558.093246999782,直连,,110.14612931899316,122.0
Q23-025,leg2-descent,5550.797698015178,5574.983830827678,中继,R3-004,113.22036804297338,122.0
Q23-006,leg1-cruise,5554.079146670098,5561.022819689071,中继,R3-004,123.56607300887687,122.0
Q23-013,leg1-cruise,5558.093246999782,5565.482931166497,直连,,110.38328484422918,122.0
Q23-006,leg1-cruise,5561.022819689071,5567.966492708045,中继,R3-004,123.71693053331612,122.0
Q23-013,leg1-cruise,5565.482931166497,5572.872615333212,直连,,110.6141658524502,122.0
Q23-006,leg1-cruise,5567.966492708045,5574.910165727018,中继,R3-004,123.86523113482482,122.0
Q23-013,leg1-cruise,5572.872615333212,5580.262299499927,直连,,110.83909438377036,122.0
Q23-006,leg1-cruise,5574.910165727018,5581.85383874599,中继,R3-004,124.0110594259608,122.0
Q23-025,leg2-descent,5574.983830827678,5599.169963640178,中继,R3-004,123.21236949763248,122.0
Q23-013,leg1-cruise,5580.262299499927,5587.651983666643,直连,,111.05836840838278,122.0
Q23-006,leg1-cruise,5581.85383874599,5588.797511764963,中继,R3-004,124.15449591754407,122.0
Q23-013,leg1-cruise,5587.651983666643,5595.041667833359,直连,,111.27226415718687,122.0
Q23-006,leg1-cruise,5588.797511764963,5595.741184783936,中继,R3-004,124.29561727765902,122.0
Q23-013,leg1-cruise,5595.041667833359,5602.431352000074,直连,,111.48103817813006,122.0
Q23-006,leg1-cruise,5595.741184783936,5602.6848578029085,中继,R3-004,124.43449657064659,122.0
Q23-025,leg2-descent,5599.169963640178,5623.356096452678,中继,R3-004,123.20534008004037,122.0
Q23-013,leg1-cruise,5602.431352000074,5609.821036166789,直连,,111.68492915596848,122.0
Q23-006,leg1-cruise,5602.6848578029085,5616.572203840854,中继,R3-004,124.57120347796976,122.0
Q23-013,leg1-cruise,5609.821036166789,5617.210720333504,直连,,111.8841595272412,122.0
Q23-006,leg1-cruise,5616.572203840854,5623.515876859827,中继,R3-004,124.83836315776395,122.0
Q23-013,leg1-cruise,5617.210720333504,5624.600404500219,直连,,112.07893691738978,122.0
Q23-025,leg2-descent,5623.356096452678,5647.542229265178,中继,R3-004,123.19928452541004,122.0
Q23-006,leg1-cruise,5623.515876859827,5630.459549878799,中继,R3-004,124.96894014331052,122.0
Q23-013,leg1-cruise,5624.600404500219,5631.990088666935,直连,,112.26945542296346,122.0
Q23-006,leg1-cruise,5630.459549878799,5637.403222897772,中继,R3-004,125.09759350760118,122.0
Q23-013,leg1-cruise,5631.990088666935,5639.37977283365,直连,,112.45589675845267,122.0
Q23-006,leg1-cruise,5637.403222897772,5644.346895916745,中继,R3-004,125.22437879927573,122.0
Q23-013,leg1-cruise,5639.37977283365,5646.769457000366,直连,,112.63843128447074,122.0
Q23-006,leg1-cruise,5644.346895916745,5651.290568935718,中继,R3-004,125.34934920785923,122.0
Q23-013,leg1-cruise,5646.769457000366,5654.1591411670815,直连,,112.81721893170969,122.0
Q23-025,leg2-descent,5647.542229265178,5671.728362077678,中继,R3-004,123.19420692730608,122.0
Q23-006,leg1-cruise,5651.290568935718,5658.23424195469,中继,R3-004,125.4725556947778,122.0
Q23-013,leg1-cruise,5654.1591411670815,5661.548825333797,中继,R3-004,122.9924100330305,122.0
Q23-006,leg1-cruise,5658.23424195469,5665.177914973663,中继,R3-004,125.59404711544222,122.0
Q23-013,leg1-cruise,5661.548825333797,5668.938509500512,中继,R3-004,123.16414607442384,122.0
Q23-006,leg1-cruise,5665.177914973663,5672.121587992636,中继,R3-004,125.71387033312072,122.0
Q23-013,leg1-cruise,5668.938509500512,5676.3281936672265,中继,R3-004,123.33256037410602,122.0
Q23-025,S007-handoff,5671.728362077678,5700.528362077678,中继,R3-004,123.19203596345481,122.0
Q23-006,leg1-cruise,5672.121587992636,5679.0652610116085,中继,R3-004,125.83207032528011,122.0
Q23-013,leg1-cruise,5676.3281936672265,5683.717877833942,中继,R3-004,123.497778697854,122.0
Q23-006,leg1-cruise,5679.0652610116085,5686.008934030581,中继,R3-004,125.94869028293034,122.0
Q23-013,leg1-cruise,5683.717877833942,5691.107562000658,中继,R3-004,123.65991981759053,122.0
Q23-006,leg1-cruise,5686.008934030581,5692.952607049554,中继,R3-004,126.06377170357462,122.0
Q23-013,leg1-cruise,5691.107562000658,5698.497246167373,中继,R3-004,123.819096019385,122.0
Q23-006,leg1-cruise,5692.952607049554,5699.896280068528,中继,R3-004,126.17735447818984,122.0
Q23-013,leg1-cruise,5698.497246167373,5705.886930334089,中继,R3-004,123.97541356624906,122.0
Q23-006,leg1-cruise,5699.896280068528,5706.8399530875,中继,R3-004,126.28947697274748,122.0
Q23-025,S007-handoff,5700.528362077678,5729.328362077678,中继,R3-004,123.19203596345481,122.0
Q23-013,leg1-cruise,5705.886930334089,5713.276614500804,中继,R3-004,124.12897312046911,122.0
Q23-006,leg1-cruise,5706.8399530875,5713.783626106473,中继,R3-004,126.4001761046315,122.0
Q23-013,leg1-cruise,5713.276614500804,5720.666298667518,中继,R3-004,124.27987012962795,122.0
Q23-006,leg1-cruise,5713.783626106473,5720.727299125446,中继,R3-004,126.5094874143528,122.0
Q23-013,leg1-cruise,5720.666298667518,5728.055982834234,中继,R3-004,124.42819517999928,122.0
Q23-006,leg1-cruise,5720.727299125446,5734.614645163391,中继,R3-004,126.6174451329113,122.0
Q23-013,leg1-cruise,5728.055982834234,5735.4456670009495,中继,R3-004,124.57403432056009,122.0
Q23-025,S007-handoff,5729.328362077678,5758.128362077678,中继,R3-004,123.19203596345481,122.0
Q23-006,leg1-cruise,5734.614645163391,5741.558318182364,中继,R3-004,126.82943054897706,122.0
Q23-013,leg1-cruise,5735.4456670009495,5742.835351167665,中继,R3-004,124.717469360497,122.0
Q23-006,leg1-cruise,5741.558318182364,5748.501991201337,中继,R3-004,126.93352071204225,122.0
Q23-013,leg1-cruise,5742.835351167665,5750.225035334381,中继,R3-004,124.85857814276913,122.0
Q23-006,leg1-cruise,5748.501991201337,5755.4456642203095,中继,R3-004,127.03638232387623,122.0
Q23-013,leg1-cruise,5750.225035334381,5757.614719501095,中继,R3-004,124.9974347959901,122.0
Q23-006,leg1-cruise,5755.4456642203095,5762.389337239282,中继,R3-004,127.13804394595947,122.0
Q23-013,leg1-cruise,5757.614719501095,5765.00440366781,中继,R3-004,125.13410996666029,122.0
Q23-025,S007-handoff,5758.128362077678,5786.928362077678,中继,R3-004,123.19203596345481,122.0
Q23-006,leg1-cruise,5762.389337239282,5769.333010258255,中继,R3-004,127.2385331585713,122.0
Q23-013,leg1-cruise,5765.00440366781,5772.394087834526,中继,R3-004,125.26867103355812,122.0
Q23-006,leg1-descent,5769.333010258255,5799.1068953494005,中继,R3-004,127.28592873030037,122.0
Q23-013,leg1-cruise,5772.394087834526,5787.173456167957,中继,R3-004,125.40118230591219,122.0
Q23-025,S007-handoff,5786.928362077678,5815.728362077678,中继,R3-004,123.19203596345481,122.0
Q23-013,leg1-cruise,5787.173456167957,5801.952824501388,中继,R3-004,125.66029844298583,122.0
Q23-006,leg1-descent,5799.1068953494005,5828.880780440547,中继,R3-004,127.28177265241285,122.0
Q23-013,leg1-cruise,5801.952824501388,5816.732192834818,中继,R3-004,125.9119181018313,122.0
Q23-025,S007-handoff,5815.728362077678,5844.528362077678,中继,R3-004,123.19203596345481,122.0
Q23-013,leg1-cruise,5816.732192834818,5831.511561168249,中继,R3-004,126.15646232742905,122.0
Q23-006,leg1-descent,5828.880780440547,5858.654665531692,中继,R3-004,127.27852456433072,122.0
Q23-013,leg1-cruise,5831.511561168249,5846.29092950168,中继,R3-004,126.3943177014745,122.0
Q23-025,S007-handoff,5844.528362077678,5873.328362077678,中继,R3-004,123.19203596345481,122.0
Q23-013,leg1-cruise,5846.29092950168,5861.070297835111,中继,R3-004,126.62583999957184,122.0
Q23-006,S003-handoff,5858.654665531692,5888.654665531692,中继,R3-004,127.27724167653642,122.0
Q23-013,leg1-cruise,5861.070297835111,5875.849666168541,中继,R3-004,126.85135737636344,122.0
Q23-025,S007-handoff,5873.328362077678,5902.128362077678,中继,R3-004,123.19203596345481,122.0
Q23-013,leg1-cruise,5875.849666168541,5890.629034501972,中继,R3-004,127.07117314978035,122.0
Q23-006,S003-handoff,5888.654665531692,5918.654665531692,中继,R3-004,127.27724167653642,122.0
Q23-013,leg1-cruise,5890.629034501972,5905.408402835402,中继,R3-004,127.2855682434303,122.0
Q23-025,S007-handoff,5902.128362077678,5930.928362077678,中继,R3-004,123.19203596345481,122.0
Q23-013,leg1-cruise,5905.408402835402,5920.187771168832,中继,R3-004,127.4948033362256,122.0
Q23-006,S003-handoff,5918.654665531692,5948.654665531692,中继,R3-004,127.27724167653642,122.0
Q23-013,leg1-cruise,5920.187771168832,5934.967139502263,中继,R3-004,127.69912076035816,122.0
Q23-025,S007-handoff,5930.928362077678,5959.728362077678,中继,R3-004,123.19203596345481,122.0
Q23-013,leg1-cruise,5934.967139502263,5949.7465078356945,中继,R3-004,127.89874618211554,122.0
Q23-006,S003-handoff,5948.654665531692,5978.654665531692,中继,R3-004,127.27724167653642,122.0
Q23-013,leg1-cruise,5949.7465078356945,5964.525876169125,中继,R3-004,128.09389009467634,122.0
Q23-025,leg3-climb,5959.728362077678,5981.524785417521,中继,R3-004,123.19449903015872,122.0
Q23-013,leg1-descent,5964.525876169125,5984.927742624202,中继,R3-004,128.23671069470163,122.0
Q23-006,S003-handoff,5978.654665531692,6008.654665531692,中继,R3-004,127.27724167653642,122.0
Q23-025,leg3-climb,5981.524785417521,6003.321208757366,中继,R3-004,123.2003584515223,122.0
Q23-013,leg1-descent,5984.927742624202,6005.329609079281,中继,R3-004,128.23553770537117,122.0
Q23-025,leg3-climb,6003.321208757366,6025.117632097209,中继,R3-004,123.20745794734603,122.0
Q23-013,S008-handoff,6005.329609079281,6035.329609079281,中继,R3-004,128.23507991277862,122.0
Q23-006,S003-handoff,6008.654665531692,6038.654665531692,中继,R3-004,127.27724167653642,122.0
Q23-025,leg3-cruise,6025.117632097209,6031.987068306281,中继,R3-004,123.11285206911239,122.0
Q23-007,leg1-climb,6028.0,6056.9402758789065,直连,,64.23129580096962,122.0
Q23-025,leg3-cruise,6031.987068306281,6038.856504515353,中继,R3-004,122.9122132637377,122.0
Q23-013,S008-handoff,6035.329609079281,6065.329609079281,中继,R3-004,128.23507991277862,122.0
Q23-006,S003-handoff,6038.654665531692,6068.654665531692,中继,R3-004,127.27724167653642,122.0
Q23-025,leg3-cruise,6038.856504515353,6059.464813142568,中继,R3-004,122.7068630899438,122.0
Q23-007,leg1-climb,6056.9402758789065,6085.880551757812,直连,,78.99564504974266,122.0
Q23-025,leg3-cruise,6059.464813142568,6066.33424935164,中继,R3-004,112.06021234947812,122.0
Q23-013,S008-handoff,6065.329609079281,6095.329609079281,中继,R3-004,128.23507991277862,122.0
Q23-025,leg3-cruise,6066.33424935164,6073.203685560712,直连,,111.83359626825525,122.0
Q23-006,leg2-climb,6068.654665531692,6093.4662364409805,中继,R3-004,127.27852456433072,122.0
Q23-025,leg3-cruise,6073.203685560712,6086.942557978857,直连,,111.60096380371758,122.0
Q23-007,leg1-climb,6085.880551757812,6114.820827636719,直连,,84.18408912653264,122.0
Q23-025,leg3-cruise,6086.942557978857,6093.811994187929,直连,,111.11632328280001,122.0
Q23-006,leg2-climb,6093.4662364409805,6118.277807350269,中继,R3-004,127.28177265241285,122.0
Q23-025,leg3-cruise,6093.811994187929,6100.681430397,直连,,110.86358213051184,122.0
Q23-013,S008-handoff,6095.329609079281,6125.329609079281,中继,R3-004,128.23507991277862,122.0
Q23-025,leg3-cruise,6100.681430397,6121.289739024216,直连,,110.60335201516835,122.0
Q23-007,leg1-climb,6114.820827636719,6143.761103515625,直连,,87.40981676997849,122.0
Q23-006,leg2-climb,6118.277807350269,6143.089378259557,中继,R3-004,127.28592873030037,122.0
Q23-025,leg3-cruise,6121.289739024216,6128.159175233288,直连,,109.77299906172081,122.0
Q23-013,S008-handoff,6125.329609079281,6155.329609079281,中继,R3-004,128.23507991277862,122.0
Q23-025,leg3-cruise,6128.159175233288,6148.7674838605035,直连,,109.47785518741739,122.0
Q23-006,leg2-cruise,6143.089378259557,6150.464566391545,中继,R3-004,127.23542808684479,122.0
Q23-007,leg1-climb,6143.761103515625,6172.701379394531,直连,,89.75666946253962,122.0
Q23-025,leg3-cruise,6148.7674838605035,6155.636920069575,直连,,108.52815888517262,122.0
Q23-006,leg2-cruise,6150.464566391545,6157.839754523533,中继,R3-004,127.12861726008185,122.0
Q23-013,S008-handoff,6155.329609079281,6185.329609079281,中继,R3-004,128.23507991277862,122.0
Q23-025,leg3-cruise,6155.636920069575,6162.506356278647,直连,,108.18750421170871,122.0
Q23-006,leg2-cruise,6157.839754523533,6165.214942655521,中继,R3-004,127.02048091067482,122.0
Q23-025,leg3-cruise,6162.506356278647,6169.375792487719,直连,,107.83324266328711,122.0
Q23-006,leg2-cruise,6165.214942655521,6172.590130787508,中继,R3-004,126.91098584620197,122.0
Q23-025,leg3-cruise,6169.375792487719,6176.245228696791,直连,,107.46427034084508,122.0
Q23-006,leg2-cruise,6172.590130787508,6179.965318919496,中继,R3-004,126.80009761632229,122.0
Q23-007,leg1-climb,6172.701379394531,6201.641655273437,直连,,91.60242445135643,122.0
Q23-025,leg3-cruise,6176.245228696791,6183.114664905863,直连,,107.07934762355184,122.0
Q23-006,leg2-cruise,6179.965318919496,6187.340507051485,中继,R3-004,126.68778044864894,122.0
Q23-025,leg3-cruise,6183.114664905863,6189.984101114935,直连,,106.67707690606095,122.0
Q23-013,S008-handoff,6185.329609079281,6215.329609079281,中继,R3-004,128.23507991277862,122.0
Q23-008,leg1-climb,6187.0,6209.544930521647,直连,,62.86274878634414,122.0
Q23-006,leg2-cruise,6187.340507051485,6194.715695183473,中继,R3-004,126.57399718050154,122.0
Q23-025,leg3-cruise,6189.984101114935,6196.8535373240065,直连,,106.25587585380612,122.0
Q23-006,leg2-cruise,6194.715695183473,6202.090883315461,中继,R3-004,126.45870918621164,122.0
Q23-025,leg3-cruise,6196.8535373240065,6203.722973533078,直连,,105.81394515767532,122.0
Q23-007,leg1-cruise,6201.641655273437,6209.024330539459,直连,,92.47338924093327,122.0
Q23-006,leg2-cruise,6202.090883315461,6209.4660714474485,中继,R3-004,126.34187629963955,122.0
Q23-025,leg3-cruise,6203.722973533078,6210.59240974215,直连,,105.3492295447559,122.0
Q23-007,leg1-cruise,6209.024330539459,6216.40700580548,直连,,93.04449422947084,122.0
Q23-006,leg2-cruise,6209.4660714474485,6216.841259579436,中继,R3-004,126.22345673151352,122.0
Q23-008,leg1-climb,6209.544930521647,6232.089861043294,直连,,78.27227986437408,122.0
Q23-025,leg3-cruise,6210.59240974215,6217.461845951222,直连,,104.85937055927427,122.0
Q23-013,leg2-climb,6215.329609079281,6232.331164458513,中继,R3-004,128.23553770537117,122.0
Q23-007,leg1-cruise,6216.40700580548,6223.789681071503,直连,,94.00122056975135,122.0
Q23-006,leg2-cruise,6216.841259579436,6224.216447711424,中继,R3-004,126.10340698117669,122.0
Q23-025,leg3-cruise,6217.461845951222,6224.331282160294,直连,,104.3416494054956,122.0
Q23-007,leg1-cruise,6223.789681071503,6231.172356337524,直连,,95.12919672889917,122.0
Q23-006,leg2-cruise,6224.216447711424,6231.591635843412,中继,R3-004,125.98168174227976,122.0
Q23-025,leg3-cruise,6224.331282160294,6231.200718369366,直连,,103.79291804263046,122.0
Q23-007,leg1-cruise,6231.172356337524,6238.555031603546,直连,,96.28524090924782,122.0
Q23-025,leg3-cruise,6231.200718369366,6238.070154578438,直连,,103.20951696661153,122.0
Q23-006,leg2-cruise,6231.591635843412,6238.966823975401,中继,R3-004,125.85823380192183,122.0
Q23-008,leg1-climb,6232.089861043294,6254.634791564941,直连,,83.5230191206687,122.0
Q23-013,leg2-climb,6232.331164458513,6249.332719837745,中继,R3-004,128.23671069470163,122.0
Q23-025,leg3-cruise,6238.070154578438,6244.93959078751,直连,,102.587179213852,122.0
Q23-007,leg1-cruise,6238.555031603546,6245.937706869568,直连,,97.39830622666567,122.0
Q23-006,leg2-cruise,6238.966823975401,6246.342012107389,中继,R3-004,125.73301393268405,122.0
Q23-025,leg3-cruise,6244.93959078751,6251.809026996581,直连,,101.9209231964714,122.0
Q23-007,leg1-cruise,6245.937706869568,6253.320382135589,直连,,98.44078823791703,122.0
Q23-006,leg2-cruise,6246.342012107389,6253.717200239376,中继,R3-004,125.60597077695293,122.0
Q23-013,leg2-cruise,6249.332719837745,6256.391102898406,中继,R3-004,128.19198228844655,122.0
Q23-025,leg3-cruise,6251.809026996581,6258.678463205653,直连,,101.20494450268338,122.0
Q23-007,leg1-cruise,6253.320382135589,6260.703057401611,直连,,99.40630891009218,122.0
Q23-006,leg2-cruise,6253.717200239376,6261.092388371365,中继,R3-004,125.4770507228641,122.0
Q23-008,leg1-climb,6254.634791564941,6277.179722086588,直连,,86.77227563314884,122.0
Q23-013,leg2-cruise,6256.391102898406,6263.449485959066,中继,R3-004,128.1003762236477,122.0
Q23-025,leg3-cruise,6258.678463205653,6265.547899414725,直连,,100.43253429314714,122.0
Q23-007,leg1-cruise,6260.703057401611,6268.085732667632,直连,,100.29764401500466,122.0
Q23-006,leg2-cruise,6261.092388371365,6268.4675765033535,中继,R3-004,125.34619777113288,122.0
Q23-013,leg2-cruise,6263.449485959066,6270.507869019726,中继,R3-004,128.007794483667,122.0
Q23-025,leg3-cruise,6265.547899414725,6272.417335623798,直连,,99.59609186007143,122.0
Q23-007,leg1-cruise,6268.085732667632,6275.468407933655,直连,,101.12096771991776,122.0
Q23-006,leg2-cruise,6268.4675765033535,6275.842764635341,中继,R3-004,125.21335339196405,122.0
Q23-013,leg2-cruise,6270.507869019726,6277.566252080387,中继,R3-004,127.91421607877396,122.0
Q23-025,leg3-cruise,6272.417335623798,6279.28677183287,直连,,98.68738972516404,122.0
Q23-007,leg1-cruise,6275.468407933655,6282.851083199676,直连,,101.88328704222079,122.0
Q23-006,leg2-cruise,6275.842764635341,6283.217952767329,中继,R3-004,125.07845637114005,122.0
Q23-008,leg1-cruise,6277.179722086588,6284.24553841636,直连,,88.22182049999145,122.0
Q23-013,leg2-cruise,6277.566252080387,6284.624635141048,中继,R3-004,127.81961933511504,122.0
Q23-025,leg3-cruise,6279.28677183287,6286.156208041942,直连,,97.6984561500965,122.0
Q23-007,leg1-cruise,6282.851083199676,6290.233758465698,直连,,102.59137007246375,122.0
Q23-006,leg2-cruise,6283.217952767329,6290.5931408993165,中继,R3-004,124.94144264430354,122.0
Q23-008,leg1-cruise,6284.24553841636,6291.311354746133,直连,,89.5012673311205,122.0
Q23-013,leg2-cruise,6284.624635141048,6291.683018201708,中继,R3-004,127.7239818646857,122.0
Q23-025,leg3-cruise,6286.156208041942,6293.025644251014,直连,,96.62390549690667,122.0
Q23-007,leg1-cruise,6290.233758465698,6297.61643373172,直连,,103.25135027909558,122.0
Q23-006,leg2-cruise,6290.5931408993165,6297.968329031304,中继,R3-004,124.80224511833356,122.0
Q23-008,leg1-cruise,6291.311354746133,6298.377171075905,直连,,91.29203262226739,122.0
Q23-013,leg2-cruise,6291.683018201708,6298.7414012623685,中继,R3-004,127.62728053363216,122.0
Q23-025,leg3-cruise,6293.025644251014,6299.895080460085,直连,,95.46655383006691,122.0
Q23-007,leg1-cruise,6297.61643373172,6304.999108997741,直连,,103.86862805628232,122.0
Q23-006,leg2-cruise,6297.968329031304,6305.343517163293,中继,R3-004,124.66079347860233,122.0
Q23-008,leg1-cruise,6298.377171075905,6305.442987405677,直连,,93.07273347567623,122.0
Q23-013,leg2-cruise,6298.7414012623685,6305.79978432303,中继,R3-004,127.52949142878033,122.0
Q23-025,leg3-cruise,6299.895080460085,6306.764516669157,直连,,94.25004432560445,122.0
Q23-007,leg1-cruise,6304.999108997741,6312.381784263764,直连,,104.44789647337511,122.0
Q23-006,leg2-cruise,6305.343517163293,6312.718705295281,中继,R3-004,124.5170139807569,122.0
Q23-008,leg1-cruise,6305.442987405677,6312.508803735449,直连,,94.68187450139764,122.0
Q23-013,leg2-cruise,6305.79978432303,6312.858167383691,中继,R3-004,127.43058982226528,122.0
Q23-025,leg3-cruise,6306.764516669157,6313.633952878229,直连,,93.0441051035254,122.0
Q23-007,leg1-cruise,6312.381784263764,6319.764459529785,直连,,104.9932130036956,122.0
Q23-008,leg1-cruise,6312.508803735449,6319.574620065221,直连,,96.10273160759101,122.0
Q23-006,leg2-cruise,6312.718705295281,6320.093893427269,中继,R3-004,124.37082922552821,122.0
Q23-013,leg2-cruise,6312.858167383691,6319.916550444351,中继,R3-004,127.33055013413521,122.0
Q23-025,leg3-cruise,6313.633952878229,6320.503389087301,直连,,92.0017844232575,122.0
Q23-008,leg1-cruise,6319.574620065221,6326.640436394993,直连,,97.35702943422308,122.0
Q23-007,leg1-cruise,6319.764459529785,6327.147134795807,直连,,105.50808261002214,122.0
Q23-013,leg2-cruise,6319.916550444351,6326.974933505011,中继,R3-004,127.22934589278512,122.0
Q23-006,leg2-cruise,6320.093893427269,6327.469081559257,中继,R3-004,124.22215791488806,122.0
Q23-025,leg3-cruise,6320.503389087301,6327.372825296373,直连,,91.36879575044037,122.0
Q23-008,leg1-cruise,6326.640436394993,6333.706252724765,直连,,98.47185714792641,122.0
Q23-013,leg2-cruise,6326.974933505011,6334.033316565672,中继,R3-004,127.1269496930712,122.0
Q23-007,leg1-cruise,6327.147134795807,6334.529810061828,直连,,105.99553761610625,122.0
Q23-025,leg3-descent,6327.372825296373,6354.820909228432,直连,,90.60231355299783,122.0
Q23-006,leg2-cruise,6327.469081559257,6334.844269691244,中继,R3-004,124.07091458768996,122.0
Q23-008,leg1-cruise,6333.706252724765,6340.7720690545375,直连,,99.47122186003602,122.0
Q23-013,leg2-cruise,6334.033316565672,6341.091699626333,中继,R3-004,127.02333315193671,122.0
Q23-007,leg1-cruise,6334.529810061828,6341.91248532785,直连,,106.45820896079559,122.0
Q23-006,leg2-cruise,6334.844269691244,6342.219457823232,中继,R3-004,123.91700933269594,122.0
Q23-008,leg1-cruise,6340.7720690545375,6347.83788538431,直连,,100.37468424061683,122.0
Q23-013,leg2-cruise,6341.091699626333,6348.150082686994,中继,R3-004,126.91846686137285,122.0
Q23-007,leg1-cruise,6341.91248532785,6349.2951605938715,直连,,106.8983875320441,122.0
Q23-006,leg2-cruise,6342.219457823232,6349.594645955221,中继,R3-004,123.76034747666131,122.0
Q23-008,leg1-cruise,6347.83788538431,6354.903701714082,直连,,101.19781848041252,122.0
Q23-013,leg2-cruise,6348.150082686994,6355.208465747655,中继,R3-004,126.81232033852177,122.0
Q23-007,leg1-cruise,6349.2951605938715,6356.677835859893,直连,,107.31807601659253,122.0
Q23-006,leg2-cruise,6349.594645955221,6356.969834087209,中继,R3-004,123.60082924484718,122.0
Q23-025,leg3-descent,6354.820909228432,6382.268993160491,直连,,89.0570174878594,122.0
Q23-008,leg1-cruise,6354.903701714082,6361.969518043854,直连,,101.95299841831326,122.0
Q23-013,leg2-cruise,6355.208465747655,6362.266848808315,中继,R3-004,126.70486197270668,122.0
Q23-007,leg1-cruise,6356.677835859893,6364.060511125916,直连,,107.71903234437403,122.0
Q23-006,leg2-cruise,6356.969834087209,6364.345022219197,中继,R3-004,123.43834939101228,122.0
Q23-008,leg1-cruise,6361.969518043854,6369.035334373626,直连,,102.65011438868704,122.0
Q23-013,leg2-cruise,6362.266848808315,6369.325231868976,中继,R3-004,126.59605896916679,122.0
Q23-007,leg1-cruise,6364.060511125916,6371.443186391937,直连,,108.10280595616894,122.0
Q23-006,leg2-cruise,6364.345022219197,6371.7202103511845,中继,R3-004,123.27279679357213,122.0
Q23-008,leg1-cruise,6369.035334373626,6376.101150703398,直连,,103.29714431122039,122.0
Q23-013,leg2-cruise,6369.325231868976,6376.383614929637,中继,R3-004,126.48587728923434,122.0
Q23-007,leg1-cruise,6371.443186391937,6378.825861657959,直连,,108.47076806120238,122.0
Q23-006,leg2-cruise,6371.7202103511845,6379.095398483173,中继,R3-004,123.10405401418001,122.0
Q23-008,leg1-cruise,6376.101150703398,6383.16696703317,直连,,103.90058910143898,122.0
Q23-013,leg2-cruise,6376.383614929637,6383.441997990298,中继,R3-004,126.37428158669852,122.0
Q23-007,leg1-cruise,6378.825861657959,6386.20853692398,直连,,108.8241369122124,122.0
Q23-006,leg2-cruise,6379.095398483173,6386.470586615162,中继,R3-004,122.93199681450767,122.0
Q23-025,leg3-descent,6382.268993160491,6409.71707709255,直连,,87.17599523432753,122.0
Q23-008,leg1-cruise,6383.16696703317,6390.232783362943,直连,,104.46580032523833,122.0
Q23-013,leg2-cruise,6383.441997990298,6390.500381050958,中继,R3-004,126.26123514004999,122.0
Q23-007,leg1-cruise,6386.20853692398,6393.591212190002,直连,,109.16399896938555,122.0
Q23-006,leg2-cruise,6386.470586615162,6393.845774747149,中继,R3-004,122.75649362643689,122.0
Q23-008,leg1-cruise,6390.232783362943,6397.2985996927155,直连,,104.99722671142787,122.0
Q23-013,leg2-cruise,6390.500381050958,6397.558764111618,中继,R3-004,126.14669978028034,122.0
Q23-007,leg1-cruise,6393.591212190002,6400.973887456024,直连,,109.49132667700003,122.0
Q23-006,leg2-cruise,6393.845774747149,6401.220962879137,中继,R3-004,122.5774049702452,122.0
Q23-008,leg1-cruise,6397.2985996927155,6404.364416022488,直连,,105.49860066027261,122.0
Q23-013,leg2-cruise,6397.558764111618,6404.617147172279,中继,R3-004,126.03063581389395,122.0
Q23-007,leg1-cruise,6400.973887456024,6408.356562722046,直连,,109.80699344787847,122.0
Q23-006,leg2-cruise,6401.220962879137,6408.596151011125,中继,R3-004,122.39458281461272,122.0
Q23-008,leg1-cruise,6404.364416022488,6411.43023235226,直连,,105.97308052663736,122.0
Q23-013,leg2-cruise,6404.617147172279,6411.67553023294,中继,R3-004,125.91300194073143,122.0
Q23-007,leg1-cruise,6408.356562722046,6415.7392379880675,直连,,110.11178634177308,122.0
Q23-006,leg2-cruise,6408.596151011125,6415.971339143112,中继,R3-004,122.20786987143296,122.0
Q23-025,leg3-descent,6409.71707709255,6437.165161024609,直连,,84.77168861744347,122.0
Q23-008,leg1-cruise,6411.43023235226,6418.496048682032,直连,,106.42336018942126,122.0
Q23-013,leg2-cruise,6411.67553023294,6418.7339132936,中继,R3-004,125.79375516619592,122.0
Q23-007,leg1-cruise,6415.7392379880675,6423.121913254089,直连,,110.40641683436957,122.0
Q23-006,leg2-cruise,6415.971339143112,6423.346527275101,中继,R3-004,122.01709881741688,122.0
Q23-008,leg1-cruise,6418.496048682032,6425.561865011804,直连,,106.85175425326808,122.0
Q23-013,leg2-cruise,6418.7339132936,6425.7922963542605,中继,R3-004,125.67285070740346,122.0
Q23-007,leg1-cruise,6423.121913254089,6430.504588520111,直连,,110.69153000012695,122.0
Q23-006,leg2-cruise,6423.346527275101,6430.7217154070895,直连,,121.82209143332332,122.0
Q23-008,leg1-cruise,6425.561865011804,6432.627681341576,直连,,107.26026494295381,122.0
Q23-013,leg2-cruise,6425.7922963542605,6432.850679414922,中继,R3-004,125.55024189275905,122.0
Q23-007,leg1-cruise,6430.504588520111,6437.887263786132,直连,,110.96771237309152,122.0
Q23-006,leg2-cruise,6430.7217154070895,6438.096903539077,直连,,111.62265765031744,122.0
Q23-008,leg1-cruise,6432.627681341576,6439.693497671348,直连,,107.65063511617763,122.0
Q23-013,leg2-cruise,6432.850679414922,6439.909062475583,中继,R3-004,125.42588005439373,122.0
Q23-025,leg3-descent,6437.165161024609,6464.6132449566685,直连,,81.43577212062542,122.0
Q23-007,leg1-cruise,6437.887263786132,6445.269939052154,直连,,111.23549870159322,122.0
Q23-006,leg2-cruise,6438.096903539077,6445.472091671065,直连,,111.41859449138539,122.0
Q23-008,leg1-cruise,6439.693497671348,6446.75931400112,直连,,108.02439065132316,122.0
Q23-013,leg2-cruise,6439.909062475583,6446.967445536243,中继,R3-004,125.29971441284047,122.0
Q23-007,leg1-cruise,6445.269939052154,6452.652614318176,直连,,111.49537777420879,122.0
Q23-006,leg2-cruise,6445.472091671065,6452.8472798030525,直连,,111.20968489392229,122.0
Q23-008,leg1-cruise,6446.75931400112,6453.8251303308925,直连,,108.3828746272107,122.0
Q23-013,leg2-cruise,6446.967445536243,6454.025828596903,中继,R3-004,125.17169195328152,122.0
Q23-007,leg1-cruise,6452.652614318176,6460.035289584198,直连,,121.74779746279577,122.0
Q23-006,leg2-cruise,6452.8472798030525,6460.22246793504,直连,,110.99569639745556,122.0
Q23-008,leg1-cruise,6453.8251303308925,6460.890946660665,直连,,108.72727510497897,122.0
Q23-013,leg2-cruise,6454.025828596903,6461.084211657564,中继,R3-004,125.04175729260203,122.0
Q23-007,leg1-cruise,6460.035289584198,6467.4179648502195,中继,R3-004,121.9931691032082,122.0
Q23-006,leg2-cruise,6460.22246793504,6467.597656067029,直连,,110.77637967796977,122.0
Q23-008,leg1-cruise,6460.890946660665,6467.956762990437,直连,,109.05864787992553,122.0
Q23-013,leg2-cruise,6461.084211657564,6468.142594718225,中继,R3-004,124.90985253643309,122.0
Q23-025,leg3-descent,6464.6132449566685,6492.061328888727,直连,,75.95015317952631,122.0
Q23-007,leg1-cruise,6467.4179648502195,6474.800640116241,中继,R3-004,122.2318713135525,122.0
Q23-006,leg2-cruise,6467.597656067029,6474.972844199017,直连,,110.55146690732236,122.0
Q23-008,leg1-cruise,6467.956762990437,6475.022579320209,直连,,109.3779352461837,122.0
Q23-013,leg2-cruise,6468.142594718225,6475.200977778885,中继,R3-004,124.77591712526188,122.0
Q23-007,leg1-cruise,6474.800640116241,6482.183315382263,中继,R3-004,122.46425333306277,122.0
Q23-006,leg2-cruise,6474.972844199017,6482.348032331005,直连,,110.3206699127878,122.0
Q23-008,leg1-cruise,6475.022579320209,6482.088395649981,直连,,109.68598157614964,122.0
Q23-013,leg2-cruise,6475.200977778885,6482.2593608395455,中继,R3-004,124.63988766858635,122.0
Q23-008,leg1-cruise,6482.088395649981,6489.154211979753,直连,,109.98354633648356,122.0
Q23-007,leg1-cruise,6482.183315382263,6489.565990648285,中继,R3-004,122.69063795104913,122.0
Q23-013,leg2-cruise,6482.2593608395455,6489.317743900207,中继,R3-004,124.50169776599832,122.0
Q23-006,leg2-cruise,6482.348032331005,6489.723220462993,直连,,110.08367810762722,122.0
Q23-008,leg1-cruise,6489.154211979753,6496.220028309525,直连,,110.27131502663327,122.0
Q23-013,leg2-cruise,6489.317743900207,6496.376126960868,中继,R3-004,124.36127781392335,122.0
Q23-007,leg1-cruise,6489.565990648285,6496.948665914307,中继,R3-004,122.91132408396393,122.0
Q23-006,leg2-cruise,6489.723220462993,6497.098408594981,直连,,109.84015615872431,122.0
Q23-025,leg3-descent,6492.061328888727,6519.509412820787,直连,,57.49511607507415,122.0
Q23-008,leg1-cruise,6496.220028309525,6503.2858446392975,直连,,110.54990842252539,122.0
Q23-013,leg2-cruise,6496.376126960868,6503.434510021528,中继,R3-004,124.2185547966404,122.0
Q23-007,leg1-cruise,6496.948665914307,6504.331341180328,中继,R3-004,123.12658904956682,122.0
Q23-006,leg2-cruise,6497.098408594981,6504.47359672697,直连,,109.58974135157592,122.0
Q23-008,leg1-cruise,6503.2858446392975,6510.35166096907,直连,,110.81989042897801,122.0
Q23-013,leg2-cruise,6503.434510021528,6510.492893082188,中继,R3-004,124.07345205999349,122.0
Q23-007,leg1-cruise,6504.331341180328,6511.71401644635,中继,R3-004,123.33669057934475,122.0
Q23-006,leg2-cruise,6504.47359672697,6511.8487848589575,直连,,109.33204060607905,122.0
Q23-008,leg1-cruise,6510.35166096907,6517.417477298842,直连,,111.0817747831536,122.0
Q23-013,leg2-cruise,6510.492893082188,6517.551276142849,中继,R3-004,123.92588906608724,122.0
Q23-007,leg1-cruise,6511.71401644635,6519.0966917123715,中继,R3-004,123.54186860420788,122.0
Q23-006,leg2-cruise,6511.8487848589575,6519.223972990945,直连,,109.06662708846731,122.0
Q23-008,leg1-cruise,6517.417477298842,6524.483293628614,直连,,111.33603080393557,122.0
Q23-013,leg2-cruise,6517.551276142849,6524.60965920351,中继,R3-004,123.77578112699156,122.0
Q23-007,leg1-cruise,6519.0966917123715,6526.479366978393,中继,R3-004,123.74234684304152,122.0
Q23-006,leg2-cruise,6519.223972990945,6526.599161122933,直连,,108.79303635513156,122.0
Q23-008,leg1-cruise,6524.483293628614,6531.549109958386,直连,,111.58308834474319,122.0
Q23-013,leg2-cruise,6524.60965920351,6531.66804226417,中继,R3-004,123.62303911527425,122.0
Q23-007,leg1-cruise,6526.479366978393,6533.862042244415,中继,R3-004,123.93833421949668,122.0
Q23-006,leg2-cruise,6526.599161122933,6533.9743492549205,直连,,108.51076195271072,122.0
Q23-008,leg1-cruise,6531.549109958386,6538.614926288159,直连,,111.82334207799875,122.0
Q23-013,leg2-cruise,6531.66804226417,6538.72642532483,中继,R3-004,123.46756914892134,122.0
Q23-007,leg1-cruise,6533.862042244415,6541.244717510437,中继,R3-004,124.13002612855017,122.0
Q23-006,leg2-cruise,6533.9743492549205,6541.349537386909,直连,,108.21925038538923,122.0
Q23-008,leg1-cruise,6538.614926288159,6545.680742617931,直连,,112.05715521612984,122.0
Q23-013,leg2-cruise,6538.72642532483,6545.7848083854915,中继,R3-004,123.30927224784966,122.0
Q23-007,leg1-cruise,6541.244717510437,6548.627392776459,中继,R3-004,124.31760557146444,122.0
Q23-006,leg2-cruise,6541.349537386909,6548.724725518898,直连,,107.91789534460365,122.0
Q23-008,leg1-cruise,6545.680742617931,6552.746558947703,直连,,112.28486275533228,122.0
Q23-013,leg2-cruise,6545.7848083854915,6552.843191446153,中继,R3-004,123.14804395893559,122.0
Q23-007,leg1-cruise,6548.627392776459,6556.01006804248,中继,R3-004,124.5012441750232,122.0
Q23-006,leg2-cruise,6548.724725518898,6556.099913650885,直连,,107.60603107799794,122.0
Q23-008,leg1-cruise,6552.746558947703,6559.812375277475,直连,,112.506774313422,122.0
Q23-013,leg2-cruise,6552.843191446153,6559.901574506814,中继,R3-004,122.98377394599515,122.0
Q23-007,leg1-cruise,6556.01006804248,6563.392743308502,中继,R3-004,124.6811031088559,122.0
Q23-006,leg2-cruise,6556.099913650885,6563.475101782873,直连,,107.28292475329681,122.0
Q23-008,leg1-cruise,6559.812375277475,6566.878191607248,直连,,112.72317662099377,122.0
Q23-013,leg2-cruise,6559.901574506814,6566.959957567475,直连,,112.81634554075804,122.0
Q23-007,leg1-cruise,6563.392743308502,6570.775418574523,中继,R3-004,124.8573339127389,122.0
Q23-006,leg2-cruise,6563.475101782873,6570.850289914861,直连,,106.94776764913301,122.0
Q23-008,leg1-cruise,6566.878191607248,6573.94400793702,直连,,112.93433571530844,122.0
Q23-013,leg2-cruise,6566.959957567475,6574.018340628135,直连,,112.64563525028656,122.0
Q23-007,leg1-cruise,6570.775418574523,6578.158093840546,中继,R3-004,125.03007924416832,122.0
Q23-006,leg2-cruise,6570.850289914861,6578.225478046848,直连,,106.59966497886882,122.0
Q23-008,leg1-cruise,6573.94400793702,6581.009824266792,直连,,113.14049887834273,122.0
Q23-013,leg2-cruise,6574.018340628135,6581.076723688795,直连,,112.47151221569044,122.0
Q23-007,leg1-cruise,6578.158093840546,6585.5407691065675,中继,R3-004,125.19947355524769,122.0
Q23-006,leg2-cruise,6578.225478046848,6585.600666178837,直连,,106.23762412714879,122.0
Q23-008,leg1-cruise,6581.009824266792,6588.075640596564,直连,,113.34189635386201,122.0
Q23-013,leg2-cruise,6581.076723688795,6588.135106749456,直连,,112.2938376162786,122.0
Q23-007,leg1-cruise,6585.5407691065675,6592.923444372589,中继,R3-004,125.36564370664276,122.0
Q23-006,leg2-cruise,6585.600666178837,6592.9758543108255,直连,,105.86054105510621,122.0
Q23-008,leg1-cruise,6588.075640596564,6595.141456926336,直连,,113.53874287298633,122.0
Q23-013,leg2-cruise,6588.135106749456,6595.193489810117,直连,,112.11246401240095,122.0
Q23-007,leg1-cruise,6592.923444372589,6600.306119638611,中继,R3-004,125.52870952552237,122.0
Q23-006,leg2-cruise,6592.9758543108255,6600.351042442813,直连,,105.46718461538272,122.0
Q23-008,leg1-cruise,6595.141456926336,6602.207273256108,直连,,113.73123901323439,122.0
Q23-013,leg2-cruise,6595.193489810117,6602.251872870777,直连,,111.92723461931361,122.0
Q23-007,leg1-cruise,6600.306119638611,6607.688794904632,中继,R3-004,125.68878431340842,122.0
Q23-006,leg2-cruise,6600.351042442813,6607.726230574801,直连,,105.05617852415651,122.0
Q23-008,leg1-cruise,6602.207273256108,6609.27308958588,直连,,113.91957241234829,122.0
Q23-013,leg2-cruise,6602.251872870777,6609.3102559314375,直连,,111.73798250320081,122.0
Q23-007,leg1-cruise,6607.688794904632,6615.071470170654,中继,R3-004,125.84597530926881,122.0
Q23-006,leg2-cruise,6607.726230574801,6615.1014187067885,直连,,104.62598078625592,122.0
Q23-008,leg1-cruise,6609.27308958588,6616.3389059156525,直连,,114.10391885505693,122.0
Q23-013,leg2-cruise,6609.3102559314375,6616.368638992099,直连,,111.54452968917097,122.0
Q23-007,leg1-cruise,6615.071470170654,6622.454145436675,中继,R3-004,126.00038411241925,122.0
Q23-006,leg2-cruise,6615.1014187067885,6622.476606838776,直连,,104.17486050086741,122.0
Q23-008,leg1-cruise,6616.3389059156525,6623.404722245425,直连,,114.2844432483821,122.0
Q23-013,leg2-cruise,6616.368638992099,6623.42702205276,直连,,111.34668616945348,122.0
Q23-007,leg1-cruise,6622.454145436675,6629.836820702698,中继,R3-004,126.15210706938555,122.0
Q23-006,leg2-cruise,6622.476606838776,6629.851794970765,直连,,103.70087226189227,122.0
Q23-008,leg1-cruise,6623.404722245425,6630.470538575197,直连,,114.46130049890242,122.0
Q23-013,leg2-cruise,6623.42702205276,6630.48540511342,直连,,111.14424879814086,122.0
Q23-007,leg1-cruise,6629.836820702698,6637.2194959687195,中继,R3-004,126.30123562827846,122.0
Q23-006,leg2-cruise,6629.851794970765,6637.226983102753,直连,,103.20182894024431,122.0
Q23-008,leg1-cruise,6630.470538575197,6637.536354904969,直连,,114.63463630351626,122.0
Q23-013,leg2-cruise,6630.48540511342,6637.54378817408,直连,,110.9370000566247,122.0
Q23-007,leg1-cruise,6637.2194959687195,6644.602171234741,中继,R3-004,126.44785666393338,122.0
Q23-006,leg2-cruise,6637.226983102753,6644.602171234741,直连,,102.67527473562488,122.0
Q23-008,leg1-cruise,6637.536354904969,6644.602171234741,直连,,114.80458786374757,122.0
Q23-013,leg2-cruise,6637.54378817408,6644.602171234741,直连,,110.72470667119866,122.0
Q23-006,leg2-cruise,6644.602171234741,6651.075723602775,直连,,102.15342164834816,122.0
Q23-007,leg1-cruise,6644.602171234741,6649.74106982595,中继,R3-004,126.57029348894139,122.0
Q23-008,leg1-cruise,6644.602171234741,6652.049923582339,中继,R3-005,114.97574583452288,122.0
Q23-013,leg2-cruise,6644.602171234741,6651.615170751749,直连,,110.50782634644865,122.0
Q23-007,leg1-cruise,6649.74106982595,6654.87996841716,中继,R3-004,126.66952124902183,122.0
Q23-006,leg2-cruise,6651.075723602775,6657.549275970809,直连,,101.63919990807483,122.0
Q23-013,leg2-cruise,6651.615170751749,6658.6281702687575,直连,,110.28614429909645,122.0
Q23-008,leg1-cruise,6652.049923582339,6659.497675929937,中继,R3-005,125.14797658319256,122.0
Q23-007,leg1-cruise,6654.87996841716,6660.01886700837,中继,R3-004,126.7676321936988,122.0
Q23-006,leg2-cruise,6657.549275970809,6664.022828338842,直连,,101.09723696388366,122.0
Q23-013,leg2-cruise,6658.6281702687575,6665.641169785766,直连,,110.05868468779049,122.0
Q23-008,leg1-cruise,6659.497675929937,6666.945428277535,中继,R3-005,125.3168648812725,122.0
Q23-007,leg1-cruise,6660.01886700837,6665.157765599579,中继,R3-004,126.86465108984049,122.0
Q23-006,leg2-cruise,6664.022828338842,6670.496380706876,直连,,100.52515786011048,122.0
Q23-007,leg1-cruise,6665.157765599579,6670.296664190788,中继,R3-004,126.9606018924679,122.0
Q23-013,leg2-cruise,6665.641169785766,6672.654169302774,直连,,109.82513992460827,122.0
Q23-008,leg1-cruise,6666.945428277535,6674.393180625132,中继,R3-005,125.48253776007371,122.0
Q23-007,leg1-cruise,6670.296664190788,6675.435562781997,中继,R3-004,127.05550777971563,122.0
Q23-006,leg2-cruise,6670.496380706876,6676.96993307491,直连,,99.92052150111404,122.0
Q23-013,leg2-cruise,6672.654169302774,6679.667168819782,直连,,109.58517733031658,122.0
Q23-008,leg1-cruise,6674.393180625132,6681.840932972729,中继,R3-005,125.64511515669415,122.0
Q23-007,leg1-cruise,6675.435562781997,6680.574461373206,中继,R3-004,127.14939118595761,122.0
Q23-006,leg2-cruise,6676.96993307491,6683.443485442944,直连,,99.28097133690773,122.0
Q23-013,leg2-cruise,6679.667168819782,6686.68016833679,直连,,109.33843634655311,122.0
Q23-007,leg1-cruise,6680.574461373206,6685.713359964416,中继,R3-004,127.24227383317053,122.0
Q23-008,leg1-cruise,6681.840932972729,6689.288685320327,中继,R3-005,125.80471043172085,122.0
Q23-006,leg2-cruise,6683.443485442944,6689.9170378109775,直连,,98.60451979096081,122.0
Q23-007,leg1-descent,6685.713359964416,6713.626377237365,中继,R3-004,127.28651195937634,122.0
Q23-013,leg2-cruise,6686.68016833679,6693.6931678537985,直连,,109.08452535255596,122.0
Q23-008,leg1-cruise,6689.288685320327,6696.736437667925,中继,R3-005,125.96143084062301,122.0
Q23-006,leg2-cruise,6689.9170378109775,6696.39059017901,直连,,97.89006441541507,122.0
Q23-013,leg2-cruise,6693.6931678537985,6700.706167370808,直连,,108.82301801768637,122.0
Q23-006,leg2-cruise,6696.39059017901,6702.864142547043,直连,,97.13829885851048,122.0
Q23-008,leg1-cruise,6696.736437667925,6704.184190015522,中继,R3-005,126.1153779637272,122.0
Q23-013,leg2-cruise,6700.706167370808,6707.719166887816,直连,,108.55344910680863,122.0
Q23-006,leg2-cruise,6702.864142547043,6709.337694915077,直连,,96.35327632382686,122.0
Q23-008,leg1-cruise,6704.184190015522,6711.631942363119,中继,R3-005,126.26664809904992,122.0
Q23-013,leg2-cruise,6707.719166887816,6714.732166404824,直连,,108.27530963791652,122.0
Q23-006,leg2-cruise,6709.337694915077,6715.811247283111,直连,,95.54498743354662,122.0
Q23-008,leg1-cruise,6711.631942363119,6719.079694710717,中继,R3-005,126.41533262177005,122.0
Q23-007,leg1-descent,6713.626377237365,6741.539394510314,中继,R3-004,127.28322490427968,122.0
Q23-013,leg2-cruise,6714.732166404824,6721.745165921832,直连,,107.98804126936218,122.0
Q23-006,leg2-cruise,6715.811247283111,6722.284799651145,直连,,94.7333178219843,122.0
Q23-008,leg1-cruise,6719.079694710717,6726.527447058315,中继,R3-005,126.5615183136792,122.0
Q23-013,leg2-cruise,6721.745165921832,6728.7581654388405,直连,,107.69102976646384,122.0
Q23-006,leg2-cruise,6722.284799651145,6728.758352019178,直连,,93.95330260721522,122.0
Q23-008,leg1-cruise,6726.527447058315,6733.975199405913,中继,R3-005,126.70528766555925,122.0
Q23-013,leg2-cruise,6728.7581654388405,6735.771164955849,直连,,107.38359736231716,122.0
Q23-006,leg2-cruise,6728.758352019178,6735.231904387212,直连,,93.25994608143523,122.0
Q23-008,leg1-cruise,6733.975199405913,6741.422951753511,中继,R3-005,126.8467191551224,122.0
Q23-006,leg2-cruise,6735.231904387212,6741.705456755246,直连,,92.7274083585263,122.0
Q23-013,leg2-cruise,6735.771164955849,6742.784164472857,直连,,107.06499378337197,122.0
Q23-008,leg1-cruise,6741.422951753511,6748.8707041011085,中继,R3-005,126.98588750282931,122.0
Q23-007,leg1-descent,6741.539394510314,6769.452411783263,中继,R3-004,127.28044809230802,122.0
Q23-006,leg2-cruise,6741.705456755246,6748.17900912328,直连,,92.43446381287954,122.0
Q23-013,leg2-cruise,6742.784164472857,6749.797163989865,直连,,106.73438565374022,122.0
Q23-006,leg2-descent,6748.17900912328,6777.119285002186,直连,,91.60242445135643,122.0
Q23-008,leg1-cruise,6748.8707041011085,6756.318456448706,中继,R3-005,127.12286390767038,122.0
Q23-013,leg2-cruise,6749.797163989865,6756.810163506873,直连,,106.39084391930083,122.0
Q23-008,leg1-cruise,6756.318456448706,6763.7662087963035,中继,R3-005,127.25771626476201,122.0
Q23-013,leg2-cruise,6756.810163506873,6763.823163023882,直连,,106.03332883845104,122.0
Q23-008,leg1-cruise,6763.7662087963035,6771.2139611439015,中继,R3-005,127.39050936640547,122.0
Q23-013,leg2-cruise,6763.823163023882,6770.836162540891,直连,,105.66067196330343,122.0
Q23-007,leg1-descent,6769.452411783263,6797.365429056213,中继,R3-004,127.27818250420393,122.0
Q23-013,leg2-cruise,6770.836162540891,6777.849162057899,直连,,105.27155437375492,122.0
Q23-008,leg1-cruise,6771.2139611439015,6778.6617134914995,中继,R3-005,127.52130508810589,122.0
Q23-006,leg2-descent,6777.119285002186,6806.059560881092,直连,,89.75666946253962,122.0
Q23-013,leg2-cruise,6777.849162057899,6784.862161574907,直连,,104.86448021363023,122.0
Q23-008,leg1-cruise,6778.6617134914995,6786.1094658390975,中继,R3-005,127.65016256086648,122.0
Q23-013,leg2-cruise,6784.862161574907,6791.875161091915,直连,,104.43774429435737,122.0
Q23-008,leg1-cruise,6786.1094658390975,6793.557218186695,中继,R3-005,127.77713833096232,122.0
Q23-013,leg2-cruise,6791.875161091915,6798.8881606089235,直连,,103.98939215250631,122.0
Q23-008,leg1-descent,6793.557218186695,6816.215773687996,中继,R3-005,127.8389692112617,122.0
Q23-007,S003-handoff,6797.365429056213,6825.651143341927,中继,R3-004,127.27724167653642,122.0
Q23-013,leg2-cruise,6798.8881606089235,6812.91415964294,直连,,103.51717043797993,122.0
Q23-006,leg2-descent,6806.059560881092,6834.999836759998,直连,,87.40981676997849,122.0
Q23-013,leg2-cruise,6812.91415964294,6819.927159159948,直连,,102.49022170932858,122.0
Q23-008,leg1-descent,6816.215773687996,6838.874329189299,中继,R3-005,127.83738010410832,122.0
Q23-013,leg2-cruise,6819.927159159948,6826.940158676956,直连,,101.92884875404485,122.0
Q23-007,S003-handoff,6825.651143341927,6853.936857627641,中继,R3-004,127.27724167653642,122.0
Q23-013,leg2-cruise,6826.940158676956,6840.966157710973,直连,,101.33008769620893,122.0
Q23-006,leg2-descent,6834.999836759998,6863.940112638905,直连,,84.18408912653264,122.0
Q23-008,leg1-descent,6838.874329189299,6861.5328846906,中继,R3-005,127.8362549080733,122.0
Q23-013,leg2-cruise,6840.966157710973,6854.992156744989,直连,,99.99901103779047,122.0
Q23-007,S003-handoff,6853.936857627641,6882.222571913356,中继,R3-004,127.27724167653642,122.0
Q23-013,leg2-cruise,6854.992156744989,6862.005156261997,直连,,98.44212701490375,122.0
Q23-008,S004-handoff,6861.5328846906,6891.5328846906,中继,R3-005,127.83586639527485,122.0
Q23-013,leg2-cruise,6862.005156261997,6869.018155779006,直连,,97.55485780951138,122.0
Q23-006,leg2-descent,6863.940112638905,6892.88038851781,直连,,78.99564504974266,122.0
Q23-013,leg2-cruise,6869.018155779006,6883.044154813022,直连,,96.57770239571819,122.0
Q23-007,S003-handoff,6882.222571913356,6910.5082861990695,中继,R3-004,127.27724167653642,122.0
Q23-013,leg2-cruise,6883.044154813022,6897.070153847039,直连,,94.28606564972145,122.0
Q23-008,S004-handoff,6891.5328846906,6921.5328846906,中继,R3-005,127.83586639527485,122.0
Q23-006,leg2-descent,6892.88038851781,6921.820664396717,直连,,64.2312958009696,122.0
Q23-013,leg2-cruise,6897.070153847039,6911.096152881056,直连,,91.43658459019991,122.0
Q23-007,S003-handoff,6910.5082861990695,6938.794000484784,中继,R3-004,127.27724167653642,122.0
Q23-013,leg2-cruise,6911.096152881056,6925.122151915072,直连,,88.29253231069514,122.0
Q23-008,S004-handoff,6921.5328846906,6951.5328846906,中继,R3-005,127.83586639527485,122.0
Q23-013,leg2-descent,6925.122151915072,6949.643085142611,直连,,85.83521409748177,122.0
Q23-007,S003-handoff,6938.794000484784,6967.079714770498,中继,R3-004,127.27724167653642,122.0
Q23-013,leg2-descent,6949.643085142611,6974.16401837015,直连,,82.54794938210718,122.0
Q23-008,S004-handoff,6951.5328846906,6981.5328846906,中继,R3-005,127.83586639527485,122.0
Q23-007,S003-handoff,6967.079714770498,6995.365429056213,中继,R3-004,127.27724167653642,122.0
Q23-013,leg2-descent,6974.16401837015,6998.684951597689,直连,,77.19526326568275,122.0
Q23-008,S004-handoff,6981.5328846906,7011.5328846906,中继,R3-005,127.83586639527485,122.0
Q23-015,leg1-climb,6991.0,7018.943625895183,直连,,66.86922826520852,122.0
Q23-007,S003-handoff,6995.365429056213,7023.651143341927,中继,R3-004,127.27724167653642,122.0
Q23-013,leg2-descent,6998.684951597689,7023.205884825228,直连,,60.60216833567895,122.0
Q23-008,S004-handoff,7011.5328846906,7041.5328846906,中继,R3-005,127.83586639527485,122.0
Q23-015,leg1-climb,7018.943625895183,7046.887251790365,直连,,80.53952980400871,122.0
Q23-007,S003-handoff,7023.651143341927,7051.936857627641,中继,R3-004,127.27724167653642,122.0
Q23-008,S004-handoff,7041.5328846906,7071.5328846906,中继,R3-005,127.83586639527485,122.0
Q23-015,leg1-cruise,7046.887251790365,7053.594755897868,直连,,83.91649887533532,122.0
Q23-007,S003-handoff,7051.936857627641,7080.222571913356,中继,R3-004,127.27724167653642,122.0
Q23-015,leg1-cruise,7053.594755897868,7073.71726822038,直连,,86.54572651790511,122.0
Q23-008,leg2-climb,7071.5328846906,7099.856079067228,中继,R3-005,127.83649269314496,122.0
Q23-015,leg1-cruise,7073.71726822038,7080.424772327884,直连,,93.61059456676966,122.0
Q23-007,S003-handoff,7080.222571913356,7108.5082861990695,中继,R3-004,127.27724167653642,122.0
Q23-015,leg1-cruise,7080.424772327884,7100.547284650395,直连,,95.21332840500602,122.0
Q23-008,leg2-climb,7099.856079067228,7128.179273443856,中继,R3-005,127.83852846811895,122.0
Q23-015,leg1-cruise,7100.547284650395,7113.962292865403,直连,,98.8233021569758,122.0
Q23-007,S003-handoff,7108.5082861990695,7136.794000484784,中继,R3-004,127.27724167653642,122.0
Q23-015,leg1-cruise,7113.962292865403,7134.084805187915,直连,,100.61515139621345,122.0
Q23-008,leg2-cruise,7128.179273443856,7135.627025791453,中继,R3-005,127.77713833096232,122.0
Q23-015,leg1-cruise,7134.084805187915,7140.792309295419,直连,,102.76502702127301,122.0
Q23-008,leg2-cruise,7135.627025791453,7143.074778139051,中继,R3-005,127.65016256086648,122.0
Q23-007,S003-handoff,7136.794000484784,7165.079714770498,中继,R3-004,127.27724167653642,122.0
Q23-015,leg1-cruise,7140.792309295419,7147.499813402923,直连,,103.37894697348177,122.0
Q23-008,leg2-cruise,7143.074778139051,7150.522530486649,中继,R3-005,127.52130508810589,122.0
Q23-015,leg1-cruise,7147.499813402923,7154.207317510426,直连,,103.95271423005636,122.0
Q23-008,leg2-cruise,7150.522530486649,7157.970282834247,中继,R3-005,127.39050936640547,122.0
Q23-015,leg1-cruise,7154.207317510426,7160.914821617929,直连,,104.491217085291,122.0
Q23-008,leg2-cruise,7157.970282834247,7165.418035181845,中继,R3-005,127.25771626476201,122.0
Q23-015,leg1-cruise,7160.914821617929,7167.622325725433,直连,,104.99850898723324,122.0
Q23-007,S003-handoff,7165.079714770498,7193.365429056213,中继,R3-004,127.27724167653642,122.0
Q23-008,leg2-cruise,7165.418035181845,7172.865787529442,中继,R3-005,127.12286390767038,122.0
Q23-015,leg1-cruise,7167.622325725433,7174.329829832937,直连,,105.47798706025215,122.0
Q23-008,leg2-cruise,7172.865787529442,7180.313539877039,中继,R3-005,126.98588750282931,122.0
Q23-015,leg1-cruise,7174.329829832937,7181.037333940441,直连,,115.93252565833572,122.0
Q23-008,leg2-cruise,7180.313539877039,7187.761292224637,中继,R3-005,126.8467191551224,122.0
Q23-015,leg1-cruise,7181.037333940441,7194.4523421554495,直连,,116.36457779793032,122.0
Q23-008,leg2-cruise,7187.761292224637,7195.209044572235,中继,R3-005,126.70528766555925,122.0
Q23-007,leg2-climb,7193.365429056213,7221.288392836078,中继,R3-004,127.27843817789301,122.0
Q23-015,leg1-cruise,7194.4523421554495,7201.159846262954,直连,,117.16937948322288,122.0
Q23-008,leg2-cruise,7195.209044572235,7202.656796919833,中继,R3-005,126.5615183136792,122.0
Q23-015,leg1-cruise,7201.159846262954,7207.867350370457,直连,,117.54554958674554,122.0
Q23-008,leg2-cruise,7202.656796919833,7210.104549267431,中继,R3-005,126.41533262177005,122.0
Q23-015,leg1-cruise,7207.867350370457,7214.57485447796,直连,,117.90616063797117,122.0
Q23-008,leg2-cruise,7210.104549267431,7217.552301615028,中继,R3-005,126.26664809904992,122.0
Q23-015,leg1-cruise,7214.57485447796,7221.282358585464,直连,,118.25244444383247,122.0
Q23-008,leg2-cruise,7217.552301615028,7225.000053962625,中继,R3-005,126.1153779637272,122.0
Q23-015,leg1-cruise,7221.282358585464,7227.989862692968,直连,,118.5854925449488,122.0
Q23-007,leg2-climb,7221.288392836078,7249.211356615944,中继,R3-004,127.28143134928897,122.0
Q23-008,leg2-cruise,7225.000053962625,7232.447806310223,中继,R3-005,125.96143084062301,122.0
Q23-015,leg1-cruise,7227.989862692968,7234.697366800472,直连,,118.90627667112757,122.0
Q23-008,leg2-cruise,7232.447806310223,7239.895558657821,中继,R3-005,125.80471043172085,122.0
Q23-015,leg1-descent,7234.697366800472,7251.349717874691,直连,,119.05922547603083,122.0
Q23-008,leg2-cruise,7239.895558657821,7254.7910633530155,中继,R3-005,125.64511515669415,122.0
Q23-007,leg2-climb,7249.211356615944,7277.1343203958095,中继,R3-004,127.28522332093814,122.0
Q23-015,leg1-descent,7251.349717874691,7268.002068948909,直连,,119.05440151998916,122.0
Q23-008,leg2-cruise,7254.7910633530155,7269.6865680482115,中继,R3-005,125.3168648812725,122.0
Q23-015,S011-handoff,7268.002068948909,7277.1343203958095,直连,,119.05269852342448,122.0
Q23-008,leg2-cruise,7269.6865680482115,7277.1343203958095,中继,R3-005,114.97574583452288,122.0
Q23-007,leg2-climb,7277.1343203958095,7282.68708432965,中继,R3-004,127.2878784152028,122.0
Q23-008,leg2-cruise,7277.1343203958095,7284.408385855408,直连,,114.80210733047223,122.0
Q23-015,S011-handoff,7277.1343203958095,7305.829713046252,直连,,119.05269852342448,122.0
Q23-007,leg2-cruise,7282.68708432965,7289.787625916317,中继,R3-004,127.22462233323189,122.0
Q23-008,leg2-cruise,7284.408385855408,7291.682451315007,直连,,114.6270457558268,122.0
Q23-007,leg2-cruise,7289.787625916317,7296.8881675029825,中继,R3-004,127.09575864102283,122.0
Q23-008,leg2-cruise,7291.682451315007,7298.956516774606,直连,,114.44839122162895,122.0
Q23-007,leg2-cruise,7296.8881675029825,7303.988709089648,中继,R3-004,126.96496065365525,122.0
Q23-008,leg2-cruise,7298.956516774606,7306.230582234204,直连,,114.26599350277104,122.0
Q23-007,leg2-cruise,7303.988709089648,7311.089250676315,中继,R3-004,126.83216963325032,122.0
Q23-015,S011-handoff,7305.829713046252,7334.525105696695,直连,,119.05269852342448,122.0
Q23-008,leg2-cruise,7306.230582234204,7313.504647693802,直连,,114.07969277491485,122.0
Q23-007,leg2-cruise,7311.089250676315,7318.189792262981,中继,R3-004,126.69732413537662,122.0
Q23-008,leg2-cruise,7313.504647693802,7320.778713153401,直连,,113.88931878102355,122.0
Q23-007,leg2-cruise,7318.189792262981,7325.290333849647,中继,R3-004,126.56035984084664,122.0
Q23-008,leg2-cruise,7320.778713153401,7328.052778613001,直连,,113.69468990567825,122.0
Q23-007,leg2-cruise,7325.290333849647,7332.390875436313,中继,R3-004,126.42120937428416,122.0
Q23-008,leg2-cruise,7328.052778613001,7335.326844072599,直连,,113.4956121447133,122.0
Q23-007,leg2-cruise,7332.390875436313,7339.4914170229795,中继,R3-004,126.27980210822658,122.0
Q23-015,S011-handoff,7334.525105696695,7363.220498347138,直连,,119.05269852342448,122.0
Q23-008,leg2-cruise,7335.326844072599,7342.600909532197,直连,,113.29187795565954,122.0
Q23-007,leg2-cruise,7339.4914170229795,7346.591958609646,中继,R3-004,126.13606395134236,122.0
Q23-008,leg2-cruise,7342.600909532197,7349.874974991796,直连,,113.08326497213265,122.0
Q23-007,leg2-cruise,7346.591958609646,7353.692500196312,中继,R3-004,125.98991711920408,122.0
Q23-008,leg2-cruise,7349.874974991796,7357.149040451395,直连,,112.86953456242993,122.0
Q23-007,leg2-cruise,7353.692500196312,7360.7930417829775,中继,R3-004,125.84127988588037,122.0
Q23-008,leg2-cruise,7357.149040451395,7364.423105910993,直连,,112.65043020922295,122.0
Q23-007,leg2-cruise,7360.7930417829775,7367.893583369644,中继,R3-004,125.69006631438768,122.0
Q23-015,S011-handoff,7363.220498347138,7391.91589099758,直连,,119.05269852342448,122.0
Q23-008,leg2-cruise,7364.423105910993,7371.697171370592,直连,,112.42567568310305,122.0
Q23-007,leg2-cruise,7367.893583369644,7374.994124956311,中继,R3-004,125.53618596383312,122.0
Q23-008,leg2-cruise,7371.697171370592,7378.971236830191,直连,,112.19497297783974,122.0
Q23-007,leg2-cruise,7374.994124956311,7382.0946665429765,中继,R3-004,125.37954357077389,122.0
Q23-008,leg2-cruise,7378.971236830191,7386.24530228979,直连,,111.95799996919916,122.0
Q23-007,leg2-cruise,7382.0946665429765,7389.195208129642,中继,R3-004,125.22003870207398,122.0
Q23-008,leg2-cruise,7386.24530228979,7393.519367749388,直连,,111.71440775192193,122.0
Q23-007,leg2-cruise,7389.195208129642,7396.295749716308,中继,R3-004,125.0575653761315,122.0
Q23-015,S011-handoff,7391.91589099758,7420.611283648023,直连,,119.05269852342448,122.0
Q23-008,leg2-cruise,7393.519367749388,7400.793433208986,直连,,111.46381760051143,122.0
Q23-007,leg2-cruise,7396.295749716308,7403.396291302974,中继,R3-004,124.89201164899302,122.0
Q23-008,leg2-cruise,7400.793433208986,7408.067498668585,直连,,111.20581748858025,122.0
Q23-007,leg2-cruise,7403.396291302974,7410.49683288964,中继,R3-004,124.72325916139965,122.0
Q23-008,leg2-cruise,7408.067498668585,7415.3415641281845,直连,,110.93995808795356,122.0
Q23-007,leg2-cruise,7410.49683288964,7417.597374476307,中继,R3-004,124.5511826422852,122.0
Q23-008,leg2-cruise,7415.3415641281845,7422.615629587783,直连,,110.6657481519262,122.0
Q23-007,leg2-cruise,7417.597374476307,7424.697916062973,中继,R3-004,124.37564936364006,122.0
Q23-015,S011-handoff,7420.611283648023,7449.306676298466,直连,,119.05269852342448,122.0
Q23-008,leg2-cruise,7422.615629587783,7429.889695047381,直连,,110.38264916610366,122.0
Q23-007,leg2-cruise,7424.697916062973,7431.798457649638,中继,R3-004,124.19651854097229,122.0
Q23-008,leg2-cruise,7429.889695047381,7437.16376050698,直连,,110.09006912382051,122.0
Q23-007,leg2-cruise,7431.798457649638,7438.898999236305,中继,R3-004,124.01364067273978,122.0
Q23-008,leg2-cruise,7437.16376050698,7444.437825966579,直连,,109.78735524979925,122.0
Q23-007,leg2-cruise,7438.898999236305,7445.9995408229715,中继,R3-004,123.82685681125335,122.0
Q23-008,leg2-cruise,7444.437825966579,7451.711891426177,直连,,109.47378545316907,122.0
Q23-007,leg2-cruise,7445.9995408229715,7453.100082409637,中继,R3-004,123.63599775638998,122.0
Q23-015,S011-handoff,7449.306676298466,7478.002068948909,直连,,119.05269852342448,122.0
Q23-008,leg2-cruise,7451.711891426177,7458.9859568857755,直连,,109.14855823650961,122.0
Q23-007,leg2-cruise,7453.100082409637,7460.200623996303,中继,R3-004,123.44088316220241,122.0
Q23-008,leg2-cruise,7458.9859568857755,7466.260022345375,直连,,108.81078071714273,122.0
Q23-007,leg2-cruise,7460.200623996303,7467.30116558297,中继,R3-004,123.24132054501345,122.0
Q23-008,leg2-cruise,7466.260022345375,7473.534087804974,直连,,108.45945432535231,122.0
Q23-007,leg2-cruise,7467.30116558297,7474.401707169636,中继,R3-004,123.03710417979745,122.0
Q23-008,leg2-cruise,7473.534087804974,7480.808153264572,直连,,108.0934576240026,122.0
Q23-007,leg2-cruise,7474.401707169636,7481.502248756302,中继,R3-004,122.82801386960728,122.0
Q23-015,leg2-climb,7478.002068948909,7505.755987405941,直连,,119.05657740777539,122.0
Q23-008,leg2-cruise,7480.808153264572,7488.08221872417,直连,,107.71152553512363,122.0
Q23-007,leg2-cruise,7481.502248756302,7488.602790342968,中继,R3-004,122.6138135702901,122.0
Q23-008,leg2-cruise,7488.08221872417,7495.356284183769,直连,,107.31222404688204,122.0
Q23-007,leg2-cruise,7488.602790342968,7495.703331929634,中继,R3-004,122.39424984991454,122.0
Q23-008,leg2-cruise,7495.356284183769,7502.630349643368,直连,,106.89391918890018,122.0
Q23-007,leg2-cruise,7495.703331929634,7502.803873516301,中继,R3-004,122.16905015878784,122.0
Q23-008,leg2-cruise,7502.630349643368,7509.904415102967,直连,,106.45473867591845,122.0
Q23-007,leg2-cruise,7502.803873516301,7509.904415102967,中继,R3-004,121.93792088186844,122.0
Q23-015,leg2-cruise,7505.755987405941,7509.904415102967,直连,,118.96615088539828,122.0
Q23-007,leg2-cruise,7509.904415102967,7517.0392588229015,直连,,111.69996393546451,122.0
Q23-008,leg2-cruise,7509.904415102967,7516.637032825016,直连,,106.01016751029822,122.0
Q23-015,leg2-cruise,7509.904415102967,7523.023107053901,直连,,118.71283433216091,122.0
Q23-008,leg2-cruise,7516.637032825016,7523.369650547066,直连,,105.56058369294445,122.0
Q23-007,leg2-cruise,7517.0392588229015,7524.174102542836,直连,,111.45478750833406,122.0
Q23-015,leg2-cruise,7523.023107053901,7529.5824530293685,直连,,118.05909347038559,122.0
Q23-008,leg2-cruise,7523.369650547066,7530.102268269116,直连,,105.08691934421215,122.0
Q23-007,leg2-cruise,7524.174102542836,7531.308946262772,直连,,111.20258051317532,122.0
Q23-015,leg2-cruise,7529.5824530293685,7536.141799004836,直连,,117.7128639373433,122.0
Q23-008,leg2-cruise,7530.102268269116,7536.834885991166,直连,,104.5865094626103,122.0
Q23-007,leg2-cruise,7531.308946262772,7538.443789982707,直连,,110.9429337504312,122.0
Q23-015,leg2-cruise,7536.141799004836,7542.701144980303,直连,,117.35231420832928,122.0
Q23-008,leg2-cruise,7536.834885991166,7543.567503713215,直连,,104.05623375418062,122.0
Q23-007,leg2-cruise,7538.443789982707,7545.578633702642,直连,,110.67540181940774,122.0
Q23-015,leg2-cruise,7542.701144980303,7549.26049095577,直连,,116.97621374823188,122.0
Q23-008,leg2-cruise,7543.567503713215,7550.300121435265,直连,,103.49241076455142,122.0
Q23-007,leg2-cruise,7545.578633702642,7552.713477422577,直连,,110.39949880225302,122.0
Q23-015,leg2-cruise,7549.26049095577,7555.819836931238,直连,,116.5831670611654,122.0
Q23-008,leg2-cruise,7550.300121435265,7557.0327391573155,直连,,102.89066113844802,122.0
Q23-007,leg2-cruise,7552.713477422577,7559.848321142512,直连,,110.1146933004982,122.0
Q23-015,leg2-cruise,7555.819836931238,7562.379182906704,直连,,116.17158298853158,122.0
Q23-008,leg2-cruise,7557.0327391573155,7563.765356879365,直连,,102.2457296028409,122.0
Q23-007,leg2-cruise,7559.848321142512,7566.983164862447,直连,,109.8204027077577,122.0
Q23-015,leg2-cruise,7562.379182906704,7568.938528882171,直连,,105.73963656128481,122.0
Q23-008,leg2-cruise,7563.765356879365,7570.497974601414,直连,,101.55125179680677,122.0
Q23-007,leg2-cruise,7566.983164862447,7574.118008582382,直连,,109.51598657798405,122.0
Q23-015,leg2-cruise,7568.938528882171,7575.497874857639,直连,,105.28522114547187,122.0
Q23-008,leg2-cruise,7570.497974601414,7577.230592323464,直连,,100.7994481717523,122.0
Q23-007,leg2-cruise,7574.118008582382,7581.2528523023175,直连,,109.20073891907111,122.0
Q23-015,leg2-cruise,7575.497874857639,7582.057220833106,直连,,104.805887783478,122.0
Q23-008,leg2-cruise,7577.230592323464,7583.963210045515,直连,,99.98072447960875,122.0
Q23-007,leg2-cruise,7581.2528523023175,7588.387696022252,直连,,108.87387920520642,122.0
Q23-015,leg2-cruise,7582.057220833106,7588.616566808573,直连,,104.2987674275549,122.0
Q23-008,leg2-cruise,7583.963210045515,7590.695827767564,直连,,99.08316247266363,122.0
Q23-007,leg2-cruise,7588.387696022252,7595.522539742187,直连,,108.53454185667468,122.0
Q23-015,leg2-cruise,7588.616566808573,7595.17591278404,直连,,103.76046999542419,122.0
Q23-008,leg2-cruise,7590.695827767564,7597.428445489613,直连,,98.09191314696109,122.0
Q23-015,leg2-cruise,7595.17591278404,7601.735258759507,直连,,103.18695154295682,122.0
Q23-007,leg2-cruise,7595.522539742187,7602.657383462122,直连,,108.18176388100504,122.0
Q23-008,leg2-cruise,7597.428445489613,7604.1610632116635,直连,,96.98861344810712,122.0
Q23-015,leg2-cruise,7601.735258759507,7608.294604734974,直连,,102.57333684663018,122.0
Q23-007,leg2-cruise,7602.657383462122,7609.792227182057,直连,,107.81447030270064,122.0
Q23-008,leg2-cruise,7604.1610632116635,7610.893680933714,直连,,95.75130956839263,122.0
Q23-015,leg2-cruise,7608.294604734974,7614.8539507104415,直连,,101.91367848465983,122.0
Q23-007,leg2-cruise,7609.792227182057,7616.927070901993,直连,,107.43145692814873,122.0
Q23-008,leg2-cruise,7610.893680933714,7617.626298655763,直连,,94.35654246352148,122.0
Q23-015,leg2-cruise,7614.8539507104415,7621.413296685909,直连,,101.20062368683139,122.0
Q23-007,leg2-cruise,7616.927070901993,7624.061914621928,直连,,107.03136989698008,122.0
Q23-008,leg2-cruise,7617.626298655763,7624.358916377812,直连,,92.78900956054154,122.0
Q23-015,leg2-cruise,7621.413296685909,7627.972642661376,直连,,100.42494434485496,122.0
Q23-007,leg2-cruise,7624.061914621928,7631.196758341863,直连,,106.61268136146565,122.0
Q23-008,leg2-cruise,7624.358916377812,7631.091534099863,直连,,91.07557189301143,122.0
Q23-015,leg2-cruise,7627.972642661376,7634.531988636843,直连,,99.57485936187227,122.0
Q23-008,leg2-cruise,7631.091534099863,7637.824151821913,直连,,89.38491238118485,122.0
Q23-007,leg2-cruise,7631.196758341863,7638.331602061798,直连,,106.17366051682781,122.0
Q23-015,leg2-cruise,7634.531988636843,7641.091334612311,直连,,98.63503451196311,122.0
Q23-008,leg2-cruise,7637.824151821913,7644.556769543962,直连,,88.20465959910533,122.0
Q23-007,leg2-cruise,7638.331602061798,7645.466445781733,直连,,105.71233909187285,122.0
Q23-015,leg2-cruise,7641.091334612311,7647.650680587778,直连,,97.58507068412773,122.0
Q23-008,leg2-descent,7644.556769543962,7671.610686169939,直连,,86.77227563314877,122.0
Q23-007,leg2-cruise,7645.466445781733,7652.601289501667,直连,,105.2264703349853,122.0
Q23-015,leg2-cruise,7647.650680587778,7654.210026563245,直连,,96.39716926711833,122.0
Q23-007,leg2-cruise,7652.601289501667,7659.736133221602,直连,,104.71348056825687,122.0
Q23-015,leg2-cruise,7654.210026563245,7660.769372538713,直连,,95.03248879133322,122.0
Q23-007,leg2-cruise,7659.736133221602,7666.870976941538,直连,,104.17041268591439,122.0
Q23-015,leg2-cruise,7660.769372538713,7667.328718514179,直连,,93.43561958528477,122.0
Q23-007,leg2-cruise,7666.870976941538,7674.005820661473,直连,,103.59386185812552,122.0
Q23-015,leg2-cruise,7667.328718514179,7673.888064489646,直连,,91.52772088969357,122.0
Q23-008,leg2-descent,7671.610686169939,7698.664602795916,直连,,83.52301912066874,122.0
Q23-015,leg2-cruise,7673.888064489646,7680.4474104651135,直连,,89.2087153459305,122.0
Q23-007,leg2-cruise,7674.005820661473,7681.140664381408,直连,,102.97990581976309,122.0
Q23-015,leg2-cruise,7680.4474104651135,7687.006756440581,直连,,86.4476883215271,122.0
Q23-007,leg2-cruise,7681.140664381408,7688.275508101343,直连,,102.3240368228887,122.0
Q23-015,leg2-cruise,7687.006756440581,7693.566102416048,直连,,83.89672134938343,122.0
Q23-007,leg2-cruise,7688.275508101343,7695.410351821278,直连,,101.62111242469061,122.0
Q23-015,leg2-descent,7693.566102416048,7715.921003132194,直连,,81.61742328683074,122.0
Q23-007,leg2-cruise,7695.410351821278,7702.545195541214,直连,,100.86536370109904,122.0
Q23-008,leg2-descent,7698.664602795916,7725.718519421892,直连,,78.27227986437379,122.0
Q23-007,leg2-cruise,7702.545195541214,7716.814882981083,直连,,100.05054483447292,122.0
Q23-015,leg2-descent,7715.921003132194,7738.27590384834,直连,,76.15484115612566,122.0
Q23-007,leg2-cruise,7716.814882981083,7731.084570420953,直连,,98.21985935705915,122.0
Q23-008,leg2-descent,7725.718519421892,7752.772436047869,直连,,62.86274878634516,122.0
Q23-007,leg2-cruise,7731.084570420953,7745.354257860823,直连,,96.1122471601137,122.0
Q23-015,leg2-descent,7738.27590384834,7760.6308045644855,直连,,58.05460049190438,122.0
Q23-007,leg2-cruise,7745.354257860823,7766.758789020629,直连,,93.91173842270396,122.0
Q23-007,leg2-descent,7766.758789020629,7983.810858112425,直连,,91.80782980608222,122.0
Q23-020,leg1-climb,8378.357,8468.850941243489,直连,,62.93650638879644,122.0
Q23-005,leg1-climb,8463.811,8487.978233886719,直连,,60.23392494929146,122.0
Q23-020,leg1-cruise,8468.850941243489,8491.024901406154,直连,,88.197372464161,122.0
Q23-024,leg1-climb,8484.552,8512.140152058919,直连,,66.65528399300581,122.0
Q23-005,leg1-climb,8487.978233886719,8512.145467773436,直连,,77.03365564741469,122.0
Q23-020,leg1-cruise,8491.024901406154,8513.198861568817,直连,,92.08521556649187,122.0
Q23-024,leg1-climb,8512.140152058919,8539.728304117838,直连,,80.40713379023367,122.0
Q23-005,leg1-climb,8512.145467773436,8536.312701660156,直连,,82.40264797547309,122.0
Q23-020,leg1-cruise,8513.198861568817,8527.98150167726,直连,,96.02742131899097,122.0
Q23-009,leg1-climb,8527.54,8554.593916625978,直连,,62.86274878634535,122.0
Q23-020,leg1-cruise,8527.98150167726,8542.764141785705,直连,,98.05925951523446,122.0
Q23-005,leg1-cruise,8536.312701660156,8543.47259949263,直连,,84.66120911426273,122.0
Q23-024,leg1-cruise,8539.728304117838,8546.793324104267,直连,,83.85389779663666,122.0
Q23-020,leg1-cruise,8542.764141785705,8550.155461839926,直连,,99.74213744461191,122.0
Q23-005,leg1-cruise,8543.47259949263,8550.632497325105,直连,,87.21067357977066,122.0
Q23-024,leg1-cruise,8546.793324104267,8553.858344090693,直连,,86.72402245382403,122.0
Q23-020,leg1-cruise,8550.155461839926,8557.546781894147,直连,,100.48292494708814,122.0
Q23-005,leg1-cruise,8550.632497325105,8557.79239515758,直连,,89.97081573817371,122.0
Q23-024,leg1-cruise,8553.858344090693,8560.92336407712,直连,,89.66249736218873,122.0
Q23-009,leg1-climb,8554.593916625978,8581.647833251955,直连,,78.27227986437413,122.0
Q23-020,leg1-cruise,8557.546781894147,8564.938101948368,直连,,101.16876748450291,122.0
Q23-005,leg1-cruise,8557.79239515758,8564.952292990054,直连,,92.28940895020732,122.0
Q23-024,leg1-cruise,8560.92336407712,8567.988384063548,直连,,92.06172525254495,122.0
Q23-020,leg1-cruise,8564.938101948368,8572.32942200259,直连,,101.80681257277924,122.0
Q23-005,leg1-cruise,8564.952292990054,8572.112190822529,直连,,94.19709972496159,122.0
Q23-024,leg1-cruise,8567.988384063548,8575.053404049977,直连,,94.0094839905314,122.0
Q23-005,leg1-cruise,8572.112190822529,8579.272088655001,直连,,95.79385280598369,122.0
Q23-020,leg1-cruise,8572.32942200259,8579.720742056812,直连,,102.40298679255477,122.0
Q23-024,leg1-cruise,8575.053404049977,8582.118424036404,直连,,95.62842641473505,122.0
Q23-005,leg1-cruise,8579.272088655001,8586.431986487476,直连,,97.15846268302515,122.0
Q23-020,leg1-cruise,8579.720742056812,8587.112062111033,直连,,102.96223518750172,122.0
Q23-009,leg1-climb,8581.647833251955,8608.70174987793,直连,,83.52301912066895,122.0
Q23-024,leg1-cruise,8582.118424036404,8589.18344402283,直连,,97.00644541659594,122.0
Q23-005,leg1-cruise,8586.431986487476,8593.59188431995,直连,,98.3463182189183,122.0
Q23-020,leg1-cruise,8587.112062111033,8594.503382165254,直连,,103.4887127186347,122.0
Q23-024,leg1-cruise,8589.18344402283,8596.248464009259,直连,,98.20297025768498,122.0
Q23-005,leg1-cruise,8593.59188431995,8600.751782152425,直连,,99.39625061695511,122.0
Q23-020,leg1-cruise,8594.503382165254,8601.894702219477,直连,,103.98593551294466,122.0
Q23-024,leg1-cruise,8596.248464009259,8603.313483995687,直连,,99.25881081611101,122.0
Q23-005,leg1-cruise,8600.751782152425,8607.9116799849,直连,,100.3360530063354,122.0
Q23-020,leg1-cruise,8601.894702219477,8609.286022273698,直连,,104.45690001578632,122.0
Q23-024,leg1-cruise,8603.313483995687,8610.378503982114,直连,,100.2028118137864,122.0
Q23-005,leg1-cruise,8607.9116799849,8615.071577817374,直连,,101.1861213728429,122.0
Q23-009,leg1-climb,8608.70174987793,8635.755666503906,直连,,86.77227563314877,122.0
Q23-020,leg1-cruise,8609.286022273698,8616.67734232792,直连,,104.9041770488444,122.0
Q23-024,leg1-cruise,8610.378503982114,8617.44352396854,直连,,101.05596682070735,122.0
Q23-005,leg1-cruise,8615.071577817374,8622.231475649849,直连,,101.96178806165528,122.0
Q23-020,leg1-cruise,8616.67734232792,8624.06866238214,直连,,105.32998639882038,122.0
Q23-024,leg1-cruise,8617.44352396854,8624.50854395497,直连,,101.8339669855941,122.0
Q23-005,leg1-cruise,8622.231475649849,8629.391373482324,直连,,102.67483298554588,122.0
Q23-020,leg1-cruise,8624.06866238214,8631.459982436361,直连,,105.73625631582618,122.0
Q23-024,leg1-cruise,8624.50854395497,8631.573563941398,直连,,102.54881774007039,122.0
Q23-005,leg1-cruise,8629.391373482324,8636.551271314798,直连,,103.33448347839128,122.0
Q23-020,leg1-cruise,8631.459982436361,8638.851302490582,直连,,106.12467128463382,122.0
Q23-024,leg1-cruise,8631.573563941398,8638.638583927825,直连,,103.20989372482849,122.0
Q23-009,leg1-cruise,8635.755666503906,8642.352056384128,直连,,88.19786335622882,122.0
Q23-005,leg1-cruise,8636.551271314798,8643.711169147271,直连,,103.9480917871973,122.0
Q23-024,leg1-cruise,8638.638583927825,8645.703603914251,直连,,103.8246466100977,122.0
Q23-020,leg1-cruise,8638.851302490582,8646.242622544803,直连,,106.49671064015288,122.0
Q23-009,leg1-cruise,8642.352056384128,8648.94844626435,直连,,89.33808654926501,122.0
Q23-005,leg1-cruise,8643.711169147271,8650.871066979746,直连,,104.52160497024411,122.0
Q23-024,leg1-cruise,8645.703603914251,8652.76862390068,直连,,104.39909247651637,122.0
Q23-020,leg1-cruise,8646.242622544803,8653.633942599025,直连,,106.85367999356076,122.0
Q23-009,leg1-cruise,8648.94844626435,8655.544836144572,直连,,90.98701999106663,122.0
Q23-005,leg1-cruise,8650.871066979746,8658.03096481222,直连,,105.05989799228443,122.0
Q23-024,leg1-cruise,8652.76862390068,8659.833643887108,直连,,104.93815539326535,122.0
Q23-020,leg1-cruise,8653.633942599025,8661.025262653246,直连,,107.19673697765396,122.0
Q23-009,leg1-cruise,8655.544836144572,8662.141226024794,直连,,92.67164277526032,122.0
Q23-005,leg1-cruise,8658.03096481222,8665.190862644695,直连,,105.56701460924374,122.0
Q23-024,leg1-cruise,8659.833643887108,8666.898663873537,直连,,105.44591480771672,122.0
Q23-020,leg1-cruise,8661.025262653246,8668.416582707468,直连,,107.5269124743348,122.0
Q23-009,leg1-cruise,8662.141226024794,8668.737615905016,直连,,94.2210285869044,122.0
Q23-005,leg1-cruise,8665.190862644695,8672.35076047717,直连,,106.04634476395523,122.0
Q23-024,leg1-cruise,8666.898663873537,8673.963683859965,直连,,115.92578710081655,122.0
Q23-020,leg1-cruise,8668.416582707468,8675.80790276169,直连,,107.84512822540101,122.0
Q23-009,leg1-cruise,8668.737615905016,8675.334005785238,直连,,95.60428848768699,122.0
Q23-005,leg1-cruise,8672.35076047717,8679.510658309644,直连,,106.50075739905574,122.0
Q23-024,leg1-cruise,8673.963683859965,8681.028703846392,直连,,116.38066113148263,122.0
Q23-009,leg1-cruise,8675.334005785238,8681.93039566546,直连,,96.83404324104326,122.0
Q23-020,leg1-cruise,8675.80790276169,8683.19922281591,直连,,118.1522115294809,122.0
Q23-005,leg1-cruise,8679.510658309644,8686.670556142119,直连,,106.93270139177272,122.0
Q23-024,leg1-cruise,8681.028703846392,8688.093723832819,直连,,116.81300100791715,122.0
Q23-009,leg1-cruise,8681.93039566546,8688.526785545682,直连,,97.93219755715928,122.0
Q23-020,leg1-cruise,8683.19922281591,8690.590542870134,直连,,118.44890757648355,122.0
Q23-005,leg1-cruise,8686.670556142119,8693.830453974591,直连,,107.34428331371693,122.0
Q23-024,leg1-cruise,8688.093723832819,8695.158743819247,直连,,117.22492510857428,122.0
Q23-009,leg1-cruise,8688.526785545682,8695.123175425904,直连,,98.91981281131268,122.0
Q23-020,leg1-cruise,8690.590542870134,8697.981862924355,直连,,118.73588985507065,122.0
Q23-005,leg1-cruise,8693.830453974591,8700.990351807066,直连,,117.73732808499174,122.0
Q23-009,leg1-cruise,8695.123175425904,8701.719565306126,直连,,99.81472644802231,122.0
Q23-024,leg1-cruise,8695.158743819247,8702.223763805676,直连,,117.61826761897296,122.0
Q23-020,leg1-cruise,8697.981862924355,8705.373182978576,直连,,119.0137689790617,122.0
Q23-005,leg1-cruise,8700.990351807066,8708.15024963954,直连,,118.11342682536738,122.0
Q23-009,leg1-cruise,8701.719565306126,8708.315955186348,直连,,100.6314670665202,122.0
Q23-024,leg1-cruise,8702.223763805676,8709.288783792103,直连,,117.99462701135674,122.0
Q23-020,leg1-cruise,8705.373182978576,8712.764503032797,直连,,119.28310020929564,122.0
Q23-005,leg1-cruise,8708.15024963954,8715.310147472015,直连,,118.47397499957951,122.0
Q23-009,leg1-cruise,8708.315955186348,8714.91234506657,直连,,101.38175065674673,122.0
Q23-024,leg1-cruise,8709.288783792103,8716.35380377853,直连,,118.35540464457816,122.0
Q23-020,leg1-cruise,8712.764503032797,8720.155823087018,直连,,119.54438989339738,122.0
Q23-009,leg1-cruise,8714.91234506657,8721.508734946792,直连,,102.07503955295407,122.0
Q23-005,leg1-cruise,8715.310147472015,8722.47004530449,直连,,118.82020311754465,122.0
Q23-024,leg1-cruise,8716.35380377853,8723.418823764958,直连,,118.70183579779425,122.0
Q23-020,leg1-cruise,8720.155823087018,8727.54714314124,直连,,119.79810100327597,122.0
Q23-009,leg1-cruise,8721.508734946792,8728.105124827014,直连,,102.7190246851577,122.0
Q23-005,leg1-cruise,8722.47004530449,8729.629943136964,直连,,119.1532016612721,122.0
Q23-024,leg1-cruise,8723.418823764958,8730.483843751386,直连,,119.03501484525998,122.0
Q23-020,leg1-cruise,8727.54714314124,8734.938463195462,直连,,120.04465791657873,122.0
Q23-009,leg1-cruise,8728.105124827014,8734.701514707236,直连,,103.32000928246313,122.0
Q23-005,leg1-cruise,8729.629943136964,8736.789840969439,直连,,119.47394148969799,122.0
Q23-024,leg1-cruise,8730.483843751386,8737.548863737813,直连,,119.35591584762399,122.0
Q23-009,leg1-cruise,8734.701514707236,8741.297904587458,直连,,103.8832054380059,122.0
Q23-020,leg1-cruise,8734.938463195462,8742.329783249683,直连,,120.28445056174971,122.0
Q23-005,leg1-cruise,8736.789840969439,8743.949738801914,直连,,119.78329066836218,122.0
Q23-024,leg1-cruise,8737.548863737813,8744.61388372424,直连,,119.66540952346367,122.0
Q23-009,leg1-cruise,8741.297904587458,8747.89429446768,直连,,104.41296135639716,122.0
Q23-020,leg1-cruise,8742.329783249683,8749.721103303906,直连,,120.51783802492072,122.0
Q23-005,leg1-cruise,8743.949738801914,8751.109636634388,直连,,120.08202844804092,122.0
Q23-024,leg1-cruise,8744.61388372424,8751.678903710668,直连,,119.96427733689643,122.0
Q23-009,leg1-cruise,8747.89429446768,8754.490684347902,直连,,104.91293559055526,122.0
Q23-020,leg1-cruise,8749.721103303906,8757.112423358127,直连,,120.74515169975092,122.0
Q23-005,leg1-cruise,8751.109636634388,8758.269534466861,直连,,120.37085695135563,122.0
Q23-024,leg1-cruise,8751.678903710668,8758.743923697097,直连,,120.25322326877694,122.0
Q23-009,leg1-cruise,8754.490684347902,8761.087074228124,直连,,105.38623130943935,122.0
Q23-020,leg1-cruise,8757.112423358127,8764.503743412348,直连,,120.96669804759797,122.0
Q23-005,leg1-cruise,8758.269534466861,8765.429432299336,直连,,120.65041100294316,122.0
Q23-024,leg1-cruise,8758.743923697097,8765.808943683523,直连,,120.53288371304927,122.0
Q23-009,leg1-cruise,8761.087074228124,8767.683464108346,直连,,105.83550051154003,122.0
Q23-020,leg1-cruise,8764.503743412348,8771.895063466569,直连,,121.1827610240959,122.0
Q23-005,leg1-cruise,8765.429432299336,8772.58933013181,直连,,120.92126644533064,122.0
Q23-024,leg1-cruise,8765.808943683523,8772.87396366995,直连,,120.80383584486968,122.0
Q23-009,leg1-cruise,8767.683464108346,8774.279853988568,直连,,106.26302557286053,122.0
Q23-020,leg1-cruise,8771.895063466569,8779.28638352079,直连,,121.39360421907858,122.0
Q23-005,leg1-cruise,8772.58933013181,8779.749227964285,直连,,121.18394721149924,122.0
Q23-024,leg1-cruise,8772.87396366995,8779.938983656379,直连,,121.06660473472306,122.0
Q23-009,leg1-cruise,8774.279853988568,8780.87624386879,直连,,106.67078360151784,122.0
Q23-020,leg1-cruise,8779.28638352079,8786.677703575013,直连,,121.59947274937058,122.0
Q23-005,leg1-cruise,8779.749227964285,8786.90912579676,直连,,121.43893137025623,122.0
Q23-024,leg1-cruise,8779.938983656379,8787.004003642807,直连,,121.32166942708668,122.0
Q23-009,leg1-cruise,8780.87624386879,8787.472633749012,直连,,107.06049765439498,122.0
Q23-020,leg1-cruise,8786.677703575013,8794.069023629234,直连,,121.800594937729,122.0
Q23-005,leg1-cruise,8786.90912579676,8794.069023629234,直连,,121.68665631806891,122.0
Q23-024,leg1-cruise,8787.004003642807,8794.069023629234,直连,,121.56946815910482,122.0
Q23-009,leg1-cruise,8787.472633749012,8794.069023629234,直连,,107.43367783459568,122.0
Q23-005,leg1-cruise,8794.069023629234,8801.537205487191,中继,R3-006,121.93263614412933,122.0
Q23-009,leg1-cruise,8794.069023629234,8801.537205487191,直连,,107.81480381412136,122.0
Q23-020,leg1-cruise,8794.069023629234,8800.639093152018,中继,R3-006,121.98637778341147,122.0
Q23-024,leg1-cruise,8794.069023629234,8800.42758896438,直连,,121.79851411668203,122.0
Q23-024,leg1-cruise,8800.42758896438,8806.786154299525,中继,R3-006,122.0100796904933,122.0
Q23-020,leg1-cruise,8800.639093152018,8807.2091626748,中继,R3-006,122.15768918995579,122.0
Q23-005,leg1-cruise,8801.537205487191,8809.00538734515,中继,R3-006,122.1768236085992,122.0
Q23-009,leg1-cruise,8801.537205487191,8809.00538734515,直连,,108.20221872208887,122.0
Q23-024,leg1-cruise,8806.786154299525,8813.14471963467,中继,R3-006,122.21662081419277,122.0
Q23-020,leg1-cruise,8807.2091626748,8813.779232197585,中继,R3-006,122.32569946126021,122.0
Q23-005,leg1-cruise,8809.00538734515,8816.473569203108,中继,R3-006,122.41434365002954,122.0
Q23-009,leg1-cruise,8809.00538734515,8816.473569203108,直连,,108.57324324337823,122.0
Q23-024,leg1-cruise,8813.14471963467,8819.503284969816,中继,R3-006,122.41837031276867,122.0
Q23-020,leg1-cruise,8813.779232197585,8820.34930172037,中继,R3-006,122.49053294755677,122.0
Q23-005,leg1-cruise,8816.473569203108,8823.941751061066,中继,R3-006,122.64555018253881,122.0
Q23-009,leg1-cruise,8816.473569203108,8823.941751061066,直连,,108.9291963845963,122.0
Q23-024,leg1-cruise,8819.503284969816,8825.861850304962,中继,R3-006,122.6155452131261,122.0
Q23-020,leg1-cruise,8820.34930172037,8826.919371243153,中继,R3-006,122.65230712786612,122.0
Q23-005,leg1-cruise,8823.941751061066,8831.409932919025,中继,R3-006,122.87076970692394,122.0
Q23-009,leg1-cruise,8823.941751061066,8831.409932919025,直连,,109.27124537787064,122.0
Q23-024,leg1-cruise,8825.861850304962,8832.220415640108,中继,R3-006,122.80834814016856,122.0
Q23-020,leg1-cruise,8826.919371243153,8833.489440765938,中继,R3-006,122.81113310528794,122.0
Q23-005,leg1-cruise,8831.409932919025,8838.878114776982,中继,R3-006,123.09030406694728,122.0
Q23-009,leg1-cruise,8831.409932919025,8838.878114776982,直连,,109.60042792062697,122.0
Q23-024,leg1-cruise,8832.220415640108,8838.578980975253,中继,R3-006,122.99696856217352,122.0
Q23-020,leg1-cruise,8833.489440765938,8840.059510288722,中继,R3-006,122.96711605860801,122.0
Q23-024,leg1-cruise,8838.578980975253,8844.937546310399,中继,R3-006,123.18158390453381,122.0
Q23-005,leg1-cruise,8838.878114776982,8846.34629663494,中继,R3-006,123.30443286814248,122.0
Q23-009,leg1-cruise,8838.878114776982,8846.34629663494,直连,,109.91767051846335,122.0
Q23-020,leg1-cruise,8840.059510288722,8846.629579811506,中继,R3-006,123.12035565477677,122.0
Q23-024,leg1-cruise,8844.937546310399,8851.296111645544,中继,R3-006,123.36236054820606,122.0
Q23-005,leg1-cruise,8846.34629663494,8853.814478492899,中继,R3-006,123.51341560744801,122.0
Q23-009,leg1-cruise,8846.34629663494,8853.814478492899,直连,,110.22380371600588,122.0
Q23-020,leg1-cruise,8846.629579811506,8853.19964933429,中继,R3-006,123.27094642620062,122.0
Q23-024,leg1-cruise,8851.296111645544,8857.654676980692,中继,R3-006,123.53945472689125,122.0
Q23-020,leg1-cruise,8853.19964933429,8859.769718857075,中继,R3-006,123.41897811639171,122.0
Q23-005,leg1-cruise,8853.814478492899,8861.282660350857,中继,R3-006,123.71749355417941,122.0
Q23-009,leg1-cruise,8853.814478492899,8861.282660350857,直连,,110.51957482384033,122.0
Q23-024,leg1-cruise,8857.654676980692,8864.013242315837,中继,R3-006,123.71301333499903,122.0
Q23-020,leg1-cruise,8859.769718857075,8866.339788379857,中继,R3-006,123.5645359971265,122.0
Q23-005,leg1-cruise,8861.282660350857,8868.750842208814,中继,R3-006,123.91689141630337,122.0
Q23-009,leg1-cruise,8861.282660350857,8868.750842208814,直连,,110.80565861636153,122.0
Q23-024,leg1-cruise,8864.013242315837,8870.371807650983,中继,R3-006,123.88317465684312,122.0
Q23-020,leg1-cruise,8866.339788379857,8872.909857902641,中继,R3-006,123.7077011598289,122.0
Q23-005,leg1-cruise,8868.750842208814,8876.219024066773,中继,R3-006,124.1118188207688,122.0
Q23-009,leg1-cruise,8868.750842208814,8876.219024066773,直连,,111.08266637433026,122.0
Q23-024,leg1-cruise,8870.371807650983,8876.730372986129,中继,R3-006,124.05006902608518,122.0
Q23-020,leg1-descent,8872.909857902641,8891.902587394829,中继,R3-006,123.77631418571382,122.0
Q23-005,leg1-cruise,8876.219024066773,8883.68720592473,中继,R3-006,124.30247163221874,122.0
Q23-009,leg1-cruise,8876.219024066773,8883.68720592473,直连,,111.35115356846907,122.0
Q23-024,leg1-cruise,8876.730372986129,8889.44750365642,中继,R3-006,124.21381942328722,122.0
Q23-005,leg1-cruise,8883.68720592473,8891.155387782688,中继,R3-006,124.489033130763,122.0
Q23-009,leg1-cruise,8883.68720592473,8891.155387782688,直连,,111.61162642071625,122.0
Q23-024,leg1-cruise,8889.44750365642,8895.806068991566,中继,R3-006,124.53234666417802,122.0
Q23-005,leg1-cruise,8891.155387782688,8898.623569640647,中继,R3-006,124.67167506653342,122.0
Q23-009,leg1-cruise,8891.155387782688,8898.623569640647,直连,,111.8645475332877,122.0
Q23-020,S013-handoff,8891.902587394829,8919.721469459137,中继,R3-006,123.77442449618124,122.0
Q23-024,leg1-cruise,8895.806068991566,8902.164634326711,中继,R3-006,124.68733734570478,122.0
Q23-005,leg1-cruise,8898.623569640647,8906.091751498605,中继,R3-006,124.85055860611708,122.0
Q23-009,leg1-cruise,8898.623569640647,8906.091751498605,直连,,112.1103407393631,122.0
Q23-024,leg1-cruise,8902.164634326711,8908.523199661857,中继,R3-006,124.8396125907087,122.0
Q23-005,leg1-cruise,8906.091751498605,8913.559933356562,中继,R3-006,125.02583518392774,122.0
Q23-009,leg1-cruise,8906.091751498605,8913.559933356562,直连,,112.34939530050084,122.0
Q23-024,leg1-cruise,8908.523199661857,8914.881764997002,中继,R3-006,124.9892658446107,122.0
Q23-005,leg1-cruise,8913.559933356562,8921.02811521452,中继,R3-006,125.19764726971214,122.0
Q23-009,leg1-cruise,8913.559933356562,8921.02811521452,直连,,112.58206955316133,122.0
Q23-024,leg1-cruise,8914.881764997002,8921.240330332148,中继,R3-006,125.13638581394738,122.0
Q23-020,S013-handoff,8919.721469459137,8947.540351523443,中继,R3-006,123.77442449618124,122.0
Q23-005,leg1-cruise,8921.02811521452,8928.496297072477,中继,R3-006,125.36612906192384,122.0
Q23-009,leg1-cruise,8921.02811521452,8928.496297072477,直连,,112.80869408856202,122.0
Q23-024,leg1-descent,8921.240330332148,8946.531895273554,中继,R3-006,125.20793517560105,122.0
Q23-005,leg1-cruise,8928.496297072477,8935.964478930437,中继,R3-006,125.5314071153767,122.0
Q23-009,leg1-cruise,8928.496297072477,8935.964478930437,直连,,113.02957453545949,122.0
Q23-005,leg1-cruise,8935.964478930437,8943.432660788394,中继,R3-006,125.69360091051462,122.0
Q23-009,leg1-cruise,8935.964478930437,8943.432660788394,直连,,113.24499400373068,122.0
Q23-005,leg1-cruise,8943.432660788394,8950.900842646352,中继,R3-006,125.85282337068963,122.0
Q23-009,leg1-cruise,8943.432660788394,8950.900842646352,直连,,113.45521523700594,122.0
Q23-024,S009-handoff,8946.531895273554,8974.855005462807,中继,R3-006,125.20711279830486,122.0
Q23-020,S013-handoff,8947.540351523443,8975.359233587751,中继,R3-006,123.77442449618124,122.0
Q23-005,leg1-cruise,8950.900842646352,8958.36902450431,中继,R3-006,126.00918133303725,122.0
Q23-009,leg1-cruise,8950.900842646352,8958.36902450431,直连,,113.66048251485078,122.0
Q23-005,leg1-cruise,8958.36902450431,8965.83720636227,中继,R3-006,126.16277597785742,122.0
Q23-009,leg1-cruise,8958.36902450431,8965.83720636227,直连,,113.8610233385443,122.0
Q23-005,leg1-cruise,8965.83720636227,8973.305388220228,中继,R3-006,126.31370322081222,122.0
Q23-009,leg1-cruise,8965.83720636227,8973.305388220228,直连,,114.05704992928615,122.0
Q23-005,leg1-cruise,8973.305388220228,8980.773570078185,中继,R3-006,126.46205407172447,122.0
Q23-009,leg1-cruise,8973.305388220228,8980.773570078185,直连,,114.24876056323632,122.0
Q23-024,S009-handoff,8974.855005462807,9003.17811565206,中继,R3-006,125.20711279830486,122.0
Q23-020,S013-handoff,8975.359233587751,9003.17811565206,中继,R3-006,123.77442449618124,122.0
Q23-005,leg1-cruise,8980.773570078185,8988.241751936144,中继,R3-006,126.60791496334772,122.0
Q23-009,leg1-cruise,8980.773570078185,8988.241751936144,直连,,114.43634076423024,122.0
Q23-005,leg1-cruise,8988.241751936144,8995.709933794102,中继,R3-006,126.7513680530589,122.0
Q23-009,leg1-cruise,8988.241751936144,8995.709933794102,直连,,114.6199643719331,122.0
Q23-005,leg1-cruise,8995.709933794102,9003.17811565206,中继,R3-006,126.89249150011233,122.0
Q23-009,leg1-cruise,8995.709933794102,9003.17811565206,直连,,114.79979450070238,122.0
Q23-005,leg1-cruise,9003.17811565206,9010.383070793063,中继,R3-006,127.02893152802162,122.0
Q23-009,leg1-cruise,9003.17811565206,9010.625867999657,中继,R3-007,114.97574583452288,122.0
Q23-020,S013-handoff,9003.17811565206,9026.086272899649,中继,R3-006,123.77442449618124,122.0
Q23-024,S009-handoff,9003.17811565206,9028.737078922308,中继,R3-006,125.20711279830486,122.0
Q23-005,leg1-cruise,9010.383070793063,9017.588025934067,中继,R3-006,127.16087077186765,122.0
Q23-009,leg1-cruise,9010.625867999657,9018.073620347255,中继,R3-007,125.14797658319256,122.0
Q23-005,leg1-cruise,9017.588025934067,9024.79298107507,中继,R3-006,127.29083666083679,122.0
Q23-009,leg1-cruise,9018.073620347255,9025.521372694853,中继,R3-007,125.3168648812725,122.0
Q23-005,leg1-cruise,9024.79298107507,9031.997936216074,中继,R3-006,127.41888732519982,122.0
Q23-009,leg1-cruise,9025.521372694853,9032.96912504245,中继,R3-007,125.48253776007371,122.0
Q23-020,S013-handoff,9026.086272899649,9048.994430147239,中继,R3-006,123.77442449618124,122.0
Q23-024,S009-handoff,9028.737078922308,9054.296042192558,中继,R3-006,125.20711279830486,122.0
Q23-005,leg1-descent,9031.997936216074,9054.361499753672,中继,R3-006,127.48168482894788,122.0
Q23-009,leg1-cruise,9032.96912504245,9055.312382085242,中继,R3-007,125.64511515669415,122.0
Q23-020,S013-handoff,9048.994430147239,9071.902587394829,中继,R3-006,123.77442449618124,122.0
Q23-024,S009-handoff,9054.296042192558,9079.855005462807,中继,R3-006,125.20711279830486,122.0
Q23-005,leg1-descent,9054.361499753672,9076.72506329127,中继,R3-006,127.48086616195124,122.0
Q23-009,leg1-cruise,9055.312382085242,9077.655639128036,中继,R3-007,126.1153779637272,122.0
Q23-020,leg2-climb,9071.902587394829,9097.297649650689,中继,R3-006,123.77755686772966,122.0
Q23-005,S002-handoff,9076.72506329127,9105.010777576983,中继,R3-006,127.4805746284193,122.0
Q23-009,leg1-cruise,9077.655639128036,9085.103391475634,中继,R3-007,126.5615183136792,122.0
Q23-024,S009-handoff,9079.855005462807,9105.413968733055,中继,R3-006,125.20711279830486,122.0
Q23-009,leg1-cruise,9085.103391475634,9099.99889617083,中继,R3-007,126.70528766555925,122.0
Q23-020,leg2-climb,9097.297649650689,9122.692711906548,中继,R3-006,123.78541652789599,122.0
Q23-009,leg1-cruise,9099.99889617083,9107.446648518428,中继,R3-007,126.98588750282931,122.0
Q23-005,S002-handoff,9105.010777576983,9133.296491862699,中继,R3-006,127.4805746284193,122.0
Q23-024,S009-handoff,9105.413968733055,9130.972932003306,中继,R3-006,125.20711279830486,122.0
Q23-009,leg1-cruise,9107.446648518428,9129.789905561218,中继,R3-007,127.1228639076708,122.0
Q23-020,leg2-cruise,9122.692711906548,9129.897679160782,中继,R3-006,123.77558594800244,122.0
Q23-009,leg1-cruise,9129.789905561218,9137.237657908816,中继,R3-007,127.52130508810589,122.0
Q23-020,leg2-cruise,9129.897679160782,9137.102646415016,中继,R3-006,123.74840981235602,122.0
Q23-024,S009-handoff,9130.972932003306,9156.531895273554,中继,R3-006,125.20711279830486,122.0
Q23-005,S002-handoff,9133.296491862699,9161.582206148412,中继,R3-006,127.4805746284193,122.0
Q23-020,leg2-cruise,9137.102646415016,9144.30761366925,中继,R3-006,123.72385316638699,122.0
Q23-009,leg1-cruise,9137.237657908816,9144.685410256414,中继,R3-007,127.65016256086648,122.0
Q23-020,leg2-cruise,9144.30761366925,9151.512580923483,中继,R3-006,123.70196160677918,122.0
Q23-009,leg1-cruise,9144.685410256414,9152.133162604012,中继,R3-007,127.77713833096232,122.0
Q23-020,leg2-cruise,9151.512580923483,9158.717548177716,中继,R3-006,123.68277629447392,122.0
Q23-009,leg1-descent,9152.133162604012,9180.45635698064,中继,R3-007,127.8389692112617,122.0
Q23-024,leg2-climb,9156.531895273554,9178.35183139009,中继,R3-006,125.2079690281101,122.0
Q23-020,leg2-cruise,9158.717548177716,9165.92251543195,中继,R3-006,123.66633370401783,122.0
Q23-005,S002-handoff,9161.582206148412,9189.867920434126,中继,R3-006,127.4805746284193,122.0
Q23-020,leg2-cruise,9165.92251543195,9180.332449940419,中继,R3-006,123.65266539749251,122.0
Q23-024,leg2-climb,9178.35183139009,9200.171767506627,中继,R3-006,125.21053258377479,122.0
Q23-020,leg2-cruise,9180.332449940419,9187.537417194653,中继,R3-006,123.6337521603221,122.0
Q23-009,leg1-descent,9180.45635698064,9208.779551357267,中继,R3-007,127.83738010410832,122.0
Q23-020,leg2-cruise,9187.537417194653,9194.742384448888,中继,R3-006,123.62854415595282,122.0
Q23-005,S002-handoff,9189.867920434126,9218.15363471984,中继,R3-006,127.4805746284193,122.0
Q23-020,leg2-cruise,9194.742384448888,9201.947351703122,中继,R3-006,123.62618404937398,122.0
Q23-024,leg2-cruise,9200.171767506627,9207.238127789726,中继,R3-006,125.24365758757958,122.0
Q23-020,leg2-cruise,9201.947351703122,9209.152318957355,中继,R3-006,123.6266764919113,122.0
Q23-024,leg2-cruise,9207.238127789726,9214.304488072825,中继,R3-006,125.30800460106755,122.0
Q23-009,leg1-descent,9208.779551357267,9237.102745733895,中继,R3-007,127.8362549080733,122.0
Q23-020,leg2-cruise,9209.152318957355,9216.357286211587,中继,R3-006,123.63002051912443,122.0
Q23-024,leg2-cruise,9214.304488072825,9221.370848355924,中继,R3-006,125.37428078250443,122.0
Q23-020,leg2-cruise,9216.357286211587,9223.562253465821,中继,R3-006,123.63620955712133,122.0
Q23-005,S002-handoff,9218.15363471984,9246.439349005555,中继,R3-006,127.4805746284193,122.0
Q23-024,leg2-cruise,9221.370848355924,9228.437208639023,中继,R3-006,125.44238474257186,122.0
Q23-020,leg2-cruise,9223.562253465821,9230.767220720056,中继,R3-006,123.64523146560366,122.0
Q23-024,leg2-cruise,9228.437208639023,9235.503568922122,中继,R3-006,125.51221615214091,122.0
Q23-020,leg2-cruise,9230.767220720056,9237.97218797429,中继,R3-006,123.65706861700514,122.0
Q23-024,leg2-cruise,9235.503568922122,9242.569929205221,中继,R3-006,125.58367605977176,122.0
Q23-009,S004-handoff,9237.102745733895,9266.557291188441,中继,R3-007,127.83586639527485,122.0
Q23-020,leg2-descent,9237.97218797429,9258.301571112312,中继,R3-006,123.66073095860136,122.0
Q23-024,leg2-cruise,9242.569929205221,9249.63628948832,中继,R3-006,125.65666717640772,122.0
Q23-005,S002-handoff,9246.439349005555,9274.72506329127,中继,R3-006,127.4805746284193,122.0
Q23-024,leg2-cruise,9249.63628948832,9263.769010054519,中继,R3-006,125.73109412766857,122.0
Q23-020,leg2-descent,9258.301571112312,9278.630954250331,中继,R3-006,123.65484794400734,122.0
Q23-024,leg2-cruise,9263.769010054519,9270.835370337618,中继,R3-006,125.88388490327667,122.0
Q23-009,S004-handoff,9266.557291188441,9296.011836642985,中继,R3-007,127.83586639527485,122.0
Q23-024,leg2-cruise,9270.835370337618,9277.901730620717,中继,R3-006,125.96206938655754,122.0
Q23-005,S002-handoff,9274.72506329127,9303.010777576983,中继,R3-006,127.4805746284193,122.0
Q23-024,leg2-cruise,9277.901730620717,9284.968090903816,中继,R3-006,126.04133131624246,122.0
Q23-020,leg2-descent,9278.630954250331,9298.960337388353,中继,R3-006,123.64993738819173,122.0
Q23-024,leg2-cruise,9284.968090903816,9299.100811470013,中继,R3-006,126.1215876105655,122.0
Q23-009,S004-handoff,9296.011836642985,9325.466382097531,中继,R3-007,127.83586639527485,122.0
Q23-020,S010-handoff,9298.960337388353,9328.960337388353,中继,R3-006,123.64784784212937,122.0
Q23-024,leg2-cruise,9299.100811470013,9306.167171753112,中继,R3-006,126.28476507188958,122.0
Q23-005,S002-handoff,9303.010777576983,9331.296491862699,中继,R3-006,127.4805746284193,122.0
Q23-024,leg2-cruise,9306.167171753112,9327.366252602409,中继,R3-006,126.36753434156702,122.0
Q23-009,S004-handoff,9325.466382097531,9354.920927552077,中继,R3-007,127.83586639527485,122.0
Q23-024,leg2-cruise,9327.366252602409,9334.432612885508,中继,R3-006,126.61971434137027,122.0
Q23-020,S010-handoff,9328.960337388353,9358.960337388353,中继,R3-006,123.64784784212937,122.0
Q23-005,S002-handoff,9331.296491862699,9359.582206148412,中继,R3-006,127.4805746284193,122.0
Q23-024,leg2-cruise,9334.432612885508,9355.631693734806,中继,R3-006,126.70484602783985,122.0
Q23-009,S004-handoff,9354.920927552077,9384.375473006623,中继,R3-007,127.83586639527485,122.0
Q23-024,leg2-cruise,9355.631693734806,9362.698054017905,中继,R3-006,126.96261662212315,122.0
Q23-020,S010-handoff,9358.960337388353,9388.960337388353,中继,R3-006,123.64784784212937,122.0
Q23-005,S002-handoff,9359.582206148412,9387.867920434126,中继,R3-006,127.4805746284193,122.0
Q23-024,leg2-cruise,9362.698054017905,9390.963495150301,中继,R3-006,127.04915072521538,122.0
Q23-009,S004-handoff,9384.375473006623,9413.830018461167,中继,R3-007,127.83586639527485,122.0
Q23-005,S002-handoff,9387.867920434126,9416.15363471984,中继,R3-006,127.4805746284193,122.0
Q23-020,S010-handoff,9388.960337388353,9418.960337388353,中继,R3-006,123.64784784212937,122.0
Q23-024,leg2-cruise,9390.963495150301,9398.0298554334,中继,R3-006,127.39704836460106,122.0
Q23-024,leg2-descent,9398.0298554334,9414.253778773244,中继,R3-006,127.4399917398687,122.0
Q23-009,S004-handoff,9413.830018461167,9443.284563915713,中继,R3-007,127.83586639527485,122.0
Q23-024,leg2-descent,9414.253778773244,9430.477702113089,中继,R3-006,127.43888108200244,122.0
Q23-005,S002-handoff,9416.15363471984,9444.439349005555,中继,R3-006,127.4805746284193,122.0
Q23-020,S010-handoff,9418.960337388353,9448.960337388353,中继,R3-006,123.64784784212937,122.0
Q23-024,S012-handoff,9430.477702113089,9460.477702113089,中继,R3-006,127.43842351040759,122.0
Q23-009,S004-handoff,9443.284563915713,9472.739109370259,中继,R3-007,127.83586639527485,122.0
Q23-005,S002-handoff,9444.439349005555,9472.72506329127,中继,R3-006,127.4805746284193,122.0
Q23-020,S010-handoff,9448.960337388353,9478.960337388353,中继,R3-006,123.64784784212937,122.0
Q23-024,S012-handoff,9460.477702113089,9490.477702113089,中继,R3-006,127.43842351040759,122.0
Q23-005,leg2-climb,9472.72506329127,9490.615914121347,中继,R3-006,127.48086616195124,122.0
Q23-009,S004-handoff,9472.739109370259,9502.193654824805,中继,R3-007,127.83586639527485,122.0
Q23-020,leg3-climb,9478.960337388353,9506.97251593653,中继,R3-006,123.65143473071883,122.0
Q23-024,S012-handoff,9490.477702113089,9520.477702113089,中继,R3-006,127.43842351040759,122.0
Q23-005,leg2-climb,9490.615914121347,9508.506764951426,中继,R3-006,127.48168482894788,122.0
Q23-009,S004-handoff,9502.193654824805,9531.64820027935,中继,R3-007,127.83586639527485,122.0
Q23-020,leg3-cruise,9506.97251593653,9513.749039517861,中继,R3-006,123.58173813583616,122.0
Q23-005,leg2-cruise,9508.506764951426,9515.993617569158,中继,R3-006,127.41640031314387,122.0
Q23-020,leg3-cruise,9513.749039517861,9520.52556309919,中继,R3-006,123.43192969043558,122.0
Q23-005,leg2-cruise,9515.993617569158,9523.480470186889,中继,R3-006,127.2832626467861,122.0
Q23-024,S012-handoff,9520.477702113089,9550.477702113089,中继,R3-006,127.43842351040759,122.0
Q23-020,leg3-cruise,9520.52556309919,9527.30208668052,中继,R3-006,123.27950206973044,122.0
Q23-005,leg2-cruise,9523.480470186889,9530.96732280462,中继,R3-006,127.14805333082406,122.0
Q23-020,leg3-cruise,9527.30208668052,9534.078610261851,中继,R3-006,123.12436244061506,122.0
Q23-005,leg2-cruise,9530.96732280462,9538.454175422352,中继,R3-006,127.01070691031762,122.0
Q23-009,S004-handoff,9531.64820027935,9561.102745733895,中继,R3-007,127.83586639527485,122.0
Q23-020,leg3-cruise,9534.078610261851,9540.855133843183,中继,R3-006,122.96641296697356,122.0
Q23-005,leg2-cruise,9538.454175422352,9545.941028040084,中继,R3-006,126.87115478002198,122.0
Q23-020,leg3-cruise,9540.855133843183,9547.631657424514,中继,R3-006,122.80555044527085,122.0
Q23-005,leg2-cruise,9545.941028040084,9553.427880657815,中继,R3-006,126.72932497903984,122.0
Q23-020,leg3-cruise,9547.631657424514,9554.408181005845,中继,R3-006,122.6416659065162,122.0
Q23-024,S012-handoff,9550.477702113089,9580.477702113089,中继,R3-006,127.43842351040759,122.0
Q23-005,leg2-cruise,9553.427880657815,9560.914733275546,中继,R3-006,126.58514196847385,122.0
Q23-020,leg3-cruise,9554.408181005845,9561.184704587175,中继,R3-006,122.4746441808576,122.0
Q23-005,leg2-cruise,9560.914733275546,9568.401585893276,中继,R3-006,126.43852639035617,122.0
Q23-009,leg2-climb,9561.102745733895,9583.761301235198,中继,R3-007,127.8362549080733,122.0
Q23-020,leg3-cruise,9561.184704587175,9574.737751749835,中继,R3-006,122.3043634204723,122.0
Q23-005,leg2-cruise,9568.401585893276,9575.888438511007,中继,R3-006,126.28939480595166,122.0
Q23-020,leg3-cruise,9574.737751749835,9581.514275331167,中继,R3-006,121.95350082065377,122.0
Q23-005,leg2-cruise,9575.888438511007,9583.37529112874,中继,R3-006,126.13765941125834,122.0
Q23-024,S012-handoff,9580.477702113089,9610.477702113089,中继,R3-006,127.43842351040759,122.0
Q23-020,leg3-cruise,9581.514275331167,9588.290798912498,直连,,121.77263691668858,122.0
Q23-005,leg2-cruise,9583.37529112874,9590.862143746472,中继,R3-006,125.98322772729671,122.0
Q23-009,leg2-climb,9583.761301235198,9606.419856736498,中继,R3-007,127.83738010410832,122.0
Q23-020,leg3-cruise,9588.290798912498,9595.06732249383,直连,,121.58794851544721,122.0
Q23-005,leg2-cruise,9590.862143746472,9598.348996364202,中继,R3-006,125.82600226245383,122.0
Q23-020,leg3-cruise,9595.06732249383,9601.843846075159,直连,,121.39927138430387,122.0
Q23-005,leg2-cruise,9598.348996364202,9605.835848981933,中继,R3-006,125.66588014380117,122.0
Q23-020,leg3-cruise,9601.843846075159,9608.620369656488,直连,,121.20643055015623,122.0
Q23-005,leg2-cruise,9605.835848981933,9613.322701599664,中继,R3-006,125.50275271390869,122.0
Q23-009,leg2-climb,9606.419856736498,9629.0784122378,中继,R3-007,127.8389692112617,122.0
Q23-020,leg3-cruise,9608.620369656488,9615.39689323782,直连,,121.00923934881175,122.0
Q23-024,leg3-climb,9610.477702113089,9632.727867925263,中继,R3-006,127.43921118416316,122.0
Q23-005,leg2-cruise,9613.322701599664,9620.809554217394,中继,R3-006,125.33650508920334,122.0
Q23-020,leg3-cruise,9615.39689323782,9622.17341681915,直连,,120.80749836769978,122.0
Q23-005,leg2-cruise,9620.809554217394,9628.296406835127,中继,R3-006,125.16701567539765,122.0
Q23-020,leg3-cruise,9622.17341681915,9628.94994040048,直连,,120.60099426729289,122.0
Q23-005,leg2-cruise,9628.296406835127,9635.783259452859,中继,R3-006,124.99415563487105,122.0
Q23-020,leg3-cruise,9628.94994040048,9635.72646398181,直连,,120.38949846437833,122.0
Q23-009,leg2-cruise,9629.0784122378,9636.526164585397,中继,R3-007,127.77713833096232,122.0
Q23-024,leg3-climb,9632.727867925263,9654.978033737438,中继,R3-006,127.44131589104262,122.0
Q23-020,leg3-cruise,9635.72646398181,9642.50298756314,直连,,120.17276565740237,122.0
Q23-005,leg2-cruise,9635.783259452859,9643.27011207059,中继,R3-006,124.81778830019513,122.0
Q23-009,leg2-cruise,9636.526164585397,9643.973916932995,中继,R3-007,127.65016256086648,122.0
Q23-020,leg3-cruise,9642.50298756314,9649.279511144472,直连,,119.95053217088562,122.0
Q23-005,leg2-cruise,9643.27011207059,9650.75696468832,中继,R3-006,124.63776852711841,122.0
Q23-009,leg2-cruise,9643.973916932995,9651.421669280593,中继,R3-007,127.52130508810589,122.0
Q23-020,leg3-cruise,9649.279511144472,9656.056034725803,直连,,119.72251409195661,122.0
Q23-005,leg2-cruise,9650.75696468832,9658.243817306053,中继,R3-006,124.4539419793783,122.0
Q23-009,leg2-cruise,9651.421669280593,9658.869421628191,中继,R3-007,127.39050936640547,122.0
Q23-024,leg3-cruise,9654.978033737438,9661.130805010052,中继,R3-006,127.3883623867899,122.0
Q23-020,leg3-cruise,9656.056034725803,9662.832558307135,直连,,119.48840516717763,122.0
Q23-005,leg2-cruise,9658.243817306053,9665.730669923785,中继,R3-006,124.26614433652979,122.0
Q23-009,leg2-cruise,9658.869421628191,9666.317173975789,中继,R3-007,127.25771626476201,122.0
Q23-024,leg3-cruise,9661.130805010052,9667.283576282669,中继,R3-006,127.27879502722789,122.0
Q23-020,leg3-cruise,9662.832558307135,9669.609081888464,直连,,119.24787442226369,122.0
Q23-005,leg2-cruise,9665.730669923785,9673.217522541516,中继,R3-006,124.07420041465099,122.0
Q23-009,leg2-cruise,9666.317173975789,9673.764926323387,中继,R3-007,127.1228639076708,122.0
Q23-024,leg3-cruise,9667.283576282669,9673.436347555285,中继,R3-006,127.16782951270002,122.0
Q23-020,leg3-cruise,9669.609081888464,9676.385605469794,直连,,119.0005634602762,122.0
Q23-005,leg2-cruise,9673.217522541516,9680.704375159246,中继,R3-006,123.87792318816847,122.0
Q23-024,leg3-cruise,9673.436347555285,9679.5891188279,中继,R3-006,127.05542975234647,122.0
Q23-009,leg2-cruise,9673.764926323387,9681.212678670985,中继,R3-007,126.98588750282931,122.0
Q23-020,leg3-cruise,9676.385605469794,9683.162129051125,直连,,118.74608338561828,122.0
Q23-024,leg3-cruise,9679.5891188279,9685.741890100515,中继,R3-006,126.94155824163305,122.0
Q23-005,leg2-cruise,9680.704375159246,9688.191227776977,中继,R3-006,123.67711269917335,122.0
Q23-009,leg2-cruise,9681.212678670985,9688.660431018581,中继,R3-007,126.8467191551224,122.0
Q23-020,leg3-cruise,9683.162129051125,9689.938652632456,直连,,118.4840112908442,122.0
Q23-024,leg3-cruise,9685.741890100515,9691.894661373131,中继,R3-006,126.826175987642,122.0
Q23-005,leg2-cruise,9688.191227776977,9695.678080394708,中继,R3-006,123.47155483835766,122.0
Q23-009,leg2-cruise,9688.660431018581,9696.10818336618,中继,R3-007,126.70528766555925,122.0
Q23-020,leg3-cruise,9689.938652632456,9696.715176213787,直连,,118.2138862309625,122.0
Q23-024,leg3-cruise,9691.894661373131,9698.047432645748,中继,R3-006,126.70924242939056,122.0
Q23-005,leg2-cruise,9695.678080394708,9703.16493301244,中继,R3-006,123.26101997900776,122.0
Q23-009,leg2-cruise,9696.10818336618,9703.555935713777,中继,R3-007,126.5615183136792,122.0
Q23-020,leg3-cruise,9696.715176213787,9703.491699795119,直连,,117.93520459468533,122.0
Q23-024,leg3-cruise,9698.047432645748,9704.200203918364,中继,R3-006,126.59071535274158,122.0
Q23-005,leg2-cruise,9703.16493301244,9710.651785630173,中继,R3-006,123.04526144231787,122.0
Q23-020,leg3-cruise,9703.491699795119,9710.268223376448,直连,,117.64741476319094,122.0
Q23-009,leg2-cruise,9703.555935713777,9711.003688061375,中继,R3-007,126.41533262177005,122.0
Q23-024,leg3-cruise,9704.200203918364,9710.352975190981,中继,R3-006,126.47055079947287,122.0
Q23-020,leg3-cruise,9710.268223376448,9717.044746957778,直连,,117.3499109239244,122.0
Q23-024,leg3-cruise,9710.352975190981,9716.505746463596,中继,R3-006,126.34870297003006,122.0
Q23-005,leg2-cruise,9710.651785630173,9718.138638247903,中继,R3-006,122.82401376842935,122.0
Q23-009,leg2-cruise,9711.003688061375,9718.451440408973,中继,R3-007,126.26664809904992,122.0
Q23-024,leg3-cruise,9716.505746463596,9722.65851773621,中继,R3-006,126.22512411939489,122.0
Q23-020,leg3-cruise,9717.044746957778,9723.821270539109,直连,,117.04202587811524,122.0
Q23-005,leg2-cruise,9718.138638247903,9725.625490865634,中继,R3-006,122.59699076293983,122.0
Q23-009,leg2-cruise,9718.451440408973,9725.89919275657,中继,R3-007,126.1153779637272,122.0
Q23-024,leg3-cruise,9722.65851773621,9728.811289008827,中继,R3-006,126.09976444552183,122.0
Q23-020,leg3-cruise,9723.821270539109,9730.59779412044,直连,,116.72302264504752,122.0
Q23-005,leg2-cruise,9725.625490865634,9733.112343483364,中继,R3-006,122.36388328304514,122.0
Q23-009,leg2-cruise,9725.89919275657,9733.346945104167,中继,R3-007,125.96143084062301,122.0
Q23-024,leg3-cruise,9728.811289008827,9734.964060281443,中继,R3-006,125.97257196966827,122.0
Q23-020,leg3-cruise,9730.59779412044,9737.37431770177,直连,,116.39208462132791,122.0
Q23-005,leg2-cruise,9733.112343483364,9740.599196101095,中继,R3-006,122.12435672057097,122.0
Q23-009,leg2-cruise,9733.346945104167,9740.794697451765,中继,R3-007,125.80471043172085,122.0
Q23-024,leg3-cruise,9734.964060281443,9741.11683155406,中继,R3-006,125.84349240790411,122.0
Q23-020,leg3-cruise,9737.37431770177,9744.150841283099,直连,,116.04830399773752,122.0
Q23-005,leg2-cruise,9740.599196101095,9748.086048718827,中继,R3-006,121.87804813079927,122.0
Q23-009,leg2-cruise,9740.794697451765,9748.242449799363,中继,R3-007,125.64511515669415,122.0
Q23-024,leg3-cruise,9741.11683155406,9747.269602826676,中继,R3-006,125.71246903303343,122.0
Q23-020,leg3-cruise,9744.150841283099,9750.92736486443,直连,,115.6906680663579,122.0
Q23-024,leg3-cruise,9747.269602826676,9753.422374099291,中继,R3-006,125.57944252602056,122.0
Q23-005,leg2-cruise,9748.086048718827,9755.57290133656,直连,,121.62456294562558,122.0
Q23-009,leg2-cruise,9748.242449799363,9755.690202146961,中继,R3-007,125.48253776007371,122.0
Q23-020,leg3-cruise,9750.92736486443,9757.703888445762,直连,,105.31804296304084,122.0
Q23-024,leg3-cruise,9753.422374099291,9759.575145371906,中继,R3-006,125.44435081598871,122.0
Q23-005,leg2-cruise,9755.57290133656,9763.05975395429,直连,,121.36347119685885,122.0
Q23-009,leg2-cruise,9755.690202146961,9763.13795449456,中继,R3-007,125.3168648812725,122.0
Q23-020,leg3-cruise,9757.703888445762,9764.480412027093,直连,,104.92915428114817,122.0
Q23-024,leg3-cruise,9759.575145371906,9765.727916644522,中继,R3-006,125.30712890770067,122.0
Q23-005,leg2-cruise,9763.05975395429,9770.546606572021,直连,,121.09430315950858,122.0
Q23-009,leg2-cruise,9763.13795449456,9770.585706842157,中继,R3-007,125.14797658319256,122.0
Q23-020,leg3-cruise,9764.480412027093,9771.256935608424,直连,,104.52256385693545,122.0
Q23-024,leg3-cruise,9765.727916644522,9771.880687917139,中继,R3-006,125.16770869533337,122.0
Q23-005,leg2-cruise,9770.546606572021,9778.033459189754,直连,,120.81654430504844,122.0
Q23-009,leg2-cruise,9770.585706842157,9778.033459189754,中继,R3-007,114.97574583452288,122.0
Q23-020,leg3-cruise,9771.256935608424,9778.033459189754,直连,,104.0966418605449,122.0
Q23-024,leg3-cruise,9771.880687917139,9778.033459189754,中继,R3-006,125.02601876122174,122.0
Q23-005,leg2-cruise,9778.033459189754,9785.139394221558,直连,,120.53704673462774,122.0
Q23-009,leg2-cruise,9778.033459189754,9785.139394221558,直连,,114.8041100498538,122.0
Q23-020,leg3-cruise,9778.033459189754,9785.139394221558,直连,,103.63838504844026,122.0
Q23-024,leg3-cruise,9778.033459189754,9785.139394221558,中继,R3-006,124.8707274246695,122.0
Q23-005,leg2-cruise,9785.139394221558,9792.245329253365,直连,,120.25593844071155,122.0
Q23-009,leg2-cruise,9785.139394221558,9792.245329253365,直连,,114.633174517102,122.0
Q23-020,leg3-cruise,9785.139394221558,9792.245329253365,直连,,103.1438401337241,122.0
Q23-024,leg3-cruise,9785.139394221558,9792.245329253365,中继,R3-006,124.70113738438525,122.0
Q23-005,leg2-cruise,9792.245329253365,9799.35126428517,直连,,119.96545117945249,122.0
Q23-009,leg2-cruise,9792.245329253365,9799.35126428517,直连,,114.45881504539176,122.0
Q23-020,leg3-cruise,9792.245329253365,9799.35126428517,直连,,102.62077285512692,122.0
Q23-024,leg3-cruise,9792.245329253365,9799.35126428517,中继,R3-006,124.52817799591041,122.0
Q23-005,leg2-cruise,9799.35126428517,9806.457199316974,直连,,119.6649392489335,122.0
Q23-009,leg2-cruise,9799.35126428517,9806.457199316974,直连,,114.28089198762703,122.0
Q23-020,leg3-cruise,9799.35126428517,9806.457199316974,直连,,102.06589411564048,122.0
Q23-024,leg3-cruise,9799.35126428517,9806.457199316974,中继,R3-006,124.35171302266463,122.0
Q23-005,leg2-cruise,9806.457199316974,9813.563134348778,直连,,119.35368809069067,122.0
Q23-009,leg2-cruise,9806.457199316974,9813.563134348778,直连,,114.09925699674575,122.0
Q23-020,leg3-cruise,9806.457199316974,9813.563134348778,直连,,101.4753628062617,122.0
Q23-024,leg3-cruise,9806.457199316974,9813.563134348778,中继,R3-006,124.17159781745536,122.0
Q23-005,leg2-cruise,9813.563134348778,9820.669069380583,直连,,119.03090417107006,122.0
Q23-009,leg2-cruise,9813.563134348778,9820.669069380583,直连,,113.91375228962553,122.0
Q23-020,leg3-cruise,9813.563134348778,9820.669069380583,直连,,100.84467525461629,122.0
Q23-024,leg3-cruise,9813.563134348778,9820.669069380583,中继,R3-006,123.98767861766173,122.0
Q23-005,leg2-cruise,9820.669069380583,9827.775004412388,直连,,118.69570293985993,122.0
Q23-009,leg2-cruise,9820.669069380583,9827.775004412388,直连,,113.7242098316833,122.0
Q23-020,leg3-cruise,9820.669069380583,9827.775004412388,直连,,100.16853741820134,122.0
Q23-024,leg3-cruise,9820.669069380583,9827.775004412388,中继,R3-006,123.79979176522528,122.0
Q23-005,leg2-cruise,9827.775004412388,9834.880939444192,直连,,118.3470944122857,122.0
Q23-009,leg2-cruise,9827.775004412388,9834.880939444192,直连,,113.53045043170948,122.0
Q23-020,leg3-cruise,9827.775004412388,9834.880939444192,直连,,99.44072730051664,122.0
Q23-024,leg3-cruise,9827.775004412388,9834.880939444192,中继,R3-006,123.60776284167585,122.0
Q23-005,leg2-cruise,9834.880939444192,9841.986874475997,直连,,117.98396579087027,122.0
Q23-009,leg2-cruise,9834.880939444192,9841.986874475997,直连,,113.33228273485481,122.0
Q23-020,leg3-cruise,9834.880939444192,9841.986874475997,直连,,98.65397175625431,122.0
Q23-024,leg3-cruise,9834.880939444192,9841.986874475997,中继,R3-006,123.41140570683913,122.0
Q23-005,leg2-cruise,9841.986874475997,9849.092809507802,直连,,117.6050603703145,122.0
Q23-009,leg2-cruise,9841.986874475997,9849.092809507802,直连,,113.12950209974586,122.0
Q23-020,leg3-cruise,9841.986874475997,9849.092809507802,直连,,97.7999017130367,122.0
Q23-024,leg3-cruise,9841.986874475997,9849.092809507802,中继,R3-006,123.21052142814851,122.0
Q23-005,leg2-cruise,9849.092809507802,9856.198744539608,直连,,107.20895173405286,122.0
Q23-009,leg2-cruise,9849.092809507802,9856.198744539608,直连,,112.92188934341367,122.0
Q23-020,leg3-cruise,9849.092809507802,9856.198744539608,直连,,96.86924411020529,122.0
Q23-024,leg3-cruise,9849.092809507802,9856.198744539608,中继,R3-006,123.00489708532712,122.0
Q23-005,leg2-cruise,9856.198744539608,9863.304679571413,直连,,106.79401193029285,122.0
Q23-009,leg2-cruise,9856.198744539608,9863.304679571413,直连,,112.70920933497442,122.0
Q23-020,leg3-cruise,9856.198744539608,9863.304679571413,直连,,95.85263168540276,122.0
Q23-024,leg3-cruise,9856.198744539608,9863.304679571413,中继,R3-006,122.79430443264913,122.0
Q23-005,leg2-cruise,9863.304679571413,9870.410614603217,直连,,106.35837187105165,122.0
Q23-009,leg2-cruise,9863.304679571413,9870.410614603217,直连,,112.49120941574115,122.0
Q23-020,leg3-cruise,9863.304679571413,9870.410614603217,直连,,94.7429357959835,122.0
Q23-024,leg3-cruise,9863.304679571413,9870.410614603217,中继,R3-006,122.57849839807352,122.0
Q23-005,leg2-cruise,9870.410614603217,9877.516549635024,直连,,105.8998715742565,122.0
Q23-009,leg2-cruise,9870.410614603217,9877.516549635024,直连,,112.26761761952034,122.0
Q23-020,leg3-cruise,9870.410614603217,9877.516549635024,直连,,93.54122031853996,122.0
Q23-024,leg3-cruise,9870.410614603217,9877.516549635024,中继,R3-006,122.35721539484572,122.0
Q23-005,leg2-cruise,9877.516549635024,9884.622484666828,直连,,105.4159969815953,122.0
Q23-009,leg2-cruise,9877.516549635024,9884.622484666828,直连,,112.03814066210177,122.0
Q23-020,leg3-cruise,9877.516549635024,9884.622484666828,直连,,92.27081650977848,122.0
Q23-024,leg3-cruise,9877.516549635024,9884.622484666828,中继,R3-006,122.13017141687466,122.0
Q23-005,leg2-cruise,9884.622484666828,9891.728419698633,直连,,104.9037988026948,122.0
Q23-009,leg2-cruise,9884.622484666828,9891.728419698633,直连,,111.80246166325105,122.0
Q23-020,leg3-cruise,9884.622484666828,9891.728419698633,直连,,91.0069076276458,122.0
Q23-024,leg3-cruise,9884.622484666828,9891.728419698633,中继,R3-006,121.89705988398148,122.0
Q23-005,leg2-cruise,9891.728419698633,9898.757393436677,直连,,104.36282571944555,122.0
Q23-009,leg2-cruise,9891.728419698633,9898.776405494169,直连,,111.56123901381538,122.0
Q23-020,leg3-cruise,9891.728419698633,9898.452130385122,直连,,89.94676520937273,122.0
Q23-024,leg3-cruise,9891.728419698633,9898.852852609503,直连,,121.65723313158638,122.0
Q23-020,leg3-cruise,9898.452130385122,9905.17584107161,直连,,89.32459393728911,122.0
Q23-005,leg2-cruise,9898.757393436677,9905.786367174722,直连,,103.78952666931481,122.0
Q23-009,leg2-cruise,9898.776405494169,9905.824391289703,直连,,111.31418715744444,122.0
Q23-024,leg3-cruise,9898.852852609503,9905.977285520372,直连,,121.41030458883087,122.0
Q23-020,leg3-descent,9905.17584107161,9929.810763923173,直连,,88.25771497835404,122.0
Q23-005,leg2-cruise,9905.786367174722,9912.815340912766,直连,,103.17618104710265,122.0
Q23-009,leg2-cruise,9905.824391289703,9912.872377085238,直连,,111.0599373344069,122.0
Q23-024,leg3-cruise,9905.977285520372,9913.10171843124,直连,,121.15618822381865,122.0
Q23-005,leg2-cruise,9912.815340912766,9919.84431465081,直连,,102.51685757492882,122.0
Q23-009,leg2-cruise,9912.872377085238,9919.920362880774,直连,,110.79805975487321,122.0
Q23-024,leg3-cruise,9913.10171843124,9920.22615134211,直连,,120.89445550281368,122.0
Q23-005,leg2-cruise,9919.84431465081,9926.873288388855,直连,,101.80422671522078,122.0
Q23-009,leg2-cruise,9919.920362880774,9926.96834867631,直连,,110.52808517369566,122.0
Q23-024,leg3-cruise,9920.22615134211,9927.35058425298,直连,,120.62463863695051,122.0
Q23-005,leg2-cruise,9926.873288388855,9933.9022621269,直连,,101.02909474052016,122.0
Q23-009,leg2-cruise,9926.96834867631,9934.016334471846,直连,,110.24949993958184,122.0
Q23-024,leg3-cruise,9927.35058425298,9934.475017163848,直连,,110.3462256708741,122.0
Q23-020,leg3-descent,9929.810763923173,9954.445686774736,直连,,85.87962886321344,122.0
Q23-005,leg2-cruise,9933.9022621269,9940.931235864944,直连,,100.17973310841546,122.0
Q23-009,leg2-cruise,9934.016334471846,9941.064320267382,直连,,109.96174024820719,122.0
Q23-024,leg3-cruise,9934.475017163848,9941.599450074718,直连,,110.05865478466714,122.0
Q23-005,leg2-cruise,9940.931235864944,9947.960209602988,直连,,99.24089103820116,122.0
Q23-009,leg2-cruise,9941.064320267382,9948.112306062916,直连,,109.66418544183217,122.0
Q23-024,leg3-cruise,9941.599450074718,9948.723882985587,直连,,109.76130765426001,122.0
Q23-005,leg2-cruise,9947.960209602988,9954.989183341033,直连,,98.19230801238488,122.0
Q23-009,leg2-cruise,9948.112306062916,9955.16029185845,直连,,109.35615016076898,122.0
Q23-024,leg3-cruise,9948.723882985587,9955.848315896455,直连,,109.45350167912702,122.0
Q23-020,leg3-descent,9954.445686774736,9979.080609626297,直连,,82.59426367590437,122.0
Q23-005,leg2-cruise,9954.989183341033,9962.018157079077,直连,,97.00642835789151,122.0
Q23-009,leg2-cruise,9955.16029185845,9962.208277653986,直连,,109.03687510456831,122.0
Q23-024,leg3-cruise,9955.848315896455,9962.972748807326,直连,,109.13448083981267,122.0
Q23-005,leg2-cruise,9962.018157079077,9969.047130817122,直连,,95.64486508572142,122.0
Q23-009,leg2-cruise,9962.208277653986,9969.256263449523,直连,,108.70551609972007,122.0
Q23-024,leg3-cruise,9962.972748807326,9970.097181718196,直连,,108.80340488829734,122.0
Q23-005,leg2-cruise,9969.047130817122,9976.076104555166,直连,,94.05312818381736,122.0
Q23-009,leg2-cruise,9969.256263449523,9976.304249245057,直连,,108.361131091662,122.0
Q23-024,leg3-cruise,9970.097181718196,9977.221614629065,直连,,108.4593364975636,122.0
Q23-005,leg2-cruise,9976.076104555166,9983.10507829321,直连,,92.15441606374351,122.0
Q23-009,leg2-cruise,9976.304249245057,9983.352235040591,直连,,108.00266457570811,122.0
Q23-024,leg3-cruise,9977.221614629065,9984.346047539933,直连,,108.1012258967467,122.0
Q23-020,leg3-descent,9979.080609626297,10003.71553247786,直连,,77.24671169595854,122.0
Q23-005,leg2-cruise,9983.10507829321,9990.134052031255,直连,,89.85358788772453,122.0
Q23-009,leg2-cruise,9983.352235040591,9990.400220836127,直连,,107.62892884595298,122.0
Q23-024,leg3-cruise,9984.346047539933,9991.470480450804,直连,,107.72789238733434,122.0
Q23-005,leg2-cruise,9990.134052031255,9997.1630257693,直连,,87.13133935098806,122.0
Q23-009,leg2-cruise,9990.400220836127,9997.448206631663,直连,,107.23858126140065,122.0
Q23-024,leg3-cruise,9991.470480450804,9998.594913361674,直连,,107.33800196282769,122.0
Q23-005,leg2-cruise,9997.1630257693,10004.191999507344,直连,,84.64546960355777,122.0
Q23-009,leg2-cruise,9997.448206631663,10004.4961924272,直连,,106.83009648812565,122.0
Q23-024,leg3-cruise,9998.594913361674,10005.719346272543,直连,,106.93004002385855,122.0
Q23-020,leg3-descent,10003.71553247786,10028.350455329422,直连,,60.717594329009394,122.0
Q23-005,leg2-descent,10004.191999507344,10026.848781276143,直连,,82.88933103560124,122.0
Q23-009,leg2-cruise,10004.4961924272,10011.544178222735,直连,,106.40173235208414,122.0
Q23-024,leg3-cruise,10005.719346272543,10012.843779183411,直连,,106.50227787148785,122.0
Q23-009,leg2-cruise,10011.544178222735,10018.59216401827,直连,,105.9514874961019,122.0
Q23-024,leg3-cruise,10012.843779183411,10019.968212094282,直连,,106.05273124317293,122.0
Q23-009,leg2-cruise,10018.59216401827,10025.640149813804,直连,,105.47704842940506,122.0
Q23-024,leg3-cruise,10019.968212094282,10027.09264500515,直连,,105.57910858611244,122.0
Q23-009,leg2-cruise,10025.640149813804,10032.68813560934,直连,,104.97572272143215,122.0
Q23-005,leg2-descent,10026.848781276143,10049.505563044942,直连,,79.45035955204389,122.0
Q23-024,leg3-cruise,10027.09264500515,10034.217077916019,直连,,105.0787459821183,122.0
Q23-009,leg2-cruise,10032.68813560934,10039.736121404876,直连,,104.4443539272315,122.0
Q23-024,leg3-cruise,10034.217077916019,10041.34151082689,直连,,104.54852456395864,122.0
Q23-009,leg2-cruise,10039.736121404876,10046.784107200412,直连,,103.87921220454433,122.0
Q23-024,leg3-cruise,10041.34151082689,10048.465943737758,直连,,103.98476478535348,122.0
Q23-009,leg2-cruise,10046.784107200412,10053.832092995948,直连,,103.27585231033162,122.0
Q23-024,leg3-cruise,10048.465943737758,10055.590376648626,直连,,103.38308988669345,122.0
Q23-005,leg2-descent,10049.505563044942,10072.16234481374,直连,,73.67368172767873,122.0
Q23-009,leg2-cruise,10053.832092995948,10060.880078791482,直连,,102.62892752134492,122.0
Q23-024,leg3-cruise,10055.590376648626,10062.714809559497,直连,,102.7382481935976,122.0
Q23-009,leg2-cruise,10060.880078791482,10067.928064587017,直连,,101.93194379698512,122.0
Q23-024,leg3-cruise,10062.714809559497,10069.839242470367,直连,,102.04388044122817,122.0
Q23-009,leg2-cruise,10067.928064587017,10074.976050382553,直连,,101.17693321841308,122.0
Q23-024,leg3-cruise,10069.839242470367,10076.963675381236,直连,,101.29221447123126,122.0
Q23-005,leg2-descent,10072.16234481374,10094.819126582539,直连,,48.54134248248367,122.0
Q23-009,leg2-cruise,10074.976050382553,10082.024036178089,直连,,100.35402040470379,122.0
Q23-024,leg3-cruise,10076.963675381236,10084.088108292104,直连,,100.47366704221932,122.0
Q23-009,leg2-cruise,10082.024036178089,10089.072021973623,直连,,99.45085457927496,122.0
Q23-024,leg3-cruise,10084.088108292104,10091.212541202975,直连,,99.57633679548323,122.0
Q23-009,leg2-cruise,10089.072021973623,10096.120007769157,直连,,98.45189837533319,122.0
Q23-024,leg3-cruise,10091.212541202975,10098.336974113843,直连,,98.58540151097735,122.0
Q23-009,leg2-cruise,10096.120007769157,10103.167993564693,直连,,97.33765220058856,122.0
Q23-024,leg3-cruise,10098.336974113843,10105.461407024712,直连,,97.48254214285996,122.0
Q23-009,leg2-cruise,10103.167993564693,10110.21597936023,直连,,96.08421432302875,122.0
Q23-024,leg3-cruise,10105.461407024712,10112.585839935582,直连,,96.24587978657696,122.0
Q23-009,leg2-cruise,10110.21597936023,10117.263965155766,直连,,94.66468368806763,122.0
Q23-024,leg3-cruise,10112.585839935582,10119.71027284645,直连,,94.85208635389075,122.0
Q23-009,leg2-cruise,10117.263965155766,10124.311950951302,直连,,93.05767381664565,122.0
Q23-024,leg3-cruise,10119.71027284645,10126.83470575732,直连,,93.2860866850391,122.0
Q23-009,leg2-cruise,10124.311950951302,10131.359936746836,直连,,91.28045938213953,122.0
Q23-024,leg3-cruise,10126.83470575732,10133.95913866819,直连,,91.57508780184672,122.0
Q23-009,leg2-cruise,10131.359936746836,10138.40792254237,直连,,89.49497850036713,122.0
Q23-024,leg3-cruise,10133.95913866819,10141.08357157906,直连,,89.88797851938274,122.0
Q23-009,leg2-cruise,10138.40792254237,10145.455908337906,直连,,88.22088292806059,122.0
Q23-024,leg3-cruise,10141.08357157906,10148.208004489928,直连,,88.71115618841868,122.0
Q23-009,leg2-descent,10145.455908337906,10172.509824963883,直连,,87.039202120589,122.0
Q23-024,leg3-descent,10148.208004489928,10176.768103977232,直连,,87.28503714858454,122.0
Q23-009,leg2-descent,10172.509824963883,10199.56374158986,直连,,84.63133491462374,122.0
Q23-024,leg3-descent,10176.768103977232,10205.328203464538,直连,,84.05484423999425,122.0
Q23-009,leg2-descent,10199.56374158986,10226.617658215835,直连,,81.28851928514244,122.0
Q23-024,leg3-descent,10205.328203464538,10233.888302951844,直连,,78.85462513877239,122.0
Q23-009,leg2-descent,10226.617658215835,10253.671574841812,直连,,75.78382288161387,122.0
Q23-024,leg3-descent,10233.888302951844,10262.448402439148,直连,,63.97228668276188,122.0
Q23-009,leg2-descent,10253.671574841812,10280.725491467789,直连,,57.02283127828102,122.0
