sortie,phase,time_s,relay_sortie,access_loss_db,access_limit_db,access_available,backhaul_loss_db,backhaul_limit_db,backhaul_available,both_available
Q23-004,leg1-cruise,740.2150102367439,R3-001,111.2725544898924,116.0,True,124.45011568854092,126.0,True,True
Q23-004,leg1-cruise,750.2086641592422,R3-001,111.28338905353604,116.0,True,124.45011568854092,126.0,True,True
Q23-004,leg1-cruise,760.2023180817405,R3-001,111.30357725471447,116.0,True,124.45011568854092,126.0,True,True
Q23-004,leg1-cruise,770.1959720042389,R3-001,111.33298923266504,116.0,True,124.45011568854092,126.0,True,True
Q23-004,leg1-cruise,780.1896259267372,R3-001,111.37143830873856,116.0,True,124.45011568854092,126.0,True,True
Q23-004,leg1-cruise,790.1832798492355,R3-001,111.41868486248133,116.0,True,124.45011568854092,126.0,True,True
Q23-004,leg1-cruise,800.176933771734,R3-001,111.47444116476007,116.0,True,124.45011568854092,126.0,True,True
Q23-004,leg1-cruise,810.1705876942322,R3-001,111.53837696977493,116.0,True,124.45011568854092,126.0,True,True
Q23-004,leg1-cruise,820.1642416167306,R3-001,111.61012564855115,116.0,True,124.45011568854092,126.0,True,True
Q23-004,leg1-cruise,830.1578955392289,R3-001,111.68929064104994,116.0,True,124.45011568854092,126.0,True,True
Q23-004,leg1-cruise,840.1515494617272,R3-001,111.7754520110968,116.0,True,124.45011568854092,126.0,True,True
Q23-004,leg1-cruise,850.1452033842256,R3-001,111.86817290640349,116.0,True,124.45011568854092,126.0,True,True
Q23-004,leg1-cruise,860.138857306724,R3-001,111.9670057520192,116.0,True,124.45011568854092,126.0,True,True
Q23-004,leg1-cruise,870.1325112292222,R3-001,112.07149803699178,116.0,True,124.45011568854092,126.0,True,True
Q23-004,leg1-cruise,880.1261651517207,R3-001,112.18119758789774,116.0,True,124.45011568854092,126.0,True,True
Q23-004,leg1-cruise,890.119819074219,R3-001,112.29565725669434,116.0,True,124.45011568854092,126.0,True,True
Q23-004,leg1-cruise,900.1134729967173,R3-001,112.41443898204673,116.0,True,124.45011568854092,126.0,True,True
Q23-004,leg1-cruise,910.1071269192157,R3-001,112.53711721136087,116.0,True,124.45011568854092,126.0,True,True
Q23-004,leg1-cruise,920.1007808417139,R3-001,112.66328169431813,116.0,True,124.45011568854092,126.0,True,True
Q23-004,leg1-cruise,930.0944347642123,R3-001,112.79253967739218,116.0,True,124.45011568854092,126.0,True,True
Q23-004,leg1-cruise,940.0880886867106,R3-001,112.92451754260625,116.0,True,124.45011568854092,126.0,True,True
Q23-004,leg1-cruise,950.081742609209,R3-001,113.05886194305184,116.0,True,124.45011568854092,126.0,True,True
Q23-004,leg1-cruise,960.0753965317074,R3-001,113.19524049294319,116.0,True,124.45011568854092,126.0,True,True
Q23-004,leg1-cruise,970.0690504542057,R3-001,113.33334207194207,116.0,True,124.45011568854092,126.0,True,True
Q23-004,leg1-cruise,980.062704376704,R3-001,113.47287680275075,116.0,True,124.45011568854092,126.0,True,True
Q23-004,leg1-cruise,990.0563582992023,R3-001,113.61357575834673,116.0,True,124.45011568854092,126.0,True,True
Q23-004,leg1-cruise,1000.0500122217007,R3-001,113.75519045110693,116.0,True,124.45011568854092,126.0,True,True
Q23-004,leg1-cruise,1010.043666144199,R3-001,113.89749215122295,116.0,True,124.45011568854092,126.0,True,True
Q23-004,leg1-cruise,1020.0373200666974,R3-001,114.04027107641616,116.0,True,124.45011568854092,126.0,True,True
Q23-004,leg1-cruise,1030.0309739891957,R3-001,114.18333548949535,116.0,True,124.45011568854092,126.0,True,True
Q23-004,leg1-cruise,1040.024627911694,R3-001,114.32651073498104,116.0,True,124.45011568854092,126.0,True,True
Q23-004,leg1-descent,1040.024627911694,R3-001,114.32651073498104,116.0,True,124.45011568854092,126.0,True,True
Q23-004,leg1-descent,1048.9700533267333,R3-001,114.32929165617138,116.0,True,124.45011568854092,126.0,True,True
Q23-004,leg1-descent,1057.9154787417722,R3-001,114.33223301749963,116.0,True,124.45011568854092,126.0,True,True
Q23-004,leg1-descent,1066.860904156811,R3-001,114.33533449196943,116.0,True,124.45011568854092,126.0,True,True
Q23-004,leg1-descent,1075.8063295718503,R3-001,114.33859573534426,116.0,True,124.45011568854092,126.0,True,True
Q23-004,S002-handoff,1075.8063295718503,R3-001,114.33859573534426,116.0,True,124.45011568854092,126.0,True,True
Q23-004,S002-handoff,1085.8063295718503,R3-001,114.33859573534426,116.0,True,124.45011568854092,126.0,True,True
Q23-004,S002-handoff,1095.8063295718503,R3-001,114.33859573534426,116.0,True,124.45011568854092,126.0,True,True
Q23-004,S002-handoff,1105.8063295718503,R3-001,114.33859573534426,116.0,True,124.45011568854092,126.0,True,True
Q23-004,S002-handoff,1115.8063295718503,R3-001,114.33859573534426,116.0,True,124.45011568854092,126.0,True,True
Q23-004,S002-handoff,1125.8063295718503,R3-001,114.33859573534426,116.0,True,124.45011568854092,126.0,True,True
Q23-004,S002-handoff,1135.8063295718503,R3-001,114.33859573534426,116.0,True,124.45011568854092,126.0,True,True
Q23-004,S002-handoff,1145.8063295718503,R3-001,114.33859573534426,116.0,True,124.45011568854092,126.0,True,True
Q23-004,S002-handoff,1155.8063295718503,R3-001,114.33859573534426,116.0,True,124.45011568854092,126.0,True,True
Q23-004,S002-handoff,1165.8063295718503,R3-001,114.33859573534426,116.0,True,124.45011568854092,126.0,True,True
Q23-004,S002-handoff,1175.8063295718503,R3-001,114.33859573534426,116.0,True,124.45011568854092,126.0,True,True
Q23-004,S002-handoff,1185.8063295718503,R3-001,114.33859573534426,116.0,True,124.45011568854092,126.0,True,True
Q23-004,S002-handoff,1195.8063295718503,R3-001,114.33859573534426,116.0,True,124.45011568854092,126.0,True,True
Q23-004,S002-handoff,1205.8063295718503,R3-001,114.33859573534426,116.0,True,124.45011568854092,126.0,True,True
Q23-004,S002-handoff,1215.8063295718503,R3-001,114.33859573534426,116.0,True,124.45011568854092,126.0,True,True
Q23-004,S002-handoff,1225.8063295718503,R3-001,114.33859573534426,116.0,True,124.45011568854092,126.0,True,True
Q23-004,S002-handoff,1235.8063295718503,R3-001,114.33859573534426,116.0,True,124.45011568854092,126.0,True,True
Q23-004,S002-handoff,1245.8063295718503,R3-001,114.33859573534426,116.0,True,124.45011568854092,126.0,True,True
Q23-004,S002-handoff,1255.8063295718503,R3-001,114.33859573534426,116.0,True,124.45011568854092,126.0,True,True
Q23-004,S002-handoff,1265.8063295718503,R3-001,114.33859573534426,116.0,True,124.45011568854092,126.0,True,True
Q23-004,S002-handoff,1275.8063295718503,R3-001,114.33859573534426,116.0,True,124.45011568854092,126.0,True,True
Q23-004,S002-handoff,1285.8063295718503,R3-001,114.33859573534426,116.0,True,124.45011568854092,126.0,True,True
Q23-004,leg2-climb,1285.8063295718503,R3-001,114.33859573534426,116.0,True,124.45011568854092,126.0,True,True
Q23-004,leg2-climb,1295.7456911441159,R3-001,114.3342828976929,116.0,True,124.45011568854092,126.0,True,True
Q23-004,leg2-climb,1305.6850527163815,R3-001,114.33025429905736,116.0,True,124.45011568854092,126.0,True,True
Q23-004,leg2-climb,1315.6244142886471,R3-001,114.32651073498104,116.0,True,124.45011568854092,126.0,True,True
Q23-004,leg2-cruise,1315.6244142886471,R3-001,114.32651073498104,116.0,True,124.45011568854092,126.0,True,True
Q23-004,leg2-cruise,1325.6180682111456,R3-001,114.18333548949535,116.0,True,124.45011568854092,126.0,True,True
Q23-004,leg2-cruise,1335.6117221336438,R3-001,114.04027107641616,116.0,True,124.45011568854092,126.0,True,True
Q23-004,leg2-cruise,1345.6053760561422,R3-001,113.89749215122295,116.0,True,124.45011568854092,126.0,True,True
Q23-004,leg2-cruise,1355.5990299786406,R3-001,113.75519045110693,116.0,True,124.45011568854092,126.0,True,True
Q23-004,leg2-cruise,1365.5926839011388,R3-001,113.61357575834673,116.0,True,124.45011568854092,126.0,True,True
Q23-004,leg2-cruise,1375.5863378236372,R3-001,113.47287680275075,116.0,True,124.45011568854092,126.0,True,True
Q23-004,leg2-cruise,1385.5799917461354,R3-001,113.33334207194207,116.0,True,124.45011568854092,126.0,True,True
Q23-004,leg2-cruise,1395.5736456686338,R3-001,113.19524049294319,116.0,True,124.45011568854092,126.0,True,True
Q23-004,leg2-cruise,1405.5672995911323,R3-001,113.05886194305184,116.0,True,124.45011568854092,126.0,True,True
Q23-004,leg2-cruise,1415.5609535136305,R3-001,112.92451754260625,116.0,True,124.45011568854092,126.0,True,True
Q23-004,leg2-cruise,1425.554607436129,R3-001,112.79253967739218,116.0,True,124.45011568854092,126.0,True,True
Q23-004,leg2-cruise,1435.5482613586273,R3-001,112.66328169431813,116.0,True,124.45011568854092,126.0,True,True
Q23-004,leg2-cruise,1445.5419152811255,R3-001,112.53711721136087,116.0,True,124.45011568854092,126.0,True,True
Q23-004,leg2-cruise,1455.535569203624,R3-001,112.41443898204673,116.0,True,124.45011568854092,126.0,True,True
Q23-004,leg2-cruise,1465.5292231261224,R3-001,112.29565725669434,116.0,True,124.45011568854092,126.0,True,True
Q23-004,leg2-cruise,1475.5228770486206,R3-001,112.18119758789774,116.0,True,124.45011568854092,126.0,True,True
Q23-004,leg2-cruise,1485.516530971119,R3-001,112.07149803699178,116.0,True,124.45011568854092,126.0,True,True
Q23-004,leg2-cruise,1495.5101848936174,R3-001,111.9670057520192,116.0,True,124.45011568854092,126.0,True,True
Q23-004,leg2-cruise,1505.5038388161156,R3-001,111.86817290640349,116.0,True,124.45011568854092,126.0,True,True
Q23-004,leg2-cruise,1515.497492738614,R3-001,111.7754520110968,116.0,True,124.45011568854092,126.0,True,True
Q23-004,leg2-cruise,1525.4911466611125,R3-001,111.68929064104994,116.0,True,124.45011568854092,126.0,True,True
Q23-004,leg2-cruise,1535.4848005836106,R3-001,111.61012564855115,116.0,True,124.45011568854092,126.0,True,True
Q23-004,leg2-cruise,1545.478454506109,R3-001,111.53837696977493,116.0,True,124.45011568854092,126.0,True,True
Q23-004,leg2-cruise,1555.4721084286075,R3-001,111.47444116476007,116.0,True,124.45011568854092,126.0,True,True
Q23-004,leg2-cruise,1565.4657623511057,R3-001,111.41868486248133,116.0,True,124.45011568854092,126.0,True,True
Q23-004,leg2-cruise,1575.4594162736041,R3-001,111.37143830873856,116.0,True,124.45011568854092,126.0,True,True
Q23-004,leg2-cruise,1585.4530701961025,R3-001,111.33298923266504,116.0,True,124.45011568854092,126.0,True,True
Q23-004,leg2-cruise,1595.4467241186007,R3-001,111.30357725471447,116.0,True,124.45011568854092,126.0,True,True
Q23-004,leg2-cruise,1605.440378041099,R3-001,111.28338905353604,116.0,True,124.45011568854092,126.0,True,True
Q23-004,leg2-cruise,1615.4340319635974,R3-001,111.2725544898924,116.0,True,124.45011568854092,126.0,True,True
Q23-005,leg1-cruise,8794.069023629234,R3-006,109.66441939771578,116.0,True,114.55141892436005,126.0,True,True
Q23-005,leg1-cruise,8803.982728320352,R3-006,109.60254595097763,116.0,True,114.55141892436005,126.0,True,True
Q23-005,leg1-cruise,8813.89643301147,R3-006,109.5613504297275,116.0,True,114.55141892436005,126.0,True,True
Q23-005,leg1-cruise,8823.810137702589,R3-006,109.54143191072586,116.0,True,114.55141892436005,126.0,True,True
Q23-005,leg1-cruise,8833.723842393707,R3-006,109.54308477497882,116.0,True,114.55141892436005,126.0,True,True
Q23-005,leg1-cruise,8843.637547084825,R3-006,109.56628438210484,116.0,True,114.55141892436005,126.0,True,True
Q23-005,leg1-cruise,8853.551251775943,R3-006,109.61068827852208,116.0,True,114.55141892436005,126.0,True,True
Q23-005,leg1-cruise,8863.464956467062,R3-006,109.6756528168311,116.0,True,114.55141892436005,126.0,True,True
Q23-005,leg1-cruise,8873.37866115818,R3-006,109.76026352302884,116.0,True,114.55141892436005,126.0,True,True
Q23-005,leg1-cruise,8883.292365849298,R3-006,109.86337628666186,116.0,True,114.55141892436005,126.0,True,True
Q23-005,leg1-cruise,8893.206070540416,R3-006,109.98366565463098,116.0,True,114.55141892436005,126.0,True,True
Q23-005,leg1-cruise,8903.119775231535,R3-006,110.11967626133067,116.0,True,114.55141892436005,126.0,True,True
Q23-005,leg1-cruise,8913.033479922653,R3-006,110.26987368859257,116.0,True,114.55141892436005,126.0,True,True
Q23-005,leg1-cruise,8922.947184613771,R3-006,110.43269169408723,116.0,True,114.55141892436005,126.0,True,True
Q23-005,leg1-cruise,8932.86088930489,R3-006,110.60657360783203,116.0,True,114.55141892436005,126.0,True,True
Q23-005,leg1-cruise,8942.774593996008,R3-006,110.79000660658274,116.0,True,114.55141892436005,126.0,True,True
Q23-005,leg1-cruise,8952.688298687128,R3-006,110.98154840381855,116.0,True,114.55141892436005,126.0,True,True
Q23-005,leg1-cruise,8962.602003378246,R3-006,111.17984655658034,116.0,True,114.55141892436005,126.0,True,True
Q23-005,leg1-cruise,8972.515708069364,R3-006,111.38365105735951,116.0,True,114.55141892436005,126.0,True,True
Q23-005,leg1-cruise,8982.429412760483,R3-006,111.59182115552596,116.0,True,114.55141892436005,126.0,True,True
Q23-005,leg1-cruise,8992.3431174516,R3-006,111.80332746813863,116.0,True,114.55141892436005,126.0,True,True
Q23-005,leg1-cruise,9002.25682214272,R3-006,112.01725043520855,116.0,True,114.55141892436005,126.0,True,True
Q23-005,leg1-cruise,9012.170526833837,R3-006,112.23277608994182,116.0,True,114.55141892436005,126.0,True,True
Q23-005,leg1-cruise,9022.084231524956,R3-006,112.44918998565929,116.0,True,114.55141892436005,126.0,True,True
Q23-005,leg1-cruise,9031.997936216074,R3-006,112.66586997483675,116.0,True,114.55141892436005,126.0,True,True
Q23-005,leg1-descent,9031.997936216074,R3-006,112.66586997483675,116.0,True,114.55141892436005,126.0,True,True
Q23-005,leg1-descent,9040.943361631113,R3-006,112.66883956940106,116.0,True,114.55141892436005,126.0,True,True
Q23-005,leg1-descent,9049.888787046151,R3-006,112.67195929830906,116.0,True,114.55141892436005,126.0,True,True
Q23-005,leg1-descent,9058.834212461192,R3-006,112.67522883676232,116.0,True,114.55141892436005,126.0,True,True
Q23-005,leg1-descent,9067.77963787623,R3-006,112.67864784495006,116.0,True,114.55141892436005,126.0,True,True
Q23-005,leg1-descent,9076.72506329127,R3-006,112.68221596816578,116.0,True,114.55141892436005,126.0,True,True
Q23-005,S002-handoff,9076.72506329127,R3-006,112.68221596816578,116.0,True,114.55141892436005,126.0,True,True
Q23-005,S002-handoff,9086.625063291269,R3-006,112.68221596816578,116.0,True,114.55141892436005,126.0,True,True
Q23-005,S002-handoff,9096.525063291268,R3-006,112.68221596816578,116.0,True,114.55141892436005,126.0,True,True
Q23-005,S002-handoff,9106.42506329127,R3-006,112.68221596816578,116.0,True,114.55141892436005,126.0,True,True
Q23-005,S002-handoff,9116.32506329127,R3-006,112.68221596816578,116.0,True,114.55141892436005,126.0,True,True
Q23-005,S002-handoff,9126.22506329127,R3-006,112.68221596816578,116.0,True,114.55141892436005,126.0,True,True
Q23-005,S002-handoff,9136.125063291269,R3-006,112.68221596816578,116.0,True,114.55141892436005,126.0,True,True
Q23-005,S002-handoff,9146.025063291268,R3-006,112.68221596816578,116.0,True,114.55141892436005,126.0,True,True
Q23-005,S002-handoff,9155.92506329127,R3-006,112.68221596816578,116.0,True,114.55141892436005,126.0,True,True
Q23-005,S002-handoff,9165.82506329127,R3-006,112.68221596816578,116.0,True,114.55141892436005,126.0,True,True
Q23-005,S002-handoff,9175.72506329127,R3-006,112.68221596816578,116.0,True,114.55141892436005,126.0,True,True
Q23-005,S002-handoff,9185.625063291269,R3-006,112.68221596816578,116.0,True,114.55141892436005,126.0,True,True
Q23-005,S002-handoff,9195.525063291268,R3-006,112.68221596816578,116.0,True,114.55141892436005,126.0,True,True
Q23-005,S002-handoff,9205.42506329127,R3-006,112.68221596816578,116.0,True,114.55141892436005,126.0,True,True
Q23-005,S002-handoff,9215.32506329127,R3-006,112.68221596816578,116.0,True,114.55141892436005,126.0,True,True
Q23-005,S002-handoff,9225.22506329127,R3-006,112.68221596816578,116.0,True,114.55141892436005,126.0,True,True
Q23-005,S002-handoff,9235.125063291269,R3-006,112.68221596816578,116.0,True,114.55141892436005,126.0,True,True
Q23-005,S002-handoff,9245.025063291268,R3-006,112.68221596816578,116.0,True,114.55141892436005,126.0,True,True
Q23-005,S002-handoff,9254.92506329127,R3-006,112.68221596816578,116.0,True,114.55141892436005,126.0,True,True
Q23-005,S002-handoff,9264.82506329127,R3-006,112.68221596816578,116.0,True,114.55141892436005,126.0,True,True
Q23-005,S002-handoff,9274.72506329127,R3-006,112.68221596816578,116.0,True,114.55141892436005,126.0,True,True
Q23-005,S002-handoff,9284.625063291269,R3-006,112.68221596816578,116.0,True,114.55141892436005,126.0,True,True
Q23-005,S002-handoff,9294.525063291268,R3-006,112.68221596816578,116.0,True,114.55141892436005,126.0,True,True
Q23-005,S002-handoff,9304.42506329127,R3-006,112.68221596816578,116.0,True,114.55141892436005,126.0,True,True
Q23-005,S002-handoff,9314.32506329127,R3-006,112.68221596816578,116.0,True,114.55141892436005,126.0,True,True
Q23-005,S002-handoff,9324.22506329127,R3-006,112.68221596816578,116.0,True,114.55141892436005,126.0,True,True
Q23-005,S002-handoff,9334.125063291269,R3-006,112.68221596816578,116.0,True,114.55141892436005,126.0,True,True
Q23-005,S002-handoff,9344.025063291268,R3-006,112.68221596816578,116.0,True,114.55141892436005,126.0,True,True
Q23-005,S002-handoff,9353.92506329127,R3-006,112.68221596816578,116.0,True,114.55141892436005,126.0,True,True
Q23-005,S002-handoff,9363.82506329127,R3-006,112.68221596816578,116.0,True,114.55141892436005,126.0,True,True
Q23-005,S002-handoff,9373.72506329127,R3-006,112.68221596816578,116.0,True,114.55141892436005,126.0,True,True
Q23-005,S002-handoff,9383.625063291269,R3-006,112.68221596816578,116.0,True,114.55141892436005,126.0,True,True
Q23-005,S002-handoff,9393.525063291268,R3-006,112.68221596816578,116.0,True,114.55141892436005,126.0,True,True
Q23-005,S002-handoff,9403.42506329127,R3-006,112.68221596816578,116.0,True,114.55141892436005,126.0,True,True
Q23-005,S002-handoff,9413.32506329127,R3-006,112.68221596816578,116.0,True,114.55141892436005,126.0,True,True
Q23-005,S002-handoff,9423.22506329127,R3-006,112.68221596816578,116.0,True,114.55141892436005,126.0,True,True
Q23-005,S002-handoff,9433.125063291269,R3-006,112.68221596816578,116.0,True,114.55141892436005,126.0,True,True
Q23-005,S002-handoff,9443.025063291268,R3-006,112.68221596816578,116.0,True,114.55141892436005,126.0,True,True
Q23-005,S002-handoff,9452.92506329127,R3-006,112.68221596816578,116.0,True,114.55141892436005,126.0,True,True
Q23-005,S002-handoff,9462.82506329127,R3-006,112.68221596816578,116.0,True,114.55141892436005,126.0,True,True
Q23-005,S002-handoff,9472.72506329127,R3-006,112.68221596816578,116.0,True,114.55141892436005,126.0,True,True
Q23-005,leg2-climb,9472.72506329127,R3-006,112.68221596816578,116.0,True,114.55141892436005,126.0,True,True
Q23-005,leg2-climb,9481.670488706308,R3-006,112.67777909926008,116.0,True,114.55141892436005,126.0,True,True
Q23-005,leg2-climb,9490.615914121347,R3-006,112.6735753622302,116.0,True,114.55141892436005,126.0,True,True
Q23-005,leg2-climb,9499.561339536387,R3-006,112.66960543896315,116.0,True,114.55141892436005,126.0,True,True
Q23-005,leg2-climb,9508.506764951426,R3-006,112.66586997483675,116.0,True,114.55141892436005,126.0,True,True
Q23-005,leg2-cruise,9508.506764951426,R3-006,112.66586997483675,116.0,True,114.55141892436005,126.0,True,True
Q23-005,leg2-cruise,9518.420469642544,R3-006,112.44918998565929,116.0,True,114.55141892436005,126.0,True,True
Q23-005,leg2-cruise,9528.334174333662,R3-006,112.23277608994182,116.0,True,114.55141892436005,126.0,True,True
Q23-005,leg2-cruise,9538.24787902478,R3-006,112.01725043520855,116.0,True,114.55141892436005,126.0,True,True
Q23-005,leg2-cruise,9548.161583715899,R3-006,111.80332746813863,116.0,True,114.55141892436005,126.0,True,True
Q23-005,leg2-cruise,9558.075288407017,R3-006,111.59182115552596,116.0,True,114.55141892436005,126.0,True,True
Q23-005,leg2-cruise,9567.988993098135,R3-006,111.38365105735951,116.0,True,114.55141892436005,126.0,True,True
Q23-005,leg2-cruise,9577.902697789254,R3-006,111.17984655658034,116.0,True,114.55141892436005,126.0,True,True
Q23-005,leg2-cruise,9587.816402480372,R3-006,110.98154840381855,116.0,True,114.55141892436005,126.0,True,True
Q23-005,leg2-cruise,9597.730107171492,R3-006,110.79000660658274,116.0,True,114.55141892436005,126.0,True,True
Q23-005,leg2-cruise,9607.64381186261,R3-006,110.60657360783203,116.0,True,114.55141892436005,126.0,True,True
Q23-005,leg2-cruise,9617.557516553728,R3-006,110.43269169408723,116.0,True,114.55141892436005,126.0,True,True
Q23-005,leg2-cruise,9627.471221244847,R3-006,110.26987368859257,116.0,True,114.55141892436005,126.0,True,True
Q23-005,leg2-cruise,9637.384925935965,R3-006,110.11967626133067,116.0,True,114.55141892436005,126.0,True,True
Q23-005,leg2-cruise,9647.298630627083,R3-006,109.98366565463098,116.0,True,114.55141892436005,126.0,True,True
Q23-005,leg2-cruise,9657.212335318201,R3-006,109.86337628666186,116.0,True,114.55141892436005,126.0,True,True
Q23-005,leg2-cruise,9667.12604000932,R3-006,109.76026352302884,116.0,True,114.55141892436005,126.0,True,True
Q23-005,leg2-cruise,9677.039744700438,R3-006,109.6756528168311,116.0,True,114.55141892436005,126.0,True,True
Q23-005,leg2-cruise,9686.953449391556,R3-006,109.61068827852208,116.0,True,114.55141892436005,126.0,True,True
Q23-005,leg2-cruise,9696.867154082674,R3-006,109.56628438210484,116.0,True,114.55141892436005,126.0,True,True
Q23-005,leg2-cruise,9706.780858773793,R3-006,109.54308477497882,116.0,True,114.55141892436005,126.0,True,True
Q23-005,leg2-cruise,9716.694563464911,R3-006,109.54143191072586,116.0,True,114.55141892436005,126.0,True,True
Q23-005,leg2-cruise,9726.60826815603,R3-006,109.5613504297275,116.0,True,114.55141892436005,126.0,True,True
Q23-005,leg2-cruise,9736.521972847147,R3-006,109.60254595097763,116.0,True,114.55141892436005,126.0,True,True
Q23-005,leg2-cruise,9746.435677538266,R3-006,109.66441939771578,116.0,True,114.55141892436005,126.0,True,True
Q23-006,leg1-cruise,5491.5869501896605,R3-004,107.2603462618508,116.0,True,113.58193892655193,126.0,True,True
Q23-006,leg1-cruise,5501.506452334967,R3-004,107.23286906803439,116.0,True,113.58193892655193,126.0,True,True
Q23-006,leg1-cruise,5511.425954480274,R3-004,107.2288649503161,116.0,True,113.58193892655193,126.0,True,True
Q23-006,leg1-cruise,5521.345456625581,R3-004,107.24839854359028,116.0,True,113.58193892655193,126.0,True,True
Q23-006,leg1-cruise,5531.264958770888,R3-004,107.29115462471758,116.0,True,113.58193892655193,126.0,True,True
Q23-006,leg1-cruise,5541.184460916195,R3-004,107.35645483699327,116.0,True,113.58193892655193,126.0,True,True
Q23-006,leg1-cruise,5551.103963061502,R3-004,107.44329276052893,116.0,True,113.58193892655193,126.0,True,True
Q23-006,leg1-cruise,5561.023465206809,R3-004,107.55038362337146,116.0,True,113.58193892655193,126.0,True,True
Q23-006,leg1-cruise,5570.942967352116,R3-004,107.67622372296962,116.0,True,113.58193892655193,126.0,True,True
Q23-006,leg1-cruise,5580.862469497423,R3-004,107.81915419878247,116.0,True,113.58193892655193,126.0,True,True
Q23-006,leg1-cruise,5590.78197164273,R3-004,107.97742412586688,116.0,True,113.58193892655193,126.0,True,True
Q23-006,leg1-cruise,5600.701473788037,R3-004,108.14924880122642,116.0,True,113.58193892655193,126.0,True,True
Q23-006,leg1-cruise,5610.620975933344,R3-004,108.33286031238305,116.0,True,113.58193892655193,126.0,True,True
Q23-006,leg1-cruise,5620.540478078651,R3-004,108.52654875764141,116.0,True,113.58193892655193,126.0,True,True
Q23-006,leg1-cruise,5630.459980223958,R3-004,108.72869363195565,116.0,True,113.58193892655193,126.0,True,True
Q23-006,leg1-cruise,5640.379482369265,R3-004,108.93778578556456,116.0,True,113.58193892655193,126.0,True,True
Q23-006,leg1-cruise,5650.298984514572,R3-004,109.15244096453783,116.0,True,113.58193892655193,126.0,True,True
Q23-006,leg1-cruise,5660.218486659879,R3-004,109.37140627135628,116.0,True,113.58193892655193,126.0,True,True
Q23-006,leg1-cruise,5670.137988805185,R3-004,109.59356099137526,116.0,True,113.58193892655193,126.0,True,True
Q23-006,leg1-cruise,5680.057490950492,R3-004,109.81791318059274,116.0,True,113.58193892655193,126.0,True,True
Q23-006,leg1-cruise,5689.976993095799,R3-004,110.0435932619392,116.0,True,113.58193892655193,126.0,True,True
Q23-006,leg1-cruise,5699.896495241106,R3-004,110.26984568141975,116.0,True,113.58193892655193,126.0,True,True
Q23-006,leg1-cruise,5709.815997386413,R3-004,110.49601946692344,116.0,True,113.58193892655193,126.0,True,True
Q23-006,leg1-cruise,5719.73549953172,R3-004,110.72155833538368,116.0,True,113.58193892655193,126.0,True,True
Q23-006,leg1-cruise,5729.655001677027,R3-004,110.94599082043818,116.0,True,113.58193892655193,126.0,True,True
Q23-006,leg1-cruise,5739.574503822334,R3-004,111.16892074811409,116.0,True,113.58193892655193,126.0,True,True
Q23-006,leg1-cruise,5749.494005967641,R3-004,111.39001827299282,116.0,True,113.58193892655193,126.0,True,True
Q23-006,leg1-cruise,5759.413508112948,R3-004,111.60901159900754,116.0,True,113.58193892655193,126.0,True,True
Q23-006,leg1-cruise,5769.333010258255,R3-004,111.82567944366518,116.0,True,113.58193892655193,126.0,True,True
Q23-006,leg1-descent,5769.333010258255,R3-004,111.82567944366518,116.0,True,113.58193892655193,126.0,True,True
Q23-006,leg1-descent,5779.25763862197,R3-004,111.82781746723808,116.0,True,113.58193892655193,126.0,True,True
Q23-006,leg1-descent,5789.182266985686,R3-004,111.8303096871652,116.0,True,113.58193892655193,126.0,True,True
Q23-006,leg1-descent,5799.1068953494005,R3-004,111.83315549340406,116.0,True,113.58193892655193,126.0,True,True
Q23-006,leg1-descent,5809.031523713116,R3-004,111.83635419036037,116.0,True,113.58193892655193,126.0,True,True
Q23-006,leg1-descent,5818.956152076831,R3-004,111.83990499745249,116.0,True,113.58193892655193,126.0,True,True
Q23-006,leg1-descent,5828.880780440547,R3-004,111.84380704974365,116.0,True,113.58193892655193,126.0,True,True
Q23-006,leg1-descent,5838.805408804262,R3-004,111.84805939864015,116.0,True,113.58193892655193,126.0,True,True
Q23-006,leg1-descent,5848.730037167978,R3-004,111.85266101265483,116.0,True,113.58193892655193,126.0,True,True
Q23-006,leg1-descent,5858.654665531692,R3-004,111.85761077823445,116.0,True,113.58193892655193,126.0,True,True
Q23-006,S003-handoff,5858.654665531692,R3-004,111.85761077823445,116.0,True,113.58193892655193,126.0,True,True
Q23-006,S003-handoff,5868.654665531692,R3-004,111.85761077823445,116.0,True,113.58193892655193,126.0,True,True
Q23-006,S003-handoff,5878.654665531692,R3-004,111.85761077823445,116.0,True,113.58193892655193,126.0,True,True
Q23-006,S003-handoff,5888.654665531692,R3-004,111.85761077823445,116.0,True,113.58193892655193,126.0,True,True
Q23-006,S003-handoff,5898.654665531692,R3-004,111.85761077823445,116.0,True,113.58193892655193,126.0,True,True
Q23-006,S003-handoff,5908.654665531692,R3-004,111.85761077823445,116.0,True,113.58193892655193,126.0,True,True
Q23-006,S003-handoff,5918.654665531692,R3-004,111.85761077823445,116.0,True,113.58193892655193,126.0,True,True
Q23-006,S003-handoff,5928.654665531692,R3-004,111.85761077823445,116.0,True,113.58193892655193,126.0,True,True
Q23-006,S003-handoff,5938.654665531692,R3-004,111.85761077823445,116.0,True,113.58193892655193,126.0,True,True
Q23-006,S003-handoff,5948.654665531692,R3-004,111.85761077823445,116.0,True,113.58193892655193,126.0,True,True
Q23-006,S003-handoff,5958.654665531692,R3-004,111.85761077823445,116.0,True,113.58193892655193,126.0,True,True
Q23-006,S003-handoff,5968.654665531692,R3-004,111.85761077823445,116.0,True,113.58193892655193,126.0,True,True
Q23-006,S003-handoff,5978.654665531692,R3-004,111.85761077823445,116.0,True,113.58193892655193,126.0,True,True
Q23-006,S003-handoff,5988.654665531692,R3-004,111.85761077823445,116.0,True,113.58193892655193,126.0,True,True
Q23-006,S003-handoff,5998.654665531692,R3-004,111.85761077823445,116.0,True,113.58193892655193,126.0,True,True
Q23-006,S003-handoff,6008.654665531692,R3-004,111.85761077823445,116.0,True,113.58193892655193,126.0,True,True
Q23-006,S003-handoff,6018.654665531692,R3-004,111.85761077823445,116.0,True,113.58193892655193,126.0,True,True
Q23-006,S003-handoff,6028.654665531692,R3-004,111.85761077823445,116.0,True,113.58193892655193,126.0,True,True
Q23-006,S003-handoff,6038.654665531692,R3-004,111.85761077823445,116.0,True,113.58193892655193,126.0,True,True
Q23-006,S003-handoff,6048.654665531692,R3-004,111.85761077823445,116.0,True,113.58193892655193,126.0,True,True
Q23-006,S003-handoff,6058.654665531692,R3-004,111.85761077823445,116.0,True,113.58193892655193,126.0,True,True
Q23-006,S003-handoff,6068.654665531692,R3-004,111.85761077823445,116.0,True,113.58193892655193,126.0,True,True
Q23-006,leg2-climb,6068.654665531692,R3-004,111.85761077823445,116.0,True,113.58193892655193,126.0,True,True
Q23-006,leg2-climb,6077.959004622676,R3-004,111.85206674774365,116.0,True,113.58193892655193,126.0,True,True
Q23-006,leg2-climb,6087.263343713658,R3-004,111.84696352610963,116.0,True,113.58193892655193,126.0,True,True
Q23-006,leg2-climb,6096.567682804642,R3-004,111.84230267698422,116.0,True,113.58193892655193,126.0,True,True
Q23-006,leg2-climb,6105.872021895624,R3-004,111.83808563222878,116.0,True,113.58193892655193,126.0,True,True
Q23-006,leg2-climb,6115.1763609866075,R3-004,111.83431369045933,116.0,True,113.58193892655193,126.0,True,True
Q23-006,leg2-climb,6124.480700077591,R3-004,111.83098801572187,116.0,True,113.58193892655193,126.0,True,True
Q23-006,leg2-climb,6133.785039168573,R3-004,111.82810963630119,116.0,True,113.58193892655193,126.0,True,True
Q23-006,leg2-climb,6143.089378259557,R3-004,111.82567944366518,116.0,True,113.58193892655193,126.0,True,True
Q23-006,leg2-cruise,6143.089378259557,R3-004,111.82567944366518,116.0,True,113.58193892655193,126.0,True,True
Q23-006,leg2-cruise,6153.008880404864,R3-004,111.60901159900754,116.0,True,113.58193892655193,126.0,True,True
Q23-006,leg2-cruise,6162.928382550171,R3-004,111.39001827299282,116.0,True,113.58193892655193,126.0,True,True
Q23-006,leg2-cruise,6172.847884695478,R3-004,111.16892074811409,116.0,True,113.58193892655193,126.0,True,True
Q23-006,leg2-cruise,6182.767386840785,R3-004,110.94599082043818,116.0,True,113.58193892655193,126.0,True,True
Q23-006,leg2-cruise,6192.686888986092,R3-004,110.72155833538368,116.0,True,113.58193892655193,126.0,True,True
Q23-006,leg2-cruise,6202.606391131399,R3-004,110.49601946692344,116.0,True,113.58193892655193,126.0,True,True
Q23-006,leg2-cruise,6212.525893276706,R3-004,110.26984568141975,116.0,True,113.58193892655193,126.0,True,True
Q23-006,leg2-cruise,6222.445395422013,R3-004,110.0435932619392,116.0,True,113.58193892655193,126.0,True,True
Q23-006,leg2-cruise,6232.3648975673195,R3-004,109.81791318059274,116.0,True,113.58193892655193,126.0,True,True
Q23-006,leg2-cruise,6242.2843997126265,R3-004,109.59356099137526,116.0,True,113.58193892655193,126.0,True,True
Q23-006,leg2-cruise,6252.203901857933,R3-004,109.37140627135628,116.0,True,113.58193892655193,126.0,True,True
Q23-006,leg2-cruise,6262.12340400324,R3-004,109.15244096453783,116.0,True,113.58193892655193,126.0,True,True
Q23-006,leg2-cruise,6272.0429061485465,R3-004,108.93778578556456,116.0,True,113.58193892655193,126.0,True,True
Q23-006,leg2-cruise,6281.9624082938535,R3-004,108.72869363195565,116.0,True,113.58193892655193,126.0,True,True
Q23-006,leg2-cruise,6291.8819104391605,R3-004,108.52654875764141,116.0,True,113.58193892655193,126.0,True,True
Q23-006,leg2-cruise,6301.8014125844675,R3-004,108.33286031238305,116.0,True,113.58193892655193,126.0,True,True
Q23-006,leg2-cruise,6311.720914729774,R3-004,108.14924880122642,116.0,True,113.58193892655193,126.0,True,True
Q23-006,leg2-cruise,6321.640416875081,R3-004,107.97742412586688,116.0,True,113.58193892655193,126.0,True,True
Q23-006,leg2-cruise,6331.559919020388,R3-004,107.81915419878247,116.0,True,113.58193892655193,126.0,True,True
Q23-006,leg2-cruise,6341.479421165695,R3-004,107.67622372296962,116.0,True,113.58193892655193,126.0,True,True
Q23-006,leg2-cruise,6351.398923311002,R3-004,107.55038362337146,116.0,True,113.58193892655193,126.0,True,True
Q23-006,leg2-cruise,6361.318425456309,R3-004,107.44329276052893,116.0,True,113.58193892655193,126.0,True,True
Q23-006,leg2-cruise,6371.237927601616,R3-004,107.35645483699327,116.0,True,113.58193892655193,126.0,True,True
Q23-006,leg2-cruise,6381.157429746923,R3-004,107.29115462471758,116.0,True,113.58193892655193,126.0,True,True
Q23-006,leg2-cruise,6391.07693189223,R3-004,107.24839854359028,116.0,True,113.58193892655193,126.0,True,True
Q23-006,leg2-cruise,6400.996434037537,R3-004,107.2288649503161,116.0,True,113.58193892655193,126.0,True,True
Q23-006,leg2-cruise,6410.915936182844,R3-004,107.23286906803439,116.0,True,113.58193892655193,126.0,True,True
Q23-006,leg2-cruise,6420.835438328151,R3-004,107.2603462618508,116.0,True,113.58193892655193,126.0,True,True
Q23-007,leg1-cruise,6458.496029191099,R3-004,107.2896677031351,116.0,True,113.58193892655193,126.0,True,True
Q23-007,leg1-cruise,6468.375043572548,R3-004,107.2407532681587,116.0,True,113.58193892655193,126.0,True,True
Q23-007,leg1-cruise,6478.254057953996,R3-004,107.22799324761242,116.0,True,113.58193892655193,126.0,True,True
Q23-007,leg1-cruise,6488.133072335445,R3-004,107.2517060951035,116.0,True,113.58193892655193,126.0,True,True
Q23-007,leg1-cruise,6498.0120867168935,R3-004,107.31130059290402,116.0,True,113.58193892655193,126.0,True,True
Q23-007,leg1-cruise,6507.891101098342,R3-004,107.40532404236225,116.0,True,113.58193892655193,126.0,True,True
Q23-007,leg1-cruise,6517.770115479791,R3-004,107.53157668407835,116.0,True,113.58193892655193,126.0,True,True
Q23-007,leg1-cruise,6527.649129861239,R3-004,107.68727412701341,116.0,True,113.58193892655193,126.0,True,True
Q23-007,leg1-cruise,6537.528144242688,R3-004,107.86923413743621,116.0,True,113.58193892655193,126.0,True,True
Q23-007,leg1-cruise,6547.407158624136,R3-004,108.07406420041949,116.0,True,113.58193892655193,126.0,True,True
Q23-007,leg1-cruise,6557.286173005585,R3-004,108.2983307592965,116.0,True,113.58193892655193,126.0,True,True
Q23-007,leg1-cruise,6567.165187387033,R3-004,108.53869787915224,116.0,True,113.58193892655193,126.0,True,True
Q23-007,leg1-cruise,6577.044201768482,R3-004,108.7920301298086,116.0,True,113.58193892655193,126.0,True,True
Q23-007,leg1-cruise,6586.92321614993,R3-004,109.05546023522274,116.0,True,113.58193892655193,126.0,True,True
Q23-007,leg1-cruise,6596.802230531379,R3-004,109.32642582747073,116.0,True,113.58193892655193,126.0,True,True
Q23-007,leg1-cruise,6606.681244912827,R3-004,109.60268151011047,116.0,True,113.58193892655193,126.0,True,True
Q23-007,leg1-cruise,6616.560259294276,R3-004,109.88229280542792,116.0,True,113.58193892655193,126.0,True,True
Q23-007,leg1-cruise,6626.4392736757245,R3-004,110.16361797745513,116.0,True,113.58193892655193,126.0,True,True
Q23-007,leg1-cruise,6636.318288057173,R3-004,110.44528266938393,116.0,True,113.58193892655193,126.0,True,True
Q23-007,leg1-cruise,6646.197302438622,R3-004,110.72615111675708,116.0,True,113.58193892655193,126.0,True,True
Q23-007,leg1-cruise,6656.07631682007,R3-004,111.00529660472083,116.0,True,113.58193892655193,126.0,True,True
Q23-007,leg1-cruise,6665.955331201519,R3-004,111.28197292596124,116.0,True,113.58193892655193,126.0,True,True
Q23-007,leg1-cruise,6675.834345582967,R3-004,111.5555878924811,116.0,True,113.58193892655193,126.0,True,True
Q23-007,leg1-cruise,6685.713359964416,R3-004,111.82567944366518,116.0,True,113.58193892655193,126.0,True,True
Q23-007,leg1-descent,6685.713359964416,R3-004,111.82567944366518,116.0,True,113.58193892655193,126.0,True,True
Q23-007,leg1-descent,6695.017699055399,R3-004,111.82724973349404,116.0,True,113.58193892655193,126.0,True,True
Q23-007,leg1-descent,6704.322038146382,R3-004,111.82901933877375,116.0,True,113.58193892655193,126.0,True,True
Q23-007,leg1-descent,6713.626377237365,R3-004,111.83098801572187,116.0,True,113.58193892655193,126.0,True,True
Q23-007,leg1-descent,6722.930716328348,R3-004,111.83315549340406,116.0,True,113.58193892655193,126.0,True,True
Q23-007,leg1-descent,6732.235055419331,R3-004,111.83552147385788,116.0,True,113.58193892655193,126.0,True,True
Q23-007,leg1-descent,6741.539394510314,R3-004,111.83808563222878,116.0,True,113.58193892655193,126.0,True,True
Q23-007,leg1-descent,6750.843733601298,R3-004,111.84084761691827,116.0,True,113.58193892655193,126.0,True,True
Q23-007,leg1-descent,6760.14807269228,R3-004,111.84380704974365,116.0,True,113.58193892655193,126.0,True,True
Q23-007,leg1-descent,6769.452411783263,R3-004,111.84696352610963,116.0,True,113.58193892655193,126.0,True,True
Q23-007,leg1-descent,6778.756750874247,R3-004,111.8503166151915,116.0,True,113.58193892655193,126.0,True,True
Q23-007,leg1-descent,6788.061089965229,R3-004,111.85386586012946,116.0,True,113.58193892655193,126.0,True,True
Q23-007,leg1-descent,6797.365429056213,R3-004,111.85761077823445,116.0,True,113.58193892655193,126.0,True,True
Q23-007,S003-handoff,6797.365429056213,R3-004,111.85761077823445,116.0,True,113.58193892655193,126.0,True,True
Q23-007,S003-handoff,6807.265429056212,R3-004,111.85761077823445,116.0,True,113.58193892655193,126.0,True,True
Q23-007,S003-handoff,6817.165429056213,R3-004,111.85761077823445,116.0,True,113.58193892655193,126.0,True,True
Q23-007,S003-handoff,6827.065429056212,R3-004,111.85761077823445,116.0,True,113.58193892655193,126.0,True,True
Q23-007,S003-handoff,6836.965429056213,R3-004,111.85761077823445,116.0,True,113.58193892655193,126.0,True,True
Q23-007,S003-handoff,6846.865429056213,R3-004,111.85761077823445,116.0,True,113.58193892655193,126.0,True,True
Q23-007,S003-handoff,6856.765429056212,R3-004,111.85761077823445,116.0,True,113.58193892655193,126.0,True,True
Q23-007,S003-handoff,6866.665429056213,R3-004,111.85761077823445,116.0,True,113.58193892655193,126.0,True,True
Q23-007,S003-handoff,6876.565429056212,R3-004,111.85761077823445,116.0,True,113.58193892655193,126.0,True,True
Q23-007,S003-handoff,6886.465429056213,R3-004,111.85761077823445,116.0,True,113.58193892655193,126.0,True,True
Q23-007,S003-handoff,6896.365429056213,R3-004,111.85761077823445,116.0,True,113.58193892655193,126.0,True,True
Q23-007,S003-handoff,6906.265429056212,R3-004,111.85761077823445,116.0,True,113.58193892655193,126.0,True,True
Q23-007,S003-handoff,6916.165429056213,R3-004,111.85761077823445,116.0,True,113.58193892655193,126.0,True,True
Q23-007,S003-handoff,6926.065429056212,R3-004,111.85761077823445,116.0,True,113.58193892655193,126.0,True,True
Q23-007,S003-handoff,6935.965429056213,R3-004,111.85761077823445,116.0,True,113.58193892655193,126.0,True,True
Q23-007,S003-handoff,6945.865429056213,R3-004,111.85761077823445,116.0,True,113.58193892655193,126.0,True,True
Q23-007,S003-handoff,6955.765429056212,R3-004,111.85761077823445,116.0,True,113.58193892655193,126.0,True,True
Q23-007,S003-handoff,6965.665429056213,R3-004,111.85761077823445,116.0,True,113.58193892655193,126.0,True,True
Q23-007,S003-handoff,6975.565429056212,R3-004,111.85761077823445,116.0,True,113.58193892655193,126.0,True,True
Q23-007,S003-handoff,6985.465429056213,R3-004,111.85761077823445,116.0,True,113.58193892655193,126.0,True,True
Q23-007,S003-handoff,6995.365429056213,R3-004,111.85761077823445,116.0,True,113.58193892655193,126.0,True,True
Q23-007,S003-handoff,7005.265429056212,R3-004,111.85761077823445,116.0,True,113.58193892655193,126.0,True,True
Q23-007,S003-handoff,7015.165429056213,R3-004,111.85761077823445,116.0,True,113.58193892655193,126.0,True,True
Q23-007,S003-handoff,7025.065429056212,R3-004,111.85761077823445,116.0,True,113.58193892655193,126.0,True,True
Q23-007,S003-handoff,7034.965429056213,R3-004,111.85761077823445,116.0,True,113.58193892655193,126.0,True,True
Q23-007,S003-handoff,7044.865429056213,R3-004,111.85761077823445,116.0,True,113.58193892655193,126.0,True,True
Q23-007,S003-handoff,7054.765429056212,R3-004,111.85761077823445,116.0,True,113.58193892655193,126.0,True,True
Q23-007,S003-handoff,7064.665429056213,R3-004,111.85761077823445,116.0,True,113.58193892655193,126.0,True,True
Q23-007,S003-handoff,7074.565429056212,R3-004,111.85761077823445,116.0,True,113.58193892655193,126.0,True,True
Q23-007,S003-handoff,7084.465429056213,R3-004,111.85761077823445,116.0,True,113.58193892655193,126.0,True,True
Q23-007,S003-handoff,7094.365429056213,R3-004,111.85761077823445,116.0,True,113.58193892655193,126.0,True,True
Q23-007,S003-handoff,7104.265429056212,R3-004,111.85761077823445,116.0,True,113.58193892655193,126.0,True,True
Q23-007,S003-handoff,7114.165429056213,R3-004,111.85761077823445,116.0,True,113.58193892655193,126.0,True,True
Q23-007,S003-handoff,7124.065429056212,R3-004,111.85761077823445,116.0,True,113.58193892655193,126.0,True,True
Q23-007,S003-handoff,7133.965429056213,R3-004,111.85761077823445,116.0,True,113.58193892655193,126.0,True,True
Q23-007,S003-handoff,7143.865429056213,R3-004,111.85761077823445,116.0,True,113.58193892655193,126.0,True,True
Q23-007,S003-handoff,7153.765429056212,R3-004,111.85761077823445,116.0,True,113.58193892655193,126.0,True,True
Q23-007,S003-handoff,7163.665429056213,R3-004,111.85761077823445,116.0,True,113.58193892655193,126.0,True,True
Q23-007,S003-handoff,7173.565429056212,R3-004,111.85761077823445,116.0,True,113.58193892655193,126.0,True,True
Q23-007,S003-handoff,7183.465429056213,R3-004,111.85761077823445,116.0,True,113.58193892655193,126.0,True,True
Q23-007,S003-handoff,7193.365429056213,R3-004,111.85761077823445,116.0,True,113.58193892655193,126.0,True,True
Q23-007,leg2-climb,7193.365429056213,R3-004,111.85761077823445,116.0,True,113.58193892655193,126.0,True,True
Q23-007,leg2-climb,7203.2900574199275,R3-004,111.85266101265483,116.0,True,113.58193892655193,126.0,True,True
Q23-007,leg2-climb,7213.214685783643,R3-004,111.84805939864015,116.0,True,113.58193892655193,126.0,True,True
Q23-007,leg2-climb,7223.139314147358,R3-004,111.84380704974365,116.0,True,113.58193892655193,126.0,True,True
Q23-007,leg2-climb,7233.063942511074,R3-004,111.83990499745249,116.0,True,113.58193892655193,126.0,True,True
Q23-007,leg2-climb,7242.988570874789,R3-004,111.83635419036037,116.0,True,113.58193892655193,126.0,True,True
Q23-007,leg2-climb,7252.913199238505,R3-004,111.83315549340406,116.0,True,113.58193892655193,126.0,True,True
Q23-007,leg2-climb,7262.8378276022195,R3-004,111.8303096871652,116.0,True,113.58193892655193,126.0,True,True
Q23-007,leg2-climb,7272.762455965935,R3-004,111.82781746723808,116.0,True,113.58193892655193,126.0,True,True
Q23-007,leg2-climb,7282.68708432965,R3-004,111.82567944366518,116.0,True,113.58193892655193,126.0,True,True
Q23-007,leg2-cruise,7282.68708432965,R3-004,111.82567944366518,116.0,True,113.58193892655193,126.0,True,True
Q23-007,leg2-cruise,7292.566098711099,R3-004,111.5555878924811,116.0,True,113.58193892655193,126.0,True,True
Q23-007,leg2-cruise,7302.445113092547,R3-004,111.28197292596124,116.0,True,113.58193892655193,126.0,True,True
Q23-007,leg2-cruise,7312.324127473996,R3-004,111.00529660472083,116.0,True,113.58193892655193,126.0,True,True
Q23-007,leg2-cruise,7322.203141855444,R3-004,110.72615111675708,116.0,True,113.58193892655193,126.0,True,True
Q23-007,leg2-cruise,7332.082156236893,R3-004,110.44528266938393,116.0,True,113.58193892655193,126.0,True,True
Q23-007,leg2-cruise,7341.961170618341,R3-004,110.16361797745513,116.0,True,113.58193892655193,126.0,True,True
Q23-007,leg2-cruise,7351.84018499979,R3-004,109.88229280542792,116.0,True,113.58193892655193,126.0,True,True
Q23-007,leg2-cruise,7361.7191993812385,R3-004,109.60268151011047,116.0,True,113.58193892655193,126.0,True,True
Q23-007,leg2-cruise,7371.598213762687,R3-004,109.32642582747073,116.0,True,113.58193892655193,126.0,True,True
Q23-007,leg2-cruise,7381.477228144136,R3-004,109.05546023522274,116.0,True,113.58193892655193,126.0,True,True
Q23-007,leg2-cruise,7391.356242525584,R3-004,108.7920301298086,116.0,True,113.58193892655193,126.0,True,True
Q23-007,leg2-cruise,7401.235256907033,R3-004,108.53869787915224,116.0,True,113.58193892655193,126.0,True,True
Q23-007,leg2-cruise,7411.114271288481,R3-004,108.2983307592965,116.0,True,113.58193892655193,126.0,True,True
Q23-007,leg2-cruise,7420.99328566993,R3-004,108.07406420041949,116.0,True,113.58193892655193,126.0,True,True
Q23-007,leg2-cruise,7430.872300051378,R3-004,107.86923413743621,116.0,True,113.58193892655193,126.0,True,True
Q23-007,leg2-cruise,7440.751314432827,R3-004,107.68727412701341,116.0,True,113.58193892655193,126.0,True,True
Q23-007,leg2-cruise,7450.630328814275,R3-004,107.53157668407835,116.0,True,113.58193892655193,126.0,True,True
Q23-007,leg2-cruise,7460.509343195724,R3-004,107.40532404236225,116.0,True,113.58193892655193,126.0,True,True
Q23-007,leg2-cruise,7470.388357577172,R3-004,107.31130059290402,116.0,True,113.58193892655193,126.0,True,True
Q23-007,leg2-cruise,7480.267371958621,R3-004,107.2517060951035,116.0,True,113.58193892655193,126.0,True,True
Q23-007,leg2-cruise,7490.1463863400695,R3-004,107.22799324761242,116.0,True,113.58193892655193,126.0,True,True
Q23-007,leg2-cruise,7500.025400721518,R3-004,107.2407532681587,116.0,True,113.58193892655193,126.0,True,True
Q23-007,leg2-cruise,7509.904415102967,R3-004,107.2896677031351,116.0,True,113.58193892655193,126.0,True,True
Q23-008,leg1-cruise,6644.602171234741,R3-005,110.35437946399801,116.0,True,125.82956499723797,126.0,True,True
Q23-008,leg1-cruise,6654.532507698204,R3-005,109.70346523719701,116.0,True,125.82956499723797,126.0,True,True
Q23-008,leg1-cruise,6664.462844161668,R3-005,99.17983718793313,116.0,True,125.82956499723797,126.0,True,True
Q23-008,leg1-cruise,6674.393180625131,R3-005,98.84657265656517,116.0,True,125.82956499723797,126.0,True,True
Q23-008,leg1-cruise,6684.3235170885955,R3-005,98.75370538639558,116.0,True,125.82956499723797,126.0,True,True
Q23-008,leg1-cruise,6694.253853552059,R3-005,98.91674328014925,116.0,True,125.82956499723797,126.0,True,True
Q23-008,leg1-cruise,6704.184190015522,R3-005,99.30892971013473,116.0,True,125.82956499723797,126.0,True,True
Q23-008,leg1-cruise,6714.114526478986,R3-005,99.87428204386053,116.0,True,125.82956499723797,126.0,True,True
Q23-008,leg1-cruise,6724.04486294245,R3-005,100.54987387646267,116.0,True,125.82956499723797,126.0,True,True
Q23-008,leg1-cruise,6733.975199405913,R3-005,101.28212271931255,116.0,True,125.82956499723797,126.0,True,True
Q23-008,leg1-cruise,6743.905535869377,R3-005,102.03249995108939,116.0,True,125.82956499723797,126.0,True,True
Q23-008,leg1-cruise,6753.83587233284,R3-005,102.77633900182826,116.0,True,125.82956499723797,126.0,True,True
Q23-008,leg1-cruise,6763.7662087963035,R3-005,103.4992807429313,116.0,True,125.82956499723797,126.0,True,True
Q23-008,leg1-cruise,6773.696545259768,R3-005,104.19381720935543,116.0,True,125.82956499723797,126.0,True,True
Q23-008,leg1-cruise,6783.626881723231,R3-005,104.85669591586647,116.0,True,125.82956499723797,126.0,True,True
Q23-008,leg1-cruise,6793.557218186695,R3-005,105.4871811438669,116.0,True,125.82956499723797,126.0,True,True
Q23-008,leg1-descent,6793.557218186695,R3-005,105.4871811438669,116.0,True,125.82956499723797,126.0,True,True
Q23-008,leg1-descent,6803.2680276872525,R3-005,105.48245789120332,116.0,True,125.82956499723797,126.0,True,True
Q23-008,leg1-descent,6812.97883718781,R3-005,105.47919768288492,116.0,True,125.82956499723797,126.0,True,True
Q23-008,leg1-descent,6822.689646688368,R3-005,105.47740381878788,116.0,True,125.82956499723797,126.0,True,True
Q23-008,leg1-descent,6832.400456188927,R3-005,105.47707811706866,116.0,True,125.82956499723797,126.0,True,True
Q23-008,leg1-descent,6842.111265689485,R3-005,115.47822090802754,116.0,True,125.82956499723797,126.0,True,True
Q23-008,leg1-descent,6851.822075190043,R3-005,115.48083103299281,116.0,True,125.82956499723797,126.0,True,True
Q23-008,leg1-descent,6861.5328846906,R3-005,115.48490584823361,116.0,True,125.82956499723797,126.0,True,True
Q23-008,S004-handoff,6861.5328846906,R3-005,115.48490584823361,116.0,True,125.82956499723797,126.0,True,True
Q23-008,S004-handoff,6871.5328846906,R3-005,115.48490584823361,116.0,True,125.82956499723797,126.0,True,True
Q23-008,S004-handoff,6881.5328846906,R3-005,115.48490584823361,116.0,True,125.82956499723797,126.0,True,True
Q23-008,S004-handoff,6891.5328846906,R3-005,115.48490584823361,116.0,True,125.82956499723797,126.0,True,True
Q23-008,S004-handoff,6901.5328846906,R3-005,115.48490584823361,116.0,True,125.82956499723797,126.0,True,True
Q23-008,S004-handoff,6911.5328846906,R3-005,115.48490584823361,116.0,True,125.82956499723797,126.0,True,True
Q23-008,S004-handoff,6921.5328846906,R3-005,115.48490584823361,116.0,True,125.82956499723797,126.0,True,True
Q23-008,S004-handoff,6931.5328846906,R3-005,115.48490584823361,116.0,True,125.82956499723797,126.0,True,True
Q23-008,S004-handoff,6941.5328846906,R3-005,115.48490584823361,116.0,True,125.82956499723797,126.0,True,True
Q23-008,S004-handoff,6951.5328846906,R3-005,115.48490584823361,116.0,True,125.82956499723797,126.0,True,True
Q23-008,S004-handoff,6961.5328846906,R3-005,115.48490584823361,116.0,True,125.82956499723797,126.0,True,True
Q23-008,S004-handoff,6971.5328846906,R3-005,115.48490584823361,116.0,True,125.82956499723797,126.0,True,True
Q23-008,S004-handoff,6981.5328846906,R3-005,115.48490584823361,116.0,True,125.82956499723797,126.0,True,True
Q23-008,S004-handoff,6991.5328846906,R3-005,115.48490584823361,116.0,True,125.82956499723797,126.0,True,True
Q23-008,S004-handoff,7001.5328846906,R3-005,115.48490584823361,116.0,True,125.82956499723797,126.0,True,True
Q23-008,S004-handoff,7011.5328846906,R3-005,115.48490584823361,116.0,True,125.82956499723797,126.0,True,True
Q23-008,S004-handoff,7021.5328846906,R3-005,115.48490584823361,116.0,True,125.82956499723797,126.0,True,True
Q23-008,S004-handoff,7031.5328846906,R3-005,115.48490584823361,116.0,True,125.82956499723797,126.0,True,True
Q23-008,S004-handoff,7041.5328846906,R3-005,115.48490584823361,116.0,True,125.82956499723797,126.0,True,True
Q23-008,S004-handoff,7051.5328846906,R3-005,115.48490584823361,116.0,True,125.82956499723797,126.0,True,True
Q23-008,S004-handoff,7061.5328846906,R3-005,115.48490584823361,116.0,True,125.82956499723797,126.0,True,True
Q23-008,S004-handoff,7071.5328846906,R3-005,115.48490584823361,116.0,True,125.82956499723797,126.0,True,True
Q23-008,leg2-climb,7071.5328846906,R3-005,115.48490584823361,116.0,True,125.82956499723797,126.0,True,True
Q23-008,leg2-climb,7080.97394948281,R3-005,115.48029420783385,116.0,True,125.82956499723797,126.0,True,True
Q23-008,leg2-climb,7090.415014275019,R3-005,105.47767685276196,116.0,True,125.82956499723797,126.0,True,True
Q23-008,leg2-climb,7099.856079067228,R3-005,105.477057392078,116.0,True,125.82956499723797,126.0,True,True
Q23-008,leg2-climb,7109.297143859438,R3-005,105.47843668069635,116.0,True,125.82956499723797,126.0,True,True
Q23-008,leg2-climb,7118.738208651646,R3-005,105.48181281545645,116.0,True,125.82956499723797,126.0,True,True
Q23-008,leg2-climb,7128.179273443856,R3-005,105.4871811438669,116.0,True,125.82956499723797,126.0,True,True
Q23-008,leg2-cruise,7128.179273443856,R3-005,105.4871811438669,116.0,True,125.82956499723797,126.0,True,True
Q23-008,leg2-cruise,7138.109609907319,R3-005,104.85669591586647,116.0,True,125.82956499723797,126.0,True,True
Q23-008,leg2-cruise,7148.039946370783,R3-005,104.19381720935543,116.0,True,125.82956499723797,126.0,True,True
Q23-008,leg2-cruise,7157.970282834247,R3-005,103.4992807429313,116.0,True,125.82956499723797,126.0,True,True
Q23-008,leg2-cruise,7167.90061929771,R3-005,102.77633900182826,116.0,True,125.82956499723797,126.0,True,True
Q23-008,leg2-cruise,7177.830955761174,R3-005,102.03249995108939,116.0,True,125.82956499723797,126.0,True,True
Q23-008,leg2-cruise,7187.761292224637,R3-005,101.28212271931255,116.0,True,125.82956499723797,126.0,True,True
Q23-008,leg2-cruise,7197.6916286881005,R3-005,100.54987387646267,116.0,True,125.82956499723797,126.0,True,True
Q23-008,leg2-cruise,7207.621965151565,R3-005,99.87428204386053,116.0,True,125.82956499723797,126.0,True,True
Q23-008,leg2-cruise,7217.552301615028,R3-005,99.30892971013473,116.0,True,125.82956499723797,126.0,True,True
Q23-008,leg2-cruise,7227.482638078492,R3-005,98.91674328014925,116.0,True,125.82956499723797,126.0,True,True
Q23-008,leg2-cruise,7237.412974541955,R3-005,98.75370538639558,116.0,True,125.82956499723797,126.0,True,True
Q23-008,leg2-cruise,7247.343311005419,R3-005,98.84657265656517,116.0,True,125.82956499723797,126.0,True,True
Q23-008,leg2-cruise,7257.273647468883,R3-005,99.17983718793313,116.0,True,125.82956499723797,126.0,True,True
Q23-008,leg2-cruise,7267.203983932346,R3-005,109.70346523719701,116.0,True,125.82956499723797,126.0,True,True
Q23-008,leg2-cruise,7277.1343203958095,R3-005,110.35437946399801,116.0,True,125.82956499723797,126.0,True,True
Q23-009,leg1-cruise,9003.17811565206,R3-007,110.35437946399801,116.0,True,125.82956499723797,126.0,True,True
Q23-009,leg1-cruise,9013.108452115523,R3-007,109.70346523719701,116.0,True,125.82956499723797,126.0,True,True
Q23-009,leg1-cruise,9023.038788578986,R3-007,99.1798371879324,116.0,True,125.82956499723797,126.0,True,True
Q23-009,leg1-cruise,9032.96912504245,R3-007,98.84657265656517,116.0,True,125.82956499723797,126.0,True,True
Q23-009,leg1-cruise,9042.899461505913,R3-007,98.75370538639558,116.0,True,125.82956499723797,126.0,True,True
Q23-009,leg1-cruise,9052.829797969376,R3-007,98.91674328014925,116.0,True,125.82956499723797,126.0,True,True
Q23-009,leg1-cruise,9062.76013443284,R3-007,99.30892971013473,116.0,True,125.82956499723797,126.0,True,True
Q23-009,leg1-cruise,9072.690470896303,R3-007,99.87428204386053,116.0,True,125.82956499723797,126.0,True,True
Q23-009,leg1-cruise,9082.620807359766,R3-007,100.54987387646267,116.0,True,125.82956499723797,126.0,True,True
Q23-009,leg1-cruise,9092.55114382323,R3-007,101.28212271931255,116.0,True,125.82956499723797,126.0,True,True
Q23-009,leg1-cruise,9102.481480286695,R3-007,102.03249995108939,116.0,True,125.82956499723797,126.0,True,True
Q23-009,leg1-cruise,9112.411816750158,R3-007,102.77633900182826,116.0,True,125.82956499723797,126.0,True,True
Q23-009,leg1-cruise,9122.342153213622,R3-007,103.4992807429313,116.0,True,125.82956499723797,126.0,True,True
Q23-009,leg1-cruise,9132.272489677085,R3-007,104.19381720935543,116.0,True,125.82956499723797,126.0,True,True
Q23-009,leg1-cruise,9142.202826140548,R3-007,104.85669591586647,116.0,True,125.82956499723797,126.0,True,True
Q23-009,leg1-cruise,9152.133162604012,R3-007,105.4871811438669,116.0,True,125.82956499723797,126.0,True,True
Q23-009,leg1-descent,9152.133162604012,R3-007,105.4871811438669,116.0,True,125.82956499723797,126.0,True,True
Q23-009,leg1-descent,9161.57422739622,R3-007,105.48338121201832,116.0,True,125.82956499723797,126.0,True,True
Q23-009,leg1-descent,9171.015292188431,R3-007,105.48046579621051,116.0,True,125.82956499723797,126.0,True,True
Q23-009,leg1-descent,9180.45635698064,R3-007,105.47843668069635,116.0,True,125.82956499723797,126.0,True,True
Q23-009,leg1-descent,9189.897421772848,R3-007,105.47729510895763,116.0,True,125.82956499723797,126.0,True,True
Q23-009,leg1-descent,9199.338486565059,R3-007,105.47704178116793,116.0,True,125.82956499723797,126.0,True,True
Q23-009,leg1-descent,9208.779551357267,R3-007,105.47767685276196,116.0,True,125.82956499723797,126.0,True,True
Q23-009,leg1-descent,9218.220616149476,R3-007,115.47919993411782,116.0,True,125.82956499723797,126.0,True,True
Q23-009,leg1-descent,9227.661680941686,R3-007,115.48161009135342,116.0,True,125.82956499723797,126.0,True,True
Q23-009,leg1-descent,9237.102745733895,R3-007,115.48490584823361,116.0,True,125.82956499723797,126.0,True,True
Q23-009,S004-handoff,9237.102745733895,R3-007,115.48490584823361,116.0,True,125.82956499723797,126.0,True,True
Q23-009,S004-handoff,9246.920927552077,R3-007,115.48490584823361,116.0,True,125.82956499723797,126.0,True,True
Q23-009,S004-handoff,9256.739109370259,R3-007,115.48490584823361,116.0,True,125.82956499723797,126.0,True,True
Q23-009,S004-handoff,9266.557291188441,R3-007,115.48490584823361,116.0,True,125.82956499723797,126.0,True,True
Q23-009,S004-handoff,9276.375473006623,R3-007,115.48490584823361,116.0,True,125.82956499723797,126.0,True,True
Q23-009,S004-handoff,9286.193654824805,R3-007,115.48490584823361,116.0,True,125.82956499723797,126.0,True,True
Q23-009,S004-handoff,9296.011836642985,R3-007,115.48490584823361,116.0,True,125.82956499723797,126.0,True,True
Q23-009,S004-handoff,9305.830018461167,R3-007,115.48490584823361,116.0,True,125.82956499723797,126.0,True,True
Q23-009,S004-handoff,9315.64820027935,R3-007,115.48490584823361,116.0,True,125.82956499723797,126.0,True,True
Q23-009,S004-handoff,9325.466382097531,R3-007,115.48490584823361,116.0,True,125.82956499723797,126.0,True,True
Q23-009,S004-handoff,9335.284563915713,R3-007,115.48490584823361,116.0,True,125.82956499723797,126.0,True,True
Q23-009,S004-handoff,9345.102745733895,R3-007,115.48490584823361,116.0,True,125.82956499723797,126.0,True,True
Q23-009,S004-handoff,9354.920927552077,R3-007,115.48490584823361,116.0,True,125.82956499723797,126.0,True,True
Q23-009,S004-handoff,9364.739109370259,R3-007,115.48490584823361,116.0,True,125.82956499723797,126.0,True,True
Q23-009,S004-handoff,9374.557291188441,R3-007,115.48490584823361,116.0,True,125.82956499723797,126.0,True,True
Q23-009,S004-handoff,9384.375473006623,R3-007,115.48490584823361,116.0,True,125.82956499723797,126.0,True,True
Q23-009,S004-handoff,9394.193654824805,R3-007,115.48490584823361,116.0,True,125.82956499723797,126.0,True,True
Q23-009,S004-handoff,9404.011836642985,R3-007,115.48490584823361,116.0,True,125.82956499723797,126.0,True,True
Q23-009,S004-handoff,9413.830018461167,R3-007,115.48490584823361,116.0,True,125.82956499723797,126.0,True,True
Q23-009,S004-handoff,9423.64820027935,R3-007,115.48490584823361,116.0,True,125.82956499723797,126.0,True,True
Q23-009,S004-handoff,9433.466382097531,R3-007,115.48490584823361,116.0,True,125.82956499723797,126.0,True,True
Q23-009,S004-handoff,9443.284563915713,R3-007,115.48490584823361,116.0,True,125.82956499723797,126.0,True,True
Q23-009,S004-handoff,9453.102745733895,R3-007,115.48490584823361,116.0,True,125.82956499723797,126.0,True,True
Q23-009,S004-handoff,9462.920927552077,R3-007,115.48490584823361,116.0,True,125.82956499723797,126.0,True,True
Q23-009,S004-handoff,9472.739109370259,R3-007,115.48490584823361,116.0,True,125.82956499723797,126.0,True,True
Q23-009,S004-handoff,9482.557291188441,R3-007,115.48490584823361,116.0,True,125.82956499723797,126.0,True,True
Q23-009,S004-handoff,9492.375473006623,R3-007,115.48490584823361,116.0,True,125.82956499723797,126.0,True,True
Q23-009,S004-handoff,9502.193654824805,R3-007,115.48490584823361,116.0,True,125.82956499723797,126.0,True,True
Q23-009,S004-handoff,9512.011836642985,R3-007,115.48490584823361,116.0,True,125.82956499723797,126.0,True,True
Q23-009,S004-handoff,9521.830018461167,R3-007,115.48490584823361,116.0,True,125.82956499723797,126.0,True,True
Q23-009,S004-handoff,9531.64820027935,R3-007,115.48490584823361,116.0,True,125.82956499723797,126.0,True,True
Q23-009,S004-handoff,9541.466382097531,R3-007,115.48490584823361,116.0,True,125.82956499723797,126.0,True,True
Q23-009,S004-handoff,9551.284563915713,R3-007,115.48490584823361,116.0,True,125.82956499723797,126.0,True,True
Q23-009,S004-handoff,9561.102745733895,R3-007,115.48490584823361,116.0,True,125.82956499723797,126.0,True,True
Q23-009,leg2-climb,9561.102745733895,R3-007,115.48490584823361,116.0,True,125.82956499723797,126.0,True,True
Q23-009,leg2-climb,9570.813555234454,R3-007,115.48083103299281,116.0,True,125.82956499723797,126.0,True,True
Q23-009,leg2-climb,9580.52436473501,R3-007,115.47822090802754,116.0,True,125.82956499723797,126.0,True,True
Q23-009,leg2-climb,9590.23517423557,R3-007,105.47707811706866,116.0,True,125.82956499723797,126.0,True,True
Q23-009,leg2-climb,9599.945983736126,R3-007,105.47740381878788,116.0,True,125.82956499723797,126.0,True,True
Q23-009,leg2-climb,9609.656793236685,R3-007,105.47919768288492,116.0,True,125.82956499723797,126.0,True,True
Q23-009,leg2-climb,9619.367602737242,R3-007,105.48245789120332,116.0,True,125.82956499723797,126.0,True,True
Q23-009,leg2-climb,9629.0784122378,R3-007,105.4871811438669,116.0,True,125.82956499723797,126.0,True,True
Q23-009,leg2-cruise,9629.0784122378,R3-007,105.4871811438669,116.0,True,125.82956499723797,126.0,True,True
Q23-009,leg2-cruise,9639.008748701264,R3-007,104.85669591586647,116.0,True,125.82956499723797,126.0,True,True
Q23-009,leg2-cruise,9648.939085164728,R3-007,104.19381720935543,116.0,True,125.82956499723797,126.0,True,True
Q23-009,leg2-cruise,9658.869421628191,R3-007,103.4992807429313,116.0,True,125.82956499723797,126.0,True,True
Q23-009,leg2-cruise,9668.799758091654,R3-007,102.77633900182826,116.0,True,125.82956499723797,126.0,True,True
Q23-009,leg2-cruise,9678.730094555118,R3-007,102.03249995108939,116.0,True,125.82956499723797,126.0,True,True
Q23-009,leg2-cruise,9688.660431018583,R3-007,101.28212271931255,116.0,True,125.82956499723797,126.0,True,True
Q23-009,leg2-cruise,9698.590767482046,R3-007,100.54987387646267,116.0,True,125.82956499723797,126.0,True,True
Q23-009,leg2-cruise,9708.52110394551,R3-007,99.87428204386053,116.0,True,125.82956499723797,126.0,True,True
Q23-009,leg2-cruise,9718.451440408973,R3-007,99.30892971013473,116.0,True,125.82956499723797,126.0,True,True
Q23-009,leg2-cruise,9728.381776872437,R3-007,98.91674328014925,116.0,True,125.82956499723797,126.0,True,True
Q23-009,leg2-cruise,9738.3121133359,R3-007,98.75370538639558,116.0,True,125.82956499723797,126.0,True,True
Q23-009,leg2-cruise,9748.242449799363,R3-007,98.84657265656517,116.0,True,125.82956499723797,126.0,True,True
Q23-009,leg2-cruise,9758.172786262827,R3-007,99.1798371879324,116.0,True,125.82956499723797,126.0,True,True
Q23-009,leg2-cruise,9768.10312272629,R3-007,109.70346523719701,116.0,True,125.82956499723797,126.0,True,True
Q23-009,leg2-cruise,9778.033459189754,R3-007,110.35437946399801,116.0,True,125.82956499723797,126.0,True,True
Q23-010,leg1-cruise,2758.2493042386855,R3-002,108.79033174544145,116.0,True,123.1296585863597,126.0,True,True
Q23-010,leg1-cruise,2768.067860037111,R3-002,108.84107527064225,116.0,True,123.1296585863597,126.0,True,True
Q23-010,leg1-cruise,2777.8864158355373,R3-002,108.90696502856999,116.0,True,123.1296585863597,126.0,True,True
Q23-010,leg1-cruise,2787.7049716339634,R3-002,108.98731343568843,116.0,True,123.1296585863597,126.0,True,True
Q23-010,leg1-cruise,2797.5235274323895,R3-002,109.08131442258741,116.0,True,123.1296585863597,126.0,True,True
Q23-010,leg1-cruise,2807.3420832308157,R3-002,109.18806840131154,116.0,True,123.1296585863597,126.0,True,True
Q23-010,leg1-cruise,2817.160639029242,R3-002,109.3066079966273,116.0,True,123.1296585863597,126.0,True,True
Q23-010,leg1-cruise,2826.979194827668,R3-002,109.43592319692226,116.0,True,123.1296585863597,126.0,True,True
Q23-010,leg1-cruise,2836.797750626094,R3-002,109.57498481586859,116.0,True,123.1296585863597,126.0,True,True
Q23-010,leg1-cruise,2846.6163064245197,R3-002,109.72276544488125,116.0,True,123.1296585863597,126.0,True,True
Q23-010,leg1-cruise,2856.434862222946,R3-002,109.87825737747295,116.0,True,123.1296585863597,126.0,True,True
Q23-010,leg1-cruise,2866.253418021372,R3-002,110.04048726622395,116.0,True,123.1296585863597,126.0,True,True
Q23-010,leg1-cruise,2876.071973819798,R3-002,110.20852750916355,116.0,True,123.1296585863597,126.0,True,True
Q23-010,leg1-descent,2876.071973819798,R3-002,110.20852750916355,116.0,True,123.1296585863597,126.0,True,True
Q23-010,leg1-descent,2884.8326997312565,R3-002,110.21479979989684,116.0,True,123.1296585863597,126.0,True,True
Q23-010,leg1-descent,2893.593425642715,R3-002,110.22146397687585,116.0,True,123.1296585863597,126.0,True,True
Q23-010,leg1-descent,2902.354151554173,R3-002,110.22851822464428,116.0,True,123.1296585863597,126.0,True,True
Q23-010,leg1-descent,2911.1148774656313,R3-002,110.23596062856923,116.0,True,123.1296585863597,126.0,True,True
Q23-010,leg1-descent,2919.8756033770896,R3-002,110.24378917653931,116.0,True,123.1296585863597,126.0,True,True
Q23-010,leg1-descent,2928.636329288548,R3-002,110.2520017607381,116.0,True,123.1296585863597,126.0,True,True
Q23-010,S005-handoff,2928.636329288548,R3-002,110.2520017607381,116.0,True,123.1296585863597,126.0,True,True
Q23-010,S005-handoff,2938.636329288548,R3-002,110.2520017607381,116.0,True,123.1296585863597,126.0,True,True
Q23-010,S005-handoff,2948.636329288548,R3-002,110.2520017607381,116.0,True,123.1296585863597,126.0,True,True
Q23-010,S005-handoff,2958.636329288548,R3-002,110.2520017607381,116.0,True,123.1296585863597,126.0,True,True
Q23-010,S005-handoff,2968.636329288548,R3-002,110.2520017607381,116.0,True,123.1296585863597,126.0,True,True
Q23-010,S005-handoff,2978.636329288548,R3-002,110.2520017607381,116.0,True,123.1296585863597,126.0,True,True
Q23-010,S005-handoff,2988.636329288548,R3-002,110.2520017607381,116.0,True,123.1296585863597,126.0,True,True
Q23-010,S005-handoff,2998.636329288548,R3-002,110.2520017607381,116.0,True,123.1296585863597,126.0,True,True
Q23-010,S005-handoff,3008.636329288548,R3-002,110.2520017607381,116.0,True,123.1296585863597,126.0,True,True
Q23-010,S005-handoff,3018.636329288548,R3-002,110.2520017607381,116.0,True,123.1296585863597,126.0,True,True
Q23-010,S005-handoff,3028.636329288548,R3-002,110.2520017607381,116.0,True,123.1296585863597,126.0,True,True
Q23-010,S005-handoff,3038.636329288548,R3-002,110.2520017607381,116.0,True,123.1296585863597,126.0,True,True
Q23-010,S005-handoff,3048.636329288548,R3-002,110.2520017607381,116.0,True,123.1296585863597,126.0,True,True
Q23-010,S005-handoff,3058.636329288548,R3-002,110.2520017607381,116.0,True,123.1296585863597,126.0,True,True
Q23-010,S005-handoff,3068.636329288548,R3-002,110.2520017607381,116.0,True,123.1296585863597,126.0,True,True
Q23-010,S005-handoff,3078.636329288548,R3-002,110.2520017607381,116.0,True,123.1296585863597,126.0,True,True
Q23-010,S005-handoff,3088.636329288548,R3-002,110.2520017607381,116.0,True,123.1296585863597,126.0,True,True
Q23-010,S005-handoff,3098.636329288548,R3-002,110.2520017607381,116.0,True,123.1296585863597,126.0,True,True
Q23-010,S005-handoff,3108.636329288548,R3-002,110.2520017607381,116.0,True,123.1296585863597,126.0,True,True
Q23-010,S005-handoff,3118.636329288548,R3-002,110.2520017607381,116.0,True,123.1296585863597,126.0,True,True
Q23-010,S005-handoff,3128.636329288548,R3-002,110.2520017607381,116.0,True,123.1296585863597,126.0,True,True
Q23-010,S005-handoff,3138.636329288548,R3-002,110.2520017607381,116.0,True,123.1296585863597,126.0,True,True
Q23-010,leg2-climb,3138.636329288548,R3-002,110.2520017607381,116.0,True,123.1296585863597,126.0,True,True
Q23-010,leg2-climb,3147.3970552000064,R3-002,110.2421926752334,116.0,True,123.1296585863597,126.0,True,True
Q23-010,leg2-climb,3156.157781111465,R3-002,110.2329372148724,116.0,True,123.1296585863597,126.0,True,True
Q23-010,leg2-climb,3164.9185070229228,R3-002,110.22423897250428,116.0,True,123.1296585863597,126.0,True,True
Q23-010,leg2-climb,3173.679232934381,R3-002,110.21610134104614,116.0,True,123.1296585863597,126.0,True,True
Q23-010,leg2-climb,3182.4399588458396,R3-002,110.20852750916355,116.0,True,123.1296585863597,126.0,True,True
Q23-010,leg2-cruise,3182.4399588458396,R3-002,110.20852750916355,116.0,True,123.1296585863597,126.0,True,True
Q23-010,leg2-cruise,3192.2585146442657,R3-002,110.04048726622395,116.0,True,123.1296585863597,126.0,True,True
Q23-010,leg2-cruise,3202.077070442692,R3-002,109.87825737747295,116.0,True,123.1296585863597,126.0,True,True
Q23-010,leg2-cruise,3211.895626241118,R3-002,109.72276544488125,116.0,True,123.1296585863597,126.0,True,True
Q23-010,leg2-cruise,3221.7141820395436,R3-002,109.57498481586859,116.0,True,123.1296585863597,126.0,True,True
Q23-010,leg2-cruise,3231.5327378379698,R3-002,109.43592319692226,116.0,True,123.1296585863597,126.0,True,True
Q23-010,leg2-cruise,3241.351293636396,R3-002,109.3066079966273,116.0,True,123.1296585863597,126.0,True,True
Q23-010,leg2-cruise,3251.169849434822,R3-002,109.18806840131154,116.0,True,123.1296585863597,126.0,True,True
Q23-010,leg2-cruise,3260.988405233248,R3-002,109.08131442258741,116.0,True,123.1296585863597,126.0,True,True
Q23-010,leg2-cruise,3270.8069610316743,R3-002,108.98731343568843,116.0,True,123.1296585863597,126.0,True,True
Q23-010,leg2-cruise,3280.6255168301004,R3-002,108.90696502856999,116.0,True,123.1296585863597,126.0,True,True
Q23-010,leg2-cruise,3290.4440726285266,R3-002,108.84107527064225,116.0,True,123.1296585863597,126.0,True,True
Q23-010,leg2-cruise,3300.2626284269522,R3-002,108.79033174544145,116.0,True,123.1296585863597,126.0,True,True
Q23-011,leg1-cruise,2382.7668062278276,R3-002,108.77081662972857,116.0,True,123.1296585863597,126.0,True,True
Q23-011,leg1-cruise,2392.5853620262537,R3-002,108.8269455124356,116.0,True,123.1296585863597,126.0,True,True
Q23-011,leg1-cruise,2402.40391782468,R3-002,108.90696502856999,116.0,True,123.1296585863597,126.0,True,True
Q23-011,leg1-cruise,2412.222473623106,R3-002,109.00956749253632,116.0,True,123.1296585863597,126.0,True,True
Q23-011,leg1-cruise,2422.041029421532,R3-002,109.13315646072749,116.0,True,123.1296585863597,126.0,True,True
Q23-011,leg1-cruise,2431.8595852199583,R3-002,109.27592293086535,116.0,True,123.1296585863597,126.0,True,True
Q23-011,leg1-cruise,2441.678141018384,R3-002,109.43592319692226,116.0,True,123.1296585863597,126.0,True,True
Q23-011,leg1-cruise,2451.49669681681,R3-002,109.61115239057065,116.0,True,123.1296585863597,126.0,True,True
Q23-011,leg1-cruise,2461.315252615236,R3-002,109.79960928686671,116.0,True,123.1296585863597,126.0,True,True
Q23-011,leg1-cruise,2471.1338084136623,R3-002,109.99934970902017,116.0,True,123.1296585863597,126.0,True,True
Q23-011,leg1-cruise,2480.9523642120885,R3-002,110.20852750916355,116.0,True,123.1296585863597,126.0,True,True
Q23-011,leg1-descent,2480.9523642120885,R3-002,110.20852750916355,116.0,True,123.1296585863597,126.0,True,True
Q23-011,leg1-descent,2490.3388562600794,R3-002,110.21387972423716,116.0,True,123.1296585863597,126.0,True,True
Q23-011,leg1-descent,2499.725348308071,R3-002,110.21952004190254,116.0,True,123.1296585863597,126.0,True,True
Q23-011,leg1-descent,2509.1118403560617,R3-002,110.22544733238277,116.0,True,123.1296585863597,126.0,True,True
Q23-011,leg1-descent,2518.4983324040527,R3-002,110.23166041211182,116.0,True,123.1296585863597,126.0,True,True
Q23-011,leg1-descent,2527.8848244520436,R3-002,110.23815804450747,116.0,True,123.1296585863597,126.0,True,True
Q23-011,leg1-descent,2537.271316500035,R3-002,110.24493894077465,116.0,True,123.1296585863597,126.0,True,True
Q23-011,leg1-descent,2546.657808548026,R3-002,110.2520017607381,116.0,True,123.1296585863597,126.0,True,True
Q23-011,S005-handoff,2546.657808548026,R3-002,110.2520017607381,116.0,True,123.1296585863597,126.0,True,True
Q23-011,S005-handoff,2556.475990366208,R3-002,110.2520017607381,116.0,True,123.1296585863597,126.0,True,True
Q23-011,S005-handoff,2566.2941721843895,R3-002,110.2520017607381,116.0,True,123.1296585863597,126.0,True,True
Q23-011,S005-handoff,2576.1123540025715,R3-002,110.2520017607381,116.0,True,123.1296585863597,126.0,True,True
Q23-011,S005-handoff,2585.9305358207534,R3-002,110.2520017607381,116.0,True,123.1296585863597,126.0,True,True
Q23-011,S005-handoff,2595.748717638935,R3-002,110.2520017607381,116.0,True,123.1296585863597,126.0,True,True
Q23-011,S005-handoff,2605.566899457117,R3-002,110.2520017607381,116.0,True,123.1296585863597,126.0,True,True
Q23-011,S005-handoff,2615.3850812752985,R3-002,110.2520017607381,116.0,True,123.1296585863597,126.0,True,True
Q23-011,S005-handoff,2625.2032630934805,R3-002,110.2520017607381,116.0,True,123.1296585863597,126.0,True,True
Q23-011,S005-handoff,2635.0214449116625,R3-002,110.2520017607381,116.0,True,123.1296585863597,126.0,True,True
Q23-011,S005-handoff,2644.839626729844,R3-002,110.2520017607381,116.0,True,123.1296585863597,126.0,True,True
Q23-011,S005-handoff,2654.657808548026,R3-002,110.2520017607381,116.0,True,123.1296585863597,126.0,True,True
Q23-011,S005-handoff,2664.475990366208,R3-002,110.2520017607381,116.0,True,123.1296585863597,126.0,True,True
Q23-011,S005-handoff,2674.2941721843895,R3-002,110.2520017607381,116.0,True,123.1296585863597,126.0,True,True
Q23-011,S005-handoff,2684.1123540025715,R3-002,110.2520017607381,116.0,True,123.1296585863597,126.0,True,True
Q23-011,S005-handoff,2693.9305358207534,R3-002,110.2520017607381,116.0,True,123.1296585863597,126.0,True,True
Q23-011,S005-handoff,2703.748717638935,R3-002,110.2520017607381,116.0,True,123.1296585863597,126.0,True,True
Q23-011,S005-handoff,2713.566899457117,R3-002,110.2520017607381,116.0,True,123.1296585863597,126.0,True,True
Q23-011,S005-handoff,2723.3850812752985,R3-002,110.2520017607381,116.0,True,123.1296585863597,126.0,True,True
Q23-011,S005-handoff,2733.2032630934805,R3-002,110.2520017607381,116.0,True,123.1296585863597,126.0,True,True
Q23-011,S005-handoff,2743.0214449116625,R3-002,110.2520017607381,116.0,True,123.1296585863597,126.0,True,True
Q23-011,S005-handoff,2752.839626729844,R3-002,110.2520017607381,116.0,True,123.1296585863597,126.0,True,True
Q23-011,S005-handoff,2762.657808548026,R3-002,110.2520017607381,116.0,True,123.1296585863597,126.0,True,True
Q23-011,S005-handoff,2772.475990366208,R3-002,110.2520017607381,116.0,True,123.1296585863597,126.0,True,True
Q23-011,S005-handoff,2782.2941721843895,R3-002,110.2520017607381,116.0,True,123.1296585863597,126.0,True,True
Q23-011,S005-handoff,2792.1123540025715,R3-002,110.2520017607381,116.0,True,123.1296585863597,126.0,True,True
Q23-011,S005-handoff,2801.9305358207534,R3-002,110.2520017607381,116.0,True,123.1296585863597,126.0,True,True
Q23-011,S005-handoff,2811.748717638935,R3-002,110.2520017607381,116.0,True,123.1296585863597,126.0,True,True
Q23-011,S005-handoff,2821.566899457117,R3-002,110.2520017607381,116.0,True,123.1296585863597,126.0,True,True
Q23-011,S005-handoff,2831.385081275299,R3-002,110.2520017607381,116.0,True,123.1296585863597,126.0,True,True
Q23-011,S005-handoff,2841.2032630934805,R3-002,110.2520017607381,116.0,True,123.1296585863597,126.0,True,True
Q23-011,S005-handoff,2851.0214449116625,R3-002,110.2520017607381,116.0,True,123.1296585863597,126.0,True,True
Q23-011,S005-handoff,2860.839626729844,R3-002,110.2520017607381,116.0,True,123.1296585863597,126.0,True,True
Q23-011,S005-handoff,2870.657808548026,R3-002,110.2520017607381,116.0,True,123.1296585863597,126.0,True,True
Q23-011,leg2-climb,2870.657808548026,R3-002,110.2520017607381,116.0,True,123.1296585863597,126.0,True,True
Q23-011,leg2-climb,2879.4185344594844,R3-002,110.24378917653931,116.0,True,123.1296585863597,126.0,True,True
Q23-011,leg2-climb,2888.1792603709428,R3-002,110.23596062856923,116.0,True,123.1296585863597,126.0,True,True
Q23-011,leg2-climb,2896.939986282401,R3-002,110.22851822464428,116.0,True,123.1296585863597,126.0,True,True
Q23-011,leg2-climb,2905.700712193859,R3-002,110.22146397687585,116.0,True,123.1296585863597,126.0,True,True
Q23-011,leg2-climb,2914.4614381053175,R3-002,110.21479979989684,116.0,True,123.1296585863597,126.0,True,True
Q23-011,leg2-climb,2923.222164016776,R3-002,110.20852750916355,116.0,True,123.1296585863597,126.0,True,True
Q23-011,leg2-cruise,2923.222164016776,R3-002,110.20852750916355,116.0,True,123.1296585863597,126.0,True,True
Q23-011,leg2-cruise,2933.040719815202,R3-002,109.99934970902017,116.0,True,123.1296585863597,126.0,True,True
Q23-011,leg2-cruise,2942.859275613628,R3-002,109.79960928686671,116.0,True,123.1296585863597,126.0,True,True
Q23-011,leg2-cruise,2952.6778314120543,R3-002,109.61115239057065,116.0,True,123.1296585863597,126.0,True,True
Q23-011,leg2-cruise,2962.49638721048,R3-002,109.43592319692226,116.0,True,123.1296585863597,126.0,True,True
Q23-011,leg2-cruise,2972.314943008906,R3-002,109.27592293086535,116.0,True,123.1296585863597,126.0,True,True
Q23-011,leg2-cruise,2982.133498807332,R3-002,109.13315646072749,116.0,True,123.1296585863597,126.0,True,True
Q23-011,leg2-cruise,2991.9520546057583,R3-002,109.00956749253632,116.0,True,123.1296585863597,126.0,True,True
Q23-011,leg2-cruise,3001.7706104041845,R3-002,108.90696502856999,116.0,True,123.1296585863597,126.0,True,True
Q23-011,leg2-cruise,3011.5891662026106,R3-002,108.8269455124356,116.0,True,123.1296585863597,126.0,True,True
Q23-011,leg2-cruise,3021.4077220010367,R3-002,108.77081662972857,116.0,True,123.1296585863597,126.0,True,True
Q23-013,leg1-cruise,5646.507319897441,R3-004,103.92089420382712,116.0,True,113.58193892655193,126.0,True,True
Q23-013,leg1-cruise,5656.445399780931,R3-004,103.8734863291112,116.0,True,113.58193892655193,126.0,True,True
Q23-013,leg1-cruise,5666.383479664421,R3-004,103.87708854773746,116.0,True,113.58193892655193,126.0,True,True
Q23-013,leg1-cruise,5676.321559547911,R3-004,103.93157476384725,116.0,True,113.58193892655193,126.0,True,True
Q23-013,leg1-cruise,5686.259639431401,R3-004,104.0350675958484,116.0,True,113.58193892655193,126.0,True,True
Q23-013,leg1-cruise,5696.197719314891,R3-004,104.18414737347743,116.0,True,113.58193892655193,126.0,True,True
Q23-013,leg1-cruise,5706.135799198382,R3-004,104.37420886271727,116.0,True,113.58193892655193,126.0,True,True
Q23-013,leg1-cruise,5716.073879081872,R3-004,104.59989241576793,116.0,True,113.58193892655193,126.0,True,True
Q23-013,leg1-cruise,5726.011958965362,R3-004,104.85551384204166,116.0,True,113.58193892655193,126.0,True,True
Q23-013,leg1-cruise,5735.950038848852,R3-004,105.13543466740875,116.0,True,113.58193892655193,126.0,True,True
Q23-013,leg1-cruise,5745.888118732342,R3-004,105.4343409103956,116.0,True,113.58193892655193,126.0,True,True
Q23-013,leg1-cruise,5755.826198615832,R3-004,105.74742356194652,116.0,True,113.58193892655193,126.0,True,True
Q23-013,leg1-cruise,5765.764278499322,R3-004,106.07047148117218,116.0,True,113.58193892655193,126.0,True,True
Q23-013,leg1-cruise,5775.702358382812,R3-004,106.39989613355226,116.0,True,113.58193892655193,126.0,True,True
Q23-013,leg1-cruise,5785.640438266303,R3-004,106.73270930447057,116.0,True,113.58193892655193,126.0,True,True
Q23-013,leg1-cruise,5795.578518149793,R3-004,107.06647242448686,116.0,True,113.58193892655193,126.0,True,True
Q23-013,leg1-cruise,5805.516598033283,R3-004,107.39923189686462,116.0,True,113.58193892655193,126.0,True,True
Q23-013,leg1-cruise,5815.454677916773,R3-004,107.72945043165804,116.0,True,113.58193892655193,126.0,True,True
Q23-013,leg1-cruise,5825.392757800263,R3-004,108.05594067102776,116.0,True,113.58193892655193,126.0,True,True
Q23-013,leg1-cruise,5835.330837683753,R3-004,108.37780459238574,116.0,True,113.58193892655193,126.0,True,True
Q23-013,leg1-cruise,5845.268917567243,R3-004,108.6943802529191,116.0,True,113.58193892655193,126.0,True,True
Q23-013,leg1-cruise,5855.206997450734,R3-004,109.00519622074775,116.0,True,113.58193892655193,126.0,True,True
Q23-013,leg1-cruise,5865.145077334224,R3-004,109.30993333315827,116.0,True,113.58193892655193,126.0,True,True
Q23-013,leg1-cruise,5875.083157217714,R3-004,109.60839306412468,116.0,True,113.58193892655193,126.0,True,True
Q23-013,leg1-cruise,5885.021237101204,R3-004,109.90047164422685,116.0,True,113.58193892655193,126.0,True,True
Q23-013,leg1-cruise,5894.959316984694,R3-004,110.18613906591038,116.0,True,113.58193892655193,126.0,True,True
Q23-013,leg1-cruise,5904.897396868184,R3-004,110.4654221662052,116.0,True,113.58193892655193,126.0,True,True
Q23-013,leg1-cruise,5914.835476751674,R3-004,110.7383910699262,116.0,True,113.58193892655193,126.0,True,True
Q23-013,leg1-cruise,5924.773556635164,R3-004,111.00514837684392,116.0,True,113.58193892655193,126.0,True,True
Q23-013,leg1-cruise,5934.711636518655,R3-004,111.26582057400941,116.0,True,113.58193892655193,126.0,True,True
Q23-013,leg1-cruise,5944.649716402145,R3-004,111.52055124311092,116.0,True,113.58193892655193,126.0,True,True
Q23-013,leg1-cruise,5954.587796285635,R3-004,111.76949571021129,116.0,True,113.58193892655193,126.0,True,True
Q23-013,leg1-cruise,5964.525876169125,R3-004,112.01281685093082,116.0,True,113.58193892655193,126.0,True,True
Q23-013,leg1-descent,5964.525876169125,R3-004,112.01281685093082,116.0,True,113.58193892655193,126.0,True,True
Q23-013,leg1-descent,5972.686622751156,R3-004,112.01660689887203,116.0,True,113.58193892655193,126.0,True,True
Q23-013,leg1-descent,5980.847369333187,R3-004,112.02062353514897,116.0,True,113.58193892655193,126.0,True,True
Q23-013,leg1-descent,5989.008115915219,R3-004,112.0248661285279,116.0,True,113.58193892655193,126.0,True,True
Q23-013,leg1-descent,5997.168862497249,R3-004,112.02933401374487,116.0,True,113.58193892655193,126.0,True,True
Q23-013,leg1-descent,6005.329609079281,R3-004,112.03402649184908,116.0,True,113.58193892655193,126.0,True,True
Q23-013,S008-handoff,6005.329609079281,R3-004,112.03402649184908,116.0,True,113.58193892655193,126.0,True,True
Q23-013,S008-handoff,6015.329609079281,R3-004,112.03402649184908,116.0,True,113.58193892655193,126.0,True,True
Q23-013,S008-handoff,6025.329609079281,R3-004,112.03402649184908,116.0,True,113.58193892655193,126.0,True,True
Q23-013,S008-handoff,6035.329609079281,R3-004,112.03402649184908,116.0,True,113.58193892655193,126.0,True,True
Q23-013,S008-handoff,6045.329609079281,R3-004,112.03402649184908,116.0,True,113.58193892655193,126.0,True,True
Q23-013,S008-handoff,6055.329609079281,R3-004,112.03402649184908,116.0,True,113.58193892655193,126.0,True,True
Q23-013,S008-handoff,6065.329609079281,R3-004,112.03402649184908,116.0,True,113.58193892655193,126.0,True,True
Q23-013,S008-handoff,6075.329609079281,R3-004,112.03402649184908,116.0,True,113.58193892655193,126.0,True,True
Q23-013,S008-handoff,6085.329609079281,R3-004,112.03402649184908,116.0,True,113.58193892655193,126.0,True,True
Q23-013,S008-handoff,6095.329609079281,R3-004,112.03402649184908,116.0,True,113.58193892655193,126.0,True,True
Q23-013,S008-handoff,6105.329609079281,R3-004,112.03402649184908,116.0,True,113.58193892655193,126.0,True,True
Q23-013,S008-handoff,6115.329609079281,R3-004,112.03402649184908,116.0,True,113.58193892655193,126.0,True,True
Q23-013,S008-handoff,6125.329609079281,R3-004,112.03402649184908,116.0,True,113.58193892655193,126.0,True,True
Q23-013,S008-handoff,6135.329609079281,R3-004,112.03402649184908,116.0,True,113.58193892655193,126.0,True,True
Q23-013,S008-handoff,6145.329609079281,R3-004,112.03402649184908,116.0,True,113.58193892655193,126.0,True,True
Q23-013,S008-handoff,6155.329609079281,R3-004,112.03402649184908,116.0,True,113.58193892655193,126.0,True,True
Q23-013,S008-handoff,6165.329609079281,R3-004,112.03402649184908,116.0,True,113.58193892655193,126.0,True,True
Q23-013,S008-handoff,6175.329609079281,R3-004,112.03402649184908,116.0,True,113.58193892655193,126.0,True,True
Q23-013,S008-handoff,6185.329609079281,R3-004,112.03402649184908,116.0,True,113.58193892655193,126.0,True,True
Q23-013,S008-handoff,6195.329609079281,R3-004,112.03402649184908,116.0,True,113.58193892655193,126.0,True,True
Q23-013,S008-handoff,6205.329609079281,R3-004,112.03402649184908,116.0,True,113.58193892655193,126.0,True,True
Q23-013,S008-handoff,6215.329609079281,R3-004,112.03402649184908,116.0,True,113.58193892655193,126.0,True,True
Q23-013,leg2-climb,6215.329609079281,R3-004,112.03402649184908,116.0,True,113.58193892655193,126.0,True,True
Q23-013,leg2-climb,6223.830386768897,R3-004,112.02819595898231,116.0,True,113.58193892655193,126.0,True,True
Q23-013,leg2-climb,6232.331164458513,R3-004,112.02271662798604,116.0,True,113.58193892655193,126.0,True,True
Q23-013,leg2-climb,6240.831942148128,R3-004,112.01758983935765,116.0,True,113.58193892655193,126.0,True,True
Q23-013,leg2-climb,6249.332719837745,R3-004,112.01281685093082,116.0,True,113.58193892655193,126.0,True,True
Q23-013,leg2-cruise,6249.332719837745,R3-004,112.01281685093082,116.0,True,113.58193892655193,126.0,True,True
Q23-013,leg2-cruise,6259.270799721235,R3-004,111.76949571021129,116.0,True,113.58193892655193,126.0,True,True
Q23-013,leg2-cruise,6269.208879604725,R3-004,111.52055124311092,116.0,True,113.58193892655193,126.0,True,True
Q23-013,leg2-cruise,6279.146959488215,R3-004,111.26582057400941,116.0,True,113.58193892655193,126.0,True,True
Q23-013,leg2-cruise,6289.0850393717055,R3-004,111.00514837684392,116.0,True,113.58193892655193,126.0,True,True
Q23-013,leg2-cruise,6299.0231192551955,R3-004,110.7383910699262,116.0,True,113.58193892655193,126.0,True,True
Q23-013,leg2-cruise,6308.9611991386855,R3-004,110.4654221662052,116.0,True,113.58193892655193,126.0,True,True
Q23-013,leg2-cruise,6318.8992790221755,R3-004,110.18613906591038,116.0,True,113.58193892655193,126.0,True,True
Q23-013,leg2-cruise,6328.8373589056655,R3-004,109.90047164422685,116.0,True,113.58193892655193,126.0,True,True
Q23-013,leg2-cruise,6338.7754387891555,R3-004,109.60839306412468,116.0,True,113.58193892655193,126.0,True,True
Q23-013,leg2-cruise,6348.7135186726455,R3-004,109.30993333315827,116.0,True,113.58193892655193,126.0,True,True
Q23-013,leg2-cruise,6358.6515985561355,R3-004,109.00519622074775,116.0,True,113.58193892655193,126.0,True,True
Q23-013,leg2-cruise,6368.589678439626,R3-004,108.6943802529191,116.0,True,113.58193892655193,126.0,True,True
Q23-013,leg2-cruise,6378.527758323116,R3-004,108.37780459238574,116.0,True,113.58193892655193,126.0,True,True
Q23-013,leg2-cruise,6388.465838206606,R3-004,108.05594067102776,116.0,True,113.58193892655193,126.0,True,True
Q23-013,leg2-cruise,6398.403918090096,R3-004,107.72945043165804,116.0,True,113.58193892655193,126.0,True,True
Q23-013,leg2-cruise,6408.341997973586,R3-004,107.39923189686462,116.0,True,113.58193892655193,126.0,True,True
Q23-013,leg2-cruise,6418.280077857076,R3-004,107.06647242448686,116.0,True,113.58193892655193,126.0,True,True
Q23-013,leg2-cruise,6428.218157740566,R3-004,106.73270930447057,116.0,True,113.58193892655193,126.0,True,True
Q23-013,leg2-cruise,6438.156237624057,R3-004,106.39989613355226,116.0,True,113.58193892655193,126.0,True,True
Q23-013,leg2-cruise,6448.094317507547,R3-004,106.07047148117218,116.0,True,113.58193892655193,126.0,True,True
Q23-013,leg2-cruise,6458.032397391037,R3-004,105.74742356194652,116.0,True,113.58193892655193,126.0,True,True
Q23-013,leg2-cruise,6467.970477274527,R3-004,105.4343409103956,116.0,True,113.58193892655193,126.0,True,True
Q23-013,leg2-cruise,6477.908557158017,R3-004,105.13543466740875,116.0,True,113.58193892655193,126.0,True,True
Q23-013,leg2-cruise,6487.846637041507,R3-004,104.85551384204166,116.0,True,113.58193892655193,126.0,True,True
Q23-013,leg2-cruise,6497.784716924997,R3-004,104.59989241576793,116.0,True,113.58193892655193,126.0,True,True
Q23-013,leg2-cruise,6507.722796808487,R3-004,104.37420886271727,116.0,True,113.58193892655193,126.0,True,True
Q23-013,leg2-cruise,6517.660876691978,R3-004,104.18414737347743,116.0,True,113.58193892655193,126.0,True,True
Q23-013,leg2-cruise,6527.598956575468,R3-004,104.0350675958484,116.0,True,113.58193892655193,126.0,True,True
Q23-013,leg2-cruise,6537.537036458958,R3-004,103.93157476384725,116.0,True,113.58193892655193,126.0,True,True
Q23-013,leg2-cruise,6547.475116342448,R3-004,103.87708854773746,116.0,True,113.58193892655193,126.0,True,True
Q23-013,leg2-cruise,6557.413196225938,R3-004,103.8734863291112,116.0,True,113.58193892655193,126.0,True,True
Q23-013,leg2-cruise,6567.351276109428,R3-004,103.92089420382712,116.0,True,113.58193892655193,126.0,True,True
Q23-014,leg1-cruise,2137.1440024409562,R3-002,106.27223643176123,116.0,True,123.1296585863597,126.0,True,True
Q23-014,leg1-cruise,2146.9736669075355,R3-002,106.37748296387775,116.0,True,123.1296585863597,126.0,True,True
Q23-014,leg1-cruise,2156.803331374115,R3-002,106.52303050751989,116.0,True,123.1296585863597,126.0,True,True
Q23-014,leg1-cruise,2166.632995840694,R3-002,106.7048860938549,116.0,True,123.1296585863597,126.0,True,True
Q23-014,leg1-cruise,2176.4626603072734,R3-002,106.91848189077717,116.0,True,123.1296585863597,126.0,True,True
Q23-014,leg1-cruise,2186.2923247738527,R3-002,107.15900041815527,116.0,True,123.1296585863597,126.0,True,True
Q23-014,leg1-cruise,2196.121989240432,R3-002,107.42165555902821,116.0,True,123.1296585863597,126.0,True,True
Q23-014,leg1-cruise,2205.9516537070112,R3-002,107.70190782618779,116.0,True,123.1296585863597,126.0,True,True
Q23-014,leg1-cruise,2215.7813181735905,R3-002,107.99560864970819,116.0,True,123.1296585863597,126.0,True,True
Q23-014,leg1-cruise,2225.61098264017,R3-002,108.2990801756198,116.0,True,123.1296585863597,126.0,True,True
Q23-014,leg1-cruise,2235.440647106749,R3-002,108.60914333061828,116.0,True,123.1296585863597,126.0,True,True
Q23-014,leg1-cruise,2245.2703115733284,R3-002,108.9231086441724,116.0,True,123.1296585863597,126.0,True,True
Q23-014,leg1-cruise,2255.0999760399077,R3-002,109.23874314496629,116.0,True,123.1296585863597,126.0,True,True
Q23-014,leg1-cruise,2264.929640506487,R3-002,109.55422407954721,116.0,True,123.1296585863597,126.0,True,True
Q23-014,leg1-cruise,2274.7593049730667,R3-002,109.86808731225038,116.0,True,123.1296585863597,126.0,True,True
Q23-014,leg1-cruise,2284.5889694396456,R3-002,110.17917566136234,116.0,True,123.1296585863597,126.0,True,True
Q23-014,leg1-cruise,2294.4186339062253,R3-002,110.48659035540797,116.0,True,123.1296585863597,126.0,True,True
Q23-014,leg1-cruise,2304.2482983728046,R3-002,110.78964728659422,116.0,True,123.1296585863597,126.0,True,True
Q23-014,leg1-cruise,2314.077962839384,R3-002,111.08783872103231,116.0,True,123.1296585863597,126.0,True,True
Q23-014,leg1-cruise,2323.907627305963,R3-002,111.38080048760716,116.0,True,123.1296585863597,126.0,True,True
Q23-014,leg1-cruise,2333.7372917725424,R3-002,111.66828430201879,116.0,True,123.1296585863597,126.0,True,True
Q23-014,leg1-cruise,2343.5669562391217,R3-002,111.95013470083511,116.0,True,123.1296585863597,126.0,True,True
Q23-014,leg1-cruise,2353.396620705701,R3-002,112.22626999534917,116.0,True,123.1296585863597,126.0,True,True
Q23-014,leg1-cruise,2363.2262851722803,R3-002,112.49666665931915,116.0,True,123.1296585863597,126.0,True,True
Q23-014,leg1-cruise,2373.0559496388596,R3-002,112.76134660668302,116.0,True,123.1296585863597,126.0,True,True
Q23-014,leg1-cruise,2382.885614105439,R3-002,113.0203668748239,116.0,True,123.1296585863597,126.0,True,True
Q23-014,leg1-cruise,2392.715278572018,R3-002,113.27381129372101,116.0,True,123.1296585863597,126.0,True,True
Q23-014,leg1-descent,2392.715278572018,R3-002,113.27381129372101,116.0,True,123.1296585863597,126.0,True,True
Q23-014,leg1-descent,2401.216056261634,R3-002,113.27587196906217,116.0,True,123.1296585863597,126.0,True,True
Q23-014,leg1-descent,2409.71683395125,R3-002,113.27805118004858,116.0,True,123.1296585863597,126.0,True,True
Q23-014,leg1-descent,2418.217611640866,R3-002,113.28034874783157,116.0,True,123.1296585863597,126.0,True,True
Q23-014,leg1-descent,2426.718389330482,R3-002,113.28276448407564,116.0,True,123.1296585863597,126.0,True,True
Q23-014,leg1-descent,2435.2191670200978,R3-002,113.28529819100969,116.0,True,123.1296585863597,126.0,True,True
Q23-014,leg1-descent,2443.7199447097137,R3-002,113.2879496614805,116.0,True,123.1296585863597,126.0,True,True
Q23-014,S008-handoff,2443.7199447097137,R3-002,113.2879496614805,116.0,True,123.1296585863597,126.0,True,True
Q23-014,S008-handoff,2453.6509791924723,R3-002,113.2879496614805,116.0,True,123.1296585863597,126.0,True,True
Q23-014,S008-handoff,2463.582013675231,R3-002,113.2879496614805,116.0,True,123.1296585863597,126.0,True,True
Q23-014,S008-handoff,2473.5130481579895,R3-002,113.2879496614805,116.0,True,123.1296585863597,126.0,True,True
Q23-014,S008-handoff,2483.444082640748,R3-002,113.2879496614805,116.0,True,123.1296585863597,126.0,True,True
Q23-014,S008-handoff,2493.3751171235067,R3-002,113.2879496614805,116.0,True,123.1296585863597,126.0,True,True
Q23-014,S008-handoff,2503.3061516062653,R3-002,113.2879496614805,116.0,True,123.1296585863597,126.0,True,True
Q23-014,S008-handoff,2513.237186089024,R3-002,113.2879496614805,116.0,True,123.1296585863597,126.0,True,True
Q23-014,S008-handoff,2523.1682205717825,R3-002,113.2879496614805,116.0,True,123.1296585863597,126.0,True,True
Q23-014,S008-handoff,2533.099255054541,R3-002,113.2879496614805,116.0,True,123.1296585863597,126.0,True,True
Q23-014,S008-handoff,2543.0302895372997,R3-002,113.2879496614805,116.0,True,123.1296585863597,126.0,True,True
Q23-014,S008-handoff,2552.9613240200583,R3-002,113.2879496614805,116.0,True,123.1296585863597,126.0,True,True
Q23-014,S008-handoff,2562.892358502817,R3-002,113.2879496614805,116.0,True,123.1296585863597,126.0,True,True
Q23-014,S008-handoff,2572.8233929855755,R3-002,113.2879496614805,116.0,True,123.1296585863597,126.0,True,True
Q23-014,S008-handoff,2582.754427468334,R3-002,113.2879496614805,116.0,True,123.1296585863597,126.0,True,True
Q23-014,S008-handoff,2592.685461951093,R3-002,113.2879496614805,116.0,True,123.1296585863597,126.0,True,True
Q23-014,S008-handoff,2602.616496433852,R3-002,113.2879496614805,116.0,True,123.1296585863597,126.0,True,True
Q23-014,S008-handoff,2612.5475309166104,R3-002,113.2879496614805,116.0,True,123.1296585863597,126.0,True,True
Q23-014,S008-handoff,2622.478565399369,R3-002,113.2879496614805,116.0,True,123.1296585863597,126.0,True,True
Q23-014,S008-handoff,2632.4095998821276,R3-002,113.2879496614805,116.0,True,123.1296585863597,126.0,True,True
Q23-014,S008-handoff,2642.3406343648862,R3-002,113.2879496614805,116.0,True,123.1296585863597,126.0,True,True
Q23-014,S008-handoff,2652.271668847645,R3-002,113.2879496614805,116.0,True,123.1296585863597,126.0,True,True
Q23-014,S008-handoff,2662.2027033304034,R3-002,113.2879496614805,116.0,True,123.1296585863597,126.0,True,True
Q23-014,S008-handoff,2672.133737813162,R3-002,113.2879496614805,116.0,True,123.1296585863597,126.0,True,True
Q23-014,S008-handoff,2682.0647722959206,R3-002,113.2879496614805,116.0,True,123.1296585863597,126.0,True,True
Q23-014,S008-handoff,2691.9958067786793,R3-002,113.2879496614805,116.0,True,123.1296585863597,126.0,True,True
Q23-014,S008-handoff,2701.926841261438,R3-002,113.2879496614805,116.0,True,123.1296585863597,126.0,True,True
Q23-014,S008-handoff,2711.8578757441965,R3-002,113.2879496614805,116.0,True,123.1296585863597,126.0,True,True
Q23-014,S008-handoff,2721.788910226955,R3-002,113.2879496614805,116.0,True,123.1296585863597,126.0,True,True
Q23-014,S008-handoff,2731.7199447097137,R3-002,113.2879496614805,116.0,True,123.1296585863597,126.0,True,True
Q23-014,leg2-climb,2731.7199447097137,R3-002,113.2879496614805,116.0,True,123.1296585863597,126.0,True,True
Q23-014,leg2-climb,2739.880691291745,R3-002,113.28478202177638,116.0,True,123.1296585863597,126.0,True,True
Q23-014,leg2-climb,2748.041437873776,R3-002,113.28178402180929,116.0,True,123.1296585863597,126.0,True,True
Q23-014,leg2-climb,2756.2021844558076,R3-002,113.27895601468101,116.0,True,123.1296585863597,126.0,True,True
Q23-014,leg2-climb,2764.3629310378387,R3-002,113.27629833399398,116.0,True,123.1296585863597,126.0,True,True
Q23-014,leg2-climb,2772.52367761987,R3-002,113.27381129372101,116.0,True,123.1296585863597,126.0,True,True
Q23-014,leg2-cruise,2772.52367761987,R3-002,113.27381129372101,116.0,True,123.1296585863597,126.0,True,True
Q23-014,leg2-cruise,2782.353342086449,R3-002,113.0203668748239,116.0,True,123.1296585863597,126.0,True,True
Q23-014,leg2-cruise,2792.1830065530285,R3-002,112.76134660668302,116.0,True,123.1296585863597,126.0,True,True
Q23-014,leg2-cruise,2802.0126710196078,R3-002,112.49666665931915,116.0,True,123.1296585863597,126.0,True,True
Q23-014,leg2-cruise,2811.842335486187,R3-002,112.22626999534917,116.0,True,123.1296585863597,126.0,True,True
Q23-014,leg2-cruise,2821.6719999527663,R3-002,111.95013470083511,116.0,True,123.1296585863597,126.0,True,True
Q23-014,leg2-cruise,2831.5016644193456,R3-002,111.66828430201879,116.0,True,123.1296585863597,126.0,True,True
Q23-014,leg2-cruise,2841.331328885925,R3-002,111.38080048760716,116.0,True,123.1296585863597,126.0,True,True
Q23-014,leg2-cruise,2851.160993352504,R3-002,111.08783872103231,116.0,True,123.1296585863597,126.0,True,True
Q23-014,leg2-cruise,2860.990657819084,R3-002,110.78964728659422,116.0,True,123.1296585863597,126.0,True,True
Q23-014,leg2-cruise,2870.820322285663,R3-002,110.48659035540797,116.0,True,123.1296585863597,126.0,True,True
Q23-014,leg2-cruise,2880.6499867522425,R3-002,110.17917566136234,116.0,True,123.1296585863597,126.0,True,True
Q23-014,leg2-cruise,2890.479651218822,R3-002,109.86808731225038,116.0,True,123.1296585863597,126.0,True,True
Q23-014,leg2-cruise,2900.309315685401,R3-002,109.55422407954721,116.0,True,123.1296585863597,126.0,True,True
Q23-014,leg2-cruise,2910.1389801519804,R3-002,109.23874314496629,116.0,True,123.1296585863597,126.0,True,True
Q23-014,leg2-cruise,2919.9686446185597,R3-002,108.9231086441724,116.0,True,123.1296585863597,126.0,True,True
Q23-014,leg2-cruise,2929.798309085139,R3-002,108.60914333061828,116.0,True,123.1296585863597,126.0,True,True
Q23-014,leg2-cruise,2939.6279735517182,R3-002,108.2990801756198,116.0,True,123.1296585863597,126.0,True,True
Q23-014,leg2-cruise,2949.4576380182975,R3-002,107.99560864970819,116.0,True,123.1296585863597,126.0,True,True
Q23-014,leg2-cruise,2959.287302484877,R3-002,107.70190782618779,116.0,True,123.1296585863597,126.0,True,True
Q23-014,leg2-cruise,2969.116966951456,R3-002,107.42165555902821,116.0,True,123.1296585863597,126.0,True,True
Q23-014,leg2-cruise,2978.9466314180354,R3-002,107.15900041815527,116.0,True,123.1296585863597,126.0,True,True
Q23-014,leg2-cruise,2988.7762958846147,R3-002,106.91848189077717,116.0,True,123.1296585863597,126.0,True,True
Q23-014,leg2-cruise,2998.605960351194,R3-002,106.7048860938549,116.0,True,123.1296585863597,126.0,True,True
Q23-014,leg2-cruise,3008.4356248177733,R3-002,106.52303050751989,116.0,True,123.1296585863597,126.0,True,True
Q23-014,leg2-cruise,3018.2652892843525,R3-002,106.37748296387775,116.0,True,123.1296585863597,126.0,True,True
Q23-014,leg2-cruise,3028.094953750932,R3-002,106.27223643176123,116.0,True,123.1296585863597,126.0,True,True
Q23-017,leg1-cruise,711.6799164156444,R3-001,106.46115302503556,116.0,True,124.45011568854092,126.0,True,True
Q23-017,leg1-cruise,721.5445158306941,R3-001,106.16236558401688,116.0,True,124.45011568854092,126.0,True,True
Q23-017,leg1-cruise,731.4091152457439,R3-001,105.89138068671255,116.0,True,124.45011568854092,126.0,True,True
Q23-017,leg1-cruise,741.2737146607938,R3-001,105.65504912348051,116.0,True,124.45011568854092,126.0,True,True
Q23-017,leg1-cruise,751.1383140758436,R3-001,105.4602392171582,116.0,True,124.45011568854092,126.0,True,True
Q23-017,leg1-cruise,761.0029134908934,R3-001,105.31331354743801,116.0,True,124.45011568854092,126.0,True,True
Q23-017,leg1-cruise,770.8675129059432,R3-001,105.21953029394726,116.0,True,124.45011568854092,126.0,True,True
Q23-017,leg1-cruise,780.7321123209931,R3-001,105.18246700896073,116.0,True,124.45011568854092,126.0,True,True
Q23-017,leg1-cruise,790.5967117360428,R3-001,105.20358687636556,116.0,True,124.45011568854092,126.0,True,True
Q23-017,leg1-cruise,800.4613111510928,R3-001,105.28205165808018,116.0,True,124.45011568854092,126.0,True,True
Q23-017,leg1-cruise,810.3259105661425,R3-001,105.41482953849429,116.0,True,124.45011568854092,126.0,True,True
Q23-017,leg1-cruise,820.1905099811923,R3-001,105.59706984084649,116.0,True,124.45011568854092,126.0,True,True
Q23-017,leg1-cruise,830.0551093962422,R3-001,105.82265223891241,116.0,True,124.45011568854092,126.0,True,True
Q23-017,leg1-cruise,839.9197088112919,R3-001,106.08479048671818,116.0,True,124.45011568854092,126.0,True,True
Q23-017,leg1-cruise,849.7843082263419,R3-001,106.3765838314997,116.0,True,124.45011568854092,126.0,True,True
Q23-017,leg1-cruise,859.6489076413916,R3-001,106.69144829202784,116.0,True,124.45011568854092,126.0,True,True
Q23-017,leg1-cruise,869.5135070564414,R3-001,107.02340394424073,116.0,True,124.45011568854092,126.0,True,True
Q23-017,leg1-cruise,879.3781064714913,R3-001,107.36722810688605,116.0,True,124.45011568854092,126.0,True,True
Q23-017,leg1-cruise,889.242705886541,R3-001,107.71850257813357,116.0,True,124.45011568854092,126.0,True,True
Q23-017,leg1-cruise,899.1073053015909,R3-001,108.07358796479707,116.0,True,124.45011568854092,126.0,True,True
Q23-017,leg1-cruise,908.9719047166408,R3-001,108.42955474545099,116.0,True,124.45011568854092,126.0,True,True
Q23-017,leg1-cruise,918.8365041316906,R3-001,108.7840937894304,116.0,True,124.45011568854092,126.0,True,True
Q23-017,leg1-cruise,928.7011035467403,R3-001,109.13542177265056,116.0,True,124.45011568854092,126.0,True,True
Q23-017,leg1-cruise,938.5657029617903,R3-001,109.48219083478381,116.0,True,124.45011568854092,126.0,True,True
Q23-017,leg1-cruise,948.43030237684,R3-001,109.82340735904612,116.0,True,124.45011568854092,126.0,True,True
Q23-017,leg1-descent,948.43030237684,R3-001,109.82340735904612,116.0,True,124.45011568854092,126.0,True,True
Q23-017,leg1-descent,957.3303687017099,R3-001,109.82908181693146,116.0,True,124.45011568854092,126.0,True,True
Q23-017,leg1-descent,966.2304350265796,R3-001,109.83520114863138,116.0,True,124.45011568854092,126.0,True,True
Q23-017,leg1-descent,975.1305013514493,R3-001,109.8417634655691,116.0,True,124.45011568854092,126.0,True,True
Q23-017,leg1-descent,984.0305676763192,R3-001,109.84876674935212,116.0,True,124.45011568854092,126.0,True,True
Q23-017,leg1-descent,992.930634001189,R3-001,109.85620885381043,116.0,True,124.45011568854092,126.0,True,True
Q23-017,leg1-descent,1001.8307003260587,R3-001,109.86408750715096,116.0,True,124.45011568854092,126.0,True,True
Q23-017,S012-handoff,1001.8307003260587,R3-001,109.86408750715096,116.0,True,124.45011568854092,126.0,True,True
Q23-017,S012-handoff,1011.3761548715132,R3-001,109.86408750715096,116.0,True,124.45011568854092,126.0,True,True
Q23-017,S012-handoff,1020.9216094169678,R3-001,109.86408750715096,116.0,True,124.45011568854092,126.0,True,True
Q23-017,S012-handoff,1030.4670639624223,R3-001,109.86408750715096,116.0,True,124.45011568854092,126.0,True,True
Q23-017,S012-handoff,1040.0125185078768,R3-001,109.86408750715096,116.0,True,124.45011568854092,126.0,True,True
Q23-017,S012-handoff,1049.5579730533314,R3-001,109.86408750715096,116.0,True,124.45011568854092,126.0,True,True
Q23-017,S012-handoff,1059.103427598786,R3-001,109.86408750715096,116.0,True,124.45011568854092,126.0,True,True
Q23-017,S012-handoff,1068.6488821442406,R3-001,109.86408750715096,116.0,True,124.45011568854092,126.0,True,True
Q23-017,S012-handoff,1078.194336689695,R3-001,109.86408750715096,116.0,True,124.45011568854092,126.0,True,True
Q23-017,S012-handoff,1087.7397912351496,R3-001,109.86408750715096,116.0,True,124.45011568854092,126.0,True,True
Q23-017,S012-handoff,1097.2852457806043,R3-001,109.86408750715096,116.0,True,124.45011568854092,126.0,True,True
Q23-017,S012-handoff,1106.8307003260588,R3-001,109.86408750715096,116.0,True,124.45011568854092,126.0,True,True
Q23-017,S012-handoff,1116.3761548715133,R3-001,109.86408750715096,116.0,True,124.45011568854092,126.0,True,True
Q23-017,S012-handoff,1125.9216094169678,R3-001,109.86408750715096,116.0,True,124.45011568854092,126.0,True,True
Q23-017,S012-handoff,1135.4670639624223,R3-001,109.86408750715096,116.0,True,124.45011568854092,126.0,True,True
Q23-017,S012-handoff,1145.012518507877,R3-001,109.86408750715096,116.0,True,124.45011568854092,126.0,True,True
Q23-017,S012-handoff,1154.5579730533316,R3-001,109.86408750715096,116.0,True,124.45011568854092,126.0,True,True
Q23-017,S012-handoff,1164.103427598786,R3-001,109.86408750715096,116.0,True,124.45011568854092,126.0,True,True
Q23-017,S012-handoff,1173.6488821442406,R3-001,109.86408750715096,116.0,True,124.45011568854092,126.0,True,True
Q23-017,S012-handoff,1183.194336689695,R3-001,109.86408750715096,116.0,True,124.45011568854092,126.0,True,True
Q23-017,S012-handoff,1192.7397912351498,R3-001,109.86408750715096,116.0,True,124.45011568854092,126.0,True,True
Q23-017,S012-handoff,1202.2852457806043,R3-001,109.86408750715096,116.0,True,124.45011568854092,126.0,True,True
Q23-017,S012-handoff,1211.8307003260588,R3-001,109.86408750715096,116.0,True,124.45011568854092,126.0,True,True
Q23-017,leg2-climb,1211.8307003260588,R3-001,109.86408750715096,116.0,True,124.45011568854092,126.0,True,True
Q23-017,leg2-climb,1220.7307666509287,R3-001,109.8546854345198,116.0,True,124.45011568854092,126.0,True,True
Q23-017,leg2-climb,1229.6308329757985,R3-001,109.84591265433471,116.0,True,124.45011568854092,126.0,True,True
Q23-017,leg2-climb,1238.5308993006681,R3-001,109.8377730273214,116.0,True,124.45011568854092,126.0,True,True
Q23-017,leg2-climb,1247.430965625538,R3-001,109.83027015191557,116.0,True,124.45011568854092,126.0,True,True
Q23-017,leg2-climb,1256.3310319504078,R3-001,109.82340735904612,116.0,True,124.45011568854092,126.0,True,True
Q23-017,leg2-cruise,1256.3310319504078,R3-001,109.82340735904612,116.0,True,124.45011568854092,126.0,True,True
Q23-017,leg2-cruise,1266.1956313654575,R3-001,109.48219083478381,116.0,True,124.45011568854092,126.0,True,True
Q23-017,leg2-cruise,1276.0602307805075,R3-001,109.13542177265056,116.0,True,124.45011568854092,126.0,True,True
Q23-017,leg2-cruise,1285.9248301955572,R3-001,108.7840937894304,116.0,True,124.45011568854092,126.0,True,True
Q23-017,leg2-cruise,1295.7894296106072,R3-001,108.42955474545099,116.0,True,124.45011568854092,126.0,True,True
Q23-017,leg2-cruise,1305.6540290256569,R3-001,108.07358796479707,116.0,True,124.45011568854092,126.0,True,True
Q23-017,leg2-cruise,1315.5186284407068,R3-001,107.71850257813357,116.0,True,124.45011568854092,126.0,True,True
Q23-017,leg2-cruise,1325.3832278557566,R3-001,107.36722810688605,116.0,True,124.45011568854092,126.0,True,True
Q23-017,leg2-cruise,1335.2478272708063,R3-001,107.02340394424073,116.0,True,124.45011568854092,126.0,True,True
Q23-017,leg2-cruise,1345.1124266858562,R3-001,106.69144829202784,116.0,True,124.45011568854092,126.0,True,True
Q23-017,leg2-cruise,1354.977026100906,R3-001,106.3765838314997,116.0,True,124.45011568854092,126.0,True,True
Q23-017,leg2-cruise,1364.841625515956,R3-001,106.08479048671818,116.0,True,124.45011568854092,126.0,True,True
Q23-017,leg2-cruise,1374.7062249310056,R3-001,105.82265223891241,116.0,True,124.45011568854092,126.0,True,True
Q23-017,leg2-cruise,1384.5708243460554,R3-001,105.59706984084649,116.0,True,124.45011568854092,126.0,True,True
Q23-017,leg2-cruise,1394.4354237611053,R3-001,105.41482953849429,116.0,True,124.45011568854092,126.0,True,True
Q23-017,leg2-cruise,1404.300023176155,R3-001,105.28205165808018,116.0,True,124.45011568854092,126.0,True,True
Q23-017,leg2-cruise,1414.164622591205,R3-001,105.20358687636556,116.0,True,124.45011568854092,126.0,True,True
Q23-017,leg2-cruise,1424.0292220062547,R3-001,105.18246700896073,116.0,True,124.45011568854092,126.0,True,True
Q23-017,leg2-cruise,1433.8938214213044,R3-001,105.21953029394726,116.0,True,124.45011568854092,126.0,True,True
Q23-017,leg2-cruise,1443.7584208363544,R3-001,105.31331354743801,116.0,True,124.45011568854092,126.0,True,True
Q23-017,leg2-cruise,1453.6230202514041,R3-001,105.4602392171582,116.0,True,124.45011568854092,126.0,True,True
Q23-017,leg2-cruise,1463.487619666454,R3-001,105.65504912348051,116.0,True,124.45011568854092,126.0,True,True
Q23-017,leg2-cruise,1473.3522190815038,R3-001,105.89138068671255,116.0,True,124.45011568854092,126.0,True,True
Q23-017,leg2-cruise,1483.2168184965537,R3-001,106.16236558401688,116.0,True,124.45011568854092,126.0,True,True
Q23-017,leg2-cruise,1493.0814179116035,R3-001,106.46115302503556,116.0,True,124.45011568854092,126.0,True,True
Q23-018,leg1-cruise,3160.227868569072,R3-003,93.22646605079909,116.0,True,121.23642965172942,126.0,True,True
Q23-018,leg1-cruise,3170.0302546095963,R3-003,94.69977406931757,116.0,True,121.23642965172942,126.0,True,True
Q23-018,leg1-cruise,3179.8326406501205,R3-003,96.10686588785413,116.0,True,121.23642965172942,126.0,True,True
Q23-018,leg1-cruise,3189.6350266906447,R3-003,97.3954429087576,116.0,True,121.23642965172942,126.0,True,True
Q23-018,leg1-cruise,3199.437412731169,R3-003,98.5607892523884,116.0,True,121.23642965172942,126.0,True,True
Q23-018,leg1-cruise,3209.2397987716936,R3-003,99.6137624068521,116.0,True,121.23642965172942,126.0,True,True
Q23-018,leg1-cruise,3219.042184812218,R3-003,100.56869363062195,116.0,True,121.23642965172942,126.0,True,True
Q23-018,leg1-cruise,3228.844570852742,R3-003,101.43928926061898,116.0,True,121.23642965172942,126.0,True,True
Q23-018,leg1-cruise,3238.646956893266,R3-003,102.23748054772591,116.0,True,121.23642965172942,126.0,True,True
Q23-018,leg1-cruise,3248.4493429337904,R3-003,102.97330348330445,116.0,True,121.23642965172942,126.0,True,True
Q23-018,leg1-cruise,3258.2517289743146,R3-003,103.65510260878705,116.0,True,121.23642965172942,126.0,True,True
Q23-018,leg1-cruise,3268.054115014839,R3-003,104.28980513003098,116.0,True,121.23642965172942,126.0,True,True
Q23-018,leg1-cruise,3277.8565010553634,R3-003,104.88317963319449,116.0,True,121.23642965172942,126.0,True,True
Q23-018,leg1-cruise,3287.6588870958876,R3-003,105.44005560417818,116.0,True,121.23642965172942,126.0,True,True
Q23-018,leg1-descent,3287.6588870958876,R3-003,105.44005560417818,116.0,True,121.23642965172942,126.0,True,True
Q23-018,leg1-descent,3297.2967826037,R3-003,105.43850115839024,116.0,True,121.23642965172942,126.0,True,True
Q23-018,leg1-descent,3306.9346781115128,R3-003,105.4384060241452,116.0,True,121.23642965172942,126.0,True,True
Q23-018,leg1-descent,3316.572573619325,R3-003,105.43977029733088,116.0,True,121.23642965172942,126.0,True,True
Q23-018,leg1-descent,3326.2104691271375,R3-003,115.44259260333628,116.0,True,121.23642965172942,126.0,True,True
Q23-018,leg1-descent,3335.84836463495,R3-003,115.44687010166432,116.0,True,121.23642965172942,126.0,True,True
Q23-018,leg1-descent,3345.4862601427626,R3-003,115.4525984954469,116.0,True,121.23642965172942,126.0,True,True
Q23-018,leg1-descent,3355.124155650575,R3-003,115.45977204579525,116.0,True,121.23642965172942,126.0,True,True
Q23-018,leg1-descent,3364.7620511583873,R3-003,115.4683835908854,116.0,True,121.23642965172942,126.0,True,True
Q23-018,leg1-descent,3374.3999466662,R3-003,115.47842456964608,116.0,True,121.23642965172942,126.0,True,True
Q23-018,leg1-descent,3384.0378421740124,R3-003,115.48988504988549,116.0,True,121.23642965172942,126.0,True,True
Q23-018,S014-handoff,3384.0378421740124,R3-003,115.48988504988549,116.0,True,121.23642965172942,126.0,True,True
Q23-018,S014-handoff,3394.0378421740124,R3-003,115.48988504988549,116.0,True,121.23642965172942,126.0,True,True
Q23-018,S014-handoff,3404.0378421740124,R3-003,115.48988504988549,116.0,True,121.23642965172942,126.0,True,True
Q23-018,S014-handoff,3414.0378421740124,R3-003,115.48988504988549,116.0,True,121.23642965172942,126.0,True,True
Q23-018,S014-handoff,3424.0378421740124,R3-003,115.48988504988549,116.0,True,121.23642965172942,126.0,True,True
Q23-018,S014-handoff,3434.0378421740124,R3-003,115.48988504988549,116.0,True,121.23642965172942,126.0,True,True
Q23-018,S014-handoff,3444.0378421740124,R3-003,115.48988504988549,116.0,True,121.23642965172942,126.0,True,True
Q23-018,S014-handoff,3454.0378421740124,R3-003,115.48988504988549,116.0,True,121.23642965172942,126.0,True,True
Q23-018,S014-handoff,3464.0378421740124,R3-003,115.48988504988549,116.0,True,121.23642965172942,126.0,True,True
Q23-018,S014-handoff,3474.0378421740124,R3-003,115.48988504988549,116.0,True,121.23642965172942,126.0,True,True
Q23-018,S014-handoff,3484.0378421740124,R3-003,115.48988504988549,116.0,True,121.23642965172942,126.0,True,True
Q23-018,S014-handoff,3494.0378421740124,R3-003,115.48988504988549,116.0,True,121.23642965172942,126.0,True,True
Q23-018,S014-handoff,3504.0378421740124,R3-003,115.48988504988549,116.0,True,121.23642965172942,126.0,True,True
Q23-018,S014-handoff,3514.0378421740124,R3-003,115.48988504988549,116.0,True,121.23642965172942,126.0,True,True
Q23-018,S014-handoff,3524.0378421740124,R3-003,115.48988504988549,116.0,True,121.23642965172942,126.0,True,True
Q23-018,S014-handoff,3534.0378421740124,R3-003,115.48988504988549,116.0,True,121.23642965172942,126.0,True,True
Q23-018,S014-handoff,3544.0378421740124,R3-003,115.48988504988549,116.0,True,121.23642965172942,126.0,True,True
Q23-018,S014-handoff,3554.0378421740124,R3-003,115.48988504988549,116.0,True,121.23642965172942,126.0,True,True
Q23-018,S014-handoff,3564.0378421740124,R3-003,115.48988504988549,116.0,True,121.23642965172942,126.0,True,True
Q23-018,S014-handoff,3574.0378421740124,R3-003,115.48988504988549,116.0,True,121.23642965172942,126.0,True,True
Q23-018,S014-handoff,3584.0378421740124,R3-003,115.48988504988549,116.0,True,121.23642965172942,126.0,True,True
Q23-018,S014-handoff,3594.0378421740124,R3-003,115.48988504988549,116.0,True,121.23642965172942,126.0,True,True
Q23-018,leg2-climb,3594.0378421740124,R3-003,115.48988504988549,116.0,True,121.23642965172942,126.0,True,True
Q23-018,leg2-climb,3602.9618194960613,R3-003,115.47723861315421,116.0,True,121.23642965172942,126.0,True,True
Q23-018,leg2-climb,3611.8857968181096,R3-003,115.4663460598103,116.0,True,121.23642965172942,126.0,True,True
Q23-018,leg2-climb,3620.8097741401584,R3-003,115.45722070244409,116.0,True,121.23642965172942,126.0,True,True
Q23-018,leg2-climb,3629.733751462207,R3-003,115.44987375400055,116.0,True,121.23642965172942,126.0,True,True
Q23-018,leg2-climb,3638.6577287842556,R3-003,115.4443142822193,116.0,True,121.23642965172942,126.0,True,True
Q23-018,leg2-climb,3647.581706106304,R3-003,105.44054917253246,116.0,True,121.23642965172942,126.0,True,True
Q23-018,leg2-climb,3656.5056834283528,R3-003,105.43858309973761,116.0,True,121.23642965172942,126.0,True,True
Q23-018,leg2-climb,3665.429660750401,R3-003,105.43841850868962,116.0,True,121.23642965172942,126.0,True,True
Q23-018,leg2-climb,3674.35363807245,R3-003,105.44005560417818,116.0,True,121.23642965172942,126.0,True,True
Q23-018,leg2-cruise,3674.35363807245,R3-003,105.44005560417818,116.0,True,121.23642965172942,126.0,True,True
Q23-018,leg2-cruise,3684.156024112974,R3-003,104.88317963319449,116.0,True,121.23642965172942,126.0,True,True
Q23-018,leg2-cruise,3693.9584101534983,R3-003,104.28980513003098,116.0,True,121.23642965172942,126.0,True,True
Q23-018,leg2-cruise,3703.760796194023,R3-003,103.65510260878705,116.0,True,121.23642965172942,126.0,True,True
Q23-018,leg2-cruise,3713.563182234547,R3-003,102.97330348330445,116.0,True,121.23642965172942,126.0,True,True
Q23-018,leg2-cruise,3723.3655682750714,R3-003,102.23748054772591,116.0,True,121.23642965172942,126.0,True,True
Q23-018,leg2-cruise,3733.1679543155956,R3-003,101.43928926061898,116.0,True,121.23642965172942,126.0,True,True
Q23-018,leg2-cruise,3742.97034035612,R3-003,100.56869363062195,116.0,True,121.23642965172942,126.0,True,True
Q23-018,leg2-cruise,3752.772726396644,R3-003,99.6137624068521,116.0,True,121.23642965172942,126.0,True,True
Q23-018,leg2-cruise,3762.5751124371686,R3-003,98.5607892523884,116.0,True,121.23642965172942,126.0,True,True
Q23-018,leg2-cruise,3772.377498477693,R3-003,97.3954429087576,116.0,True,121.23642965172942,126.0,True,True
Q23-018,leg2-cruise,3782.179884518217,R3-003,96.10686588785413,116.0,True,121.23642965172942,126.0,True,True
Q23-018,leg2-cruise,3791.982270558741,R3-003,94.69977406931757,116.0,True,121.23642965172942,126.0,True,True
Q23-018,leg2-cruise,3801.7846565992654,R3-003,93.22646605079909,116.0,True,121.23642965172942,126.0,True,True
Q23-019,leg1-cruise,3012.5931509762395,R3-002,95.51296241177546,116.0,True,123.1296585863597,126.0,True,True
Q23-019,leg1-cruise,3022.4283044869226,R3-002,93.63650850343075,116.0,True,123.1296585863597,126.0,True,True
Q23-019,leg1-cruise,3032.2634579976057,R3-002,91.28317181742612,116.0,True,123.1296585863597,126.0,True,True
Q23-019,leg1-cruise,3042.0986115082887,R3-002,88.19119557358971,116.0,True,123.1296585863597,126.0,True,True
Q23-019,leg1-cruise,3051.933765018972,R3-002,84.09988518445704,116.0,True,123.1296585863597,126.0,True,True
Q23-019,leg1-cruise,3061.768918529655,R3-002,81.36009989591052,116.0,True,123.1296585863597,126.0,True,True
Q23-019,leg1-cruise,3071.604072040338,R3-002,84.75065025849149,116.0,True,123.1296585863597,126.0,True,True
Q23-019,leg1-cruise,3081.4392255510206,R3-002,88.7066805017655,116.0,True,123.1296585863597,126.0,True,True
Q23-019,leg1-cruise,3091.2743790617037,R3-002,91.66838247070793,116.0,True,123.1296585863597,126.0,True,True
Q23-019,leg1-cruise,3101.109532572387,R3-002,93.93814541569901,116.0,True,123.1296585863597,126.0,True,True
Q23-019,leg1-cruise,3110.94468608307,R3-002,95.7592695580125,116.0,True,123.1296585863597,126.0,True,True
Q23-019,leg1-cruise,3120.779839593753,R3-002,97.27419042733818,116.0,True,123.1296585863597,126.0,True,True
Q23-019,leg1-cruise,3130.614993104436,R3-002,98.56888399871417,116.0,True,123.1296585863597,126.0,True,True
Q23-019,leg1-cruise,3140.450146615119,R3-002,99.69827347245972,116.0,True,123.1296585863597,126.0,True,True
Q23-019,leg1-cruise,3150.285300125802,R3-002,100.69929645418283,116.0,True,123.1296585863597,126.0,True,True
Q23-019,leg1-cruise,3160.1204536364853,R3-002,101.5978835808555,116.0,True,123.1296585863597,126.0,True,True
Q23-019,leg1-cruise,3169.9556071471684,R3-002,102.41289429295148,116.0,True,123.1296585863597,126.0,True,True
Q23-019,leg1-cruise,3179.7907606578515,R3-002,103.15845404784048,116.0,True,123.1296585863597,126.0,True,True
Q23-019,leg1-cruise,3189.6259141685346,R3-002,103.84540653856234,116.0,True,123.1296585863597,126.0,True,True
Q23-019,leg1-descent,3189.6259141685346,R3-002,103.84540653856234,116.0,True,123.1296585863597,126.0,True,True
Q23-019,leg1-descent,3199.355839705644,R3-002,103.85402104381222,116.0,True,123.1296585863597,126.0,True,True
Q23-019,leg1-descent,3209.085765242753,R3-002,103.8647562955881,116.0,True,123.1296585863597,126.0,True,True
Q23-019,leg1-descent,3218.8156907798625,R3-002,103.87759656382224,116.0,True,123.1296585863597,126.0,True,True
Q23-019,leg1-descent,3228.545616316972,R3-002,103.89252315289158,116.0,True,123.1296585863597,126.0,True,True
Q23-019,S015-handoff,3228.545616316972,R3-002,103.89252315289158,116.0,True,123.1296585863597,126.0,True,True
Q23-019,S015-handoff,3238.545616316972,R3-002,103.89252315289158,116.0,True,123.1296585863597,126.0,True,True
Q23-019,S015-handoff,3248.545616316972,R3-002,103.89252315289158,116.0,True,123.1296585863597,126.0,True,True
Q23-019,S015-handoff,3258.545616316972,R3-002,103.89252315289158,116.0,True,123.1296585863597,126.0,True,True
Q23-019,S015-handoff,3268.545616316972,R3-002,103.89252315289158,116.0,True,123.1296585863597,126.0,True,True
Q23-019,S015-handoff,3278.545616316972,R3-002,103.89252315289158,116.0,True,123.1296585863597,126.0,True,True
Q23-019,S015-handoff,3288.545616316972,R3-002,103.89252315289158,116.0,True,123.1296585863597,126.0,True,True
Q23-019,S015-handoff,3298.545616316972,R3-002,103.89252315289158,116.0,True,123.1296585863597,126.0,True,True
Q23-019,S015-handoff,3308.545616316972,R3-002,103.89252315289158,116.0,True,123.1296585863597,126.0,True,True
Q23-019,S015-handoff,3318.545616316972,R3-002,103.89252315289158,116.0,True,123.1296585863597,126.0,True,True
Q23-019,S015-handoff,3328.545616316972,R3-002,103.89252315289158,116.0,True,123.1296585863597,126.0,True,True
Q23-019,S015-handoff,3338.545616316972,R3-002,103.89252315289158,116.0,True,123.1296585863597,126.0,True,True
Q23-019,S015-handoff,3348.545616316972,R3-002,103.89252315289158,116.0,True,123.1296585863597,126.0,True,True
Q23-019,S015-handoff,3358.545616316972,R3-002,103.89252315289158,116.0,True,123.1296585863597,126.0,True,True
Q23-019,S015-handoff,3368.545616316972,R3-002,103.89252315289158,116.0,True,123.1296585863597,126.0,True,True
Q23-019,S015-handoff,3378.545616316972,R3-002,103.89252315289158,116.0,True,123.1296585863597,126.0,True,True
Q23-019,S015-handoff,3388.545616316972,R3-002,103.89252315289158,116.0,True,123.1296585863597,126.0,True,True
Q23-019,S015-handoff,3398.545616316972,R3-002,103.89252315289158,116.0,True,123.1296585863597,126.0,True,True
Q23-019,S015-handoff,3408.545616316972,R3-002,103.89252315289158,116.0,True,123.1296585863597,126.0,True,True
Q23-019,S015-handoff,3418.545616316972,R3-002,103.89252315289158,116.0,True,123.1296585863597,126.0,True,True
Q23-019,S015-handoff,3428.545616316972,R3-002,103.89252315289158,116.0,True,123.1296585863597,126.0,True,True
Q23-019,S015-handoff,3438.545616316972,R3-002,103.89252315289158,116.0,True,123.1296585863597,126.0,True,True
Q23-019,leg2-climb,3438.545616316972,R3-002,103.89252315289158,116.0,True,123.1296585863597,126.0,True,True
Q23-019,leg2-climb,3446.6538875978963,R3-002,103.87759656382224,116.0,True,123.1296585863597,126.0,True,True
Q23-019,leg2-climb,3454.7621588788206,R3-002,103.8647562955881,116.0,True,123.1296585863597,126.0,True,True
Q23-019,leg2-climb,3462.8704301597454,R3-002,103.85402104381222,116.0,True,123.1296585863597,126.0,True,True
Q23-019,leg2-climb,3470.9787014406697,R3-002,103.84540653856234,116.0,True,123.1296585863597,126.0,True,True
Q23-019,leg2-cruise,3470.9787014406697,R3-002,103.84540653856234,116.0,True,123.1296585863597,126.0,True,True
Q23-019,leg2-cruise,3480.813854951353,R3-002,103.15845404784048,116.0,True,123.1296585863597,126.0,True,True
Q23-019,leg2-cruise,3490.649008462036,R3-002,102.41289429295148,116.0,True,123.1296585863597,126.0,True,True
Q23-019,leg2-cruise,3500.484161972719,R3-002,101.5978835808555,116.0,True,123.1296585863597,126.0,True,True
Q23-019,leg2-cruise,3510.319315483402,R3-002,100.69929645418283,116.0,True,123.1296585863597,126.0,True,True
Q23-019,leg2-cruise,3520.154468994085,R3-002,99.69827347245972,116.0,True,123.1296585863597,126.0,True,True
Q23-019,leg2-cruise,3529.9896225047682,R3-002,98.56888399871417,116.0,True,123.1296585863597,126.0,True,True
Q23-019,leg2-cruise,3539.8247760154513,R3-002,97.27419042733818,116.0,True,123.1296585863597,126.0,True,True
Q23-019,leg2-cruise,3549.6599295261344,R3-002,95.7592695580125,116.0,True,123.1296585863597,126.0,True,True
Q23-019,leg2-cruise,3559.4950830368175,R3-002,93.93814541569901,116.0,True,123.1296585863597,126.0,True,True
Q23-019,leg2-cruise,3569.3302365475006,R3-002,91.66838247070793,116.0,True,123.1296585863597,126.0,True,True
Q23-019,leg2-cruise,3579.1653900581837,R3-002,88.7066805017655,116.0,True,123.1296585863597,126.0,True,True
Q23-019,leg2-cruise,3589.0005435688668,R3-002,84.75065025849149,116.0,True,123.1296585863597,126.0,True,True
Q23-019,leg2-cruise,3598.8356970795494,R3-002,81.36009989591052,116.0,True,123.1296585863597,126.0,True,True
Q23-019,leg2-cruise,3608.6708505902325,R3-002,84.09988518445704,116.0,True,123.1296585863597,126.0,True,True
Q23-019,leg2-cruise,3618.5060041009156,R3-002,88.19119557358971,116.0,True,123.1296585863597,126.0,True,True
Q23-019,leg2-cruise,3628.3411576115986,R3-002,91.28317181742612,116.0,True,123.1296585863597,126.0,True,True
Q23-019,leg2-cruise,3638.1763111222817,R3-002,93.63650850343075,116.0,True,123.1296585863597,126.0,True,True
Q23-019,leg2-cruise,3648.011464632965,R3-002,95.51296241177546,116.0,True,123.1296585863597,126.0,True,True
Q23-020,leg1-cruise,8794.069093676466,R3-006,103.07000998815614,116.0,True,114.55141892436005,126.0,True,True
Q23-020,leg1-cruise,8803.924189204738,R3-006,102.3355590044116,116.0,True,114.55141892436005,126.0,True,True
Q23-020,leg1-cruise,8813.77928473301,R3-006,101.5382849492639,116.0,True,114.55141892436005,126.0,True,True
Q23-020,leg1-cruise,8823.634380261281,R3-006,100.66774770424365,116.0,True,114.55141892436005,126.0,True,True
Q23-020,leg1-cruise,8833.489475789553,R3-006,99.71129706335651,116.0,True,114.55141892436005,126.0,True,True
Q23-020,leg1-cruise,8843.344571317826,R3-006,98.6539168660762,116.0,True,114.55141892436005,126.0,True,True
Q23-020,leg1-cruise,8853.199666846098,R3-006,97.47882694008698,116.0,True,114.55141892436005,126.0,True,True
Q23-020,leg1-cruise,8863.05476237437,R3-006,96.17049467470538,116.0,True,114.55141892436005,126.0,True,True
Q23-020,leg1-cruise,8872.909857902641,R3-006,94.72473734379979,116.0,True,114.55141892436005,126.0,True,True
Q23-020,leg1-descent,8872.909857902641,R3-006,94.72473734379979,116.0,True,114.55141892436005,126.0,True,True
Q23-020,leg1-descent,8882.406222648735,R3-006,94.9049034069988,116.0,True,114.55141892436005,126.0,True,True
Q23-020,leg1-descent,8891.902587394829,R3-006,95.09326207870198,116.0,True,114.55141892436005,126.0,True,True
Q23-020,S013-handoff,8891.902587394829,R3-006,95.09326207870198,116.0,True,114.55141892436005,126.0,True,True
Q23-020,S013-handoff,8901.902587394829,R3-006,95.09326207870198,116.0,True,114.55141892436005,126.0,True,True
Q23-020,S013-handoff,8911.902587394829,R3-006,95.09326207870198,116.0,True,114.55141892436005,126.0,True,True
Q23-020,S013-handoff,8921.902587394829,R3-006,95.09326207870198,116.0,True,114.55141892436005,126.0,True,True
Q23-020,S013-handoff,8931.902587394829,R3-006,95.09326207870198,116.0,True,114.55141892436005,126.0,True,True
Q23-020,S013-handoff,8941.902587394829,R3-006,95.09326207870198,116.0,True,114.55141892436005,126.0,True,True
Q23-020,S013-handoff,8951.902587394829,R3-006,95.09326207870198,116.0,True,114.55141892436005,126.0,True,True
Q23-020,S013-handoff,8961.902587394829,R3-006,95.09326207870198,116.0,True,114.55141892436005,126.0,True,True
Q23-020,S013-handoff,8971.902587394829,R3-006,95.09326207870198,116.0,True,114.55141892436005,126.0,True,True
Q23-020,S013-handoff,8981.902587394829,R3-006,95.09326207870198,116.0,True,114.55141892436005,126.0,True,True
Q23-020,S013-handoff,8991.902587394829,R3-006,95.09326207870198,116.0,True,114.55141892436005,126.0,True,True
Q23-020,S013-handoff,9001.902587394829,R3-006,95.09326207870198,116.0,True,114.55141892436005,126.0,True,True
Q23-020,S013-handoff,9011.902587394829,R3-006,95.09326207870198,116.0,True,114.55141892436005,126.0,True,True
Q23-020,S013-handoff,9021.902587394829,R3-006,95.09326207870198,116.0,True,114.55141892436005,126.0,True,True
Q23-020,S013-handoff,9031.902587394829,R3-006,95.09326207870198,116.0,True,114.55141892436005,126.0,True,True
Q23-020,S013-handoff,9041.902587394829,R3-006,95.09326207870198,116.0,True,114.55141892436005,126.0,True,True
Q23-020,S013-handoff,9051.902587394829,R3-006,95.09326207870198,116.0,True,114.55141892436005,126.0,True,True
Q23-020,S013-handoff,9061.902587394829,R3-006,95.09326207870198,116.0,True,114.55141892436005,126.0,True,True
Q23-020,S013-handoff,9071.902587394829,R3-006,95.09326207870198,116.0,True,114.55141892436005,126.0,True,True
Q23-020,leg2-climb,9071.902587394829,R3-006,95.09326207870198,116.0,True,114.55141892436005,126.0,True,True
Q23-020,leg2-climb,9080.367608146782,R3-006,94.892068883897,116.0,True,114.55141892436005,126.0,True,True
Q23-020,leg2-climb,9088.832628898735,R3-006,94.70036068893802,116.0,True,114.55141892436005,126.0,True,True
Q23-020,leg2-climb,9097.297649650689,R3-006,94.51987707031445,116.0,True,114.55141892436005,126.0,True,True
Q23-020,leg2-climb,9105.76267040264,R3-006,94.35243707763831,116.0,True,114.55141892436005,126.0,True,True
Q23-020,leg2-climb,9114.227691154594,R3-006,94.19990026357955,116.0,True,114.55141892436005,126.0,True,True
Q23-020,leg2-climb,9122.692711906548,R3-006,94.06411714256896,116.0,True,114.55141892436005,126.0,True,True
Q23-020,leg2-cruise,9122.692711906548,R3-006,94.06411714256896,116.0,True,114.55141892436005,126.0,True,True
Q23-020,leg2-cruise,9132.299334912193,R3-006,95.27220846688627,116.0,True,114.55141892436005,126.0,True,True
Q23-020,leg2-cruise,9141.905957917837,R3-006,96.48704333838542,116.0,True,114.55141892436005,126.0,True,True
Q23-020,leg2-cruise,9151.512580923483,R3-006,97.6412776332077,116.0,True,114.55141892436005,126.0,True,True
Q23-020,leg2-cruise,9161.119203929129,R3-006,98.7123998806784,116.0,True,114.55141892436005,126.0,True,True
Q23-020,leg2-cruise,9170.725826934773,R3-006,99.69805599877077,116.0,True,114.55141892436005,126.0,True,True
Q23-020,leg2-cruise,9180.332449940419,R3-006,100.6037891089325,116.0,True,114.55141892436005,126.0,True,True
Q23-020,leg2-cruise,9189.939072946065,R3-006,101.43760066624974,116.0,True,114.55141892436005,126.0,True,True
Q23-020,leg2-cruise,9199.545695951709,R3-006,102.20769846978523,116.0,True,114.55141892436005,126.0,True,True
Q23-020,leg2-cruise,9209.152318957355,R3-006,102.92164754769146,116.0,True,114.55141892436005,126.0,True,True
Q23-020,leg2-cruise,9218.758941963,R3-006,103.58611874926373,116.0,True,114.55141892436005,126.0,True,True
Q23-020,leg2-cruise,9228.365564968644,R3-006,104.2068813807689,116.0,True,114.55141892436005,126.0,True,True
Q23-020,leg2-cruise,9237.97218797429,R3-006,104.78888640082327,116.0,True,114.55141892436005,126.0,True,True
Q23-020,leg2-descent,9237.97218797429,R3-006,104.78888640082327,116.0,True,114.55141892436005,126.0,True,True
Q23-020,leg2-descent,9246.684780747728,R3-006,104.79877207373487,116.0,True,114.55141892436005,126.0,True,True
Q23-020,leg2-descent,9255.397373521166,R3-006,104.81001402520377,116.0,True,114.55141892436005,126.0,True,True
Q23-020,leg2-descent,9264.109966294604,R3-006,104.8226016902275,116.0,True,114.55141892436005,126.0,True,True
Q23-020,leg2-descent,9272.82255906804,R3-006,104.83652331474829,116.0,True,114.55141892436005,126.0,True,True
Q23-020,leg2-descent,9281.535151841477,R3-006,104.85176599155703,116.0,True,114.55141892436005,126.0,True,True
Q23-020,leg2-descent,9290.247744614915,R3-006,104.86831569927205,116.0,True,114.55141892436005,126.0,True,True
Q23-020,leg2-descent,9298.960337388353,R3-006,104.88615734415144,116.0,True,114.55141892436005,126.0,True,True
Q23-020,S010-handoff,9298.960337388353,R3-006,104.88615734415144,116.0,True,114.55141892436005,126.0,True,True
Q23-020,S010-handoff,9308.960337388353,R3-006,104.88615734415144,116.0,True,114.55141892436005,126.0,True,True
Q23-020,S010-handoff,9318.960337388353,R3-006,104.88615734415144,116.0,True,114.55141892436005,126.0,True,True
Q23-020,S010-handoff,9328.960337388353,R3-006,104.88615734415144,116.0,True,114.55141892436005,126.0,True,True
Q23-020,S010-handoff,9338.960337388353,R3-006,104.88615734415144,116.0,True,114.55141892436005,126.0,True,True
Q23-020,S010-handoff,9348.960337388353,R3-006,104.88615734415144,116.0,True,114.55141892436005,126.0,True,True
Q23-020,S010-handoff,9358.960337388353,R3-006,104.88615734415144,116.0,True,114.55141892436005,126.0,True,True
Q23-020,S010-handoff,9368.960337388353,R3-006,104.88615734415144,116.0,True,114.55141892436005,126.0,True,True
Q23-020,S010-handoff,9378.960337388353,R3-006,104.88615734415144,116.0,True,114.55141892436005,126.0,True,True
Q23-020,S010-handoff,9388.960337388353,R3-006,104.88615734415144,116.0,True,114.55141892436005,126.0,True,True
Q23-020,S010-handoff,9398.960337388353,R3-006,104.88615734415144,116.0,True,114.55141892436005,126.0,True,True
Q23-020,S010-handoff,9408.960337388353,R3-006,104.88615734415144,116.0,True,114.55141892436005,126.0,True,True
Q23-020,S010-handoff,9418.960337388353,R3-006,104.88615734415144,116.0,True,114.55141892436005,126.0,True,True
Q23-020,S010-handoff,9428.960337388353,R3-006,104.88615734415144,116.0,True,114.55141892436005,126.0,True,True
Q23-020,S010-handoff,9438.960337388353,R3-006,104.88615734415144,116.0,True,114.55141892436005,126.0,True,True
Q23-020,S010-handoff,9448.960337388353,R3-006,104.88615734415144,116.0,True,114.55141892436005,126.0,True,True
Q23-020,S010-handoff,9458.960337388353,R3-006,104.88615734415144,116.0,True,114.55141892436005,126.0,True,True
Q23-020,S010-handoff,9468.960337388353,R3-006,104.88615734415144,116.0,True,114.55141892436005,126.0,True,True
Q23-020,S010-handoff,9478.960337388353,R3-006,104.88615734415144,116.0,True,114.55141892436005,126.0,True,True
Q23-020,leg3-climb,9478.960337388353,R3-006,104.88615734415144,116.0,True,114.55141892436005,126.0,True,True
Q23-020,leg3-climb,9488.297730237746,R3-006,104.86344897168179,116.0,True,114.55141892436005,126.0,True,True
Q23-020,leg3-climb,9497.635123087137,R3-006,104.84288460586077,116.0,True,114.55141892436005,126.0,True,True
Q23-020,leg3-climb,9506.97251593653,R3-006,104.82449537688404,116.0,True,114.55141892436005,126.0,True,True
Q23-020,leg3-cruise,9506.97251593653,R3-006,104.82449537688404,116.0,True,114.55141892436005,126.0,True,True
Q23-020,leg3-cruise,9516.927599064908,R3-006,104.9211651383217,116.0,True,114.55141892436005,126.0,True,True
Q23-020,leg3-cruise,9526.882682193283,R3-006,105.05509096385512,116.0,True,114.55141892436005,126.0,True,True
Q23-020,leg3-cruise,9536.837765321661,R3-006,105.22287320728094,116.0,True,114.55141892436005,126.0,True,True
Q23-020,leg3-cruise,9546.792848450037,R3-006,105.42058507530072,116.0,True,114.55141892436005,126.0,True,True
Q23-020,leg3-cruise,9556.747931578415,R3-006,105.64403691745493,116.0,True,114.55141892436005,126.0,True,True
Q23-020,leg3-cruise,9566.703014706793,R3-006,105.88901156409423,116.0,True,114.55141892436005,126.0,True,True
Q23-020,leg3-cruise,9576.658097835169,R3-006,106.15145196768133,116.0,True,114.55141892436005,126.0,True,True
Q23-021,leg1-cruise,751.4776732193129,R3-001,103.75351776461982,116.0,True,124.45011568854092,126.0,True,True
Q23-021,leg1-cruise,761.43275634769,R3-001,103.03475387328514,116.0,True,124.45011568854092,126.0,True,True
Q23-021,leg1-cruise,771.3878394760669,R3-001,102.2902722743772,116.0,True,124.45011568854092,126.0,True,True
Q23-021,leg1-cruise,781.342922604444,R3-001,101.53127806816686,116.0,True,124.45011568854092,126.0,True,True
Q23-021,leg1-cruise,791.2980057328209,R3-001,100.77804911630433,116.0,True,124.45011568854092,126.0,True,True
Q23-021,leg1-cruise,801.253088861198,R3-001,100.06385015616196,116.0,True,124.45011568854092,126.0,True,True
Q23-021,leg1-cruise,811.208171989575,R3-001,99.4377629254395,116.0,True,124.45011568854092,126.0,True,True
Q23-021,leg1-descent,811.208171989575,R3-001,99.4377629254395,116.0,True,124.45011568854092,126.0,True,True
Q23-021,leg1-descent,819.6118255540282,R3-001,99.49119809162384,116.0,True,124.45011568854092,126.0,True,True
Q23-021,leg1-descent,828.0154791184813,R3-001,99.54829340211705,116.0,True,124.45011568854092,126.0,True,True
Q23-021,leg1-descent,836.4191326829343,R3-001,99.60889769987178,116.0,True,124.45011568854092,126.0,True,True
Q23-021,leg1-descent,844.8227862473875,R3-001,99.67285562443479,116.0,True,124.45011568854092,126.0,True,True
Q23-021,S010-handoff,844.8227862473875,R3-001,99.67285562443479,116.0,True,124.45011568854092,126.0,True,True
Q23-021,S010-handoff,854.8227862473875,R3-001,99.67285562443479,116.0,True,124.45011568854092,126.0,True,True
Q23-021,S010-handoff,864.8227862473875,R3-001,99.67285562443479,116.0,True,124.45011568854092,126.0,True,True
Q23-021,S010-handoff,874.8227862473875,R3-001,99.67285562443479,116.0,True,124.45011568854092,126.0,True,True
Q23-021,S010-handoff,884.8227862473875,R3-001,99.67285562443479,116.0,True,124.45011568854092,126.0,True,True
Q23-021,S010-handoff,894.8227862473875,R3-001,99.67285562443479,116.0,True,124.45011568854092,126.0,True,True
Q23-021,S010-handoff,904.8227862473875,R3-001,99.67285562443479,116.0,True,124.45011568854092,126.0,True,True
Q23-021,S010-handoff,914.8227862473875,R3-001,99.67285562443479,116.0,True,124.45011568854092,126.0,True,True
Q23-021,S010-handoff,924.8227862473875,R3-001,99.67285562443479,116.0,True,124.45011568854092,126.0,True,True
Q23-021,S010-handoff,934.8227862473875,R3-001,99.67285562443479,116.0,True,124.45011568854092,126.0,True,True
Q23-021,S010-handoff,944.8227862473875,R3-001,99.67285562443479,116.0,True,124.45011568854092,126.0,True,True
Q23-021,S010-handoff,954.8227862473875,R3-001,99.67285562443479,116.0,True,124.45011568854092,126.0,True,True
Q23-021,S010-handoff,964.8227862473875,R3-001,99.67285562443479,116.0,True,124.45011568854092,126.0,True,True
Q23-021,S010-handoff,974.8227862473875,R3-001,99.67285562443479,116.0,True,124.45011568854092,126.0,True,True
Q23-021,S010-handoff,984.8227862473875,R3-001,99.67285562443479,116.0,True,124.45011568854092,126.0,True,True
Q23-021,S010-handoff,994.8227862473875,R3-001,99.67285562443479,116.0,True,124.45011568854092,126.0,True,True
Q23-021,S010-handoff,1004.8227862473875,R3-001,99.67285562443479,116.0,True,124.45011568854092,126.0,True,True
Q23-021,S010-handoff,1014.8227862473875,R3-001,99.67285562443479,116.0,True,124.45011568854092,126.0,True,True
Q23-021,S010-handoff,1024.8227862473875,R3-001,99.67285562443479,116.0,True,124.45011568854092,126.0,True,True
Q23-021,S010-handoff,1034.8227862473875,R3-001,99.67285562443479,116.0,True,124.45011568854092,126.0,True,True
Q23-021,S010-handoff,1044.8227862473875,R3-001,99.67285562443479,116.0,True,124.45011568854092,126.0,True,True
Q23-021,S010-handoff,1054.8227862473875,R3-001,99.67285562443479,116.0,True,124.45011568854092,126.0,True,True
Q23-021,leg2-climb,1054.8227862473875,R3-001,99.67285562443479,116.0,True,124.45011568854092,126.0,True,True
Q23-021,leg2-climb,1063.6781942528748,R3-001,99.59253471368103,116.0,True,124.45011568854092,126.0,True,True
Q23-021,leg2-climb,1072.5336022583622,R3-001,99.51764218064572,116.0,True,124.45011568854092,126.0,True,True
Q23-021,leg2-climb,1081.3890102638495,R3-001,99.4484888838948,116.0,True,124.45011568854092,126.0,True,True
Q23-021,leg2-climb,1090.244418269337,R3-001,99.38537337559116,116.0,True,124.45011568854092,126.0,True,True
Q23-021,leg2-climb,1099.0998262748244,R3-001,99.32857812727835,116.0,True,124.45011568854092,126.0,True,True
Q23-021,leg2-climb,1107.9552342803117,R3-001,99.27836572826807,116.0,True,124.45011568854092,126.0,True,True
Q23-021,leg2-climb,1116.810642285799,R3-001,99.2349751508142,116.0,True,124.45011568854092,126.0,True,True
Q23-021,leg2-cruise,1116.810642285799,R3-001,99.2349751508142,116.0,True,124.45011568854092,126.0,True,True
Q23-021,leg2-cruise,1126.579368885855,R3-001,100.31553251184886,116.0,True,124.45011568854092,126.0,True,True
Q23-021,leg2-cruise,1136.348095485911,R3-001,101.32166231624205,116.0,True,124.45011568854092,126.0,True,True
Q23-021,leg2-cruise,1146.1168220859668,R3-001,102.2519005205543,116.0,True,124.45011568854092,126.0,True,True
Q23-021,leg2-cruise,1155.8855486860227,R3-001,103.11086126502319,116.0,True,124.45011568854092,126.0,True,True
Q23-021,leg2-cruise,1165.6542752860787,R3-001,103.90518879735329,116.0,True,124.45011568854092,126.0,True,True
Q23-021,leg2-cruise,1175.4230018861347,R3-001,104.64179129761894,116.0,True,124.45011568854092,126.0,True,True
Q23-021,leg2-cruise,1185.1917284861906,R3-001,105.32712871535207,116.0,True,124.45011568854092,126.0,True,True
Q23-021,leg2-cruise,1194.9604550862466,R3-001,105.96697382675403,116.0,True,124.45011568854092,126.0,True,True
Q23-021,leg2-cruise,1204.7291816863026,R3-001,106.5663786226003,116.0,True,124.45011568854092,126.0,True,True
Q23-021,leg2-cruise,1214.4979082863583,R3-001,107.12972376437446,116.0,True,124.45011568854092,126.0,True,True
Q23-021,leg2-cruise,1224.2666348864143,R3-001,107.66079602350173,116.0,True,124.45011568854092,126.0,True,True
Q23-021,leg2-cruise,1234.0353614864703,R3-001,108.1628696106614,116.0,True,124.45011568854092,126.0,True,True
Q23-021,leg2-descent,1234.0353614864703,R3-001,108.1628696106614,116.0,True,124.45011568854092,126.0,True,True
Q23-021,leg2-descent,1243.363539892232,R3-001,108.16771596007808,116.0,True,124.45011568854092,126.0,True,True
Q23-021,leg2-descent,1252.6917182979937,R3-001,108.17328538866957,116.0,True,124.45011568854092,126.0,True,True
Q23-021,leg2-descent,1262.0198967037554,R3-001,108.17957511102196,116.0,True,124.45011568854092,126.0,True,True
Q23-021,leg2-descent,1271.3480751095171,R3-001,108.1865819914977,116.0,True,124.45011568854092,126.0,True,True
Q23-021,leg2-descent,1280.6762535152789,R3-001,108.19430254940067,116.0,True,124.45011568854092,126.0,True,True
Q23-021,leg2-descent,1290.0044319210406,R3-001,108.20273296467741,116.0,True,124.45011568854092,126.0,True,True
Q23-021,leg2-descent,1299.3326103268023,R3-001,108.21186908413478,116.0,True,124.45011568854092,126.0,True,True
Q23-021,leg2-descent,1308.660788732564,R3-001,108.2217064281535,116.0,True,124.45011568854092,126.0,True,True
Q23-021,S014-handoff,1308.660788732564,R3-001,108.2217064281535,116.0,True,124.45011568854092,126.0,True,True
Q23-021,S014-handoff,1318.660788732564,R3-001,108.2217064281535,116.0,True,124.45011568854092,126.0,True,True
Q23-021,S014-handoff,1328.660788732564,R3-001,108.2217064281535,116.0,True,124.45011568854092,126.0,True,True
Q23-021,S014-handoff,1338.660788732564,R3-001,108.2217064281535,116.0,True,124.45011568854092,126.0,True,True
Q23-021,S014-handoff,1348.660788732564,R3-001,108.2217064281535,116.0,True,124.45011568854092,126.0,True,True
Q23-021,S014-handoff,1358.660788732564,R3-001,108.2217064281535,116.0,True,124.45011568854092,126.0,True,True
Q23-021,S014-handoff,1368.660788732564,R3-001,108.2217064281535,116.0,True,124.45011568854092,126.0,True,True
Q23-021,S014-handoff,1378.660788732564,R3-001,108.2217064281535,116.0,True,124.45011568854092,126.0,True,True
Q23-021,S014-handoff,1388.660788732564,R3-001,108.2217064281535,116.0,True,124.45011568854092,126.0,True,True
Q23-021,S014-handoff,1398.660788732564,R3-001,108.2217064281535,116.0,True,124.45011568854092,126.0,True,True
Q23-021,S014-handoff,1408.660788732564,R3-001,108.2217064281535,116.0,True,124.45011568854092,126.0,True,True
Q23-021,S014-handoff,1418.660788732564,R3-001,108.2217064281535,116.0,True,124.45011568854092,126.0,True,True
Q23-021,S014-handoff,1428.660788732564,R3-001,108.2217064281535,116.0,True,124.45011568854092,126.0,True,True
Q23-021,S014-handoff,1438.660788732564,R3-001,108.2217064281535,116.0,True,124.45011568854092,126.0,True,True
Q23-021,S014-handoff,1448.660788732564,R3-001,108.2217064281535,116.0,True,124.45011568854092,126.0,True,True
Q23-021,S014-handoff,1458.660788732564,R3-001,108.2217064281535,116.0,True,124.45011568854092,126.0,True,True
Q23-021,S014-handoff,1468.660788732564,R3-001,108.2217064281535,116.0,True,124.45011568854092,126.0,True,True
Q23-021,S014-handoff,1478.660788732564,R3-001,108.2217064281535,116.0,True,124.45011568854092,126.0,True,True
Q23-021,S014-handoff,1488.660788732564,R3-001,108.2217064281535,116.0,True,124.45011568854092,126.0,True,True
Q23-021,leg3-climb,1488.660788732564,R3-001,108.2217064281535,116.0,True,124.45011568854092,126.0,True,True
Q23-021,leg3-climb,1497.5847660546126,R3-001,108.21047259185111,116.0,True,124.45011568854092,126.0,True,True
Q23-021,leg3-climb,1506.5087433766612,R3-001,108.2001637956853,116.0,True,124.45011568854092,126.0,True,True
Q23-021,leg3-climb,1515.4327206987098,R3-001,108.19078670800563,116.0,True,124.45011568854092,126.0,True,True
Q23-021,leg3-climb,1524.3566980207584,R3-001,108.18234742670164,116.0,True,124.45011568854092,126.0,True,True
Q23-021,leg3-climb,1533.2806753428072,R3-001,108.1748514661801,116.0,True,124.45011568854092,126.0,True,True
Q23-021,leg3-climb,1542.2046526648558,R3-001,108.1683037454983,116.0,True,124.45011568854092,126.0,True,True
Q23-021,leg3-climb,1551.1286299869043,R3-001,108.16270857770644,116.0,True,124.45011568854092,126.0,True,True
Q23-021,leg3-climb,1560.052607308953,R3-001,108.15806966044681,116.0,True,124.45011568854092,126.0,True,True
Q23-021,leg3-climb,1568.9765846310015,R3-001,108.15439006785293,116.0,True,124.45011568854092,126.0,True,True
Q23-021,leg3-cruise,1568.9765846310015,R3-001,108.15439006785293,116.0,True,124.45011568854092,126.0,True,True
Q23-021,leg3-cruise,1578.7259848010365,R3-001,108.01212565891908,116.0,True,124.45011568854092,126.0,True,True
Q23-021,leg3-cruise,1588.4753849710714,R3-001,107.89568204205975,116.0,True,124.45011568854092,126.0,True,True
Q23-021,leg3-cruise,1598.2247851411064,R3-001,107.80730154436921,116.0,True,124.45011568854092,126.0,True,True
Q23-021,leg3-cruise,1607.9741853111414,R3-001,107.74878219420128,116.0,True,124.45011568854092,126.0,True,True
Q23-021,leg3-cruise,1617.7235854811763,R3-001,107.7213621239396,116.0,True,124.45011568854092,126.0,True,True
Q23-021,leg3-cruise,1627.4729856512113,R3-001,107.7256348708663,116.0,True,124.45011568854092,126.0,True,True
Q23-021,leg3-cruise,1637.2223858212462,R3-001,107.7615073039709,116.0,True,124.45011568854092,126.0,True,True
Q23-021,leg3-cruise,1646.9717859912812,R3-001,107.82820628851368,116.0,True,124.45011568854092,126.0,True,True
Q23-021,leg3-cruise,1656.7211861613162,R3-001,107.92433310794463,116.0,True,124.45011568854092,126.0,True,True
Q23-021,leg3-cruise,1666.4705863313511,R3-001,108.04795781100445,116.0,True,124.45011568854092,126.0,True,True
Q23-021,leg3-cruise,1676.219986501386,R3-001,108.19674067015644,116.0,True,124.45011568854092,126.0,True,True
Q23-022,leg1-cruise,3202.3455814585586,R3-002,103.64556536229257,116.0,True,123.1296585863597,126.0,True,True
Q23-022,leg1-cruise,3212.095748981112,R3-002,103.53093304349885,116.0,True,123.1296585863597,126.0,True,True
Q23-022,leg1-cruise,3221.8459165036656,R3-002,103.49806945274479,116.0,True,123.1296585863597,126.0,True,True
Q23-022,leg1-cruise,3231.5960840262196,R3-002,103.54883506713702,116.0,True,123.1296585863597,126.0,True,True
Q23-022,leg1-cruise,3241.346251548773,R3-002,103.680367081644,116.0,True,123.1296585863597,126.0,True,True
Q23-022,leg1-descent,3241.346251548773,R3-002,103.680367081644,116.0,True,123.1296585863597,126.0,True,True
Q23-022,leg1-descent,3250.6875758372776,R3-002,103.69416719192563,116.0,True,123.1296585863597,126.0,True,True
Q23-022,leg1-descent,3260.028900125782,R3-002,103.70996551240192,116.0,True,123.1296585863597,126.0,True,True
Q23-022,leg1-descent,3269.3702244142864,R3-002,103.72774015208587,116.0,True,123.1296585863597,126.0,True,True
Q23-022,leg1-descent,3278.711548702791,R3-002,103.74746670316493,116.0,True,123.1296585863597,126.0,True,True
Q23-022,leg1-descent,3288.0528729912953,R3-002,103.76911834989244,116.0,True,123.1296585863597,126.0,True,True
Q23-022,leg1-descent,3297.3941972797998,R3-002,103.79266598629086,116.0,True,123.1296585863597,126.0,True,True
Q23-022,leg1-descent,3306.735521568304,R3-002,103.81807834161854,116.0,True,123.1296585863597,126.0,True,True
Q23-022,S007-handoff,3306.735521568304,R3-002,103.81807834161854,116.0,True,123.1296585863597,126.0,True,True
Q23-022,S007-handoff,3316.735521568304,R3-002,103.81807834161854,116.0,True,123.1296585863597,126.0,True,True
Q23-022,S007-handoff,3326.735521568304,R3-002,103.81807834161854,116.0,True,123.1296585863597,126.0,True,True
Q23-022,S007-handoff,3336.735521568304,R3-002,103.81807834161854,116.0,True,123.1296585863597,126.0,True,True
Q23-022,S007-handoff,3346.735521568304,R3-002,103.81807834161854,116.0,True,123.1296585863597,126.0,True,True
Q23-022,S007-handoff,3356.735521568304,R3-002,103.81807834161854,116.0,True,123.1296585863597,126.0,True,True
Q23-022,S007-handoff,3366.735521568304,R3-002,103.81807834161854,116.0,True,123.1296585863597,126.0,True,True
Q23-022,S007-handoff,3376.735521568304,R3-002,103.81807834161854,116.0,True,123.1296585863597,126.0,True,True
Q23-022,S007-handoff,3386.735521568304,R3-002,103.81807834161854,116.0,True,123.1296585863597,126.0,True,True
Q23-022,S007-handoff,3396.735521568304,R3-002,103.81807834161854,116.0,True,123.1296585863597,126.0,True,True
Q23-022,S007-handoff,3406.735521568304,R3-002,103.81807834161854,116.0,True,123.1296585863597,126.0,True,True
Q23-022,S007-handoff,3416.735521568304,R3-002,103.81807834161854,116.0,True,123.1296585863597,126.0,True,True
Q23-022,S007-handoff,3426.735521568304,R3-002,103.81807834161854,116.0,True,123.1296585863597,126.0,True,True
Q23-022,S007-handoff,3436.735521568304,R3-002,103.81807834161854,116.0,True,123.1296585863597,126.0,True,True
Q23-022,S007-handoff,3446.735521568304,R3-002,103.81807834161854,116.0,True,123.1296585863597,126.0,True,True
Q23-022,S007-handoff,3456.735521568304,R3-002,103.81807834161854,116.0,True,123.1296585863597,126.0,True,True
Q23-022,S007-handoff,3466.735521568304,R3-002,103.81807834161854,116.0,True,123.1296585863597,126.0,True,True
Q23-022,S007-handoff,3476.735521568304,R3-002,103.81807834161854,116.0,True,123.1296585863597,126.0,True,True
Q23-022,S007-handoff,3486.735521568304,R3-002,103.81807834161854,116.0,True,123.1296585863597,126.0,True,True
Q23-022,S007-handoff,3496.735521568304,R3-002,103.81807834161854,116.0,True,123.1296585863597,126.0,True,True
Q23-022,S007-handoff,3506.735521568304,R3-002,103.81807834161854,116.0,True,123.1296585863597,126.0,True,True
Q23-022,S007-handoff,3516.735521568304,R3-002,103.81807834161854,116.0,True,123.1296585863597,126.0,True,True
Q23-022,leg2-climb,3516.735521568304,R3-002,103.81807834161854,116.0,True,123.1296585863597,126.0,True,True
Q23-022,leg2-climb,3525.314311173339,R3-002,103.79017712268558,116.0,True,123.1296585863597,126.0,True,True
Q23-022,leg2-climb,3533.8931007783735,R3-002,103.76454455233039,116.0,True,123.1296585863597,126.0,True,True
Q23-022,leg2-climb,3542.471890383408,R3-002,103.741222047383,116.0,True,123.1296585863597,126.0,True,True
Q23-022,leg2-climb,3551.0506799884433,R3-002,103.72024779336444,116.0,True,123.1296585863597,126.0,True,True
Q23-022,leg2-climb,3559.629469593478,R3-002,103.70165654366919,116.0,True,123.1296585863597,126.0,True,True
Q23-022,leg2-climb,3568.2082591985127,R3-002,103.6854794332348,116.0,True,123.1296585863597,126.0,True,True
Q23-022,leg2-cruise,3568.2082591985127,R3-002,103.6854794332348,116.0,True,123.1296585863597,126.0,True,True
Q23-022,leg2-cruise,3578.1121826809162,R3-002,103.07604098072798,116.0,True,123.1296585863597,126.0,True,True
Q23-022,leg2-cruise,3588.0161061633194,R3-002,102.4780153250854,116.0,True,123.1296585863597,126.0,True,True
Q23-022,leg2-cruise,3597.920029645723,R3-002,101.91112500438513,116.0,True,123.1296585863597,126.0,True,True
Q23-022,leg2-cruise,3607.823953128126,R3-002,101.4018489691566,116.0,True,123.1296585863597,126.0,True,True
Q23-022,leg2-cruise,3617.7278766105296,R3-002,100.98245191174064,116.0,True,123.1296585863597,126.0,True,True
Q23-022,leg2-cruise,3627.6318000929327,R3-002,100.68712472433033,116.0,True,123.1296585863597,126.0,True,True
Q23-022,leg2-cruise,3637.5357235753363,R3-002,100.54492081665768,116.0,True,123.1296585863597,126.0,True,True
Q23-022,leg2-cruise,3647.4396470577394,R3-002,100.57149617869906,116.0,True,123.1296585863597,126.0,True,True
Q23-022,leg2-cruise,3657.343570540143,R3-002,100.76383758862768,116.0,True,123.1296585863597,126.0,True,True
Q23-022,leg2-cruise,3667.247494022546,R3-002,101.1013208794634,116.0,True,123.1296585863597,126.0,True,True
Q23-022,leg2-cruise,3677.1514175049497,R3-002,101.55239344506275,116.0,True,123.1296585863597,126.0,True,True
Q23-022,leg2-cruise,3687.055340987353,R3-002,102.08284323700367,116.0,True,123.1296585863597,126.0,True,True
Q23-022,leg2-cruise,3696.9592644697564,R3-002,102.66194954249487,116.0,True,123.1296585863597,126.0,True,True
Q23-022,leg2-cruise,3706.8631879521595,R3-002,103.26533660354393,116.0,True,123.1296585863597,126.0,True,True
Q23-022,leg2-cruise,3716.767111434563,R3-002,103.87528924413921,116.0,True,123.1296585863597,126.0,True,True
Q23-022,leg2-descent,3716.767111434563,R3-002,103.87528924413921,116.0,True,123.1296585863597,126.0,True,True
Q23-022,leg2-descent,3722.450754012688,R3-002,103.88355169660223,116.0,True,123.1296585863597,126.0,True,True
Q23-022,leg2-descent,3728.134396590813,R3-002,103.89252315289158,116.0,True,123.1296585863597,126.0,True,True
Q23-022,S015-handoff,3728.134396590813,R3-002,103.89252315289158,116.0,True,123.1296585863597,126.0,True,True
Q23-022,S015-handoff,3738.134396590813,R3-002,103.89252315289158,116.0,True,123.1296585863597,126.0,True,True
Q23-022,S015-handoff,3748.134396590813,R3-002,103.89252315289158,116.0,True,123.1296585863597,126.0,True,True
Q23-022,S015-handoff,3758.134396590813,R3-002,103.89252315289158,116.0,True,123.1296585863597,126.0,True,True
Q23-022,S015-handoff,3768.134396590813,R3-002,103.89252315289158,116.0,True,123.1296585863597,126.0,True,True
Q23-022,S015-handoff,3778.134396590813,R3-002,103.89252315289158,116.0,True,123.1296585863597,126.0,True,True
Q23-022,S015-handoff,3788.134396590813,R3-002,103.89252315289158,116.0,True,123.1296585863597,126.0,True,True
Q23-022,S015-handoff,3798.134396590813,R3-002,103.89252315289158,116.0,True,123.1296585863597,126.0,True,True
Q23-022,S015-handoff,3808.134396590813,R3-002,103.89252315289158,116.0,True,123.1296585863597,126.0,True,True
Q23-022,S015-handoff,3818.134396590813,R3-002,103.89252315289158,116.0,True,123.1296585863597,126.0,True,True
Q23-022,S015-handoff,3828.134396590813,R3-002,103.89252315289158,116.0,True,123.1296585863597,126.0,True,True
Q23-022,S015-handoff,3838.134396590813,R3-002,103.89252315289158,116.0,True,123.1296585863597,126.0,True,True
Q23-022,S015-handoff,3848.134396590813,R3-002,103.89252315289158,116.0,True,123.1296585863597,126.0,True,True
Q23-022,S015-handoff,3858.134396590813,R3-002,103.89252315289158,116.0,True,123.1296585863597,126.0,True,True
Q23-022,S015-handoff,3868.134396590813,R3-002,103.89252315289158,116.0,True,123.1296585863597,126.0,True,True
Q23-022,S015-handoff,3878.134396590813,R3-002,103.89252315289158,116.0,True,123.1296585863597,126.0,True,True
Q23-022,S015-handoff,3888.134396590813,R3-002,103.89252315289158,116.0,True,123.1296585863597,126.0,True,True
Q23-022,S015-handoff,3898.134396590813,R3-002,103.89252315289158,116.0,True,123.1296585863597,126.0,True,True
Q23-022,S015-handoff,3908.134396590813,R3-002,103.89252315289158,116.0,True,123.1296585863597,126.0,True,True
Q23-022,leg3-climb,3908.134396590813,R3-002,103.89252315289158,116.0,True,123.1296585863597,126.0,True,True
Q23-022,leg3-climb,3916.2426678717375,R3-002,103.87759656382224,116.0,True,123.1296585863597,126.0,True,True
Q23-022,leg3-climb,3924.3509391526622,R3-002,103.8647562955881,116.0,True,123.1296585863597,126.0,True,True
Q23-022,leg3-climb,3932.4592104335866,R3-002,103.85402104381222,116.0,True,123.1296585863597,126.0,True,True
Q23-022,leg3-climb,3940.567481714511,R3-002,103.84540653856234,116.0,True,123.1296585863597,126.0,True,True
Q23-022,leg3-cruise,3940.567481714511,R3-002,103.84540653856234,116.0,True,123.1296585863597,126.0,True,True
Q23-022,leg3-cruise,3950.3546588666054,R3-002,102.982383698634,116.0,True,123.1296585863597,126.0,True,True
Q23-022,leg3-cruise,3960.1418360186995,R3-002,102.02478881906252,116.0,True,123.1296585863597,126.0,True,True
Q23-022,leg3-cruise,3969.929013170794,R3-002,100.94954920188684,116.0,True,123.1296585863597,126.0,True,True
Q23-022,leg3-cruise,3979.7161903228885,R3-002,99.72409257873665,116.0,True,123.1296585863597,126.0,True,True
Q23-022,leg3-cruise,3989.503367474983,R3-002,98.30041305464188,116.0,True,123.1296585863597,126.0,True,True
Q23-022,leg3-cruise,3999.290544627077,R3-002,96.60381497417595,116.0,True,123.1296585863597,126.0,True,True
Q23-022,leg3-cruise,4009.0777217791715,R3-002,94.50978739419146,116.0,True,123.1296585863597,126.0,True,True
Q23-022,leg3-cruise,4018.864898931266,R3-002,91.79266027033086,116.0,True,123.1296585863597,126.0,True,True
Q23-022,leg3-cruise,4028.6520760833605,R3-002,88.01879773310333,116.0,True,123.1296585863597,126.0,True,True
Q23-022,leg3-cruise,4038.4392532354545,R3-002,82.8513475794294,116.0,True,123.1296585863597,126.0,True,True
Q23-022,leg3-cruise,4048.226430387549,R3-002,82.74997303825346,116.0,True,123.1296585863597,126.0,True,True
Q23-022,leg3-cruise,4058.0136075396435,R3-002,87.92638677161003,116.0,True,123.1296585863597,126.0,True,True
Q23-022,leg3-cruise,4067.800784691738,R3-002,91.72831501700195,116.0,True,123.1296585863597,126.0,True,True
Q23-022,leg3-cruise,4077.587961843832,R3-002,94.46173522279113,116.0,True,123.1296585863597,126.0,True,True
Q23-022,leg3-cruise,4087.3751389959266,R3-002,96.565759785166,116.0,True,123.1296585863597,126.0,True,True
Q23-023,leg1-cruise,3238.1735008347127,R3-003,105.69360433922753,116.0,True,121.23642965172942,126.0,True,True
Q23-023,leg1-cruise,3247.9688685112983,R3-003,105.95173576153891,116.0,True,121.23642965172942,126.0,True,True
Q23-023,leg1-cruise,3257.764236187884,R3-003,106.24074080843239,116.0,True,121.23642965172942,126.0,True,True
Q23-023,leg1-cruise,3267.559603864469,R3-003,106.55389567875203,116.0,True,121.23642965172942,126.0,True,True
Q23-023,leg1-cruise,3277.3549715410545,R3-003,106.88505682604945,116.0,True,121.23642965172942,126.0,True,True
Q23-023,leg1-cruise,3287.15033921764,R3-003,107.2288346714993,116.0,True,121.23642965172942,126.0,True,True
Q23-023,leg1-cruise,3296.9457068942256,R3-003,107.58065449183668,116.0,True,121.23642965172942,126.0,True,True
Q23-023,leg1-cruise,3306.741074570811,R3-003,107.93673830311707,116.0,True,121.23642965172942,126.0,True,True
Q23-023,leg1-descent,3306.741074570811,R3-003,107.93673830311707,116.0,True,121.23642965172942,126.0,True,True
Q23-023,leg1-descent,3316.237439316905,R3-003,107.9423397167775,116.0,True,121.23642965172942,126.0,True,True
Q23-023,leg1-descent,3325.733804062999,R3-003,107.94872897250355,116.0,True,121.23642965172942,126.0,True,True
Q23-023,S013-handoff,3325.733804062999,R3-003,107.94872897250355,116.0,True,121.23642965172942,126.0,True,True
Q23-023,S013-handoff,3335.733804062999,R3-003,107.94872897250355,116.0,True,121.23642965172942,126.0,True,True
Q23-023,S013-handoff,3345.733804062999,R3-003,107.94872897250355,116.0,True,121.23642965172942,126.0,True,True
Q23-023,S013-handoff,3355.733804062999,R3-003,107.94872897250355,116.0,True,121.23642965172942,126.0,True,True
Q23-023,S013-handoff,3365.733804062999,R3-003,107.94872897250355,116.0,True,121.23642965172942,126.0,True,True
Q23-023,S013-handoff,3375.733804062999,R3-003,107.94872897250355,116.0,True,121.23642965172942,126.0,True,True
Q23-023,S013-handoff,3385.733804062999,R3-003,107.94872897250355,116.0,True,121.23642965172942,126.0,True,True
Q23-023,S013-handoff,3395.733804062999,R3-003,107.94872897250355,116.0,True,121.23642965172942,126.0,True,True
Q23-023,S013-handoff,3405.733804062999,R3-003,107.94872897250355,116.0,True,121.23642965172942,126.0,True,True
Q23-023,S013-handoff,3415.733804062999,R3-003,107.94872897250355,116.0,True,121.23642965172942,126.0,True,True
Q23-023,S013-handoff,3425.733804062999,R3-003,107.94872897250355,116.0,True,121.23642965172942,126.0,True,True
Q23-023,S013-handoff,3435.733804062999,R3-003,107.94872897250355,116.0,True,121.23642965172942,126.0,True,True
Q23-023,S013-handoff,3445.733804062999,R3-003,107.94872897250355,116.0,True,121.23642965172942,126.0,True,True
Q23-023,S013-handoff,3455.733804062999,R3-003,107.94872897250355,116.0,True,121.23642965172942,126.0,True,True
Q23-023,S013-handoff,3465.733804062999,R3-003,107.94872897250355,116.0,True,121.23642965172942,126.0,True,True
Q23-023,S013-handoff,3475.733804062999,R3-003,107.94872897250355,116.0,True,121.23642965172942,126.0,True,True
Q23-023,S013-handoff,3485.733804062999,R3-003,107.94872897250355,116.0,True,121.23642965172942,126.0,True,True
Q23-023,S013-handoff,3495.733804062999,R3-003,107.94872897250355,116.0,True,121.23642965172942,126.0,True,True
Q23-023,S013-handoff,3505.733804062999,R3-003,107.94872897250355,116.0,True,121.23642965172942,126.0,True,True
Q23-023,S013-handoff,3515.733804062999,R3-003,107.94872897250355,116.0,True,121.23642965172942,126.0,True,True
Q23-023,S013-handoff,3525.733804062999,R3-003,107.94872897250355,116.0,True,121.23642965172942,126.0,True,True
Q23-023,S013-handoff,3535.733804062999,R3-003,107.94872897250355,116.0,True,121.23642965172942,126.0,True,True
Q23-023,leg2-climb,3535.733804062999,R3-003,107.94872897250355,116.0,True,121.23642965172942,126.0,True,True
Q23-023,leg2-climb,3542.6001309672956,R3-003,107.94314012484027,116.0,True,121.23642965172942,126.0,True,True
Q23-023,leg2-cruise,3542.6001309672956,R3-003,107.94314012484027,116.0,True,121.23642965172942,126.0,True,True
Q23-023,leg2-cruise,3552.3536866839895,R3-003,108.29790387355618,116.0,True,121.23642965172942,126.0,True,True
Q23-023,leg2-cruise,3562.1072424006834,R3-003,108.65162250384944,116.0,True,121.23642965172942,126.0,True,True
Q23-023,leg2-cruise,3571.860798117377,R3-003,109.00244323657847,116.0,True,121.23642965172942,126.0,True,True
Q23-023,leg2-cruise,3581.6143538340707,R3-003,109.3489585546245,116.0,True,121.23642965172942,126.0,True,True
Q23-023,leg2-cruise,3591.3679095507646,R3-003,109.69012450166225,116.0,True,121.23642965172942,126.0,True,True
Q23-023,leg2-cruise,3601.1214652674585,R3-003,110.02518961410934,116.0,True,121.23642965172942,126.0,True,True
Q23-023,leg2-cruise,3610.875020984152,R3-003,110.35363488527707,116.0,True,121.23642965172942,126.0,True,True
Q23-023,leg2-cruise,3620.6285767008458,R3-003,110.67512409868013,116.0,True,121.23642965172942,126.0,True,True
Q23-023,leg2-cruise,3630.3821324175397,R3-003,110.98946336499131,116.0,True,121.23642965172942,126.0,True,True
Q23-023,leg2-cruise,3640.1356881342335,R3-003,111.2965685341539,116.0,True,121.23642965172942,126.0,True,True
Q23-023,leg2-cruise,3649.8892438509274,R3-003,111.59643918070853,116.0,True,121.23642965172942,126.0,True,True
Q23-023,leg2-cruise,3659.642799567621,R3-003,111.88913798101444,116.0,True,121.23642965172942,126.0,True,True
Q23-023,leg2-cruise,3669.3963552843147,R3-003,112.17477445860874,116.0,True,121.23642965172942,126.0,True,True
Q23-023,leg2-cruise,3679.1499110010086,R3-003,112.45349223642503,116.0,True,121.23642965172942,126.0,True,True
Q23-023,leg2-cruise,3688.9034667177025,R3-003,112.72545908580742,116.0,True,121.23642965172942,126.0,True,True
Q23-023,leg2-cruise,3698.657022434396,R3-003,112.99085919497864,116.0,True,121.23642965172942,126.0,True,True
Q23-023,leg2-cruise,3708.41057815109,R3-003,113.24988719226722,116.0,True,121.23642965172942,126.0,True,True
Q23-023,leg2-cruise,3718.1641338677837,R3-003,113.50274355264295,116.0,True,121.23642965172942,126.0,True,True
Q23-023,leg2-cruise,3727.9176895844776,R3-003,113.7496310921571,116.0,True,121.23642965172942,126.0,True,True
Q23-023,leg2-cruise,3737.671245301171,R3-003,113.99075231618782,116.0,True,121.23642965172942,126.0,True,True
Q23-023,leg2-cruise,3747.424801017865,R3-003,114.2263074364364,116.0,True,121.23642965172942,126.0,True,True
Q23-023,leg2-cruise,3757.1783567345587,R3-003,114.45649291063626,116.0,True,121.23642965172942,126.0,True,True
Q23-023,leg2-descent,3757.1783567345587,R3-003,114.45649291063626,116.0,True,121.23642965172942,126.0,True,True
Q23-023,leg2-descent,3766.6649554487512,R3-003,114.45794136949813,116.0,True,121.23642965172942,126.0,True,True
Q23-023,leg2-descent,3776.151554162944,R3-003,114.45956651538617,116.0,True,121.23642965172942,126.0,True,True
Q23-023,leg2-descent,3785.638152877137,R3-003,114.46136814983745,116.0,True,121.23642965172942,126.0,True,True
Q23-023,leg2-descent,3795.1247515913296,R3-003,114.4633460530388,116.0,True,121.23642965172942,126.0,True,True
Q23-023,leg2-descent,3804.611350305522,R3-003,114.46549998391586,116.0,True,121.23642965172942,126.0,True,True
Q23-023,leg2-descent,3814.097949019715,R3-003,114.46782968023075,116.0,True,121.23642965172942,126.0,True,True
Q23-023,S009-handoff,3814.097949019715,R3-003,114.46782968023075,116.0,True,121.23642965172942,126.0,True,True
Q23-023,S009-handoff,3824.097949019715,R3-003,114.46782968023075,116.0,True,121.23642965172942,126.0,True,True
Q23-023,S009-handoff,3834.097949019715,R3-003,114.46782968023075,116.0,True,121.23642965172942,126.0,True,True
Q23-023,S009-handoff,3844.097949019715,R3-003,114.46782968023075,116.0,True,121.23642965172942,126.0,True,True
Q23-023,S009-handoff,3854.097949019715,R3-003,114.46782968023075,116.0,True,121.23642965172942,126.0,True,True
Q23-023,S009-handoff,3864.097949019715,R3-003,114.46782968023075,116.0,True,121.23642965172942,126.0,True,True
Q23-023,S009-handoff,3874.097949019715,R3-003,114.46782968023075,116.0,True,121.23642965172942,126.0,True,True
Q23-023,S009-handoff,3884.097949019715,R3-003,114.46782968023075,116.0,True,121.23642965172942,126.0,True,True
Q23-023,S009-handoff,3894.097949019715,R3-003,114.46782968023075,116.0,True,121.23642965172942,126.0,True,True
Q23-023,S009-handoff,3904.097949019715,R3-003,114.46782968023075,116.0,True,121.23642965172942,126.0,True,True
Q23-023,S009-handoff,3914.097949019715,R3-003,114.46782968023075,116.0,True,121.23642965172942,126.0,True,True
Q23-023,S009-handoff,3924.097949019715,R3-003,114.46782968023075,116.0,True,121.23642965172942,126.0,True,True
Q23-023,S009-handoff,3934.097949019715,R3-003,114.46782968023075,116.0,True,121.23642965172942,126.0,True,True
Q23-023,S009-handoff,3944.097949019715,R3-003,114.46782968023075,116.0,True,121.23642965172942,126.0,True,True
Q23-023,S009-handoff,3954.097949019715,R3-003,114.46782968023075,116.0,True,121.23642965172942,126.0,True,True
Q23-023,S009-handoff,3964.097949019715,R3-003,114.46782968023075,116.0,True,121.23642965172942,126.0,True,True
Q23-023,S009-handoff,3974.097949019715,R3-003,114.46782968023075,116.0,True,121.23642965172942,126.0,True,True
Q23-023,S009-handoff,3984.097949019715,R3-003,114.46782968023075,116.0,True,121.23642965172942,126.0,True,True
Q23-023,S009-handoff,3994.097949019715,R3-003,114.46782968023075,116.0,True,121.23642965172942,126.0,True,True
Q23-023,leg3-climb,3994.097949019715,R3-003,114.46782968023075,116.0,True,121.23642965172942,126.0,True,True
Q23-023,leg3-climb,4001.1233837256614,R3-003,114.46575064355848,116.0,True,121.23642965172942,126.0,True,True
Q23-023,leg3-climb,4008.148818431607,R3-003,114.46381039327139,116.0,True,121.23642965172942,126.0,True,True
Q23-023,leg3-climb,4015.1742531375535,R3-003,114.462009115891,116.0,True,121.23642965172942,126.0,True,True
Q23-023,leg3-cruise,4015.1742531375535,R3-003,114.462009115891,116.0,True,121.23642965172942,126.0,True,True
Q23-023,leg3-cruise,4024.9566127840744,R3-003,114.27027590039992,116.0,True,121.23642965172942,126.0,True,True
Q23-023,leg3-cruise,4034.738972430595,R3-003,114.07709849835035,116.0,True,121.23642965172942,126.0,True,True
Q23-023,leg3-cruise,4044.521332077116,R3-003,113.88267955824503,116.0,True,121.23642965172942,126.0,True,True
Q23-023,leg3-cruise,4054.303691723637,R3-003,113.68725754273089,116.0,True,121.23642965172942,126.0,True,True
Q23-023,leg3-cruise,4064.0860513701573,R3-003,113.49111101382331,116.0,True,121.23642965172942,126.0,True,True
Q23-023,leg3-cruise,4073.8684110166782,R3-003,113.29456319378824,116.0,True,121.23642965172942,126.0,True,True
Q23-023,leg3-cruise,4083.650770663199,R3-003,113.09798674393944,116.0,True,121.23642965172942,126.0,True,True
Q23-023,leg3-cruise,4093.4331303097197,R3-003,112.90180867226296,116.0,True,121.23642965172942,126.0,True,True
Q23-023,leg3-cruise,4103.21548995624,R3-003,112.70651524160436,116.0,True,121.23642965172942,126.0,True,True
Q23-023,leg3-cruise,4112.997849602762,R3-003,112.51265670249562,116.0,True,121.23642965172942,126.0,True,True
Q23-023,leg3-cruise,4122.780209249282,R3-003,112.32085161886768,116.0,True,121.23642965172942,126.0,True,True
Q23-023,leg3-cruise,4132.5625688958025,R3-003,112.13179049174722,116.0,True,121.23642965172942,126.0,True,True
Q23-023,leg3-cruise,4142.344928542324,R3-003,111.94623831852725,116.0,True,121.23642965172942,126.0,True,True
Q23-024,leg1-cruise,8794.069654927378,R3-006,109.27827833726408,116.0,True,114.55141892436005,126.0,True,True
Q23-024,leg1-cruise,8803.852014573898,R3-006,109.18624830651939,116.0,True,114.55141892436005,126.0,True,True
Q23-024,leg1-cruise,8813.634374220419,R3-006,109.11550528049098,116.0,True,114.55141892436005,126.0,True,True
Q23-024,leg1-cruise,8823.41673386694,R3-006,109.06713162887311,116.0,True,114.55141892436005,126.0,True,True
Q23-024,leg1-cruise,8833.199093513462,R3-006,109.04189140137757,116.0,True,114.55141892436005,126.0,True,True
Q23-024,leg1-cruise,8842.981453159982,R3-006,109.04019111898972,116.0,True,114.55141892436005,126.0,True,True
Q23-024,leg1-cruise,8852.763812806503,R3-006,109.06205826251372,116.0,True,114.55141892436005,126.0,True,True
Q23-024,leg1-cruise,8862.546172453023,R3-006,109.10713980211104,116.0,True,114.55141892436005,126.0,True,True
Q23-024,leg1-cruise,8872.328532099544,R3-006,109.17472093051204,116.0,True,114.55141892436005,126.0,True,True
Q23-024,leg1-cruise,8882.110891746064,R3-006,109.26376195108277,116.0,True,114.55141892436005,126.0,True,True
Q23-024,leg1-cruise,8891.893251392587,R3-006,109.37294943592237,116.0,True,114.55141892436005,126.0,True,True
Q23-024,leg1-cruise,8901.675611039107,R3-006,109.50075661131648,116.0,True,114.55141892436005,126.0,True,True
Q23-024,leg1-cruise,8911.457970685628,R3-006,109.64550757768984,116.0,True,114.55141892436005,126.0,True,True
Q23-024,leg1-cruise,8921.240330332148,R3-006,109.80544037151671,116.0,True,114.55141892436005,126.0,True,True
Q23-024,leg1-descent,8921.240330332148,R3-006,109.80544037151671,116.0,True,114.55141892436005,126.0,True,True
Q23-024,leg1-descent,8929.670851979283,R3-006,109.81253194616282,116.0,True,114.55141892436005,126.0,True,True
Q23-024,leg1-descent,8938.10137362642,R3-006,109.82001919399278,116.0,True,114.55141892436005,126.0,True,True
Q23-024,leg1-descent,8946.531895273554,R3-006,109.82790005176334,116.0,True,114.55141892436005,126.0,True,True
Q23-024,S009-handoff,8946.531895273554,R3-006,109.82790005176334,116.0,True,114.55141892436005,126.0,True,True
Q23-024,S009-handoff,8956.531895273554,R3-006,109.82790005176334,116.0,True,114.55141892436005,126.0,True,True
Q23-024,S009-handoff,8966.531895273554,R3-006,109.82790005176334,116.0,True,114.55141892436005,126.0,True,True
Q23-024,S009-handoff,8976.531895273554,R3-006,109.82790005176334,116.0,True,114.55141892436005,126.0,True,True
Q23-024,S009-handoff,8986.531895273554,R3-006,109.82790005176334,116.0,True,114.55141892436005,126.0,True,True
Q23-024,S009-handoff,8996.531895273554,R3-006,109.82790005176334,116.0,True,114.55141892436005,126.0,True,True
Q23-024,S009-handoff,9006.531895273554,R3-006,109.82790005176334,116.0,True,114.55141892436005,126.0,True,True
Q23-024,S009-handoff,9016.531895273554,R3-006,109.82790005176334,116.0,True,114.55141892436005,126.0,True,True
Q23-024,S009-handoff,9026.531895273554,R3-006,109.82790005176334,116.0,True,114.55141892436005,126.0,True,True
Q23-024,S009-handoff,9036.531895273554,R3-006,109.82790005176334,116.0,True,114.55141892436005,126.0,True,True
Q23-024,S009-handoff,9046.531895273554,R3-006,109.82790005176334,116.0,True,114.55141892436005,126.0,True,True
Q23-024,S009-handoff,9056.531895273554,R3-006,109.82790005176334,116.0,True,114.55141892436005,126.0,True,True
Q23-024,S009-handoff,9066.531895273554,R3-006,109.82790005176334,116.0,True,114.55141892436005,126.0,True,True
Q23-024,S009-handoff,9076.531895273554,R3-006,109.82790005176334,116.0,True,114.55141892436005,126.0,True,True
Q23-024,S009-handoff,9086.531895273554,R3-006,109.82790005176334,116.0,True,114.55141892436005,126.0,True,True
Q23-024,S009-handoff,9096.531895273554,R3-006,109.82790005176334,116.0,True,114.55141892436005,126.0,True,True
Q23-024,S009-handoff,9106.531895273554,R3-006,109.82790005176334,116.0,True,114.55141892436005,126.0,True,True
Q23-024,S009-handoff,9116.531895273554,R3-006,109.82790005176334,116.0,True,114.55141892436005,126.0,True,True
Q23-024,S009-handoff,9126.531895273554,R3-006,109.82790005176334,116.0,True,114.55141892436005,126.0,True,True
Q23-024,S009-handoff,9136.531895273554,R3-006,109.82790005176334,116.0,True,114.55141892436005,126.0,True,True
Q23-024,S009-handoff,9146.531895273554,R3-006,109.82790005176334,116.0,True,114.55141892436005,126.0,True,True
Q23-024,S009-handoff,9156.531895273554,R3-006,109.82790005176334,116.0,True,114.55141892436005,126.0,True,True
Q23-024,leg2-climb,9156.531895273554,R3-006,109.82790005176334,116.0,True,114.55141892436005,126.0,True,True
Q23-024,leg2-climb,9165.259869720168,R3-006,109.81816852305124,116.0,True,114.55141892436005,126.0,True,True
Q23-024,leg2-climb,9173.987844166782,R3-006,109.80904527369835,116.0,True,114.55141892436005,126.0,True,True
Q23-024,leg2-climb,9182.715818613398,R3-006,109.80053418936838,116.0,True,114.55141892436005,126.0,True,True
Q23-024,leg2-climb,9191.443793060012,R3-006,109.79263891225601,116.0,True,114.55141892436005,126.0,True,True
Q23-024,leg2-climb,9200.171767506627,R3-006,109.78536283598639,116.0,True,114.55141892436005,126.0,True,True
Q23-024,leg2-cruise,9200.171767506627,R3-006,109.78536283598639,116.0,True,114.55141892436005,126.0,True,True
Q23-024,leg2-cruise,9210.064671902965,R3-006,109.49938385127243,116.0,True,114.55141892436005,126.0,True,True
Q23-024,leg2-cruise,9219.957576299304,R3-006,109.21649922999106,116.0,True,114.55141892436005,126.0,True,True
Q23-024,leg2-cruise,9229.850480695643,R3-006,108.93869925479765,116.0,True,114.55141892436005,126.0,True,True
Q23-024,leg2-cruise,9239.74338509198,R3-006,108.66830862871778,116.0,True,114.55141892436005,126.0,True,True
Q23-024,leg2-cruise,9249.63628948832,R3-006,108.40799615527573,116.0,True,114.55141892436005,126.0,True,True
Q23-024,leg2-cruise,9259.529193884659,R3-006,108.16076519927306,116.0,True,114.55141892436005,126.0,True,True
Q23-024,leg2-cruise,9269.422098280997,R3-006,107.92991740053998,116.0,True,114.55141892436005,126.0,True,True
Q23-024,leg2-cruise,9279.315002677336,R3-006,107.71898233768904,116.0,True,114.55141892436005,126.0,True,True
Q23-024,leg2-cruise,9289.207907073675,R3-006,107.53160776803058,116.0,True,114.55141892436005,126.0,True,True
Q23-024,leg2-cruise,9299.100811470013,R3-006,107.37140926208941,116.0,True,114.55141892436005,126.0,True,True
Q23-024,leg2-cruise,9308.993715866352,R3-006,107.24178461826862,116.0,True,114.55141892436005,126.0,True,True
Q23-024,leg2-cruise,9318.88662026269,R3-006,107.14570666446872,116.0,True,114.55141892436005,126.0,True,True
Q23-024,leg2-cruise,9328.77952465903,R3-006,107.08551615592503,116.0,True,114.55141892436005,126.0,True,True
Q23-024,leg2-cruise,9338.672429055368,R3-006,107.06274187612749,116.0,True,114.55141892436005,126.0,True,True
Q23-024,leg2-cruise,9348.565333451706,R3-006,107.07797518097769,116.0,True,114.55141892436005,126.0,True,True
Q23-024,leg2-cruise,9358.458237848046,R3-006,107.13081978917604,116.0,True,114.55141892436005,126.0,True,True
Q23-024,leg2-cruise,9368.351142244384,R3-006,107.21992553238519,116.0,True,114.55141892436005,126.0,True,True
Q23-024,leg2-cruise,9378.244046640722,R3-006,107.34310018425363,116.0,True,114.55141892436005,126.0,True,True
Q23-024,leg2-cruise,9388.136951037062,R3-006,107.49748059196732,116.0,True,114.55141892436005,126.0,True,True
Q23-024,leg2-cruise,9398.0298554334,R3-006,107.67973662071981,116.0,True,114.55141892436005,126.0,True,True
Q23-024,leg2-descent,9398.0298554334,R3-006,107.67973662071981,116.0,True,114.55141892436005,126.0,True,True
Q23-024,leg2-descent,9406.141817103322,R3-006,107.68879647318109,116.0,True,114.55141892436005,126.0,True,True
Q23-024,leg2-descent,9414.253778773244,R3-006,107.69845201074847,116.0,True,114.55141892436005,126.0,True,True
Q23-024,leg2-descent,9422.365740443167,R3-006,107.70869922624503,116.0,True,114.55141892436005,126.0,True,True
Q23-024,leg2-descent,9430.477702113089,R3-006,107.71953388969395,116.0,True,114.55141892436005,126.0,True,True
Q23-024,S012-handoff,9430.477702113089,R3-006,107.71953388969395,116.0,True,114.55141892436005,126.0,True,True
Q23-024,S012-handoff,9440.477702113089,R3-006,107.71953388969395,116.0,True,114.55141892436005,126.0,True,True
Q23-024,S012-handoff,9450.477702113089,R3-006,107.71953388969395,116.0,True,114.55141892436005,126.0,True,True
Q23-024,S012-handoff,9460.477702113089,R3-006,107.71953388969395,116.0,True,114.55141892436005,126.0,True,True
Q23-024,S012-handoff,9470.477702113089,R3-006,107.71953388969395,116.0,True,114.55141892436005,126.0,True,True
Q23-024,S012-handoff,9480.477702113089,R3-006,107.71953388969395,116.0,True,114.55141892436005,126.0,True,True
Q23-024,S012-handoff,9490.477702113089,R3-006,107.71953388969395,116.0,True,114.55141892436005,126.0,True,True
Q23-024,S012-handoff,9500.477702113089,R3-006,107.71953388969395,116.0,True,114.55141892436005,126.0,True,True
Q23-024,S012-handoff,9510.477702113089,R3-006,107.71953388969395,116.0,True,114.55141892436005,126.0,True,True
Q23-024,S012-handoff,9520.477702113089,R3-006,107.71953388969395,116.0,True,114.55141892436005,126.0,True,True
Q23-024,S012-handoff,9530.477702113089,R3-006,107.71953388969395,116.0,True,114.55141892436005,126.0,True,True
Q23-024,S012-handoff,9540.477702113089,R3-006,107.71953388969395,116.0,True,114.55141892436005,126.0,True,True
Q23-024,S012-handoff,9550.477702113089,R3-006,107.71953388969395,116.0,True,114.55141892436005,126.0,True,True
Q23-024,S012-handoff,9560.477702113089,R3-006,107.71953388969395,116.0,True,114.55141892436005,126.0,True,True
Q23-024,S012-handoff,9570.477702113089,R3-006,107.71953388969395,116.0,True,114.55141892436005,126.0,True,True
Q23-024,S012-handoff,9580.477702113089,R3-006,107.71953388969395,116.0,True,114.55141892436005,126.0,True,True
Q23-024,S012-handoff,9590.477702113089,R3-006,107.71953388969395,116.0,True,114.55141892436005,126.0,True,True
Q23-024,S012-handoff,9600.477702113089,R3-006,107.71953388969395,116.0,True,114.55141892436005,126.0,True,True
Q23-024,S012-handoff,9610.477702113089,R3-006,107.71953388969395,116.0,True,114.55141892436005,126.0,True,True
Q23-024,leg3-climb,9610.477702113089,R3-006,107.71953388969395,116.0,True,114.55141892436005,126.0,True,True
Q23-024,leg3-climb,9619.377768437958,R3-006,107.70539136603603,116.0,True,114.55141892436005,126.0,True,True
Q23-024,leg3-climb,9628.277834762828,R3-006,107.69226946017814,116.0,True,114.55141892436005,126.0,True,True
Q23-024,leg3-climb,9637.177901087698,R3-006,107.68017758455647,116.0,True,114.55141892436005,126.0,True,True
Q23-024,leg3-climb,9646.077967412568,R3-006,107.66912447188487,116.0,True,114.55141892436005,126.0,True,True
Q23-024,leg3-climb,9654.978033737438,R3-006,107.65911815459471,116.0,True,114.55141892436005,126.0,True,True
Q23-024,leg3-cruise,9654.978033737438,R3-006,107.65911815459471,116.0,True,114.55141892436005,126.0,True,True
Q23-024,leg3-cruise,9664.842633152488,R3-006,107.15726388747206,116.0,True,114.55141892436005,126.0,True,True
Q23-024,leg3-cruise,9674.707232567538,R3-006,106.63176481425447,116.0,True,114.55141892436005,126.0,True,True
Q23-024,leg3-cruise,9684.571831982586,R3-006,106.08153768112304,116.0,True,114.55141892436005,126.0,True,True
Q23-024,leg3-cruise,9694.436431397637,R3-006,105.50587903257211,116.0,True,114.55141892436005,126.0,True,True
Q23-024,leg3-cruise,9704.301030812687,R3-006,104.9047728905019,116.0,True,114.55141892436005,126.0,True,True
Q23-024,leg3-cruise,9714.165630227737,R3-006,104.27937323687955,116.0,True,114.55141892436005,126.0,True,True
Q23-024,leg3-cruise,9724.030229642787,R3-006,103.63274421486145,116.0,True,114.55141892436005,126.0,True,True
Q23-024,leg3-cruise,9733.894829057836,R3-006,102.97095893580082,116.0,True,114.55141892436005,126.0,True,True
Q23-024,leg3-cruise,9743.759428472886,R3-006,102.30464320350339,116.0,True,114.55141892436005,126.0,True,True
Q23-024,leg3-cruise,9753.624027887936,R3-006,101.65093718976071,116.0,True,114.55141892436005,126.0,True,True
Q23-024,leg3-cruise,9763.488627302986,R3-006,101.03551435788573,116.0,True,114.55141892436005,126.0,True,True
Q23-024,leg3-cruise,9773.353226718036,R3-006,100.49361438378219,116.0,True,114.55141892436005,126.0,True,True
Q23-024,leg3-cruise,9783.217826133085,R3-006,100.06814868401013,116.0,True,114.55141892436005,126.0,True,True
Q23-024,leg3-cruise,9793.082425548135,R3-006,99.8027610574296,116.0,True,114.55141892436005,126.0,True,True
Q23-024,leg3-cruise,9802.947024963185,R3-006,99.73000052493653,116.0,True,114.55141892436005,126.0,True,True
Q23-024,leg3-cruise,9812.811624378235,R3-006,99.85959048546033,116.0,True,114.55141892436005,126.0,True,True
Q23-024,leg3-cruise,9822.676223793285,R3-006,100.1744647288453,116.0,True,114.55141892436005,126.0,True,True
Q23-024,leg3-cruise,9832.540823208334,R3-006,100.63758667897476,116.0,True,114.55141892436005,126.0,True,True
Q23-024,leg3-cruise,9842.405422623384,R3-006,101.20448392482577,116.0,True,114.55141892436005,126.0,True,True
Q23-024,leg3-cruise,9852.270022038434,R3-006,101.83396523801531,116.0,True,114.55141892436005,126.0,True,True
Q23-024,leg3-cruise,9862.134621453484,R3-006,102.49348389844752,116.0,True,114.55141892436005,126.0,True,True
Q23-024,leg3-cruise,9871.999220868534,R3-006,103.15996399541781,116.0,True,114.55141892436005,126.0,True,True
Q23-024,leg3-cruise,9881.863820283583,R3-006,103.81832838051245,116.0,True,114.55141892436005,126.0,True,True
Q23-024,leg3-cruise,9891.728419698633,R3-006,104.45942678852657,116.0,True,114.55141892436005,126.0,True,True
Q23-025,leg2-cruise,5491.586089499344,R3-004,108.91937709270536,116.0,True,113.58193892655193,126.0,True,True
Q23-025,leg2-cruise,5501.454690918649,R3-004,108.56743032227125,116.0,True,113.58193892655193,126.0,True,True
Q23-025,leg2-cruise,5511.3232923379555,R3-004,108.21360134168457,116.0,True,113.58193892655193,126.0,True,True
Q23-025,leg2-cruise,5521.191893757261,R3-004,107.8600255648386,116.0,True,113.58193892655193,126.0,True,True
Q23-025,leg2-cruise,5531.060495176566,R3-004,107.50942213326638,116.0,True,113.58193892655193,126.0,True,True
Q23-025,leg2-cruise,5540.929096595873,R3-004,107.16518333121624,116.0,True,113.58193892655193,126.0,True,True
Q23-025,leg2-cruise,5550.797698015178,R3-004,106.83144856761983,116.0,True,113.58193892655193,126.0,True,True
Q23-025,leg2-descent,5550.797698015178,R3-004,106.83144856761983,116.0,True,113.58193892655193,126.0,True,True
Q23-025,leg2-descent,5560.100056789216,R3-004,106.83543637229694,116.0,True,113.58193892655193,126.0,True,True
Q23-025,leg2-descent,5569.402415563255,R3-004,106.84005076359688,116.0,True,113.58193892655193,126.0,True,True
Q23-025,leg2-descent,5578.704774337293,R3-004,106.84528974239232,116.0,True,113.58193892655193,126.0,True,True
Q23-025,leg2-descent,5588.007133111332,R3-004,106.85115104496502,116.0,True,113.58193892655193,126.0,True,True
Q23-025,leg2-descent,5597.30949188537,R3-004,106.8576321462433,116.0,True,113.58193892655193,126.0,True,True
Q23-025,leg2-descent,5606.611850659408,R3-004,106.86473026339638,116.0,True,113.58193892655193,126.0,True,True
Q23-025,leg2-descent,5615.9142094334475,R3-004,106.87244235977488,116.0,True,113.58193892655193,126.0,True,True
Q23-025,leg2-descent,5625.216568207486,R3-004,106.88076514918572,116.0,True,113.58193892655193,126.0,True,True
Q23-025,leg2-descent,5634.518926981524,R3-004,106.88969510048926,116.0,True,113.58193892655193,126.0,True,True
Q23-025,leg2-descent,5643.821285755563,R3-004,106.89922844250513,116.0,True,113.58193892655193,126.0,True,True
Q23-025,leg2-descent,5653.123644529601,R3-004,106.90936116921277,116.0,True,113.58193892655193,126.0,True,True
Q23-025,leg2-descent,5662.42600330364,R3-004,106.920089045232,116.0,True,113.58193892655193,126.0,True,True
Q23-025,leg2-descent,5671.728362077678,R3-004,106.93140761156828,116.0,True,113.58193892655193,126.0,True,True
Q23-025,S007-handoff,5671.728362077678,R3-004,106.93140761156828,116.0,True,113.58193892655193,126.0,True,True
Q23-025,S007-handoff,5681.659396560437,R3-004,106.93140761156828,116.0,True,113.58193892655193,126.0,True,True
Q23-025,S007-handoff,5691.590431043195,R3-004,106.93140761156828,116.0,True,113.58193892655193,126.0,True,True
Q23-025,S007-handoff,5701.521465525954,R3-004,106.93140761156828,116.0,True,113.58193892655193,126.0,True,True
Q23-025,S007-handoff,5711.452500008712,R3-004,106.93140761156828,116.0,True,113.58193892655193,126.0,True,True
Q23-025,S007-handoff,5721.383534491471,R3-004,106.93140761156828,116.0,True,113.58193892655193,126.0,True,True
Q23-025,S007-handoff,5731.31456897423,R3-004,106.93140761156828,116.0,True,113.58193892655193,126.0,True,True
Q23-025,S007-handoff,5741.245603456989,R3-004,106.93140761156828,116.0,True,113.58193892655193,126.0,True,True
Q23-025,S007-handoff,5751.176637939747,R3-004,106.93140761156828,116.0,True,113.58193892655193,126.0,True,True
Q23-025,S007-handoff,5761.107672422506,R3-004,106.93140761156828,116.0,True,113.58193892655193,126.0,True,True
Q23-025,S007-handoff,5771.038706905264,R3-004,106.93140761156828,116.0,True,113.58193892655193,126.0,True,True
Q23-025,S007-handoff,5780.969741388023,R3-004,106.93140761156828,116.0,True,113.58193892655193,126.0,True,True
Q23-025,S007-handoff,5790.900775870781,R3-004,106.93140761156828,116.0,True,113.58193892655193,126.0,True,True
Q23-025,S007-handoff,5800.83181035354,R3-004,106.93140761156828,116.0,True,113.58193892655193,126.0,True,True
Q23-025,S007-handoff,5810.762844836298,R3-004,106.93140761156828,116.0,True,113.58193892655193,126.0,True,True
Q23-025,S007-handoff,5820.6938793190575,R3-004,106.93140761156828,116.0,True,113.58193892655193,126.0,True,True
Q23-025,S007-handoff,5830.624913801816,R3-004,106.93140761156828,116.0,True,113.58193892655193,126.0,True,True
Q23-025,S007-handoff,5840.555948284575,R3-004,106.93140761156828,116.0,True,113.58193892655193,126.0,True,True
Q23-025,S007-handoff,5850.486982767333,R3-004,106.93140761156828,116.0,True,113.58193892655193,126.0,True,True
Q23-025,S007-handoff,5860.418017250092,R3-004,106.93140761156828,116.0,True,113.58193892655193,126.0,True,True
Q23-025,S007-handoff,5870.34905173285,R3-004,106.93140761156828,116.0,True,113.58193892655193,126.0,True,True
Q23-025,S007-handoff,5880.280086215609,R3-004,106.93140761156828,116.0,True,113.58193892655193,126.0,True,True
Q23-025,S007-handoff,5890.211120698367,R3-004,106.93140761156828,116.0,True,113.58193892655193,126.0,True,True
Q23-025,S007-handoff,5900.142155181126,R3-004,106.93140761156828,116.0,True,113.58193892655193,126.0,True,True
Q23-025,S007-handoff,5910.0731896638845,R3-004,106.93140761156828,116.0,True,113.58193892655193,126.0,True,True
Q23-025,S007-handoff,5920.0042241466435,R3-004,106.93140761156828,116.0,True,113.58193892655193,126.0,True,True
Q23-025,S007-handoff,5929.935258629402,R3-004,106.93140761156828,116.0,True,113.58193892655193,126.0,True,True
Q23-025,S007-handoff,5939.866293112161,R3-004,106.93140761156828,116.0,True,113.58193892655193,126.0,True,True
Q23-025,S007-handoff,5949.797327594919,R3-004,106.93140761156828,116.0,True,113.58193892655193,126.0,True,True
Q23-025,S007-handoff,5959.728362077678,R3-004,106.93140761156828,116.0,True,113.58193892655193,126.0,True,True
Q23-025,leg3-climb,5959.728362077678,R3-004,106.93140761156828,116.0,True,113.58193892655193,126.0,True,True
Q23-025,leg3-climb,5969.069686366182,R3-004,106.91729458188712,116.0,True,113.58193892655193,126.0,True,True
Q23-025,leg3-climb,5978.411010654687,R3-004,106.90411406372472,116.0,True,113.58193892655193,126.0,True,True
Q23-025,leg3-climb,5987.752334943191,R3-004,106.891874707168,116.0,True,113.58193892655193,126.0,True,True
Q23-025,leg3-climb,5997.093659231696,R3-004,106.88058459986621,116.0,True,113.58193892655193,126.0,True,True
Q23-025,leg3-climb,6006.4349835202,R3-004,106.87025124965409,116.0,True,113.58193892655193,126.0,True,True
Q23-025,leg3-climb,6015.776307808705,R3-004,106.86088156825599,116.0,True,113.58193892655193,126.0,True,True
Q23-025,leg3-climb,6025.117632097209,R3-004,106.85248185614367,116.0,True,113.58193892655193,126.0,True,True
Q23-025,leg3-cruise,6025.117632097209,R3-004,106.85248185614367,116.0,True,113.58193892655193,126.0,True,True
Q23-025,leg3-cruise,6034.867799619763,R3-004,106.78127862272794,116.0,True,113.58193892655193,126.0,True,True
Q23-025,leg3-cruise,6044.617967142316,R3-004,106.74883142875917,116.0,True,113.58193892655193,126.0,True,True
Q23-025,leg3-cruise,6054.36813466487,R3-004,106.75601700793752,116.0,True,113.58193892655193,126.0,True,True
Q23-025,leg3-cruise,6064.118302187424,R3-004,106.8026404290683,116.0,True,113.58193892655193,126.0,True,True
