运输架次编号,通信阶段,开始时刻（s）,结束时刻（s）,保障方式,中继架次编号,直连路径损耗（dB）,直连门限（dB）
P00152,leg1-climb,330.0,368.76176269531254,直连,,54.80497750786803,122.0
P00071,leg1-climb,360.0,369.3314101710464,直连,,55.62142493215843,122.0
P00089,leg1-climb,365.0,374.04939412434896,直连,,56.2129160027533,122.0
P00107,leg1-climb,365.0,374.04939412434896,直连,,56.2129160027533,122.0
P00152,leg1-climb,368.76176269531254,378.45220336914065,直连,,80.94666213903065,122.0
P00071,leg1-climb,369.3314101710464,378.6628203420928,直连,,66.89926097440376,122.0
P00089,leg1-climb,374.04939412434896,383.09878824869793,直连,,66.38297288678419,122.0
P00107,leg1-climb,374.04939412434896,383.09878824869793,直连,,66.38297288678419,122.0
P00152,leg1-cruise,378.45220336914065,388.2708294149384,直连,,82.88383902694989,122.0
P00071,leg1-climb,378.6628203420928,387.9942305131392,直连,,74.03111890316714,122.0
P00089,leg1-climb,383.09878824869793,392.1481823730469,直连,,73.65557611128986,122.0
P00107,leg1-climb,383.09878824869793,392.1481823730469,直连,,73.65557611128986,122.0
P00071,leg1-climb,387.9942305131392,397.3256406841856,直连,,77.89386793099945,122.0
P00152,leg1-cruise,388.2708294149384,398.0894554607362,直连,,86.77063365844988,122.0
P00024,leg1-climb,390.0,399.6718205769857,直连,,54.84926104563459,122.0
P00089,leg1-climb,392.1481823730469,401.19757649739586,直连,,77.55760837078127,122.0
P00107,leg1-climb,392.1481823730469,401.19757649739586,直连,,77.55760837078127,122.0
P00071,leg1-climb,397.3256406841856,406.657050855232,直连,,80.55821443491213,122.0
P00152,leg1-cruise,398.0894554607362,407.90808150653396,直连,,90.16068595088801,122.0
P00024,leg1-climb,399.6718205769857,409.34364115397136,直连,,67.48415012187199,122.0
P00089,leg1-climb,401.19757649739586,410.2469706217448,直连,,80.24042241053876,122.0
P00107,leg1-climb,401.19757649739586,410.2469706217448,直连,,80.24042241053876,122.0
P00071,leg1-climb,406.657050855232,415.9884610262784,直连,,82.59426367590437,122.0
P00152,leg1-cruise,407.90808150653396,417.72670755233173,直连,,92.74417043864779,122.0
P00024,leg1-climb,409.34364115397136,419.01546173095704,直连,,74.46380373438195,122.0
P00089,leg1-climb,410.2469706217448,419.29636474609373,直连,,82.2872031221879,122.0
P00107,leg1-climb,410.2469706217448,419.29636474609373,直连,,82.2872031221879,122.0
P00071,leg1-climb,415.9884610262784,425.3198711973248,直连,,84.24251418046586,122.0
P00152,leg1-cruise,417.72670755233173,427.5453335981295,直连,,94.77944721369933,122.0
P00024,leg1-climb,419.01546173095704,428.6872823079427,直连,,78.283142532026,122.0
P00089,leg1-climb,419.29636474609373,428.3457588704427,直连,,83.94246818974946,122.0
P00107,leg1-climb,419.29636474609373,428.3457588704427,直连,,83.94246818974946,122.0
P00071,leg1-climb,425.3198711973248,434.6512813683712,直连,,85.62731847828361,122.0
P00152,leg1-cruise,427.5453335981295,437.3639596439273,直连,,96.44576962711744,122.0
P00089,leg1-climb,428.3457588704427,437.39515299479166,直连,,85.33221615138905,122.0
P00107,leg1-climb,428.3457588704427,437.39515299479166,直连,,85.33221615138905,122.0
P00024,leg1-climb,428.6872823079427,438.3591028849284,直连,,80.92693785901753,122.0
P00020,leg1-climb,429.0,438.5200331624349,直连,,55.20206987342256,122.0
P00071,leg1-climb,434.6512813683712,443.9826915394176,直连,,86.82140053434753,122.0
P00152,leg1-cruise,437.3639596439273,447.1825856897251,直连,,97.8520566432842,122.0
P00089,leg1-climb,437.39515299479166,446.4445471191406,直连,,86.52997009376686,122.0
P00107,leg1-climb,437.39515299479166,446.4445471191406,直连,,86.52997009376686,122.0
P00024,leg1-climb,438.3591028849284,448.0309234619141,直连,,82.95100231144117,122.0
P00020,leg1-climb,438.5200331624349,448.0400663248698,直连,,67.22820357699511,122.0
P00071,leg1-climb,443.9826915394176,453.314101710464,直连,,87.87099149767278,122.0
P00089,leg1-climb,446.4445471191406,455.4939412434896,直连,,87.58239599079008,122.0
P00107,leg1-climb,446.4445471191406,455.4939412434896,直连,,87.58239599079008,122.0
P00152,leg1-cruise,447.1825856897251,457.0012117355228,直连,,99.06671421641943,122.0
P00024,leg1-climb,448.0309234619141,457.70274403889977,直连,,84.59140206329432,122.0
P00020,leg1-climb,448.0400663248698,457.5600994873047,直连,,74.27352924398483,122.0
P00005,leg1-climb,450.0,459.06271270751955,直连,,58.81621869882936,122.0
P00071,leg1-climb,453.314101710464,462.6455118815104,直连,,88.80731548479534,122.0
P00089,leg1-cruise,455.4939412434896,465.3352770733606,直连,,88.2974489555112,122.0
P00107,leg1-cruise,455.4939412434896,465.3352770733606,直连,,88.2974489555112,122.0
P00152,leg1-cruise,457.0012117355228,466.81983778132064,直连,,100.13484872048119,122.0
P00020,leg1-climb,457.5600994873047,467.0801326497396,直连,,78.11171836792278,122.0
P00024,leg1-climb,457.70274403889977,467.37456461588545,直连,,85.9706652946353,122.0
P00005,leg1-climb,459.06271270751955,468.1254254150391,直连,,62.9675814802293,122.0
P00071,leg1-cruise,462.6455118815104,472.5709028736268,直连,,89.42208555267314,122.0
P00089,leg1-cruise,465.3352770733606,475.17661290323167,直连,,89.81436752723701,122.0
P00107,leg1-cruise,465.3352770733606,475.17661290323167,直连,,89.81436752723701,122.0
P00152,leg1-cruise,466.81983778132064,476.6384638271184,直连,,101.08755538491656,122.0
P00020,leg1-climb,467.0801326497396,476.6001658121745,直连,,80.76445636907572,122.0
P00024,leg1-climb,467.37456461588545,477.0463851928711,直连,,87.16062741373639,122.0
P00005,leg1-climb,468.1254254150391,477.1881381225586,直连,,71.33379743766997,122.0
P00071,leg1-cruise,472.5709028736268,477.5335983696849,直连,,90.26920159304541,122.0
P00089,leg1-cruise,475.17661290323167,485.0179487331027,直连,,91.82727607710787,122.0
P00107,leg1-cruise,475.17661290323167,485.0179487331027,直连,,91.82727607710787,122.0
P00020,leg1-climb,476.6001658121745,486.1201989746094,直连,,82.79374142065463,122.0
P00152,leg1-cruise,476.6384638271184,486.4570898729162,直连,,101.94709420372484,122.0
P00024,leg1-climb,477.0463851928711,486.7182057698568,直连,,88.20703498957403,122.0
P00005,leg1-climb,477.1881381225586,486.25085083007815,直连,,75.51513358475097,122.0
P00071,leg1-cruise,477.5335983696849,487.4589893618013,直连,,91.07014886342375,122.0
P00089,leg1-cruise,485.0179487331027,494.8592845629737,直连,,93.74840583231656,122.0
P00107,leg1-cruise,485.0179487331027,494.8592845629737,直连,,93.74840583231656,122.0
P00020,leg1-climb,486.1201989746094,495.64023213704434,直连,,84.43756318095366,122.0
P00005,leg1-climb,486.25085083007815,495.3135635375977,直连,,78.32578882182621,122.0
P00152,leg1-cruise,486.4570898729162,496.27571591871396,直连,,102.72991147153638,122.0
P00024,leg1-climb,486.7182057698568,496.3900263468425,直连,,89.14082538467477,122.0
P00071,leg1-cruise,487.4589893618013,497.3843803539176,直连,,92.84624038583242,122.0
P00089,leg1-cruise,494.8592845629737,504.7006203928447,直连,,95.4411437201559,122.0
P00107,leg1-cruise,494.8592845629737,504.7006203928447,直连,,95.4411437201559,122.0
P00005,leg1-climb,495.3135635375977,504.3762762451172,直连,,80.44587982316202,122.0
P00020,leg1-climb,495.64023213704434,505.1602652994792,直连,,85.81924271851256,122.0
P00152,leg1-cruise,496.27571591871396,506.0943419645117,直连,,103.44848484892461,122.0
P00024,leg1-climb,496.3900263468425,506.06184692382817,直连,,89.98390077552928,122.0
P00071,leg1-cruise,497.3843803539176,507.309771346034,直连,,94.56303663078799,122.0
P00005,leg1-climb,504.3762762451172,513.4389889526368,直连,,82.14868303046627,122.0
P00089,leg1-cruise,504.7006203928447,514.5419562227157,直连,,96.9132064635615,122.0
P00107,leg1-cruise,504.7006203928447,514.5419562227157,直连,,96.9132064635615,122.0
P00020,leg1-climb,505.1602652994792,514.6802984619142,直连,,87.01100199192074,122.0
P00024,leg1-climb,506.06184692382817,515.7336675008139,直连,,90.7523363876894,122.0
P00152,leg1-cruise,506.0943419645117,515.9129680103094,直连,,104.11249625163042,122.0
P00071,leg1-cruise,507.309771346034,512.2724668420922,直连,,96.10726196567144,122.0
P00001,leg1-climb,510.0,519.6904406738281,直连,,57.99240565837262,122.0
P00071,leg1-cruise,512.2724668420922,522.1978578342084,直连,,97.14743115311072,122.0
P00005,leg1-climb,513.4389889526368,522.5017016601563,直连,,83.57175599751194,122.0
P00089,leg1-cruise,514.5419562227157,524.3832920525867,直连,,98.20036803170457,122.0
P00107,leg1-cruise,514.5419562227157,524.3832920525867,直连,,98.20036803170457,122.0
P00020,leg1-climb,514.6802984619142,524.200331624349,直连,,88.05879851973764,122.0
P00024,leg1-climb,515.7336675008139,525.4054880777995,直连,,91.45828013518559,122.0
P00152,leg1-cruise,515.9129680103094,525.7315940561073,直连,,114.72960412724932,122.0
P00001,leg1-climb,519.6904406738281,529.3808813476562,直连,,64.31881537331904,122.0
P00071,leg1-cruise,522.1978578342084,532.1232488263248,直连,,98.393983916301,122.0
P00005,leg1-cruise,522.5017016601563,532.4154063512747,直连,,85.04168988390735,122.0
P00020,leg1-cruise,524.200331624349,529.1245180090584,直连,,88.6220004709913,122.0
P00089,leg1-cruise,524.3832920525867,534.2246278824579,直连,,99.33727165550499,122.0
P00107,leg1-cruise,524.3832920525867,534.2246278824579,直连,,99.33727165550499,122.0
P00024,leg1-climb,525.4054880777995,535.0773086547852,直连,,92.11113613912283,122.0
P00152,leg1-cruise,525.7315940561073,535.5502201019051,直连,,115.30596777067473,122.0
P00020,leg1-cruise,529.1245180090584,534.0487043937677,直连,,89.23565039101453,122.0
P00001,leg1-climb,529.3808813476562,539.0713220214843,直连,,72.21730887279031,122.0
P00071,leg1-cruise,532.1232488263248,542.0486398184412,直连,,99.503564410725,122.0
P00005,leg1-cruise,532.4154063512747,537.3722586968338,直连,,87.87588877116872,122.0
P00020,leg1-cruise,534.0487043937677,538.972890778477,直连,,90.25153500089071,122.0
P00089,leg1-cruise,534.2246278824579,544.0659637123289,直连,,100.35207129201865,122.0
P00107,leg1-cruise,534.2246278824579,544.0659637123289,直连,,100.35207129201865,122.0
P00024,leg1-climb,535.0773086547852,544.7491292317709,直连,,92.7183334879742,122.0
P00152,leg1-cruise,535.5502201019051,545.3688461477028,直连,,115.84661294571715,122.0
P00005,leg1-cruise,537.3722586968338,542.329111042393,直连,,89.7729839341502,122.0
P00020,leg1-cruise,538.972890778477,543.8970771631863,直连,,91.43370867098905,122.0
P00001,leg1-climb,539.0713220214843,548.7617626953125,直连,,76.28456620563054,122.0
P00071,leg1-cruise,542.0486398184412,551.9740308105576,直连,,100.49923736064876,122.0
P00005,leg1-cruise,542.329111042393,547.2859633879523,直连,,91.45172143330682,122.0
P00020,leg1-cruise,543.8970771631863,548.8212635478956,直连,,92.63199140969753,122.0
P00089,leg1-cruise,544.0659637123289,553.9072995421999,直连,,101.26669983475489,122.0
P00107,leg1-cruise,544.0659637123289,553.9072995421999,直连,,101.26669983475489,122.0
P00024,leg1-cruise,544.7491292317709,549.655564531718,直连,,93.03641815644458,122.0
P00152,leg1-cruise,545.3688461477028,555.1874721935006,直连,,116.35569290258537,122.0
P00005,leg1-cruise,547.2859633879523,552.2428157335114,直连,,92.9153222185702,122.0
P00001,leg1-climb,548.7617626953125,558.4522033691406,直连,,79.04372855980824,122.0
P00020,leg1-cruise,548.8212635478956,553.745449932605,直连,,93.77610682873365,122.0
P00024,leg1-cruise,549.655564531718,554.5619998316652,直连,,93.26694524888397,122.0
P00071,leg1-cruise,551.9740308105576,561.8994218026739,直连,,101.40001575225355,122.0
P00005,leg1-cruise,552.2428157335114,557.1996680790705,直连,,94.19709972496159,122.0
P00020,leg1-cruise,553.745449932605,558.6696363173143,直连,,94.84113303578185,122.0
P00089,leg1-cruise,553.9072995421999,563.7486353720709,直连,,102.09814893077275,122.0
P00107,leg1-cruise,553.9072995421999,563.7486353720709,直连,,102.09814893077275,122.0
P00024,leg1-cruise,554.5619998316652,559.4684351316123,直连,,93.69424876470575,122.0
P00152,leg1-cruise,555.1874721935006,565.0060982392984,直连,,116.83667862143926,122.0
P00005,leg1-cruise,557.1996680790705,562.1565204246298,直连,,95.3304085084208,122.0
P00001,leg1-climb,558.4522033691406,568.1426440429688,直连,,81.13449505143436,122.0
P00020,leg1-cruise,558.6696363173143,563.5938227020235,直连,,95.82314525298388,122.0
P00024,leg1-cruise,559.4684351316123,564.3748704315594,直连,,94.26542010576875,122.0
P00071,leg1-cruise,561.8994218026739,571.8248127947902,直连,,102.22114296092292,122.0
P00005,leg1-cruise,562.1565204246298,567.1133727701889,直连,,96.34270629921781,122.0
P00020,leg1-cruise,563.5938227020235,568.518009086733,直连,,96.72673133360232,122.0
P00089,leg1-cruise,563.7486353720709,573.5899712019419,直连,,102.85967448437857,122.0
P00107,leg1-cruise,563.7486353720709,573.5899712019419,直连,,102.85967448437857,122.0
P00024,leg1-cruise,564.3748704315594,569.2813057315066,直连,,94.92612251843887,122.0
P00152,leg1-cruise,565.0060982392984,574.8247242850962,直连,,117.29250004795173,122.0
P00005,leg1-cruise,567.1133727701889,572.070225115748,直连,,97.25553184242507,122.0
P00001,leg1-cruise,568.1426440429688,577.8677593645208,直连,,83.28353644380317,122.0
P00020,leg1-cruise,568.518009086733,573.4421954714422,直连,,97.55931973290762,122.0
P00024,leg1-cruise,569.2813057315066,574.1877410314537,直连,,95.63169792298085,122.0
P00071,leg1-cruise,571.8248127947902,581.7502037869066,直连,,102.97478536335211,122.0
P00005,leg1-cruise,572.070225115748,577.0270774613073,直连,,98.08564295868295,122.0
P00020,leg1-cruise,573.4421954714422,578.3663818561515,直连,,98.32877193086716,122.0
P00089,leg1-cruise,573.5899712019419,583.4313070318129,直连,,103.56173605539215,122.0
P00107,leg1-cruise,573.5899712019419,583.4313070318129,直连,,103.56173605539215,122.0
P00024,leg1-cruise,574.1877410314537,579.0941763314008,直连,,96.35031488574919,122.0
P00152,leg1-cruise,574.8247242850962,584.6433503308939,直连,,117.72565268316322,122.0
P00005,leg1-cruise,577.0270774613073,581.9839298068664,直连,,98.84615079370035,122.0
P00001,leg1-cruise,577.8677593645208,582.7303170252969,直连,,86.95310959683883,122.0
P00020,leg1-cruise,578.3663818561515,583.2905682408608,直连,,99.04244034875512,122.0
P00024,leg1-cruise,579.0941763314008,584.000611631348,直连,,97.06147265675715,122.0
P00071,leg1-cruise,581.7502037869066,591.675594779023,直连,,103.67069864276002,122.0
P00005,leg1-cruise,581.9839298068664,586.9407821524255,直连,,99.54742184672878,122.0
P00001,leg1-cruise,582.7303170252969,587.592874686073,直连,,89.13297145284443,122.0
P00020,leg1-cruise,583.2905682408608,588.2147546255701,直连,,99.70686297289535,122.0
P00089,leg1-cruise,583.4313070318129,593.272642861684,直连,,104.2126908933713,122.0
P00107,leg1-cruise,583.4313070318129,593.272642861684,直连,,104.2126908933713,122.0
P00024,leg1-cruise,584.000611631348,588.9070469312951,直连,,97.75306023057627,122.0
P00152,leg1-cruise,584.6433503308939,594.4619763766917,直连,,118.13827922218648,122.0
P00005,leg1-cruise,586.9407821524255,591.8976344979848,直连,,100.19775153281839,122.0
P00001,leg1-cruise,587.592874686073,592.455432346849,直连,,90.96904582032133,122.0
P00020,leg1-cruise,588.2147546255701,593.1389410102795,直连,,100.32772463316125,122.0
P00024,leg1-cruise,588.9070469312951,593.8134822312422,直连,,98.41860489013413,122.0
P00071,leg1-cruise,591.675594779023,601.6009857711392,直连,,104.31677059586826,122.0
P00005,leg1-cruise,591.8976344979848,596.854486843544,直连,,100.80385851146326,122.0
P00001,leg1-cruise,592.455432346849,597.317990007625,直连,,92.52533379544903,122.0
P00020,leg1-cruise,593.1389410102795,598.0631273949888,直连,,100.90992173873984,122.0
P00089,leg1-cruise,593.272642861684,598.1933107766195,直连,,104.67148432438361,122.0
P00107,leg1-cruise,593.272642861684,598.1933107766195,直连,,104.67148432438361,122.0
P00024,leg1-cruise,593.8134822312422,598.7199175311894,直连,,99.05520105673841,122.0
P00152,leg1-cruise,594.4619763766917,604.2806024224894,直连,,118.53223292042574,122.0
P00005,leg1-cruise,596.854486843544,601.8113391891031,直连,,101.37124743929772,122.0
P00001,leg1-cruise,597.317990007625,602.180547668401,直连,,93.8652047943,122.0
P00020,leg1-cruise,598.0631273949888,602.9873137796981,直连,,101.45765953194763,122.0
P00089,leg1-cruise,598.1933107766195,603.1139786915551,直连,,104.9646944752823,122.0
P00107,leg1-cruise,598.1933107766195,603.1139786915551,直连,,104.9646944752823,122.0
P00024,leg1-cruise,598.7199175311894,603.6263528311365,直连,,99.6621015654359,122.0
P00071,leg1-cruise,601.6009857711392,611.5263767632556,直连,,104.91944014768424,122.0
P00005,leg1-cruise,601.8113391891031,606.7681915346623,直连,,101.90447707530214,122.0
P00001,leg1-cruise,602.180547668401,607.043105329177,直连,,95.0369496468407,122.0
P00020,leg1-cruise,602.9873137796981,607.9115001644075,直连,,101.97455206046037,122.0
P00089,leg1-cruise,603.1139786915551,608.0346466064906,直连,,105.24852205490436,122.0
P00107,leg1-cruise,603.1139786915551,608.0346466064906,直连,,105.24852205490436,122.0
P00024,leg1-cruise,603.6263528311365,608.5327881310836,直连,,100.23981036086859,122.0
P00152,leg1-cruise,604.2806024224894,614.0992284682873,直连,,118.90912737422013,122.0
P00005,leg1-cruise,606.7681915346623,611.7250438802215,直连,,102.40736046494779,122.0
P00001,leg1-cruise,607.043105329177,611.905662989953,直连,,96.0758495781406,122.0
P00020,leg1-cruise,607.9115001644075,612.8356865491168,直连,,102.46371337482613,122.0
P00089,leg1-cruise,608.0346466064906,612.9553145214261,直连,,105.52353722334301,122.0
P00107,leg1-cruise,608.0346466064906,612.9553145214261,直连,,105.52353722334301,122.0
P00024,leg1-cruise,608.5327881310836,613.4392234310309,直连,,100.78951679499642,122.0
P00071,leg1-cruise,611.5263767632556,621.451767755372,直连,,115.48401517776884,122.0
P00005,leg1-cruise,611.7250438802215,616.6818962257807,直连,,102.88311611439504,122.0
P00001,leg1-cruise,611.905662989953,616.7682206507292,直连,,97.00778546221129,122.0
P00020,leg1-cruise,612.8356865491168,617.759872933826,直连,,102.9278364933973,122.0
P00089,leg1-cruise,612.9553145214261,617.8759824363616,直连,,105.79026075604806,122.0
P00107,leg1-cruise,612.9553145214261,617.8759824363616,直连,,105.79026075604806,122.0
P00024,leg1-cruise,613.4392234310309,618.345658730978,直连,,101.31275077696799,122.0
P00152,leg1-cruise,614.0992284682873,623.917854514085,直连,,119.27037606062905,122.0
P00005,leg1-cruise,616.6818962257807,621.6387485713399,直连,,103.33448347839128,122.0
P00001,leg1-cruise,616.7682206507292,621.6307783115052,直连,,97.8520566432842,122.0
P00020,leg1-cruise,617.759872933826,622.6840593185353,直连,,103.36926006646138,122.0
P00089,leg1-cruise,617.8759824363616,622.7966503512971,直连,,106.04916946137888,122.0
P00107,leg1-cruise,617.8759824363616,622.7966503512971,直连,,106.04916946137888,122.0
P00024,leg1-cruise,618.345658730978,623.2520940309252,直连,,101.81117678115619,122.0
P00071,leg1-cruise,621.451767755372,631.3771587474884,直连,,116.01491295700332,122.0
P00001,leg1-cruise,621.6307783115052,626.4933359722812,直连,,98.62333273407312,122.0
P00005,leg1-cruise,621.6387485713399,626.595600916899,直连,,103.76381218663542,122.0
P00020,leg1-cruise,622.6840593185353,627.6082457032446,直连,,103.7900239654064,122.0
P00089,leg1-cruise,622.7966503512971,632.6379861811681,直连,,106.42382715762571,122.0
P00107,leg1-cruise,622.7966503512971,632.6379861811681,直连,,106.42382715762571,122.0
P00024,leg1-cruise,623.2520940309252,628.1585293308723,直连,,102.28647379251322,122.0
P00152,leg1-cruise,623.917854514085,633.7364805598828,直连,,119.61722406001047,122.0
P00001,leg1-cruise,626.4933359722812,631.3558936330573,直连,,99.33297510855927,122.0
P00005,leg1-cruise,626.595600916899,631.5524532624582,直连,,104.17313172844253,122.0
P00020,leg1-cruise,627.6082457032446,632.532432087954,直连,,104.1919153886347,122.0
P00024,leg1-cruise,628.1585293308723,633.0649646308194,直连,,102.74026789321853,122.0
P00001,leg1-cruise,631.3558936330573,636.2184512938334,直连,,99.98993672592563,122.0
P00071,leg1-cruise,631.3771587474884,641.3025497396047,直连,,116.51584279320583,122.0
P00005,leg1-cruise,631.5524532624582,636.5093056080175,直连,,104.56420643427464,122.0
P00020,leg1-cruise,632.532432087954,637.4566184726633,直连,,104.57650704926749,122.0
P00089,leg1-cruise,632.6379861811681,642.4793220110391,直连,,106.89981790026938,122.0
P00107,leg1-cruise,632.6379861811681,642.4793220110391,直连,,106.89981790026938,122.0
P00024,leg1-cruise,633.0649646308194,637.9713999307666,直连,,103.17409680718782,122.0
P00152,leg1-descent,633.7364805598828,642.642141570625,直连,,119.78436490661834,122.0
P00001,leg1-cruise,636.2184512938334,645.9435666153854,直连,,100.89190152621748,122.0
P00005,leg1-cruise,636.5093056080175,641.4661579535766,直连,,104.93857927510673,122.0
P00020,leg1-cruise,637.4566184726633,642.3808048573726,直连,,104.94518883585643,122.0
P00024,leg1-cruise,637.9713999307666,642.8778352307137,直连,,103.58939363418139,122.0
P00071,leg1-cruise,641.3025497396047,651.227940731721,直连,,116.98994579495181,122.0
P00005,leg1-cruise,641.4661579535766,646.4230102991357,直连,,105.2976070692678,122.0
P00020,leg1-cruise,642.3808048573726,647.304991242082,直连,,105.29919412522739,122.0
P00089,leg1-cruise,642.4793220110391,652.3206578409101,直连,,107.3513842142426,122.0
P00107,leg1-cruise,642.4793220110391,652.3206578409101,直连,,107.3513842142426,122.0
P00152,leg1-descent,642.642141570625,651.5478025813673,直连,,119.78224293556472,122.0
P00024,leg1-cruise,642.8778352307137,647.7842705306608,直连,,103.98748191693728,122.0
P00001,leg1-cruise,645.9435666153854,650.8061242761614,直连,,101.70997271261015,122.0
P00005,leg1-cruise,646.4230102991357,651.3798626446949,直连,,105.64248902174391,122.0
P00020,leg1-cruise,647.304991242082,652.2291776267913,直连,,105.63962172266075,122.0
P00024,leg1-cruise,647.7842705306608,652.690705830608,直连,,104.36957722040108,122.0
P00001,leg1-cruise,650.8061242761614,655.6686819369374,直连,,102.2158735002532,122.0
P00071,leg1-cruise,651.227940731721,661.1533317238374,直连,,117.43990275975841,122.0
P00005,leg1-cruise,651.3798626446949,656.336714990254,直连,,105.97429004159913,122.0
P00152,leg1-descent,651.5478025813673,660.4534635921094,直连,,119.78057850625036,122.0
P00020,leg1-cruise,652.2291776267913,657.1533640115006,直连,,105.96745422550583,122.0
P00089,leg1-cruise,652.3206578409101,662.1619936707812,直连,,107.78088247534401,122.0
P00107,leg1-cruise,652.3206578409101,662.1619936707812,直连,,107.78088247534401,122.0
P00024,leg1-cruise,652.690705830608,657.5971411305551,直连,,104.73679227649406,122.0
P00001,leg1-cruise,655.6686819369374,660.5312395977135,直连,,102.69417775738575,122.0
P00005,leg1-cruise,656.336714990254,661.2935673358132,直连,,106.29395993380777,122.0
P00020,leg1-cruise,657.1533640115006,662.07755039621,直连,,106.28357345573619,122.0
P00024,leg1-cruise,657.5971411305551,662.5035764305022,直连,,105.0901439062404,122.0
P00152,leg1-descent,660.4534635921094,669.3591246028516,直连,,119.77937214525187,122.0
P00001,leg1-cruise,660.5312395977135,665.3937972584896,直连,,103.14771693998803,122.0
P00071,leg1-cruise,661.1533317238374,671.0787227159537,直连,,117.86801822999924,122.0
P00005,leg1-cruise,661.2935673358132,666.2504196813725,直连,,106.60234930479344,122.0
P00020,leg1-cruise,662.07755039621,667.0017367809193,直连,,106.58877348381841,122.0
P00089,leg1-cruise,662.1619936707812,672.0033295006522,直连,,118.19034742040661,122.0
P00107,leg1-cruise,662.1619936707812,672.0033295006522,直连,,118.19034742040661,122.0
P00024,leg1-cruise,662.5035764305022,667.4100117304494,直连,,105.43056064759523,122.0
P00001,leg1-cruise,665.3937972584896,670.2563549192656,直连,,103.57891123289369,122.0
P00005,leg1-cruise,666.2504196813725,671.2072720269316,直连,,106.90022282979645,122.0
P00020,leg1-cruise,667.0017367809193,671.9259231656285,直连,,106.88377166627671,122.0
P00024,leg1-cruise,667.4100117304494,672.3164470303965,直连,,105.75889046047867,122.0
P00152,S001-handoff,669.3591246028516,678.6006995217167,直连,,119.77894086539243,122.0
P00001,leg1-cruise,670.2563549192656,675.1189125800416,直连,,103.98984494957003,122.0
P00071,leg1-cruise,671.0787227159537,681.00411370807,直连,,118.27628659155317,122.0
P00005,leg1-cruise,671.2072720269316,676.1641243724907,直连,,107.18827038698302,122.0
P00020,leg1-cruise,671.9259231656285,676.8501095503378,直连,,107.16921803918673,122.0
P00089,leg1-cruise,672.0033295006522,681.8446653305232,直连,,118.58154751012083,122.0
P00107,leg1-cruise,672.0033295006522,681.8446653305232,直连,,118.58154751012083,122.0
P00024,leg1-cruise,672.3164470303965,677.2228823303436,直连,,106.07590815406812,122.0
P00001,leg1-cruise,675.1189125800416,679.9814702408178,直连,,114.3823255321554,122.0
P00005,leg1-cruise,676.1641243724907,681.12097671805,直连,,117.4671164546464,122.0
P00020,leg1-cruise,676.8501095503378,681.7742959350471,直连,,107.44570334534241,122.0
P00024,leg1-cruise,677.2228823303436,682.1293176302908,直连,,106.38232234933756,122.0
P00152,S001-handoff,678.6006995217167,687.842274440582,直连,,119.77894086539243,122.0
P00001,leg1-cruise,679.9814702408178,684.8440279015938,直连,,114.75793022341097,122.0
P00071,leg1-cruise,681.00411370807,690.9295047001864,直连,,118.66644452425996,122.0
P00005,leg1-cruise,681.12097671805,686.0778290636092,直连,,117.73732808499174,122.0
P00020,leg1-cruise,681.7742959350471,686.6984823197565,直连,,107.71376592142285,122.0
P00089,leg1-cruise,681.8446653305232,691.6860011603943,直连,,118.95602900137861,122.0
P00107,leg1-cruise,681.8446653305232,691.6860011603943,直连,,118.95602900137861,122.0
P00024,leg1-cruise,682.1293176302908,687.0357529302379,直连,,106.67878189194741,122.0
P00001,leg1-cruise,684.8440279015938,689.7065855623698,直连,,115.11804335831835,122.0
P00005,leg1-cruise,686.0778290636092,691.0346814091683,直连,,117.99942170438437,122.0
P00020,leg1-cruise,686.6984823197565,691.6226687044658,直连,,107.97389763010081,122.0
P00024,leg1-cruise,687.0357529302379,691.942188230185,直连,,106.96588169139493,122.0
P00152,S001-handoff,687.842274440582,697.0838493594471,直连,,119.77894086539243,122.0
P00001,leg1-cruise,689.7065855623698,694.5691432231458,直连,,115.46388643738172,122.0
P00071,leg1-cruise,690.9295047001864,700.8548956923028,直连,,119.04001298594402,122.0
P00005,leg1-cruise,691.0346814091683,695.9915337547275,直连,,118.25386894037278,122.0
P00020,leg1-cruise,691.6226687044658,696.5468550891751,直连,,108.22654898872392,122.0
P00089,leg1-cruise,691.6860011603943,701.5273369902653,直连,,119.31515135254119,122.0
P00107,leg1-cruise,691.6860011603943,701.5273369902653,直连,,119.31515135254119,122.0
P00024,leg1-cruise,691.942188230185,696.8486235301322,直连,,107.24416799783391,122.0
P00001,leg1-cruise,694.5691432231458,699.4317008839218,直连,,115.79654258722702,122.0
P00005,leg1-cruise,695.9915337547275,700.9483861002867,直连,,118.50110163725203,122.0
P00020,leg1-cruise,696.5468550891751,701.4710414738845,直连,,108.47213361952676,122.0
P00024,leg1-cruise,696.8486235301322,701.7550588300793,直连,,107.51414314711249,122.0
P00152,S001-handoff,697.0838493594471,706.3254242783122,直连,,119.77894086539243,122.0
P00001,leg1-cruise,699.4317008839218,704.2942585446979,直连,,116.11697661436108,122.0
P00071,leg1-cruise,700.8548956923028,710.7802866844191,直连,,119.39833109812793,122.0
P00005,leg1-cruise,700.9483861002867,705.905238445846,直连,,118.74151619156223,122.0
P00020,leg1-cruise,701.4710414738845,706.3952278585938,直连,,108.71103212462376,122.0
P00089,leg1-cruise,701.5273369902653,711.3686728201363,直连,,119.66011590899214,122.0
P00107,leg1-cruise,701.5273369902653,711.3686728201363,直连,,119.66011590899214,122.0
P00024,leg1-cruise,701.7550588300793,706.6614941300264,直连,,107.77626981426451,122.0
P00001,leg1-cruise,704.2942585446979,714.01937386625,直连,,116.57657470762791,122.0
P00005,leg1-cruise,705.905238445846,710.8620907914051,直连,,118.97547731479243,122.0
P00152,S001-handoff,706.3254242783122,715.5669991971774,直连,,119.77894086539243,122.0
P00020,leg1-cruise,706.3952278585938,711.3194142433031,直连,,108.94359547151096,122.0
P00024,leg1-cruise,706.6614941300264,711.5679294299736,直连,,108.03097481925104,122.0
P00071,leg1-cruise,710.7802866844191,720.7056776765355,直连,,119.74258371080374,122.0
P00005,leg1-cruise,710.8620907914051,715.8189431369642,直连,,119.2033213114766,122.0
P00020,leg1-cruise,711.3194142433031,716.2436006280125,直连,,109.17014796043446,122.0
P00089,leg1-cruise,711.3686728201363,721.2100086500074,直连,,119.99198932960182,122.0
P00107,leg1-cruise,711.3686728201363,721.2100086500074,直连,,119.99198932960182,122.0
P00024,leg1-cruise,711.5679294299736,716.4743647299207,直连,,108.27865252885384,122.0
P00001,leg1-cruise,714.01937386625,718.881931527026,直连,,117.01314805332449,122.0
P00152,S001-handoff,715.5669991971774,724.8085741160426,直连,,119.77894086539243,122.0
P00005,leg1-cruise,715.8189431369642,720.7757954825234,直连,,119.42535894539617,122.0
P00020,leg1-cruise,716.2436006280125,721.1677870127218,直连,,109.3909898333586,122.0
P00024,leg1-cruise,716.4743647299207,721.3808000298678,直连,,108.51966789672814,122.0
P00001,leg1-cruise,718.881931527026,723.7444891878021,直连,,117.29250004795173,122.0
P00071,leg1-cruise,720.7056776765355,730.6310686686518,直连,,120.07382399205252,122.0
P00005,leg1-cruise,720.7757954825234,725.7326478280827,直连,,119.64187795430895,122.0
P00020,leg1-cruise,721.1677870127218,726.091973397431,直连,,109.6063995747068,122.0
P00089,leg1-cruise,721.2100086500074,731.0513444798784,直连,,120.31172286093556,122.0
P00107,leg1-cruise,721.2100086500074,731.0513444798784,直连,,120.31172286093556,122.0
P00024,leg1-cruise,721.3808000298678,726.2872353298151,直连,,108.7543591806862,122.0
P00001,leg1-cruise,723.7444891878021,728.6070468485782,直连,,117.56317181589064,122.0
P00152,S001-handoff,724.8085741160426,734.0501490349077,直连,,119.77894086539243,122.0
P00005,leg1-cruise,725.7326478280827,730.6895001736418,直连,,119.8531452635254,122.0
P00020,leg1-cruise,726.091973397431,731.0161597821403,直连,,109.8166359460397,122.0
P00024,leg1-cruise,726.2872353298151,731.1936706297622,直连,,108.98304037289924,122.0
P00001,leg1-cruise,728.6070468485782,733.4696045093542,直连,,117.82568513692075,122.0
P00071,leg1-cruise,730.6310686686518,740.5564596607682,直连,,120.39299207008992,122.0
P00005,leg1-cruise,730.6895001736418,735.646352519201,直连,,120.05940894044411,122.0
P00020,leg1-cruise,731.0161597821403,735.9403461668496,直连,,110.02193979043949,122.0
P00089,leg1-cruise,731.0513444798784,740.8926803097495,直连,,120.62016830557312,122.0
P00107,leg1-cruise,731.0513444798784,740.8926803097495,直连,,120.62016830557312,122.0
P00024,leg1-cruise,731.1936706297622,736.1001059297093,直连,,109.20600337519883,122.0
P00001,leg1-cruise,733.4696045093542,738.3321621701302,直连,,118.08051623270364,122.0
P00152,S001-handoff,734.0501490349077,743.2917239537729,直连,,119.77894086539243,122.0
P00005,leg1-cruise,735.646352519201,740.6032048647601,直连,,120.26089992552389,122.0
P00020,leg1-cruise,735.9403461668496,740.864532551559,直连,,110.22253563686431,122.0
P00024,leg1-cruise,736.1001059297093,741.0065412296565,直连,,109.42351994830088,122.0
P00001,leg1-cruise,738.3321621701302,743.1947198309063,直连,,118.32810090789717,122.0
P00071,leg1-cruise,740.5564596607682,750.4818506528845,直连,,120.70093051901397,122.0
P00005,leg1-cruise,740.6032048647601,745.5600572103192,直连,,120.45783356961053,122.0
P00020,leg1-cruise,740.864532551559,745.7887189362683,直连,,110.41863313031527,122.0
P00089,leg1-cruise,740.8926803097495,750.7340161396205,直连,,120.9180913378814,122.0
P00107,leg1-cruise,740.8926803097495,750.7340161396205,直连,,120.9180913378814,122.0
P00024,leg1-cruise,741.0065412296565,745.9129765296036,直连,,109.63584346049021,122.0
P00001,leg1-cruise,743.1947198309063,748.0572774916823,直连,,118.56883898762844,122.0
P00152,S001-handoff,743.2917239537729,752.533298872638,直连,,119.77894086539243,122.0
P00005,leg1-cruise,745.5600572103192,750.5169095558784,直连,,120.65041100294316,122.0
P00020,leg1-cruise,745.7887189362683,750.7129053209776,直连,,120.61042830979657,122.0
P00024,leg1-cruise,745.9129765296036,750.8194118295507,直连,,109.84321045853946,122.0
P00001,leg1-cruise,748.0572774916823,752.9198351524583,直连,,118.80309816357895,122.0
P00071,leg1-cruise,750.4818506528845,755.4445461489427,直连,,120.92497373795469,122.0
P00005,leg1-cruise,750.5169095558784,755.4737619014377,直连,,120.83882035748952,122.0
P00020,leg1-cruise,750.7129053209776,755.637091705687,直连,,120.79810475296394,122.0
P00089,leg1-cruise,750.7340161396205,755.654684054556,直连,,121.13504633247554,122.0
P00107,leg1-cruise,750.7340161396205,755.654684054556,直连,,121.13504633247554,122.0
P00024,leg1-cruise,750.8194118295507,755.7258471294979,直连,,110.0458420808349,122.0
P00152,S001-handoff,752.533298872638,761.7748737915032,直连,,119.77894086539243,122.0
P00001,leg1-cruise,752.9198351524583,757.7823928132343,直连,,119.03121734057424,122.0
P00071,leg1-cruise,755.4445461489427,760.4072416450008,直连,,121.07120946703628,122.0
P00005,leg1-cruise,755.4737619014377,760.4306142469968,直连,,121.02323786097466,122.0
P00020,leg1-cruise,755.637091705687,760.5612780903963,直连,,120.9818346037203,122.0
P00089,leg1-cruise,755.654684054556,760.5753519694915,直连,,121.27674389261428,122.0
P00107,leg1-cruise,755.654684054556,760.5753519694915,直连,,121.27674389261428,122.0
P00024,leg1-cruise,755.7258471294979,760.632282429445,直连,,120.24394533041655,122.0
P00001,leg1-cruise,757.7823928132343,762.6449504740103,直连,,119.25350955942825,122.0
P00071,leg1-cruise,760.4072416450008,765.3699371410589,直连,,121.2150394743361,122.0
P00005,leg1-cruise,760.4306142469968,765.3874665925559,直连,,121.20382881843098,122.0
P00020,leg1-cruise,760.5612780903963,765.4854644751056,直连,,121.16177949667996,122.0
P00089,leg1-cruise,760.5753519694915,765.496019884427,直连,,121.41617745042285,122.0
P00107,leg1-cruise,760.5753519694915,765.496019884427,直连,,121.41617745042285,122.0
P00024,leg1-cruise,760.632282429445,765.5387177293921,直连,,120.43771422350537,122.0
P00152,S001-handoff,761.7748737915032,771.0164487103684,直连,,119.77894086539243,122.0
P00001,leg1-cruise,762.6449504740103,767.5075081347863,直连,,119.47026455867514,122.0
P00071,leg1-cruise,765.3699371410589,770.3326326371172,直连,,121.3565411320235,122.0
P00005,leg1-cruise,765.3874665925559,770.3443189381152,直连,,121.38074849482098,122.0
P00020,leg1-cruise,765.4854644751056,770.409650859815,直连,,121.33809139063999,122.0
P00089,leg1-cruise,765.496019884427,770.4166877993625,直连,,121.55341788326515,122.0
P00107,leg1-cruise,765.496019884427,770.4166877993625,直连,,121.55341788326515,122.0
P00024,leg1-cruise,765.5387177293921,770.4451530293393,直连,,120.62733082724625,122.0
P00001,leg1-cruise,767.5075081347863,772.3700657955625,直连,,119.68175102738253,122.0
P00071,leg1-cruise,770.3326326371172,775.2953281331754,直连,,121.49578816218921,122.0
P00005,leg1-cruise,770.3443189381152,775.3011712836744,直连,,121.55414291044859,122.0
P00020,leg1-cruise,770.409650859815,775.3338372445243,直连,,121.51091332149124,122.0
P00089,leg1-cruise,770.4166877993625,775.337355714298,直连,,121.68853280646965,122.0
P00107,leg1-cruise,770.4166877993625,775.337355714298,直连,,121.68853280646965,122.0
P00024,leg1-cruise,770.4451530293393,775.3515883292864,直连,,120.81296619875772,122.0
P00152,S001-handoff,771.0164487103684,780.2580236292335,直连,,119.77894086539243,122.0
P00001,leg1-descent,772.3700657955625,780.2580236292335,直连,,119.7847122530955,122.0
P00071,leg1-cruise,775.2953281331754,780.2580236292335,直连,,121.63285086142267,122.0
P00005,leg1-cruise,775.3011712836744,780.2580236292335,直连,,121.72414955927545,122.0
P00020,leg1-cruise,775.3338372445243,780.2580236292335,直连,,121.68038008373553,122.0
P00089,leg1-cruise,775.337355714298,780.2580236292335,直连,,121.82158676956192,122.0
P00107,leg1-cruise,775.337355714298,780.2580236292335,直连,,121.82158676956192,122.0
P00024,leg1-cruise,775.3515883292864,780.2580236292335,直连,,120.99478123615117,122.0
P00001,leg1-descent,780.2580236292335,780.6799164156444,直连,,119.78384192135593,122.0
P00005,leg1-cruise,780.2580236292335,780.6799164156444,直连,,121.81501639504083,122.0
P00020,leg1-cruise,780.2580236292335,780.6799164156444,直连,,121.77101365592554,122.0
P00024,leg1-cruise,780.2580236292335,780.6799164156444,直连,,121.09195943301523,122.0
P00071,leg1-cruise,780.2580236292335,780.6799164156444,直连,,121.70631822070752,122.0
P00089,leg1-cruise,780.2580236292335,780.6799164156444,直连,,121.89297659876902,122.0
P00107,leg1-cruise,780.2580236292335,780.6799164156444,直连,,121.89297659876902,122.0
P00152,S001-handoff,780.2580236292335,780.6799164156444,直连,,119.77894086539243,122.0
P00001,leg1-descent,780.6799164156444,780.7120936764658,直连,,119.78379619861195,122.0
P00005,leg1-cruise,780.6799164156444,780.7120936764658,直连,,121.82264405122707,122.0
P00020,leg1-cruise,780.6799164156444,780.7120936764658,直连,,121.77866843871891,122.0
P00024,leg1-cruise,780.6799164156444,780.7120936764658,直连,,121.10019151310016,122.0
P00071,leg1-cruise,780.6799164156444,780.7120936764658,直连,,121.71248539860443,122.0
P00089,leg1-cruise,780.6799164156444,780.7120936764658,直连,,121.89901724043183,122.0
P00107,leg1-cruise,780.6799164156444,780.7120936764658,直连,,121.89901724043183,122.0
P00152,S001-handoff,780.6799164156444,780.7120936764658,直连,,119.77894086539243,122.0
P00001,leg1-descent,780.7120936764658,785.9376743972089,直连,,119.78328061385153,122.0
P00005,leg1-cruise,780.7120936764658,785.9376743972089,直连,,121.91048244646043,122.0
P00020,leg1-cruise,780.7120936764658,785.9376743972089,直连,,121.86681893525866,122.0
P00024,leg1-cruise,780.7120936764658,785.9376743972089,直连,,121.19495709863942,122.0
P00071,leg1-cruise,780.7120936764658,785.9376743972089,直连,,121.78358092541792,122.0
P00089,leg1-cruise,780.7120936764658,785.9376743972089,中继,RU-001,121.96865987854795,122.0
P00107,leg1-cruise,780.7120936764658,785.9376743972089,中继,RU-001,121.96865987854795,122.0
P00152,S001-handoff,780.7120936764658,785.9376743972089,直连,,119.77894086539243,122.0
P00001,leg1-descent,785.9376743972089,791.1632551179521,直连,,119.78233148138384,122.0
P00005,leg1-cruise,785.9376743972089,791.1632551179521,中继,RU-001,122.08249399915888,122.0
P00020,leg1-cruise,785.9376743972089,791.1632551179521,中继,RU-001,122.03944001529212,122.0
P00024,leg1-cruise,785.9376743972089,791.1632551179521,直连,,121.38035800213115,122.0
P00071,leg1-cruise,785.9376743972089,791.1632551179521,直连,,121.92320612713442,122.0
P00089,leg1-cruise,785.9376743972089,791.1632551179521,中继,RU-001,122.10546274823722,122.0
P00107,leg1-cruise,785.9376743972089,791.1632551179521,中继,RU-001,122.10546274823722,122.0
P00152,S001-handoff,785.9376743972089,791.1632551179521,直连,,119.77894086539243,122.0
P00001,leg1-descent,791.1632551179521,798.2335336526797,直连,,119.78134390399511,122.0
P00005,leg1-cruise,791.1632551179521,798.2335336526797,中继,RU-001,122.28060622843233,122.0
P00020,leg1-cruise,791.1632551179521,798.2335336526797,中继,RU-001,122.23825115862472,122.0
P00024,leg1-cruise,791.1632551179521,798.2335336526797,直连,,121.59360567839175,122.0
P00071,leg1-cruise,791.1632551179521,798.2335336526797,中继,RU-001,122.08466788357781,122.0
P00089,leg1-cruise,791.1632551179521,798.2335336526797,中继,RU-001,122.26371144694821,122.0
P00107,leg1-cruise,791.1632551179521,798.2335336526797,中继,RU-001,122.26371144694821,122.0
P00152,S001-handoff,791.1632551179521,798.2335336526797,直连,,119.77894086539243,122.0
P00001,leg1-descent,798.2335336526797,807.5659522509766,直连,,119.78024387961095,122.0
P00005,leg1-cruise,798.2335336526797,803.2324746200296,中继,RU-001,122.47077538722695,122.0
P00020,leg1-cruise,798.2335336526797,803.2152783964107,中继,RU-001,122.42881867799626,122.0
P00024,leg1-cruise,798.2335336526797,803.1082337376972,直连,,121.7959395101008,122.0
P00071,leg1-cruise,798.2335336526797,807.1785769903814,中继,RU-001,122.29059103500333,122.0
P00089,leg1-cruise,798.2335336526797,806.9934371169601,中继,RU-001,122.46330690782692,122.0
P00107,leg1-cruise,798.2335336526797,806.9934371169601,中继,RU-001,122.46330690782692,122.0
P00152,S001-handoff,798.2335336526797,806.7544654777084,直连,,119.77894086539243,122.0
P00024,leg1-cruise,803.1082337376972,807.9829338227147,中继,RU-001,121.95770447261006,122.0
P00020,leg1-cruise,803.2152783964107,808.1970231401416,中继,RU-001,122.58327734974121,122.0
P00005,leg1-cruise,803.2324746200296,808.2314155873795,中继,RU-001,122.62521870080987,122.0
P00152,S001-handoff,806.7544654777084,815.275397302737,直连,,119.77894086539243,122.0
P00089,leg1-cruise,806.9934371169601,815.7533405812403,中继,RU-001,122.67900526195177,122.0
P00107,leg1-cruise,806.9934371169601,815.7533405812403,中继,RU-001,122.67900526195177,122.0
P00071,leg1-cruise,807.1785769903814,816.123620328083,中继,RU-001,122.51501752231054,122.0
P00001,leg1-descent,807.5659522509766,816.8983708492734,直连,,119.77929465494519,122.0
P00024,leg1-cruise,807.9829338227147,812.8576339077322,中继,RU-001,122.11654926314404,122.0
P00020,leg1-cruise,808.1970231401416,813.1787678838725,中继,RU-001,122.73504747208534,122.0
P00005,leg1-cruise,808.2314155873795,813.2303565547294,中继,RU-001,122.77696749325229,122.0
P00024,leg1-cruise,812.8576339077322,817.7323339927497,中继,RU-001,122.27257613029585,122.0
P00020,leg1-cruise,813.1787678838725,818.1605126276035,中继,RU-001,122.88422068701905,122.0
P00005,leg1-cruise,813.2303565547294,818.2292975220793,中继,RU-001,122.92611404676573,122.0
P00152,S001-handoff,815.275397302737,823.7963291277656,直连,,119.77894086539243,122.0
P00089,leg1-cruise,815.7533405812403,824.5132440455207,中继,RU-001,122.88949382258285,122.0
P00107,leg1-cruise,815.7533405812403,824.5132440455207,中继,RU-001,122.88949382258285,122.0
P00071,leg1-cruise,816.123620328083,825.0686636657847,中继,RU-001,122.73381672186943,122.0
P00001,S001-handoff,816.8983708492734,826.7987831559911,直连,,119.77894086539243,122.0
P00024,leg1-cruise,817.7323339927497,822.6070340777671,中继,RU-001,122.42588211357567,122.0
P00020,leg1-cruise,818.1605126276035,823.1422573713344,中继,RU-001,123.03088404663235,122.0
P00005,leg1-cruise,818.2292975220793,823.228238489429,中继,RU-001,123.07274598875833,122.0
P00024,leg1-cruise,822.6070340777671,827.4817341627846,中继,RU-001,122.57655938655368,122.0
P00020,leg1-cruise,823.1422573713344,828.1240021150652,中继,RU-001,123.17512031348134,122.0
P00005,leg1-cruise,823.228238489429,828.2271794567789,中继,RU-001,123.21694659932969,122.0
P00152,S001-handoff,823.7963291277656,832.3172609527943,直连,,119.77894086539243,122.0
P00089,leg1-cruise,824.5132440455207,833.2731475098009,中继,RU-001,123.09501751746015,122.0
P00107,leg1-cruise,824.5132440455207,833.2731475098009,中继,RU-001,123.09501751746015,122.0
P00071,leg1-cruise,825.0686636657847,834.0137070034863,中继,RU-001,122.94726270879447,122.0
P00001,S001-handoff,826.7987831559911,836.6991954627089,直连,,119.77894086539243,122.0
P00024,leg1-cruise,827.4817341627846,832.3564342478021,中继,RU-001,122.72469557262055,122.0
P00020,leg1-cruise,828.1240021150652,833.1057468587961,中继,RU-001,123.3170082368627,122.0
P00005,leg1-cruise,828.2271794567789,833.2261204241288,中继,RU-001,123.35879509379872,122.0
P00152,S001-handoff,832.3172609527943,840.838192777823,直连,,119.77894086539243,122.0
P00024,leg1-cruise,832.3564342478021,837.2311343328196,中继,RU-001,122.87037403588931,122.0
P00020,leg1-cruise,833.1057468587961,838.087491602527,中继,RU-001,123.4566228072862,122.0
P00005,leg1-cruise,833.2261204241288,838.2250613914787,中继,RU-001,123.49836688269669,122.0
P00089,leg1-cruise,833.2731475098009,842.0330509740812,中继,RU-001,123.29580445152251,122.0
P00107,leg1-cruise,833.2731475098009,842.0330509740812,中继,RU-001,123.29580445152251,122.0
P00071,leg1-cruise,834.0137070034863,842.958750341188,中继,RU-001,123.15561009497989,122.0
P00001,S001-handoff,836.6991954627089,846.5996077694265,直连,,119.77894086539243,122.0
P00024,leg1-cruise,837.2311343328196,842.1058344178371,中继,RU-001,123.01367414955548,122.0
P00020,leg1-cruise,838.087491602527,843.069236346258,中继,RU-001,123.59403549116438,122.0
P00005,leg1-cruise,838.2250613914787,843.2240023588286,中继,RU-001,123.63573381129993,122.0
P00152,S001-handoff,840.838192777823,849.3591246028516,直连,,119.77894086539243,122.0
P00089,leg1-cruise,842.0330509740812,850.7929544383614,中继,RU-001,123.49206740844389,122.0
P00107,leg1-cruise,842.0330509740812,850.7929544383614,中继,RU-001,123.49206740844389,122.0
P00024,leg1-cruise,842.1058344178371,846.9805345028545,中继,RU-001,123.1546715436945,122.0
P00071,leg1-cruise,842.958750341188,851.9037936788895,中继,RU-001,123.35909582177742,122.0
P00020,leg1-cruise,843.069236346258,848.0509810899889,中继,RU-001,123.72931444750726,122.0
P00005,leg1-cruise,843.2240023588286,848.2229433261784,中继,RU-001,123.77096438064974,122.0
P00001,S001-handoff,846.5996077694265,856.5000200761442,直连,,119.77894086539243,122.0
P00024,leg1-cruise,846.9805345028545,851.855234587872,中继,RU-001,123.29343833437102,122.0
P00020,leg1-cruise,848.0509810899889,853.0327258337198,中继,RU-001,123.86252472828946,122.0
P00005,leg1-cruise,848.2229433261784,853.2218842935283,中继,RU-001,123.90412395170407,122.0
P00152,leg2-climb,849.3591246028516,859.2543035036763,直连,,119.77954137711585,122.0
P00089,leg1-cruise,850.7929544383614,859.5528579026418,中继,RU-001,123.68400518881649,122.0
P00107,leg1-cruise,850.7929544383614,859.5528579026418,中继,RU-001,123.68400518881649,122.0
P00024,leg1-cruise,851.855234587872,856.7299346728894,中继,RU-001,123.43004333569071,122.0
P00071,leg1-cruise,851.9037936788895,860.8488370165912,中继,RU-001,123.5579407517589,122.0
P00020,leg1-cruise,853.0327258337198,858.0144705774508,中继,RU-001,123.99372846390729,122.0
P00005,leg1-cruise,853.2218842935283,858.2208252608782,中继,RU-001,124.03527493417856,122.0
P00001,S001-handoff,856.5000200761442,866.4004323828619,直连,,119.77894086539243,122.0
P00024,leg1-cruise,856.7299346728894,861.6046347579069,中继,RU-001,123.56455225626361,122.0
P00020,leg1-cruise,858.0144705774508,862.9962153211816,中继,RU-001,124.12298503503516,122.0
P00005,leg1-cruise,858.2208252608782,863.2197662282281,中继,RU-001,124.16447696140433,122.0
P00152,leg2-climb,859.2543035036763,869.1494824045009,直连,,119.78135349189522,122.0
P00089,leg1-descent,859.5528579026418,869.0492226487356,中继,RU-001,123.77733662144614,122.0
P00107,leg1-descent,859.5528579026418,869.0492226487356,中继,RU-001,123.77733662144614,122.0
P00071,leg1-descent,860.8488370165912,869.2524905810444,中继,RU-001,123.65456224117123,122.0
P00024,leg1-cruise,861.6046347579069,866.4793348429243,中继,RU-001,123.69702788145534,122.0
P00020,leg1-cruise,862.9962153211816,867.9779600649125,中继,RU-001,124.25035123208032,122.0
P00005,leg1-cruise,863.2197662282281,868.2187071955778,中继,RU-001,124.29178705244303,122.0
P00001,S001-handoff,866.4004323828619,876.3008446895797,直连,,119.77894086539243,122.0
P00024,leg1-cruise,866.4793348429243,871.3540349279418,中继,RU-001,123.82753024257711,122.0
P00020,leg1-cruise,867.9779600649125,872.9597048086434,中继,RU-001,124.37588140326963,122.0
P00005,leg1-cruise,868.2187071955778,873.2176481629277,中继,RU-001,124.41725976255168,122.0
P00089,leg1-descent,869.0492226487356,878.5455873948293,中继,RU-001,123.77534346571288,122.0
P00107,leg1-descent,869.0492226487356,878.5455873948293,中继,RU-001,123.77534346571288,122.0
P00152,leg2-climb,869.1494824045009,879.0446613053256,直连,,119.78397949772656,122.0
P00071,leg1-descent,869.2524905810444,877.6561441454975,中继,RU-001,123.65243562946183,122.0
P00024,leg1-cruise,871.3540349279418,876.2287350129593,中继,RU-001,123.956116774147,122.0
P00020,leg1-cruise,872.9597048086434,877.9414495523744,中继,RU-001,124.49962759232528,122.0
P00005,leg1-cruise,873.2176481629277,878.2165891302776,中继,RU-001,124.54094732298326,122.0
P00024,leg1-cruise,876.2287350129593,881.1034350979768,中继,RU-001,124.08284246019122,122.0
P00001,S001-handoff,876.3008446895797,886.2012569962974,直连,,119.77894086539243,122.0
P00071,leg1-descent,877.6561441454975,886.0597977099505,中继,RU-001,123.65047547555812,122.0
P00020,leg1-cruise,877.9414495523744,882.9231942961053,中继,RU-001,124.6216396666078,122.0
P00005,leg1-cruise,878.2165891302776,883.2155300976275,中继,RU-001,124.66289977102299,122.0
P00089,S013-handoff,878.5455873948293,888.0910419402838,中继,RU-001,123.77442449618124,122.0
P00107,S013-handoff,878.5455873948293,888.0192716053557,中继,RU-001,123.77442449618124,122.0
P00152,leg2-cruise,879.0446613053256,888.8632873511233,直连,,119.61722406001047,122.0
P00024,leg1-cruise,881.1034350979768,885.9781351829943,中继,RU-001,124.2077599704854,122.0
P00020,leg1-cruise,882.9231942961053,887.9049390398362,中继,RU-001,124.74196543650007,122.0
P00005,leg1-cruise,883.2155300976275,888.2144710649774,中继,RU-001,124.78316507105437,122.0
P00024,leg1-cruise,885.9781351829943,890.8528352680117,中继,RU-001,124.33091978753089,122.0
P00071,leg1-descent,886.0597977099505,894.4634512744037,中继,RU-001,123.64868200539627,122.0
P00001,S001-handoff,886.2012569962974,896.1016693030151,直连,,119.77894086539243,122.0
P00020,leg1-cruise,887.9049390398362,892.8866837835672,中继,RU-001,124.86065076671733,122.0
P00107,S013-handoff,888.0192716053557,897.4929558158819,中继,RU-001,123.77442449618124,122.0
P00089,S013-handoff,888.0910419402838,897.6364964857385,中继,RU-001,123.77442449618124,122.0
P00005,leg1-cruise,888.2144710649774,893.2134120323273,中继,RU-001,124.90178922741138,122.0
P00152,leg2-cruise,888.8632873511233,898.6819133969211,直连,,119.27037606062905,122.0
P00024,leg1-cruise,890.8528352680117,895.7275353530292,中继,RU-001,124.45237032504099,122.0
P00020,leg1-cruise,892.8866837835672,897.8684285272981,中继,RU-001,124.97773968023648,122.0
P00005,leg1-cruise,893.2134120323273,898.2123529996771,中继,RU-001,125.0188163896401,122.0
P00071,S010-handoff,894.4634512744037,904.4634512744037,中继,RU-001,123.64784784212937,122.0
P00024,leg1-cruise,895.7275353530292,900.6022354380467,中继,RU-001,124.57215803855641,122.0
P00001,S001-handoff,896.1016693030151,906.0020816097327,直连,,119.77894086539243,122.0
P00107,S013-handoff,897.4929558158819,906.9666400264083,中继,RU-001,123.77442449618124,122.0
P00089,S013-handoff,897.6364964857385,907.181951031193,中继,RU-001,123.77442449618124,122.0
P00020,leg1-cruise,897.8684285272981,902.850173271029,中继,RU-001,125.09327445536144,122.0
P00005,leg1-cruise,898.2123529996771,903.2112939670269,中继,RU-001,125.13428895081395,122.0
P00152,leg2-cruise,898.6819133969211,908.500539442719,直连,,118.90912737422013,122.0
P00024,leg1-cruise,900.6022354380467,905.4769355230642,中继,RU-001,124.69032752883741,122.0
P00020,leg1-cruise,902.850173271029,907.8319180147598,中继,RU-001,125.20729571651376,122.0
P00005,leg1-cruise,903.2112939670269,908.2102349343768,中继,RU-001,125.248247639407,122.0
P00071,S010-handoff,904.4634512744037,914.4634512744037,中继,RU-001,123.64784784212937,122.0
P00024,leg1-descent,905.4769355230642,915.1148310308766,中继,RU-001,124.7472628546417,122.0
P00001,S001-handoff,906.0020816097327,915.9024939164505,直连,,119.77894086539243,122.0
P00107,S013-handoff,906.9666400264083,916.4403242369347,中继,RU-001,123.77442449618124,122.0
P00089,S013-handoff,907.181951031193,916.7274055766476,中继,RU-001,123.77442449618124,122.0
P00020,leg1-cruise,907.8319180147598,912.8136627584908,中继,RU-001,125.31984251920667,122.0
P00005,leg1-cruise,908.2102349343768,913.2091759017267,中继,RU-001,125.36073160525808,122.0
P00152,leg2-cruise,908.500539442719,918.3191654885167,直连,,118.53223292042574,122.0
P00020,leg1-cruise,912.8136627584908,917.7954075022217,中继,RU-001,125.4309524296224,122.0
P00005,leg1-cruise,913.2091759017267,918.2081168690765,中继,RU-001,125.47177850004506,122.0
P00071,S010-handoff,914.4634512744037,924.4634512744037,中继,RU-001,123.64784784212937,122.0
P00024,leg1-descent,915.1148310308766,924.7527265386892,中继,RU-001,124.74427754701925,122.0
P00001,S001-handoff,915.9024939164505,925.8029062231682,直连,,119.77894086539243,122.0
P00107,S013-handoff,916.4403242369347,925.9140084474609,中继,RU-001,123.77442449618124,122.0
P00089,S013-handoff,916.7274055766476,926.2728601221021,中继,RU-001,123.77442449618124,122.0
P00020,leg1-cruise,917.7954075022217,922.7771522459526,中继,RU-001,125.54066159923936,122.0
P00005,leg1-cruise,918.2081168690765,923.2070578364264,中继,RU-001,125.5814245527164,122.0
P00152,leg2-cruise,918.3191654885167,928.1377915343145,直连,,118.13827922218648,122.0
P00020,leg1-cruise,922.7771522459526,927.7588969896835,中继,RU-001,125.64900483484745,122.0
P00005,leg1-cruise,923.2070578364264,928.2059988037763,中继,RU-001,125.68970464022254,122.0
P00071,S010-handoff,924.4634512744037,934.4634512744037,中继,RU-001,123.64784784212937,122.0
P00024,leg1-descent,924.7527265386892,934.3906220465017,中继,RU-001,124.74146155939958,122.0
P00001,S001-handoff,925.8029062231682,935.7033185298859,直连,,119.77894086539243,122.0
P00107,S013-handoff,925.9140084474609,935.3876926579873,中继,RU-001,123.77442449618124,122.0
P00089,S013-handoff,926.2728601221021,935.8183146675566,中继,RU-001,123.77442449618124,122.0
P00020,leg1-cruise,927.7588969896835,932.7406417334145,中继,RU-001,125.75601566428243,122.0
P00152,leg2-cruise,928.1377915343145,937.9564175801122,直连,,117.72565268316322,122.0
P00005,leg1-cruise,928.2059988037763,933.2049397711262,中继,RU-001,125.79665235391833,122.0
P00020,leg1-cruise,932.7406417334145,937.7223864771454,中继,RU-001,125.86172639821041,122.0
P00005,leg1-cruise,933.2049397711262,938.2038807384761,中继,RU-001,125.90230006193686,122.0
P00024,leg1-descent,934.3906220465017,944.0285175543142,中继,RU-001,124.7388152226457,122.0
P00071,S010-handoff,934.4634512744037,944.4634512744037,中继,RU-001,123.64784784212937,122.0
P00107,S013-handoff,935.3876926579873,944.8613768685136,中继,RU-001,123.77442449618124,122.0
P00001,S001-handoff,935.7033185298859,945.6037308366035,直连,,119.77894086539243,122.0
P00089,S013-handoff,935.8183146675566,945.3637692130112,中继,RU-001,123.77442449618124,122.0
P00020,leg1-cruise,937.7223864771454,942.7041312208763,中继,RU-001,125.96616818823851,122.0
P00152,leg2-cruise,937.9564175801122,947.77504362591,直连,,117.29250004795173,122.0
P00005,leg1-cruise,938.2038807384761,943.202821705826,中继,RU-001,126.00667896782868,122.0
P00020,leg1-cruise,942.7041312208763,947.6858759646072,中继,RU-001,126.06937108158431,122.0
P00005,leg1-cruise,943.202821705826,948.2017626731758,中继,RU-001,126.10981916573381,122.0
P00024,leg1-descent,944.0285175543142,953.6664130621267,中继,RU-001,124.73633884814457,122.0
P00071,S010-handoff,944.4634512744037,954.4634512744037,中继,RU-001,123.64784784212937,122.0
P00107,S013-handoff,944.8613768685136,954.3350610790399,中继,RU-001,123.77442449618124,122.0
P00089,S013-handoff,945.3637692130112,954.9092237584657,中继,RU-001,123.77442449618124,122.0
P00001,S001-handoff,945.6037308366035,955.5041431433212,直连,,119.77894086539243,122.0
P00020,leg1-cruise,947.6858759646072,952.6676207083381,中继,RU-001,126.17136407258383,122.0
P00152,leg2-cruise,947.77504362591,957.5936696717077,直连,,116.83667862143926,122.0
P00005,leg1-cruise,948.2017626731758,953.2007036405257,中继,RU-001,126.21174969232187,122.0
P00020,leg1-cruise,952.6676207083381,957.649365452069,中继,RU-001,126.2721751512369,122.0
P00005,leg1-cruise,953.2007036405257,958.1996446078755,中继,RU-001,126.31249857573661,122.0
P00024,leg1-descent,953.6664130621267,963.3043085699392,中继,RU-001,124.73403272768576,122.0
P00107,S013-handoff,954.3350610790399,963.8087452895662,中继,RU-001,123.77442449618124,122.0
P00071,S010-handoff,954.4634512744037,964.4634512744037,中继,RU-001,123.64784784212937,122.0
P00089,S013-handoff,954.9092237584657,964.4546783039203,中继,RU-001,123.77442449618124,122.0
P00001,S001-handoff,955.5041431433212,965.404555450039,直连,,119.77894086539243,122.0
P00152,leg2-cruise,957.5936696717077,967.4122957175055,直连,,116.35569290258537,122.0
P00020,leg1-cruise,957.649365452069,962.6311101957999,中继,RU-001,126.37183134897288,122.0
P00005,leg1-cruise,958.1996446078755,963.1985855752254,中继,RU-001,126.41209288173346,122.0
P00020,leg1-cruise,962.6311101957999,967.6128549395308,中继,RU-001,126.47035878186279,122.0
P00005,leg1-cruise,963.1985855752254,968.1975265425752,中继,RU-001,126.51055875722133,122.0
P00024,leg1-descent,963.3043085699392,972.9422040777517,中继,RU-001,124.73189713334747,122.0
P00107,S013-handoff,963.8087452895662,973.2824295000926,中继,RU-001,123.77442449618124,122.0
P00089,S013-handoff,964.4546783039203,974.0001328493748,中继,RU-001,123.77442449618124,122.0
P00071,S010-handoff,964.4634512744037,974.4634512744037,中继,RU-001,123.64784784212937,122.0
P00001,S001-handoff,965.404555450039,975.3049677567567,直连,,119.77894086539243,122.0
P00152,leg2-cruise,967.4122957175055,977.2309217633033,直连,,115.84661294571715,122.0
P00020,leg1-cruise,967.6128549395308,972.5945996832618,中继,RU-001,126.5677826914229,122.0
P00005,leg1-cruise,968.1975265425752,973.1964675099251,中继,RU-001,126.6079214713578,122.0
P00020,leg1-cruise,972.5945996832618,977.5763444269927,中继,RU-001,126.66412748316213,122.0
P00024,leg1-descent,972.9422040777517,982.5800995855642,中继,RU-001,124.72993231739008,122.0
P00005,leg1-cruise,973.1964675099251,978.195408477275,中继,RU-001,126.70420545438891,122.0
P00107,S013-handoff,973.2824295000926,982.7561137106189,中继,RU-001,123.77442449618124,122.0
P00089,S013-handoff,974.0001328493748,983.5455873948295,中继,RU-001,123.77442449618124,122.0
P00071,S010-handoff,974.4634512744037,984.4634512744037,中继,RU-001,123.64784784212937,122.0
P00001,S001-handoff,975.3049677567567,985.2053800634744,直连,,119.77894086539243,122.0
P00152,leg2-cruise,977.2309217633033,987.0495478091011,直连,,115.30596777067473,122.0
P00020,leg1-cruise,977.5763444269927,982.5580891707236,中继,RU-001,126.75941676305027,122.0
P00005,leg1-cruise,978.195408477275,983.1943494446249,中继,RU-001,126.79943433434812,122.0
P00020,leg1-cruise,982.5580891707236,987.5398339144546,中继,RU-001,126.85367337200393,122.0
P00024,leg1-descent,982.5800995855642,992.2179950933768,中继,RU-001,124.72813851215723,122.0
P00107,S013-handoff,982.7561137106189,992.2297979211452,中继,RU-001,123.77442449618124,122.0
P00005,leg1-cruise,983.1943494446249,988.1932904119748,中继,RU-001,126.8936309717896,122.0
P00089,S013-handoff,983.5455873948295,993.091041940284,中继,RU-001,123.77442449618124,122.0
P00071,S010-handoff,984.4634512744037,994.4634512744037,中继,RU-001,123.64784784212937,122.0
P00001,S001-handoff,985.2053800634744,995.1057923701921,直连,,119.77894086539243,122.0
P00152,leg2-cruise,987.0495478091011,996.8681738548988,直连,,114.72960412724932,122.0
P00020,leg1-cruise,987.5398339144546,992.5215786581855,中继,RU-001,126.94691941855038,122.0
P00005,leg1-cruise,988.1932904119748,993.1922313793247,中继,RU-001,126.98681749264618,122.0
P00024,leg1-descent,992.2179950933768,1001.8558906011892,中继,RU-001,124.72651592998452,122.0
P00107,S013-handoff,992.2297979211452,1001.7034821316715,中继,RU-001,123.77442449618124,122.0
P00020,leg1-cruise,992.5215786581855,997.5033234019164,中继,RU-001,127.03917630976302,122.0
P00089,S013-handoff,993.091041940284,1002.6364964857385,中继,RU-001,123.77442449618124,122.0
P00005,leg1-cruise,993.1922313793247,998.1911723466745,中继,RU-001,127.07901531935818,122.0
P00071,S010-handoff,994.4634512744037,1004.4634512744037,中继,RU-001,123.64784784212937,122.0
P00001,S001-handoff,995.1057923701921,1005.0062046769099,直连,,119.77894086539243,122.0
P00152,leg2-cruise,996.8681738548988,1006.6867999006965,直连,,104.11249625163042,122.0
P00020,leg1-cruise,997.5033234019164,1002.4850681456473,中继,RU-001,127.13046478058024,122.0
P00005,leg1-cruise,998.1911723466745,1003.1901133140243,中继,RU-001,127.17024520037023,122.0
P00107,S013-handoff,1001.7034821316715,1011.1771663421979,中继,RU-001,123.77442449618124,122.0
P00024,S014-handoff,1001.8558906011892,1011.4010345799597,中继,RU-001,124.72576890840894,122.0
P00020,leg1-cruise,1002.4850681456473,1007.4668128893782,中继,RU-001,127.22080492161263,122.0
P00089,S013-handoff,1002.6364964857385,1012.1819510311931,中继,RU-001,123.77442449618124,122.0
P00005,leg1-cruise,1003.1901133140243,1008.1890542813742,中继,RU-001,127.26052723809525,122.0
P00071,S010-handoff,1004.4634512744037,1014.4634512744037,中继,RU-001,123.64784784212937,122.0
P00001,S001-handoff,1005.0062046769099,1014.9066169836275,直连,,119.77894086539243,122.0
P00152,leg2-cruise,1006.6867999006965,1016.5054259464944,直连,,103.44848484892461,122.0
P00020,leg1-cruise,1007.4668128893782,1012.4485576331091,中继,RU-001,127.31021620553642,122.0
P00005,leg1-cruise,1008.1890542813742,1013.1879952487241,中继,RU-001,127.34988091544983,122.0
P00107,S013-handoff,1011.1771663421979,1020.6508505527241,中继,RU-001,123.77442449618124,122.0
P00024,S014-handoff,1011.4010345799597,1020.9461785587303,中继,RU-001,124.72576890840894,122.0
P00089,S013-handoff,1012.1819510311931,1021.7274055766476,中继,RU-001,123.77442449618124,122.0
P00020,leg1-cruise,1012.4485576331091,1017.43030237684,中继,RU-001,127.39871751213553,122.0
P00005,leg1-cruise,1013.1879952487241,1018.186936216074,中继,RU-001,127.43832512103381,122.0
P00071,S010-handoff,1014.4634512744037,1024.4634512744037,中继,RU-001,123.64784784212937,122.0
P00001,S001-handoff,1014.9066169836275,1024.8070292903453,直连,,119.77894086539243,122.0
P00152,leg2-cruise,1016.5054259464944,1026.3240519922922,直连,,102.72991147153638,122.0
P00020,leg1-descent,1017.43030237684,1026.3303687017099,中继,RU-001,127.4421741698095,122.0
P00005,leg1-descent,1018.186936216074,1027.132361631113,中继,RU-001,127.48199166464359,122.0
P00107,S013-handoff,1020.6508505527241,1030.1245347632505,中继,RU-001,123.77442449618124,122.0
P00024,S014-handoff,1020.9461785587303,1030.4913225375008,中继,RU-001,124.72576890840894,122.0
P00089,S013-handoff,1021.7274055766476,1031.2728601221022,中继,RU-001,123.77442449618124,122.0
P00071,S010-handoff,1024.4634512744037,1034.4634512744037,中继,RU-001,123.64784784212937,122.0
P00001,S001-handoff,1024.8070292903453,1034.7074415970628,直连,,119.77894086539243,122.0
P00152,leg2-cruise,1026.3240519922922,1036.1426780380898,直连,,101.94709420372484,122.0
P00020,leg1-descent,1026.3303687017099,1035.2304350265797,中继,RU-001,127.44131589104262,122.0
P00005,leg1-descent,1027.132361631113,1036.077787046152,中继,RU-001,127.4815888297683,122.0
P00107,S013-handoff,1030.1245347632505,1039.5982189737767,中继,RU-001,123.77442449618124,122.0
P00024,S014-handoff,1030.4913225375008,1040.0364665162713,中继,RU-001,124.72576890840894,122.0
P00089,S013-handoff,1031.2728601221022,1040.8183146675567,中继,RU-001,123.77442449618124,122.0
P00071,S010-handoff,1034.4634512744037,1044.4634512744037,中继,RU-001,123.64784784212937,122.0
P00001,S001-handoff,1034.7074415970628,1044.6078539037806,直连,,119.77894086539243,122.0
P00020,leg1-descent,1035.2304350265797,1044.1305013514493,中继,RU-001,127.44053593972625,122.0
P00005,leg1-descent,1036.077787046152,1045.0232124611912,中继,RU-001,127.48123623548668,122.0
P00152,leg2-cruise,1036.1426780380898,1045.9613040838876,直连,,101.08755538491656,122.0
P00107,S013-handoff,1039.5982189737767,1049.0719031843032,中继,RU-001,123.77442449618124,122.0
P00024,S014-handoff,1040.0364665162713,1049.5816104950416,中继,RU-001,124.72576890840894,122.0
P00089,S013-handoff,1040.8183146675567,1050.3637692130112,中继,RU-001,123.77442449618124,122.0
P00020,leg1-descent,1044.1305013514493,1053.0305676763192,中继,RU-001,127.43983435809713,122.0
P00071,S010-handoff,1044.4634512744037,1054.4634512744037,中继,RU-001,123.64784784212937,122.0
P00001,S001-handoff,1044.6078539037806,1054.5082662104983,直连,,119.77894086539243,122.0
P00005,leg1-descent,1045.0232124611912,1053.96863787623,中继,RU-001,127.48093389403924,122.0
P00152,leg2-cruise,1045.9613040838876,1055.7799301296855,直连,,100.13484872048119,122.0
P00107,S013-handoff,1049.0719031843032,1058.5455873948295,中继,RU-001,123.77442449618124,122.0
P00024,S014-handoff,1049.5816104950416,1059.126754473812,中继,RU-001,124.72576890840894,122.0
P00089,S013-handoff,1050.3637692130112,1059.9092237584657,中继,RU-001,123.77442449618124,122.0
P00020,leg1-descent,1053.0305676763192,1061.930634001189,中继,RU-001,127.43921118416316,122.0
P00005,leg1-descent,1053.96863787623,1062.9140632912693,中继,RU-001,127.48068181592379,122.0
P00071,S010-handoff,1054.4634512744037,1064.4634512744037,中继,RU-001,123.64784784212937,122.0
P00001,S001-handoff,1054.5082662104983,1064.408678517216,直连,,119.77894086539243,122.0
P00152,leg2-cruise,1055.7799301296855,1065.5985561754833,直连,,99.06671421641943,122.0
P00107,leg2-climb,1058.5455873948295,1067.0106081467825,中继,RU-001,123.77540942387138,122.0
P00024,S014-handoff,1059.126754473812,1068.6718984525826,中继,RU-001,124.72576890840894,122.0
P00089,S013-handoff,1059.9092237584657,1069.4546783039204,中继,RU-001,123.77442449618124,122.0
P00020,leg1-descent,1061.930634001189,1070.8307003260588,中继,RU-001,127.43866645169653,122.0
P00005,S002-handoff,1062.9140632912693,1072.167875822543,中继,RU-001,127.4805746284193,122.0
P00001,S001-handoff,1064.408678517216,1074.3090908239337,直连,,119.77894086539243,122.0
P00071,S010-handoff,1064.4634512744037,1074.4634512744037,中继,RU-001,123.64784784212937,122.0
P00152,leg2-cruise,1065.5985561754833,1075.417182221281,直连,,97.8520566432842,122.0
P00107,leg2-climb,1067.0106081467825,1075.4756288987357,中继,RU-001,123.77755686772966,122.0
P00024,S014-handoff,1068.6718984525826,1078.217042431353,中继,RU-001,124.72576890840894,122.0
P00089,S013-handoff,1069.4546783039204,1079.000132849375,中继,RU-001,123.77442449618124,122.0
P00020,S012-handoff,1070.8307003260588,1080.1959441487063,中继,RU-001,127.43842351040759,122.0
P00005,S002-handoff,1072.167875822543,1081.4216883538168,中继,RU-001,127.4805746284193,122.0
P00001,S001-handoff,1074.3090908239337,1084.2095031306515,直连,,119.77894086539243,122.0
P00071,S010-handoff,1074.4634512744037,1084.4634512744037,中继,RU-001,123.64784784212937,122.0
P00152,leg2-cruise,1075.417182221281,1085.2358082670787,直连,,96.44576962711744,122.0
P00107,leg2-climb,1075.4756288987357,1083.9406496506888,中继,RU-001,123.77994079924201,122.0
P00024,S014-handoff,1078.217042431353,1087.7621864101236,中继,RU-001,124.72576890840894,122.0
P00089,S013-handoff,1079.000132849375,1088.5455873948295,中继,RU-001,123.77442449618124,122.0
P00020,S012-handoff,1080.1959441487063,1089.5611879713538,中继,RU-001,127.43842351040759,122.0
P00005,S002-handoff,1081.4216883538168,1090.6755008850905,中继,RU-001,127.4805746284193,122.0
P00107,leg2-climb,1083.9406496506888,1092.4056704026418,中继,RU-001,123.78256082858304,122.0
P00001,S001-handoff,1084.2095031306515,1094.1099154373692,直连,,119.77894086539243,122.0
P00071,S010-handoff,1084.4634512744037,1094.4634512744037,中继,RU-001,123.64784784212937,122.0
P00152,leg2-cruise,1085.2358082670787,1095.0544343128765,直连,,94.77944721369933,122.0
P00024,S014-handoff,1087.7621864101236,1097.3073303888941,中继,RU-001,124.72576890840894,122.0
P00089,leg2-climb,1088.5455873948295,1096.4592246832408,中继,RU-001,123.77534346571288,122.0
P00020,S012-handoff,1089.5611879713538,1098.9264317940012,中继,RU-001,127.43842351040759,122.0
P00005,S002-handoff,1090.6755008850905,1099.9293134163645,中继,RU-001,127.4805746284193,122.0
P00107,leg2-climb,1092.4056704026418,1100.870691154595,中继,RU-001,123.78541652789599,122.0
P00001,S001-handoff,1094.1099154373692,1104.010327744087,直连,,119.77894086539243,122.0
P00071,S010-handoff,1094.4634512744037,1104.4634512744037,中继,RU-001,123.64784784212937,122.0
P00152,leg2-cruise,1095.0544343128765,1104.8730603586744,直连,,92.74417043864779,122.0
P00089,leg2-climb,1096.4592246832408,1104.3728619716524,中继,RU-001,123.77733662144614,122.0
P00024,S014-handoff,1097.3073303888941,1106.8524743676646,中继,RU-001,124.72576890840894,122.0
P00020,S012-handoff,1098.9264317940012,1108.2916756166487,中继,RU-001,127.43842351040759,122.0
P00005,S002-handoff,1099.9293134163645,1109.1831259476382,中继,RU-001,127.4805746284193,122.0
P00107,leg2-climb,1100.870691154595,1109.335711906548,中继,RU-001,123.78850743152448,122.0
P00001,S001-handoff,1104.010327744087,1113.9107400508046,直连,,119.77894086539243,122.0
P00089,leg2-cruise,1104.3728619716524,1114.2279574999243,中继,RU-001,123.6721299962704,122.0
P00071,leg2-climb,1104.4634512744037,1113.800844123796,中继,RU-001,123.64896933281241,122.0
P00152,leg2-cruise,1104.8730603586744,1114.691686404472,直连,,90.16068595088801,122.0
P00024,S014-handoff,1106.8524743676646,1116.3976183464351,中继,RU-001,124.72576890840894,122.0
P00020,S012-handoff,1108.2916756166487,1117.6569194392962,中继,RU-001,127.43842351040759,122.0
P00005,S002-handoff,1109.1831259476382,1118.436938478912,中继,RU-001,127.4805746284193,122.0
P00107,leg2-cruise,1109.335711906548,1118.5704511929582,中继,RU-001,123.77160125949595,122.0
P00071,leg2-climb,1113.800844123796,1123.1382369731884,中继,RU-001,123.65143473071883,122.0
P00001,S001-handoff,1113.9107400508046,1123.8111523575224,直连,,119.77894086539243,122.0
P00089,leg2-cruise,1114.2279574999243,1124.0830530281964,中继,RU-001,123.45559656146685,122.0
P00152,leg2-cruise,1114.691686404472,1124.5103124502698,直连,,86.77063365844988,122.0
P00024,S014-handoff,1116.3976183464351,1125.9427623252056,中继,RU-001,124.72576890840894,122.0
P00020,S012-handoff,1117.6569194392962,1127.0221632619437,中继,RU-001,127.43842351040759,122.0
P00005,S002-handoff,1118.436938478912,1127.6907510101857,中继,RU-001,127.4805746284193,122.0
P00107,leg2-cruise,1118.5704511929582,1127.8051904793683,中继,RU-001,123.73771040159025,122.0
P00071,leg2-climb,1123.1382369731884,1132.4756298225807,中继,RU-001,123.65419625647414,122.0
P00001,S001-handoff,1123.8111523575224,1133.71156466424,直连,,119.77894086539243,122.0
P00089,leg2-cruise,1124.0830530281964,1129.0106007923323,中继,RU-001,123.2895889934614,122.0
P00152,leg2-cruise,1124.5103124502698,1134.3289384960676,直连,,82.88383902694989,122.0
P00024,S014-handoff,1125.9427623252056,1135.4879063039762,中继,RU-001,124.72576890840894,122.0
P00020,S012-handoff,1127.0221632619437,1136.3874070845911,中继,RU-001,127.43842351040759,122.0
P00005,S002-handoff,1127.6907510101857,1136.9445635414595,中继,RU-001,127.4805746284193,122.0
P00107,leg2-cruise,1127.8051904793683,1137.0399297657782,中继,RU-001,123.70815498487087,122.0
P00089,leg2-cruise,1129.0106007923323,1133.9381485564684,中继,RU-001,123.17713323500165,122.0
P00071,leg2-cruise,1132.4756298225807,1140.9319625517887,中继,RU-001,123.56330954616458,122.0
P00001,S001-handoff,1133.71156466424,1143.6119769709576,直连,,119.77894086539243,122.0
P00089,leg2-cruise,1133.9381485564684,1143.7932440847403,中继,RU-001,123.00568008764172,122.0
P00152,leg2-descent,1134.3289384960676,1144.1058760364199,直连,,81.12619809917436,122.0
P00024,S014-handoff,1135.4879063039762,1145.0330502827464,中继,RU-001,124.72576890840894,122.0
P00020,S012-handoff,1136.3874070845911,1145.7526509072386,中继,RU-001,127.43842351040759,122.0
P00005,S002-handoff,1136.9445635414595,1146.1983760727333,中继,RU-001,127.4805746284193,122.0
P00107,leg2-cruise,1137.0399297657782,1146.2746690521883,中继,RU-001,123.68302577931672,122.0
P00071,leg2-cruise,1140.9319625517887,1149.3882952809965,中继,RU-001,123.37556328801743,122.0
P00001,S001-handoff,1143.6119769709576,1153.5123892776753,直连,,119.77894086539243,122.0
P00089,leg2-cruise,1143.7932440847403,1153.6483396130125,中继,RU-001,122.77169810390261,122.0
P00152,leg2-descent,1144.1058760364199,1153.882813576772,直连,,79.01202097141933,122.0
P00024,S014-handoff,1145.0330502827464,1154.578194261517,中继,RU-001,124.72576890840894,122.0
P00020,S012-handoff,1145.7526509072386,1155.117894729886,中继,RU-001,127.43842351040759,122.0
P00005,S002-handoff,1146.1983760727333,1155.4521886040072,中继,RU-001,127.4805746284193,122.0
P00107,leg2-cruise,1146.2746690521883,1155.5094083385984,中继,RU-001,123.66240110762844,122.0
P00071,leg2-cruise,1149.3882952809965,1157.8446280102046,中继,RU-001,123.1836851727975,122.0
P00001,S001-handoff,1153.5123892776753,1163.412801584393,直连,,119.77894086539243,122.0
P00089,leg2-cruise,1153.6483396130125,1163.5034351412844,中继,RU-001,122.53126004853308,122.0
P00152,leg2-descent,1153.882813576772,1163.6597511171242,直连,,76.21178893033459,122.0
P00024,S014-handoff,1154.578194261517,1164.1233382402875,中继,RU-001,124.72576890840894,122.0
P00020,S012-handoff,1155.117894729886,1164.4831385525335,中继,RU-001,127.43842351040759,122.0
P00005,S002-handoff,1155.4521886040072,1164.706001135281,中继,RU-001,127.4805746284193,122.0
P00107,leg2-cruise,1155.5094083385984,1164.7441476250083,中继,RU-001,123.6463460507003,122.0
P00071,leg2-cruise,1157.8446280102046,1166.3009607394126,中继,RU-001,122.98749002154933,122.0
P00001,S001-handoff,1163.412801584393,1173.3132138911108,直连,,119.77894086539243,122.0
P00089,leg2-cruise,1163.5034351412844,1173.3585306695566,中继,RU-001,122.2840009013979,122.0
P00152,leg2-descent,1163.6597511171242,1173.4366886574762,直连,,72.0537207315892,122.0
P00024,S014-handoff,1164.1233382402875,1173.668482219058,中继,RU-001,124.72576890840894,122.0
P00020,S012-handoff,1164.4831385525335,1173.848382375181,中继,RU-001,127.43842351040759,122.0
P00005,S002-handoff,1164.706001135281,1173.9598136665547,中继,RU-001,127.4805746284193,122.0
P00107,leg2-cruise,1164.7441476250083,1173.9788869114184,中继,RU-001,123.63491177434689,122.0
P00071,leg2-cruise,1166.3009607394126,1174.7572934686204,中继,RU-001,122.78677997758685,122.0
P00001,S001-handoff,1173.3132138911108,1183.2136261978285,直连,,119.77894086539243,122.0
P00089,leg2-cruise,1173.3585306695566,1183.2136261978285,中继,RU-001,122.02952391094661,122.0
P00152,leg2-descent,1173.4366886574762,1183.2136261978285,直连,,63.78547689778014,122.0
P00024,S014-handoff,1173.668482219058,1183.2136261978285,中继,RU-001,124.72576890840894,122.0
P00020,S012-handoff,1173.848382375181,1183.2136261978285,中继,RU-001,127.43842351040759,122.0
P00005,S002-handoff,1173.9598136665547,1183.2136261978285,中继,RU-001,127.4805746284193,122.0
P00107,leg2-cruise,1173.9788869114184,1183.2136261978285,中继,RU-001,123.62813499168787,122.0
P00071,leg2-cruise,1174.7572934686204,1183.2136261978285,中继,RU-001,122.58134332786301,122.0
P00001,S001-handoff,1183.2136261978285,1192.6874189595242,直连,,119.77894086539243,122.0
P00005,S002-handoff,1183.2136261978285,1192.6874189595242,中继,RU-001,127.4805746284193,122.0
P00020,S012-handoff,1183.2136261978285,1192.6874189595242,中继,RU-001,127.43842351040759,122.0
P00024,S014-handoff,1183.2136261978285,1192.6874189595242,中继,RU-001,124.72576890840894,122.0
P00071,leg2-cruise,1183.2136261978285,1192.6874189595242,中继,RU-001,122.35813298093471,122.0
P00089,leg2-cruise,1183.2136261978285,1192.6874189595242,直连,,121.77254324695501,122.0
P00107,leg2-cruise,1183.2136261978285,1192.6874189595242,中继,RU-001,123.62604114677447,122.0
P00152,leg2-descent,1183.2136261978285,1192.4715825390363,直连,,58.568256304639775,122.0
P00001,S001-handoff,1192.6874189595242,1202.1612117212198,直连,,119.77894086539243,122.0
P00005,S002-handoff,1192.6874189595242,1202.1612117212198,中继,RU-001,127.4805746284193,122.0
P00020,S012-handoff,1192.6874189595242,1202.1612117212198,中继,RU-001,127.43842351040759,122.0
P00024,S014-handoff,1192.6874189595242,1202.1612117212198,中继,RU-001,124.72576890840894,122.0
P00071,leg2-cruise,1192.6874189595242,1202.1612117212198,中继,RU-001,122.11588347823994,122.0
P00089,leg2-cruise,1192.6874189595242,1202.1612117212198,直连,,121.51306276178875,122.0
P00107,leg2-cruise,1192.6874189595242,1202.1612117212198,中继,RU-001,123.62882127855589,122.0
P00001,S001-handoff,1202.1612117212198,1211.5086435468306,直连,,119.77894086539243,122.0
P00005,S002-handoff,1202.1612117212198,1211.759161789483,中继,RU-001,127.4805746284193,122.0
P00020,S012-handoff,1202.1612117212198,1212.0402561398416,中继,RU-001,127.43842351040759,122.0
P00024,S014-handoff,1202.1612117212198,1212.0848814412122,中继,RU-001,124.72576890840894,122.0
P00071,leg2-cruise,1202.1612117212198,1207.101513387498,直连,,121.92698626856425,122.0
P00089,leg2-cruise,1202.1612117212198,1212.041815053776,直连,,121.23979517520534,122.0
P00107,leg2-cruise,1202.1612117212198,1209.6458704722434,中继,RU-001,123.63548456383751,122.0
P00071,leg2-cruise,1207.101513387498,1212.041815053776,直连,,121.79509900682979,122.0
P00107,leg2-cruise,1209.6458704722434,1217.130529223267,中继,RU-001,123.64462874236679,122.0
P00001,S001-handoff,1211.5086435468306,1220.8560753724412,直连,,119.77894086539243,122.0
P00005,S002-handoff,1211.759161789483,1221.3571118577458,中继,RU-001,127.4805746284193,122.0
P00020,S012-handoff,1212.0402561398416,1221.9193005584632,中继,RU-001,127.43842351040759,122.0
P00071,leg2-cruise,1212.041815053776,1221.922418386332,直连,,121.59345723026934,122.0
P00089,leg2-cruise,1212.041815053776,1221.922418386332,直连,,120.95166534353034,122.0
P00024,S014-handoff,1212.0848814412122,1222.0085511612047,中继,RU-001,124.72576890840894,122.0
P00107,leg2-cruise,1217.130529223267,1224.6151879742906,中继,RU-001,123.6568122071985,122.0
P00001,S001-handoff,1220.8560753724412,1230.203507198052,直连,,119.77894086539243,122.0
P00005,S002-handoff,1221.3571118577458,1230.955061926009,中继,RU-001,127.4805746284193,122.0
P00020,S012-handoff,1221.9193005584632,1231.798344977085,中继,RU-001,127.43842351040759,122.0
P00071,leg2-cruise,1221.922418386332,1231.8030217188882,直连,,121.31715151245128,122.0
P00089,leg2-cruise,1221.922418386332,1231.8030217188882,直连,,120.65370072855187,122.0
P00024,S014-handoff,1222.0085511612047,1231.9322208811968,中继,RU-001,124.72576890840894,122.0
P00107,leg2-descent,1224.6151879742906,1233.3277807477282,中继,RU-001,123.66258989738601,122.0
P00001,S001-handoff,1230.203507198052,1239.5509390236625,直连,,119.77894086539243,122.0
P00005,S002-handoff,1230.955061926009,1240.5530119942719,中继,RU-001,127.4805746284193,122.0
P00020,S012-handoff,1231.798344977085,1241.6773893957068,中继,RU-001,127.43842351040759,122.0
P00071,leg2-cruise,1231.8030217188882,1241.6836250514446,直连,,121.03182465947395,122.0
P00089,leg2-cruise,1231.8030217188882,1241.6836250514446,直连,,120.34521023423359,122.0
P00024,S014-handoff,1231.9322208811968,1241.8558906011892,中继,RU-001,124.72576890840894,122.0
P00107,leg2-descent,1233.3277807477282,1242.0403735211655,中继,RU-001,123.65983113259854,122.0
P00001,S001-handoff,1239.5509390236625,1248.8983708492733,直连,,119.77894086539243,122.0
P00005,S002-handoff,1240.5530119942719,1250.150962062535,中继,RU-001,127.4805746284193,122.0
P00020,S012-handoff,1241.6773893957068,1251.5564338143286,中继,RU-001,127.43842351040759,122.0
P00071,leg2-cruise,1241.6836250514446,1251.5642283840007,直连,,120.73687196617149,122.0
P00089,leg2-cruise,1241.6836250514446,1251.5642283840007,直连,,120.02542774496106,122.0
P00024,leg2-climb,1241.8558906011892,1250.7798679232378,中继,RU-001,124.7266015781163,122.0
P00107,leg2-descent,1242.0403735211655,1250.752966294603,中继,RU-001,123.65725037529671,122.0
P00001,leg2-climb,1248.8983708492733,1257.8040318600156,直连,,119.77937214525187,122.0
P00005,S002-handoff,1250.150962062535,1259.7489121307979,中继,RU-001,127.4805746284193,122.0
P00107,leg2-descent,1250.752966294603,1259.4655590680406,中继,RU-001,123.65484794400734,122.0
P00024,leg2-climb,1250.7798679232378,1259.7038452452864,中继,RU-001,124.72842559469186,122.0
P00020,S012-handoff,1251.5564338143286,1261.4354782329501,中继,RU-001,127.43842351040759,122.0
P00071,leg2-cruise,1251.5642283840007,1261.4448317165568,直连,,120.43162630072632,122.0
P00089,leg2-cruise,1251.5642283840007,1261.4448317165568,直连,,119.6935009402894,122.0
P00001,leg2-climb,1257.8040318600156,1266.7096928707576,直连,,119.78057850625036,122.0
P00107,leg2-descent,1259.4655590680406,1268.1781518414782,中继,RU-001,123.65262413564508,122.0
P00024,leg2-climb,1259.7038452452864,1268.627822567335,中继,RU-001,124.73046095530628,122.0
P00005,S002-handoff,1259.7489121307979,1269.346862199061,中继,RU-001,127.4805746284193,122.0
P00020,S012-handoff,1261.4354782329501,1271.314522651572,中继,RU-001,127.43842351040759,122.0
P00071,leg2-cruise,1261.4448317165568,1271.325435049113,直连,,120.11534928303325,122.0
P00089,leg2-cruise,1261.4448317165568,1271.325435049113,直连,,119.34847796207363,122.0
P00001,leg2-climb,1266.7096928707576,1275.6153538814997,直连,,119.78224293556472,122.0
P00107,leg2-descent,1268.1781518414782,1276.8907446149155,中继,RU-001,123.65057922539064,122.0
P00024,leg2-climb,1268.627822567335,1277.5517998893836,中继,RU-001,124.73270736258392,122.0
P00005,S002-handoff,1269.346862199061,1278.9448122673239,中继,RU-001,127.4805746284193,122.0
P00020,S012-handoff,1271.314522651572,1281.1935670701937,中继,RU-001,127.43842351040759,122.0
P00071,leg2-cruise,1271.325435049113,1281.206038381669,直连,,119.78722086395895,122.0
P00089,leg2-cruise,1271.325435049113,1281.206038381669,直连,,118.9892914243435,122.0
P00001,leg2-climb,1275.6153538814997,1284.521014892242,直连,,119.78436490661834,122.0
P00107,leg2-descent,1276.8907446149155,1285.603337388353,中继,RU-001,123.64871346657789,122.0
P00024,leg2-climb,1277.5517998893836,1286.4757772114324,中继,RU-001,124.73516448869171,122.0
P00005,S002-handoff,1278.9448122673239,1288.542762335587,中继,RU-001,127.4805746284193,122.0
P00020,S012-handoff,1281.1935670701937,1291.0726114888155,中继,RU-001,127.43842351040759,122.0
P00071,leg2-cruise,1281.206038381669,1291.0866417142252,直连,,119.44632694891921,122.0
P00089,leg2-cruise,1281.206038381669,1286.146340047947,直连,,118.7098891794216,122.0
P00001,leg2-cruise,1284.521014892242,1289.350817341501,直连,,119.68245472041617,122.0
P00107,S010-handoff,1285.603337388353,1295.190787453797,中继,RU-001,123.64784784212937,122.0
P00089,leg2-cruise,1286.146340047947,1291.0866417142252,直连,,118.51854455884371,122.0
P00024,leg2-climb,1286.4757772114324,1295.399754533481,中继,RU-001,124.73783197549803,122.0
P00005,S002-handoff,1288.542762335587,1298.14071240385,中继,RU-001,127.4805746284193,122.0
P00001,leg2-cruise,1289.350817341501,1294.18061979076,直连,,119.47242739751692,122.0
P00020,S012-handoff,1291.0726114888155,1300.951655907437,中继,RU-001,127.43842351040759,122.0
P00071,leg2-cruise,1291.0866417142252,1300.9672450467813,直连,,119.0916446141352,122.0
P00089,leg2-cruise,1291.0866417142252,1296.0269433805033,直连,,118.32292937997373,122.0
P00001,leg2-cruise,1294.18061979076,1299.010422240019,直连,,119.25720488526132,122.0
P00107,S010-handoff,1295.190787453797,1304.778237519241,中继,RU-001,123.64784784212937,122.0
P00024,leg2-climb,1295.399754533481,1304.3237318555296,中继,RU-001,124.74070943474587,122.0
P00089,leg2-cruise,1296.0269433805033,1300.9672450467813,直连,,118.12285061331734,122.0
P00005,S002-handoff,1298.14071240385,1307.738662472113,中继,RU-001,127.4805746284193,122.0
P00001,leg2-cruise,1299.010422240019,1303.8402246892779,直连,,119.03652415524448,122.0
P00020,S012-handoff,1300.951655907437,1310.8307003260588,中继,RU-001,127.43842351040759,122.0
P00071,leg2-cruise,1300.9672450467813,1305.9075467130592,直连,,118.815898044786,122.0
P00089,leg2-cruise,1300.9672450467813,1305.9075467130592,直连,,117.91810198603,122.0
P00001,leg2-cruise,1303.8402246892779,1308.6700271385369,直连,,118.81010172623706,122.0
P00024,leg2-climb,1304.3237318555296,1313.2477091775781,中继,RU-001,124.74379644824026,122.0
P00107,S010-handoff,1304.778237519241,1314.3656875846848,中继,RU-001,123.64784784212937,122.0
P00071,leg2-cruise,1305.9075467130592,1310.8478483793374,直连,,118.6271367599033,122.0
P00089,leg2-cruise,1305.9075467130592,1310.8478483793374,直连,,107.70846275736068,122.0
P00005,S002-handoff,1307.738662472113,1317.336612540376,中继,RU-001,127.4805746284193,122.0
P00001,leg2-cruise,1308.6700271385369,1313.4998295877958,直连,,118.57763149194884,122.0
P00020,leg2-climb,1310.8307003260588,1319.7307666509287,中继,RU-001,127.43871739420227,122.0
P00071,leg2-cruise,1310.8478483793374,1315.7881500456156,直连,,118.43423179277458,122.0
P00089,leg2-cruise,1310.8478483793374,1315.7881500456156,直连,,107.49369635136395,122.0
P00024,leg2-climb,1313.2477091775781,1322.1716864996267,中继,RU-001,124.7470925680496,122.0
P00001,leg2-cruise,1313.4998295877958,1318.3296320370548,直连,,118.3387822532033,122.0
P00107,S010-handoff,1314.3656875846848,1323.9531376501286,中继,RU-001,123.64784784212937,122.0
P00071,leg2-cruise,1315.7881500456156,1320.7284517118937,直连,,118.23699953355232,122.0
P00089,leg2-cruise,1315.7881500456156,1320.7284517118937,直连,,107.27354882661342,122.0
P00005,S002-handoff,1317.336612540376,1326.934562608639,中继,RU-001,127.4805746284193,122.0
P00001,leg2-cruise,1318.3296320370548,1323.1594344863138,直连,,118.0931949051011,122.0
P00020,leg2-climb,1319.7307666509287,1328.6308329757985,中继,RU-001,127.43938990144393,122.0
P00071,leg2-cruise,1320.7284517118937,1325.668753378172,直连,,118.03524407096347,122.0
P00089,leg2-cruise,1320.7284517118937,1330.6090550444499,直连,,106.93263501510563,122.0
P00024,leg2-cruise,1322.1716864996267,1327.046386584644,中继,RU-001,124.69032752883741,122.0
P00001,leg2-cruise,1323.1594344863138,1327.9892369355728,直连,,117.84047921969018,122.0
P00107,S010-handoff,1323.9531376501286,1333.5405877155724,中继,RU-001,123.64784784212937,122.0
P00071,leg2-cruise,1325.668753378172,1330.6090550444499,直连,,117.82875608683281,122.0
P00005,S002-handoff,1326.934562608639,1336.5325126769021,中继,RU-001,127.4805746284193,122.0
P00024,leg2-cruise,1327.046386584644,1331.9210866696617,中继,RU-001,124.57215803855641,122.0
P00001,leg2-cruise,1327.9892369355728,1332.8190393848317,直连,,117.58021015258988,122.0
P00020,leg2-climb,1328.6308329757985,1337.5308993006681,中继,RU-001,127.44017535022608,122.0
P00071,leg2-cruise,1330.6090550444499,1335.5493567107278,直连,,117.61731162610937,122.0
P00089,leg2-cruise,1330.6090550444499,1340.489658377006,直连,,106.4565188461726,122.0
P00024,leg2-cruise,1331.9210866696617,1336.7957867546793,中继,RU-001,124.45237032504099,122.0
P00001,leg2-cruise,1332.8190393848317,1337.6488418340907,直连,,117.31192358664973,122.0
P00107,S010-handoff,1333.5405877155724,1343.1280377810165,中继,RU-001,123.64784784212937,122.0
P00071,leg2-cruise,1335.5493567107278,1340.489658377006,直连,,117.40067072551773,122.0
P00005,S002-handoff,1336.5325126769021,1346.130462745165,中继,RU-001,127.4805746284193,122.0
P00024,leg2-cruise,1336.7957867546793,1341.6704868396967,中继,RU-001,124.33091978753089,122.0
P00020,leg2-climb,1337.5308993006681,1346.430965625538,中继,RU-001,127.44107367926193,122.0
P00001,leg2-cruise,1337.6488418340907,1342.4786442833497,直连,,117.03511140678361,122.0
P00071,leg2-cruise,1340.489658377006,1345.4299600432842,直连,,117.17857588144427,122.0
P00089,leg2-cruise,1340.489658377006,1350.370261709562,直连,,105.95321197045146,122.0
P00024,leg2-cruise,1341.6704868396967,1346.545186924714,中继,RU-001,124.2077599704854,122.0
P00001,leg2-cruise,1342.4786442833497,1347.3084467326087,直连,,116.74921577631633,122.0
P00107,S010-handoff,1343.1280377810165,1352.7154878464603,中继,RU-001,123.64784784212937,122.0
P00071,leg2-cruise,1345.4299600432842,1350.370261709562,直连,,116.95075033462727,122.0
P00005,S002-handoff,1346.130462745165,1355.7284128134281,中继,RU-001,127.4805746284193,122.0
P00020,leg2-climb,1346.430965625538,1355.3310319504078,中继,RU-001,127.44208481848855,122.0
P00024,leg2-cruise,1346.545186924714,1351.4198870097316,中继,RU-001,124.08284246019122,122.0
P00001,leg2-cruise,1347.3084467326087,1352.1382491818676,直连,,116.45362245475349,122.0
P00071,leg2-cruise,1350.370261709562,1360.2508650421182,直连,,116.597608885064,122.0
P00089,leg2-cruise,1350.370261709562,1360.2508650421182,直连,,105.41948027596912,122.0
P00024,leg2-cruise,1351.4198870097316,1356.2945870947492,中继,RU-001,123.956116774147,122.0
P00001,leg2-cruise,1352.1382491818676,1356.9680516311266,直连,,116.14765295860457,122.0
P00107,S010-handoff,1352.7154878464603,1362.302937911904,中继,RU-001,123.64784784212937,122.0
P00020,leg2-cruise,1355.3310319504078,1359.961285476633,中继,RU-001,127.40182326564212,122.0
P00005,S002-handoff,1355.7284128134281,1365.3263628816912,中继,RU-001,127.4805746284193,122.0
P00024,leg2-cruise,1356.2945870947492,1361.1692871797666,中继,RU-001,123.82753024257711,122.0
P00001,leg2-cruise,1356.9680516311266,1361.7978540803856,直连,,115.8305553172612,122.0
P00020,leg2-cruise,1359.961285476633,1364.5915390028583,中继,RU-001,127.31962536539376,122.0
P00071,leg2-cruise,1360.2508650421182,1370.1314683746743,直连,,116.10371280805305,122.0
P00089,leg2-cruise,1360.2508650421182,1370.1314683746743,直连,,104.85148991182433,122.0
P00024,leg2-cruise,1361.1692871797666,1366.043987264784,中继,RU-001,123.69702788145534,122.0
P00001,leg2-cruise,1361.7978540803856,1366.6276565296446,直连,,115.5014931120924,122.0
P00107,S010-handoff,1362.302937911904,1371.890387977348,中继,RU-001,123.64784784212937,122.0
P00020,leg2-cruise,1364.5915390028583,1369.2217925290834,中继,RU-001,127.23664306882107,122.0
P00005,S002-handoff,1365.3263628816912,1374.9243129499541,中继,RU-001,127.4805746284193,122.0
P00024,leg2-cruise,1366.043987264784,1370.9186873498015,中继,RU-001,123.56455225626361,122.0
P00001,leg2-cruise,1366.6276565296446,1371.4574589789036,直连,,115.15953240346182,122.0
P00020,leg2-cruise,1369.2217925290834,1373.8520460553086,中继,RU-001,127.15286128298679,122.0
P00071,leg2-cruise,1370.1314683746743,1380.0120717072305,直连,,115.58069507146088,122.0
P00089,leg2-cruise,1370.1314683746743,1380.0120717072305,直连,,104.24465388846686,122.0
P00024,leg2-cruise,1370.9186873498015,1375.7933874348191,中继,RU-001,123.43004333569071,122.0
P00001,leg2-cruise,1371.4574589789036,1376.2872614281625,直连,,114.80362604060652,122.0
P00107,S010-handoff,1371.890387977348,1381.477838042792,中继,RU-001,123.64784784212937,122.0
P00020,leg2-cruise,1373.8520460553086,1378.4822995815339,中继,RU-001,127.0682644757207,122.0
P00005,S002-handoff,1374.9243129499541,1384.5222630182172,中继,RU-001,127.4805746284193,122.0
P00024,leg2-cruise,1375.7933874348191,1380.6680875198365,中继,RU-001,123.29343833437102,122.0
P00001,leg2-cruise,1376.2872614281625,1381.1170638774215,直连,,104.43259470355896,122.0
P00020,leg2-cruise,1378.4822995815339,1383.1125531077591,中继,RU-001,126.98283665843621,122.0
P00071,leg2-cruise,1380.0120717072305,1389.8926750397868,直连,,105.02500379913353,122.0
P00089,leg2-cruise,1380.0120717072305,1389.8926750397868,直连,,103.59342847937265,122.0
P00024,leg2-cruise,1380.6680875198365,1385.5427876048539,中继,RU-001,123.1546715436945,122.0
P00001,leg2-cruise,1381.1170638774215,1385.9468663266805,直连,,104.04510383080947,122.0
P00107,S010-handoff,1381.477838042792,1391.0652881082358,中继,RU-001,123.64784784212937,122.0
P00020,leg2-cruise,1383.1125531077591,1387.7428066339844,中继,RU-001,126.8965613680953,122.0
P00005,S002-handoff,1384.5222630182172,1394.1202130864801,中继,RU-001,127.4805746284193,122.0
P00024,leg2-cruise,1385.5427876048539,1390.4174876898715,中继,RU-001,123.01367414955548,122.0
P00001,leg2-cruise,1385.9468663266805,1390.7766687759395,直连,,103.6396353211951,122.0
P00020,leg2-cruise,1387.7428066339844,1392.3730601602097,中继,RU-001,126.80942164827698,122.0
P00071,leg2-cruise,1389.8926750397868,1399.773278372343,直连,,104.4324190147605,122.0
P00089,leg2-cruise,1389.8926750397868,1399.773278372343,直连,,102.89103973675371,122.0
P00024,leg2-cruise,1390.4174876898715,1395.292187774889,中继,RU-001,122.87037403588931,122.0
P00001,leg2-cruise,1390.7766687759395,1395.6064712251984,直连,,103.2144525353278,122.0
P00107,S010-handoff,1391.0652881082358,1400.6527381736796,中继,RU-001,123.64784784212937,122.0
P00020,leg2-cruise,1392.3730601602097,1397.003313686435,中继,RU-001,126.72140002930016,122.0
P00005,S002-handoff,1394.1202130864801,1403.7181631547433,中继,RU-001,127.4805746284193,122.0
P00024,leg2-cruise,1395.292187774889,1400.1668878599064,中继,RU-001,122.72469557262055,122.0
P00001,leg2-cruise,1395.6064712251984,1400.4362736744574,直连,,102.76755661751339,122.0
P00020,leg2-cruise,1397.003313686435,1401.63356721266,中继,RU-001,126.63247850731996,122.0
P00071,leg2-cruise,1399.773278372343,1409.653881704899,直连,,103.79788260186315,122.0
P00089,leg2-cruise,1399.773278372343,1409.653881704899,直连,,102.12911200874876,122.0
P00024,leg2-cruise,1400.1668878599064,1405.0415879449238,中继,RU-001,122.57655938655368,122.0
P00001,leg2-cruise,1400.4362736744574,1405.2660761237164,直连,,102.2966314505938,122.0
P00107,S010-handoff,1400.6527381736796,1410.2401882391234,中继,RU-001,123.64784784212937,122.0
P00020,leg2-cruise,1401.63356721266,1406.2638207388852,中继,RU-001,126.54263852236963,122.0
P00005,S002-handoff,1403.7181631547433,1413.3161132230061,中继,RU-001,127.4805746284193,122.0
P00024,leg2-cruise,1405.0415879449238,1409.9162880299414,中继,RU-001,122.42588211357567,122.0
P00001,leg2-cruise,1405.2660761237164,1410.0958785729754,直连,,101.79897354671023,122.0
P00020,leg2-cruise,1406.2638207388852,1410.8940742651105,中继,RU-001,126.45186093525209,122.0
P00071,leg2-cruise,1409.653881704899,1419.5344850374552,直连,,103.11527499797143,122.0
P00089,leg2-cruise,1409.653881704899,1419.5344850374552,直连,,101.29715896530979,122.0
P00024,leg2-cruise,1409.9162880299414,1414.790988114959,中继,RU-001,122.27257613029585,122.0
P00001,leg2-cruise,1410.0958785729754,1414.9256810222344,直连,,101.27140171779944,122.0
P00107,S010-handoff,1410.2401882391234,1419.8276383045675,中继,RU-001,123.64784784212937,122.0
P00020,leg2-cruise,1410.8940742651105,1415.5243277913355,中继,RU-001,126.36012600322556,122.0
P00005,S002-handoff,1413.3161132230061,1422.9140632912693,中继,RU-001,127.4805746284193,122.0
P00024,leg2-cruise,1414.790988114959,1419.6656881999763,中继,RU-001,122.11654926314404,122.0
P00001,leg2-cruise,1414.9256810222344,1419.7554834714933,直连,,100.71013922864468,122.0
P00020,leg2-cruise,1415.5243277913355,1420.1545813175608,中继,RU-001,126.26741335440204,122.0
P00071,leg2-cruise,1419.5344850374552,1429.4150883700113,直连,,102.37712050035323,122.0
P00089,leg2-cruise,1419.5344850374552,1429.4150883700113,直连,,100.38188454780642,122.0
P00024,leg2-cruise,1419.6656881999763,1424.5403882849937,中继,RU-001,121.95770447261006,122.0
P00001,leg2-cruise,1419.7554834714933,1424.5852859207523,直连,,100.11065794250385,122.0
P00107,S010-handoff,1419.8276383045675,1429.4150883700113,中继,RU-001,123.64784784212937,122.0
P00020,leg2-cruise,1420.1545813175608,1429.4150883700113,中继,RU-001,126.12646497702998,122.0
P00005,leg2-climb,1422.9140632912693,1429.4150883700113,中继,RU-001,127.48067147786907,122.0
P00024,leg2-cruise,1424.5403882849937,1429.4150883700113,直连,,121.7959395101008,122.0
P00001,leg2-cruise,1424.5852859207523,1434.35953405958,直连,,99.46746913208035,122.0
P00005,leg2-climb,1429.4150883700113,1439.1753138971494,中继,RU-001,127.48095914728734,122.0
P00020,leg2-cruise,1429.4150883700113,1434.1967315651955,中继,RU-001,125.98162086816207,122.0
P00024,leg2-cruise,1429.4150883700113,1434.1967315651955,直连,,121.63273413932538,122.0
P00071,leg2-cruise,1429.4150883700113,1438.620894423434,直连,,101.60280129375604,122.0
P00089,leg2-cruise,1429.4150883700113,1439.2921746526104,直连,,99.36642567557763,122.0
P00107,S010-handoff,1429.4150883700113,1438.4621506245967,中继,RU-001,123.64784784212937,122.0
P00020,leg2-cruise,1434.1967315651955,1438.9783747603797,中继,RU-001,125.88157731454127,122.0
P00024,leg2-cruise,1434.1967315651955,1438.9783747603797,直连,,121.46806528754178,122.0
P00001,leg2-cruise,1434.35953405958,1439.3039797491488,直连,,97.99338906344029,122.0
P00107,S010-handoff,1438.4621506245967,1447.509212879182,中继,RU-001,123.64784784212937,122.0
P00071,leg2-cruise,1438.620894423434,1447.8267004768568,直连,,100.78899854366402,122.0
P00020,leg2-cruise,1438.9783747603797,1443.7600179555639,中继,RU-001,125.7803700279807,122.0
P00024,leg2-cruise,1438.9783747603797,1443.7600179555639,直连,,121.30026113954992,122.0
P00005,leg2-climb,1439.1753138971494,1448.9355394242873,中继,RU-001,127.4813901606363,122.0
P00089,leg2-cruise,1439.2921746526104,1449.1692609352096,直连,,98.22882116037655,122.0
P00001,leg2-cruise,1439.3039797491488,1444.2484254387173,直连,,97.1483184283791,122.0
P00020,leg2-cruise,1443.7600179555639,1448.5416611507483,中继,RU-001,125.67797167061255,122.0
P00024,leg2-cruise,1443.7600179555639,1448.5416611507483,直连,,121.1292019299924,122.0
P00001,leg2-cruise,1444.2484254387173,1449.192871128286,直连,,96.21529921799835,122.0
P00107,S010-handoff,1447.509212879182,1456.5562751337677,中继,RU-001,123.64784784212937,122.0
P00071,leg2-cruise,1447.8267004768568,1457.0325065302795,直连,,99.89800070768742,122.0
P00020,leg2-cruise,1448.5416611507483,1453.3233043459325,中继,RU-001,125.57435393173698,122.0
P00024,leg2-cruise,1448.5416611507483,1453.3233043459325,直连,,120.95476102316118,122.0
P00005,leg2-climb,1448.9355394242873,1458.6957649514254,中继,RU-001,127.48191463941983,122.0
P00089,leg2-cruise,1449.1692609352096,1459.0463472178087,直连,,96.9406095421524,122.0
P00001,leg2-cruise,1449.192871128286,1454.1373168178548,直连,,95.17488283957992,122.0
P00020,leg2-cruise,1453.3233043459325,1458.1049475411166,中继,RU-001,125.46948748119797,122.0
P00024,leg2-cruise,1453.3233043459325,1458.1049475411166,直连,,120.77680438850231,122.0
P00001,leg2-cruise,1454.1373168178548,1459.0817625074235,直连,,94.00092951655196,122.0
P00107,S010-handoff,1456.5562751337677,1465.603337388353,中继,RU-001,123.64784784212937,122.0
P00071,leg2-cruise,1457.0325065302795,1466.2383125837023,直连,,98.91574627842081,122.0
P00020,leg2-cruise,1458.1049475411166,1462.8865907363008,中继,RU-001,125.36334191995437,122.0
P00024,leg2-cruise,1458.1049475411166,1462.8865907363008,直连,,120.59519002638552,122.0
P00005,leg2-cruise,1458.6957649514254,1463.4505528097775,中继,RU-001,127.44047375098977,122.0
P00089,leg2-cruise,1459.0463472178087,1468.923433500408,直连,,95.46689447279546,122.0
P00001,leg2-cruise,1459.0817625074235,1464.0262081969922,直连,,92.6576810590466,122.0
P00020,leg2-cruise,1462.8865907363008,1467.668233931485,中继,RU-001,125.25588572761406,122.0
P00024,leg2-cruise,1462.8865907363008,1467.668233931485,直连,,120.4097673386174,122.0
P00005,leg2-cruise,1463.4505528097775,1468.2053406681293,中继,RU-001,127.35639111437477,122.0
P00001,leg2-cruise,1464.0262081969922,1468.970653886561,直连,,91.09590436095509,122.0
P00107,leg3-climb,1465.603337388353,1474.9407302377456,中继,RU-001,123.64896933281241,122.0
P00071,leg2-cruise,1466.2383125837023,1475.444118637125,直连,,97.82516012607812,122.0
P00020,leg2-cruise,1467.668233931485,1472.4498771266692,中继,RU-001,125.1470862067157,122.0
P00024,leg2-cruise,1467.668233931485,1472.4498771266692,直连,,110.22037643734457,122.0
P00005,leg2-cruise,1468.2053406681293,1477.7149163848335,中继,RU-001,127.22872167631454,122.0
P00089,leg2-cruise,1468.923433500408,1478.800519783007,直连,,93.77141568811633,122.0
P00001,leg2-cruise,1468.970653886561,1473.9150995761297,直连,,89.2502237255904,122.0
P00020,leg2-cruise,1472.4498771266692,1477.2315203218534,中继,RU-001,125.03690942352016,122.0
P00024,leg2-cruise,1472.4498771266692,1477.2315203218534,直连,,110.02684738531202,122.0
P00001,leg2-cruise,1473.9150995761297,1478.8595452656982,直连,,87.05213959618455,122.0
P00107,leg3-climb,1474.9407302377456,1484.2781230871378,中继,RU-001,123.65143473071883,122.0
P00071,leg2-cruise,1475.444118637125,1484.6499246905478,直连,,96.60646559069457,122.0
P00020,leg2-cruise,1477.2315203218534,1482.0131635170378,中继,RU-001,124.9253201450403,122.0
P00024,leg2-cruise,1477.2315203218534,1482.0131635170378,直连,,109.82899935944815,122.0
P00005,leg2-cruise,1477.7149163848335,1482.4697042431853,中继,RU-001,127.09914850008454,122.0
P00089,leg2-cruise,1478.800519783007,1488.6776060656061,直连,,91.84555747321528,122.0
P00001,leg2-cruise,1478.8595452656982,1488.7484366448357,直连,,83.32068542910591,122.0
P00020,leg2-cruise,1482.0131635170378,1486.794806712222,中继,RU-001,124.8122817720142,122.0
P00024,leg2-cruise,1482.0131635170378,1486.794806712222,直连,,109.62663972873275,122.0
P00005,leg2-cruise,1482.4697042431853,1487.2244921015374,中继,RU-001,127.01168041151777,122.0
P00107,leg3-climb,1484.2781230871378,1493.6155159365303,中继,RU-001,123.65419625647414,122.0
P00071,leg2-cruise,1484.6499246905478,1493.8557307439705,直连,,95.23997007052903,122.0
P00020,leg2-cruise,1486.794806712222,1491.5764499074062,中继,RU-001,124.69775626751148,122.0
P00024,leg2-cruise,1486.794806712222,1491.5764499074062,直连,,109.41956303611681,122.0
P00005,leg2-cruise,1487.2244921015374,1491.9792799598895,中继,RU-001,126.92332295391829,122.0
P00089,leg2-cruise,1488.6776060656061,1493.616149206906,直连,,90.31836097090813,122.0
P00001,leg2-descent,1488.7484366448357,1497.8332247765495,直连,,81.3637143922226,122.0
P00020,leg2-cruise,1491.5764499074062,1496.3580931025904,中继,RU-001,124.58170408083832,122.0
P00024,leg2-cruise,1491.5764499074062,1496.3580931025904,直连,,109.20754987289263,122.0
P00005,leg2-cruise,1491.9792799598895,1496.7340678182413,中继,RU-001,126.83405786574289,122.0
P00107,leg3-cruise,1493.6155159365303,1503.5705990649074,中继,RU-001,123.54683433800565,122.0
P00089,leg2-cruise,1493.616149206906,1498.5546923482054,直连,,89.35841702581061,122.0
P00071,leg2-cruise,1493.8557307439705,1503.0615367973933,直连,,93.71679724796502,122.0
P00020,leg2-cruise,1496.3580931025904,1501.1397362977746,中继,RU-001,124.46408406633603,122.0
P00024,leg2-cruise,1496.3580931025904,1501.1397362977746,直连,,108.99036563247631,122.0
P00005,leg2-cruise,1496.7340678182413,1501.4888556765934,中继,RU-001,126.74386631747264,122.0
P00001,leg2-descent,1497.8332247765495,1506.9180129082633,直连,,79.88780381756774,122.0
P00089,leg2-cruise,1498.5546923482054,1508.4317786308045,直连,,88.29910049044769,122.0
P00020,leg2-cruise,1501.1397362977746,1505.9213794929587,中继,RU-001,124.34485339669138,122.0
P00024,leg2-cruise,1501.1397362977746,1505.9213794929587,直连,,108.76775912870372,122.0
P00005,leg2-cruise,1501.4888556765934,1506.2436435349455,中继,RU-001,126.65272888782516,122.0
P00071,leg2-cruise,1503.0615367973933,1512.267342850816,直连,,92.0732478175214,122.0
P00107,leg3-cruise,1503.5705990649074,1508.548140629096,中继,RU-001,123.38096232626489,122.0
P00020,leg2-cruise,1505.9213794929587,1510.703022688143,中继,RU-001,124.22396747028084,122.0
P00024,leg2-cruise,1505.9213794929587,1510.703022688143,直连,,108.53946106196096,122.0
P00005,leg2-cruise,1506.2436435349455,1510.9984313932973,中继,RU-001,126.56062553871364,122.0
P00001,leg2-descent,1506.9180129082633,1516.0028010399774,直连,,78.10871117433717,122.0
P00089,leg2-descent,1508.4317786308045,1517.5766651648653,直连,,87.66028493198776,122.0
P00107,leg3-cruise,1508.548140629096,1513.5256821932844,中继,RU-001,123.26860149900536,122.0
P00020,leg2-cruise,1510.703022688143,1515.4846658833274,中继,RU-001,124.10137981207322,122.0
P00024,leg2-cruise,1510.703022688143,1515.4846658833274,直连,,108.30518231423085,122.0
P00005,leg2-cruise,1510.9984313932973,1515.7532192516494,中继,RU-001,126.4675355888595,122.0
P00071,leg2-cruise,1512.267342850816,1521.4731489042388,直连,,90.48263435568413,122.0
P00107,leg3-cruise,1513.5256821932844,1523.4807653216615,中继,RU-001,123.09729807677603,122.0
P00020,leg2-cruise,1515.4846658833274,1520.2663090785115,中继,RU-001,123.97704196752731,122.0
P00024,leg2-cruise,1515.4846658833274,1520.2663090785115,直连,,108.06461205180048,122.0
P00005,leg2-cruise,1515.7532192516494,1525.2627949683535,中继,RU-001,126.32600388891842,122.0
P00001,leg2-descent,1516.0028010399774,1525.0875891716912,直连,,75.86880559364914,122.0
P00089,leg2-descent,1517.5766651648653,1526.721551698926,直连,,86.79096132124509,122.0
P00020,leg2-cruise,1520.2663090785115,1525.0479522736957,中继,RU-001,123.85090338890464,122.0
P00024,leg2-cruise,1520.2663090785115,1525.0479522736957,直连,,107.81741561178669,122.0
P00071,leg2-cruise,1521.4731489042388,1530.6789549576615,直连,,89.39711632919662,122.0
P00107,leg3-cruise,1523.4807653216615,1528.4583068858499,中继,RU-001,122.92256239491209,122.0
P00020,leg2-cruise,1525.0479522736957,1529.82959546888,中继,RU-001,123.72291131331913,122.0
P00024,leg2-cruise,1525.0479522736957,1529.82959546888,直连,,107.56323214585372,122.0
P00001,leg2-descent,1525.0875891716912,1534.172377303405,直连,,72.84266297999261,122.0
P00005,leg2-cruise,1525.2627949683535,1530.0175828267056,中继,RU-001,126.18212907949766,122.0
P00089,leg2-descent,1526.721551698926,1535.866438232987,直连,,85.82485570400135,122.0
P00107,leg3-cruise,1528.4583068858499,1533.4358484500383,中继,RU-001,122.8040964778351,122.0
P00020,leg2-cruise,1529.82959546888,1534.611238664064,中继,RU-001,123.5930106318073,122.0
P00024,leg2-cruise,1529.82959546888,1534.611238664064,直连,,107.30167199175413,122.0
P00005,leg2-cruise,1530.0175828267056,1534.7723706850575,中继,RU-001,126.08487204419563,122.0
P00071,leg2-descent,1530.6789549576615,1538.8344906770385,直连,,88.92705963179512,122.0
P00107,leg3-cruise,1533.4358484500383,1543.3909315784153,中继,RU-001,122.62332560868741,122.0
P00001,leg2-descent,1534.172377303405,1543.257165435119,直连,,68.15908215798814,122.0
P00020,leg2-cruise,1534.611238664064,1539.3928818592483,中继,RU-001,123.46114374861156,122.0
P00024,leg2-cruise,1534.611238664064,1539.3928818592483,直连,,107.03231374036385,122.0
P00005,leg2-cruise,1534.7723706850575,1539.5271585434093,中继,RU-001,125.98651432530554,122.0
P00089,leg2-descent,1535.866438232987,1545.0113247670479,直连,,84.73768722490563,122.0
P00071,leg2-descent,1538.8344906770385,1546.9900263964155,直连,,88.26481887793638,122.0
P00020,leg2-cruise,1539.3928818592483,1544.1745250544325,中继,RU-001,123.32725042979663,122.0
P00024,leg2-cruise,1539.3928818592483,1544.1745250544325,直连,,106.75470096357834,122.0
P00005,leg2-cruise,1539.5271585434093,1544.2819464017614,中继,RU-001,125.88703074160408,122.0
P00001,leg2-descent,1543.257165435119,1552.341953566833,直连,,57.266212172393985,122.0
P00107,leg3-cruise,1543.3909315784153,1553.3460147067924,中继,RU-001,122.37632045660021,122.0
P00020,leg2-cruise,1544.1745250544325,1548.956168249617,中继,RU-001,123.19126764019589,122.0
P00024,leg2-cruise,1544.1745250544325,1548.956168249617,直连,,106.46833856657224,122.0
P00005,leg2-cruise,1544.2819464017614,1549.0367342601135,中继,RU-001,125.78639523832489,122.0
P00089,leg2-descent,1545.0113247670479,1554.1562113011087,直连,,83.49470917027722,122.0
P00071,leg2-descent,1546.9900263964155,1555.1455621157925,直连,,87.54788831135396,122.0
P00020,leg2-cruise,1548.956168249617,1553.737811444801,中继,RU-001,123.05312936763508,122.0
P00024,leg2-cruise,1548.956168249617,1553.737811444801,直连,,106.17268872759908,122.0
P00005,leg2-cruise,1549.0367342601135,1553.7915221184655,中继,RU-001,125.68458084631204,122.0
P00001,leg2-descent,1552.341953566833,1561.4267416985467,直连,,60.81486823309124,122.0
P00053,leg1-climb,1553.0,1558.1505489175847,直连,,61.834072202782835,122.0
P00107,leg3-cruise,1553.3460147067924,1563.3010978351695,中继,RU-001,122.1221208378941,122.0
P00020,leg2-cruise,1553.737811444801,1558.5194546399853,中继,RU-001,122.91276643317875,122.0
P00024,leg2-cruise,1553.737811444801,1558.5194546399853,直连,,105.86716639059131,122.0
P00005,leg2-cruise,1553.7915221184655,1558.5463099768176,中继,RU-001,125.58155963875568,122.0
P00089,leg2-descent,1554.1562113011087,1563.3010978351695,直连,,82.0436686640702,122.0
P00071,leg2-descent,1555.1455621157925,1563.3010978351695,直连,,86.76641528283186,122.0
P00053,leg1-climb,1558.1505489175847,1563.3010978351695,直连,,50.09585436453166,122.0
P00020,leg2-cruise,1558.5194546399853,1563.3010978351695,中继,RU-001,122.7701062860913,122.0
P00024,leg2-cruise,1558.5194546399853,1563.3010978351695,直连,,105.55113428200069,122.0
P00005,leg2-cruise,1558.5463099768176,1572.8945378606475,中继,RU-001,125.4773026853432,122.0
P00020,leg2-cruise,1563.3010978351695,1568.0978178479086,中继,RU-001,122.62484221678902,122.0
P00024,leg2-cruise,1563.3010978351695,1568.0978178479086,直连,,105.22337230041612,122.0
P00053,leg1-climb,1563.3010978351695,1572.8945378606475,直连,,68.11438746507756,122.0
P00071,leg2-descent,1563.3010978351695,1572.8945378606475,直连,,85.82767545549416,122.0
P00089,leg2-descent,1563.3010978351695,1572.8945378606475,直连,,80.25315750459141,122.0
P00107,leg3-cruise,1563.3010978351695,1568.0978178479086,直连,,121.92888820423622,122.0
P00020,leg2-cruise,1568.0978178479086,1572.8945378606475,中继,RU-001,122.47688242894489,122.0
P00024,leg2-cruise,1568.0978178479086,1572.8945378606475,直连,,104.88306324918862,122.0
P00107,leg3-cruise,1568.0978178479086,1572.8945378606475,直连,,121.80089034448999,122.0
P00005,leg2-cruise,1572.8945378606475,1577.6912578733863,中继,RU-001,125.15441233910595,122.0
P00020,leg2-cruise,1572.8945378606475,1577.6912578733863,中继,RU-001,122.32636879368667,122.0
P00024,leg2-cruise,1572.8945378606475,1577.6912578733863,直连,,104.52987723382547,122.0
P00053,leg1-climb,1572.8945378606475,1582.4879778861255,直连,,74.71395840485513,122.0
P00071,leg2-descent,1572.8945378606475,1582.4879778861255,直连,,84.68391118101918,122.0
P00089,leg2-descent,1572.8945378606475,1582.4879778861255,直连,,77.93313395366576,122.0
P00107,leg3-cruise,1572.8945378606475,1582.4879778861255,直连,,121.60530627661707,122.0
P00005,leg2-cruise,1577.6912578733863,1582.4879778861255,中继,RU-001,125.04389863048011,122.0
P00020,leg2-cruise,1577.6912578733863,1582.4879778861255,中继,RU-001,122.17321199201879,122.0
P00024,leg2-cruise,1577.6912578733863,1582.4879778861255,直连,,104.16289974661922,122.0
P00005,leg2-cruise,1582.4879778861255,1592.0814179116035,中继,RU-001,124.87544816393289,122.0
P00020,leg2-cruise,1582.4879778861255,1587.2846978988646,中继,RU-001,122.01731795744413,122.0
P00024,leg2-cruise,1582.4879778861255,1587.2846978988646,直连,,103.78113163201196,122.0
P00053,leg1-climb,1582.4879778861255,1592.0814179116035,直连,,78.4205042567308,122.0
P00071,leg2-descent,1582.4879778861255,1592.0814179116035,直连,,83.3663621036695,122.0
P00089,leg2-descent,1582.4879778861255,1592.0814179116035,直连,,74.75813998025524,122.0
P00107,leg3-cruise,1582.4879778861255,1592.0814179116035,直连,,121.3375244213964,122.0
P00020,leg2-cruise,1587.2846978988646,1592.0814179116035,直连,,121.85858753511755,122.0
P00024,leg2-cruise,1587.2846978988646,1592.0814179116035,直连,,103.3834825283525,122.0
P00005,leg2-cruise,1592.0814179116035,1596.83338425827,中继,RU-001,124.70420840266789,122.0
P00020,leg2-cruise,1592.0814179116035,1596.83338425827,直连,,121.69767730787818,122.0
P00024,leg2-cruise,1592.0814179116035,1596.6223216555693,直连,,102.98005637853535,122.0
P00053,leg1-climb,1592.0814179116035,1600.1583236196473,直连,,80.83136407215278,122.0
P00071,leg2-descent,1592.0814179116035,1600.9060109550135,直连,,81.88050247412593,122.0
P00089,leg2-descent,1592.0814179116035,1600.3957813153997,直连,,70.14765685732937,122.0
P00107,leg3-cruise,1592.0814179116035,1596.83338425827,直连,,121.13181152521172,122.0
P00024,leg2-cruise,1596.6223216555693,1601.1632253995351,直连,,102.57104521694097,122.0
P00005,leg2-cruise,1596.83338425827,1601.5853506049364,中继,RU-001,124.58887442398272,122.0
P00020,leg2-cruise,1596.83338425827,1601.5853506049364,直连,,121.53452009145406,122.0
P00107,leg3-cruise,1596.83338425827,1601.5853506049364,直连,,120.99280986480322,122.0
P00053,leg1-climb,1600.1583236196473,1608.2352293276913,直连,,82.56972524985143,122.0
P00089,leg2-descent,1600.3957813153997,1608.7101447191958,直连,,61.022177326817314,122.0
P00071,leg2-descent,1600.9060109550135,1609.7306039984237,直连,,80.16968464026004,122.0
P00024,leg2-cruise,1601.1632253995351,1605.704129143501,直连,,102.14444576127534,122.0
P00005,leg2-cruise,1601.5853506049364,1606.337316951603,中继,RU-001,124.47198973835698,122.0
P00020,leg2-cruise,1601.5853506049364,1606.337316951603,直连,,121.368255102278,122.0
P00107,leg3-cruise,1601.5853506049364,1611.0892832982695,直连,,120.7800745685135,122.0
P00024,leg2-cruise,1605.704129143501,1610.2450328874668,直连,,101.69901276816199,122.0
P00005,leg2-cruise,1606.337316951603,1611.0892832982695,中继,RU-001,124.35351211867486,122.0
P00020,leg2-cruise,1606.337316951603,1611.0892832982695,直连,,121.19876230606458,122.0
P00053,leg1-climb,1608.2352293276913,1616.312135035735,直连,,84.01752321333791,122.0
P00089,leg2-descent,1608.7101447191958,1617.024508122992,直连,,59.706022007408166,122.0
P00071,leg2-descent,1609.7306039984237,1618.5551970418337,直连,,78.03713301291758,122.0
P00024,leg2-cruise,1610.2450328874668,1614.7859366314326,直连,,101.23344185327578,122.0
P00005,leg2-cruise,1611.0892832982695,1620.5932159916024,中继,RU-001,124.17271224301341,122.0
P00020,leg2-cruise,1611.0892832982695,1615.841249644936,直连,,121.02591461815217,122.0
P00107,leg3-cruise,1611.0892832982695,1620.5932159916024,直连,,120.48813244099993,122.0
P00024,leg2-cruise,1614.7859366314326,1619.3268403753984,直连,,100.7463980372173,122.0
P00020,leg2-cruise,1615.841249644936,1620.5932159916024,直连,,120.84957734385084,122.0
P00053,leg1-climb,1616.312135035735,1624.389040743779,直连,,85.2581226466374,122.0
P00071,leg2-descent,1618.5551970418337,1627.3797900852437,直连,,75.20445159176745,122.0
P00024,leg2-cruise,1619.3268403753984,1628.40864786333,直连,,99.97272051168504,122.0
P00005,leg2-cruise,1620.5932159916024,1625.3451823382688,中继,RU-001,123.98807258761468,122.0
P00020,leg2-cruise,1620.5932159916024,1625.3451823382688,直连,,120.66960756248506,122.0
P00107,leg3-cruise,1620.5932159916024,1630.0971486849353,直连,,120.18611447083134,122.0
P00053,leg1-climb,1624.389040743779,1632.465946451823,直连,,86.34347174775901,122.0
P00005,leg2-cruise,1625.3451823382688,1630.0971486849353,中继,RU-001,123.86276451576387,122.0
P00020,leg2-cruise,1625.3451823382688,1630.0971486849353,直连,,110.48585344833137,122.0
P00071,leg2-descent,1627.3797900852437,1636.2043831286537,直连,,70.97364728871045,122.0
P00024,leg2-cruise,1628.40864786333,1632.949551607296,直连,,99.14395729100659,122.0
P00005,leg2-cruise,1630.0971486849353,1634.8491150316017,中继,RU-001,123.73562411090293,122.0
P00020,leg2-cruise,1630.0971486849353,1634.8491150316017,直连,,110.29815352051473,122.0
P00107,leg3-cruise,1630.0971486849353,1639.6010813782682,直连,,119.8733064384956,122.0
P00053,leg1-cruise,1632.465946451823,1641.631479464172,直连,,87.10617573697245,122.0
P00024,leg2-cruise,1632.949551607296,1637.4904553512617,直连,,98.55973778586329,122.0
P00005,leg2-cruise,1634.8491150316017,1639.6010813782682,中继,RU-001,123.60659705277446,122.0
P00020,leg2-cruise,1634.8491150316017,1639.6010813782682,直连,,110.1063358128836,122.0
P00071,leg2-descent,1636.2043831286537,1645.028976172064,直连,,62.39449332065825,122.0
P00024,leg2-cruise,1637.4904553512617,1642.0313590952276,直连,,97.95043890789506,122.0
P00005,leg2-cruise,1639.6010813782682,1644.3530477249346,中继,RU-001,123.47562657209363,122.0
P00020,leg2-cruise,1639.6010813782682,1644.3530477249346,直连,,109.91021695345273,122.0
P00107,leg3-cruise,1639.6010813782682,1644.3530477249346,直连,,119.63114612657624,122.0
P00053,leg1-cruise,1641.631479464172,1650.7970124765209,直连,,88.7999550390333,122.0
P00024,leg2-cruise,1642.0313590952276,1646.5722628391934,直连,,97.31782214351685,122.0
P00005,leg2-cruise,1644.3530477249346,1649.1050140716013,中继,RU-001,123.34265330127153,122.0
P00020,leg2-cruise,1644.3530477249346,1649.1050140716013,直连,,109.70960114149587,122.0
P00107,leg3-cruise,1644.3530477249346,1649.1050140716013,直连,,119.46590766003759,122.0
P00071,leg2-descent,1645.028976172064,1653.853569215474,直连,,59.109355840811816,122.0
P00024,leg2-cruise,1646.5722628391934,1651.1131665831592,直连,,96.66590744362243,122.0
P00005,leg2-cruise,1649.1050140716013,1653.8569804182678,中继,RU-001,123.20761511358656,122.0
P00020,leg2-cruise,1649.1050140716013,1653.8569804182678,直连,,109.50427900837673,122.0
P00107,leg3-cruise,1649.1050140716013,1658.6089467649342,直连,,119.21206175701559,122.0
P00053,leg1-cruise,1650.7970124765209,1659.9625454888699,直连,,90.96397906995209,122.0
P00024,leg2-cruise,1651.1131665831592,1655.654070327125,直连,,96.00221953816317,122.0
P00005,leg2-cruise,1653.8569804182678,1658.6089467649342,中继,RU-001,123.07044694974695,122.0
P00020,leg2-cruise,1653.8569804182678,1658.6089467649342,直连,,109.29402634616294,122.0
P00024,leg2-cruise,1655.654070327125,1660.1949740710909,直连,,95.33948558477033,122.0
P00005,leg2-cruise,1658.6089467649342,1663.3609131116007,中继,RU-001,122.93108063061504,122.0
P00020,leg2-cruise,1658.6089467649342,1663.3609131116007,直连,,109.07860268531411,122.0
P00107,leg3-cruise,1658.6089467649342,1668.1128794582671,直连,,118.8617579299826,122.0
P00053,leg1-cruise,1659.9625454888699,1669.128078501219,直连,,92.9742408406158,122.0
P00024,leg2-cruise,1660.1949740710909,1664.7358778150567,直连,,94.69766814323292,122.0
P00005,leg2-cruise,1663.3609131116007,1668.1128794582671,中继,RU-001,122.78944465477143,122.0
P00020,leg2-cruise,1663.3609131116007,1668.1128794582671,直连,,108.85774969972016,122.0
P00024,leg2-cruise,1664.7358778150567,1669.2767815590225,直连,,94.10577120988123,122.0
P00005,leg2-cruise,1668.1128794582671,1672.8648458049336,中继,RU-001,122.64546397940227,122.0
P00020,leg2-cruise,1668.1128794582671,1672.8648458049336,直连,,108.63118941362238,122.0
P00107,leg3-cruise,1668.1128794582671,1677.6168121516,直连,,118.49689916246612,122.0
P00053,leg1-cruise,1669.128078501219,1678.293611513568,直连,,94.71787034570416,122.0
P00024,leg2-cruise,1669.2767815590225,1673.8176853029884,直连,,93.60206170101722,122.0
P00005,leg2-cruise,1672.8648458049336,1677.6168121516,中继,RU-001,122.49905978285823,122.0
P00020,leg2-cruise,1672.8648458049336,1677.6168121516,直连,,108.39862218060874,122.0
P00024,leg2-cruise,1673.8176853029884,1682.89949279092,直连,,93.10763288942302,122.0
P00005,leg2-cruise,1677.6168121516,1687.1207448449331,中继,RU-001,122.27472696151767,122.0
P00020,leg2-cruise,1677.6168121516,1682.3687784982667,直连,,108.15972439943921,122.0
P00107,leg3-cruise,1677.6168121516,1687.1207448449331,直连,,118.11623973197545,122.0
P00053,leg1-cruise,1678.293611513568,1687.459144525917,直连,,96.22034874267352,122.0
P00020,leg2-cruise,1682.3687784982667,1687.1207448449331,直连,,107.91414592527642,122.0
P00024,leg2-descent,1682.89949279092,1689.762085164593,直连,,92.8373609462835,122.0
P00005,leg2-cruise,1687.1207448449331,1691.8727111915996,中继,RU-001,122.04445559784935,122.0
P00020,leg2-cruise,1687.1207448449331,1691.8727111915996,直连,,107.66150712700971,122.0
P00107,leg3-cruise,1687.1207448449331,1691.8727111915996,直连,,117.8195345775535,122.0
P00053,leg1-cruise,1687.459144525917,1696.624677538266,直连,,97.52674096273479,122.0
P00024,leg2-descent,1689.762085164593,1696.624677538266,直连,,92.48839696341574,122.0
P00005,leg2-cruise,1691.8727111915996,1696.624677538266,直连,,121.88748402023013,122.0
P00020,leg2-cruise,1691.8727111915996,1696.624677538266,直连,,107.40139553217253,122.0
P00107,leg3-cruise,1691.8727111915996,1696.624677538266,直连,,117.61602923346278,122.0
P00005,leg2-cruise,1696.624677538266,1701.5815298838252,直连,,121.72414955927545,122.0
P00020,leg2-cruise,1696.624677538266,1701.3726876996607,直连,,107.1334752779728,122.0
P00024,leg2-descent,1696.624677538266,1706.178775889976,直连,,92.05170738136069,122.0
P00053,leg1-cruise,1696.624677538266,1706.1926479161175,直连,,98.7001707237373,122.0
P00107,leg3-cruise,1696.624677538266,1706.3843857149334,直连,,117.29593983513423,122.0
P00020,leg2-cruise,1701.3726876996607,1706.1206978610555,直连,,106.85726695600195,122.0
P00005,leg2-cruise,1701.5815298838252,1706.5383822293843,直连,,121.55414291044859,122.0
P00020,leg2-cruise,1706.1206978610555,1710.8687080224504,直连,,106.57212566737437,122.0
P00024,leg2-descent,1706.178775889976,1715.732874241686,直连,,91.51413123810273,122.0
P00053,leg1-cruise,1706.1926479161175,1715.760618293969,直连,,99.76373213086251,122.0
P00107,leg3-cruise,1706.3843857149334,1716.1440938916005,直连,,116.84622831153375,122.0
P00005,leg2-cruise,1706.5383822293843,1711.4952345749434,直连,,121.38074849482098,122.0
P00020,leg2-cruise,1710.8687080224504,1715.616718183845,直连,,106.27746457627927,122.0
P00005,leg2-cruise,1711.4952345749434,1716.4520869205028,直连,,121.20382881843098,122.0
P00020,leg2-cruise,1715.616718183845,1720.3647283452399,直连,,105.97263825256466,122.0
P00024,leg2-descent,1715.732874241686,1725.2869725933958,直连,,90.941076225664,122.0
P00053,leg1-cruise,1715.760618293969,1725.3285886718206,直连,,100.71682644589144,122.0
P00107,leg3-cruise,1716.1440938916005,1725.9038020682679,直连,,116.37241297185751,122.0
P00005,leg2-cruise,1716.4520869205028,1721.408939266062,直连,,121.02323786097466,122.0
P00020,leg2-cruise,1720.3647283452399,1725.1127385066347,直连,,105.65693479907377,122.0
P00005,leg2-cruise,1721.408939266062,1726.365791611621,直连,,120.83882035748952,122.0
P00020,leg2-cruise,1725.1127385066347,1729.8607486680294,直连,,105.32956665375424,122.0
P00024,leg2-descent,1725.2869725933958,1734.841070945106,直连,,90.32752628996559,122.0
P00053,leg1-cruise,1725.3285886718206,1730.1125738607464,直连,,101.37127367651544,122.0
P00107,leg3-cruise,1725.9038020682679,1735.663510244935,直连,,115.87182320235559,122.0
P00005,leg2-cruise,1726.365791611621,1731.3226439571804,直连,,120.65041100294316,122.0
P00020,leg2-cruise,1729.8607486680294,1734.6087588294242,直连,,104.98965980146755,122.0
P00053,leg1-cruise,1730.1125738607464,1734.896559049672,直连,,101.78260245425099,122.0
P00005,leg2-cruise,1731.3226439571804,1736.2794963027395,直连,,120.45783356960882,122.0
P00020,leg2-cruise,1734.6087588294242,1739.356768990819,直连,,104.6362410709574,122.0
P00024,leg2-descent,1734.841070945106,1744.3951692968158,直连,,89.66732014209498,122.0
P00053,leg1-cruise,1734.896559049672,1744.4645294275235,直连,,102.36628840900093,122.0
P00107,leg3-cruise,1735.663510244935,1745.4232184216023,直连,,105.34133131497339,122.0
P00005,leg2-cruise,1736.2794963027395,1741.2363486482986,直连,,120.26089992552389,122.0
P00020,leg2-cruise,1739.356768990819,1744.1047791522137,直连,,104.26822311844224,122.0
P00005,leg2-cruise,1741.2363486482986,1746.1932009938578,直连,,120.05940894044411,122.0
P00020,leg2-cruise,1744.1047791522137,1748.8527893136086,直连,,103.88438660912922,122.0
P00024,leg2-descent,1744.3951692968158,1753.9492676485256,直连,,88.95277369718599,122.0
P00053,leg1-cruise,1744.4645294275235,1754.032499805375,直连,,103.08961384503694,122.0
P00107,leg3-cruise,1745.4232184216023,1755.1829265982697,直连,,104.77724596281443,122.0
P00005,leg2-cruise,1746.1932009938578,1751.150053339417,直连,,119.8531452635254,122.0
P00020,leg2-cruise,1748.8527893136086,1753.6007994750034,直连,,103.4833589980357,122.0
P00005,leg2-cruise,1751.150053339417,1756.1069056849763,直连,,119.64187795430895,122.0
P00020,leg2-cruise,1753.6007994750034,1758.348809636398,直连,,103.0635891810395,122.0
P00024,leg2-descent,1753.9492676485256,1763.5033660002357,直连,,88.17413283129302,122.0
P00053,leg1-cruise,1754.032499805375,1763.6004701832267,直连,,113.75856473500227,122.0
P00107,leg3-cruise,1755.1829265982697,1764.9426347749368,直连,,104.17517432775905,122.0
P00005,leg2-cruise,1756.1069056849763,1761.0637580305354,直连,,119.42535894539617,122.0
P00020,leg2-cruise,1758.348809636398,1763.096819797793,直连,,102.62331713758148,122.0
P00005,leg2-cruise,1761.0637580305354,1766.0206103760945,直连,,119.2033213114766,122.0
P00020,leg2-cruise,1763.096819797793,1767.8448299591878,直连,,102.16053752673301,122.0
P00024,leg2-descent,1763.5033660002357,1773.0574643519456,直连,,87.31875582865088,122.0
P00053,leg1-cruise,1763.6004701832267,1773.1684405610781,直连,,104.38058810584336,122.0
P00107,leg3-cruise,1764.9426347749368,1774.7023429516041,直连,,103.52984246335527,122.0
P00005,leg2-cruise,1766.0206103760945,1770.9774627216536,直连,,118.97547731479243,122.0
P00020,leg2-cruise,1767.8448299591878,1772.5928401205824,直连,,101.67295605403879,122.0
P00005,leg2-cruise,1770.9774627216536,1775.9343150672128,直连,,118.74151619156223,122.0
P00020,leg2-cruise,1772.5928401205824,1777.340850281977,直连,,101.15793735725154,122.0
P00024,leg2-descent,1773.0574643519456,1782.6115627036556,直连,,86.36984755766753,122.0
P00053,leg1-cruise,1773.1684405610781,1782.7364109389296,直连,,114.96172789727119,122.0
P00107,leg3-cruise,1774.7023429516041,1779.5821970399377,直连,,103.01365978052225,122.0
P00005,leg2-cruise,1775.9343150672128,1780.8911674127721,直连,,118.50110163725203,122.0
P00020,leg2-cruise,1777.340850281977,1782.088860443372,直连,,100.61244329572243,122.0
P00107,leg3-cruise,1779.5821970399377,1784.4620511282712,直连,,102.65247638779186,122.0
P00005,leg2-cruise,1780.8911674127721,1785.8480197583312,直连,,118.25386894037278,122.0
P00020,leg2-cruise,1782.088860443372,1786.8368706047668,直连,,100.03296115290831,122.0
P00024,leg2-descent,1782.6115627036556,1792.1656610553655,直连,,85.30441368594624,122.0
P00053,leg1-cruise,1782.7364109389296,1787.5203961278553,直连,,115.37377350518335,122.0
P00107,leg3-cruise,1784.4620511282712,1789.341905216605,直连,,102.27640035259616,122.0
P00005,leg2-cruise,1785.8480197583312,1790.8048721038904,直连,,117.99942170438437,122.0
P00020,leg2-cruise,1786.8368706047668,1791.5848807661614,直连,,99.4154229689292,122.0
P00053,leg1-cruise,1787.5203961278553,1792.304381316781,直连,,115.63814229786125,122.0
P00107,leg3-cruise,1789.341905216605,1794.2217593049386,直连,,101.88423134542147,122.0
P00005,leg2-cruise,1790.8048721038904,1795.7617244494495,直连,,117.73732808499174,122.0
P00020,leg2-cruise,1791.5848807661614,1796.3328909275563,直连,,98.7551212726803,122.0
P00024,leg2-descent,1792.1656610553655,1801.7197594070753,直连,,84.08977610922351,122.0
P00053,leg1-cruise,1792.304381316781,1801.8723516946327,直连,,116.02037922689871,122.0
P00107,leg3-cruise,1794.2217593049386,1799.1016133932721,直连,,101.47463167318668,122.0
P00005,leg2-cruise,1795.7617244494495,1800.7185767950086,直连,,117.4671164546464,122.0
P00020,leg2-cruise,1796.3328909275563,1801.0809010889511,直连,,98.046635574043,122.0
P00107,leg3-cruise,1799.1016133932721,1803.981467481606,直连,,101.04610805952066,122.0
P00005,leg2-cruise,1800.7185767950086,1805.675429140568,直连,,107.18827038698302,122.0
P00020,leg2-cruise,1801.0809010889511,1805.8289112503458,直连,,97.28380391378407,122.0
P00024,leg2-descent,1801.7197594070753,1811.2738577587854,直连,,82.6772334972822,122.0
P00053,leg1-cruise,1801.8723516946327,1811.4403220724842,直连,,116.50547804562815,122.0
P00107,leg3-cruise,1803.981467481606,1813.741175658273,直连,,100.36413638422614,122.0
P00005,leg2-cruise,1805.675429140568,1810.632281486127,直连,,106.90022282979645,122.0
P00020,leg2-cruise,1805.8289112503458,1815.3249315731355,直连,,96.45981721311084,122.0
P00005,leg2-cruise,1810.632281486127,1815.5891338316862,直连,,106.60234930479344,122.0
P00024,leg2-descent,1811.2738577587854,1820.8279561104953,直连,,80.98949971919615,122.0
P00053,leg1-cruise,1811.4403220724842,1821.0082924503356,直连,,116.96517800341114,122.0
P00107,leg3-cruise,1813.741175658273,1823.5008838349404,直连,,99.37132239514297,122.0
P00020,leg2-cruise,1815.3249315731355,1820.07294173453,直连,,94.60091779220318,122.0
P00005,leg2-cruise,1815.5891338316862,1820.5459861772456,直连,,106.29395993380777,122.0
P00020,leg2-cruise,1820.07294173453,1824.820951895925,直连,,93.5568442120288,122.0
P00005,leg2-cruise,1820.5459861772456,1825.5028385228047,直连,,105.97429004159913,122.0
P00024,leg2-descent,1820.8279561104953,1830.3820544622054,直连,,78.89275839927056,122.0
P00053,leg1-cruise,1821.0082924503356,1830.576262828187,直连,,117.40198251807954,122.0
P00107,leg3-cruise,1823.5008838349404,1833.2605920116075,直连,,98.26580075331847,122.0
P00020,leg2-cruise,1824.820951895925,1829.5689620573198,直连,,92.4416011838955,122.0
P00005,leg2-cruise,1825.5028385228047,1830.4596908683639,直连,,105.64248902174391,122.0
P00020,leg2-cruise,1829.5689620573198,1834.3169722187145,直连,,91.28261963929288,122.0
P00024,leg2-descent,1830.3820544622054,1839.9361528139152,直连,,76.1231432474084,122.0
P00005,leg2-cruise,1830.4596908683639,1835.416543213923,直连,,105.2976070692678,122.0
P00053,leg1-cruise,1830.576262828187,1840.1442332060387,直连,,117.81804546211812,122.0
P00107,leg3-cruise,1833.2605920116075,1843.0203001882749,直连,,97.02522624018545,122.0
P00020,leg2-cruise,1834.3169722187145,1839.0649823801093,直连,,90.15091504901302,122.0
P00005,leg2-cruise,1835.416543213923,1840.373395559482,直连,,104.93857927510673,122.0
P00020,leg2-cruise,1839.0649823801093,1848.5610027028988,直连,,88.84042468208503,122.0
P00024,leg2-descent,1839.9361528139152,1849.490251165625,直连,,72.03290383624416,122.0
P00053,leg1-cruise,1840.1442332060387,1844.9282183949645,直连,,118.11761289331632,122.0
P00005,leg2-cruise,1840.373395559482,1845.3302479050412,直连,,104.56420643427464,122.0
P00107,leg3-cruise,1843.0203001882749,1852.7800083649422,直连,,95.62545354887516,122.0
P00053,leg1-cruise,1844.9282183949645,1849.7122035838902,直连,,118.31177561601855,122.0
P00005,leg2-cruise,1845.3302479050412,1850.2871002506004,直连,,104.17313172844253,122.0
P00020,leg2-descent,1848.5610027028988,1858.0810358653337,直连,,88.14066682070603,122.0
P00024,leg2-descent,1849.490251165625,1859.0443495173351,直连,,64.04267367791536,122.0
P00053,leg1-cruise,1849.7122035838902,1859.2801739617416,直连,,118.59517129466084,122.0
P00005,leg2-cruise,1850.2871002506004,1855.2439525961597,直连,,103.76381218663542,122.0
P00107,leg3-cruise,1852.7800083649422,1862.5397165416093,直连,,94.04998285577229,122.0
P00005,leg2-cruise,1855.2439525961597,1860.2008049417188,直连,,103.33448347839128,122.0
P00020,leg2-descent,1858.0810358653337,1867.6010690277685,直连,,87.28503714858458,122.0
P00024,leg2-descent,1859.0443495173351,1868.598447869045,直连,,58.1780985894345,122.0
P00053,leg1-cruise,1859.2801739617416,1868.848144339593,直连,,118.95928748651474,122.0
P00005,leg2-cruise,1860.2008049417188,1865.157657287278,直连,,102.88311611439504,122.0
P00107,leg3-cruise,1862.5397165416093,1872.2994247182767,直连,,92.32383702042951,122.0
P00005,leg2-cruise,1865.157657287278,1870.1145096328373,直连,,102.40736046494779,122.0
P00020,leg2-descent,1867.6010690277685,1877.1211021902036,直连,,86.33581786274023,122.0
P00053,leg1-cruise,1868.848144339593,1878.4161147174448,直连,,119.30883900196159,122.0
P00005,leg2-cruise,1870.1145096328373,1875.0713619783965,直连,,101.90447707530214,122.0
P00107,leg3-cruise,1872.2994247182767,1882.0591328949438,直连,,90.61455248259131,122.0
P00005,leg2-cruise,1875.0713619783965,1880.0282143239556,直连,,101.37124743929772,122.0
P00020,leg2-descent,1877.1211021902036,1886.6411353526385,直连,,85.26999178357808,122.0
P00053,leg1-cruise,1878.4161147174448,1887.9840850952962,直连,,119.64494007786628,122.0
P00005,leg2-cruise,1880.0282143239556,1884.9850666695147,直连,,100.80385851146326,122.0
P00107,leg3-cruise,1882.0591328949438,1891.8188410716111,直连,,89.41618295589582,122.0
P00005,leg2-cruise,1884.9850666695147,1889.9419190150738,直连,,100.19775153281839,122.0
P00020,leg2-descent,1886.6411353526385,1896.1611685150733,直连,,84.05484423999417,122.0
P00053,leg1-cruise,1887.9840850952962,1897.5520554731477,直连,,119.96858244223667,122.0
P00005,leg2-cruise,1889.9419190150738,1894.898771360633,直连,,99.54742184672878,122.0
P00107,leg3-descent,1891.8188410716111,1901.2938113991352,直连,,88.87532717295403,122.0
P00005,leg2-cruise,1894.898771360633,1899.855623706192,直连,,98.84615079370035,122.0
P00020,leg2-descent,1896.1611685150733,1905.6812016775082,直连,,82.64161149795646,122.0
P00053,leg1-descent,1897.5520554731477,1904.3917673872102,直连,,120.12444801078281,122.0
P00005,leg2-cruise,1899.855623706192,1904.8124760517514,直连,,98.08564295868295,122.0
P00107,leg3-descent,1901.2938113991352,1910.7687817266592,直连,,88.09619756880535,122.0
P00053,leg1-descent,1904.3917673872102,1911.2314793012727,直连,,120.12150523207133,122.0
P00005,leg2-cruise,1904.8124760517514,1909.7693283973106,直连,,97.25553184242507,122.0
P00020,leg2-descent,1905.6812016775082,1915.201234839943,直连,,80.95289147059708,122.0
P00005,leg2-cruise,1909.7693283973106,1914.7261807428697,直连,,96.34270629921781,122.0
P00107,leg3-descent,1910.7687817266592,1920.2437520541832,直连,,87.2402306311201,122.0
P00053,leg1-descent,1911.2314793012727,1918.0711912153351,直连,,120.11881067904758,122.0
P00005,leg2-cruise,1914.7261807428697,1919.683033088429,直连,,95.3304085084208,122.0
P00020,leg2-descent,1915.201234839943,1924.7212680023779,直连,,78.85462513877255,122.0
P00053,S006-handoff,1918.0711912153351,1928.0711912153351,直连,,120.11755663365312,122.0
P00005,leg2-cruise,1919.683033088429,1924.6398854339882,直连,,94.19709972496159,122.0
P00107,leg3-descent,1920.2437520541832,1929.7187223817073,直连,,86.29059616830176,122.0
P00005,leg2-cruise,1924.6398854339882,1929.5967377795473,直连,,92.9153222185702,122.0
P00020,leg2-descent,1924.7212680023779,1934.2413011648127,直连,,76.08233885116938,122.0
P00053,S006-handoff,1928.0711912153351,1938.0711912153351,直连,,120.11755663365312,122.0
P00005,leg2-cruise,1929.5967377795473,1934.5535901251064,直连,,91.45172143330682,122.0
P00107,leg3-descent,1929.7187223817073,1939.1936927092313,直连,,85.22424647785567,122.0
P00020,leg2-descent,1934.2413011648127,1943.7613343272478,直连,,71.98621232342177,122.0
P00005,leg2-cruise,1934.5535901251064,1939.5104424706656,直连,,89.7729839341502,122.0
P00053,S006-handoff,1938.0711912153351,1948.0711912153351,直连,,120.11755663365312,122.0
P00107,leg3-descent,1939.1936927092313,1948.6686630367553,直连,,84.0084180272839,122.0
P00005,leg2-cruise,1939.5104424706656,1944.467294816225,直连,,87.87588877116872,122.0
P00020,leg2-descent,1943.7613343272478,1953.2813674896827,直连,,63.972286682761336,122.0
P00005,leg2-cruise,1944.467294816225,1954.3809995073432,直连,,85.04168988390735,122.0
P00053,S006-handoff,1948.0711912153351,1958.0711912153351,直连,,120.11755663365312,122.0
P00107,leg3-descent,1948.6686630367553,1958.1436333642794,直连,,82.59426367590439,122.0
P00020,leg2-descent,1953.2813674896827,1962.8014006521175,直连,,58.22388076026431,122.0
P00005,leg2-descent,1954.3809995073432,1963.4437122148627,直连,,83.70203514878814,122.0
P00053,S006-handoff,1958.0711912153351,1968.0711912153351,直连,,120.11755663365312,122.0
P00107,leg3-descent,1958.1436333642794,1967.6186036918034,直连,,80.90422630065409,122.0
P00005,leg2-descent,1963.4437122148627,1972.5064249223822,直连,,82.60060539027981,122.0
P00107,leg3-descent,1967.6186036918034,1977.0935740193274,直连,,78.80392229966583,122.0
P00053,S006-handoff,1968.0711912153351,1978.0711912153351,直连,,120.11755663365312,122.0
P00005,leg2-descent,1972.5064249223822,1981.569137629902,直连,,81.33894249348708,122.0
P00107,leg3-descent,1977.0935740193274,1986.5685443468515,直连,,76.0280649160952,122.0
P00053,S006-handoff,1978.0711912153351,1988.0711912153351,直连,,120.11755663365312,122.0
P00005,leg2-descent,1981.569137629902,1990.6318503374214,直连,,79.86235756880023,122.0
P00107,leg3-descent,1986.5685443468515,1996.0435146743755,直连,,71.92405871127306,122.0
P00053,S006-handoff,1988.0711912153351,1998.0711912153351,直连,,120.11755663365312,122.0
P00005,leg2-descent,1990.6318503374214,1999.6945630449409,直连,,78.0822839076796,122.0
P00107,leg3-descent,1996.0435146743755,2005.5184850018995,直连,,63.878290813259085,122.0
P00053,S006-handoff,1998.0711912153351,2008.0711912153351,直连,,120.11755663365312,122.0
P00005,leg2-descent,1999.6945630449409,2008.7572757524604,直连,,75.8408198861372,122.0
P00107,leg3-descent,2005.5184850018995,2014.9934553294236,直连,,58.284074913643835,122.0
P00053,S006-handoff,2008.0711912153351,2018.0711912153351,直连,,120.11755663365312,122.0
P00005,leg2-descent,2008.7572757524604,2026.8827011674996,直连,,72.81181900314044,122.0
P00053,S006-handoff,2018.0711912153351,2028.0711912153351,直连,,120.11755663365312,122.0
P00005,leg2-descent,2026.8827011674996,2035.945413875019,直连,,57.186553106945894,122.0
P00053,S006-handoff,2028.0711912153351,2038.0711912153351,直连,,120.11755663365312,122.0
P00005,leg2-descent,2035.945413875019,2045.0081265825386,直连,,60.83241723397051,122.0
P00053,S006-handoff,2038.0711912153351,2078.071191215335,直连,,120.11755663365312,122.0
P00118,leg1-climb,2072.0,2081.5359135742187,直连,,58.20256818211605,122.0
P00053,S006-handoff,2078.071191215335,2088.071191215335,直连,,120.11755663365312,122.0
P00118,leg1-climb,2081.5359135742187,2091.0718271484375,直连,,64.00517047440104,122.0
P00053,S006-handoff,2088.071191215335,2098.071191215335,直连,,120.11755663365312,122.0
P00118,leg1-climb,2091.0718271484375,2100.607740722656,直连,,72.0080100726416,122.0
P00053,S006-handoff,2098.071191215335,2108.071191215335,直连,,120.11755663365312,122.0
P00118,leg1-climb,2100.607740722656,2110.143654296875,直连,,76.10138478115564,122.0
P00053,S006-handoff,2108.071191215335,2118.071191215335,直连,,120.11755663365312,122.0
P00118,leg1-climb,2110.143654296875,2119.6795678710937,直连,,78.87242282539992,122.0
P00053,S006-handoff,2118.071191215335,2128.071191215335,直连,,120.11755663365312,122.0
P00118,leg1-climb,2119.6795678710937,2129.2154814453124,直连,,80.9699765985141,122.0
P00053,leg2-climb,2128.071191215335,2136.6208311079135,直连,,120.11946102007929,122.0
P00118,leg1-climb,2129.2154814453124,2138.751395019531,直连,,82.65823583839469,122.0
P00053,leg2-climb,2136.6208311079135,2145.1704710004915,直连,,120.12368907187269,122.0
P00118,leg1-climb,2138.751395019531,2148.28730859375,直连,,84.0711461599594,122.0
P00053,leg2-cruise,2145.1704710004915,2150.0794730194048,直连,,120.04559514492662,122.0
P00118,leg1-climb,2148.28730859375,2157.8232221679687,直连,,85.28605546193438,122.0
P00053,leg2-cruise,2150.0794730194048,2164.806479076145,直连,,119.88250326423565,122.0
P00118,leg1-climb,2157.8232221679687,2167.3591357421874,直连,,86.35169831831644,122.0
P00053,leg2-cruise,2164.806479076145,2174.624483113972,直连,,119.28642454335981,122.0
P00118,leg1-cruise,2167.3591357421874,2176.99863061569,直连,,86.95656621762812,122.0
P00053,leg2-cruise,2174.624483113972,2184.442487151799,直连,,118.92660728369768,122.0
P00118,leg1-cruise,2176.99863061569,2186.638125489193,直连,,89.10487128297872,122.0
P00053,leg2-cruise,2184.442487151799,2194.2604911896256,直连,,118.55133903181098,122.0
P00118,leg1-cruise,2186.638125489193,2196.2776203626954,直连,,91.91640021547957,122.0
P00053,leg2-cruise,2194.2604911896256,2204.0784952274525,直连,,118.15924308797217,122.0
P00118,leg1-cruise,2196.2776203626954,2205.9171152361982,直连,,94.34409418631064,122.0
P00053,leg2-cruise,2204.0784952274525,2213.8964992652795,直连,,117.74875172439529,122.0
P00118,leg1-cruise,2205.9171152361982,2215.556610109701,直连,,96.34146403181907,122.0
P00053,leg2-cruise,2213.8964992652795,2223.714503303106,直连,,117.31806947581404,122.0
P00118,leg1-cruise,2215.556610109701,2225.196104983204,直连,,98.00567651892642,122.0
P00053,leg2-cruise,2223.714503303106,2233.532507340933,直连,,116.86512727074351,122.0
P00118,leg1-cruise,2225.196104983204,2234.8355998567063,直连,,99.42123497195162,122.0
P00053,leg2-cruise,2233.532507340933,2243.35051137876,直连,,116.3875245565991,122.0
P00118,leg1-cruise,2234.8355998567063,2244.475094730209,直连,,100.6484041591911,122.0
P00053,leg2-cruise,2243.35051137876,2253.1685154165866,直连,,115.88245550282726,122.0
P00118,leg1-cruise,2244.475094730209,2254.114589603712,直连,,101.72938586964953,122.0
P00053,leg2-cruise,2253.1685154165866,2258.0775174355003,直连,,115.48366209935531,122.0
P00118,leg1-cruise,2254.114589603712,2258.934337040463,直连,,102.69423829058734,122.0
P00053,leg2-cruise,2258.0775174355003,2262.9865194544136,直连,,115.20740038752571,122.0
P00118,leg1-cruise,2258.934337040463,2263.7540844772147,直连,,103.14021004513,122.0
P00053,leg2-cruise,2262.9865194544136,2267.895521473327,直连,,114.92220110809691,122.0
P00118,leg1-cruise,2263.7540844772147,2268.573831913966,直连,,103.56489677245986,122.0
P00053,leg2-cruise,2267.895521473327,2272.8045234922406,直连,,114.62747678631798,122.0
P00118,leg1-cruise,2268.573831913966,2273.393579350717,直连,,113.97019460696286,122.0
P00053,leg2-cruise,2272.8045234922406,2277.713525511154,直连,,114.32258123898288,122.0
P00118,leg1-cruise,2273.393579350717,2278.2133267874688,直连,,114.35776263932149,122.0
P00053,leg2-cruise,2277.713525511154,2282.622527530067,直连,,104.00680167653924,122.0
P00118,leg1-cruise,2278.2133267874688,2283.03307422422,直连,,114.72905992071485,122.0
P00053,leg2-cruise,2282.622527530067,2287.531529548981,直连,,103.67934947327196,122.0
P00118,leg1-cruise,2283.03307422422,2287.852821660971,直连,,115.0853757085894,122.0
P00053,leg2-cruise,2287.531529548981,2292.440531567894,直连,,103.33934933855903,122.0
P00118,leg1-cruise,2287.852821660971,2292.6725690977228,直连,,115.42785433653322,122.0
P00053,leg2-cruise,2292.440531567894,2302.258535605721,直连,,102.80365874306017,122.0
P00118,leg1-cruise,2292.6725690977228,2302.3120639712256,直连,,115.7575157846188,122.0
P00053,leg2-cruise,2302.258535605721,2312.0765396435477,直连,,102.03537905817474,122.0
P00118,leg1-cruise,2302.3120639712256,2316.7713062814796,直连,,116.38194516997879,122.0
P00053,leg2-cruise,2312.0765396435477,2321.8945436813747,直连,,101.19505758530933,122.0
P00118,leg1-cruise,2316.7713062814796,2326.4108011549824,直连,,117.24249887105061,122.0
P00053,leg2-cruise,2321.8945436813747,2331.7125477192017,直连,,100.26846841120901,122.0
P00118,leg1-cruise,2326.4108011549824,2336.050296028485,直连,,117.7725980048999,122.0
P00053,leg2-cruise,2331.7125477192017,2341.530551757028,直连,,99.23704115616549,122.0
P00118,leg1-cruise,2336.050296028485,2345.689790901988,直连,,118.27243249454028,122.0
P00053,leg2-cruise,2341.530551757028,2351.348555794855,直连,,98.0761533209399,122.0
P00118,leg1-cruise,2345.689790901988,2355.3292857754905,直连,,118.74524919821248,122.0
P00053,leg2-cruise,2351.348555794855,2361.166559832682,直连,,96.75282535347614,122.0
P00118,leg1-cruise,2355.3292857754905,2364.968780648993,直连,,119.19380224106185,122.0
P00053,leg2-cruise,2361.166559832682,2370.9845638705087,直连,,95.22326313354593,122.0
P00057,leg1-climb,2364.0,2373.8531583345853,直连,,54.408071670598915,122.0
P00118,leg1-cruise,2364.968780648993,2374.608275522496,直连,,119.62044733930797,122.0
P00053,leg2-cruise,2370.9845638705087,2380.8025679083357,直连,,93.4334944376099,122.0
P00057,leg1-climb,2373.8531583345853,2383.7063166691705,直连,,67.78035528500521,122.0
P00118,leg1-cruise,2374.608275522496,2379.4280229592473,直连,,120.02721471102086,122.0
P00118,leg1-descent,2379.4280229592473,2387.9776628518252,直连,,120.12444801078281,122.0
P00053,leg2-cruise,2380.8025679083357,2390.6205719461627,直连,,91.33986635610543,122.0
P00057,leg1-climb,2383.7063166691705,2393.559475003756,直连,,74.68578862985183,122.0
P00118,leg1-descent,2387.9776628518252,2396.5273027444036,直连,,120.12150523207133,122.0
P00053,leg2-cruise,2390.6205719461627,2395.529573965076,直连,,89.60661687358545,122.0
P00057,leg1-climb,2393.559475003756,2403.4126333383415,直连,,78.48360120781685,122.0
P00053,leg2-cruise,2395.529573965076,2400.4385759839893,直连,,88.46694117382063,122.0
P00118,leg1-descent,2396.5273027444036,2405.0769426369816,直连,,120.11881067904758,122.0
P00041,leg1-climb,2397.0,2406.646758626302,直连,,54.90851079815337,122.0
P00053,leg2-cruise,2400.4385759839893,2410.2565800218163,直连,,87.14418816324618,122.0
P00057,leg1-climb,2403.4126333383415,2413.2657916729268,直连,,81.11714932841994,122.0
P00118,S006-handoff,2405.0769426369816,2414.8951244551636,直连,,120.11755663365312,122.0
P00041,leg1-climb,2406.646758626302,2416.293517252604,直连,,67.44240664720019,122.0
P00053,leg2-descent,2410.2565800218163,2419.792493596035,直连,,86.35169831831644,122.0
P00057,leg1-climb,2413.2657916729268,2423.118950007512,直连,,83.13522113644916,122.0
P00118,S006-handoff,2414.8951244551636,2424.713306273345,直连,,120.11755663365312,122.0
P00041,leg1-climb,2416.293517252604,2425.940275878906,直连,,74.43267298805127,122.0
P00053,leg2-descent,2419.792493596035,2429.3284071702537,直连,,85.28605546193437,122.0
P00057,leg1-climb,2423.118950007512,2432.9721083420973,直连,,84.7716886174435,122.0
P00118,S006-handoff,2424.713306273345,2434.531488091527,直连,,120.11755663365312,122.0
P00041,leg1-climb,2425.940275878906,2435.5870345052085,直连,,78.25507047712554,122.0
P00053,leg2-descent,2429.3284071702537,2438.8643207444725,直连,,84.0711461599594,122.0
P00057,leg1-climb,2432.9721083420973,2442.8252666766825,直连,,86.14817323587165,122.0
P00118,S006-handoff,2434.531488091527,2444.349669909709,直连,,120.11755663365312,122.0
P00041,leg1-climb,2435.5870345052085,2445.2337931315105,直连,,80.90031880597442,122.0
P00053,leg2-descent,2438.8643207444725,2448.400234318691,直连,,82.65823583839469,122.0
P00057,leg1-climb,2442.8252666766825,2452.678425011268,直连,,87.33606765300618,122.0
P00118,S006-handoff,2444.349669909709,2454.1678517278906,直连,,120.11755663365312,122.0
P00041,leg1-climb,2445.2337931315105,2454.8805517578126,直连,,82.92523207845946,122.0
P00053,leg2-descent,2448.400234318691,2457.93614789291,直连,,80.9699765985141,122.0
P00057,leg1-climb,2452.678425011268,2462.5315833458535,直连,,88.38087655041141,122.0
P00028,leg1-climb,2454.0,2463.0818271213107,直连,,56.14690637486086,122.0
P00118,S006-handoff,2454.1678517278906,2463.9860335460726,直连,,120.11755663365312,122.0
P00041,leg1-climb,2454.8805517578126,2464.5273103841146,直连,,84.56618844836726,122.0
P00053,leg2-descent,2457.93614789291,2467.4720614671287,直连,,78.87242282539992,122.0
P00057,leg1-climb,2462.5315833458535,2472.3847416804388,直连,,89.31339396132412,122.0
P00028,leg1-climb,2463.0818271213107,2472.1636542426213,直连,,66.44393381693283,122.0
P00118,S006-handoff,2463.9860335460726,2473.804215364254,直连,,120.11755663365312,122.0
P00041,leg1-climb,2464.5273103841146,2474.1740690104166,直连,,85.94584482257133,122.0
P00053,leg2-descent,2467.4720614671287,2477.0079750413474,直连,,76.10138478115564,122.0
P00028,leg1-climb,2472.1636542426213,2481.2454813639324,直连,,73.69960056864687,122.0
P00057,leg1-climb,2472.3847416804388,2482.237900015024,直连,,90.15543173420716,122.0
P00118,S006-handoff,2473.804215364254,2483.622397182436,直连,,120.11755663365312,122.0
P00041,leg1-climb,2474.1740690104166,2483.8208276367186,直连,,87.13609940538473,122.0
P00053,leg2-descent,2477.0079750413474,2486.543888615566,直连,,72.0080100726416,122.0
P00028,leg1-climb,2481.2454813639324,2490.327308485243,直连,,77.59694866756882,122.0
P00057,leg1-climb,2482.237900015024,2492.0910583496093,直连,,90.92300534208043,122.0
P00118,S006-handoff,2483.622397182436,2493.440579000618,直连,,120.11755663365312,122.0
P00041,leg1-climb,2483.8208276367186,2493.4675862630206,直连,,88.18273304997626,122.0
P00053,leg2-descent,2486.543888615566,2496.079802189785,直连,,64.00517047440103,122.0
P00028,leg1-climb,2490.327308485243,2499.4091356065537,直连,,80.27756706568833,122.0
P00057,leg1-cruise,2492.0910583496093,2502.0329779961626,直连,,91.39770631417727,122.0
P00118,S006-handoff,2493.440579000618,2503.2587608187996,直连,,120.11755663365312,122.0
P00041,leg1-climb,2493.4675862630206,2503.1143448893226,直连,,89.11670342352002,122.0
P00053,leg2-descent,2496.079802189785,2505.6157157640037,直连,,58.20256818211608,122.0
P00028,leg1-climb,2499.4091356065537,2508.4909627278644,直连,,82.32307378017022,122.0
P00003,leg1-climb,2502.0,2510.6311549595425,直连,,57.022032010416005,122.0
P00057,leg1-cruise,2502.0329779961626,2507.0039378194397,直连,,91.95577068813071,122.0
P00041,leg1-climb,2503.1143448893226,2512.761103515625,直连,,89.95992549374422,122.0
P00118,S006-handoff,2503.2587608187996,2513.0769426369816,直连,,120.11755663365312,122.0
P00057,leg1-cruise,2507.0039378194397,2511.9748976427163,直连,,92.51647492317109,122.0
P00028,leg1-climb,2508.4909627278644,2517.5727898491755,直连,,83.97750685635847,122.0
P00003,leg1-climb,2510.6311549595425,2519.2623099190846,直连,,65.5559337732675,122.0
P00057,leg1-cruise,2511.9748976427163,2516.945857465993,直连,,93.16664083772646,122.0
P00041,leg1-climb,2512.761103515625,2522.407862141927,直连,,90.72848294502947,122.0
P00118,S006-handoff,2513.0769426369816,2522.8951244551636,直连,,120.11755663365312,122.0
P00057,leg1-cruise,2516.945857465993,2521.9168172892696,直连,,93.86257646822804,122.0
P00028,leg1-climb,2517.5727898491755,2526.654616970486,直连,,85.36666880989422,122.0
P00003,leg1-climb,2519.2623099190846,2527.893464878627,直连,,73.06691391177228,122.0
P00057,leg1-cruise,2521.9168172892696,2526.8877771125462,直连,,94.57284082294106,122.0
P00041,leg1-climb,2522.407862141927,2532.054620768229,直连,,91.43452950887682,122.0
P00118,S006-handoff,2522.8951244551636,2532.713306273345,直连,,120.11755663365312,122.0
P00044,leg1-climb,2526.0,2535.646758626302,直连,,58.0523322035338,122.0
P00028,leg1-climb,2526.654616970486,2535.736444091797,直连,,86.56398768736526,122.0
P00057,leg1-cruise,2526.8877771125462,2531.8587369358233,直连,,95.27697319806,122.0
P00003,leg1-climb,2527.893464878627,2536.5246198381697,直连,,77.03365564741476,122.0
P00057,leg1-cruise,2531.8587369358233,2536.8296967591,直连,,95.96273758447396,122.0
P00041,leg1-climb,2532.054620768229,2541.701379394531,直连,,92.08747343883738,122.0
P00118,S006-handoff,2532.713306273345,2542.531488091527,直连,,120.11755663365312,122.0
P00044,leg1-climb,2535.646758626302,2545.293517252604,直连,,64.23129580096835,122.0
P00028,leg1-cruise,2535.736444091797,2545.544649698489,直连,,87.54622874274366,122.0
P00003,leg1-climb,2536.5246198381697,2545.155774797712,直连,,79.7466243690645,122.0
P00057,leg1-cruise,2536.8296967591,2541.8006565823766,直连,,96.62348177367586,122.0
P00041,leg1-cruise,2541.701379394531,2551.646844654936,直连,,92.4856900395783,122.0
P00057,leg1-cruise,2541.8006565823766,2551.7425762289304,直连,,97.56155882544967,122.0
P00118,S006-handoff,2542.531488091527,2552.349669909709,直连,,120.11755663365312,122.0
P00003,leg1-climb,2545.155774797712,2553.7869297572543,直连,,81.81085065026684,122.0
P00044,leg1-climb,2545.293517252604,2554.9402758789065,直连,,72.15865338221033,122.0
P00028,leg1-cruise,2545.544649698489,2555.3528553051815,直连,,89.32488735525408,122.0
P00041,leg1-cruise,2551.646844654936,2556.619577285139,直连,,92.9264496277616,122.0
P00057,leg1-cruise,2551.7425762289304,2561.6844958754837,直连,,98.7118079488333,122.0
P00118,S006-handoff,2552.349669909709,2562.1678517278906,直连,,120.11755663365312,122.0
P00003,leg1-climb,2553.7869297572543,2562.418084716797,直连,,83.47748838814798,122.0
P00044,leg1-climb,2554.9402758789065,2564.5870345052085,直连,,76.23317457050301,122.0
P00028,leg1-cruise,2555.3528553051815,2560.2569581085277,直连,,92.10358629766668,122.0
P00041,leg1-cruise,2556.619577285139,2561.5923099153415,直连,,93.38083430397263,122.0
P00028,leg1-cruise,2560.2569581085277,2565.161060911874,直连,,93.36678376799708,122.0
P00041,leg1-cruise,2561.5923099153415,2566.565042545544,直连,,93.92102936339668,122.0
P00057,leg1-cruise,2561.6844958754837,2571.626415522037,直连,,99.75484086624095,122.0
P00118,S006-handoff,2562.1678517278906,2571.9860335460726,直连,,120.11755663365312,122.0
P00003,leg1-cruise,2562.418084716797,2572.331789407915,直连,,85.04168988390735,122.0
P00044,leg1-climb,2564.5870345052085,2574.2337931315105,直连,,78.99564504974263,122.0
P00028,leg1-cruise,2565.161060911874,2570.06516371522,直连,,94.51575209576342,122.0
P00041,leg1-cruise,2566.565042545544,2571.5377751757464,直连,,94.51363105243883,122.0
P00028,leg1-cruise,2570.06516371522,2574.969266518566,直连,,95.55788683898393,122.0
P00041,leg1-cruise,2571.5377751757464,2576.5105078059487,直连,,95.13215534460433,122.0
P00057,leg1-cruise,2571.626415522037,2581.5683351685907,直连,,100.70305542042712,122.0
P00118,S006-handoff,2571.9860335460726,2581.804215364254,直连,,120.11755663365312,122.0
P00003,leg1-cruise,2572.331789407915,2577.288641753474,直连,,87.87588877116872,122.0
P00044,leg1-climb,2574.2337931315105,2583.8805517578126,直连,,81.08830369097679,122.0
P00028,leg1-cruise,2574.969266518566,2579.8733693219124,直连,,96.50545582109207,122.0
P00041,leg1-cruise,2576.5105078059487,2581.4832404361514,直连,,95.75747527685417,122.0
P00003,leg1-cruise,2577.288641753474,2582.2454940990333,直连,,89.7729839341502,122.0
P00028,leg1-cruise,2579.8733693219124,2584.7774721252586,直连,,97.37092931166234,122.0
P00041,leg1-cruise,2581.4832404361514,2586.455973066354,直连,,96.3767332392681,122.0
P00057,leg1-cruise,2581.5683351685907,2591.510254815144,直连,,101.56900400795917,122.0
P00118,S006-handoff,2581.804215364254,2591.622397182436,直连,,120.11755663365312,122.0
P00003,leg1-cruise,2582.2454940990333,2587.202346444593,直连,,91.45172143330682,122.0
P00044,leg1-climb,2583.8805517578126,2593.5273103841146,直连,,82.77339573217839,122.0
P00028,leg1-cruise,2584.7774721252586,2589.6815749286047,直连,,98.16548195132522,122.0
P00041,leg1-cruise,2586.455973066354,2591.428705696557,直连,,96.98182639171792,122.0
P00003,leg1-cruise,2587.202346444593,2592.159198790152,直连,,92.9153222185702,122.0
P00028,leg1-cruise,2589.6815749286047,2594.585677731951,直连,,98.89867416886788,122.0
P00041,leg1-cruise,2591.428705696557,2596.4014383267595,直连,,97.56801361722592,122.0
P00057,leg1-cruise,2591.510254815144,2601.4521744616977,直连,,102.36391380602511,122.0
P00118,S006-handoff,2591.622397182436,2601.440579000618,直连,,120.11755663365312,122.0
P00003,leg1-cruise,2592.159198790152,2597.116051135711,直连,,94.19709972496159,122.0
P00044,leg1-climb,2593.5273103841146,2603.1740690104166,直连,,84.18408912653274,122.0
P00028,leg1-cruise,2594.585677731951,2599.489780535297,直连,,99.57854346420832,122.0
P00041,leg1-cruise,2596.4014383267595,2601.3741709569617,直连,,98.13282292738512,122.0
P00003,leg1-cruise,2597.116051135711,2602.0729034812703,直连,,95.3304085084208,122.0
P00028,leg1-cruise,2599.489780535297,2604.3938833386433,直连,,100.2118137051395,122.0
P00041,leg1-cruise,2601.3741709569617,2611.3196362173667,直连,,98.93804870605847,122.0
P00118,S006-handoff,2601.440579000618,2611.2587608187996,直连,,120.11755663365312,122.0
P00057,leg1-cruise,2601.4521744616977,2611.394094108251,直连,,103.09737957677409,122.0
P00003,leg1-cruise,2602.0729034812703,2607.0297558268294,直连,,96.34270629921781,122.0
P00044,leg1-climb,2603.1740690104166,2612.8208276367186,直连,,85.39735988929213,122.0
P00028,leg1-cruise,2604.3938833386433,2609.297986141989,直连,,100.8041156353968,122.0
P00003,leg1-cruise,2607.0297558268294,2611.9866081723885,直连,,97.25553184242507,122.0
P00028,leg1-cruise,2609.297986141989,2614.202088945335,直连,,101.36018329695825,122.0
P00118,S006-handoff,2611.2587608187996,2621.0769426369816,直连,,120.11755663365312,122.0
P00041,leg1-cruise,2611.3196362173667,2621.265101477772,直连,,99.93445167574623,122.0
P00057,leg1-cruise,2611.394094108251,2621.3360137548043,直连,,103.77746179614299,122.0
P00003,leg1-cruise,2611.9866081723885,2616.9434605179476,直连,,98.08564295868295,122.0
P00044,leg1-climb,2612.8208276367186,2622.467586263021,直连,,86.4617423650874,122.0
P00028,leg1-cruise,2614.202088945335,2619.1061917486813,直连,,101.88401823059692,122.0
P00003,leg1-cruise,2616.9434605179476,2621.9003128635068,直连,,98.84615079370035,122.0
P00028,leg1-cruise,2619.1061917486813,2624.0102945520275,直连,,102.37902304286891,122.0
P00118,S006-handoff,2621.0769426369816,2630.8951244551636,直连,,120.11755663365312,122.0
P00041,leg1-cruise,2621.265101477772,2631.210566738177,直连,,100.84865971228311,122.0
P00057,leg1-cruise,2621.3360137548043,2631.277933401358,直连,,104.41090007276001,122.0
P00003,leg1-cruise,2621.9003128635068,2626.857165209066,直连,,99.54742184672878,122.0
P00044,leg1-climb,2622.467586263021,2632.114344889323,直连,,87.40981676997846,122.0
P00028,leg1-cruise,2624.0102945520275,2628.9143973553737,直连,,102.84810883724278,122.0
P00003,leg1-cruise,2626.857165209066,2631.8140175546255,直连,,100.19775153281839,122.0
P00028,leg1-cruise,2628.9143973553737,2633.81850015872,直连,,103.29378134433071,122.0
P00118,S006-handoff,2630.8951244551636,2640.713306273345,直连,,120.11755663365312,122.0
P00041,leg1-cruise,2631.210566738177,2641.1560319985824,直连,,101.68924156560136,122.0
P00057,leg1-cruise,2631.277933401358,2641.2198530479113,直连,,105.00333617605872,122.0
P00003,leg1-cruise,2631.8140175546255,2636.7708699001846,直连,,100.80385851146326,122.0
P00044,leg1-climb,2632.114344889323,2641.761103515625,直连,,88.26451625618454,122.0
P00028,leg1-cruise,2633.81850015872,2643.626705765412,直连,,103.92305792197989,122.0
P00003,leg1-cruise,2636.7708699001846,2641.7277222457437,直连,,101.37124743929772,122.0
P00118,S006-handoff,2640.713306273345,2650.531488091527,直连,,120.11755663365312,122.0
P00041,leg1-cruise,2641.1560319985824,2651.1014972589874,直连,,102.46482420668097,122.0
P00057,leg1-cruise,2641.2198530479113,2651.161772694465,直连,,105.55951203094206,122.0
P00003,leg1-cruise,2641.7277222457437,2646.684574591303,直连,,101.90447707530214,122.0
P00044,leg1-climb,2641.761103515625,2651.407862141927,直连,,89.04259575115434,122.0
P00028,leg1-cruise,2643.626705765412,2648.5308085687584,直连,,104.51065612774845,122.0
P00003,leg1-cruise,2646.684574591303,2651.641426936862,直连,,102.40736046494779,122.0
P00028,leg1-cruise,2648.5308085687584,2653.4349113721046,直连,,104.88178135305401,122.0
P00118,S006-handoff,2650.531488091527,2660.349669909709,直连,,120.11755663365312,122.0
P00041,leg1-cruise,2651.1014972589874,2661.0469625193923,直连,,103.18327803944315,122.0
P00057,leg1-cruise,2651.161772694465,2661.1036923410184,直连,,106.08343492095332,122.0
P00044,leg1-climb,2651.407862141927,2661.054620768229,直连,,89.75666946253959,122.0
P00003,leg1-cruise,2651.641426936862,2656.598279282421,直连,,102.88311611439504,122.0
P00028,leg1-cruise,2653.4349113721046,2658.3390141754508,直连,,105.23794509666915,122.0
P00003,leg1-cruise,2656.598279282421,2661.5551316279802,直连,,103.33448347839128,122.0
P00028,leg1-cruise,2658.3390141754508,2663.243116978797,直连,,105.58028869078545,122.0
P00118,S006-handoff,2660.349669909709,2670.1678517278906,直连,,120.11755663365312,122.0
P00041,leg1-cruise,2661.0469625193923,2670.9924277797977,直连,,103.85149681815436,122.0
P00044,leg1-climb,2661.054620768229,2670.7013793945316,直连,,90.41647205731863,122.0
P00057,leg1-cruise,2661.1036923410184,2671.045611987572,直连,,106.57851170850397,122.0
P00003,leg1-cruise,2661.5551316279802,2666.51198397354,直连,,103.76381218663542,122.0
P00028,leg1-cruise,2663.243116978797,2668.147219782143,直连,,105.90982965398054,122.0
P00003,leg1-cruise,2666.51198397354,2671.468836319099,直连,,104.17313172844253,122.0
P00028,leg1-cruise,2668.147219782143,2673.0513225854893,直连,,106.22747869147767,122.0
P00118,S006-handoff,2670.1678517278906,2679.9860335460726,直连,,120.11755663365312,122.0
P00044,leg1-climb,2670.7013793945316,2680.3481380208336,直连,,91.02967346983023,122.0
P00041,leg1-cruise,2670.9924277797977,2680.9378930402027,直连,,104.47541401981896,122.0
P00057,leg1-cruise,2671.045611987572,2680.9875316341254,直连,,107.0476567005804,122.0
P00003,leg1-cruise,2671.468836319099,2676.425688664658,直连,,104.56420643427464,122.0
P00028,leg1-cruise,2673.0513225854893,2677.9554253888355,直连,,106.53405392401825,122.0
P00003,leg1-cruise,2676.425688664658,2681.382541010217,直连,,104.93857927510673,122.0
P00028,leg1-cruise,2677.9554253888355,2682.8595281921816,直连,,106.83029286023267,122.0
P00118,S006-handoff,2679.9860335460726,2689.8042153642546,直连,,120.11755663365312,122.0
P00044,leg1-climb,2680.3481380208336,2689.9948966471356,直连,,91.60242445135646,122.0
P00041,leg1-cruise,2680.9378930402027,2690.8833583006076,直连,,105.06010296645125,122.0
P00057,leg1-cruise,2680.9875316341254,2690.929451280679,直连,,107.49337807369126,122.0
P00003,leg1-cruise,2681.382541010217,2686.3393933557763,直连,,105.2976070692678,122.0
P00028,leg1-cruise,2682.8595281921816,2687.763630995528,直连,,107.11686252140923,122.0
P00003,leg1-cruise,2686.3393933557763,2691.2962457013355,直连,,105.64248902174391,122.0
P00028,leg1-cruise,2687.763630995528,2692.667733798874,直连,,107.39436804541478,122.0
P00118,S006-handoff,2689.8042153642546,2699.622397182436,直连,,120.11755663365312,122.0
P00044,leg1-climb,2689.9948966471356,2699.6416552734377,直连,,92.13973304737476,122.0
P00041,leg1-cruise,2690.8833583006076,2700.828823561013,直连,,105.60989697775508,122.0
P00057,leg1-cruise,2690.929451280679,2700.8713709272324,直连,,107.91784720317685,122.0
P00003,leg1-cruise,2691.2962457013355,2696.2530980468946,直连,,105.97429004159913,122.0
P00028,leg1-cruise,2692.667733798874,2697.57183660222,直连,,107.66336003214039,122.0
P00003,leg1-cruise,2696.2530980468946,2701.2099503924537,直连,,106.29395993380777,122.0
P00028,leg1-cruise,2697.57183660222,2702.4759394055664,直连,,107.92434084227429,122.0
P00118,S006-handoff,2699.622397182436,2709.440579000618,直连,,120.11755663365312,122.0
P00044,leg1-cruise,2699.6416552734377,2708.9134053820867,直连,,92.51720734217614,122.0
P00041,leg1-cruise,2700.828823561013,2710.774288821418,直连,,106.12850435908258,122.0
P00057,leg1-cruise,2700.8713709272324,2710.8132905737857,直连,,108.32295447483438,122.0
P00003,leg1-cruise,2701.2099503924537,2706.166802738013,直连,,106.60234930479344,122.0
P00028,leg1-cruise,2702.4759394055664,2707.3800422089125,直连,,108.17777002141213,122.0
P00003,leg1-cruise,2706.166802738013,2711.123655083572,直连,,106.90022282979645,122.0
P00028,leg1-cruise,2707.3800422089125,2712.2841450122587,直连,,108.42406898973914,122.0
P00044,leg1-cruise,2708.9134053820867,2713.549280436411,直连,,93.10149344096551,122.0
P00118,S006-handoff,2709.440579000618,2719.2587608187996,直连,,120.11755663365312,122.0
P00041,leg1-cruise,2710.774288821418,2720.719754081823,直连,,106.61910960050574,122.0
P00057,leg1-cruise,2710.8132905737857,2720.7552102203394,直连,,108.71035443033291,122.0
P00003,leg1-cruise,2711.123655083572,2716.080507429131,直连,,107.18827038698302,122.0
P00028,leg1-cruise,2712.2841450122587,2717.188247815605,直连,,108.66362511230174,122.0
P00044,leg1-cruise,2713.549280436411,2718.1851554907357,直连,,93.68522846206045,122.0
P00003,leg1-cruise,2716.080507429131,2721.0373597746907,直连,,117.4671164546464,122.0
P00028,leg1-cruise,2717.188247815605,2722.092350618951,直连,,108.89679524466088,122.0
P00044,leg1-cruise,2718.1851554907357,2722.8210305450602,直连,,94.35850696130777,122.0
P00118,S006-handoff,2719.2587608187996,2729.0769426369816,直连,,120.11755663365312,122.0
P00041,leg1-cruise,2720.719754081823,2730.6652193422283,直连,,107.08445911346726,122.0
P00057,leg1-cruise,2720.7552102203394,2730.6971298668927,直连,,109.08150248476184,122.0
P00003,leg1-cruise,2721.0373597746907,2725.99421212025,直连,,117.73732808499174,122.0
P00028,leg1-cruise,2722.092350618951,2726.9964534222972,直连,,109.1239088322982,122.0
P00044,leg1-cruise,2722.8210305450602,2727.4569055993848,直连,,95.07552563272336,122.0
P00003,leg1-cruise,2725.99421212025,2730.951064465809,直连,,117.99942170438437,122.0
P00028,leg1-cruise,2726.9964534222972,2731.9005562256434,直连,,109.34527062901708,122.0
P00044,leg1-cruise,2727.4569055993848,2732.0927806537093,直连,,95.80400893547849,122.0
P00118,leg2-climb,2729.0769426369816,2738.186689041871,直连,,120.11924062888079,122.0
P00041,leg1-cruise,2730.6652193422283,2740.6106846026332,直连,,107.52693255461647,122.0
P00057,leg1-cruise,2730.6971298668927,2740.6390495134465,直连,,109.43768496222555,122.0
P00003,leg1-cruise,2730.951064465809,2735.907916811368,直连,,118.25386894037278,122.0
P00028,leg1-cruise,2731.9005562256434,2741.7087618323358,直连,,109.66714101115436,122.0
P00044,leg1-cruise,2732.0927806537093,2736.7286557080333,直连,,96.52342921716617,122.0
P00003,leg1-cruise,2735.907916811368,2740.864769156927,直连,,118.50110163725203,122.0
P00044,leg1-cruise,2736.7286557080333,2741.364530762358,直连,,97.22183937830263,122.0
P00118,leg2-climb,2738.186689041871,2747.29643544676,直连,,120.1229392548603,122.0
P00041,leg1-cruise,2740.6106846026332,2750.5561498630386,直连,,107.94860167220779,122.0
P00057,leg1-cruise,2740.6390495134465,2750.5809691599998,直连,,109.78004380956577,122.0
P00003,leg1-cruise,2740.864769156927,2745.8216215024863,直连,,118.74151619156223,122.0
P00044,leg1-cruise,2741.364530762358,2746.0004058166824,直连,,97.89298959775782,122.0
P00028,leg1-cruise,2741.7087618323358,2746.612864635682,直连,,109.97757073695837,122.0
P00003,leg1-cruise,2745.8216215024863,2750.7784738480455,直连,,118.97547731479243,122.0
P00044,leg1-cruise,2746.0004058166824,2755.2721559253314,直连,,98.8433361827991,122.0
P00028,leg1-cruise,2746.612864635682,2751.516967439028,直连,,110.1785571521761,122.0
P00118,leg2-climb,2747.29643544676,2756.4061818516493,直连,,120.12707777445661,122.0
P00041,leg1-cruise,2750.5561498630386,2760.5016151234436,直连,,108.35127872290182,122.0
P00057,leg1-cruise,2750.5809691599998,2760.522888806553,直连,,110.10959704940575,122.0
P00003,leg1-cruise,2750.7784738480455,2755.735326193605,直连,,119.2033213114766,122.0
P00028,leg1-cruise,2751.516967439028,2756.4210702423743,直连,,110.37501981832153,122.0
P00044,leg1-cruise,2755.2721559253314,2759.908030979656,直连,,99.72575621936556,122.0
P00003,leg1-cruise,2755.735326193605,2760.692178539164,直连,,119.42535894539617,122.0
P00118,leg2-climb,2756.4061818516493,2765.5159282565387,直连,,120.13165492821403,122.0
P00028,leg1-cruise,2756.4210702423743,2761.32517304572,直连,,110.56715696208104,122.0
P00044,leg1-cruise,2759.908030979656,2764.5439060339804,直连,,100.27809364517472,122.0
P00041,leg1-cruise,2760.5016151234436,2770.4470803838485,直连,,108.73655632233063,122.0
P00057,leg1-cruise,2760.522888806553,2770.464808453107,直连,,110.42725580335505,122.0
P00003,leg1-cruise,2760.692178539164,2765.6490308847233,直连,,119.64187795430895,122.0
P00028,leg1-cruise,2761.32517304572,2766.229275849066,直连,,110.75515411859426,122.0
P00044,leg1-cruise,2764.5439060339804,2769.179781088305,直连,,100.8035380178592,122.0
P00118,leg2-climb,2765.5159282565387,2774.625674661428,直连,,120.13666932644956,122.0
P00003,leg1-cruise,2765.6490308847233,2770.6058832302824,直连,,119.8531452635254,122.0
P00028,leg1-cruise,2766.229275849066,2771.1333786524124,直连,,110.93918518746891,122.0
P00044,leg1-cruise,2769.179781088305,2773.8156561426295,直连,,101.30383351873216,122.0
P00041,leg1-cruise,2770.4470803838485,2780.392545644254,直连,,109.10584031812193,122.0
P00057,leg1-cruise,2770.464808453107,2780.40672809966,直连,,110.73383853849725,122.0
P00003,leg1-cruise,2770.6058832302824,2775.5627355758415,直连,,120.05940894044411,122.0
P00028,leg1-cruise,2771.1333786524124,2776.0374814557586,直连,,111.11941338166375,122.0
P00044,leg1-cruise,2773.8156561426295,2778.451531196954,直连,,101.78072211228616,122.0
P00118,leg2-climb,2774.625674661428,2783.735421066317,直连,,120.1421194506488,122.0
P00003,leg1-cruise,2775.5627355758415,2780.5195879214007,直连,,120.26089992552389,122.0
P00028,leg1-cruise,2776.0374814557586,2780.9415842591047,直连,,111.29599208199095,122.0
P00044,leg1-cruise,2778.451531196954,2783.0874062512785,直连,,102.23587978437537,122.0
P00041,leg1-cruise,2780.392545644254,2790.338010904659,直连,,109.46037699774158,122.0
P00057,leg1-cruise,2780.40672809966,2790.348647746214,直连,,111.030083053369,122.0
P00003,leg1-cruise,2780.5195879214007,2785.47644026696,直连,,120.45783356961053,122.0
P00028,leg1-cruise,2780.9415842591047,2785.845687062451,直连,,111.46906560824212,122.0
P00044,leg1-cruise,2783.0874062512785,2787.7232813056025,直连,,102.67088397958251,122.0
P00118,leg2-climb,2783.735421066317,2792.8451674712064,直连,,120.14800365498488,122.0
P00003,leg1-cruise,2785.47644026696,2790.433292612519,直连,,120.65041100294316,122.0
P00028,leg1-cruise,2785.845687062451,2790.749789865797,直连,,111.63876991644754,122.0
P00044,leg1-cruise,2787.7232813056025,2792.359156359927,直连,,103.08719958598213,122.0
P00041,leg1-cruise,2790.338010904659,2800.283476165064,直连,,109.80127569700369,122.0
P00057,leg1-cruise,2790.348647746214,2800.290567392767,直连,,111.31665661339461,122.0
P00003,leg1-cruise,2790.433292612519,2795.390144958078,直连,,120.83882035748952,122.0
P00028,leg1-cruise,2790.749789865797,2795.6538926691433,直连,,111.80523323059677,122.0
P00044,leg1-cruise,2792.359156359927,2796.9950314142516,直连,,103.48617573848486,122.0
P00118,leg2-climb,2792.8451674712064,2801.954913876096,直连,,120.1543201679576,122.0
P00003,leg1-cruise,2795.390144958078,2800.3469973036376,直连,,121.02323786097466,122.0
P00028,leg1-cruise,2795.6538926691433,2800.5579954724894,直连,,111.96857661602407,122.0
P00044,leg1-cruise,2796.9950314142516,2801.630906468576,直连,,103.86904873371952,122.0
P00041,leg1-cruise,2800.283476165064,2810.228941425469,直连,,110.12952766822349,122.0
P00057,leg1-cruise,2800.290567392767,2810.232487039321,直连,,111.59416456316836,122.0
P00003,leg1-cruise,2800.3469973036376,2805.3038496491968,直连,,121.20382881843098,122.0
P00028,leg1-cruise,2800.5579954724894,2805.4620982758356,直连,,112.12891450078804,122.0
P00044,leg1-cruise,2801.630906468576,2806.2667815229006,直连,,104.2369482030063,122.0
P00118,leg2-climb,2801.954913876096,2811.0646602809848,直连,,120.16106709414905,122.0
P00003,leg1-cruise,2805.3038496491968,2810.260701994756,直连,,121.38074849482098,122.0
P00028,leg1-cruise,2805.4620982758356,2810.366201079182,直连,,112.28635515061004,122.0
P00044,leg1-cruise,2806.2667815229006,2810.902656577225,直连,,104.59090482803828,122.0
P00041,leg1-cruise,2810.228941425469,2820.174406685874,直连,,110.44602189755162,122.0
P00057,leg1-cruise,2810.232487039321,2815.2034468625975,直连,,111.79667941333895,122.0
P00003,leg1-cruise,2810.260701994756,2815.217554340315,直连,,121.55414291044859,122.0
P00028,leg1-cruise,2810.366201079182,2815.270303882528,直连,,112.44100110218933,122.0
P00044,leg1-cruise,2810.902656577225,2815.5385316315496,直连,,104.93185858382425,122.0
P00118,leg2-climb,2811.0646602809848,2820.174406685874,直连,,120.16824241609243,122.0
P00057,leg1-cruise,2815.2034468625975,2820.174406685874,直连,,111.92913538227306,122.0
P00003,leg1-cruise,2815.217554340315,2820.174406685874,直连,,121.72414955927545,122.0
P00028,leg1-cruise,2815.270303882528,2820.174406685874,直连,,112.59294955921965,122.0
P00044,leg1-cruise,2815.5385316315496,2820.174406685874,直连,,105.26066692268945,122.0
P00003,leg1-cruise,2820.174406685874,2820.1970246513333,直连,,121.80830368202426,122.0
P00028,leg1-cruise,2820.174406685874,2820.1970246513333,直连,,112.66828560891852,122.0
P00041,leg1-cruise,2820.174406685874,2820.1970246513333,直连,,110.60046040993373,122.0
P00044,leg1-cruise,2820.174406685874,2820.1970246513333,直连,,105.42153816802363,122.0
P00057,leg1-cruise,2820.174406685874,2820.1970246513333,直连,,111.99491677984668,122.0
P00118,leg2-climb,2820.174406685874,2820.1970246513333,直连,,120.1719994992902,122.0
P00003,leg1-cruise,2820.1970246513333,2820.796713622597,直连,,121.81876381624944,122.0
P00028,leg1-cruise,2820.1970246513333,2820.796713622597,直连,,112.67775531787916,122.0
P00041,leg1-cruise,2820.1970246513333,2820.796713622597,直连,,110.61001292354085,122.0
P00044,leg1-cruise,2820.1970246513333,2820.796713622597,直连,,105.44281616134238,122.0
P00057,leg1-cruise,2820.1970246513333,2820.796713622597,直连,,112.00308004714421,122.0
P00118,leg2-climb,2820.1970246513333,2820.796713622597,直连,,120.17225940889386,122.0
P00003,leg1-cruise,2820.796713622597,2825.621537279303,直连,,121.90941383925673,122.0
P00028,leg1-cruise,2820.796713622597,2825.621537279303,直连,,112.7598675531307,122.0
P00041,leg1-cruise,2820.796713622597,2830.4463609360096,直连,,110.76587129921539,122.0
P00044,leg1-cruise,2820.796713622597,2825.621537279303,直连,,105.62622727084153,122.0
P00057,leg1-cruise,2820.796713622597,2830.4463609360096,中继,RU-002,112.13644518300886,122.0
P00118,leg2-climb,2820.796713622597,2830.0490937547893,直连,,120.17644018724124,122.0
P00003,leg1-cruise,2825.621537279303,2830.4463609360096,中继,RU-002,122.06837267211853,122.0
P00028,leg1-cruise,2825.621537279303,2830.4463609360096,中继,RU-002,112.9040502490279,122.0
P00044,leg1-cruise,2825.621537279303,2830.4463609360096,直连,,105.94366481639359,122.0
P00118,leg2-climb,2830.0490937547893,2839.3014738869815,直连,,120.18462747834009,122.0
P00003,leg1-cruise,2830.4463609360096,2840.096008249422,中继,RU-002,122.30149430405848,122.0
P00028,leg1-cruise,2830.4463609360096,2835.271184592716,中继,RU-002,123.04588466900653,122.0
P00041,leg1-cruise,2830.4463609360096,2840.096008249422,直连,,111.0520725927221,122.0
P00044,leg1-cruise,2830.4463609360096,2835.271184592716,直连,,106.25040918821396,122.0
P00057,leg1-cruise,2830.4463609360096,2840.096008249422,中继,RU-002,122.38218592850345,122.0
P00028,leg1-cruise,2835.271184592716,2840.096008249422,中继,RU-002,123.18544588944499,122.0
P00044,leg1-cruise,2835.271184592716,2840.096008249422,直连,,106.54712396234054,122.0
P00118,leg2-cruise,2839.3014738869815,2844.258719937428,直连,,120.21492074616242,122.0
P00003,leg1-cruise,2840.096008249422,2844.9208319061286,中继,RU-002,122.52853134721498,122.0
P00028,leg1-cruise,2840.096008249422,2844.9208319061286,中继,RU-002,123.32280545171889,122.0
P00041,leg1-cruise,2840.096008249422,2849.745655562835,直连,,111.32926508322204,122.0
P00044,leg1-cruise,2840.096008249422,2844.9208319061286,直连,,106.8344161932192,122.0
P00057,leg1-cruise,2840.096008249422,2849.745655562835,中继,RU-002,122.62121586201373,122.0
P00118,leg2-cruise,2844.258719937428,2849.2159659878744,直连,,110.26995839732336,122.0
P00003,leg1-cruise,2844.9208319061286,2849.745655562835,中继,RU-002,122.67666266365144,122.0
P00028,leg1-cruise,2844.9208319061286,2849.745655562835,中继,RU-002,123.45803158017821,122.0
P00044,leg1-cruise,2844.9208319061286,2849.745655562835,直连,,107.11284218879129,122.0
P00118,leg2-cruise,2849.2159659878744,2854.173212038321,直连,,110.32881751124509,122.0
P00003,leg1-cruise,2849.745655562835,2854.570479219541,中继,RU-002,122.82231339906927,122.0
P00028,leg1-cruise,2849.745655562835,2859.3953028762476,中继,RU-002,123.65701220416896,122.0
P00041,leg1-cruise,2849.745655562835,2859.3953028762476,直连,,111.59799141680041,122.0
P00044,leg1-cruise,2849.745655562835,2854.570479219541,直连,,107.38291264888458,122.0
P00057,leg1-cruise,2849.745655562835,2859.3953028762476,中继,RU-002,122.8538891330603,122.0
P00118,leg2-cruise,2854.173212038321,2859.130458088767,直连,,110.39133530379111,122.0
P00003,leg1-cruise,2854.570479219541,2859.3953028762476,中继,RU-002,122.96556515307654,122.0
P00044,leg1-cruise,2854.570479219541,2859.3953028762476,直连,,107.64509723100643,122.0
P00118,leg2-cruise,2859.130458088767,2864.0877041392137,直连,,110.45734452410994,122.0
P00003,leg1-cruise,2859.3953028762476,2864.220126532954,中继,RU-002,123.10649556923205,122.0
P00028,leg1-cruise,2859.3953028762476,2864.220126532954,中继,RU-002,123.8515459775008,122.0
P00041,leg1-cruise,2859.3953028762476,2864.220126532954,直连,,111.79428004587967,122.0
P00044,leg1-cruise,2859.3953028762476,2864.220126532954,直连,,107.89982860543627,122.0
P00057,leg1-cruise,2859.3953028762476,2869.04495018966,中继,RU-002,123.0805327748033,122.0
P00118,leg2-cruise,2864.0877041392137,2869.04495018966,直连,,110.52667470706426,122.0
P00003,leg1-cruise,2864.220126532954,2869.04495018966,中继,RU-002,123.24517858637077,122.0
P00028,leg1-cruise,2864.220126532954,2869.04495018966,中继,RU-002,123.97886101823788,122.0
P00041,leg1-cruise,2864.220126532954,2869.04495018966,直连,,121.9227448852278,122.0
P00044,leg1-cruise,2864.220126532954,2869.04495018966,直连,,108.14750605726309,122.0
P00003,leg1-cruise,2869.04495018966,2873.9706463965153,中继,RU-002,123.38310037952907,122.0
P00028,leg1-cruise,2869.04495018966,2873.9706463965153,中继,RU-002,124.10564273531867,122.0
P00041,leg1-cruise,2869.04495018966,2878.8963426033706,中继,RU-002,122.11459558001638,122.0
P00044,leg1-cruise,2869.04495018966,2873.9706463965153,直连,,108.390983830473,122.0
P00057,leg1-cruise,2869.04495018966,2869.910049848564,中继,RU-002,123.20158549397475,122.0
P00118,leg2-cruise,2869.04495018966,2873.9706463965153,直连,,110.59891791635785,122.0
P00057,leg1-descent,2869.910049848564,2879.2513741370685,中继,RU-002,123.20971331785198,122.0
P00003,leg1-cruise,2873.9706463965153,2878.8963426033706,中继,RU-002,123.52026235499142,122.0
P00028,leg1-cruise,2873.9706463965153,2878.8963426033706,中继,RU-002,124.23188750294152,122.0
P00044,leg1-cruise,2873.9706463965153,2878.8963426033706,直连,,108.63040794165717,122.0
P00118,leg2-cruise,2873.9706463965153,2878.8963426033706,直连,,110.67387328174067,122.0
P00003,leg1-cruise,2878.8963426033706,2883.822038810226,中继,RU-002,123.65529435792475,122.0
P00028,leg1-cruise,2878.8963426033706,2883.822038810226,中继,RU-002,124.35632705847149,122.0
P00041,leg1-cruise,2878.8963426033706,2888.747735017081,中继,RU-002,122.36573436832423,122.0
P00044,leg1-cruise,2878.8963426033706,2883.822038810226,直连,,108.86356124252765,122.0
P00118,leg2-cruise,2878.8963426033706,2883.822038810226,直连,,110.75159659649923,122.0
P00057,leg1-descent,2879.2513741370685,2888.592698425573,中继,RU-002,123.20636803012714,122.0
P00003,leg1-cruise,2883.822038810226,2888.747735017081,中继,RU-002,123.788261455734,122.0
P00028,leg1-cruise,2883.822038810226,2888.747735017081,中继,RU-002,124.47901220577089,122.0
P00044,leg1-cruise,2883.822038810226,2888.747735017081,直连,,109.09075607715242,122.0
P00118,leg2-cruise,2883.822038810226,2888.747735017081,直连,,110.83191898878565,122.0
P00057,leg1-descent,2888.592698425573,2897.9340227140774,中继,RU-002,123.20324957776361,122.0
P00003,leg1-cruise,2888.747735017081,2893.6734312239364,中继,RU-002,123.91922578227619,122.0
P00028,leg1-cruise,2888.747735017081,2893.6734312239364,中继,RU-002,124.59999163766685,122.0
P00041,leg1-cruise,2888.747735017081,2898.5991274307917,中继,RU-002,122.60988461374231,122.0
P00044,leg1-cruise,2888.747735017081,2893.6734312239364,直连,,109.31228261064096,122.0
P00118,leg2-cruise,2888.747735017081,2893.6734312239364,直连,,110.9146735028805,122.0
P00003,leg1-cruise,2893.6734312239364,2898.5991274307917,中继,RU-002,124.04824671141226,122.0
P00028,leg1-cruise,2893.6734312239364,2898.5991274307917,中继,RU-002,124.71931205110091,122.0
P00044,leg1-cruise,2893.6734312239364,2898.5991274307917,直连,,109.52841082042194,122.0
P00118,leg2-cruise,2893.6734312239364,2898.5991274307917,直连,,110.99969585094644,122.0
P00057,leg1-descent,2897.9340227140774,2907.275347002582,中继,RU-002,123.2003584515223,122.0
P00003,leg1-cruise,2898.5991274307917,2903.524823637647,中继,RU-002,124.17538101792516,122.0
P00028,leg1-cruise,2898.5991274307917,2903.524823637647,中继,RU-002,124.83701825455195,122.0
P00041,leg1-cruise,2898.5991274307917,2908.450519844502,中继,RU-002,122.84742108330975,122.0
P00044,leg1-cruise,2898.5991274307917,2903.524823637647,直连,,109.73939227655703,122.0
P00118,leg2-cruise,2898.5991274307917,2903.524823637647,直连,,111.0868250744057,122.0
P00003,leg1-cruise,2903.524823637647,2908.450519844502,中继,RU-002,124.30068302688515,122.0
P00028,leg1-cruise,2903.524823637647,2908.450519844502,中继,RU-002,124.95315326833966,122.0
P00044,leg1-cruise,2903.524823637647,2908.450519844502,直连,,109.94546173624995,122.0
P00118,leg2-cruise,2903.524823637647,2908.450519844502,直连,,111.1759041161959,122.0
P00057,leg1-descent,2907.275347002582,2916.6166712910863,中继,RU-002,123.19769510712479,122.0
P00003,leg1-cruise,2908.450519844502,2913.3762160513575,中继,RU-002,124.42420475245251,122.0
P00028,leg1-cruise,2908.450519844502,2913.3762160513575,中继,RU-002,125.06775841836428,122.0
P00041,leg1-cruise,2908.450519844502,2918.3019122582127,中继,RU-002,123.07868946587926,122.0
P00044,leg1-cruise,2908.450519844502,2913.3762160513575,直连,,110.14683857439097,122.0
P00118,leg2-cruise,2908.450519844502,2913.3762160513575,直连,,111.26678030655536,122.0
P00003,leg1-cruise,2913.3762160513575,2918.3019122582127,中继,RU-002,124.54599602699594,122.0
P00028,leg1-cruise,2913.3762160513575,2918.3019122582127,中继,RU-002,125.180873423799,122.0
P00044,leg1-cruise,2913.3762160513575,2918.3019122582127,直连,,110.34372806919849,122.0
P00118,leg2-cruise,2913.3762160513575,2918.3019122582127,直连,,111.35930576623328,122.0
P00057,leg1-descent,2916.6166712910863,2925.9579955795907,中继,RU-002,123.1952599650152,122.0
P00003,leg1-cruise,2918.3019122582127,2928.1533046719233,中继,RU-002,124.7255423058053,122.0
P00028,leg1-cruise,2918.3019122582127,2923.227608465068,中继,RU-002,125.29253647918345,122.0
P00041,leg1-cruise,2918.3019122582127,2928.1533046719233,中继,RU-002,123.30400927607583,122.0
P00044,leg1-cruise,2918.3019122582127,2923.227608465068,直连,,110.53632255970528,122.0
P00118,leg2-cruise,2918.3019122582127,2923.227608465068,直连,,111.45333773176256,122.0
P00028,leg1-cruise,2923.227608465068,2928.1533046719233,中继,RU-002,125.40278433135329,122.0
P00044,leg1-cruise,2923.227608465068,2928.1533046719233,直连,,110.72480248962154,122.0
P00118,leg2-cruise,2923.227608465068,2928.1533046719233,直连,,121.54873880820006,122.0
P00057,leg1-descent,2925.9579955795907,2935.299319868095,中继,RU-002,123.1930534101401,122.0
P00003,leg1-cruise,2928.1533046719233,2933.0790008787785,中继,RU-002,124.90145520963841,122.0
P00028,leg1-cruise,2928.1533046719233,2933.0790008787785,中继,RU-002,125.51165235158479,122.0
P00041,leg1-cruise,2928.1533046719233,2938.004697085634,中继,RU-002,123.52367640809577,122.0
P00044,leg1-cruise,2928.1533046719233,2933.0790008787785,直连,,110.90933735030384,122.0
P00118,leg2-cruise,2928.1533046719233,2933.0790008787785,直连,,121.6453771550555,122.0
P00003,leg1-cruise,2933.0790008787785,2938.004697085634,中继,RU-002,125.01678340912238,122.0
P00028,leg1-cruise,2933.0790008787785,2938.004697085634,中继,RU-002,125.61917460330558,122.0
P00044,leg1-cruise,2933.0790008787785,2938.004697085634,直连,,111.09008653405382,122.0
P00118,leg2-cruise,2933.0790008787785,2938.004697085634,直连,,111.74312661150387,122.0
P00057,S007-handoff,2935.299319868095,2941.5777046837197,中继,RU-002,123.19203596345481,122.0
P00003,leg1-cruise,2938.004697085634,2942.930393292489,中继,RU-002,125.1306015282976,122.0
P00028,leg1-cruise,2938.004697085634,2942.930393292489,中继,RU-002,125.72538390569476,122.0
P00041,leg1-cruise,2938.004697085634,2947.8560894993443,中继,RU-002,123.73796538835427,122.0
P00044,leg1-cruise,2938.004697085634,2942.930393292489,直连,,111.26720010752382,122.0
P00118,leg2-cruise,2938.004697085634,2942.930393292489,直连,,111.84186676696699,122.0
P00057,S007-handoff,2941.5777046837197,2947.8560894993443,中继,RU-002,123.19203596345481,122.0
P00003,leg1-cruise,2942.930393292489,2947.8560894993443,中继,RU-002,125.24294856967398,122.0
P00028,leg1-cruise,2942.930393292489,2947.8560894993443,中继,RU-002,125.83031189347369,122.0
P00044,leg1-cruise,2942.930393292489,2947.8560894993443,直连,,111.44081951380932,122.0
P00118,leg2-cruise,2942.930393292489,2947.8560894993443,直连,,111.9414829830818,122.0
P00003,leg1-cruise,2947.8560894993443,2956.4960291910993,中继,RU-002,125.39531477991645,122.0
P00028,leg1-cruise,2947.8560894993443,2956.4960291910993,中继,RU-002,125.97275958764732,122.0
P00041,leg1-cruise,2947.8560894993443,2956.4960291910993,中继,RU-002,123.93441381357903,122.0
P00044,leg1-cruise,2947.8560894993443,2952.176059345222,直连,,111.60070420259686,122.0
P00057,S007-handoff,2947.8560894993443,2956.4960291910993,中继,RU-002,123.19203596345481,122.0
P00118,leg2-cruise,2947.8560894993443,2956.4960291910993,中继,RU-002,112.0798913912066,122.0
P00044,leg1-cruise,2952.176059345222,2956.4960291910993,直连,,121.74753093363346,122.0
P00003,leg1-cruise,2956.4960291910993,2960.710334926439,中继,RU-002,125.53726729082912,122.0
P00028,leg1-cruise,2956.4960291910993,2964.924640661779,中继,RU-002,126.14873778950182,122.0
P00041,leg1-cruise,2956.4960291910993,2964.924640661779,中继,RU-002,124.11191245573727,122.0
P00044,leg1-cruise,2956.4960291910993,2964.924640661779,中继,RU-002,121.95979552981291,122.0
P00057,S007-handoff,2956.4960291910993,2964.924640661779,中继,RU-002,123.19203596345481,122.0
P00118,leg2-cruise,2956.4960291910993,2964.924640661779,中继,RU-002,122.25569790038458,122.0
P00003,leg1-cruise,2960.710334926439,2973.353252132459,中继,RU-002,125.629103641877,122.0
P00028,leg1-cruise,2964.924640661779,2973.353252132459,中继,RU-002,126.31911070669966,122.0
P00041,leg1-cruise,2964.924640661779,2973.353252132459,中继,RU-002,124.28374670160835,122.0
P00044,leg1-cruise,2964.924640661779,2973.353252132459,中继,RU-002,122.23281681860222,122.0
P00057,S007-handoff,2964.924640661779,2973.353252132459,中继,RU-002,123.19203596345481,122.0
P00118,leg2-cruise,2964.924640661779,2973.353252132459,中继,RU-002,122.43070083552134,122.0
P00003,leg1-cruise,2973.353252132459,2981.781863603139,中继,RU-002,125.94309806643805,122.0
P00028,leg1-cruise,2973.353252132459,2981.781863603139,中继,RU-002,126.48620975114946,122.0
P00041,leg1-cruise,2973.353252132459,2981.781863603139,中继,RU-002,124.45226826514943,122.0
P00044,leg1-cruise,2973.353252132459,2977.567557867799,中继,RU-002,122.43215042375788,122.0
P00057,S007-handoff,2973.353252132459,2981.781863603139,中继,RU-002,123.19203596345481,122.0
P00118,leg2-cruise,2973.353252132459,2981.781863603139,中继,RU-002,122.60664378305886,122.0
P00044,leg1-cruise,2977.567557867799,2981.781863603139,中继,RU-002,122.56256706951251,122.0
P00003,leg1-cruise,2981.781863603139,2990.2104750738185,中继,RU-002,126.1175582986734,122.0
P00028,leg1-cruise,2981.781863603139,2990.2104750738185,中继,RU-002,126.65015823352832,122.0
P00041,leg1-cruise,2981.781863603139,2990.2104750738185,中继,RU-002,124.61760166649292,122.0
P00044,leg1-cruise,2981.781863603139,2990.2104750738185,中继,RU-002,122.75462614950838,122.0
P00057,S007-handoff,2981.781863603139,2990.2104750738185,中继,RU-002,123.19203596345481,122.0
P00118,leg2-cruise,2981.781863603139,2990.2104750738185,中继,RU-002,122.78314740876155,122.0
P00003,leg1-cruise,2990.2104750738185,2998.6390865444987,中继,RU-002,126.28858527684261,122.0
P00028,leg1-cruise,2990.2104750738185,2998.6390865444987,中继,RU-002,126.8110726338734,122.0
P00041,leg1-cruise,2990.2104750738185,2998.6390865444987,中继,RU-002,124.77986457721738,122.0
P00044,leg1-cruise,2990.2104750738185,2994.4247808091586,中继,RU-002,122.9425675709148,122.0
P00057,S007-handoff,2990.2104750738185,2998.6390865444987,中继,RU-002,123.19203596345481,122.0
P00118,leg2-cruise,2990.2104750738185,2994.4247808091586,中继,RU-002,122.91568787777173,122.0
P00044,leg1-cruise,2994.4247808091586,2998.6390865444987,中继,RU-002,123.06565929445651,122.0
P00118,leg2-cruise,2994.4247808091586,2998.6390865444987,中继,RU-002,123.00405305416176,122.0
P00003,leg1-cruise,2998.6390865444987,3007.0676980151784,中继,RU-002,126.45631144083141,122.0
P00028,leg1-cruise,2998.6390865444987,3007.0676980151784,中继,RU-002,126.96906309641932,122.0
P00041,leg1-cruise,2998.6390865444987,3007.0676980151784,中继,RU-002,124.93916831044403,122.0
P00044,leg1-cruise,2998.6390865444987,3002.8533922798388,中继,RU-002,123.1870454553965,122.0
P00057,S007-handoff,2998.6390865444987,3007.0676980151784,中继,RU-002,123.19203596345481,122.0
P00118,leg2-cruise,2998.6390865444987,3007.0676980151784,中继,RU-002,113.1365197218744,122.0
P00044,leg1-cruise,3002.8533922798388,3007.0676980151784,中继,RU-002,123.30677227385047,122.0
P00003,leg1-cruise,3007.0676980151784,3016.3700567892174,中继,RU-002,126.62930637845965,122.0
P00028,leg1-cruise,3007.0676980151784,3011.718877402198,中继,RU-002,127.0897025701671,122.0
P00041,leg1-cruise,3007.0676980151784,3016.3700567892174,中继,RU-002,125.1036515104983,122.0
P00044,leg1-cruise,3007.0676980151784,3011.718877402198,中继,RU-002,123.43096291174786,122.0
P00057,S007-handoff,3007.0676980151784,3016.3700567892174,中继,RU-002,123.19203596345481,122.0
P00118,leg2-cruise,3007.0676980151784,3007.067698015179,直连,,113.22472908591247,122.0
P00118,leg2-descent,3007.067698015179,3016.3700567892174,直连,,113.22302329252182,122.0
P00028,leg1-cruise,3011.718877402198,3016.3700567892174,中继,RU-002,127.17449415578048,122.0
P00044,leg1-cruise,3011.718877402198,3016.3700567892174,中继,RU-002,123.55940659322196,122.0
P00146,leg1-climb,3014.0,3016.3700567892174,直连,,64.37485739825355,122.0
P00003,leg1-cruise,3016.3700567892174,3024.7167092859167,中继,RU-002,126.79814821658273,122.0
P00028,leg1-cruise,3016.3700567892174,3021.369884536254,中继,RU-002,127.26159832594968,122.0
P00041,leg1-cruise,3016.3700567892174,3025.685839179863,中继,RU-002,125.27309334945885,122.0
P00044,leg1-cruise,3016.3700567892174,3021.291918647312,中继,RU-002,123.68964870450577,122.0
P00057,S007-handoff,3016.3700567892174,3026.2876924106695,中继,RU-002,123.19203596345481,122.0
P00118,leg2-descent,3016.3700567892174,3025.672415563256,中继,RU-002,113.21971848165481,122.0
P00146,leg1-climb,3016.3700567892174,3025.586486105202,直连,,39.46873216585127,122.0
P00044,leg1-cruise,3021.291918647312,3026.213780505406,中继,RU-002,123.82158207628245,122.0
P00028,leg1-cruise,3021.369884536254,3026.369712283291,中继,RU-002,127.35093798882528,122.0
P00003,leg1-cruise,3024.7167092859167,3028.8900355342666,中继,RU-002,126.91596410553687,122.0
P00146,leg1-climb,3025.586486105202,3034.8029154211868,直连,,69.17671598104869,122.0
P00118,leg2-descent,3025.672415563256,3034.9747743372945,中继,RU-002,123.21655630990297,122.0
P00041,leg1-cruise,3025.685839179863,3035.001621570508,中继,RU-002,125.43942765539936,122.0
P00044,leg1-cruise,3026.213780505406,3031.1356423634998,中继,RU-002,123.95155528322414,122.0
P00057,S007-handoff,3026.2876924106695,3036.2053280321215,中继,RU-002,123.19203596345481,122.0
P00028,leg1-cruise,3026.369712283291,3031.3695400303277,中继,RU-002,127.43936891578656,122.0
P00003,leg1-cruise,3028.8900355342666,3033.063361782616,中继,RU-002,126.99362989583229,122.0
P00044,leg1-cruise,3031.1356423634998,3036.0575042215937,中继,RU-002,124.07962530854387,122.0
P00028,leg1-cruise,3031.3695400303277,3036.3693677773645,中继,RU-002,127.52690939054332,122.0
P00003,leg1-cruise,3033.063361782616,3041.410014279316,中继,RU-002,127.1088423846891,122.0
P00146,leg1-climb,3034.8029154211868,3044.019344737171,直连,,75.05411018113037,122.0
P00118,leg2-descent,3034.9747743372945,3044.2771331113327,中继,RU-002,123.21353709085382,122.0
P00041,leg1-cruise,3035.001621570508,3044.317403961154,中继,RU-002,125.60265128235001,122.0
P00044,leg1-cruise,3036.0575042215937,3040.9793660796877,中继,RU-002,124.20584670368216,122.0
P00057,S007-handoff,3036.2053280321215,3046.1229636535736,中继,RU-002,123.19203596345481,122.0
P00028,leg1-cruise,3036.3693677773645,3041.369195524401,中继,RU-002,127.61357715099153,122.0
P00044,leg1-cruise,3040.9793660796877,3045.901227937782,中继,RU-002,124.3302717237553,122.0
P00028,leg1-cruise,3041.369195524401,3046.369023271438,中继,RU-002,127.69938941070383,122.0
P00003,leg1-cruise,3041.410014279316,3049.756666776015,中继,RU-002,127.26012070731186,122.0
P00146,leg1-climb,3044.019344737171,3053.235774053156,直连,,78.52767059547072,122.0
P00118,leg2-descent,3044.2771331113327,3053.579491885371,中继,RU-002,123.21066112441676,122.0
P00041,leg1-cruise,3044.317403961154,3053.6331863517994,中继,RU-002,125.76287789063353,122.0
P00044,leg1-cruise,3045.901227937782,3050.823089795876,中继,RU-002,124.45295045374628,122.0
P00057,S007-handoff,3046.1229636535736,3056.040599275026,中继,RU-002,123.19203596345481,122.0
P00028,leg1-cruise,3046.369023271438,3051.3688510184747,中继,RU-002,127.7843628793774,122.0
P00140,leg1-climb,3049.0,3058.690440673828,直连,,54.804977507866845,122.0
P00003,leg1-cruise,3049.756666776015,3053.929993024365,中继,RU-002,127.37187583435662,122.0
P00044,leg1-cruise,3050.823089795876,3055.74495165397,中继,RU-002,124.57393092623668,122.0
P00028,leg1-cruise,3051.3688510184747,3056.368678765512,中继,RU-002,127.86851378229136,122.0
P00146,leg1-climb,3053.235774053156,3062.4522033691405,直连,,81.00221199818706,122.0
P00118,leg2-descent,3053.579491885371,3062.88185065941,中继,RU-002,123.20792869672476,122.0
P00041,leg1-cruise,3053.6331863517994,3062.948968742445,中继,RU-002,125.92021505159526,122.0
P00003,leg1-cruise,3053.929993024365,3058.1033192727145,中继,RU-002,127.44558867156215,122.0
P00044,leg1-cruise,3055.74495165397,3060.6668135120644,中继,RU-002,124.69325923128523,122.0
P00057,S007-handoff,3056.040599275026,3065.958234896478,中继,RU-002,123.19203596345481,122.0
P00028,leg1-cruise,3056.368678765512,3061.3685065125487,中继,RU-002,127.95185787883847,122.0
P00003,leg1-descent,3058.1033192727145,3067.0487446877537,中继,RU-002,127.48193856321288,122.0
P00140,leg1-climb,3058.690440673828,3068.380881347656,直连,,67.51503459175092,122.0
P00044,leg1-cruise,3060.6668135120644,3065.5886753701584,中继,RU-002,124.81097961913372,122.0
P00028,leg1-cruise,3061.3685065125487,3066.3683342595855,中继,RU-002,128.03441048017612,122.0
P00146,leg1-cruise,3062.4522033691405,3072.297003371551,直连,,82.88803137899009,122.0
P00118,leg2-descent,3062.88185065941,3072.184209433448,中继,RU-002,123.20534008004037,122.0
P00041,leg1-cruise,3062.948968742445,3072.26475113309,中继,RU-002,126.07476467290441,122.0
P00044,leg1-cruise,3065.5886753701584,3070.5105372282524,中继,RU-002,124.92713459622485,122.0
P00057,S007-handoff,3065.958234896478,3075.8758705179303,中继,RU-002,123.19203596345481,122.0
P00028,leg1-cruise,3066.3683342595855,3071.3681620066222,中继,RU-002,128.1161864660516,122.0
P00003,leg1-descent,3067.0487446877537,3075.994170102793,中继,RU-002,127.48145071864766,122.0
P00140,leg1-climb,3068.380881347656,3078.0713220214843,直连,,74.48686069242557,122.0
P00044,leg1-cruise,3070.5105372282524,3075.4323990863463,中继,RU-002,125.04176501510578,122.0
P00028,leg1-cruise,3071.3681620066222,3076.367989753659,中继,RU-002,128.1972003008479,122.0
P00118,leg2-descent,3072.184209433448,3081.4865682074865,中继,RU-002,123.2028955326659,122.0
P00041,leg1-cruise,3072.26475113309,3081.5805335237355,中继,RU-002,126.2266233875219,122.0
P00146,leg1-cruise,3072.297003371551,3082.141803373961,直连,,86.78603148801345,122.0
P00044,leg1-cruise,3075.4323990863463,3080.3542609444403,中继,RU-002,125.1549101586221,122.0
P00057,S007-handoff,3075.8758705179303,3085.7935061393823,中继,RU-002,123.19203596345481,122.0
P00003,leg1-descent,3075.994170102793,3084.9395955178315,中继,RU-002,127.48104138237362,122.0
P00028,leg1-descent,3076.367989753659,3084.52873633569,中继,RU-002,128.23712948451592,122.0
P00140,leg1-climb,3078.0713220214843,3087.7617626953124,直连,,78.30394043774598,122.0
P00044,leg1-cruise,3080.3542609444403,3085.2761228025347,中继,RU-002,125.26660781887706,122.0
P00118,leg2-descent,3081.4865682074865,3090.788926981525,中继,RU-002,123.20059529885826,122.0
P00041,leg1-cruise,3081.5805335237355,3090.8963159143814,中继,RU-002,126.37588290999291,122.0
P00146,leg1-cruise,3082.141803373961,3091.9866033763715,直连,,90.18027175653813,122.0
P00028,leg1-descent,3084.52873633569,3092.6894829177213,中继,RU-002,128.23657795710423,122.0
P00003,leg1-descent,3084.9395955178315,3093.8850209328707,中继,RU-002,127.48071057659628,122.0
P00044,leg1-cruise,3085.2761228025347,3090.1979846606287,中继,RU-002,125.37689437129201,122.0
P00057,S007-handoff,3085.7935061393823,3095.7111417608344,中继,RU-002,123.19203596345481,122.0
P00140,leg1-climb,3087.7617626953124,3097.4522033691405,直连,,80.9466621390307,122.0
P00044,leg1-cruise,3090.1979846606287,3095.1198465187226,中继,RU-002,125.48580484417433,122.0
P00118,leg2-descent,3090.788926981525,3100.0912857555636,中继,RU-002,123.198439608748,122.0
P00041,leg1-cruise,3090.8963159143814,3100.2120983050268,中继,RU-002,126.52263036328523,122.0
P00146,leg1-cruise,3091.9866033763715,3101.8314033787815,直连,,92.76534277947933,122.0
P00028,leg1-descent,3092.6894829177213,3100.850229499753,中继,RU-002,128.2360813100873,122.0
P00003,S002-handoff,3093.8850209328707,3103.6111698379996,中继,RU-002,127.4805746284193,122.0
P00044,leg1-cruise,3095.1198465187226,3100.041708376817,中继,RU-002,125.5933729840726,122.0
P00057,S007-handoff,3095.7111417608344,3105.6287773822864,中继,RU-002,123.19203596345481,122.0
P00140,leg1-cruise,3097.4522033691405,3106.955403372003,直连,,82.83388391976511,122.0
P00044,leg1-cruise,3100.041708376817,3104.963570234911,中继,RU-002,125.69963131723878,122.0
P00118,leg2-descent,3100.0912857555636,3109.393644529602,中继,RU-002,123.1964286782631,122.0
P00041,leg1-cruise,3100.2120983050268,3109.527880695672,中继,RU-002,126.66694857903299,122.0
P00028,leg1-descent,3100.850229499753,3109.010976081784,中继,RU-002,128.23563956230262,122.0
P00146,leg1-cruise,3101.8314033787815,3111.676203381192,直连,,94.80134966906324,122.0
P00003,S002-handoff,3103.6111698379996,3113.337318743129,中继,RU-002,127.4805746284193,122.0
P00044,leg1-cruise,3104.963570234911,3109.885432093005,中继,RU-002,125.80461120748461,122.0
P00057,S007-handoff,3105.6287773822864,3115.546413003739,中继,RU-002,123.19203596345481,122.0
P00140,leg1-cruise,3106.955403372003,3116.458603374865,直连,,86.58401971843352,122.0
P00028,leg1-descent,3109.010976081784,3117.171722663815,中继,RU-002,128.23525273050964,122.0
P00118,leg2-descent,3109.393644529602,3118.6960033036403,中继,RU-002,123.19456270905718,122.0
P00041,leg1-cruise,3109.527880695672,3118.8436630863175,中继,RU-002,126.80891637373412,122.0
P00044,leg1-cruise,3109.885432093005,3114.807293951099,中继,RU-002,125.90834291064061,122.0
P00146,leg1-cruise,3111.676203381192,3121.521003383602,直连,,96.46806119642989,122.0
P00003,S002-handoff,3113.337318743129,3123.0634676482578,中继,RU-002,127.4805746284193,122.0
P00044,leg1-cruise,3114.807293951099,3119.729155809193,中继,RU-002,126.01085562590822,122.0
P00057,S007-handoff,3115.546413003739,3125.464048625191,中继,RU-002,123.19203596345481,122.0
P00140,leg1-cruise,3116.458603374865,3125.961803377727,直连,,89.92177895169971,122.0
P00028,S008-handoff,3117.171722663815,3126.6239855746094,中继,RU-002,128.23507991277862,122.0
P00118,leg2-descent,3118.6960033036403,3127.998362077679,中继,RU-002,123.19284188844242,122.0
P00041,leg1-cruise,3118.8436630863175,3128.1594454769634,中继,RU-002,126.94860880316361,122.0
P00044,leg1-cruise,3119.729155809193,3124.6510176672873,中继,RU-002,126.11217754425472,122.0
P00146,leg1-cruise,3121.521003383602,3131.3658033860124,直连,,97.87457833256127,122.0
P00003,S002-handoff,3123.0634676482578,3132.789616553387,中继,RU-002,127.4805746284193,122.0
P00044,leg1-cruise,3124.6510176672873,3129.5728795253813,中继,RU-002,126.21233589411091,122.0
P00057,S007-handoff,3125.464048625191,3135.381684246643,中继,RU-002,123.19203596345481,122.0
P00140,leg1-cruise,3125.961803377727,3135.465003380589,直连,,92.48527426973843,122.0
P00028,S008-handoff,3126.6239855746094,3136.076248485404,中继,RU-002,128.23507991277862,122.0
P00118,S007-handoff,3127.998362077679,3137.344903719006,中继,RU-002,123.19203596345481,122.0
P00041,leg1-cruise,3128.1594454769634,3137.4752278676087,中继,RU-002,127.08609739702636,122.0
P00044,leg1-cruise,3129.5728795253813,3134.4947413834752,中继,RU-002,126.31135698449397,122.0
P00146,leg1-cruise,3131.3658033860124,3141.210603388423,直连,,99.0893827211158,122.0
P00003,S002-handoff,3132.789616553387,3142.515765458516,中继,RU-002,127.4805746284193,122.0
P00044,leg1-cruise,3134.4947413834752,3139.4166032415696,中继,RU-002,126.40926624577673,122.0
P00057,S007-handoff,3135.381684246643,3145.299319868095,中继,RU-002,123.19203596345481,122.0
P00140,leg1-cruise,3135.465003380589,3144.9682033834515,直连,,94.51131866845753,122.0
P00028,S008-handoff,3136.076248485404,3145.528511396198,中继,RU-002,128.23507991277862,122.0
P00118,S007-handoff,3137.344903719006,3146.6914453603335,中继,RU-002,123.19203596345481,122.0
P00041,leg1-cruise,3137.4752278676087,3146.791010258254,中继,RU-002,127.22145037565363,122.0
P00044,leg1-cruise,3139.4166032415696,3144.3384650996636,中继,RU-002,126.50608826820894,122.0
P00146,leg1-cruise,3141.210603388423,3151.055403390833,直连,,100.15761641133193,122.0
P00003,S002-handoff,3142.515765458516,3152.2419143636453,中继,RU-002,127.4805746284193,122.0
P00044,leg1-cruise,3144.3384650996636,3149.2603269577576,中继,RU-002,126.60184683838264,122.0
P00140,leg1-cruise,3144.9682033834515,3154.471403386314,直连,,96.17271202543859,122.0
P00057,leg2-climb,3145.299319868095,3154.3811629263632,中继,RU-002,123.1932285501916,122.0
P00028,S008-handoff,3145.528511396198,3154.9807743069923,中继,RU-002,128.23507991277862,122.0
P00118,S007-handoff,3146.6914453603335,3156.0379870016613,中继,RU-002,123.19203596345481,122.0
P00041,leg1-descent,3146.791010258254,3156.7156386219694,中继,RU-002,127.28751543078232,122.0
P00044,leg1-cruise,3149.2603269577576,3154.1821888158515,中继,RU-002,126.6965649737231,122.0
P00146,leg1-cruise,3151.055403390833,3160.9002033932434,直连,,101.11039313804132,122.0
P00003,S002-handoff,3152.2419143636453,3161.968063268774,中继,RU-002,127.4805746284193,122.0
P00044,leg1-cruise,3154.1821888158515,3159.1040506739455,中继,RU-002,126.79026495518185,122.0
P00057,leg2-climb,3154.3811629263632,3163.4630059846318,中继,RU-002,123.19584733491773,122.0
P00140,leg1-cruise,3154.471403386314,3163.974603389176,直连,,97.57608117678976,122.0
P00028,S008-handoff,3154.9807743069923,3164.433037217787,中继,RU-002,128.23507991277862,122.0
P00118,S007-handoff,3156.0379870016613,3165.3845286429887,中继,RU-002,123.19203596345481,122.0
P00041,leg1-descent,3156.7156386219694,3166.640266985685,中继,RU-002,127.28592873030037,122.0
P00044,leg1-cruise,3159.1040506739455,3164.02591253204,中继,RU-002,126.88296835820069,122.0
P00146,leg1-cruise,3160.9002033932434,3170.7450033956534,直连,,101.96998324039957,122.0
P00003,S002-handoff,3161.968063268774,3171.694212173903,中继,RU-002,127.4805746284193,122.0
P00057,leg2-climb,3163.4630059846318,3172.5448490429,中继,RU-002,123.19877712436461,122.0
P00140,leg1-cruise,3163.974603389176,3173.4778033920384,直连,,98.7888760571991,122.0
P00044,leg1-cruise,3164.02591253204,3168.947774390134,中继,RU-002,126.97469608207098,122.0
P00028,S008-handoff,3164.433037217787,3173.885300128581,中继,RU-002,128.23507991277862,122.0
P00118,S007-handoff,3165.3845286429887,3174.731070284316,中继,RU-002,123.19203596345481,122.0
P00041,leg1-descent,3166.640266985685,3176.5648953494,中继,RU-002,127.28444263256758,122.0
P00044,leg1-cruise,3168.947774390134,3173.869636248228,中继,RU-002,127.06546837780502,122.0
P00146,leg1-cruise,3170.7450033956534,3180.589803398064,直连,,102.75283915295823,122.0
P00003,S002-handoff,3171.694212173903,3181.4203610790323,中继,RU-002,127.4805746284193,122.0
P00057,leg2-climb,3172.5448490429,3181.626692101168,中继,RU-002,123.2020172884396,122.0
P00140,leg1-cruise,3173.4778033920384,3182.9810033949,直连,,99.85575166476153,122.0
P00044,leg1-cruise,3173.869636248228,3178.7914981063223,中继,RU-002,127.1553048745651,122.0
P00028,S008-handoff,3173.885300128581,3183.3375630393757,中继,RU-002,128.23507991277862,122.0
P00118,S007-handoff,3174.731070284316,3184.0776119256434,中继,RU-002,123.19203596345481,122.0
P00041,leg1-descent,3176.5648953494,3186.4895237131154,中继,RU-002,127.2830572410846,122.0
P00044,leg1-cruise,3178.7914981063223,3183.713359964416,中继,RU-002,127.24422460479141,122.0
P00146,leg1-cruise,3180.589803398064,3190.4346034004743,直连,,103.4714423627726,122.0
P00003,S002-handoff,3181.4203610790323,3191.146509984161,中继,RU-002,127.4805746284193,122.0
P00057,leg2-climb,3181.626692101168,3190.7085351594365,中继,RU-002,123.2055671314543,122.0
P00140,leg1-cruise,3182.9810033949,3192.4842033977625,直连,,100.80756884041277,122.0
P00028,S008-handoff,3183.3375630393757,3192.78982595017,中继,RU-002,128.23507991277862,122.0
P00044,leg1-descent,3183.713359964416,3193.111937600205,中继,RU-002,127.28771457209386,122.0
P00118,S007-handoff,3184.0776119256434,3193.424153566971,中继,RU-002,123.19203596345481,122.0
P00041,leg1-descent,3186.4895237131154,3196.4141520768303,中继,RU-002,127.28177265241285,122.0
P00146,leg1-cruise,3190.4346034004743,3200.2794034028843,直连,,104.1354772690037,122.0
P00057,leg2-climb,3190.7085351594365,3199.7903782177045,中继,RU-002,123.20942589261979,122.0
P00003,S002-handoff,3191.146509984161,3200.8726588892905,中继,RU-002,127.4805746284193,122.0
P00140,leg1-cruise,3192.4842033977625,3201.9874034006248,直连,,101.66645645226914,122.0
P00028,S008-handoff,3192.78982595017,3202.242088860964,中继,RU-002,128.23507991277862,122.0
P00044,leg1-descent,3193.111937600205,3202.5105152359934,中继,RU-002,127.28649402940451,122.0
P00118,S007-handoff,3193.424153566971,3202.7706952082985,中继,RU-002,123.19203596345481,122.0
P00041,leg1-descent,3196.4141520768303,3206.3387804405456,中继,RU-002,127.28058895615204,122.0
P00057,leg2-cruise,3199.7903782177045,3209.732983257151,中继,RU-002,123.09717847970231,122.0
P00146,leg1-cruise,3200.2794034028843,3210.124203405295,直连,,114.75260398710263,122.0
P00003,S002-handoff,3200.8726588892905,3210.5988077944194,中继,RU-002,127.4805746284193,122.0
P00140,leg1-cruise,3201.9874034006248,3211.490603403487,直连,,102.44878293079995,122.0
P00028,S008-handoff,3202.242088860964,3211.6943517717586,中继,RU-002,128.23507991277862,122.0
P00044,leg1-descent,3202.5105152359934,3211.909092871782,中继,RU-002,127.28533120544182,122.0
P00118,S007-handoff,3202.7706952082985,3212.117236849626,中继,RU-002,123.19203596345481,122.0
P00041,leg1-descent,3206.3387804405456,3216.263408804261,中继,RU-002,127.27950623491944,122.0
P00057,leg2-cruise,3209.732983257151,3219.675588296597,中继,RU-002,122.8640116044638,122.0
P00146,leg1-cruise,3210.124203405295,3219.969003407705,直连,,115.32898296527925,122.0
P00003,S002-handoff,3210.5988077944194,3220.3249566995487,中继,RU-002,127.4805746284193,122.0
P00140,leg1-cruise,3211.490603403487,3220.9938034063493,直连,,103.16697739254943,122.0
P00028,S008-handoff,3211.6943517717586,3221.146614682553,中继,RU-002,128.23507991277862,122.0
P00044,leg1-descent,3211.909092871782,3221.30767050757,中继,RU-002,127.28422614667008,122.0
P00118,S007-handoff,3212.117236849626,3221.4637784909532,中继,RU-002,123.19203596345481,122.0
P00041,leg1-descent,3216.263408804261,3226.1880371679763,中继,RU-002,127.27852456433072,122.0
P00057,leg2-cruise,3219.675588296597,3224.64689081632,中继,RU-002,122.68496417837505,122.0
P00146,leg1-cruise,3219.969003407705,3229.8138034101153,直连,,115.86964078526853,122.0
P00003,S002-handoff,3220.3249566995487,3230.0511056046776,中继,RU-002,127.4805746284193,122.0
P00140,leg1-cruise,3220.9938034063493,3230.497003409211,直连,,103.83069023881633,122.0
P00028,S008-handoff,3221.146614682553,3230.598877593347,中继,RU-002,128.23507991277862,122.0
P00044,leg1-descent,3221.30767050757,3230.7062481433586,中继,RU-002,127.28317889727231,122.0
P00118,S007-handoff,3221.4637784909532,3230.810320132281,中继,RU-002,123.19203596345481,122.0
P00057,leg2-cruise,3224.64689081632,3229.618193336043,中继,RU-002,122.56353048289833,122.0
P00041,leg1-descent,3226.1880371679763,3236.1126655316916,中继,RU-002,127.27764401298235,122.0
P00057,leg2-cruise,3229.618193336043,3239.5607983754894,中继,RU-002,122.37816071269854,122.0
P00146,leg1-cruise,3229.8138034101153,3239.6586034125253,直连,,116.37873129024439,122.0
P00003,S002-handoff,3230.0511056046776,3239.777254509807,中继,RU-002,127.4805746284193,122.0
P00140,leg1-cruise,3230.497003409211,3240.0002034120735,直连,,104.44755874771242,122.0
P00028,S008-handoff,3230.598877593347,3240.0511405041416,中继,RU-002,128.23507991277862,122.0
P00044,leg1-descent,3230.7062481433586,3240.104825779147,中继,RU-002,127.28218949914444,122.0
P00118,S007-handoff,3230.810320132281,3240.1568617736084,中继,RU-002,123.19203596345481,122.0
P00041,S003-handoff,3236.1126655316916,3242.8080344733135,中继,RU-002,127.27724167653642,122.0
P00057,leg2-cruise,3239.5607983754894,3249.5034034149357,中继,RU-002,112.12473228991843,122.0
P00146,leg1-cruise,3239.6586034125253,3249.5034034149357,直连,,116.85972589866988,122.0
P00003,S002-handoff,3239.777254509807,3249.5034034149357,中继,RU-002,127.4805746284193,122.0
P00140,leg1-cruise,3240.0002034120735,3249.5034034149357,直连,,115.02372757281483,122.0
P00028,S008-handoff,3240.0511405041416,3249.5034034149357,中继,RU-002,128.23507991277862,122.0
P00044,leg1-descent,3240.104825779147,3249.5034034149357,中继,RU-002,127.28125799188959,122.0
P00118,S007-handoff,3240.1568617736084,3249.5034034149357,中继,RU-002,123.19203596345481,122.0
P00041,S003-handoff,3242.8080344733135,3249.5034034149357,中继,RU-002,127.27724167653642,122.0
P00003,S002-handoff,3249.5034034149357,3258.8791386947064,中继,RU-002,127.4805746284193,122.0
P00028,S008-handoff,3249.5034034149357,3259.291432437561,中继,RU-002,128.23507991277862,122.0
P00041,S003-handoff,3249.5034034149357,3259.3338665207734,中继,RU-002,127.27724167653642,122.0
P00044,leg1-descent,3249.5034034149357,3258.675808543191,中继,RU-002,127.28039457950445,122.0
P00057,leg2-cruise,3249.5034034149357,3254.3406337501588,直连,,111.93150148311284,122.0
P00118,S007-handoff,3249.5034034149357,3259.2972245127444,中继,RU-002,123.19203596345481,122.0
P00140,leg1-cruise,3249.5034034149357,3258.888228609931,直连,,115.56094739129082,122.0
P00146,leg1-cruise,3249.5034034149357,3259.250985864214,直连,,117.3133618138154,122.0
P00057,leg2-cruise,3254.3406337501588,3259.1778640853818,直连,,111.80267024659435,122.0
P00044,leg1-descent,3258.675808543191,3267.8482136714465,中继,RU-002,127.27959722929688,122.0
P00003,S002-handoff,3258.8791386947064,3268.254873974477,中继,RU-002,127.4805746284193,122.0
P00140,leg1-cruise,3258.888228609931,3268.273053804926,直连,,116.06391589254,122.0
P00057,leg2-cruise,3259.1778640853818,3268.852324755828,直连,,111.60580129013302,122.0
P00146,leg1-cruise,3259.250985864214,3268.998568313492,直连,,117.74245250806018,122.0
P00028,S008-handoff,3259.291432437561,3269.0794614601864,中继,RU-002,128.23507991277862,122.0
P00118,S007-handoff,3259.2972245127444,3269.0910456105526,中继,RU-002,123.19203596345481,122.0
P00041,S003-handoff,3259.3338665207734,3269.164329626611,中继,RU-002,127.27724167653642,122.0
P00044,leg1-descent,3267.8482136714465,3277.0206187997023,中继,RU-002,127.27885511618416,122.0
P00003,S002-handoff,3268.254873974477,3277.6306092542472,中继,RU-002,127.4805746284193,122.0
P00140,leg1-cruise,3268.273053804926,3277.657878999921,直连,,116.5394493742614,122.0
P00057,leg2-cruise,3268.852324755828,3278.526785426274,直连,,111.33623845939081,122.0
P00146,leg1-cruise,3268.998568313492,3278.74615076277,直连,,118.15139118243127,122.0
P00028,S008-handoff,3269.0794614601864,3278.867490482812,中继,RU-002,128.23507991277862,122.0
P00118,S007-handoff,3269.0910456105526,3278.884866708361,中继,RU-002,123.19203596345481,122.0
P00041,S003-handoff,3269.164329626611,3278.9947927324492,中继,RU-002,127.27724167653642,122.0
P00044,leg1-descent,3277.0206187997023,3286.1930239279577,中继,RU-002,127.2781682685114,122.0
P00003,S002-handoff,3277.6306092542472,3287.006344534018,中继,RU-002,127.4805746284193,122.0
P00140,leg1-cruise,3277.657878999921,3287.0427041949165,直连,,116.9903768940852,122.0
P00057,leg2-cruise,3278.526785426274,3288.20124609672,直连,,111.05812931272659,122.0
P00146,leg1-cruise,3278.74615076277,3288.4937332120485,直连,,118.5419818040246,122.0
P00028,S008-handoff,3278.867490482812,3288.6555195054375,中继,RU-002,128.23507991277862,122.0
P00118,S007-handoff,3278.884866708361,3288.6786878061694,中继,RU-002,123.19203596345481,122.0
P00041,S003-handoff,3278.9947927324492,3288.825255838287,中继,RU-002,127.27724167653642,122.0
P00044,leg1-descent,3286.1930239279577,3295.365429056213,中继,RU-002,127.27753671252295,122.0
P00003,S002-handoff,3287.006344534018,3296.3820798137886,中继,RU-002,127.4805746284193,122.0
P00140,leg1-cruise,3287.0427041949165,3296.427529389912,直连,,117.41911259821775,122.0
P00057,leg2-cruise,3288.20124609672,3297.875706767166,直连,,110.77092051826375,122.0
P00146,leg1-cruise,3288.4937332120485,3298.2413156613266,直连,,118.91579695817947,122.0
P00028,S008-handoff,3288.6555195054375,3298.443548528063,中继,RU-002,128.23507991277862,122.0
P00118,S007-handoff,3288.6786878061694,3298.472508903978,中继,RU-002,123.19203596345481,122.0
P00041,S003-handoff,3288.825255838287,3298.6557189441246,中继,RU-002,127.27724167653642,122.0
P00044,S003-handoff,3295.365429056213,3305.149032235831,中继,RU-002,127.27724167653642,122.0
P00003,S002-handoff,3296.3820798137886,3305.757815093559,中继,RU-002,127.4805746284193,122.0
P00140,leg1-cruise,3296.427529389912,3305.8123545849066,直连,,117.82773286246875,122.0
P00057,leg2-cruise,3297.875706767166,3302.712937102389,直连,,110.54917869363058,122.0
P00146,leg1-cruise,3298.2413156613266,3307.9888981106046,直连,,119.27421572396523,122.0
P00028,S008-handoff,3298.443548528063,3308.231577550688,中继,RU-002,128.23507991277862,122.0
P00118,S007-handoff,3298.472508903978,3308.266330001786,中继,RU-002,123.19203596345481,122.0
P00041,S003-handoff,3298.6557189441246,3308.4861820499627,中继,RU-002,127.27724167653642,122.0
P00057,leg2-cruise,3302.712937102389,3307.550167437612,直连,,110.39818084250885,122.0
P00044,S003-handoff,3305.149032235831,3314.9326354154487,中继,RU-002,127.27724167653642,122.0
P00003,S002-handoff,3305.757815093559,3315.1335503733294,中继,RU-002,127.4805746284193,122.0
P00140,leg1-cruise,3305.8123545849066,3315.197179779902,直连,,118.21803634606304,122.0
P00057,leg2-cruise,3307.550167437612,3317.224628108058,直连,,110.16670912592006,122.0
P00146,leg1-cruise,3307.9888981106046,3317.7364805598827,直连,,119.61845411778096,122.0
P00028,S008-handoff,3308.231577550688,3318.0196065733135,中继,RU-002,128.23507991277862,122.0
P00118,S007-handoff,3308.266330001786,3318.060151099595,中继,RU-002,123.19203596345481,122.0
P00041,S003-handoff,3308.4861820499627,3318.3166451558004,中继,RU-002,127.27724167653642,122.0
P00044,S003-handoff,3314.9326354154487,3324.716238595067,中继,RU-002,127.27724167653642,122.0
P00003,S002-handoff,3315.1335503733294,3324.5092856531,中继,RU-002,127.4805746284193,122.0
P00140,leg1-cruise,3315.197179779902,3324.5820049748972,直连,,118.59159129682843,122.0
P00057,leg2-cruise,3317.224628108058,3326.899088778504,直连,,109.84829492673889,122.0
P00146,leg1-descent,3317.7364805598827,3326.642141570625,直连,,119.78436490661834,122.0
P00028,S008-handoff,3318.0196065733135,3327.807635595939,中继,RU-002,128.23507991277862,122.0
P00118,S007-handoff,3318.060151099595,3327.853972197403,中继,RU-002,123.19203596345481,122.0
P00041,S003-handoff,3318.3166451558004,3328.147108261638,中继,RU-002,127.27724167653642,122.0
P00003,S002-handoff,3324.5092856531,3333.8850209328707,中继,RU-002,127.4805746284193,122.0
P00140,leg1-cruise,3324.5820049748972,3333.9668301698925,直连,,118.94977321617326,122.0
P00044,S003-handoff,3324.716238595067,3334.4998417746847,中继,RU-002,127.27724167653642,122.0
P00146,leg1-descent,3326.642141570625,3335.5478025813673,直连,,119.78224293556472,122.0
P00057,leg2-cruise,3326.899088778504,3336.57354944895,直连,,109.51793906620101,122.0
P00028,S008-handoff,3327.807635595939,3337.5956646185646,中继,RU-002,128.23507991277862,122.0
P00118,S007-handoff,3327.853972197403,3337.6477932952116,中继,RU-002,123.19203596345481,122.0
P00041,S003-handoff,3328.147108261638,3337.977571367476,中继,RU-002,127.27724167653642,122.0
P00003,leg2-climb,3333.8850209328707,3343.8243825051363,中继,RU-002,127.48076025657136,122.0
P00140,leg1-cruise,3333.9668301698925,3343.3516553648874,直连,,119.29379514441891,122.0
P00044,S003-handoff,3334.4998417746847,3344.2834449543025,中继,RU-002,127.27724167653642,122.0
P00146,leg1-descent,3335.5478025813673,3344.453463592109,直连,,119.78057850625036,122.0
P00057,leg2-cruise,3336.57354944895,3346.248010119396,直连,,109.17472625372412,122.0
P00028,S008-handoff,3337.5956646185646,3347.38369364119,中继,RU-002,128.23507991277862,122.0
P00118,S007-handoff,3337.6477932952116,3347.44161439302,中继,RU-002,123.19203596345481,122.0
P00041,S003-handoff,3337.977571367476,3347.8080344733135,中继,RU-002,127.27724167653642,122.0
P00140,leg1-cruise,3343.3516553648874,3352.7364805598827,直连,,119.62473223301068,122.0
P00003,leg2-climb,3343.8243825051363,3353.763744077402,中继,RU-002,127.48123623548668,122.0
P00044,S003-handoff,3344.2834449543025,3354.0670481339203,中继,RU-002,127.27724167653642,122.0
P00146,leg1-descent,3344.453463592109,3353.3591246028514,直连,,119.77937214525187,122.0
P00057,leg2-cruise,3346.248010119396,3355.922470789842,直连,,108.81763388165591,122.0
P00028,S008-handoff,3347.38369364119,3357.171722663815,中继,RU-002,128.23507991277862,122.0
P00118,S007-handoff,3347.44161439302,3357.2354354908284,中继,RU-002,123.19203596345481,122.0
P00041,S003-handoff,3347.8080344733135,3357.6384975791516,中继,RU-002,127.27724167653642,122.0
P00140,leg1-descent,3352.7364805598827,3361.642141570625,直连,,119.78436490661834,122.0
P00146,S001-handoff,3353.3591246028514,3363.1843703431205,直连,,119.77894086539243,122.0
P00003,leg2-climb,3353.763744077402,3363.7031056496676,中继,RU-002,127.4818518048909,122.0
P00044,S003-handoff,3354.0670481339203,3363.8506513135385,中继,RU-002,127.27724167653642,122.0
P00057,leg2-cruise,3355.922470789842,3365.596931460288,直连,,108.44551497848764,122.0
P00028,leg2-climb,3357.171722663815,3365.672500353431,中继,RU-002,128.23529808074372,122.0
P00118,S007-handoff,3357.2354354908284,3367.0292565886366,中继,RU-002,123.19203596345481,122.0
P00041,S003-handoff,3357.6384975791516,3367.4689606849893,中继,RU-002,127.27724167653642,122.0
P00140,leg1-descent,3361.642141570625,3370.5478025813673,直连,,119.78224293556472,122.0
P00146,S001-handoff,3363.1843703431205,3373.0096160833896,直连,,119.77894086539243,122.0
P00003,leg2-cruise,3363.7031056496676,3368.5995180414725,中继,RU-002,127.43922747189325,122.0
P00044,S003-handoff,3363.8506513135385,3373.6342544931563,中继,RU-002,127.27724167653642,122.0
P00057,leg2-cruise,3365.596931460288,3375.271392130734,直连,,108.05707774550551,122.0
P00028,leg2-climb,3365.672500353431,3374.173278043047,中继,RU-002,128.2357987831089,122.0
P00118,S007-handoff,3367.0292565886366,3376.8230776864452,中继,RU-002,123.19203596345481,122.0
P00041,S003-handoff,3367.4689606849893,3377.299423790827,中继,RU-002,127.27724167653642,122.0
P00003,leg2-cruise,3368.5995180414725,3373.4959304332774,中继,RU-002,127.35261537363186,122.0
P00140,leg1-descent,3370.5478025813673,3379.453463592109,直连,,119.78057850625036,122.0
P00146,S001-handoff,3373.0096160833896,3382.8348618236582,直连,,119.77894086539243,122.0
P00003,leg2-cruise,3373.4959304332774,3378.3923428250823,中继,RU-002,127.26513127823439,122.0
P00044,S003-handoff,3373.6342544931563,3383.417857672774,中继,RU-002,127.27724167653642,122.0
P00028,leg2-climb,3374.173278043047,3382.674055732663,中继,RU-002,128.23638528211953,122.0
P00057,leg2-cruise,3375.271392130734,3380.108622465957,直连,,107.75416902159948,122.0
P00118,S007-handoff,3376.8230776864452,3386.6168987842534,中继,RU-002,123.19203596345481,122.0
P00041,S003-handoff,3377.299423790827,3387.129886896665,中继,RU-002,127.27724167653642,122.0
P00003,leg2-cruise,3378.3923428250823,3383.2887552168872,中继,RU-002,127.17675745817922,122.0
P00140,leg1-descent,3379.453463592109,3388.3591246028514,直连,,119.77937214525187,122.0
P00057,leg2-cruise,3380.108622465957,3384.94585280118,直连,,107.54633881078776,122.0
P00028,leg2-climb,3382.674055732663,3391.174833422279,中继,RU-002,128.23705754301272,122.0
P00146,S001-handoff,3382.8348618236582,3392.6601075639273,直连,,119.77894086539243,122.0
P00003,leg2-cruise,3383.2887552168872,3388.185167608692,中继,RU-002,127.08747564007264,122.0
P00044,S003-handoff,3383.417857672774,3393.201460852392,中继,RU-002,127.27724167653642,122.0
P00057,leg2-cruise,3384.94585280118,3394.620313471626,直连,,107.22520348567862,122.0
P00118,S007-handoff,3386.6168987842534,3396.410719882062,中继,RU-002,123.19203596345481,122.0
P00041,S003-handoff,3387.129886896665,3396.9603500025028,中继,RU-002,127.27724167653642,122.0
P00003,leg2-cruise,3388.185167608692,3393.081580000497,中继,RU-002,126.99726698201945,122.0
P00140,S001-handoff,3388.3591246028514,3397.7897801446065,直连,,119.77894086539243,122.0
P00028,leg2-cruise,3391.174833422279,3396.144582220938,中继,RU-002,128.1974428548795,122.0
P00146,S001-handoff,3392.6601075639273,3402.4853533041965,直连,,119.77894086539243,122.0
P00003,leg2-cruise,3393.081580000497,3397.977992392302,中继,RU-002,126.90611204980048,122.0
P00044,S003-handoff,3393.201460852392,3402.9850640320096,中继,RU-002,127.27724167653642,122.0
P00057,leg2-cruise,3394.620313471626,3404.294774142072,直连,,106.77820871274365,122.0
P00028,leg2-cruise,3396.144582220938,3401.1143310195976,中继,RU-002,128.11692092086963,122.0
P00118,S007-handoff,3396.410719882062,3406.20454097987,中继,RU-002,123.19203596345481,122.0
P00041,S003-handoff,3396.9603500025028,3406.7908131083404,中继,RU-002,127.27724167653642,122.0
P00140,S001-handoff,3397.7897801446065,3407.2204356863617,直连,,119.77894086539243,122.0
P00003,leg2-cruise,3397.977992392302,3402.874404784107,中继,RU-002,126.81399079180017,122.0
P00028,leg2-cruise,3401.1143310195976,3406.084079818257,中继,RU-002,128.03564610592804,122.0
P00146,S001-handoff,3402.4853533041965,3412.3105990444656,直连,,119.77894086539243,122.0
P00003,leg2-cruise,3402.874404784107,3407.770817175912,中继,RU-002,126.72088251258695,122.0
P00044,S003-handoff,3402.9850640320096,3412.768667211628,中继,RU-002,127.27724167653642,122.0
P00057,leg2-cruise,3404.294774142072,3413.969234812518,直连,,106.30769864879016,122.0
P00028,leg2-cruise,3406.084079818257,3411.0538286169167,中继,RU-002,127.95360420999435,122.0
P00118,S007-handoff,3406.20454097987,3415.998362077679,中继,RU-002,123.19203596345481,122.0
P00041,S003-handoff,3406.7908131083404,3416.621276214178,中继,RU-002,127.27724167653642,122.0
P00140,S001-handoff,3407.2204356863617,3416.651091228117,直连,,119.77894086539243,122.0
P00003,leg2-cruise,3407.770817175912,3412.6672295677167,中继,RU-002,126.6267658450691,122.0
P00028,leg2-cruise,3411.0538286169167,3416.0235774155763,中继,RU-002,127.87078062778184,122.0
P00146,S001-handoff,3412.3105990444656,3422.135844784734,直连,,119.77894086539243,122.0
P00003,leg2-cruise,3412.6672295677167,3417.5636419595216,中继,RU-002,126.53161872113266,122.0
P00044,S003-handoff,3412.768667211628,3422.5522703912457,中继,RU-002,127.27724167653642,122.0
P00057,leg2-cruise,3413.969234812518,3423.643695482964,直连,,105.81115909527617,122.0
P00118,leg3-climb,3415.998362077679,3425.3396863661833,中继,RU-002,123.1930534101401,122.0
P00028,leg2-cruise,3416.0235774155763,3420.9933262142354,中继,RU-002,127.78716033322006,122.0
P00041,S003-handoff,3416.621276214178,3426.451739320016,中继,RU-002,127.27724167653642,122.0
P00140,S001-handoff,3416.651091228117,3426.081746769872,直连,,119.77894086539243,122.0
P00003,leg2-cruise,3417.5636419595216,3422.4600543513266,中继,RU-002,126.4354183406466,122.0
P00028,leg2-cruise,3420.9933262142354,3425.963075012895,中继,RU-002,127.70272786315034,122.0
P00146,S001-handoff,3422.135844784734,3431.9610905250033,直连,,119.77894086539243,122.0
P00003,leg2-cruise,3422.4600543513266,3427.3564667431315,中继,RU-002,126.33814113875272,122.0
P00044,S003-handoff,3422.5522703912457,3432.3358735708634,中继,RU-002,127.27724167653642,122.0
P00057,leg2-cruise,3423.643695482964,3433.31815615341,直连,,105.2856710563457,122.0
P00118,leg3-climb,3425.3396863661833,3434.6810106546877,中继,RU-002,123.1952599650152,122.0
P00028,leg2-cruise,3425.963075012895,3430.9328238115545,中继,RU-002,127.61746730022182,122.0
P00140,S001-handoff,3426.081746769872,3435.5124023116273,直连,,119.77894086539243,122.0
P00041,S003-handoff,3426.451739320016,3436.282202425854,中继,RU-002,127.27724167653642,122.0
P00003,leg2-cruise,3427.3564667431315,3432.2528791349364,中继,RU-002,126.23976275130013,122.0
P00028,leg2-cruise,3430.9328238115545,3435.9025726102136,中继,RU-002,127.53136225494555,122.0
P00146,S001-handoff,3431.9610905250033,3441.7863362652724,直连,,119.77894086539243,122.0
P00003,leg2-cruise,3432.2528791349364,3437.149291526741,中继,RU-002,126.14025797830051,122.0
P00044,S003-handoff,3432.3358735708634,3442.119476750481,中继,RU-002,127.27724167653642,122.0
P00057,leg2-cruise,3433.31815615341,3442.992616823856,直连,,104.72782577710115,122.0
P00118,leg3-climb,3434.6810106546877,3444.022334943192,中继,RU-002,123.19769510712479,122.0
P00140,S001-handoff,3435.5124023116273,3444.9430578533825,直连,,119.77894086539243,122.0
P00028,leg2-cruise,3435.9025726102136,3440.872321408873,中继,RU-002,127.44439584685038,122.0
P00041,S003-handoff,3436.282202425854,3446.1126655316916,中继,RU-002,127.27724167653642,122.0
P00003,leg2-cruise,3437.149291526741,3442.0457039185458,中继,RU-002,126.03960074528736,122.0
P00028,leg2-cruise,3440.872321408873,3445.8420702075327,中继,RU-002,127.35655068469374,122.0
P00146,S001-handoff,3441.7863362652724,3451.6115820055415,直连,,119.77894086539243,122.0
P00003,leg2-cruise,3442.0457039185458,3446.9421163103507,中继,RU-002,125.93776406240109,122.0
P00044,S003-handoff,3442.119476750481,3451.903079930099,中继,RU-002,127.27724167653642,122.0
P00057,leg2-cruise,3442.992616823856,3452.6670774943022,直连,,104.13361941652835,122.0
P00118,leg3-climb,3444.022334943192,3453.3636592316966,中继,RU-002,123.2003584515223,122.0
P00140,S001-handoff,3444.9430578533825,3454.373713395138,直连,,119.77894086539243,122.0
P00028,leg2-cruise,3445.8420702075327,3450.8118190061923,中继,RU-002,127.26780884566665,122.0
P00041,leg2-climb,3446.1126655316916,3455.3971201136583,中继,RU-002,127.27769507850127,122.0
P00003,leg2-cruise,3446.9421163103507,3451.8385287021556,中继,RU-002,125.8347199810659,122.0
P00028,leg2-cruise,3450.8118190061923,3455.781567804852,中继,RU-002,127.17815185352474,122.0
P00146,S001-handoff,3451.6115820055415,3461.43682774581,直连,,119.77894086539243,122.0
P00003,leg2-cruise,3451.8385287021556,3456.7349410939605,中继,RU-002,125.7304395480696,122.0
P00044,S003-handoff,3451.903079930099,3461.6866831097173,中继,RU-002,127.27724167653642,122.0
P00057,leg2-cruise,3452.6670774943022,3457.5043078295253,直连,,103.66128959007139,122.0
P00118,leg3-climb,3453.3636592316966,3462.704983520201,中继,RU-002,123.20324957776361,122.0
P00140,S001-handoff,3454.373713395138,3463.8043689368933,直连,,119.77894086539243,122.0
P00041,leg2-climb,3455.3971201136583,3464.681574695625,中继,RU-002,127.27869750138902,122.0
P00028,leg2-cruise,3455.781567804852,3460.751316603511,中继,RU-002,127.08756065559267,122.0
P00003,leg2-cruise,3456.7349410939605,3461.6313534857654,中继,RU-002,125.62489275686407,122.0
P00057,leg2-cruise,3457.5043078295253,3462.3415381647483,直连,,103.33244330913728,122.0
P00028,leg2-cruise,3460.751316603511,3465.7210654021706,中继,RU-002,126.99601559855594,122.0
P00146,S001-handoff,3461.43682774581,3471.2620734860793,直连,,119.77894086539243,122.0
P00003,leg2-cruise,3461.6313534857654,3466.5277658775703,中继,RU-002,125.51804849588369,122.0
P00044,S003-handoff,3461.6866831097173,3471.470286289335,中继,RU-002,127.27724167653642,122.0
P00057,leg2-cruise,3462.3415381647483,3472.0159988351943,直连,,102.81632627502623,122.0
P00118,leg3-climb,3462.704983520201,3472.0463078087055,中继,RU-002,123.20636803012714,122.0
P00140,S001-handoff,3463.8043689368933,3473.2350244786485,直连,,119.77894086539243,122.0
P00041,leg2-climb,3464.681574695625,3473.9660292775916,中继,RU-002,127.27982734146171,122.0
P00028,leg2-cruise,3465.7210654021706,3470.69081420083,中继,RU-002,126.9034964029745,122.0
P00003,leg2-cruise,3466.5277658775703,3471.4241782693753,中继,RU-002,125.40987449364977,122.0
P00028,leg2-cruise,3470.69081420083,3475.6605629994892,中继,RU-002,126.8099821364268,122.0
P00146,S001-handoff,3471.2620734860793,3481.0873192263484,直连,,119.77894086539243,122.0
P00003,leg2-cruise,3471.4241782693753,3476.32059066118,中继,RU-002,125.30033726043112,122.0
P00044,S003-handoff,3471.470286289335,3481.253889468953,中继,RU-002,127.27724167653642,122.0
P00057,leg2-cruise,3472.0159988351943,3481.6904595056403,直连,,102.08095114662073,122.0
P00118,leg3-climb,3472.0463078087055,3481.38763209721,中继,RU-002,123.20971331785198,122.0
P00140,S001-handoff,3473.2350244786485,3482.6656800204037,直连,,119.77894086539243,122.0
P00041,leg2-climb,3473.9660292775916,3483.250483859558,中继,RU-002,127.2810844992384,122.0
P00028,leg2-cruise,3475.6605629994892,3480.630311798149,中继,RU-002,126.71545118520393,122.0
P00003,leg2-cruise,3476.32059066118,3481.217003052985,中继,RU-002,125.18940202619781,122.0
P00028,leg2-cruise,3480.630311798149,3485.6000605968084,中继,RU-002,126.61988122445482,122.0
P00146,S001-handoff,3481.0873192263484,3490.9125649666175,直连,,119.77894086539243,122.0
P00003,leg2-cruise,3481.217003052985,3491.009827836595,中继,RU-002,125.02029853298723,122.0
P00044,S003-handoff,3481.253889468953,3491.0374926485706,中继,RU-002,127.27724167653642,122.0
P00118,leg3-cruise,3481.38763209721,3486.2627158584864,中继,RU-002,123.14159812063505,122.0
P00057,leg2-cruise,3481.6904595056403,3491.3649201760863,直连,,101.28425664641865,122.0
P00140,S001-handoff,3482.6656800204037,3492.096335562159,直连,,119.77894086539243,122.0
P00041,leg2-climb,3483.250483859558,3492.5349384415244,中继,RU-002,127.28246886409895,122.0
P00028,leg2-cruise,3485.6000605968084,3490.569809395468,中继,RU-002,126.52324918667587,122.0
P00118,leg3-cruise,3486.2627158584864,3491.1377996197634,中继,RU-002,123.00015466719543,122.0
P00028,leg2-cruise,3490.569809395468,3495.5395581941275,中继,RU-002,126.42553122844204,122.0
P00146,S001-handoff,3490.9125649666175,3500.737810706886,直连,,119.77894086539243,122.0
P00003,leg2-cruise,3491.009827836595,3495.9062402284,中继,RU-002,124.84783999497284,122.0
P00044,S003-handoff,3491.0374926485706,3500.821095828189,中继,RU-002,127.27724167653642,122.0
P00118,leg3-cruise,3491.1377996197634,3496.0128833810404,中继,RU-002,122.85638559905645,122.0
P00057,leg2-cruise,3491.3649201760863,3501.0393808465324,直连,,100.41687182625357,122.0
P00140,S001-handoff,3492.096335562159,3501.526991103914,直连,,119.77894086539243,122.0
P00041,leg2-climb,3492.5349384415244,3501.819393023491,中继,RU-002,127.2839803143164,122.0
P00028,leg2-cruise,3495.5395581941275,3500.5093069927866,中继,RU-002,126.32670269525653,122.0
P00003,leg2-cruise,3495.9062402284,3500.8026526202048,中继,RU-002,124.73093704558744,122.0
P00118,leg3-cruise,3496.0128833810404,3500.8879671423174,中继,RU-002,122.71021373046558,122.0
P00028,leg2-cruise,3500.5093069927866,3505.479055791446,中继,RU-002,126.22673808438316,122.0
P00146,S001-handoff,3500.737810706886,3510.5630564471553,直连,,119.77894086539243,122.0
P00003,leg2-cruise,3500.8026526202048,3505.6990650120097,中继,RU-002,124.61244057042953,122.0
P00044,S003-handoff,3500.821095828189,3510.6046990078066,中继,RU-002,127.27724167653642,122.0
P00118,leg3-cruise,3500.8879671423174,3505.7630509035944,中继,RU-002,122.56155799857478,122.0
P00057,leg2-cruise,3501.0393808465324,3510.7138415169784,直连,,99.46798891291834,122.0
P00140,S001-handoff,3501.526991103914,3510.9576466456692,直连,,119.77894086539243,122.0
P00041,leg2-climb,3501.819393023491,3511.1038476054578,中继,RU-002,127.28561871709262,122.0
P00028,leg2-cruise,3505.479055791446,3510.4488045901057,中继,RU-002,126.12561100553734,122.0
P00003,leg2-cruise,3505.6990650120097,3510.5954774038146,中继,RU-002,124.49230656703713,122.0
P00118,leg3-cruise,3505.7630509035944,3510.638134664871,中继,RU-002,122.41033320159845,122.0
P00028,leg2-cruise,3510.4488045901057,3515.418553388765,中继,RU-002,126.02329413926789,122.0
P00146,S001-handoff,3510.5630564471553,3520.3883021874244,直连,,119.77894086539243,122.0
P00003,leg2-cruise,3510.5954774038146,3515.4918897956195,中继,RU-002,124.37048918659168,122.0
P00044,S003-handoff,3510.6046990078066,3520.3883021874244,中继,RU-002,127.27724167653642,122.0
P00118,leg3-cruise,3510.638134664871,3515.5132184261474,中继,RU-002,122.2564497146772,122.0
P00057,leg2-cruise,3510.7138415169784,3520.3883021874244,直连,,98.42584856536745,122.0
P00140,S001-handoff,3510.9576466456692,3520.3883021874244,直连,,119.77894086539243,122.0
P00041,leg2-climb,3511.1038476054578,3520.3883021874244,中继,RU-002,127.28738392859702,122.0
P00028,leg2-cruise,3515.418553388765,3520.3883021874244,中继,RU-002,125.9197591928824,122.0
P00003,leg2-cruise,3515.4918897956195,3520.3883021874244,中继,RU-002,124.24694062926037,122.0
P00118,leg3-cruise,3515.5132184261474,3520.3883021874244,中继,RU-002,112.09981318120104,122.0
P00003,leg2-cruise,3520.3883021874244,3524.901841967929,中继,RU-002,124.12654516326981,122.0
P00028,leg2-cruise,3520.3883021874244,3524.901841967929,中继,RU-002,125.81981395840327,122.0
P00041,leg2-climb,3520.3883021874244,3520.5473782595564,中继,RU-002,127.28833025159918,122.0
P00044,S003-handoff,3520.3883021874244,3529.415381748434,中继,RU-002,127.27724167653642,122.0
P00057,leg2-cruise,3520.3883021874244,3525.1567244815274,直连,,97.58052331610405,122.0
P00118,leg3-cruise,3520.3883021874244,3521.5166871325505,直连,,112.0019550619244,122.0
P00140,S001-handoff,3520.3883021874244,3529.98246667051,直连,,119.77894086539243,122.0
P00146,S001-handoff,3520.3883021874244,3526.873713395138,直连,,119.77894086539243,122.0
P00041,leg2-cruise,3520.5473782595564,3529.5567827014397,中继,RU-002,127.22365864573308,122.0
P00118,leg3-cruise,3521.5166871325505,3524.901841967929,直连,,111.96488454105138,122.0
P00003,leg2-cruise,3524.901841967929,3529.415381748434,中继,RU-002,124.00946012367618,122.0
P00028,leg2-cruise,3524.901841967929,3529.415381748434,中继,RU-002,125.72359777934443,122.0
P00118,leg3-cruise,3524.901841967929,3529.415381748434,直连,,111.79609834714347,122.0
P00057,leg2-cruise,3525.1567244815274,3529.9251467756303,直连,,96.9890043859584,122.0
P00146,S001-handoff,3526.873713395138,3533.3591246028514,直连,,119.77894086539243,122.0
P00003,leg2-cruise,3529.415381748434,3533.928921528938,中继,RU-002,123.89077682267965,122.0
P00028,leg2-cruise,3529.415381748434,3533.928921528938,中继,RU-002,125.62630531325769,122.0
P00044,S003-handoff,3529.415381748434,3538.442461309443,中继,RU-002,127.27724167653642,122.0
P00118,leg3-cruise,3529.415381748434,3533.928921528938,直连,,111.64328744802263,122.0
P00041,leg2-cruise,3529.5567827014397,3538.5661871433235,中继,RU-002,127.09282417334254,122.0
P00057,leg2-cruise,3529.9251467756303,3539.461991363836,直连,,96.05235830272503,122.0
P00140,S001-handoff,3529.98246667051,3539.5766311535954,直连,,119.77894086539243,122.0
P00146,leg2-climb,3533.3591246028514,3543.254303503676,直连,,119.77954137711585,122.0
P00003,leg2-cruise,3533.928921528938,3538.442461309443,中继,RU-002,123.77045107122417,122.0
P00028,leg2-cruise,3533.928921528938,3538.442461309443,中继,RU-002,125.527912243581,122.0
P00118,leg3-cruise,3533.928921528938,3538.442461309443,直连,,111.48776554019545,122.0
P00003,leg2-cruise,3538.442461309443,3542.9560010899477,中继,RU-002,123.64843682401481,122.0
P00028,leg2-cruise,3538.442461309443,3542.9560010899477,中继,RU-002,125.42839342148068,122.0
P00044,S003-handoff,3538.442461309443,3547.4695408704524,中继,RU-002,127.27724167653642,122.0
P00118,leg3-cruise,3538.442461309443,3542.9560010899477,直连,,111.32943568430852,122.0
P00041,leg2-cruise,3538.5661871433235,3547.575591585207,中继,RU-002,126.95999533484536,122.0
P00057,leg2-cruise,3539.461991363836,3548.998835952042,直连,,94.72512290268604,122.0
P00140,S001-handoff,3539.5766311535954,3549.1707956366804,直连,,119.77894086539243,122.0
P00003,leg2-cruise,3542.9560010899477,3547.4695408704524,中继,RU-002,123.5246860742021,122.0
P00028,leg2-cruise,3542.9560010899477,3547.4695408704524,中继,RU-002,125.32772282748712,122.0
P00118,leg3-cruise,3542.9560010899477,3547.4695408704524,直连,,111.16819570488232,122.0
P00146,leg2-climb,3543.254303503676,3553.1494824045008,直连,,119.78135349189522,122.0
P00003,leg2-cruise,3547.4695408704524,3556.4966204314615,中继,RU-002,123.33569385739588,122.0
P00028,leg2-cruise,3547.4695408704524,3551.983080650957,中继,RU-002,125.22587353090293,122.0
P00044,S003-handoff,3547.4695408704524,3556.4966204314615,中继,RU-002,127.27724167653642,122.0
P00118,leg3-cruise,3547.4695408704524,3551.983080650957,直连,,111.00393781098478,122.0
P00041,leg2-cruise,3547.575591585207,3556.5849960270903,中继,RU-002,126.82511061372193,122.0
P00057,leg2-cruise,3548.998835952042,3558.5356805402475,直连,,93.36971191239877,122.0
P00140,S001-handoff,3549.1707956366804,3558.764960119766,直连,,119.77894086539243,122.0
P00028,leg2-cruise,3551.983080650957,3556.4966204314615,中继,RU-002,125.12281764681799,122.0
P00118,leg3-cruise,3551.983080650957,3556.4966204314615,直连,,110.83654818241844,122.0
P00146,leg2-climb,3553.1494824045008,3563.0446613053255,直连,,119.78397949772656,122.0
P00003,leg2-cruise,3556.4966204314615,3565.523699992471,中继,RU-002,123.07714027720183,122.0
P00028,leg2-cruise,3556.4966204314615,3561.010160211966,中继,RU-002,125.01852629056728,122.0
P00044,S003-handoff,3556.4966204314615,3565.523699992471,中继,RU-002,127.27724167653642,122.0
P00118,leg3-cruise,3556.4966204314615,3561.010160211966,直连,,110.66590651763983,122.0
P00041,leg2-cruise,3556.5849960270903,3565.594400468974,中继,RU-002,126.68810561351108,122.0
P00057,leg2-cruise,3558.5356805402475,3568.0725251284534,直连,,92.15383469171601,122.0
P00140,S001-handoff,3558.764960119766,3568.3591246028514,直连,,119.77894086539243,122.0
P00028,leg2-cruise,3561.010160211966,3565.523699992471,中继,RU-002,124.91296952943802,122.0
P00118,leg3-cruise,3561.010160211966,3565.523699992471,直连,,110.49188553917035,122.0
P00146,leg2-cruise,3563.0446613053255,3572.691500538121,直连,,119.62019810041951,122.0
P00003,leg2-cruise,3565.523699992471,3570.037239772975,中继,RU-002,122.87805229487253,122.0
P00028,leg2-cruise,3565.523699992471,3570.037239772975,中继,RU-002,124.8061163314352,122.0
P00044,S003-handoff,3565.523699992471,3574.55077955348,中继,RU-002,127.27724167653642,122.0
P00118,leg3-cruise,3565.523699992471,3570.037239772975,直连,,110.3143504516897,122.0
P00041,leg2-cruise,3565.594400468974,3574.6038049108574,中继,RU-002,126.54891287591681,122.0
P00057,leg2-cruise,3568.0725251284534,3577.6093697166593,直连,,91.38864194943726,122.0
P00140,leg2-climb,3568.3591246028514,3578.254303503676,直连,,119.77954137711585,122.0
P00003,leg2-cruise,3570.037239772975,3574.55077955348,中继,RU-002,122.742749213214,122.0
P00028,leg2-cruise,3570.037239772975,3574.55077955348,中继,RU-002,124.69793451088331,122.0
P00118,leg3-cruise,3570.037239772975,3574.55077955348,直连,,110.13315834740368,122.0
P00146,leg2-cruise,3572.691500538121,3582.3383397709167,直连,,119.2796576471495,122.0
P00003,leg2-cruise,3574.55077955348,3579.0643193339847,中继,RU-002,122.60530803908125,122.0
P00028,leg2-cruise,3574.55077955348,3583.5778591144895,中继,RU-002,124.5330972101776,122.0
P00044,S003-handoff,3574.55077955348,3583.5778591144895,中继,RU-002,127.27724167653642,122.0
P00118,leg3-cruise,3574.55077955348,3579.0643193339847,直连,,109.94815755249026,122.0
P00041,leg2-cruise,3574.6038049108574,3583.613209352741,中继,RU-002,126.40746168438875,122.0
P00057,leg2-descent,3577.6093697166593,3585.6169192232755,直连,,91.04075885348612,122.0
P00140,leg2-climb,3578.254303503676,3588.1494824045008,直连,,119.78135349189522,122.0
P00003,leg2-cruise,3579.0643193339847,3583.5778591144895,中继,RU-002,122.46566021549849,122.0
P00118,leg3-cruise,3579.0643193339847,3583.5778591144895,直连,,109.75918690770875,122.0
P00146,leg2-cruise,3582.3383397709167,3591.9851790037123,直连,,118.92524599311052,122.0
P00003,leg2-cruise,3583.5778591144895,3592.6049386754985,中继,RU-002,122.2518927556535,122.0
P00028,leg2-cruise,3583.5778591144895,3592.6049386754985,中继,RU-002,124.3083414005664,122.0
P00044,S003-handoff,3583.5778591144895,3592.6049386754985,中继,RU-002,127.27724167653642,122.0
P00118,leg3-cruise,3583.5778591144895,3588.091398894994,直连,,109.56607497517739,122.0
P00041,leg2-cruise,3583.613209352741,3592.6226137946246,中继,RU-002,126.26367785176724,122.0
P00057,leg2-descent,3585.6169192232755,3593.6244687298918,直连,,90.53551969709791,122.0
P00118,leg3-cruise,3588.091398894994,3592.6049386754985,直连,,109.36863916230723,122.0
P00140,leg2-climb,3588.1494824045008,3598.0446613053255,直连,,119.78397949772656,122.0
P00146,leg2-cruise,3591.9851790037123,3601.632018236508,直连,,118.55578749564897,122.0
P00003,leg2-cruise,3592.6049386754985,3601.632018236508,中继,RU-002,121.958444529301,122.0
P00028,leg2-cruise,3592.6049386754985,3601.632018236508,中继,RU-002,124.07762657414426,122.0
P00044,S003-handoff,3592.6049386754985,3601.632018236508,中继,RU-002,127.27724167653642,122.0
P00118,leg3-cruise,3592.6049386754985,3597.1184784560032,直连,,109.16668475255845,122.0
P00041,leg2-cruise,3592.6226137946246,3601.632018236508,中继,RU-002,126.11748349041846,122.0
P00057,leg2-descent,3593.6244687298918,3601.632018236508,直连,,89.99906691562099,122.0
P00118,leg3-cruise,3597.1184784560032,3601.632018236508,直连,,108.96000383124593,122.0
P00140,leg2-cruise,3598.0446613053255,3601.632018236508,直连,,119.7244571313541,122.0
P00003,leg2-cruise,3601.632018236508,3610.6548364998744,直连,,121.65482504600803,122.0
P00028,leg2-cruise,3601.632018236508,3610.6548364998744,中继,RU-002,123.84068550354809,122.0
P00041,leg2-cruise,3601.632018236508,3610.6548364998744,中继,RU-002,125.96868512610114,122.0
P00044,S003-handoff,3601.632018236508,3610.6548364998744,中继,RU-002,127.27724167653642,122.0
P00057,leg2-descent,3601.632018236508,3610.6548364998744,直连,,89.38973999381211,122.0
P00118,leg3-cruise,3601.632018236508,3606.143427368191,直连,,108.74842464582945,122.0
P00140,leg2-cruise,3601.632018236508,3610.6548364998744,直连,,119.50606401057038,122.0
P00146,leg2-cruise,3601.632018236508,3610.6548364998744,直连,,118.1827013220296,122.0
P00118,leg3-cruise,3606.143427368191,3610.6548364998744,直连,,108.53171293344657,122.0
P00003,leg2-cruise,3610.6548364998744,3615.166245631558,直连,,121.4200053507414,122.0
P00028,leg2-cruise,3610.6548364998744,3615.166245631558,中继,RU-002,123.65869197884687,122.0
P00041,leg2-cruise,3610.6548364998744,3619.677654763241,中继,RU-002,125.81719083934055,122.0
P00044,S003-handoff,3610.6548364998744,3619.677654763241,中继,RU-002,127.27724167653642,122.0
P00057,leg2-descent,3610.6548364998744,3619.677654763241,直连,,88.69374775962868,122.0
P00118,leg3-cruise,3610.6548364998744,3615.166245631558,直连,,108.30956448769001,122.0
P00140,leg2-cruise,3610.6548364998744,3619.677654763241,直连,,119.18368105429226,122.0
P00146,leg2-cruise,3610.6548364998744,3619.677654763241,直连,,117.80622424751645,122.0
P00003,leg2-cruise,3615.166245631558,3619.677654763241,直连,,121.25986306959744,122.0
P00028,leg2-cruise,3615.166245631558,3619.677654763241,中继,RU-002,123.5352141451592,122.0
P00118,leg3-cruise,3615.166245631558,3619.677654763241,直连,,108.08170565052171,122.0
P00003,leg2-cruise,3619.677654763241,3628.7004730266076,直连,,121.01398509941174,122.0
P00028,leg2-cruise,3619.677654763241,3628.7004730266076,中继,RU-002,123.34665018118436,122.0
P00041,leg2-cruise,3619.677654763241,3628.7004730266076,中继,RU-002,125.66301939575827,122.0
P00044,S003-handoff,3619.677654763241,3628.7004730266076,中继,RU-002,127.27724167653642,122.0
P00057,leg2-descent,3619.677654763241,3628.7004730266076,直连,,87.93708996586224,122.0
P00118,leg3-cruise,3619.677654763241,3624.1890638949244,直连,,107.84784211299204,122.0
P00140,leg2-cruise,3619.677654763241,3628.7004730266076,直连,,118.84889434376468,122.0
P00146,leg2-cruise,3619.677654763241,3628.7004730266076,直连,,117.41273387731714,122.0
P00118,leg3-cruise,3624.1890638949244,3628.7004730266076,直连,,107.6076568515442,122.0
P00003,leg2-cruise,3628.7004730266076,3633.211882158291,直连,,120.76095878130741,122.0
P00028,leg2-cruise,3628.7004730266076,3637.7232912899744,中继,RU-002,123.08870573003787,122.0
P00041,leg2-cruise,3628.7004730266076,3637.7232912899744,中继,RU-002,125.50607494933604,122.0
P00044,S003-handoff,3628.7004730266076,3637.7232912899744,中继,RU-002,127.27724167653642,122.0
P00057,leg2-descent,3628.7004730266076,3637.7232912899744,直连,,87.10817225205832,122.0
P00118,leg3-cruise,3628.7004730266076,3633.211882158291,直连,,107.36080781111275,122.0
P00140,leg2-cruise,3628.7004730266076,3637.7232912899744,直连,,118.50071325743191,122.0
P00146,leg2-cruise,3628.7004730266076,3637.7232912899744,直连,,117.00062440257992,122.0
P00003,leg2-cruise,3633.211882158291,3637.7232912899744,直连,,120.58809390448701,122.0
P00118,leg3-cruise,3633.211882158291,3637.7232912899744,直连,,107.10692529911401,122.0
P00003,leg2-cruise,3637.7232912899744,3646.746109553341,直连,,120.3221852485952,122.0
P00028,leg2-cruise,3637.7232912899744,3646.746109553341,中继,RU-002,112.82288651804265,122.0
P00041,leg2-cruise,3637.7232912899744,3646.746109553341,中继,RU-002,125.34625644017274,122.0
P00044,S003-handoff,3637.7232912899744,3646.746109553341,中继,RU-002,127.27724167653642,122.0
P00057,leg2-descent,3637.7232912899744,3646.746109553341,直连,,86.1917218063668,122.0
P00118,leg3-cruise,3637.7232912899744,3642.2347004216576,直连,,106.84560904900627,122.0
P00140,leg2-cruise,3637.7232912899744,3646.746109553341,直连,,118.13802384192577,122.0
P00146,leg2-cruise,3637.7232912899744,3646.746109553341,直连,,116.56805217601215,122.0
P00118,leg3-cruise,3642.2347004216576,3646.746109553341,直连,,106.57642490589619,122.0
P00003,leg2-cruise,3646.746109553341,3651.481963577554,直连,,120.04327707429869,122.0
P00028,leg2-cruise,3646.746109553341,3651.481963577554,直连,,112.61462080844379,122.0
P00041,leg2-cruise,3646.746109553341,3656.2178176017665,中继,RU-002,125.1793685878695,122.0
P00044,S003-handoff,3646.746109553341,3655.669973453915,中继,RU-002,127.27724167653642,122.0
P00057,leg2-descent,3646.746109553341,3656.1430573514353,直连,,85.14446811545541,122.0
P00118,leg3-cruise,3646.746109553341,3651.635277972735,直连,,106.28709260573932,122.0
P00140,leg2-cruise,3646.746109553341,3656.2178176017665,直连,,117.74994042585048,122.0
P00146,leg2-cruise,3646.746109553341,3656.2178176017665,直连,,116.10125560987791,122.0
P00003,leg2-cruise,3651.481963577554,3656.2178176017665,直连,,119.84594498803399,122.0
P00028,leg2-cruise,3651.481963577554,3656.2178176017665,直连,,112.46829707881008,122.0
P00118,leg3-cruise,3651.635277972735,3656.524446392129,直连,,105.9759012042442,122.0
P00044,S003-handoff,3655.669973453915,3664.5938373544896,中继,RU-002,127.27724167653642,122.0
P00057,leg2-descent,3656.1430573514353,3665.54000514953,直连,,83.92744344113964,122.0
P00003,leg2-cruise,3656.2178176017665,3660.953671625979,直连,,119.64403806582116,122.0
P00028,leg2-cruise,3656.2178176017665,3665.689525650192,直连,,112.24409730580432,122.0
P00041,leg2-cruise,3656.2178176017665,3665.689525650192,中继,RU-002,125.00505743060214,122.0
P00140,leg2-cruise,3656.2178176017665,3665.689525650192,直连,,117.33365570475858,122.0
P00146,leg2-cruise,3656.2178176017665,3665.689525650192,直连,,115.59572574201073,122.0
P00118,leg3-cruise,3656.524446392129,3661.413614811523,直连,,105.653565850724,122.0
P00003,leg2-cruise,3660.953671625979,3665.689525650192,直连,,119.4373397881812,122.0
P00118,leg3-cruise,3661.413614811523,3666.302783230917,直连,,105.31929492690463,122.0
P00044,S003-handoff,3664.5938373544896,3673.5177012550644,中继,RU-002,127.27724167653642,122.0
P00057,leg2-descent,3665.54000514953,3674.936952947624,直连,,82.51166958603417,122.0
P00003,leg2-cruise,3665.689525650192,3675.1612336986177,直连,,119.11779594216624,122.0
P00028,leg2-cruise,3665.689525650192,3670.425379674405,直连,,112.01397548351802,122.0
P00041,leg2-cruise,3665.689525650192,3675.1612336986177,中继,RU-002,124.82719596836375,122.0
P00140,leg2-cruise,3665.689525650192,3675.1612336986177,直连,,116.89647568186562,122.0
P00146,leg2-cruise,3665.689525650192,3675.1612336986177,直连,,115.05909123871868,122.0
P00118,leg3-cruise,3666.302783230917,3671.1919516503112,直连,,104.97221440806382,122.0
P00028,leg2-cruise,3670.425379674405,3675.1612336986177,直连,,111.8571138101689,122.0
P00118,leg3-cruise,3671.1919516503112,3676.081120069705,直连,,104.6113570425554,122.0
P00044,S003-handoff,3673.5177012550644,3682.4415651556387,中继,RU-002,127.27724167653642,122.0
P00057,leg2-descent,3674.936952947624,3684.3339007457184,直连,,80.81931647013877,122.0
P00003,leg2-cruise,3675.1612336986177,3679.8970877228303,直连,,118.78608671204478,122.0
P00028,leg2-cruise,3675.1612336986177,3679.8970877228303,直连,,111.69737696877193,122.0
P00041,leg2-cruise,3675.1612336986177,3684.6329417470433,中继,RU-002,124.64563745769173,122.0
P00140,leg2-cruise,3675.1612336986177,3684.6329417470433,直连,,116.43619902696699,122.0
P00146,leg2-cruise,3675.1612336986177,3684.6329417470433,直连,,104.48729415870955,122.0
P00118,leg3-cruise,3676.081120069705,3680.970288489099,直连,,104.2356499866321,122.0
P00003,leg2-cruise,3679.8970877228303,3684.6329417470433,直连,,118.5577194767069,122.0
P00028,leg2-cruise,3679.8970877228303,3684.6329417470433,直连,,111.53465797453218,122.0
P00118,leg3-cruise,3680.970288489099,3685.859456908493,直连,,103.84390073637643,122.0
P00044,S003-handoff,3682.4415651556387,3691.365429056213,中继,RU-002,127.27724167653642,122.0
P00057,leg2-descent,3684.3339007457184,3693.730848543813,直连,,78.71542858076273,122.0
P00003,leg2-cruise,3684.6329417470433,3689.3687957712564,直连,,118.32320876152245,122.0
P00028,leg2-cruise,3684.6329417470433,3689.3687957712564,直连,,111.36884378100525,122.0
P00041,leg2-cruise,3684.6329417470433,3694.104649795469,中继,RU-002,124.46022592436745,122.0
P00140,leg2-cruise,3684.6329417470433,3694.104649795469,直连,,115.95025855448695,122.0
P00146,leg2-cruise,3684.6329417470433,3694.104649795469,直连,,103.87543211230111,122.0
P00118,leg3-cruise,3685.859456908493,3690.748625327887,直连,,103.43478124475466,122.0
P00003,leg2-cruise,3689.3687957712564,3694.104649795469,直连,,118.08221624413822,122.0
P00028,leg2-cruise,3689.3687957712564,3694.104649795469,直连,,111.1998148152295,122.0
P00118,leg3-cruise,3690.748625327887,3695.637793747281,直连,,103.00681021829523,122.0
P00044,leg2-climb,3691.365429056213,3701.2900574199284,中继,RU-002,127.27764401298235,122.0
P00057,leg2-descent,3693.730848543813,3703.1277963419075,直连,,75.93328469170834,122.0
P00003,leg2-cruise,3694.104649795469,3698.8405038196815,直连,,117.8343749871798,122.0
P00028,leg2-cruise,3694.104649795469,3703.5763578438946,直连,,110.93996464918175,122.0
P00041,leg2-cruise,3694.104649795469,3703.5763578438946,中继,RU-002,124.27079537812205,122.0
P00140,leg2-cruise,3694.104649795469,3703.5763578438946,直连,,115.43563576194215,122.0
P00146,leg2-cruise,3694.104649795469,3703.5763578438946,直连,,103.21750831279951,122.0
P00118,leg3-cruise,3695.637793747281,3700.5269621666753,直连,,102.55833380331849,122.0
P00003,leg2-cruise,3698.8405038196815,3703.5763578438946,直连,,117.57928613322906,122.0
P00118,leg3-cruise,3700.5269621666753,3705.4161305860694,直连,,102.08750528011355,122.0
P00044,leg2-climb,3701.2900574199284,3711.2146857836437,中继,RU-002,127.27852456433072,122.0
P00057,leg2-descent,3703.1277963419075,3712.5247441400015,直连,,71.81538193613862,122.0
P00003,leg2-cruise,3703.5763578438946,3713.04806589232,直连,,107.18210215547468,122.0
P00028,leg2-cruise,3703.5763578438946,3708.3122118681076,直连,,110.6721345843489,122.0
P00041,leg2-cruise,3703.5763578438946,3713.04806589232,中继,RU-002,124.07716894267347,122.0
P00140,leg2-cruise,3703.5763578438946,3713.04806589232,直连,,114.88874899935277,122.0
P00146,leg2-cruise,3703.5763578438946,3713.04806589232,直连,,102.5060826609756,122.0
P00118,leg3-cruise,3705.4161305860694,3710.305299005463,直连,,101.59226513550462,122.0
P00028,leg2-cruise,3708.3122118681076,3713.04806589232,直连,,110.48890130939878,122.0
P00118,leg3-cruise,3710.305299005463,3715.194467424857,直连,,101.07032424494125,122.0
P00044,leg2-climb,3711.2146857836437,3721.139314147359,中继,RU-002,127.27950623491944,122.0
P00057,leg2-descent,3712.5247441400015,3721.921691938096,直连,,63.71310014000611,122.0
P00003,leg2-cruise,3713.04806589232,3717.783919916533,直连,,106.76598279234544,122.0
P00028,leg2-cruise,3713.04806589232,3717.783919916533,直连,,110.30173774001378,122.0
P00041,leg2-cruise,3713.04806589232,3722.519773940746,中继,RU-002,123.87915788999265,122.0
P00140,leg2-cruise,3713.04806589232,3722.519773940746,直连,,104.30530492671616,122.0
P00146,leg2-cruise,3713.04806589232,3722.519773940746,直连,,101.73177339327273,122.0
P00118,leg3-cruise,3715.194467424857,3720.083635844251,直连,,100.5191553403457,122.0
P00003,leg2-cruise,3717.783919916533,3722.519773940746,直连,,106.47713087867571,122.0
P00028,leg2-cruise,3717.783919916533,3722.519773940746,直连,,110.11047242731688,122.0
P00118,leg3-cruise,3720.083635844251,3724.9728042636452,直连,,99.93600232431567,122.0
P00044,leg2-climb,3721.139314147359,3731.0639425110744,中继,RU-002,127.28058895615204,122.0
P00057,leg2-descent,3721.921691938096,3731.3186397361906,直连,,58.38731970836741,122.0
P00003,leg2-cruise,3722.519773940746,3727.2556279649584,直连,,106.17840282963685,122.0
P00028,leg2-cruise,3722.519773940746,3727.2556279649584,直连,,109.9149225146038,122.0
P00041,leg2-cruise,3722.519773940746,3731.991481989171,中继,RU-002,123.67656056598659,122.0
P00140,leg2-cruise,3722.519773940746,3731.991481989171,直连,,103.6800978902248,122.0
P00146,leg2-cruise,3722.519773940746,3731.991481989171,直连,,100.88252653166003,122.0
P00118,leg3-cruise,3724.9728042636452,3729.8619726830393,直连,,99.31792485797823,122.0
P00003,leg2-cruise,3727.2556279649584,3731.991481989171,直连,,105.86910403658547,122.0
P00028,leg2-cruise,3727.2556279649584,3731.991481989171,直连,,109.71489270829294,122.0
P00118,leg3-cruise,3729.8619726830393,3734.7511411024334,直连,,98.66190977826405,122.0
P00044,leg2-climb,3731.0639425110744,3740.9885708747893,中继,RU-002,127.28177265241285,122.0
P00003,leg2-cruise,3731.991481989171,3736.727336013384,直连,,105.5484645006645,122.0
P00028,leg2-cruise,3731.991481989171,3741.4631900375966,直连,,109.40598725214618,122.0
P00041,leg2-cruise,3731.991481989171,3741.4631900375966,中继,RU-002,123.46916119275492,122.0
P00140,leg2-cruise,3731.991481989171,3741.4631900375966,直连,,103.0067338496965,122.0
P00146,leg2-cruise,3731.991481989171,3741.4631900375966,直连,,99.94251269226775,122.0
P00118,leg3-cruise,3734.7511411024334,3739.6403095218275,直连,,97.96510623020085,122.0
P00003,leg2-cruise,3736.727336013384,3741.4631900375966,直连,,105.21562760784137,122.0
P00118,leg3-cruise,3739.6403095218275,3744.5294779412216,直连,,97.22528639327756,122.0
P00044,leg2-climb,3740.9885708747893,3750.9131992385046,中继,RU-002,127.2830572410846,122.0
P00003,leg2-cruise,3741.4631900375966,3750.9348980860223,直连,,104.69137843385013,122.0
P00028,leg2-cruise,3741.4631900375966,3746.199044061809,直连,,109.08575939065284,122.0
P00041,leg2-cruise,3741.4631900375966,3750.9348980860223,中继,RU-002,123.25672853017308,122.0
P00140,leg2-cruise,3741.4631900375966,3750.9348980860223,直连,,102.27724241219897,122.0
P00146,leg2-cruise,3741.4631900375966,3750.9348980860223,直连,,98.89040375565824,122.0
P00118,leg3-cruise,3744.5294779412216,3749.4186463606156,直连,,96.44171158245635,122.0
P00028,leg2-cruise,3746.199044061809,3750.9348980860223,直连,,108.86556522907752,122.0
P00118,leg3-cruise,3749.4186463606156,3754.3078147800097,直连,,95.61671028705203,122.0
P00044,leg2-climb,3750.9131992385046,3760.83782760222,中继,RU-002,127.28444263256758,122.0
P00003,leg2-cruise,3750.9348980860223,3755.6707521102353,直连,,104.13376732316708,122.0
P00028,leg2-cruise,3750.9348980860223,3755.6707521102353,直连,,108.6396828737712,122.0
P00041,leg2-cruise,3750.9348980860223,3760.406606134448,中继,RU-002,123.03901437675005,122.0
P00140,leg2-cruise,3750.9348980860223,3760.406606134448,直连,,101.48151849089301,122.0
P00146,leg2-cruise,3750.9348980860223,3760.406606134448,直连,,97.69657523189291,122.0
P00118,leg3-cruise,3754.3078147800097,3759.196983199404,直连,,94.75845125393433,122.0
P00003,leg2-cruise,3755.6707521102353,3760.406606134448,直连,,103.7413139431378,122.0
P00028,leg2-cruise,3755.6707521102353,3760.406606134448,直连,,108.4078128706437,122.0
P00118,leg3-cruise,3759.196983199404,3764.0861516187974,直连,,93.88553456972524,122.0
P00003,leg2-cruise,3760.406606134448,3765.1424601586605,直连,,103.33050478125236,122.0
P00028,leg2-cruise,3760.406606134448,3765.1424601586605,直连,,108.16963167484165,122.0
P00041,leg2-cruise,3760.406606134448,3769.8783141828735,中继,RU-002,122.81575188625749,122.0
P00140,leg2-cruise,3760.406606134448,3769.8783141828735,直连,,100.60649672028359,122.0
P00146,leg2-cruise,3760.406606134448,3769.8783141828735,直连,,96.3183671924876,122.0
P00044,leg2-climb,3760.83782760222,3770.7624559659353,中继,RU-002,127.28592873030037,122.0
P00118,leg3-cruise,3764.0861516187974,3768.9753200381915,直连,,93.03374085908895,122.0
P00003,leg2-cruise,3765.1424601586605,3769.8783141828735,直连,,102.89956243669835,122.0
P00028,leg2-cruise,3765.1424601586605,3769.8783141828735,直连,,107.92478901927566,122.0
P00118,leg3-cruise,3768.9753200381915,3773.8644884575856,直连,,92.26350213132955,122.0
P00003,leg2-cruise,3769.8783141828735,3774.6141682070865,直连,,102.44644246724803,122.0
P00028,leg2-cruise,3769.8783141828735,3779.350022231299,直连,,107.54419461942089,122.0
P00041,leg2-cruise,3769.8783141828735,3779.350022231299,中继,RU-002,122.58665367268492,122.0
P00140,leg2-cruise,3769.8783141828735,3779.350022231299,直连,,99.63489240393542,122.0
P00146,leg2-cruise,3769.8783141828735,3779.350022231299,直连,,94.69170415608566,122.0
P00044,leg2-climb,3770.7624559659353,3780.6870843296506,中继,RU-002,127.28751543078232,122.0
P00118,leg3-cruise,3773.8644884575856,3778.7536568769797,直连,,91.66184084119702,122.0
P00003,leg2-cruise,3774.6141682070865,3779.350022231299,直连,,101.96877816040238,122.0
P00118,leg3-cruise,3778.7536568769797,3783.6428252963738,直连,,91.32655919741532,122.0
P00003,leg2-cruise,3779.350022231299,3784.0858762555117,直连,,101.4638106239124,122.0
P00028,leg2-cruise,3779.350022231299,3784.0858762555117,直连,,107.14632278397063,122.0
P00041,leg2-cruise,3779.350022231299,3788.8217302797248,中继,RU-002,122.3514096711574,122.0
P00140,leg2-cruise,3779.350022231299,3788.8217302797248,直连,,98.5432124895555,122.0
P00146,leg2-cruise,3779.350022231299,3788.8217302797248,直连,,92.71587135707344,122.0
P00044,leg2-cruise,3780.6870843296506,3785.0886728292753,中继,RU-002,127.24889915307415,122.0
P00118,leg3-descent,3783.6428252963738,3790.968131812262,直连,,91.10632069363626,122.0
P00003,leg2-cruise,3784.0858762555117,3788.8217302797248,直连,,100.92829942020404,122.0
P00028,leg2-cruise,3784.0858762555117,3788.8217302797248,直连,,106.87068276194657,122.0
P00044,leg2-cruise,3785.0886728292753,3789.4902613289005,中继,RU-002,127.16946465480439,122.0
P00003,leg2-cruise,3788.8217302797248,3793.557584303938,直连,,100.35840715286312,122.0
P00028,leg2-cruise,3788.8217302797248,3793.557584303938,直连,,106.58610757698754,122.0
P00041,leg2-cruise,3788.8217302797248,3798.2934383281504,中继,RU-002,122.10968471667165,122.0
P00140,leg2-cruise,3788.8217302797248,3798.2934383281504,直连,,97.29848564431946,122.0
P00146,leg2-cruise,3788.8217302797248,3798.2934383281504,直连,,90.22781824987749,122.0
P00044,leg2-cruise,3789.4902613289005,3793.8918498285257,中继,RU-002,127.08929934126508,122.0
P00118,leg3-descent,3790.968131812262,3798.2934383281504,直连,,90.74229317483491,122.0
P00003,leg2-cruise,3793.557584303938,3798.2934383281504,直连,,99.74954883656136,122.0
P00028,leg2-cruise,3793.557584303938,3798.2934383281504,直连,,106.29200577516228,122.0
P00044,leg2-cruise,3793.8918498285257,3798.2934383281504,中继,RU-002,127.00838968850096,122.0
P00003,leg2-cruise,3798.2934383281504,3807.0212814534984,直连,,98.8059179766423,122.0
P00028,leg2-cruise,3798.2934383281504,3803.061757640864,直连,,105.9866647409779,122.0
P00041,leg2-cruise,3798.2934383281504,3803.284175870408,直连,,121.92055188688505,122.0
P00044,leg2-cruise,3798.2934383281504,3803.284175870408,中继,RU-002,126.92122878464005,122.0
P00118,leg3-descent,3798.2934383281504,3808.153770244408,直连,,90.2948745987366,122.0
P00140,leg2-cruise,3798.2934383281504,3807.46602168947,直连,,95.87737364629173,122.0
P00146,leg2-cruise,3798.2934383281504,3804.971938384123,直连,,87.52504755752817,122.0
P00028,leg2-cruise,3803.061757640864,3807.830076953578,直连,,105.66924853963397,122.0
P00041,leg2-cruise,3803.284175870408,3808.2749134126652,直连,,111.78760244157824,122.0
P00044,leg2-cruise,3803.284175870408,3808.2749134126652,中继,RU-002,126.82763507610109,122.0
P00146,leg2-cruise,3804.971938384123,3811.650438440095,直连,,84.84938584165866,122.0
P00003,leg2-cruise,3807.0212814534984,3811.3852030161725,直连,,97.7826422921448,122.0
P00140,leg2-cruise,3807.46602168947,3816.6386050507895,直连,,94.22166530968578,122.0
P00028,leg2-cruise,3807.830076953578,3812.598396266292,直连,,105.33996780827083,122.0
P00118,leg3-descent,3808.153770244408,3818.0141021606655,直连,,89.75134818558448,122.0
P00041,leg2-cruise,3808.2749134126652,3813.265650954923,直连,,111.65261057567648,122.0
P00044,leg2-cruise,3808.2749134126652,3813.265650954923,中继,RU-002,126.7330254171455,122.0
P00003,leg2-cruise,3811.3852030161725,3815.749124578846,直连,,97.03032815478345,122.0
P00146,leg2-cruise,3811.650438440095,3818.3289384960676,直连,,82.43970751867874,122.0
P00028,leg2-cruise,3812.598396266292,3817.3667155790063,直连,,104.9979162886083,122.0
P00041,leg2-cruise,3813.265650954923,3818.2563884971805,直连,,111.51551336415349,122.0
P00044,leg2-cruise,3813.265650954923,3818.2563884971805,中继,RU-002,126.63737759562362,122.0
P00003,leg2-cruise,3815.749124578846,3824.476967704194,直连,,95.77245060764443,122.0
P00140,leg2-cruise,3816.6386050507895,3825.811188412109,直连,,92.20623195567617,122.0
P00028,leg2-cruise,3817.3667155790063,3822.1350348917204,直连,,104.64208184344727,122.0
P00118,leg3-descent,3818.0141021606655,3827.8744340769235,直连,,89.17152632940092,122.0
P00041,leg2-cruise,3818.2563884971805,3823.2471260394377,直连,,111.37624496936806,122.0
P00044,leg2-cruise,3818.2563884971805,3823.2471260394377,中继,RU-002,126.54066866577918,122.0
P00146,leg2-descent,3818.3289384960676,3828.0193791698957,直连,,81.1344950514344,122.0
P00028,leg2-cruise,3822.1350348917204,3826.903354204434,直连,,104.27132970065753,122.0
P00041,leg2-cruise,3823.2471260394377,3828.2378635816954,直连,,111.23473646137106,122.0
P00044,leg2-cruise,3823.2471260394377,3828.2378635816954,中继,RU-002,126.442874915717,122.0
P00003,leg2-cruise,3824.476967704194,3833.2048108295417,直连,,93.78286805584005,122.0
P00140,leg2-cruise,3825.811188412109,3834.9837717734285,直连,,89.66554566658172,122.0
P00028,leg2-cruise,3826.903354204434,3831.671673517148,直连,,103.88438235175367,122.0
P00118,leg3-descent,3827.8744340769235,3837.734765993181,直连,,88.55021249857234,122.0
P00146,leg2-descent,3828.0193791698957,3837.709819843724,直连,,79.04372855980819,122.0
P00041,leg2-cruise,3828.2378635816954,3833.228601123953,直连,,111.09091562434455,122.0
P00044,leg2-cruise,3828.2378635816954,3833.228601123953,中继,RU-002,126.34397183304957,122.0
P00028,leg2-cruise,3831.671673517148,3836.439992829862,直连,,103.47979530599757,122.0
P00003,leg2-cruise,3833.2048108295417,3837.5687323922157,直连,,91.97510496935558,122.0
P00041,leg2-cruise,3833.228601123953,3838.2193386662107,直连,,110.94470674800515,122.0
P00044,leg2-cruise,3833.228601123953,3838.2193386662107,中继,RU-002,126.24393406862441,122.0
P00140,leg2-cruise,3834.9837717734285,3844.156355134748,直连,,86.38640963976925,122.0
P00028,leg2-cruise,3836.439992829862,3841.208312142576,直连,,103.05592768433887,122.0
P00003,leg2-cruise,3837.5687323922157,3841.9326539548897,直连,,90.57642466786702,122.0
P00146,leg2-descent,3837.709819843724,3847.400260517552,直连,,76.28456620563064,122.0
P00118,leg3-descent,3837.734765993181,3847.5950979094387,直连,,87.88100751074171,122.0
P00041,leg2-cruise,3838.2193386662107,3843.2100762084683,直连,,110.79603040246474,122.0
P00044,leg2-cruise,3838.2193386662107,3843.2100762084683,中继,RU-002,126.14273539816526,122.0
P00028,leg2-cruise,3841.208312142576,3845.97663145529,直连,,102.61090635951791,122.0
P00003,leg2-cruise,3841.9326539548897,3850.6604970802373,直连,,88.1544759157929,122.0
P00041,leg2-cruise,3843.2100762084683,3848.2008137507255,直连,,110.6448031951097,122.0
P00044,leg2-cruise,3843.2100762084683,3848.2008137507255,中继,RU-002,126.04034868170201,122.0
P00140,leg2-cruise,3844.156355134748,3853.3289384960676,直连,,82.78268090706904,122.0
P00028,leg2-cruise,3845.97663145529,3855.513270080718,直连,,101.89892090130583,122.0
P00146,leg2-descent,3847.400260517552,3857.09070119138,直连,,72.21730887279023,122.0
P00118,leg3-descent,3847.5950979094387,3857.4554298256962,直连,,87.15590716597453,122.0
P00041,leg2-cruise,3848.2008137507255,3853.191551292983,直连,,110.4909375076689,122.0
P00044,leg2-cruise,3848.2008137507255,3853.191551292983,中继,RU-002,125.93674582064604,122.0
P00003,leg2-cruise,3850.6604970802373,3859.3883402055853,直连,,84.86694158418052,122.0
P00041,leg2-cruise,3853.191551292983,3858.182288835241,直连,,110.33434121168153,122.0
P00044,leg2-cruise,3853.191551292983,3858.182288835241,中继,RU-002,125.8318977123226,122.0
P00140,leg2-descent,3853.3289384960676,3863.0193791698957,直连,,81.1344950514344,122.0
P00028,leg2-cruise,3855.513270080718,3860.281589393432,直连,,101.12570801344009,122.0
P00146,leg2-descent,3857.09070119138,3866.781141865208,直连,,64.31881537331937,122.0
P00118,leg3-descent,3857.4554298256962,3867.315761741954,直连,,86.36471612092637,122.0
P00041,leg2-cruise,3858.182288835241,3863.173026377498,直连,,110.17491736013454,122.0
P00044,leg2-cruise,3858.182288835241,3863.173026377498,中继,RU-002,125.72577420178315,122.0
P00003,leg2-descent,3859.3883402055853,3868.451052913105,直连,,83.57175599751194,122.0
P00028,leg2-cruise,3860.281589393432,3865.0499087061457,直连,,100.5709239837538,122.0
P00140,leg2-descent,3863.0193791698957,3872.709819843724,直连,,79.04372855980819,122.0
P00041,leg2-cruise,3863.173026377498,3868.1637639197556,直连,,110.01256385303995,122.0
P00044,leg2-cruise,3863.173026377498,3868.1637639197556,中继,RU-002,125.61834403072801,122.0
P00028,leg2-cruise,3865.0499087061457,3869.8182280188594,直连,,99.98018223104503,122.0
P00146,leg2-descent,3866.781141865208,3876.4715825390363,直连,,57.992405658373215,122.0
P00118,leg3-descent,3867.315761741954,3877.1760936582114,直连,,85.49416708255289,122.0
P00041,leg2-cruise,3868.1637639197556,3873.1545014620133,直连,,109.84717307421944,122.0
P00044,leg2-cruise,3868.1637639197556,3873.1545014620133,中继,RU-002,125.50957478328968,122.0
P00003,leg2-descent,3868.451052913105,3877.5137656206243,直连,,82.14868303046629,122.0
P00028,leg2-cruise,3869.8182280188594,3874.5865473315735,直连,,99.34883231311788,122.0
P00140,leg2-descent,3872.709819843724,3882.400260517552,直连,,76.28456620563064,122.0
P00041,leg2-cruise,3873.1545014620133,3878.145239004271,直连,,109.67863149650704,122.0
P00044,leg2-cruise,3873.1545014620133,3878.145239004271,中继,RU-002,125.39943282846525,122.0
P00028,leg2-cruise,3874.5865473315735,3879.3548666442875,直连,,98.6713602593008,122.0
P00118,leg3-descent,3877.1760936582114,3887.036425574469,直连,,84.52654745924188,122.0
P00003,leg2-descent,3877.5137656206243,3886.576478328144,直连,,80.44587982316204,122.0
P00041,leg2-cruise,3878.145239004271,3883.1359765465286,直连,,109.50681925203375,122.0
P00044,leg2-cruise,3878.145239004271,3883.1359765465286,中继,RU-002,125.28788325896227,122.0
P00028,leg2-cruise,3879.3548666442875,3884.1231859570016,直连,,97.9412086384781,122.0
P00140,leg2-descent,3882.400260517552,3892.09070119138,直连,,72.21730887279023,122.0
P00041,leg2-cruise,3883.1359765465286,3888.126714088786,直连,,109.33160966401888,122.0
P00044,leg2-cruise,3883.1359765465286,3888.126714088786,中继,RU-002,125.17488982614466,122.0
P00028,leg2-cruise,3884.1231859570016,3893.6598245824293,直连,,96.72977389587108,122.0
P00003,leg2-descent,3886.576478328144,3895.6391910356633,直连,,78.32578882182625,122.0
P00118,leg3-descent,3887.036425574469,3896.896757490727,直连,,83.43746085418515,122.0
P00041,leg2-cruise,3888.126714088786,3893.1174516310434,直连,,109.15286873608085,122.0
P00044,leg2-cruise,3888.126714088786,3893.1174516310434,中继,RU-002,125.06041487083402,122.0
P00140,leg2-descent,3892.09070119138,3901.781141865208,直连,,64.31881537331937,122.0
P00041,leg2-cruise,3893.1174516310434,3898.108189173301,直连,,108.97045459446277,122.0
P00044,leg2-cruise,3893.1174516310434,3898.108189173301,中继,RU-002,124.94441924959989,122.0
P00028,leg2-cruise,3893.6598245824293,3898.4281438951434,直连,,95.34968497454152,122.0
P00003,leg2-descent,3895.6391910356633,3904.7019037431833,直连,,75.51513358475091,122.0
P00118,leg3-descent,3896.896757490727,3906.7570894069845,直连,,82.19197383153053,122.0
P00041,leg2-cruise,3898.108189173301,3903.0989267155583,直连,,108.78421687827934,122.0
P00044,leg2-cruise,3898.108189173301,3903.0989267155583,中继,RU-002,124.82686225619872,122.0
P00028,leg2-cruise,3898.4281438951434,3903.1964632078575,直连,,94.31717696583154,122.0
P00140,leg2-descent,3901.781141865208,3911.4715825390363,直连,,57.992405658373215,122.0
P00041,leg2-cruise,3903.0989267155583,3908.089664257816,直连,,108.59399607203389,122.0
P00044,leg2-cruise,3903.0989267155583,3908.089664257816,中继,RU-002,124.70770153780612,122.0
P00028,leg2-cruise,3903.1964632078575,3907.964782520571,直连,,93.18183814675987,122.0
P00003,leg2-descent,3904.7019037431833,3913.7646164507028,直连,,71.33379743766989,122.0
P00118,leg3-descent,3906.7570894069845,3916.617421323242,直连,,80.73751081836032,122.0
P00028,leg2-cruise,3907.964782520571,3912.733101833285,直连,,91.93835802377599,122.0
P00041,leg2-cruise,3908.089664257816,3913.0804018000736,直连,,108.39962277427723,122.0
P00044,leg2-cruise,3908.089664257816,3913.0804018000736,中继,RU-002,124.58689300557266,122.0
P00028,leg2-cruise,3912.733101833285,3917.5014211459993,直连,,90.59994975286406,122.0
P00041,leg2-cruise,3913.0804018000736,3918.071139342331,直连,,108.20091689526494,122.0
P00044,leg2-cruise,3913.0804018000736,3918.071139342331,中继,RU-002,124.46439073907143,122.0
P00003,leg2-descent,3913.7646164507028,3922.8273291582223,直连,,62.967581480229065,122.0
P00118,leg3-descent,3916.617421323242,3926.4777532394996,直连,,78.9895220270288,122.0
P00028,leg2-cruise,3917.5014211459993,3922.2697404587134,直连,,89.22895566341728,122.0
P00041,leg2-cruise,3918.071139342331,3923.061876884589,直连,,107.99768677594916,122.0
P00044,leg2-cruise,3918.071139342331,3923.061876884589,中继,RU-002,124.3401468841456,122.0
P00028,leg2-cruise,3922.2697404587134,3931.806379084141,直连,,87.52330391031532,122.0
P00003,leg2-descent,3922.8273291582223,3931.8900418657418,直连,,58.81621869882939,122.0
P00041,leg2-cruise,3923.061876884589,3928.052614426846,直连,,107.78972821946154,122.0
P00044,leg2-cruise,3923.061876884589,3928.052614426846,中继,RU-002,124.21411154357016,122.0
P00118,leg3-descent,3926.4777532394996,3936.338085155757,直连,,76.79879284629459,122.0
P00041,leg2-cruise,3928.052614426846,3933.0433519691037,直连,,107.57682342553682,122.0
P00044,leg2-cruise,3928.052614426846,3933.0433519691037,中继,RU-002,124.08623265993165,122.0
P00028,leg2-descent,3931.806379084141,3941.3186335864943,直连,,86.63481619275453,122.0
P00041,leg2-cruise,3933.0433519691037,3938.0340895113613,直连,,107.35873981703651,122.0
P00044,leg2-cruise,3933.0433519691037,3938.0340895113613,中继,RU-002,123.95645589009027,122.0
P00118,leg3-descent,3936.338085155757,3946.198417072015,直连,,73.86210265018755,122.0
P00041,leg2-cruise,3938.0340895113613,3943.0248270536185,直连,,107.13522874680561,122.0
P00044,leg2-cruise,3938.0340895113613,3943.0248270536185,中继,RU-002,123.8247244704364,122.0
P00028,leg2-descent,3941.3186335864943,3950.8308880888476,直连,,85.60816802469549,122.0
P00041,leg2-cruise,3943.0248270536185,3948.015564595876,直连,,106.9060240717428,122.0
P00044,leg2-cruise,3943.0248270536185,3948.015564595876,中继,RU-002,123.69097907216285,122.0
P00118,leg3-descent,3946.198417072015,3956.058748988273,直连,,69.39206920485316,122.0
P00041,leg2-cruise,3948.015564595876,3953.006302138134,直连,,106.67084057995679,122.0
P00044,leg2-cruise,3948.015564595876,3953.006302138134,中继,RU-002,123.55515764567565,122.0
P00028,leg2-descent,3950.8308880888476,3960.343142591201,直连,,84.44370125554425,122.0
P00041,leg2-cruise,3953.006302138134,3957.9970396803915,直连,,106.42937225557239,122.0
P00044,leg2-cruise,3953.006302138134,3957.9970396803915,中继,RU-002,123.41719525310461,122.0
P00118,leg3-descent,3956.058748988273,3965.9190809045303,直连,,59.68243778349505,122.0
P00041,leg2-cruise,3957.9970396803915,3962.987777222649,直连,,106.18129036495641,122.0
P00044,leg2-cruise,3957.9970396803915,3962.987777222649,中继,RU-002,123.27702388788282,122.0
P00028,leg2-descent,3960.343142591201,3969.8553970935536,直连,,83.09859118543437,122.0
P00041,leg2-cruise,3962.987777222649,3967.9785147649063,直连,,105.92624134727677,122.0
P00044,leg2-cruise,3962.987777222649,3967.9785147649063,中继,RU-002,123.13457228014234,122.0
P00118,leg3-descent,3965.9190809045303,3975.779412820788,直连,,60.17469961118356,122.0
P00041,leg2-cruise,3967.9785147649063,3972.969252307164,直连,,105.66384449238046,122.0
P00044,leg2-cruise,3967.9785147649063,3972.969252307164,中继,RU-002,122.98976568659091,122.0
P00028,leg2-descent,3969.8553970935536,3979.367651595907,直连,,81.50631489594858,122.0
P00041,leg2-cruise,3972.969252307164,3977.9599898494216,直连,,105.39368938955668,122.0
P00044,leg2-cruise,3972.969252307164,3977.9599898494216,中继,RU-002,122.84252566341638,122.0
P00041,leg2-cruise,3977.9599898494216,3982.950727391679,直连,,105.11533313322381,122.0
P00044,leg2-cruise,3977.9599898494216,3982.950727391679,中继,RU-002,122.69276982051096,122.0
P00028,leg2-descent,3979.367651595907,3988.87990609826,直连,,79.55512140465304,122.0
P00041,leg2-cruise,3982.950727391679,3987.9414649339365,直连,,104.8282972757723,122.0
P00044,leg2-cruise,3982.950727391679,3987.9414649339365,中继,RU-002,122.54041155519563,122.0
P00041,leg2-cruise,3987.9414649339365,3992.932202476194,直连,,104.53206452616237,122.0
P00044,leg2-cruise,3987.9414649339365,3992.932202476194,中继,RU-002,122.38535976340424,122.0
P00028,leg2-descent,3988.87990609826,3998.3921606006134,直连,,77.03464800129477,122.0
P00041,leg2-cruise,3992.932202476194,3997.9229400184513,直连,,104.22607520566862,122.0
P00044,leg2-cruise,3992.932202476194,3997.9229400184513,中继,RU-002,122.22751852598915,122.0
P00041,leg2-cruise,3997.9229400184513,4002.913677560709,直连,,103.9097234939796,122.0
P00044,leg2-cruise,3997.9229400184513,4002.913677560709,中继,RU-002,122.06678676759178,122.0
P00028,leg2-descent,3998.3921606006134,4007.9044151029666,直连,,73.46926217784444,122.0
P00041,leg2-cruise,4002.913677560709,4007.9044151029666,直连,,103.58235353169894,122.0
P00044,leg2-cruise,4002.913677560709,4007.9044151029666,直连,,121.90305788522437,122.0
P00028,leg2-descent,4007.9044151029666,4015.2329807334104,直连,,68.28780903756737,122.0
P00041,leg2-cruise,4007.9044151029666,4017.7154646046592,直连,,103.07507165529957,122.0
P00044,leg2-cruise,4007.9044151029666,4017.783429484415,直连,,121.73708378759194,122.0
P00028,leg2-descent,4015.2329807334104,4022.5615463638537,直连,,57.5347195123505,122.0
P00041,leg2-cruise,4017.7154646046592,4027.526514106352,直连,,102.35841142733233,122.0
P00044,leg2-cruise,4017.783429484415,4022.7229366751394,直连,,111.39722426149402,122.0
P00028,leg2-descent,4022.5615463638537,4029.8901119942975,直连,,60.75424392340879,122.0
P00044,leg2-cruise,4022.7229366751394,4027.6624438658637,直连,,111.22223975832514,122.0
P00041,leg2-cruise,4027.526514106352,4037.3375636080445,直连,,101.58512781597422,122.0
P00044,leg2-cruise,4027.6624438658637,4037.541458247312,直连,,111.04370587261057,122.0
P00041,leg2-cruise,4037.3375636080445,4047.1486131097377,直连,,100.74754615092981,122.0
P00044,leg2-cruise,4037.541458247312,4047.4204726287608,直连,,110.67540181940774,122.0
P00041,leg2-cruise,4047.1486131097377,4056.9596626114303,直连,,99.837329593923,122.0
P00044,leg2-cruise,4047.4204726287608,4057.2994870102093,直连,,110.29104240023011,122.0
P00041,leg2-cruise,4056.9596626114303,4066.770712113123,直连,,98.84634338802974,122.0
P00044,leg2-cruise,4057.2994870102093,4062.2389942009336,直连,,109.88919032062746,122.0
P00143,leg1-climb,4062.0,4071.690440673828,直连,,54.80497750786708,122.0
P00044,leg2-cruise,4062.2389942009336,4067.178501391658,直连,,109.68120227469504,122.0
P00041,leg2-cruise,4066.770712113123,4076.5817616148156,直连,,97.76896103183147,122.0
P00044,leg2-cruise,4067.178501391658,4072.118008582382,直连,,109.46821057908699,122.0
P00143,leg1-climb,4071.690440673828,4081.380881347656,直连,,67.51503459175076,122.0
P00044,leg2-cruise,4072.118008582382,4077.0575157731064,直连,,109.24997390695533,122.0
P00041,leg2-cruise,4076.5817616148156,4086.3928111165083,直连,,96.60766054746229,122.0
P00044,leg2-cruise,4077.0575157731064,4081.9970229638307,直连,,109.02623349362409,122.0
P00143,leg1-climb,4081.380881347656,4091.071322021485,直连,,74.48686069242545,122.0
P00044,leg2-cruise,4081.9970229638307,4086.936530154555,直连,,108.79671146875785,122.0
P00041,leg2-cruise,4086.3928111165083,4096.203860618201,直连,,95.38568757074492,122.0
P00044,leg2-cruise,4086.936530154555,4091.876037345279,直连,,108.56110899263089,122.0
P00143,leg1-climb,4091.071322021485,4100.761762695312,直连,,78.30394043774602,122.0
P00044,leg2-cruise,4091.876037345279,4096.8155445360035,直连,,108.31910416993198,122.0
P00041,leg2-cruise,4096.203860618201,4106.014910119894,直连,,94.17257951829528,122.0
P00044,leg2-cruise,4096.8155445360035,4101.755051726728,直连,,108.07034971057516,122.0
P00143,leg1-climb,4100.761762695312,4110.452203369141,直连,,80.94666213903061,122.0
P00044,leg2-cruise,4101.755051726728,4106.694558917452,直连,,107.81447030270064,122.0
P00041,leg2-cruise,4106.014910119894,4115.825959621587,直连,,93.12222403802771,122.0
P00044,leg2-cruise,4106.694558917452,4111.634066108176,直连,,107.551059657916,122.0
P00143,leg1-cruise,4110.452203369141,4120.270829414939,直连,,82.88383902694989,122.0
P00044,leg2-cruise,4111.634066108176,4116.573573298901,直连,,107.2796771834049,122.0
P00041,leg2-cruise,4115.825959621587,4125.637009123279,直连,,92.48331704579967,122.0
P00044,leg2-cruise,4116.573573298901,4121.513080489625,直连,,106.99984422948273,122.0
P00143,leg1-cruise,4120.270829414939,4130.089455460737,直连,,86.77063365844988,122.0
P00044,leg2-cruise,4121.513080489625,4126.452587680349,直连,,106.71103985469973,122.0
P00041,leg2-descent,4125.637009123279,4135.283767749582,直连,,92.13973304737473,122.0
P00044,leg2-cruise,4126.452587680349,4131.392094871073,直连,,106.41269604434403,122.0
P00143,leg1-cruise,4130.089455460737,4139.9080815065345,直连,,90.16068595088801,122.0
P00044,leg2-cruise,4131.392094871073,4136.331602061798,直连,,106.10419231216724,122.0
P00041,leg2-descent,4135.283767749582,4144.930526375883,直连,,91.60242445135648,122.0
P00044,leg2-cruise,4136.331602061798,4141.271109252522,直连,,105.78484961100172,122.0
P00143,leg1-cruise,4139.9080815065345,4149.726707552332,直连,,92.74417043864779,122.0
P00044,leg2-cruise,4141.271109252522,4146.210616443246,直连,,105.45392347680246,122.0
P00041,leg2-descent,4144.930526375883,4154.577285002186,直连,,91.0296734698302,122.0
P00044,leg2-cruise,4146.210616443246,4151.15012363397,直连,,105.11059633616159,122.0
P00143,leg1-cruise,4149.726707552332,4159.54533359813,直连,,94.77944721369933,122.0
P00044,leg2-cruise,4151.15012363397,4156.089630824695,直连,,104.75396892352825,122.0
P00041,leg2-descent,4154.577285002186,4164.224043628487,直连,,90.4164720573186,122.0
P00044,leg2-cruise,4156.089630824695,4161.029138015419,直连,,104.38305078993213,122.0
P00143,leg1-cruise,4159.54533359813,4169.363959643928,直连,,96.44576962711744,122.0
P00044,leg2-cruise,4161.029138015419,4165.968645206143,直连,,103.99674995281624,122.0
P00041,leg2-descent,4164.224043628487,4173.87080225479,直连,,89.75666946253962,122.0
P00044,leg2-cruise,4165.968645206143,4170.908152396867,直连,,103.59386185812552,122.0
P00143,leg1-cruise,4169.363959643928,4179.182585689725,直连,,97.8520566432842,122.0
P00044,leg2-cruise,4170.908152396867,4175.847659587592,直连,,103.1730580376498,122.0
P00041,leg2-descent,4173.87080225479,4183.517560881091,直连,,89.04259575115437,122.0
P00044,leg2-cruise,4175.847659587592,4180.7871667783165,直连,,102.73287520539814,122.0
P00143,leg1-cruise,4179.182585689725,4189.001211735523,直连,,99.06671421641943,122.0
P00044,leg2-cruise,4180.7871667783165,4185.72667396904,直连,,102.27170614710434,122.0
P00041,leg2-descent,4183.517560881091,4193.164319507394,直连,,88.26451625618456,122.0
P00044,leg2-cruise,4185.72667396904,4190.666181159764,直连,,101.78779478290846,122.0
P00143,leg1-cruise,4189.001211735523,4198.8198377813205,直连,,100.13484872048119,122.0
P00044,leg2-cruise,4190.666181159764,4195.605688350489,直连,,101.27923950748433,122.0
P00041,leg2-descent,4193.164319507394,4202.811078133695,直连,,87.4098167699784,122.0
P00044,leg2-cruise,4195.605688350489,4200.545195541214,直连,,100.74401180984714,122.0
P00143,leg1-cruise,4198.8198377813205,4208.638463827118,直连,,101.08755538491656,122.0
P00044,leg2-cruise,4200.545195541214,4205.484702731937,直连,,100.18000205224538,122.0
P00041,leg2-descent,4202.811078133695,4212.457836759998,直连,,86.46174236508743,122.0
P00044,leg2-cruise,4205.484702731937,4210.424209922661,直连,,99.58511249189763,122.0
P00161,leg1-climb,4207.0,4216.690440673829,直连,,54.80497750786708,122.0
P00143,leg1-cruise,4208.638463827118,4218.457089872916,直连,,101.94709420372484,122.0
P00044,leg2-cruise,4210.424209922661,4215.363717113386,直连,,98.95743137329424,122.0
P00041,leg2-descent,4212.457836759998,4222.1045953863,直连,,85.39735988929216,122.0
P00044,leg2-cruise,4215.363717113386,4220.303224304111,直连,,98.2955446640295,122.0
P00161,leg1-climb,4216.690440673829,4226.380881347656,直连,,67.51503459175177,122.0
P00143,leg1-cruise,4218.457089872916,4228.275715918714,直连,,102.72991147153638,122.0
P00044,leg2-cruise,4220.303224304111,4225.2427314948345,直连,,97.59907860617432,122.0
P00041,leg2-descent,4222.1045953863,4231.751354012602,直连,,84.18408912653277,122.0
P00044,leg2-cruise,4225.2427314948345,4230.182238685558,直连,,96.86962165946659,122.0
P00161,leg1-climb,4226.380881347656,4236.071322021485,直连,,74.48686069242545,122.0
P00143,leg1-cruise,4228.275715918714,4238.094341964512,直连,,103.44848484892461,122.0
P00044,leg2-cruise,4230.182238685558,4235.121745876283,直连,,96.1122471601137,122.0
P00041,leg2-descent,4231.751354012602,4241.398112638904,直连,,82.7733957321784,122.0
P00044,leg2-cruise,4235.121745876283,4240.061253067008,直连,,95.33791849339684,122.0
P00161,leg1-climb,4236.071322021485,4245.761762695312,直连,,78.30394043774588,122.0
P00143,leg1-cruise,4238.094341964512,4247.91296801031,直连,,104.11249625163042,122.0
P00044,leg2-cruise,4240.061253067008,4245.000760257732,直连,,94.56699178321797,122.0
P00041,leg2-descent,4241.398112638904,4251.044871265206,直连,,81.08830369097663,122.0
P00044,leg2-cruise,4245.000760257732,4249.940267448455,直连,,93.83352953747098,122.0
P00161,leg1-climb,4245.761762695312,4255.452203369141,直连,,80.94666213903061,122.0
P00143,leg1-cruise,4247.91296801031,4257.7315940561075,直连,,114.72960412724932,122.0
P00044,leg2-cruise,4249.940267448455,4254.87977463918,直连,,93.18865672612196,122.0
P00041,leg2-descent,4251.044871265206,4260.6916298915085,直连,,78.99564504974266,122.0
P00044,leg2-cruise,4254.87977463918,4259.819281829905,直连,,92.6985371240184,122.0
P00161,leg1-cruise,4255.452203369141,4265.270829414939,直连,,82.88383902694989,122.0
P00143,leg1-cruise,4257.7315940561075,4267.550220101905,直连,,115.30596777067473,122.0
P00044,leg2-cruise,4259.819281829905,4264.758789020629,直连,,92.4310420742167,122.0
P00041,leg2-descent,4260.6916298915085,4270.33838851781,直连,,76.23317457050304,122.0
P00044,leg2-descent,4264.758789020629,4274.624792161165,直连,,92.18697046648366,122.0
P00161,leg1-cruise,4265.270829414939,4275.089455460737,直连,,86.77063365844988,122.0
P00143,leg1-cruise,4267.550220101905,4277.368846147703,直连,,115.84661294571715,122.0
P00041,leg2-descent,4270.33838851781,4279.9851471441125,直连,,72.15865338221036,122.0
P00044,leg2-descent,4274.624792161165,4284.490795301701,直连,,91.75229016516307,122.0
P00161,leg1-cruise,4275.089455460737,4284.9080815065345,直连,,90.16068595088801,122.0
P00143,leg1-cruise,4277.368846147703,4287.187472193501,直连,,116.35569290258537,122.0
P00041,leg2-descent,4279.9851471441125,4289.631905770414,直连,,64.23129580096838,122.0
P00044,leg2-descent,4284.490795301701,4294.356798442237,直连,,91.29470526165954,122.0
P00161,leg1-cruise,4284.9080815065345,4294.726707552332,直连,,92.74417043864779,122.0
P00143,leg1-cruise,4287.187472193501,4297.006098239299,直连,,116.83667862143926,122.0
P00041,leg2-descent,4289.631905770414,4299.2786643967165,直连,,58.0523322035338,122.0
P00044,leg2-descent,4294.356798442237,4304.222801582773,直连,,90.81166700913789,122.0
P00161,leg1-cruise,4294.726707552332,4304.54533359813,直连,,94.77944721369933,122.0
P00143,leg1-cruise,4297.006098239299,4306.824724285096,直连,,117.29250004795173,122.0
P00044,leg2-descent,4304.222801582773,4314.088804723309,直连,,90.30017604230427,122.0
P00161,leg1-cruise,4304.54533359813,4314.363959643928,直连,,96.44576962711744,122.0
P00143,leg1-cruise,4306.824724285096,4316.643350330894,直连,,117.72565268316322,122.0
P00044,leg2-descent,4314.088804723309,4323.954807863846,直连,,89.75666946253959,122.0
P00161,leg1-cruise,4314.363959643928,4324.182585689725,直连,,97.8520566432842,122.0
P00143,leg1-cruise,4316.643350330894,4326.461976376691,直连,,118.13827922218648,122.0
P00044,leg2-descent,4323.954807863846,4333.820811004382,直连,,89.1768701780031,122.0
P00161,leg1-cruise,4324.182585689725,4334.001211735523,直连,,99.06671421641943,122.0
P00143,leg1-cruise,4326.461976376691,4336.280602422489,直连,,118.53223292042574,122.0
P00044,leg2-descent,4333.820811004382,4343.686814144919,直连,,88.55558226620917,122.0
P00161,leg1-cruise,4334.001211735523,4343.8198377813205,直连,,100.13484872048119,122.0
P00143,leg1-cruise,4336.280602422489,4346.099228468287,直连,,118.90912737422013,122.0
P00026,leg1-climb,4339.0,4348.86887234158,直连,,54.368763530139454,122.0
P00044,leg2-descent,4343.686814144919,4353.552817285455,直连,,87.88640734906649,122.0
P00161,leg1-cruise,4343.8198377813205,4353.638463827118,直连,,101.08755538491656,122.0
P00143,leg1-cruise,4346.099228468287,4355.917854514085,直连,,119.27037606062905,122.0
P00026,leg1-climb,4348.86887234158,4358.73774468316,直连,,67.80555392616309,122.0
P00044,leg2-descent,4353.552817285455,4363.418820425991,直连,,87.16134231098862,122.0
P00161,leg1-cruise,4353.638463827118,4363.457089872916,直连,,101.94709420372484,122.0
P00143,leg1-cruise,4355.917854514085,4365.736480559883,直连,,119.61722406001047,122.0
P00026,leg1-climb,4358.73774468316,4368.6066170247395,直连,,74.70476049110368,122.0
P00044,leg2-descent,4363.418820425991,4373.284823566527,直连,,86.37019330661073,122.0
P00161,leg1-cruise,4363.457089872916,4373.275715918714,直连,,102.72991147153638,122.0
P00143,leg1-descent,4365.736480559883,4374.6421415706245,直连,,119.78436490661834,122.0
P00026,leg1-climb,4368.6066170247395,4378.475489366319,直连,,78.50075628916748,122.0
P00161,leg1-cruise,4373.275715918714,4383.094341964512,直连,,103.44848484892461,122.0
P00044,leg2-descent,4373.284823566527,4383.150826707063,直连,,85.4996951725188,122.0
P00143,leg1-descent,4374.6421415706245,4383.547802581367,直连,,119.78224293556472,122.0
P00026,leg1-climb,4378.475489366319,4388.344361707899,直连,,81.13343784432796,122.0
P00161,leg1-cruise,4383.094341964512,4392.91296801031,直连,,104.11249625163042,122.0
P00044,leg2-descent,4383.150826707063,4393.016829847599,直连,,84.53213845054819,122.0
P00143,leg1-descent,4383.547802581367,4392.45346359211,直连,,119.78057850625036,122.0
P00026,leg1-climb,4388.344361707899,4398.213234049479,直连,,83.15100236420909,122.0
P00030,leg1-climb,4390.0,4399.081827121311,直连,,56.146906374860976,122.0
P00143,leg1-descent,4392.45346359211,4401.359124602852,直连,,119.77937214525187,122.0
P00161,leg1-cruise,4392.91296801031,4402.7315940561075,直连,,114.72960412724932,122.0
P00044,leg2-descent,4393.016829847599,4402.882832988135,直连,,83.44313155160735,122.0
P00026,leg1-climb,4398.213234049479,4408.082106391059,直连,,84.7871367650463,122.0
P00030,leg1-climb,4399.081827121311,4408.163654242621,直连,,66.44393381693273,122.0
P00143,S001-handoff,4401.359124602852,4411.359124602852,直连,,119.77894086539243,122.0
P00161,leg1-cruise,4402.7315940561075,4412.550220101905,直连,,115.30596777067473,122.0
P00044,leg2-descent,4402.882832988135,4412.748836128671,直连,,82.19774881248387,122.0
P00026,leg1-climb,4408.082106391059,4417.950978732639,直连,,86.16338592443435,122.0
P00030,leg1-climb,4408.163654242621,4417.245481363932,直连,,73.69960056864704,122.0
P00143,S001-handoff,4411.359124602852,4421.359124602852,直连,,119.77894086539243,122.0
P00161,leg1-cruise,4412.550220101905,4422.368846147703,直连,,115.84661294571715,122.0
P00044,leg2-descent,4412.748836128671,4422.614839269208,直连,,80.7434281000231,122.0
P00030,leg1-climb,4417.245481363932,4426.3273084852435,直连,,77.59694866756877,122.0
P00026,leg1-climb,4417.950978732639,4427.819851074219,直连,,87.35110507193242,122.0
P00143,S001-handoff,4421.359124602852,4431.359124602852,直连,,119.77894086539243,122.0
P00161,leg1-cruise,4422.368846147703,4432.187472193501,直连,,116.35569290258537,122.0
P00044,leg2-descent,4422.614839269208,4432.480842409745,直连,,78.99564504974275,122.0
P00030,leg1-climb,4426.3273084852435,4435.409135606554,直连,,80.27756706568827,122.0
P00026,leg1-climb,4427.819851074219,4437.688723415798,直连,,88.39577842565208,122.0
P00143,S001-handoff,4431.359124602852,4441.359124602852,直连,,119.77894086539243,122.0
P00161,leg1-cruise,4432.187472193501,4442.006098239299,直连,,116.83667862143926,122.0
P00044,leg2-descent,4432.480842409745,4442.346845550281,直连,,76.80523964423423,122.0
P00030,leg1-climb,4435.409135606554,4444.490962727865,直连,,82.32307378017035,122.0
P00026,leg1-climb,4437.688723415798,4447.557595757378,直连,,89.32818788745575,122.0
P00143,S001-handoff,4441.359124602852,4451.359124602852,直连,,119.77894086539243,122.0
P00161,leg1-cruise,4442.006098239299,4451.824724285096,直连,,117.29250004795173,122.0
P00044,leg2-descent,4442.346845550281,4452.212848690817,直连,,73.86913368892887,122.0
P00030,leg1-climb,4444.490962727865,4453.572789849176,直连,,83.97750685635842,122.0
P00026,leg1-climb,4447.557595757378,4457.426468098958,直连,,90.17013765759721,122.0
P00143,S001-handoff,4451.359124602852,4461.359124602852,直连,,119.77894086539243,122.0
P00161,leg1-cruise,4451.824724285096,4461.643350330894,直连,,117.72565268316322,122.0
P00044,leg2-descent,4452.212848690817,4462.078851831353,直连,,69.40047074408915,122.0
P00030,leg1-climb,4453.572789849176,4462.654616970486,直连,,85.36666880989418,122.0
P00009,leg1-climb,4456.0,4465.837787863991,直连,,57.787157993525476,122.0
P00026,leg1-climb,4457.426468098958,4467.295340440538,直连,,90.93763814825219,122.0
P00143,S001-handoff,4461.359124602852,4471.359124602852,直连,,119.77894086539243,122.0
P00161,leg1-cruise,4461.643350330894,4471.461976376691,直连,,118.13827922218648,122.0
P00044,leg2-descent,4462.078851831353,4471.944854971889,直连,,59.69784827241676,122.0
P00030,leg1-climb,4462.654616970486,4471.736444091797,直连,,86.56398768736533,122.0
P00009,leg1-climb,4465.837787863991,4475.675575727983,直连,,64.60769433629494,122.0
P00026,leg1-climb,4467.295340440538,4477.164212782118,直连,,91.6427926864653,122.0
P00143,S001-handoff,4471.359124602852,4481.359124602852,直连,,119.77894086539243,122.0
P00161,leg1-cruise,4471.461976376691,4481.280602422489,直连,,118.53223292042574,122.0
P00030,leg1-cruise,4471.736444091797,4476.73205977673,直连,,87.22452443060016,122.0
P00044,leg2-descent,4471.944854971889,4481.810858112425,直连,,60.16984014155938,122.0
P00009,leg1-climb,4475.675575727983,4485.513363591975,直连,,72.41229255603317,122.0
P00030,leg1-cruise,4476.73205977673,4481.727675461662,直连,,88.07194125273908,122.0
P00026,leg1-climb,4477.164212782118,4487.033085123698,直连,,92.29497371367032,122.0
P00161,leg1-cruise,4481.280602422489,4491.099228468287,直连,,118.90912737422013,122.0
P00143,S001-handoff,4481.359124602852,4491.359124602852,直连,,119.77894086539243,122.0
P00030,leg1-cruise,4481.727675461662,4486.723291146594,直连,,89.38984722752176,122.0
P00009,leg1-climb,4485.513363591975,4495.351151455966,直连,,76.45571014570139,122.0
P00030,leg1-cruise,4486.723291146594,4491.718906831527,直连,,90.82814135161395,122.0
P00026,leg1-cruise,4487.033085123698,4496.820262275792,直连,,92.73178337241987,122.0
P00161,leg1-cruise,4491.099228468287,4500.917854514085,直连,,119.27037606062905,122.0
P00143,S001-handoff,4491.359124602852,4501.359124602852,直连,,119.77894086539243,122.0
P00030,leg1-cruise,4491.718906831527,4496.71452251646,直连,,92.21400417687929,122.0
P00009,leg1-climb,4495.351151455966,4505.188939319957,直连,,79.20398698872124,122.0
P00030,leg1-cruise,4496.71452251646,4501.7101382013925,直连,,93.48991866223396,122.0
P00026,leg1-cruise,4496.820262275792,4501.713850851839,直连,,93.34902096340534,122.0
P00161,leg1-cruise,4500.917854514085,4510.736480559883,直连,,119.61722406001047,122.0
P00143,S001-handoff,4501.359124602852,4511.359124602852,直连,,119.77894086539243,122.0
P00030,leg1-cruise,4501.7101382013925,4506.705753886325,直连,,94.6476222694652,122.0
P00026,leg1-cruise,4501.713850851839,4506.607439427887,直连,,93.96133120785379,122.0
P00009,leg1-climb,4505.188939319957,4515.026727183949,直连,,81.28851928514266,122.0
P00026,leg1-cruise,4506.607439427887,4511.501028003933,直连,,94.66294855917373,122.0
P00030,leg1-cruise,4506.705753886325,4511.701369571258,直连,,95.69589984693472,122.0
P00161,leg1-descent,4510.736480559883,4519.6421415706245,直连,,119.78436490661834,122.0
P00143,S001-handoff,4511.359124602852,4521.359124602852,直连,,119.77894086539243,122.0
P00026,leg1-cruise,4511.501028003933,4516.394616579981,直连,,95.405527710227,122.0
P00030,leg1-cruise,4511.701369571258,4516.69698525619,直连,,96.64790349352614,122.0
P00009,leg1-climb,4515.026727183949,4524.864515047941,直连,,82.96834700383263,122.0
P00026,leg1-cruise,4516.394616579981,4521.288205156028,直连,,96.15588008934763,122.0
P00030,leg1-cruise,4516.69698525619,4521.692600941122,直连,,97.51666037250207,122.0
P00161,leg1-descent,4519.6421415706245,4528.547802581367,直连,,119.78224293556472,122.0
P00026,leg1-cruise,4521.288205156028,4526.181793732076,直连,,96.8934967912728,122.0
P00143,S001-handoff,4521.359124602852,4531.359124602852,直连,,119.77894086539243,122.0
P00030,leg1-cruise,4521.692600941122,4526.688216626055,直连,,98.31370065222829,122.0
P00009,leg1-climb,4524.864515047941,4534.702302911932,直连,,84.37535251611905,122.0
P00026,leg1-cruise,4526.181793732076,4531.075382308123,直连,,97.60685349139187,122.0
P00030,leg1-cruise,4526.688216626055,4531.683832310987,直连,,99.0488167761766,122.0
P00161,leg1-descent,4528.547802581367,4537.45346359211,直连,,119.78057850625036,122.0
P00026,leg1-cruise,4531.075382308123,4535.96897088417,直连,,98.29023245730805,122.0
P00143,S001-handoff,4531.359124602852,4541.359124602852,直连,,119.77894086539243,122.0
P00030,leg1-cruise,4531.683832310987,4536.679447995919,直连,,99.73020135177427,122.0
P00009,leg1-climb,4534.702302911932,4544.540090775923,直连,,85.58589593940131,122.0
P00026,leg1-cruise,4535.96897088417,4540.862559460216,直连,,98.94145461527923,122.0
P00030,leg1-cruise,4536.679447995919,4541.675063680852,直连,,100.36468443149937,122.0
P00161,leg1-descent,4537.45346359211,4546.359124602852,直连,,119.77937214525187,122.0
P00026,leg1-cruise,4540.862559460216,4545.756148036264,直连,,99.56039925080881,122.0
P00143,S001-handoff,4541.359124602852,4551.359124602852,直连,,119.77894086539243,122.0
P00030,leg1-cruise,4541.675063680852,4546.670679365785,直连,,100.95797109545042,122.0
P00009,leg1-climb,4544.540090775923,4554.377878639915,直连,,86.64817958554174,122.0
P00026,leg1-cruise,4545.756148036264,4550.649736612311,直连,,100.14808351833436,122.0
P00161,S001-handoff,4546.359124602852,4556.359124602852,直连,,119.77894086539243,122.0
P00030,leg1-cruise,4546.670679365785,4551.666295050717,直连,,101.51484851122872,122.0
P00026,leg1-cruise,4550.649736612311,4555.543325188359,直连,,100.70610684497753,122.0
P00143,S001-handoff,4551.359124602852,4561.359124602852,直连,,119.77894086539243,122.0
P00030,leg1-cruise,4551.666295050717,4556.661910735649,直连,,102.03935691003299,122.0
P00009,leg1-climb,4554.377878639915,4564.2156665039065,直连,,87.59458885927577,122.0
P00026,leg1-cruise,4555.543325188359,4560.436913764406,直连,,101.23632311561856,122.0
P00161,S001-handoff,4556.359124602852,4566.359124602852,直连,,119.77894086539243,122.0
P00030,leg1-cruise,4556.661910735649,4561.657526420582,直连,,102.5349275646692,122.0
P00026,leg1-cruise,4560.436913764406,4565.330502340453,直连,,101.74065181485568,122.0
P00143,S001-handoff,4561.359124602852,4571.359124602852,直连,,119.77894086539243,122.0
P00030,leg1-cruise,4561.657526420582,4566.653142105515,直连,,103.0044931529582,122.0
P00009,leg1-cruise,4564.2156665039065,4574.064778980253,直连,,88.39375143346341,122.0
P00026,leg1-cruise,4565.330502340453,4570.224090916499,直连,,102.22097280419297,122.0
P00161,S001-handoff,4566.359124602852,4576.359124602852,直连,,119.77894086539243,122.0
P00030,leg1-cruise,4566.653142105515,4571.648757790447,直连,,103.4505758756722,122.0
P00026,leg1-cruise,4570.224090916499,4575.117679492547,直连,,102.6790709353888,122.0
P00143,S001-handoff,4571.359124602852,4581.359124602852,直连,,119.77894086539243,122.0
P00030,leg1-cruise,4571.648757790447,4576.644373475379,直连,,103.87535795464778,122.0
P00009,leg1-cruise,4574.064778980253,4578.989335218426,直连,,89.91626847374141,122.0
P00026,leg1-cruise,4575.117679492547,4580.011268068594,直连,,103.11661003946739,122.0
P00161,S001-handoff,4576.359124602852,4586.359124602852,直连,,119.77894086539243,122.0
P00030,leg1-cruise,4576.644373475379,4581.639989160312,直连,,104.28073826496589,122.0
P00009,leg1-cruise,4578.989335218426,4583.9138914566,直连,,91.180700543118,122.0
P00026,leg1-cruise,4580.011268068594,4584.904856644642,直连,,103.53512396089745,122.0
P00143,leg2-climb,4581.359124602852,4591.254303503676,直连,,119.77954137711585,122.0
P00030,leg1-cruise,4581.639989160312,4586.635604845245,直连,,104.66837806562691,122.0
P00009,leg1-cruise,4583.9138914566,4588.838447694774,直连,,92.44133725831676,122.0
P00026,leg1-cruise,4584.904856644642,4589.798445220689,直连,,103.93601722825494,122.0
P00161,S001-handoff,4586.359124602852,4596.359124602852,直连,,119.77894086539243,122.0
P00030,leg1-cruise,4586.635604845245,4591.631220530177,直连,,105.03973814060969,122.0
P00009,leg1-cruise,4588.838447694774,4593.763003932947,直连,,93.63034775453478,122.0
P00026,leg1-cruise,4589.798445220689,4594.692033796736,直连,,104.32057092697566,122.0
P00143,leg2-climb,4591.254303503676,4601.149482404501,直连,,119.78135349189522,122.0
P00030,leg1-cruise,4591.631220530177,4596.6268362151095,直连,,105.39610914503716,122.0
P00009,leg1-cruise,4593.763003932947,4598.687560171121,直连,,94.72748463581127,122.0
P00026,leg1-cruise,4594.692033796736,4599.585622372783,直连,,104.6899511384306,122.0
P00161,S001-handoff,4596.359124602852,4606.359124602852,直连,,119.77894086539243,122.0
P00030,leg1-cruise,4596.6268362151095,4601.6224519000425,直连,,105.73863654955123,122.0
P00009,leg1-cruise,4598.687560171121,4603.612116409295,直连,,95.73273320601486,122.0
P00026,leg1-cruise,4599.585622372783,4604.479210948831,直连,,105.04521839794886,122.0
P00143,leg2-climb,4601.149482404501,4611.0446613053255,直连,,119.78397949772656,122.0
P00030,leg1-cruise,4601.6224519000425,4606.618067584975,直连,,106.06834126660597,122.0
P00009,leg1-cruise,4603.612116409295,4608.536672647468,直连,,96.65344449277138,122.0
P00026,leg1-cruise,4604.479210948831,4609.372799524877,直连,,105.38733728353736,122.0
P00161,S001-handoff,4606.359124602852,4616.359124602852,直连,,119.77894086539243,122.0
P00030,leg1-cruise,4606.618067584975,4611.613683269907,直连,,106.38613680522053,122.0
P00009,leg1-cruise,4608.536672647468,4613.4612288856415,直连,,97.49890759585635,122.0
P00026,leg1-cruise,4609.372799524877,4614.266388100925,直连,,105.71718564509939,122.0
P00143,leg2-cruise,4611.0446613053255,4620.36287771767,直连,,119.6258845162346,122.0
P00030,leg1-cruise,4611.613683269907,4616.60929895484,直连,,106.69284361837052,122.0
P00009,leg1-cruise,4613.4612288856415,4618.385785123815,直连,,98.27822790617587,122.0
P00026,leg1-cruise,4614.266388100925,4619.159976676972,直连,,106.03556322309872,122.0
P00161,S001-handoff,4616.359124602852,4626.359124602852,直连,,119.77894086539243,122.0
P00030,leg1-cruise,4616.60929895484,4621.604914639772,直连,,106.989201167077,122.0
P00009,leg1-cruise,4618.385785123815,4623.310341361988,直连,,98.99959706674805,122.0
P00026,leg1-cruise,4619.159976676972,4624.053565253019,直连,,106.34319954778216,122.0
P00143,leg2-cruise,4620.36287771767,4629.681094130015,直连,,119.29738549731553,122.0
P00030,leg1-cruise,4621.604914639772,4626.600530324704,直连,,107.2758781168418,122.0
P00009,leg1-cruise,4623.310341361988,4628.234897600161,直连,,99.67012820148688,122.0
P00026,leg1-cruise,4624.053565253019,4628.947153829066,直连,,106.6407610928237,122.0
P00161,S001-handoff,4626.359124602852,4636.359124602852,直连,,119.77894086539243,122.0
P00030,leg1-cruise,4626.600530324704,4631.596146009637,直连,,107.55348099795933,122.0
P00009,leg1-cruise,4628.234897600161,4633.159453838335,直连,,100.29590742992424,122.0
P00026,leg1-cruise,4628.947153829066,4633.840742405114,直连,,106.92885770377383,122.0
P00143,leg2-cruise,4629.681094130015,4638.99931054236,直连,,118.95599748304997,122.0
P00030,leg1-cruise,4631.596146009637,4636.59176169457,直连,,107.82256159572127,122.0
P00009,leg1-cruise,4633.159453838335,4638.084010076509,直连,,100.882116304689,122.0
P00026,leg1-cruise,4633.840742405114,4638.73433098116,直连,,107.20804834631365,122.0
P00161,S001-handoff,4636.359124602852,4646.359124602852,直连,,119.77894086539243,122.0
P00030,leg1-cruise,4636.59176169457,4641.587377379502,直连,,108.08362328496492,122.0
P00009,leg1-cruise,4638.084010076509,4643.008566314682,直连,,101.43316628432427,122.0
P00026,leg1-cruise,4638.73433098116,4643.627919557208,直连,,107.47884623065416,122.0
P00143,leg2-cruise,4638.99931054236,4648.317526954705,直连,,118.60066985225875,122.0
P00030,leg1-cruise,4641.587377379502,4646.582993064434,直连,,108.3371264829537,122.0
P00009,leg1-cruise,4643.008566314682,4647.933122552856,直连,,101.95282305181055,122.0
P00026,leg1-cruise,4643.627919557208,4648.521508133255,直连,,107.74172337190706,122.0
P00161,S001-handoff,4646.359124602852,4656.359124602852,直连,,119.77894086539243,122.0
P00030,leg1-cruise,4646.582993064434,4651.578608749367,直连,,108.58349336236687,122.0
P00009,leg1-cruise,4647.933122552856,4652.85767879103,直连,,102.44431389767767,122.0
P00143,leg2-cruise,4648.317526954705,4657.635743367049,直连,,118.23021835965505,122.0
P00026,leg1-cruise,4648.521508133255,4653.415096709303,直连,,107.99711464543508,122.0
P00030,leg1-cruise,4651.578608749367,4656.5742244343,直连,,108.82311194056592,122.0
P00009,leg1-cruise,4652.85767879103,4657.782235029203,直连,,102.91041762681934,122.0
P00026,leg1-cruise,4653.415096709303,4658.30868528535,直连,,108.24542139278344,122.0
P00161,S001-handoff,4656.359124602852,4666.359124602852,直连,,119.77894086539243,122.0
P00030,leg1-cruise,4656.5742244343,4661.569840119232,直连,,109.05633964078528,122.0
P00143,leg2-cruise,4657.635743367049,4666.953959779394,直连,,117.84330152996208,122.0
P00009,leg1-cruise,4657.782235029203,4662.7067912673765,直连,,103.3535387427532,122.0
P00026,leg1-cruise,4658.30868528535,4663.202273861397,直连,,108.48701462938067,122.0
P00030,leg1-cruise,4661.569840119232,4666.565455804164,直连,,109.28350640437135,122.0
P00009,leg1-cruise,4662.7067912673765,4667.63134750555,直连,,103.77576828797815,122.0
P00026,leg1-cruise,4663.202273861397,4668.095862437443,直连,,108.72223790019068,122.0
P00161,S001-handoff,4666.359124602852,4676.359124602852,直连,,119.77894086539243,122.0
P00030,leg1-cruise,4666.565455804164,4671.561071489097,直连,,109.50491741979182,122.0
P00143,leg2-cruise,4666.953959779394,4676.272176191738,直连,,117.43839161327969,122.0
P00009,leg1-cruise,4667.63134750555,4672.555903743723,直连,,104.17893367237107,122.0
P00026,leg1-cruise,4668.095862437443,4672.989451013491,直连,,108.95140982467132,122.0
P00030,leg1-cruise,4671.561071489097,4676.55668717403,直连,,109.72085552329013,122.0
P00009,leg1-cruise,4672.555903743723,4677.480459981896,直连,,104.5646395374909,122.0
P00026,leg1-cruise,4672.989451013491,4677.883039589538,直连,,109.17482636764983,122.0
P00143,leg2-cruise,4676.272176191738,4685.590392604084,直连,,117.013738530259,122.0
P00161,S001-handoff,4676.359124602852,4686.359124602852,直连,,119.77894086539243,122.0
P00030,leg1-cruise,4676.55668717403,4681.552302858962,直连,,109.93158331717692,122.0
P00009,leg1-cruise,4677.480459981896,4682.40501622007,直连,,104.93430136754856,122.0
P00026,leg1-cruise,4677.883039589538,4682.776628165586,直连,,109.3927628684874,122.0
P00030,leg1-cruise,4681.552302858962,4686.547918543894,直连,,110.13734504442634,122.0
P00009,leg1-cruise,4682.40501622007,4687.329572458244,直连,,105.28917324121376,122.0
P00026,leg1-cruise,4682.776628165586,4687.670216741633,直连,,109.6054758569297,122.0
P00143,leg2-cruise,4685.590392604084,4694.908609016428,直连,,116.56732468107731,122.0
P00161,S001-handoff,4686.359124602852,4696.359124602852,直连,,119.77894086539243,122.0
P00030,leg1-cruise,4686.547918543894,4691.543534228827,直连,,110.33836825229085,122.0
P00009,leg1-cruise,4687.329572458244,4692.254128696417,直连,,105.6303708458922,122.0
P00026,leg1-cruise,4687.670216741633,4692.56380531768,直连,,109.81320468061901,122.0
P00030,leg1-cruise,4691.543534228827,4696.5391499137595,直连,,110.53486527262375,122.0
P00009,leg1-cruise,4692.254128696417,4702.103241172764,直连,,106.11867918317148,122.0
P00026,leg1-cruise,4692.56380531768,4697.4573938937265,直连,,110.01617296613827,122.0
P00143,leg2-cruise,4694.908609016428,4704.226825428773,直连,,116.0968077030729,122.0
P00161,S001-handoff,4696.359124602852,4706.359124602852,直连,,119.77894086539243,122.0
P00030,leg1-cruise,4696.5391499137595,4701.534765598692,直连,,110.7270345425014,122.0
P00026,leg1-cruise,4697.4573938937265,4702.350982469774,直连,,110.2145899327552,122.0
P00030,leg1-cruise,4701.534765598692,4706.530381283625,直连,,110.91506178528277,122.0
P00009,leg1-cruise,4702.103241172764,4707.027797410938,直连,,106.5813804146184,122.0
P00026,leg1-cruise,4702.350982469774,4707.244571045821,直连,,110.40865157563121,122.0
P00143,leg2-cruise,4704.226825428773,4713.545041841117,直连,,115.59944712108593,122.0
P00161,S001-handoff,4706.359124602852,4716.359124602852,直连,,119.77894086539243,122.0
P00030,leg1-cruise,4706.530381283625,4711.525996968557,直连,,111.09912106935242,122.0
P00009,leg1-cruise,4707.027797410938,4711.952353649111,直连,,106.8768793839141,122.0
P00026,leg1-cruise,4707.244571045821,4712.138159621869,直连,,120.59854173323963,122.0
P00030,leg1-cruise,4711.525996968557,4716.521612653489,直连,,111.27937575936635,122.0
P00009,leg1-cruise,4711.952353649111,4716.8769098872845,直连,,107.16277966896962,122.0
P00026,leg1-cruise,4712.138159621869,4717.031748197916,直连,,120.78443305185468,122.0
P00143,leg2-cruise,4713.545041841117,4722.863258253463,直连,,115.07200915590843,122.0
P00161,S001-handoff,4716.359124602852,4726.359124602852,直连,,119.77894086539243,122.0
P00030,leg1-cruise,4716.521612653489,4721.517228338422,直连,,111.45597937278974,122.0
P00009,leg1-cruise,4716.8769098872845,4721.801466125458,直连,,107.43967774613691,122.0
P00026,leg1-cruise,4717.031748197916,4721.925336773963,直连,,120.96648785849307,122.0
P00030,leg1-cruise,4721.517228338422,4726.512844023355,直连,,111.62907635276575,122.0
P00009,leg1-cruise,4721.801466125458,4726.726022363631,直连,,107.7081168383787,122.0
P00026,leg1-cruise,4721.925336773963,4726.81892535001,直连,,121.14485895220507,122.0
P00143,leg2-cruise,4722.863258253463,4732.181474665807,直连,,114.51064143942652,122.0
P00161,leg2-climb,4726.359124602852,4733.929407840502,直连,,119.77938197122889,122.0
P00030,leg1-cruise,4726.512844023355,4731.508459708287,直连,,111.79880276690942,122.0
P00009,leg1-cruise,4726.726022363631,4731.650578601805,直连,,107.96859299274298,122.0
P00026,leg1-cruise,4726.81892535001,4731.712513926058,直连,,121.31969032249897,122.0
P00030,leg1-cruise,4731.508459708287,4736.504075393219,直连,,111.96528694033643,122.0
P00009,leg1-cruise,4731.650578601805,4736.575134839979,直连,,108.2215603262448,122.0
P00026,leg1-cruise,4731.712513926058,4736.6061025021045,直连,,121.49111780262484,122.0
P00143,leg2-cruise,4732.181474665807,4741.499691078152,直连,,103.91070553103611,122.0
P00161,leg2-climb,4733.929407840502,4741.499691078152,直连,,119.78062191458594,122.0
P00030,leg1-cruise,4736.504075393219,4741.499691078152,直连,,112.12865003020568,122.0
P00009,leg1-cruise,4736.575134839979,4741.499691078152,直连,,108.4674355711329,122.0
P00026,leg1-cruise,4736.6061025021045,4741.499691078152,直连,,121.65926966449403,122.0
P00009,leg1-cruise,4741.499691078152,4749.148202350374,直连,,108.7716116631612,122.0
P00026,leg1-cruise,4741.499691078152,4749.148202350374,中继,RU-003,121.87015810545269,122.0
P00030,leg1-cruise,4741.499691078152,4749.148202350374,直连,,112.3310935355428,122.0
P00143,leg2-cruise,4741.499691078152,4749.148202350374,直连,,103.3262351627122,122.0
P00161,leg2-climb,4741.499691078152,4756.0446613053255,直连,,119.78230012215325,122.0
P00009,leg1-cruise,4749.148202350374,4756.796713622597,直连,,109.1279878637988,122.0
P00026,leg1-cruise,4749.148202350374,4756.796713622597,中继,RU-003,122.12070333219458,122.0
P00030,leg1-cruise,4749.148202350374,4756.796713622597,直连,,112.56988575235826,122.0
P00143,leg2-cruise,4749.148202350374,4756.796713622597,直连,,102.76358005190343,122.0
P00161,leg2-cruise,4756.0446613053255,4756.796713622597,直连,,119.77281541528488,122.0
P00009,leg1-cruise,4756.796713622597,4761.653419234526,直连,,109.40891727609248,122.0
P00026,leg1-cruise,4756.796713622597,4761.49352200606,中继,RU-003,122.31781925307368,122.0
P00030,leg1-cruise,4756.796713622597,4761.653419234526,直连,,112.76034787739772,122.0
P00143,leg2-cruise,4756.796713622597,4766.754188611095,直连,,102.06784104356198,122.0
P00161,leg2-cruise,4756.796713622597,4766.510124846456,直连,,119.59296801456028,122.0
P00026,leg1-cruise,4761.49352200606,4766.190330389523,中继,RU-003,122.46489596882756,122.0
P00009,leg1-cruise,4761.653419234526,4766.510124846456,直连,,109.62107048720982,122.0
P00030,leg1-cruise,4761.653419234526,4766.510124846456,中继,RU-003,112.90546748615304,122.0
P00026,leg1-cruise,4766.190330389523,4770.887138772987,中继,RU-003,122.60954858665094,122.0
P00009,leg1-cruise,4766.510124846456,4771.366830458386,直连,,109.82819965895402,122.0
P00030,leg1-cruise,4766.510124846456,4771.366830458386,中继,RU-003,123.04820845023858,122.0
P00161,leg2-cruise,4766.510124846456,4776.223536070315,直连,,119.24893420631619,122.0
P00143,leg2-cruise,4766.754188611095,4776.711663599592,直连,,101.2080347051056,122.0
P00026,leg1-cruise,4770.887138772987,4775.5839471564495,中继,RU-003,122.75185491112052,122.0
P00009,leg1-cruise,4771.366830458386,4776.223536070315,直连,,110.03053570232171,122.0
P00030,leg1-cruise,4771.366830458386,4776.223536070315,中继,RU-003,123.18864729540141,122.0
P00026,leg1-cruise,4775.5839471564495,4784.977563923377,中继,RU-003,122.96107637212658,122.0
P00009,leg1-cruise,4776.223536070315,4785.936947294174,直连,,110.32552005575556,122.0
P00030,leg1-cruise,4776.223536070315,4781.080241682244,中继,RU-003,123.32685692182534,122.0
P00161,leg2-cruise,4776.223536070315,4785.936947294174,直连,,118.89073738977034,122.0
P00143,leg2-cruise,4776.711663599592,4786.6691385880895,直连,,100.25496254012603,122.0
P00030,leg1-cruise,4781.080241682244,4785.936947294174,中继,RU-003,123.46290682904656,122.0
P00026,leg1-cruise,4784.977563923377,4789.674372306839,中继,RU-003,123.16542076240961,122.0
P00009,leg1-cruise,4785.936947294174,4790.793652906104,直连,,110.6108701738866,122.0
P00030,leg1-cruise,4785.936947294174,4790.793652906104,中继,RU-003,123.59686332373809,122.0
P00161,leg2-cruise,4785.936947294174,4795.6503585180335,直连,,118.51716385158464,122.0
P00143,leg2-cruise,4786.6691385880895,4796.626613576586,直连,,99.18631055919258,122.0
P00026,leg1-cruise,4789.674372306839,4794.371180690303,中继,RU-003,123.29905022849623,122.0
P00009,leg1-cruise,4790.793652906104,4795.6503585180335,直连,,110.79605289529968,122.0
P00030,leg1-cruise,4790.793652906104,4795.6503585180335,中继,RU-003,123.72878971189698,122.0
P00026,leg1-cruise,4794.371180690303,4799.0679890737665,中继,RU-003,123.43067190431921,122.0
P00009,leg1-cruise,4795.6503585180335,4800.507064129963,直连,,110.97738994417499,122.0
P00030,leg1-cruise,4795.6503585180335,4800.507064129963,中继,RU-003,123.85874647682029,122.0
P00161,leg2-cruise,4795.6503585180335,4805.363769741892,直连,,118.1268372408382,122.0
P00143,leg2-cruise,4796.626613576586,4806.584088565084,直连,,97.97088692428197,122.0
P00026,leg1-cruise,4799.0679890737665,4803.764797457229,中继,RU-003,123.5603447282634,122.0
P00009,leg1-cruise,4800.507064129963,4805.363769741892,直连,,111.15503700659282,122.0
P00030,leg1-cruise,4800.507064129963,4805.363769741892,中继,RU-003,123.98679144410517,122.0
P00026,leg1-cruise,4803.764797457229,4808.461605840692,中继,RU-003,123.68812510285373,122.0
P00009,leg1-cruise,4805.363769741892,4810.220475353821,直连,,111.32914054823918,122.0
P00030,leg1-cruise,4805.363769741892,4810.220475353821,中继,RU-003,124.11297993478783,122.0
P00161,leg2-cruise,4805.363769741892,4815.077180965751,直连,,117.71818822798286,122.0
P00143,leg2-cruise,4806.584088565084,4816.541563553581,直连,,96.56339895464838,122.0
P00026,leg1-cruise,4808.461605840692,4813.158414224155,中继,RU-003,123.81406703691508,122.0
P00009,leg1-cruise,4810.220475353821,4815.077180965751,直连,,111.49983852486992,122.0
P00030,leg1-cruise,4810.220475353821,4815.077180965751,中继,RU-003,124.2373649076428,122.0
P00026,leg1-cruise,4813.158414224155,4817.855222607619,中继,RU-003,123.93822227799778,122.0
P00009,leg1-cruise,4815.077180965751,4819.933886577681,直连,,111.667261025968,122.0
P00030,leg1-cruise,4815.077180965751,4819.933886577681,中继,RU-003,124.35999709152385,122.0
P00161,leg2-cruise,4815.077180965751,4824.79059218961,直连,,117.28941676297697,122.0
P00143,leg2-cruise,4816.541563553581,4826.499038542079,直连,,94.89504521565684,122.0
P00026,leg1-cruise,4817.855222607619,4822.552030991083,中继,RU-003,124.06064043585279,122.0
P00009,leg1-cruise,4819.933886577681,4824.79059218961,直连,,111.83153085896465,122.0
P00030,leg1-cruise,4819.933886577681,4824.79059218961,中继,RU-003,124.48092510859365,122.0
P00026,leg1-cruise,4822.552030991083,4827.248839374546,中继,RU-003,124.18136909766322,122.0
P00009,leg1-cruise,4824.79059218961,4829.647297801539,直连,,111.99276408045276,122.0
P00030,leg1-cruise,4824.79059218961,4829.647297801539,中继,RU-003,124.60019558916764,122.0
P00161,leg2-cruise,4824.79059218961,4834.504003413469,直连,,116.83844466266937,122.0
P00143,leg2-cruise,4826.499038542079,4836.456513530576,直连,,92.85595488461878,122.0
P00026,leg1-cruise,4827.248839374546,4831.945647758009,中继,RU-003,124.30045393567082,122.0
P00009,leg1-cruise,4829.647297801539,4834.504003413469,直连,,112.15107048003946,122.0
P00030,leg1-cruise,4829.647297801539,4834.504003413469,中继,RU-003,124.71785327884928,122.0
P00026,leg1-cruise,4831.945647758009,4836.6424561414715,中继,RU-003,124.41793880781199,122.0
P00009,leg1-cruise,4834.504003413469,4839.360709025399,直连,,112.30655402179293,122.0
P00030,leg1-cruise,4834.504003413469,4839.360709025399,中继,RU-003,124.83394113857825,122.0
P00161,leg2-cruise,4834.504003413469,4844.217414637328,直连,,116.36285540436748,122.0
P00143,leg2-cruise,4836.456513530576,4846.413988519073,直连,,90.2641742100489,122.0
P00026,leg1-cruise,4836.6424561414715,4841.339264524935,中继,RU-003,124.53386585186271,122.0
P00009,leg1-cruise,4839.360709025399,4844.217414637328,直连,,112.4593132476435,122.0
P00030,leg1-cruise,4839.360709025399,4844.217414637328,中继,RU-003,124.94850043813122,122.0
P00026,leg1-cruise,4841.339264524935,4846.036072908399,中继,RU-003,124.6482755736083,122.0
P00009,leg1-cruise,4844.217414637328,4849.074120249257,直连,,112.609441646602,122.0
P00030,leg1-cruise,4844.217414637328,4849.074120249257,中继,RU-003,125.06157084359084,122.0
P00161,leg2-cruise,4844.217414637328,4853.930825861187,直连,,115.85981676441132,122.0
P00026,leg1-cruise,4846.036072908399,4850.732881291861,中继,RU-003,124.76120692947488,122.0
P00143,leg2-cruise,4846.413988519073,4856.37146350757,直连,,86.85216067958993,122.0
P00009,leg1-cruise,4849.074120249257,4853.930825861187,直连,,112.7570279931862,122.0
P00030,leg1-cruise,4849.074120249257,4853.930825861187,中继,RU-003,125.17319049924346,122.0
P00026,leg1-cruise,4850.732881291861,4855.429689675324,中继,RU-003,124.87269740403318,122.0
P00009,leg1-cruise,4853.930825861187,4858.787531473117,直连,,112.90215665808459,122.0
P00030,leg1-cruise,4853.930825861187,4858.787531473117,中继,RU-003,125.28339610431729,122.0
P00161,leg2-cruise,4853.930825861187,4863.644237085046,直连,,115.32598011033052,122.0
P00026,leg1-cruise,4855.429689675324,4860.126498058788,中继,RU-003,124.98278308275025,122.0
P00143,leg2-cruise,4856.37146350757,4866.328938496068,直连,,82.90615961082264,122.0
P00009,leg1-cruise,4858.787531473117,4863.644237085046,直连,,113.04490789373295,122.0
P00030,leg1-cruise,4858.787531473117,4863.644237085046,中继,RU-003,125.3922229849587,122.0
P00026,leg1-cruise,4860.126498058788,4864.823306442251,中继,RU-003,125.0914987203235,122.0
P00009,leg1-cruise,4863.644237085046,4868.5009426969755,直连,,113.18535809718824,122.0
P00030,leg1-cruise,4863.644237085046,4873.3576483089055,中继,RU-003,125.55295227641714,122.0
P00161,leg2-cruise,4863.644237085046,4873.3576483089055,直连,,114.75734739696883,122.0
P00026,leg1-cruise,4864.823306442251,4869.520114825715,中继,RU-003,125.19887780493329,122.0
P00143,leg2-descent,4866.328938496068,4876.019379169897,直连,,81.13449505143431,122.0
P00009,leg1-cruise,4868.5009426969755,4873.3576483089055,直连,,113.32358005242476,122.0
P00026,leg1-cruise,4869.520114825715,4874.216923209178,中继,RU-003,125.30495261867814,122.0
P00009,leg1-cruise,4873.3576483089055,4878.2143539208355,直连,,113.4596431539481,122.0
P00030,leg1-cruise,4873.3576483089055,4878.2143539208355,中继,RU-003,125.71076533570393,122.0
P00161,leg2-cruise,4873.3576483089055,4883.071059532765,直连,,104.14909266890979,122.0
P00026,leg1-cruise,4874.216923209178,4878.913731592641,中继,RU-003,125.40975429446863,122.0
P00143,leg2-descent,4876.019379169897,4885.709819843724,直连,,79.04372855980807,122.0
P00009,leg1-cruise,4878.2143539208355,4883.071059532765,直连,,113.59361361342741,122.0
P00030,leg1-cruise,4878.2143539208355,4883.071059532765,中继,RU-003,125.8144053987279,122.0
P00026,leg1-cruise,4878.913731592641,4888.307348359567,中继,RU-003,125.5646350940636,122.0
P00009,leg1-cruise,4883.071059532765,4887.927765144694,直连,,113.72555465086107,122.0
P00030,leg1-cruise,4883.071059532765,4887.927765144694,中继,RU-003,125.91682499873441,122.0
P00161,leg2-cruise,4883.071059532765,4892.784470756623,直连,,103.49531817210773,122.0
P00143,leg2-descent,4885.709819843724,4895.400260517552,直连,,76.2845662056308,122.0
P00009,leg1-cruise,4887.927765144694,4892.784470756623,直连,,113.85552667164396,122.0
P00030,leg1-cruise,4887.927765144694,4892.784470756623,中继,RU-003,126.0180525083594,122.0
P00026,leg1-descent,4888.307348359567,4898.037273896676,中继,RU-003,125.6651700292926,122.0
P00009,leg1-cruise,4892.784470756623,4897.641176368552,直连,,113.98358743076093,122.0
P00030,leg1-cruise,4892.784470756623,4897.641176368552,中继,RU-003,126.11811532346964,122.0
P00161,leg2-cruise,4892.784470756623,4902.497881980482,直连,,102.78871432884159,122.0
P00143,leg2-descent,4895.400260517552,4905.0907011913805,直连,,72.21730887279045,122.0
P00009,leg1-cruise,4897.641176368552,4902.497881980482,直连,,114.1097921852102,122.0
P00030,leg1-cruise,4897.641176368552,4902.497881980482,中继,RU-003,126.2170399074308,122.0
P00026,leg1-descent,4898.037273896676,4907.767199433786,中继,RU-003,125.66284889434968,122.0
P00009,leg1-cruise,4902.497881980482,4907.354587592412,直连,,114.23419383565583,122.0
P00030,leg1-cruise,4902.497881980482,4907.354587592412,中继,RU-003,126.31485183290151,122.0
P00161,leg2-cruise,4902.497881980482,4912.211293204341,直连,,102.0200747413208,122.0
P00143,leg2-descent,4905.0907011913805,4914.781141865209,直连,,64.31881537331876,122.0
P00009,leg1-cruise,4907.354587592412,4912.211293204341,直连,,114.35684305819866,122.0
P00030,leg1-cruise,4907.354587592412,4912.211293204341,中继,RU-003,126.41157582131632,122.0
P00026,leg1-descent,4907.767199433786,4917.497124970896,中继,RU-003,125.66066786177842,122.0
P00009,leg1-cruise,4912.211293204341,4917.06799881627,直连,,114.47778842709103,122.0
P00030,leg1-cruise,4912.211293204341,4921.9247044282,中继,RU-003,126.55467400585607,122.0
P00161,leg2-cruise,4912.211293204341,4921.9247044282,直连,,101.17758623062338,122.0
P00143,leg2-descent,4914.781141865209,4924.471582539037,直连,,57.992405658374466,122.0
P00009,leg1-cruise,4917.06799881627,4921.9247044282,直连,,114.59707652912172,122.0
P00026,leg1-descent,4917.497124970896,4927.227050508005,中继,RU-003,125.65862714336379,122.0
P00009,leg1-cruise,4921.9247044282,4926.78141004013,直连,,114.71475207034263,122.0
P00030,leg1-cruise,4921.9247044282,4931.638115652059,中继,RU-003,126.74188050577911,122.0
P00161,leg2-cruise,4921.9247044282,4931.638115652059,直连,,100.24575828192069,122.0
P00009,leg1-cruise,4926.78141004013,4931.638115652059,直连,,114.83085797574094,122.0
P00026,S015-handoff,4927.227050508005,4931.638115652059,中继,RU-003,125.65765946448572,122.0
P00009,leg1-cruise,4931.638115652059,4936.603283883791,直连,,114.94670640926209,122.0
P00026,S015-handoff,4931.638115652059,4941.454321271057,中继,RU-003,125.65765946448572,122.0
P00030,leg1-cruise,4931.638115652059,4940.608101663348,中继,RU-003,126.91819885783003,122.0
P00161,leg2-cruise,4931.638115652059,4941.59946850756,直连,,99.18962766507303,122.0
P00009,leg1-cruise,4936.603283883791,4941.568452115523,中继,RU-003,125.06228724694827,122.0
P00030,leg1-cruise,4940.608101663348,4945.093094668992,中继,RU-003,127.04299702808606,122.0
P00026,S015-handoff,4941.454321271057,4951.2705268900545,中继,RU-003,125.65765946448572,122.0
P00009,leg1-cruise,4941.568452115523,4946.533620347254,中继,RU-003,125.17635322520145,122.0
P00161,leg2-cruise,4941.59946850756,4951.560821363061,直连,,97.97418308015286,122.0
P00030,leg1-cruise,4945.093094668992,4949.578087674637,中继,RU-003,127.12521161886428,122.0
P00009,leg1-cruise,4946.533620347254,4951.498788578986,中继,RU-003,125.28894346450005,122.0
P00030,leg1-cruise,4949.578087674637,4954.063080680282,中继,RU-003,127.20665605715286,122.0
P00026,S015-handoff,4951.2705268900545,4961.086732509052,中继,RU-003,125.65765946448572,122.0
P00009,leg1-cruise,4951.498788578986,4956.463956810718,中继,RU-003,125.4000955920487,122.0
P00161,leg2-cruise,4951.560821363061,4961.522174218562,直连,,96.56666225955975,122.0
P00030,leg1-cruise,4954.063080680282,4958.548073685926,中继,RU-003,127.28734462402234,122.0
P00009,leg1-cruise,4956.463956810718,4961.42912504245,中继,RU-003,125.50984581668465,122.0
P00030,leg1-cruise,4958.548073685926,4963.033066691571,中继,RU-003,127.36729120734282,122.0
P00026,S015-handoff,4961.086732509052,4970.902938128051,中继,RU-003,125.65765946448572,122.0
P00009,leg1-cruise,4961.42912504245,4966.394293274182,中继,RU-003,125.61822899915077,122.0
P00161,leg2-cruise,4961.522174218562,4971.483527074064,直连,,94.89825293427171,122.0
P00030,leg1-cruise,4963.033066691571,4967.518059697215,中继,RU-003,127.44650931607302,122.0
P00009,leg1-cruise,4966.394293274182,4971.359461505914,中继,RU-003,125.72527871808138,122.0
P00030,leg1-cruise,4967.518059697215,4972.003052702859,中继,RU-003,127.5250120939088,122.0
P00026,S015-handoff,4970.902938128051,4980.719143747048,中继,RU-003,125.65765946448572,122.0
P00009,leg1-cruise,4971.359461505914,4976.324629737645,中继,RU-003,125.83102733200708,122.0
P00161,leg2-cruise,4971.483527074064,4981.444879929565,直连,,92.85905817481174,122.0
P00030,leg1-cruise,4972.003052702859,4976.488045708504,中继,RU-003,127.60281233232108,122.0
P00009,leg1-cruise,4976.324629737645,4981.289797969377,中继,RU-003,125.93550603765775,122.0
P00030,leg1-cruise,4976.488045708504,4985.458031719792,中继,RU-003,127.71822257667111,122.0
P00026,S015-handoff,4980.719143747048,4990.535349366046,中继,RU-003,125.65765946448572,122.0
P00009,leg1-cruise,4981.289797969377,4986.254966201109,中继,RU-003,126.03874492483621,122.0
P00161,leg2-cruise,4981.444879929565,4991.406232785066,直连,,90.26704999608549,122.0
P00030,leg1-cruise,4985.458031719792,4994.428017731082,中继,RU-003,127.86975751279557,122.0
P00009,leg1-cruise,4986.254966201109,4991.2201344328405,中继,RU-003,126.14077302808863,122.0
P00026,S015-handoff,4990.535349366046,5000.351554985044,中继,RU-003,125.65765946448572,122.0
P00009,leg1-cruise,4991.2201344328405,5001.150470896304,中继,RU-003,126.29160601045426,122.0
P00161,leg2-cruise,4991.406232785066,5001.367585640567,直连,,86.85443206825029,122.0
P00030,leg1-cruise,4994.428017731082,5003.398003742371,中继,RU-003,128.01869609923224,122.0
P00026,S015-handoff,5000.351554985044,5010.167760604041,中继,RU-003,125.65765946448572,122.0
P00009,leg1-cruise,5001.150470896304,5006.1156391280365,中继,RU-003,126.43986815434874,122.0
P00161,leg2-cruise,5001.367585640567,5011.328938496068,直连,,82.90678583831183,122.0
P00030,leg1-cruise,5003.398003742371,5012.3679897536595,中继,RU-003,128.16512573825952,122.0
P00009,leg1-cruise,5006.1156391280365,5011.080807359768,中继,RU-003,126.53732400974005,122.0
P00026,S015-handoff,5010.167760604041,5019.983966223039,中继,RU-003,125.65765946448572,122.0
P00009,leg1-cruise,5011.080807359768,5016.0459755915,中继,RU-003,126.63370003631033,122.0
P00161,leg2-descent,5011.328938496068,5021.019379169897,直连,,81.13449505143431,122.0
P00030,leg1-descent,5012.3679897536595,5020.528736335691,中继,RU-003,128.23712948451592,122.0
P00009,leg1-cruise,5016.0459755915,5021.011143823232,中继,RU-003,126.72901986892938,122.0
P00026,S015-handoff,5019.983966223039,5029.800171842036,中继,RU-003,125.65765946448572,122.0
P00030,leg1-descent,5020.528736335691,5028.689482917722,中继,RU-003,128.23657795710423,122.0
P00009,leg1-cruise,5021.011143823232,5025.976312054963,中继,RU-003,126.82330637593279,122.0
P00161,leg2-descent,5021.019379169897,5030.709819843724,直连,,79.04372855980807,122.0
P00009,leg1-cruise,5025.976312054963,5030.941480286695,中继,RU-003,126.91658169187087,122.0
P00030,leg1-descent,5028.689482917722,5036.850229499753,中继,RU-003,128.2360813100873,122.0
P00026,S015-handoff,5029.800171842036,5039.616377461034,中继,RU-003,125.65765946448572,122.0
P00161,leg2-descent,5030.709819843724,5040.400260517552,直连,,76.2845662056308,122.0
P00009,leg1-cruise,5030.941480286695,5040.871816750158,中继,RU-003,127.00886724852754,122.0
P00030,leg1-descent,5036.850229499753,5045.010976081784,中继,RU-003,128.23563956230262,122.0
P00026,S015-handoff,5039.616377461034,5049.432583080032,中继,RU-003,125.65765946448572,122.0
P00161,leg2-descent,5040.400260517552,5050.0907011913805,直连,,72.21730887279045,122.0
P00009,leg1-cruise,5040.871816750158,5045.83698498189,中继,RU-003,127.19055147219419,122.0
P00030,leg1-descent,5045.010976081784,5053.171722663816,中继,RU-003,128.23525273050964,122.0
P00009,leg1-cruise,5045.83698498189,5050.802153213622,中继,RU-003,127.27998974605286,122.0
P00026,S015-handoff,5049.432583080032,5059.24878869903,中继,RU-003,125.65765946448572,122.0
P00161,leg2-descent,5050.0907011913805,5059.781141865209,直连,,64.31881537331876,122.0
P00009,leg1-cruise,5050.802153213622,5055.767321445353,中继,RU-003,127.36851752589695,122.0
P00030,S008-handoff,5053.171722663816,5063.171722663816,中继,RU-003,128.23507991277862,122.0
P00009,leg1-cruise,5055.767321445353,5060.732489677086,中继,RU-003,127.45615314166747,122.0
P00026,S015-handoff,5059.24878869903,5069.064994318028,中继,RU-003,125.65765946448572,122.0
P00161,leg2-descent,5059.781141865209,5069.471582539037,直连,,57.992405658374466,122.0
P00009,leg1-cruise,5060.732489677086,5065.697657908818,中继,RU-003,127.54291437591864,122.0
P00155,leg1-climb,5061.0,5070.690440673829,直连,,54.80497750786708,122.0
P00030,S008-handoff,5063.171722663816,5073.171722663816,中继,RU-003,128.23507991277862,122.0
P00009,leg1-cruise,5065.697657908818,5070.662826140549,中继,RU-003,127.62881848537545,122.0
P00026,S015-handoff,5069.064994318028,5078.8811999370255,中继,RU-003,125.65765946448572,122.0
P00009,leg1-cruise,5070.662826140549,5075.627994372281,中继,RU-003,127.71388222144134,122.0
P00155,leg1-climb,5070.690440673829,5080.380881347656,直连,,67.51503459175177,122.0
P00030,S008-handoff,5073.171722663816,5083.171722663816,中继,RU-003,128.23507991277862,122.0
P00009,leg1-cruise,5075.627994372281,5080.593162604013,中继,RU-003,127.79812184971343,122.0
P00026,S015-handoff,5078.8811999370255,5088.697405556023,中继,RU-003,125.65765946448572,122.0
P00155,leg1-climb,5080.380881347656,5090.071322021485,直连,,74.48686069242545,122.0
P00009,leg1-descent,5080.593162604013,5090.034227396222,中继,RU-003,127.8396019212693,122.0
P00030,S008-handoff,5083.171722663816,5093.171722663816,中继,RU-003,128.23507991277862,122.0
P00026,S015-handoff,5088.697405556023,5098.513611175021,中继,RU-003,125.65765946448572,122.0
P00009,leg1-descent,5090.034227396222,5099.475292188431,中继,RU-003,127.8389692112617,122.0
P00155,leg1-climb,5090.071322021485,5099.761762695312,直连,,78.30394043774588,122.0
P00030,S008-handoff,5093.171722663816,5103.171722663816,中继,RU-003,128.23507991277862,122.0
P00149,leg1-climb,5096.0,5105.690440673829,直连,,54.80497750786708,122.0
P00026,S015-handoff,5098.513611175021,5108.329816794018,中继,RU-003,125.65765946448572,122.0
P00009,leg1-descent,5099.475292188431,5108.916356980641,中继,RU-003,127.83838799157868,122.0
P00155,leg1-climb,5099.761762695312,5109.452203369141,直连,,80.94666213903061,122.0
P00030,S008-handoff,5103.171722663816,5113.171722663816,中继,RU-003,128.23507991277862,122.0
P00149,leg1-climb,5105.690440673829,5115.380881347656,直连,,67.51503459175177,122.0
P00026,S015-handoff,5108.329816794018,5118.146022413016,中继,RU-003,125.65765946448572,122.0
P00009,leg1-descent,5108.916356980641,5118.35742177285,中继,RU-003,127.83785828290769,122.0
P00155,leg1-cruise,5109.452203369141,5119.327852933473,直连,,82.89298175110234,122.0
P00030,S008-handoff,5113.171722663816,5123.171722663816,中继,RU-003,128.23507991277862,122.0
P00149,leg1-climb,5115.380881347656,5125.071322021485,直连,,74.48686069242545,122.0
P00026,S015-handoff,5118.146022413016,5127.9622280320145,中继,RU-003,125.65765946448572,122.0
P00009,leg1-descent,5118.35742177285,5127.798486565059,中继,RU-003,127.83738010410832,122.0
P00155,leg1-cruise,5119.327852933473,5129.203502497806,直连,,86.80416242395117,122.0
P00030,S008-handoff,5123.171722663816,5133.171722663816,中继,RU-003,128.23507991277862,122.0
P00149,leg1-climb,5125.071322021485,5134.761762695312,直连,,78.30394043774588,122.0
P00009,leg1-descent,5127.798486565059,5137.239551357268,中继,RU-003,127.8369534722101,122.0
P00026,S015-handoff,5127.9622280320145,5137.778433651012,中继,RU-003,125.65765946448572,122.0
P00155,leg1-cruise,5129.203502497806,5139.079152062138,直连,,90.20330989276623,122.0
P00030,S008-handoff,5133.171722663816,5143.171722663816,中继,RU-003,128.23507991277862,122.0
P00149,leg1-climb,5134.761762695312,5144.452203369141,直连,,80.94666213903061,122.0
P00009,leg1-descent,5137.239551357268,5146.680616149478,中继,RU-003,127.83657840241057,122.0
P00026,S015-handoff,5137.778433651012,5147.59463927001,中继,RU-003,125.65765946448572,122.0
P00155,leg1-cruise,5139.079152062138,5148.954801626471,直连,,92.79023723370258,122.0
P00030,S008-handoff,5143.171722663816,5153.171722663816,中继,RU-003,128.23507991277862,122.0
P00149,leg1-cruise,5144.452203369141,5154.071993347426,直连,,82.85222538155296,122.0
P00009,leg1-descent,5146.680616149478,5156.1216809416865,中继,RU-003,127.8362549080733,122.0
P00026,S015-handoff,5147.59463927001,5157.410844889007,中继,RU-003,125.65765946448572,122.0
P00155,leg1-cruise,5148.954801626471,5158.830451190803,直连,,94.82709789602436,122.0
P00030,S008-handoff,5153.171722663816,5163.171722663816,中继,RU-003,128.23507991277862,122.0
P00149,leg1-cruise,5154.071993347426,5163.69178332571,直连,,86.6532211104875,122.0
P00009,leg1-descent,5156.1216809416865,5165.562745733896,中继,RU-003,127.83598300072649,122.0
P00026,S015-handoff,5157.410844889007,5167.227050508005,中继,RU-003,125.65765946448572,122.0
P00155,leg1-cruise,5158.830451190803,5168.706100755135,直连,,96.49426431366564,122.0
P00030,S008-handoff,5163.171722663816,5173.171722663816,中继,RU-003,128.23507991277862,122.0
P00149,leg1-cruise,5163.69178332571,5173.311573303995,直连,,90.01070852907347,122.0
P00009,S004-handoff,5165.562745733896,5175.084064006486,中继,RU-003,127.83586639527485,122.0
P00026,leg2-climb,5167.227050508005,5175.33532178893,中继,RU-003,125.65862714336379,122.0
P00155,leg1-cruise,5168.706100755135,5178.581750319468,直连,,97.90105042785727,122.0
P00030,S008-handoff,5173.171722663816,5183.171722663816,中继,RU-003,128.23507991277862,122.0
P00149,leg1-cruise,5173.311573303995,5182.93136328228,直连,,92.58178411731113,122.0
P00009,S004-handoff,5175.084064006486,5184.605382279077,中继,RU-003,127.83586639527485,122.0
P00026,leg2-climb,5175.33532178893,5183.443593069855,中继,RU-003,125.66066786177842,122.0
P00155,leg1-cruise,5178.581750319468,5188.4573998838,直连,,99.11602640691177,122.0
P00149,leg1-cruise,5182.93136328228,5192.551153260564,直连,,94.61133692287291,122.0
P00030,S008-handoff,5183.171722663816,5193.171722663816,中继,RU-003,128.23507991277862,122.0
P00026,leg2-climb,5183.443593069855,5191.5518643507785,中继,RU-003,125.66284889434968,122.0
P00009,S004-handoff,5184.605382279077,5194.126700551667,中继,RU-003,127.83586639527485,122.0
P00155,leg1-cruise,5188.4573998838,5198.333049448132,直连,,100.18437601376866,122.0
P00026,leg2-climb,5191.5518643507785,5199.660135631703,中继,RU-003,125.6651700292926,122.0
P00149,leg1-cruise,5192.551153260564,5202.170943238849,直连,,96.27460527138174,122.0
P00030,S008-handoff,5193.171722663816,5203.171722663816,中继,RU-003,128.23507991277862,122.0
P00009,S004-handoff,5194.126700551667,5203.6480188242585,中继,RU-003,127.83586639527485,122.0
P00155,leg1-cruise,5198.333049448132,5208.208699012464,直连,,101.13723461719073,122.0
P00026,leg2-cruise,5199.660135631703,5204.55372420775,中继,RU-003,125.61352565433381,122.0
P00149,leg1-cruise,5202.170943238849,5211.7907332171335,直连,,97.67908498793228,122.0
P00030,S008-handoff,5203.171722663816,5213.171722663816,中继,RU-003,128.23507991277862,122.0
P00009,S004-handoff,5203.6480188242585,5213.169337096849,中继,RU-003,127.83586639527485,122.0
P00026,leg2-cruise,5204.55372420775,5209.447312783797,中继,RU-003,125.50684079498008,122.0
P00155,leg1-cruise,5208.208699012464,5218.084348576797,直连,,101.99688464906261,122.0
P00026,leg2-cruise,5209.447312783797,5214.340901359845,中继,RU-003,125.3988360089334,122.0
P00149,leg1-cruise,5211.7907332171335,5221.410523195418,直连,,98.89258906810514,122.0
P00009,S004-handoff,5213.169337096849,5222.69065536944,中继,RU-003,127.83586639527485,122.0
P00030,S008-handoff,5213.171722663816,5223.171722663816,中继,RU-003,128.23507991277862,122.0
P00026,leg2-cruise,5214.340901359845,5219.234489935892,中继,RU-003,125.28947840757816,122.0
P00155,leg1-cruise,5218.084348576797,5227.959998141129,直连,,102.77978572049697,122.0
P00026,leg2-cruise,5219.234489935892,5224.12807851194,中继,RU-003,125.17873386466391,122.0
P00149,leg1-cruise,5221.410523195418,5231.030313173703,直连,,99.95994409397728,122.0
P00009,S004-handoff,5222.69065536944,5232.21197364203,中继,RU-003,127.83586639527485,122.0
P00030,S008-handoff,5223.171722663816,5233.171722663816,中继,RU-003,128.23507991277862,122.0
P00026,leg2-cruise,5224.12807851194,5229.021667087986,中继,RU-003,125.06656695381159,122.0
P00155,leg1-cruise,5227.959998141129,5237.835647705461,直连,,103.49842379078514,122.0
P00026,leg2-cruise,5229.021667087986,5233.915255664033,中继,RU-003,124.95294088202546,122.0
P00149,leg1-cruise,5231.030313173703,5240.650103151987,直连,,100.91210006097707,122.0
P00009,S004-handoff,5232.21197364203,5241.733291914621,中继,RU-003,127.83586639527485,122.0
P00030,S008-handoff,5233.171722663816,5243.171722663816,中继,RU-003,128.23507991277862,122.0
P00026,leg2-cruise,5233.915255664033,5238.80884424008,中继,RU-003,124.83781741895513,122.0
P00155,leg1-cruise,5237.835647705461,5247.711297269794,直连,,104.16248616150907,122.0
P00026,leg2-cruise,5238.80884424008,5243.702432816128,中继,RU-003,124.7211568215386,122.0
P00149,leg1-cruise,5240.650103151987,5250.269893130271,直连,,101.77123573440228,122.0
P00009,S004-handoff,5241.733291914621,5251.254610187211,中继,RU-003,127.83586639527485,122.0
P00030,S008-handoff,5243.171722663816,5253.171722663816,中继,RU-003,128.23507991277862,122.0
P00026,leg2-cruise,5243.702432816128,5248.596021392174,中继,RU-003,124.60291775367939,122.0
P00155,leg1-cruise,5247.711297269794,5257.586946834126,直连,,114.77963489727443,122.0
P00026,leg2-cruise,5248.596021392174,5253.489609968222,中继,RU-003,124.4830572005653,122.0
P00149,leg1-cruise,5250.269893130271,5259.889683108556,直连,,102.55374918296455,122.0
P00009,S004-handoff,5251.254610187211,5260.775928459802,中继,RU-003,127.83586639527485,122.0
P00030,S008-handoff,5253.171722663816,5263.171722663816,中继,RU-003,128.23507991277862,122.0
P00026,leg2-cruise,5253.489609968222,5258.383198544269,中继,RU-003,124.36153037718569,122.0
P00158,leg1-climb,5255.0,5264.690440673829,直连,,54.80497750786708,122.0
P00155,leg1-cruise,5257.586946834126,5267.462596398459,直连,,115.35603179412264,122.0
P00026,leg2-cruise,5258.383198544269,5263.276787120316,中继,RU-003,124.23829063058868,122.0
P00149,leg1-cruise,5259.889683108556,5269.50947308684,直连,,103.27208800499709,122.0
P00009,S004-handoff,5260.775928459802,5270.2972467323925,中继,RU-003,127.83586639527485,122.0
P00030,leg2-climb,5263.171722663816,5271.672500353432,中继,RU-003,128.23529808074372,122.0
P00026,leg2-cruise,5263.276787120316,5268.170375696363,中继,RU-003,124.11328933535273,122.0
P00158,leg1-climb,5264.690440673829,5274.380881347656,直连,,67.51503459175177,122.0
P00155,leg1-cruise,5267.462596398459,5277.338245962791,直连,,115.89670438961029,122.0
P00026,leg2-cruise,5268.170375696363,5273.063964272411,中继,RU-003,123.98647578169346,122.0
P00149,leg1-cruise,5269.50947308684,5279.129263065125,直连,,103.93591460199416,122.0
P00009,S004-handoff,5270.2972467323925,5279.818565004984,中继,RU-003,127.83586639527485,122.0
P00030,leg2-climb,5271.672500353432,5280.1732780430475,中继,RU-003,128.2357987831089,122.0
P00026,leg2-cruise,5273.063964272411,5277.957552848457,中继,RU-003,123.85779705561251,122.0
P00158,leg1-climb,5274.380881347656,5284.071322021485,直连,,74.48686069242545,122.0
P00155,leg1-cruise,5277.338245962791,5287.213895527124,直连,,116.40580721985307,122.0
P00026,leg2-cruise,5277.957552848457,5282.851141424504,中继,RU-003,123.72719791037015,122.0
P00149,leg1-cruise,5279.129263065125,5288.74905304341,直连,,114.55287431408199,122.0
P00009,S004-handoff,5279.818565004984,5289.339883277574,中继,RU-003,127.83586639527485,122.0
P00030,leg2-climb,5280.1732780430475,5288.674055732663,中继,RU-003,128.23638528211953,122.0
P00026,leg2-cruise,5282.851141424504,5287.7447300005515,中继,RU-003,123.59462062855012,122.0
P00158,leg1-climb,5284.071322021485,5293.761762695312,直连,,78.30394043774588,122.0
P00155,leg1-cruise,5287.213895527124,5297.089545091456,直连,,116.88681221551137,122.0
P00026,leg2-cruise,5287.7447300005515,5292.638318576599,中继,RU-003,123.4600048738723,122.0
P00030,leg2-climb,5288.674055732663,5297.174833422279,中继,RU-003,128.23705754301272,122.0
P00149,leg1-cruise,5288.74905304341,5298.368843021694,直连,,115.12911737126566,122.0
P00009,S004-handoff,5289.339883277574,5298.861201550165,中继,RU-003,127.83586639527485,122.0
P00026,leg2-cruise,5292.638318576599,5297.531907152646,中继,RU-003,123.3232875318403,122.0
P00158,leg1-climb,5293.761762695312,5303.452203369141,直连,,80.94666213903061,122.0
P00155,leg1-cruise,5297.089545091456,5306.965194655788,直连,,117.34265003698815,122.0
P00030,leg2-cruise,5297.174833422279,5302.104129371363,中继,RU-003,128.1977690524795,122.0
P00026,leg2-cruise,5297.531907152646,5302.425495728694,中继,RU-003,123.18440253821892,122.0
P00149,leg1-cruise,5298.368843021694,5307.988632999979,直连,,115.66966310810587,122.0
P00009,S004-handoff,5298.861201550165,5308.382519822755,中继,RU-003,127.83586639527485,122.0
P00030,leg2-cruise,5302.104129371363,5307.033425320447,中继,RU-003,128.11790858330346,122.0
P00026,leg2-cruise,5302.425495728694,5307.3190843047405,中继,RU-003,123.0432806941992,122.0
P00158,leg1-cruise,5303.452203369141,5312.055321277936,直连,,82.69740911299337,122.0
P00155,leg1-cruise,5306.965194655788,5316.840844220121,直连,,117.7758167311021,122.0
P00030,leg2-cruise,5307.033425320447,5311.96272126953,中继,RU-003,128.03730760862294,122.0
P00026,leg2-cruise,5307.3190843047405,5312.212672880787,中继,RU-003,122.89984946704642,122.0
P00149,leg1-cruise,5307.988632999979,5317.608422978264,直连,,116.17866011342025,122.0
P00009,S004-handoff,5308.382519822755,5317.903838095346,中继,RU-003,127.83586639527485,122.0
P00030,leg2-cruise,5311.96272126953,5316.8920172186145,中继,RU-003,127.95595227866738,122.0
P00158,leg1-cruise,5312.055321277936,5320.658439186732,直连,,86.04162914914048,122.0
P00026,leg2-cruise,5312.212672880787,5317.1062614568345,中继,RU-003,122.75403277480734,122.0
P00155,leg1-cruise,5316.840844220121,5326.716493784453,直连,,118.18845541548679,122.0
P00030,leg2-cruise,5316.8920172186145,5321.8213131676985,中继,RU-003,127.87382835176939,122.0
P00026,leg2-cruise,5317.1062614568345,5321.999850032882,中继,RU-003,122.60575075359309,122.0
P00149,leg1-cruise,5317.608422978264,5327.228212956548,直连,,116.65957592165003,122.0
P00009,S004-handoff,5317.903838095346,5327.425156367936,中继,RU-003,127.83586639527485,122.0
P00158,leg1-cruise,5320.658439186732,5329.261557095527,直连,,89.20972657479427,122.0
P00030,leg2-cruise,5321.8213131676985,5326.7506091167825,中继,RU-003,127.79092117945778,122.0
P00026,leg2-cruise,5321.999850032882,5326.893438608929,中继,RU-003,122.4549195057162,122.0
P00155,leg1-cruise,5326.716493784453,5336.592143348786,直连,,118.58241967675666,122.0
P00030,leg2-cruise,5326.7506091167825,5331.6799050658665,中继,RU-003,127.70721569082215,122.0
P00026,leg2-cruise,5326.893438608929,5331.787027184976,中继,RU-003,122.30145082678676,122.0
P00149,leg1-cruise,5327.228212956548,5336.848002934833,直连,,117.11533788722971,122.0
P00009,S004-handoff,5327.425156367936,5336.946474640527,中继,RU-003,127.83586639527485,122.0
P00158,leg1-cruise,5329.261557095527,5337.864675004323,直连,,91.7060149978015,122.0
P00030,leg2-cruise,5331.6799050658665,5336.60920101495,中继,RU-003,127.62269637612951,122.0
P00026,leg2-cruise,5331.787027184976,5336.680615761024,中继,RU-003,122.1452519096755,122.0
P00155,leg1-cruise,5336.592143348786,5346.467792913118,直连,,118.95932337383543,122.0
P00030,leg2-cruise,5336.60920101495,5341.538496964034,中继,RU-003,127.53734726963731,122.0
P00026,leg2-cruise,5336.680615761024,5341.57420433707,中继,RU-003,121.9862250229657,122.0
P00149,leg1-cruise,5336.848002934833,5346.467792913118,直连,,117.54843953246521,122.0
P00009,S004-handoff,5336.946474640527,5346.467792913118,中继,RU-003,127.83586639527485,122.0
P00158,leg1-cruise,5337.864675004323,5346.467792913118,直连,,93.7005577707942,122.0
P00030,leg2-cruise,5341.538496964034,5346.467792913118,中继,RU-003,127.4511519315537,122.0
P00026,leg2-cruise,5341.57420433707,5346.467792913118,直连,,121.82426716127327,122.0
P00009,S004-handoff,5346.467792913118,5356.290569895986,中继,RU-003,127.83586639527485,122.0
P00026,leg2-cruise,5346.467792913118,5351.379181404552,直连,,121.65896674604762,122.0
P00030,leg2-cruise,5346.467792913118,5351.379181404552,中继,RU-003,127.36425235788755,122.0
P00149,leg1-cruise,5346.467792913118,5355.345907520912,直连,,117.94547419444946,122.0
P00155,leg1-cruise,5346.467792913118,5355.6021367365,直连,,119.30728893307707,122.0
P00158,leg1-cruise,5346.467792913118,5356.290569895986,直连,,95.4511336469971,122.0
P00026,leg2-cruise,5351.379181404552,5356.290569895986,直连,,121.49019147904347,122.0
P00030,leg2-cruise,5351.379181404552,5356.290569895986,中继,RU-003,127.27663594120074,122.0
P00149,leg1-cruise,5355.345907520912,5364.224022128706,直连,,118.31028258756241,122.0
P00155,leg1-cruise,5355.6021367365,5364.736480559883,直连,,119.62906458570664,122.0
P00009,S004-handoff,5356.290569895986,5366.113346878853,中继,RU-003,127.83586639527485,122.0
P00026,leg2-cruise,5356.290569895986,5361.201958387419,直连,,121.31811603140561,122.0
P00030,leg2-cruise,5356.290569895986,5361.201958387419,中继,RU-003,127.18812755118557,122.0
P00158,leg1-cruise,5356.290569895986,5366.113346878853,直连,,97.00878792657245,122.0
P00026,leg2-cruise,5361.201958387419,5366.113346878853,直连,,121.14261067233083,122.0
P00030,leg2-cruise,5361.201958387419,5366.113346878853,中继,RU-003,127.09870885802516,122.0
P00149,leg1-cruise,5364.224022128706,5373.1021367365,直连,,118.66041747627494,122.0
P00155,leg1-descent,5364.736480559883,5373.6421415706245,直连,,119.78436490661834,122.0
P00009,S004-handoff,5366.113346878853,5375.936123861721,中继,RU-003,127.83586639527485,122.0
P00026,leg2-cruise,5366.113346878853,5371.024735370287,直连,,120.9635379937598,122.0
P00030,leg2-cruise,5366.113346878853,5371.024735370287,中继,RU-003,127.00836096160545,122.0
P00158,leg1-cruise,5366.113346878853,5375.936123861721,直连,,98.33592680664648,122.0
P00026,leg2-cruise,5371.024735370287,5375.936123861721,直连,,120.7807523039229,122.0
P00030,leg2-cruise,5371.024735370287,5375.936123861721,中继,RU-003,126.91706436763515,122.0
P00149,leg1-cruise,5373.1021367365,5381.980251344295,直连,,118.99701136395747,122.0
P00155,leg1-descent,5373.6421415706245,5382.547802581367,直连,,119.78224293556472,122.0
P00009,S004-handoff,5375.936123861721,5385.758900844588,中继,RU-003,127.83586639527485,122.0
P00026,leg2-cruise,5375.936123861721,5380.847512353155,直连,,120.59409896117786,122.0
P00030,leg2-cruise,5375.936123861721,5385.758900844588,中继,RU-003,126.77829649440602,122.0
P00158,leg1-cruise,5375.936123861721,5385.758900844588,直连,,99.49064515786438,122.0
P00026,leg2-cruise,5380.847512353155,5385.758900844588,直连,,110.40341364113175,122.0
P00149,leg1-cruise,5381.980251344295,5390.858365952088,直连,,119.32107075013117,122.0
P00155,leg1-descent,5382.547802581367,5391.45346359211,直连,,119.78057850625036,122.0
P00009,S004-handoff,5385.758900844588,5395.581677827457,中继,RU-003,127.83586639527485,122.0
P00026,leg2-cruise,5385.758900844588,5390.6702893360225,直连,,110.20852152911901,122.0
P00030,leg2-cruise,5385.758900844588,5395.581677827457,中继,RU-003,126.58975900190823,122.0
P00158,leg1-cruise,5385.758900844588,5395.581677827457,直连,,100.51193000187656,122.0
P00026,leg2-cruise,5390.6702893360225,5395.581677827457,直连,,110.00923642901415,122.0
P00149,leg1-cruise,5390.858365952088,5399.736480559883,直连,,119.63349412282597,122.0
P00155,leg1-descent,5391.45346359211,5400.359124602852,直连,,119.77937214525187,122.0
P00009,S004-handoff,5395.581677827457,5405.404454810324,中继,RU-003,127.83586639527485,122.0
P00026,leg2-cruise,5395.581677827457,5400.49306631889,直连,,109.8053597781819,122.0
P00030,leg2-cruise,5395.581677827457,5400.49306631889,中继,RU-003,126.44562375777484,122.0
P00158,leg1-cruise,5395.581677827457,5405.404454810324,直连,,101.42706575049203,122.0
P00149,leg1-descent,5399.736480559883,5408.6421415706245,直连,,119.78436490661834,122.0
P00155,S001-handoff,5400.359124602852,5409.883311162257,直连,,119.77894086539243,122.0
P00026,leg2-cruise,5400.49306631889,5405.404454810324,直连,,109.59667955683425,122.0
P00030,leg2-cruise,5400.49306631889,5405.404454810324,中继,RU-003,126.34818897959792,122.0
P00009,S004-handoff,5405.404454810324,5415.227231793192,中继,RU-003,127.83586639527485,122.0
P00026,leg2-cruise,5405.404454810324,5410.315843301758,直连,,109.38296907856197,122.0
P00030,leg2-cruise,5405.404454810324,5415.227231793192,中继,RU-003,126.19995878316253,122.0
P00158,leg1-cruise,5405.404454810324,5415.227231793192,直连,,102.25583235381119,122.0
P00149,leg1-descent,5408.6421415706245,5417.547802581367,直连,,119.78224293556472,122.0
P00155,S001-handoff,5409.883311162257,5419.407497721663,直连,,119.77894086539243,122.0
P00026,leg2-cruise,5410.315843301758,5415.227231793192,直连,,109.16398564684305,122.0
P00009,S004-handoff,5415.227231793192,5425.05000877606,中继,RU-003,127.83586639527485,122.0
P00026,leg2-cruise,5415.227231793192,5420.138620284626,直连,,108.93946906022737,122.0
P00030,leg2-cruise,5415.227231793192,5420.138620284626,中继,RU-003,126.04915813409795,122.0
P00158,leg1-cruise,5415.227231793192,5425.05000877606,直连,,103.01299925457009,122.0
P00149,leg1-descent,5417.547802581367,5426.45346359211,直连,,119.78057850625036,122.0
P00155,S001-handoff,5419.407497721663,5428.931684281069,直连,,119.77894086539243,122.0
P00026,leg2-cruise,5420.138620284626,5425.05000877606,直连,,108.70913994643263,122.0
P00030,leg2-cruise,5420.138620284626,5425.05000877606,中继,RU-003,125.94715179258444,122.0
P00009,S004-handoff,5425.05000877606,5434.872785758927,中继,RU-003,127.83586639527485,122.0
P00026,leg2-cruise,5425.05000877606,5429.961397267494,直连,,108.47269790275902,122.0
P00030,leg2-cruise,5425.05000877606,5429.961397267494,中继,RU-003,125.84393482528456,122.0
P00158,leg1-cruise,5425.05000877606,5434.872785758927,直连,,103.70987256600824,122.0
P00149,leg1-descent,5426.45346359211,5435.359124602852,直连,,119.77937214525187,122.0
P00155,S001-handoff,5428.931684281069,5438.455870840474,直连,,119.77894086539243,122.0
P00026,leg2-cruise,5429.961397267494,5434.872785758927,直连,,108.2298194170769,122.0
P00030,leg2-cruise,5429.961397267494,5434.872785758927,中继,RU-003,125.73947819083654,122.0
P00009,S004-handoff,5434.872785758927,5444.695562741796,中继,RU-003,127.83586639527485,122.0
P00026,leg2-cruise,5434.872785758927,5439.7841742503615,直连,,107.98015553998394,122.0
P00030,leg2-cruise,5434.872785758927,5439.7841742503615,中继,RU-003,125.63375179166505,122.0
P00158,leg1-cruise,5434.872785758927,5444.695562741796,直连,,114.35529234075268,122.0
P00149,S001-handoff,5435.359124602852,5445.141373348726,直连,,119.77894086539243,122.0
P00155,S001-handoff,5438.455870840474,5447.98005739988,直连,,119.77894086539243,122.0
P00026,leg2-cruise,5439.7841742503615,5444.695562741796,直连,,107.72332927474179,122.0
P00030,leg2-cruise,5439.7841742503615,5444.695562741796,中继,RU-003,125.5267244222136,122.0
P00009,S004-handoff,5444.695562741796,5454.518339724663,中继,RU-003,127.83586639527485,122.0
P00026,leg2-cruise,5444.695562741796,5449.606951233229,直连,,107.45893264710199,122.0
P00030,leg2-cruise,5444.695562741796,5449.606951233229,中继,RU-003,125.41836371395799,122.0
P00158,leg1-cruise,5444.695562741796,5454.518339724663,直连,,114.95629720079052,122.0
P00149,S001-handoff,5445.141373348726,5454.9236220946,直连,,119.77894086539243,122.0
P00155,S001-handoff,5447.98005739988,5457.504243959285,直连,,119.77894086539243,122.0
P00026,leg2-cruise,5449.606951233229,5454.518339724663,直连,,107.18652341233215,122.0
P00030,leg2-cruise,5449.606951233229,5454.518339724663,中继,RU-003,125.30863607698598,122.0
P00009,S004-handoff,5454.518339724663,5464.341116707531,中继,RU-003,127.83586639527485,122.0
P00026,leg2-cruise,5454.518339724663,5459.429728216097,直连,,106.90562135164116,122.0
P00030,leg2-cruise,5454.518339724663,5459.429728216097,中继,RU-003,125.19750663785976,122.0
P00158,leg1-cruise,5454.518339724663,5464.341116707531,直连,,115.51858035525036,122.0
P00149,S001-handoff,5454.9236220946,5464.705870840474,直连,,119.77894086539243,122.0
P00155,S001-handoff,5457.504243959285,5467.028430518691,直连,,119.77894086539243,122.0
P00026,leg2-cruise,5459.429728216097,5464.341116707531,直连,,106.61570410524538,122.0
P00030,leg2-cruise,5459.429728216097,5464.341116707531,中继,RU-003,125.08493917348366,122.0
P00009,S004-handoff,5464.341116707531,5474.163893690398,中继,RU-003,127.83586639527485,122.0
P00026,leg2-cruise,5464.341116707531,5469.252505198965,直连,,106.31620248462521,122.0
P00030,leg2-cruise,5464.341116707531,5469.252505198965,中继,RU-003,124.97089604066073,122.0
P00158,leg1-cruise,5464.341116707531,5474.163893690398,直连,,116.04681055000086,122.0
P00149,S001-handoff,5464.705870840474,5474.488119586348,直连,,119.77894086539243,122.0
P00155,S001-handoff,5467.028430518691,5476.552617078096,直连,,119.77894086539243,122.0
P00026,leg2-cruise,5469.252505198965,5474.163893690398,直连,,106.00649520333573,122.0
P00030,leg2-cruise,5469.252505198965,5474.163893690398,中继,RU-003,124.855338101011,122.0
P00009,S004-handoff,5474.163893690398,5483.986670673266,中继,RU-003,127.83586639527485,122.0
P00026,leg2-cruise,5474.163893690398,5479.075282181832,直连,,105.68590296507736,122.0
P00030,leg2-cruise,5474.163893690398,5479.075282181832,中继,RU-003,124.7382246408593,122.0
P00158,leg1-cruise,5474.163893690398,5483.986670673266,直连,,116.54486306856766,122.0
P00149,S001-handoff,5474.488119586348,5484.2703683322225,直连,,119.77894086539243,122.0
P00155,S001-handoff,5476.552617078096,5486.076803637502,直连,,119.77894086539243,122.0
P00026,leg2-cruise,5479.075282181832,5483.986670673266,直连,,105.35368185189068,122.0
P00030,leg2-cruise,5479.075282181832,5483.986670673266,中继,RU-003,124.61951328569819,122.0
P00009,S004-handoff,5483.986670673266,5493.809447656135,中继,RU-003,127.83586639527485,122.0
P00026,leg2-cruise,5483.986670673266,5488.8980591647005,直连,,105.00901596797745,122.0
P00030,leg2-cruise,5483.986670673266,5488.8980591647005,中继,RU-003,124.4991599087784,122.0
P00158,leg1-cruise,5483.986670673266,5493.809447656135,直连,,117.01598931865797,122.0
P00149,S001-handoff,5484.2703683322225,5494.052617078096,直连,,119.77894086539243,122.0
P00155,S001-handoff,5486.076803637502,5495.600990196907,直连,,119.77894086539243,122.0
P00026,leg2-cruise,5488.8980591647005,5493.809447656135,直连,,104.65100932164658,122.0
P00030,leg2-cruise,5488.8980591647005,5493.809447656135,中继,RU-003,124.37711853333194,122.0
P00009,S004-handoff,5493.809447656135,5503.632224639002,中继,RU-003,127.83586639527485,122.0
P00026,leg2-cruise,5493.809447656135,5498.720836147568,直连,,104.27867697871234,122.0
P00030,leg2-cruise,5493.809447656135,5498.720836147568,中继,RU-003,124.25334122789596,122.0
P00158,leg1-cruise,5493.809447656135,5503.632224639002,直连,,117.46294354550726,122.0
P00149,S001-handoff,5494.052617078096,5503.83486582397,直连,,119.77894086539243,122.0
P00155,S001-handoff,5495.600990196907,5505.125176756313,直连,,119.77894086539243,122.0
P00026,leg2-cruise,5498.720836147568,5503.632224639002,直连,,103.89093561066254,122.0
P00030,leg2-cruise,5498.720836147568,5503.632224639002,中继,RU-003,124.12777799413621,122.0
P00009,S004-handoff,5503.632224639002,5513.45500162187,中继,RU-003,127.83586639527485,122.0
P00026,leg2-cruise,5503.632224639002,5508.543613130436,直连,,103.48659371569134,122.0
P00030,leg2-cruise,5503.632224639002,5508.543613130436,中继,RU-003,124.00037664652834,122.0
P00158,leg1-cruise,5503.632224639002,5513.45500162187,直连,,117.8880790156143,122.0
P00149,S001-handoff,5503.83486582397,5513.6171145698445,直连,,119.77894086539243,122.0
P00155,S001-handoff,5505.125176756313,5514.649363315719,直连,,119.77894086539243,122.0
P00026,leg2-cruise,5508.543613130436,5513.45500162187,直连,,103.06434205094351,122.0
P00030,leg2-cruise,5508.543613130436,5513.45500162187,中继,RU-003,123.87108268317701,122.0
P00009,S004-handoff,5513.45500162187,5523.277778604737,中继,RU-003,127.83586639527485,122.0
P00026,leg2-cruise,5513.45500162187,5518.366390113304,直连,,102.62274524805225,122.0
P00030,leg2-cruise,5513.45500162187,5518.366390113304,中继,RU-003,123.73983914696511,122.0
P00158,leg1-cruise,5513.45500162187,5523.277778604737,直连,,118.29342206940181,122.0
P00149,S001-handoff,5513.6171145698445,5523.399363315719,直连,,119.77894086539243,122.0
P00155,S001-handoff,5514.649363315719,5524.173549875124,直连,,119.77894086539243,122.0
P00026,leg2-cruise,5518.366390113304,5523.277778604737,直连,,102.1602363031439,122.0
P00030,leg2-cruise,5518.366390113304,5523.277778604737,中继,RU-003,123.60658647617487,122.0
P00009,S004-handoff,5523.277778604737,5533.100555587605,中继,RU-003,127.83586639527485,122.0
P00026,leg2-cruise,5523.277778604737,5528.189167096171,直连,,101.67511682227394,122.0
P00030,leg2-cruise,5523.277778604737,5528.189167096171,中继,RU-003,123.47126234359881,122.0
P00158,leg1-cruise,5523.277778604737,5533.100555587605,直连,,118.680729870617,122.0
P00149,S001-handoff,5523.399363315719,5533.181612061593,直连,,119.77894086539243,122.0
P00155,S001-handoff,5524.173549875124,5533.697736434529,直连,,119.77894086539243,122.0
P00026,leg2-cruise,5528.189167096171,5533.100555587605,直连,,101.16556787298562,122.0
P00030,leg2-cruise,5528.189167096171,5533.100555587605,中继,RU-003,123.33380148306547,122.0
P00009,S004-handoff,5533.100555587605,5542.923332570473,中继,RU-003,127.83586639527485,122.0
P00026,leg2-cruise,5533.100555587605,5538.011944079039,直连,,100.6296795563846,122.0
P00030,leg2-cruise,5533.100555587605,5538.011944079039,中继,RU-003,123.19413550217112,122.0
P00158,leg1-cruise,5533.100555587605,5542.923332570473,直连,,119.05153596905278,122.0
P00149,S001-handoff,5533.181612061593,5542.9638608074665,直连,,119.77894086539243,122.0
P00155,S001-handoff,5533.697736434529,5543.221922993936,直连,,119.77894086539243,122.0
P00026,leg2-cruise,5538.011944079039,5542.923332570473,直连,,100.06551282452583,122.0
P00030,leg2-cruise,5538.011944079039,5542.923332570473,中继,RU-003,123.05219267990746,122.0
P00009,S004-handoff,5542.923332570473,5552.746109553341,中继,RU-003,127.83586639527485,122.0
P00026,leg2-cruise,5542.923332570473,5547.834721061907,直连,,99.47121601611764,122.0
P00030,leg2-cruise,5542.923332570473,5547.834721061907,中继,RU-003,112.90789774768197,122.0
P00158,leg1-cruise,5542.923332570473,5552.746109553341,直连,,119.40718663184032,122.0
P00149,S001-handoff,5542.9638608074665,5552.746109553341,直连,,119.77894086539243,122.0
P00155,S001-handoff,5543.221922993936,5552.746109553341,直连,,119.77894086539243,122.0
P00026,leg2-cruise,5547.834721061907,5552.746109553341,直连,,98.84523326807897,122.0
P00030,leg2-cruise,5547.834721061907,5552.746109553341,直连,,112.7611716520856,122.0
P00009,S004-handoff,5552.746109553341,5561.562745733896,中继,RU-003,127.83586639527485,122.0
P00026,leg2-cruise,5552.746109553341,5557.564938484764,直连,,98.19302357859303,122.0
P00030,leg2-cruise,5552.746109553341,5557.653660632393,直连,,112.61199010264421,122.0
P00149,S001-handoff,5552.746109553341,5561.690825988985,直连,,119.77894086539243,122.0
P00155,S001-handoff,5552.746109553341,5561.9504479031775,直连,,119.77894086539243,122.0
P00158,leg1-cruise,5552.746109553341,5558.736480559883,直连,,119.68326039896368,122.0
P00026,leg2-cruise,5557.564938484764,5562.383767416187,直连,,97.51583553778974,122.0
P00030,leg2-cruise,5557.653660632393,5562.561211711446,直连,,112.46026878299645,122.0
P00158,leg1-descent,5558.736480559883,5567.6421415706245,直连,,119.78436490661834,122.0
P00009,leg2-climb,5561.562745733896,5571.273555234454,中继,RU-003,127.83601868585879,122.0
P00149,S001-handoff,5561.690825988985,5570.635542424629,直连,,119.77894086539243,122.0
P00155,S001-handoff,5561.9504479031775,5571.154786253015,直连,,119.77894086539243,122.0
P00026,leg2-cruise,5562.383767416187,5567.20259634761,直连,,96.81005746799539,122.0
P00030,leg2-cruise,5562.561211711446,5567.468762790499,直连,,112.30585806306782,122.0
P00026,leg2-cruise,5567.20259634761,5572.021425279034,直连,,96.08168471087318,122.0
P00030,leg2-cruise,5567.468762790499,5572.37631386955,直连,,112.14866117825646,122.0
P00158,leg1-descent,5567.6421415706245,5576.547802581367,直连,,119.78224293556472,122.0
P00149,S001-handoff,5570.635542424629,5579.580258860274,直连,,119.77894086539243,122.0
P00155,S001-handoff,5571.154786253015,5580.359124602852,直连,,119.77894086539243,122.0
P00009,leg2-climb,5571.273555234454,5580.984364735012,中继,RU-003,127.83638723235934,122.0
P00026,leg2-cruise,5572.021425279034,5576.840254210457,直连,,95.34246734265895,122.0
P00030,leg2-cruise,5572.37631386955,5577.283864948603,直连,,111.98857606318201,122.0
P00158,leg1-descent,5576.547802581367,5585.45346359211,直连,,119.78057850625036,122.0
P00026,leg2-cruise,5576.840254210457,5581.65908314188,直连,,94.61293773359067,122.0
P00030,leg2-cruise,5577.283864948603,5582.191416027656,直连,,111.82549495868093,122.0
P00149,S001-handoff,5579.580258860274,5588.524975295919,直连,,119.77894086539243,122.0
P00155,leg2-climb,5580.359124602852,5590.254303503676,直连,,119.77954137711585,122.0
P00009,leg2-climb,5580.984364735012,5590.6951742355695,中继,RU-003,127.8368410473528,122.0
P00026,leg2-cruise,5581.65908314188,5586.477912073304,直连,,93.92583242747891,122.0
P00030,leg2-cruise,5582.191416027656,5587.098967106708,直连,,111.65930398182549,122.0
P00158,leg1-descent,5585.45346359211,5594.359124602852,直连,,119.77937214525187,122.0
P00026,leg2-cruise,5586.477912073304,5591.296741004727,直连,,93.32820213887977,122.0
P00030,leg2-cruise,5587.098967106708,5592.006518185761,直连,,111.48988265471637,122.0
P00149,S001-handoff,5588.524975295919,5597.469691731563,直连,,119.77894086539243,122.0
P00155,leg2-climb,5590.254303503676,5600.149482404501,直连,,119.78135349189522,122.0
P00009,leg2-climb,5590.6951742355695,5600.405983736128,中继,RU-003,127.83738010410832,122.0
P00026,leg2-cruise,5591.296741004727,5600.934398867573,直连,,92.72795113369963,122.0
P00030,leg2-cruise,5592.006518185761,5596.914069264813,直连,,111.31710338727297,122.0
P00158,S001-handoff,5594.359124602852,5604.359124602852,直连,,119.77894086539243,122.0
P00030,leg2-cruise,5596.914069264813,5601.821620343866,直连,,111.14083090851044,122.0
P00149,S001-handoff,5597.469691731563,5606.4144081672075,直连,,119.77894086539243,122.0
P00155,leg2-climb,5600.149482404501,5610.0446613053255,直连,,119.78397949772656,122.0
P00009,leg2-climb,5600.405983736128,5610.116793236686,中继,RU-003,127.83800437088259,122.0
P00026,leg2-descent,5600.934398867573,5610.798791107694,直连,,92.34729283228538,122.0
P00030,leg2-cruise,5601.821620343866,5606.729171422918,直连,,110.96092164006228,122.0
P00158,S001-handoff,5604.359124602852,5614.359124602852,直连,,119.77894086539243,122.0
P00149,S001-handoff,5606.4144081672075,5615.359124602852,直连,,119.77894086539243,122.0
P00030,leg2-cruise,5606.729171422918,5611.63672250197,直连,,110.77722300480792,122.0
P00155,leg2-cruise,5610.0446613053255,5619.9534141220565,直连,,119.61566334348143,122.0
P00009,leg2-climb,5610.116793236686,5619.827602737244,中继,RU-003,127.83871381092604,122.0
P00026,leg2-descent,5610.798791107694,5620.663183347815,直连,,91.81086292961925,122.0
P00030,leg2-cruise,5611.63672250197,5616.544273581023,直连,,110.58957266240259,122.0
P00158,S001-handoff,5614.359124602852,5624.359124602852,直连,,119.77894086539243,122.0
P00149,leg2-climb,5615.359124602852,5625.254303503676,直连,,119.77954137711585,122.0
P00030,leg2-cruise,5616.544273581023,5621.4518246600755,直连,,110.39779766227068,122.0
P00009,leg2-climb,5619.827602737244,5629.538412237802,中继,RU-003,127.83950838249001,122.0
P00155,leg2-cruise,5619.9534141220565,5629.862166938788,直连,,119.26550257778754,122.0
P00026,leg2-descent,5620.663183347815,5630.527575587937,直连,,91.23911032239278,122.0
P00030,leg2-cruise,5621.4518246600755,5626.359375739128,直连,,110.2017135032318,122.0
P00158,S001-handoff,5624.359124602852,5634.359124602852,直连,,119.77894086539243,122.0
P00149,leg2-climb,5625.254303503676,5635.149482404501,直连,,119.78135349189522,122.0
P00030,leg2-cruise,5626.359375739128,5631.266926818181,直连,,110.00112308715475,122.0
P00009,leg2-cruise,5629.538412237802,5634.5035804695335,中继,RU-003,127.79812184971343,122.0
P00155,leg2-cruise,5629.862166938788,5639.770919755519,直连,,118.90065889752933,122.0
P00026,leg2-descent,5630.527575587937,5640.391967828058,直连,,90.62705320342002,122.0
P00030,leg2-cruise,5631.266926818181,5636.174477897233,直连,,109.79581555211185,122.0
P00158,S001-handoff,5634.359124602852,5644.359124602852,直连,,119.77894086539243,122.0
P00009,leg2-cruise,5634.5035804695335,5639.468748701265,中继,RU-003,127.71388222144134,122.0
P00149,leg2-climb,5635.149482404501,5645.0446613053255,直连,,119.78397949772656,122.0
P00030,leg2-cruise,5636.174477897233,5641.082028976286,直连,,109.58556496807434,122.0
P00009,leg2-cruise,5639.468748701265,5644.433916932997,中继,RU-003,127.62881848537545,122.0
P00155,leg2-cruise,5639.770919755519,5649.67967257225,直连,,118.5198496366481,122.0
P00026,leg2-descent,5640.391967828058,5650.256360068179,直连,,89.96857533421515,122.0
P00030,leg2-cruise,5641.082028976286,5645.989580055339,直连,,109.37012887540058,122.0
P00158,S001-handoff,5644.359124602852,5654.359124602852,直连,,119.77894086539243,122.0
P00009,leg2-cruise,5644.433916932997,5649.399085164729,中继,RU-003,127.54291437591864,122.0
P00149,leg2-cruise,5645.0446613053255,5654.57671829707,直连,,119.62218468902385,122.0
P00030,leg2-cruise,5645.989580055339,5650.89713113439,直连,,109.14924664297094,122.0
P00009,leg2-cruise,5649.399085164729,5654.364253396461,中继,RU-003,127.45615314166747,122.0
P00155,leg2-cruise,5649.67967257225,5659.588425388982,直连,,118.12161676572542,122.0
P00026,leg2-descent,5650.256360068179,5660.1207523083,直连,,89.25605310872048,122.0
P00030,leg2-cruise,5650.89713113439,5655.804682213443,直连,,108.92263761882256,122.0
P00158,S001-handoff,5654.359124602852,5664.359124602852,直连,,119.77894086539243,122.0
P00009,leg2-cruise,5654.364253396461,5659.329421628193,中继,RU-003,127.36851752589695,122.0
P00149,leg2-cruise,5654.57671829707,5664.108775288815,直连,,119.28585378226516,122.0
P00030,leg2-cruise,5655.804682213443,5660.7122332924955,直连,,108.68999904124871,122.0
P00009,leg2-cruise,5659.329421628193,5664.294589859925,中继,RU-003,127.27998974605286,122.0
P00155,leg2-cruise,5659.588425388982,5669.497178205713,直连,,117.70429348155123,122.0
P00026,leg2-descent,5660.1207523083,5669.985144548422,直连,,88.47981553329157,122.0
P00030,leg2-cruise,5660.7122332924955,5665.619784371548,直连,,108.4510036724974,122.0
P00149,leg2-cruise,5664.108775288815,5673.64083228056,直连,,118.93599930626041,122.0
P00009,leg2-cruise,5664.294589859925,5669.259758091656,中继,RU-003,127.19055147219419,122.0
P00158,S001-handoff,5664.359124602852,5674.359124602852,直连,,119.77894086539243,122.0
P00030,leg2-cruise,5665.619784371548,5670.527335450601,直连,,108.20529711006063,122.0
P00009,leg2-cruise,5669.259758091656,5674.224926323388,中继,RU-003,127.10018380432248,122.0
P00155,leg2-cruise,5669.497178205713,5679.405931022444,直连,,117.26596246540386,122.0
P00026,leg2-descent,5669.985144548422,5679.8495367885425,直连,,87.62733837426534,122.0
P00030,leg2-cruise,5670.527335450601,5675.434886529653,直连,,107.95249472196814,122.0
P00149,leg2-cruise,5673.64083228056,5683.172889272306,直连,,118.57149043474764,122.0
P00009,leg2-cruise,5674.224926323388,5679.19009455512,中继,RU-003,127.00886724852754,122.0
P00158,S001-handoff,5674.359124602852,5684.359124602852,直连,,119.77894086539243,122.0
P00030,leg2-cruise,5675.434886529653,5680.342437608706,直连,,107.69217814182193,122.0
P00009,leg2-cruise,5679.19009455512,5684.155262786851,中继,RU-003,126.91658169187087,122.0
P00155,leg2-cruise,5679.405931022444,5689.314683839175,直连,,116.80440319463952,122.0
P00026,leg2-descent,5679.8495367885425,5689.713929028664,直连,,86.68199812216218,122.0
P00030,leg2-cruise,5680.342437608706,5685.249988687758,直连,,107.42389124641284,122.0
P00149,leg2-cruise,5683.172889272306,5692.704946264051,直连,,118.19104864014828,122.0
P00009,leg2-cruise,5684.155262786851,5689.120431018583,中继,RU-003,126.82330637593279,122.0
P00158,S001-handoff,5684.359124602852,5694.359124602852,直连,,119.77894086539243,122.0
P00030,leg2-cruise,5685.249988687758,5690.15753976681,直连,,107.14713552266153,122.0
P00009,leg2-cruise,5689.120431018583,5694.085599250315,中继,RU-003,126.72901986892938,122.0
P00155,leg2-cruise,5689.314683839175,5699.223436655906,直连,,116.31702468516501,122.0
P00026,leg2-descent,5689.713929028664,5699.578321268786,直连,,85.62106145475414,122.0
P00030,leg2-cruise,5690.15753976681,5695.065090845863,直连,,106.86136471073928,122.0
P00149,leg2-cruise,5692.704946264051,5702.237003255796,直连,,117.79322086607387,122.0
P00009,leg2-cruise,5694.085599250315,5699.0507674820465,中继,RU-003,126.63370003631033,122.0
P00158,S001-handoff,5694.359124602852,5704.359124602852,直连,,119.77894086539243,122.0
P00030,leg2-cruise,5695.065090845863,5699.9726419249155,直连,,106.5659785854478,122.0
P00009,leg2-cruise,5699.0507674820465,5704.015935713778,中继,RU-003,126.53732400974005,122.0
P00155,leg2-cruise,5699.223436655906,5709.132189472637,直连,,115.80077856842172,122.0
P00026,leg2-descent,5699.578321268786,5709.442713508906,直连,,84.41226757470497,122.0
P00030,leg2-cruise,5699.9726419249155,5704.880193003968,直连,,106.26031570687289,122.0
P00149,leg2-cruise,5702.237003255796,5711.76906024754,直连,,117.37634633667065,122.0
P00009,leg2-cruise,5704.015935713778,5708.981103945511,中继,RU-003,126.43986815434874,122.0
P00158,S001-handoff,5704.359124602852,5714.359124602852,直连,,119.77894086539243,122.0
P00030,leg2-cruise,5704.880193003968,5709.787744083021,直连,,105.94364493211931,122.0
P00009,leg2-cruise,5708.981103945511,5718.911440408974,中继,RU-003,126.29160601045426,122.0
P00155,leg2-cruise,5709.132189472637,5719.040942289368,直连,,115.25204520884546,122.0
P00026,leg2-descent,5709.442713508906,5719.307105749028,直连,,83.00762634443792,122.0
P00030,leg2-cruise,5709.787744083021,5714.695295162073,直连,,105.61515543051861,122.0
P00149,leg2-cruise,5711.76906024754,5721.301117239285,直连,,116.9385151075008,122.0
P00158,S001-handoff,5714.359124602852,5724.359124602852,直连,,119.77894086539243,122.0
P00030,leg2-cruise,5714.695295162073,5719.602846241126,直连,,105.27394488158428,122.0
P00009,leg2-cruise,5718.911440408974,5723.876608640706,中继,RU-003,126.14077302808863,122.0
P00155,leg2-cruise,5719.040942289368,5728.949695106099,直连,,114.66648222241633,122.0
P00026,leg2-descent,5719.307105749028,5729.171497989149,直连,,81.33117070311681,122.0
P00030,leg2-cruise,5719.602846241126,5724.5103973201785,直连,,104.9190054543528,122.0
P00149,leg2-cruise,5721.301117239285,5730.83317423103,直连,,116.4775157720104,122.0
P00009,leg2-cruise,5723.876608640706,5728.841776872438,中继,RU-003,126.03874492483621,122.0
P00158,S001-handoff,5724.359124602852,5734.359124602852,直连,,119.77894086539243,122.0
P00030,leg2-cruise,5724.5103973201785,5729.41794839923,直连,,104.54920706323685,122.0
P00009,leg2-cruise,5728.841776872438,5733.806945104169,中继,RU-003,125.93550603765775,122.0
P00155,leg2-cruise,5728.949695106099,5738.858447922831,直连,,104.03881954849561,122.0
P00026,leg2-descent,5729.171497989149,5739.03589022927,直连,,79.25183718450083,122.0
P00030,leg2-cruise,5729.41794839923,5734.325499478283,直连,,104.16327726177833,122.0
P00149,leg2-cruise,5730.83317423103,5740.365231222775,直连,,115.9907687451533,122.0
P00009,leg2-cruise,5733.806945104169,5738.772113335901,中继,RU-003,125.83102733200708,122.0
P00030,leg2-cruise,5734.325499478283,5739.233050557335,直连,,103.7597769626215,122.0
P00158,S001-handoff,5734.359124602852,5744.359124602852,直连,,119.77894086539243,122.0
P00009,leg2-cruise,5738.772113335901,5743.737281567633,中继,RU-003,125.72527871808138,122.0
P00155,leg2-cruise,5738.858447922831,5748.767200739562,直连,,103.3625769121507,122.0
P00026,leg2-descent,5739.03589022927,5748.900282469392,直连,,76.51262153072426,122.0
P00030,leg2-cruise,5739.233050557335,5744.140601636388,直连,,103.337070947657,122.0
P00149,leg2-cruise,5740.365231222775,5749.897288214521,直连,,115.4752400946284,122.0
P00009,leg2-cruise,5743.737281567633,5748.702449799364,中继,RU-003,125.61822899915077,122.0
P00030,leg2-cruise,5744.140601636388,5749.048152715441,直连,,102.89329184114455,122.0
P00158,S001-handoff,5744.359124602852,5754.359124602852,直连,,119.77894086539243,122.0
P00009,leg2-cruise,5748.702449799364,5753.667618031097,中继,RU-003,125.50984581668465,122.0
P00155,leg2-cruise,5748.767200739562,5758.675953556293,直连,,102.62966586459324,122.0
P00026,leg2-descent,5748.900282469392,5758.764674709513,直连,,72.48897586905919,122.0
P00030,leg2-cruise,5749.048152715441,5753.955703794493,直连,,102.42629584313069,122.0
P00149,leg2-cruise,5749.897288214521,5759.429345206266,直连,,114.92732872938937,122.0
P00009,leg2-cruise,5753.667618031097,5758.632786262829,中继,RU-003,125.4000955920487,122.0
P00030,leg2-cruise,5753.955703794493,5758.863254873546,直连,,101.93360804103652,122.0
P00158,S001-handoff,5754.359124602852,5764.359124602852,直连,,119.77894086539243,122.0
P00009,leg2-cruise,5758.632786262829,5763.59795449456,中继,RU-003,125.28894346450005,122.0
P00155,leg2-cruise,5758.675953556293,5768.584706373024,直连,,101.8298154786136,122.0
P00026,leg2-descent,5758.764674709513,5768.629066949634,直连,,64.76129622310468,122.0
P00030,leg2-cruise,5758.863254873546,5763.770805952598,直连,,101.41235451941947,122.0
P00149,leg2-cruise,5759.429345206266,5768.961402198011,直连,,114.34271647127801,122.0
P00009,leg2-cruise,5763.59795449456,5768.563122726292,中继,RU-003,125.17635322520145,122.0
P00030,leg2-cruise,5763.770805952598,5768.67835703165,直连,,100.85917777761917,122.0
P00158,S001-handoff,5764.359124602852,5774.359124602852,直连,,119.77894086539243,122.0
P00009,leg2-cruise,5768.563122726292,5773.528290958024,中继,RU-003,125.06228724694827,122.0
P00155,leg2-cruise,5768.584706373024,5778.493459189755,直连,,100.9497202735675,122.0
P00026,leg2-descent,5768.629066949634,5778.493459189755,直连,,57.5182006824655,122.0
P00030,leg2-cruise,5768.67835703165,5773.585908110703,直连,,100.27013120831239,122.0
P00149,leg2-cruise,5768.961402198011,5778.493459189755,直连,,103.71616543249505,122.0
P00009,leg2-cruise,5773.528290958024,5778.493459189755,直连,,114.94670640926209,122.0
P00030,leg2-cruise,5773.585908110703,5778.493459189755,直连,,99.64054780823122,122.0
P00158,leg2-climb,5774.359124602852,5778.493459189755,直连,,119.77916698216437,122.0
P00009,leg2-cruise,5778.493459189755,5783.458627421487,直连,,114.82957001848266,122.0
P00026,leg2-descent,5778.493459189755,5778.57410101601,直连,,66.03093617747689,122.0
P00030,leg2-cruise,5778.493459189755,5783.436202514287,直连,,98.9623653527474,122.0
P00149,leg2-cruise,5778.493459189755,5787.865419136395,直连,,103.04712919911769,122.0
P00155,leg2-cruise,5778.493459189755,5788.141845779346,直连,,99.98531324966471,122.0
P00158,leg2-climb,5778.493459189755,5787.010526561612,直连,,119.78007988513998,122.0
P00030,leg2-cruise,5783.436202514287,5788.37894583882,直连,,98.22834897958371,122.0
P00009,leg2-cruise,5783.458627421487,5788.423795653219,直连,,114.71083572245759,122.0
P00158,leg2-climb,5787.010526561612,5795.527593933469,直连,,119.78183487028527,122.0
P00149,leg2-cruise,5787.865419136395,5797.237379083034,直连,,102.32910365513445,122.0
P00155,leg2-cruise,5788.141845779346,5797.790232368936,直连,,98.91784321660055,122.0
P00030,leg2-cruise,5788.37894583882,5793.321689163352,直连,,97.43273100365442,122.0
P00009,leg2-cruise,5788.423795653219,5793.3889638849505,直连,,114.59045941937964,122.0
P00030,leg2-cruise,5793.321689163352,5798.264432487884,直连,,96.5658519303536,122.0
P00009,leg2-cruise,5793.3889638849505,5798.354132116682,直连,,114.46839516029374,122.0
P00158,leg2-climb,5795.527593933469,5804.0446613053255,直连,,119.78419263694038,122.0
P00149,leg2-cruise,5797.237379083034,5806.609339029674,直连,,101.54699593362017,122.0
P00155,leg2-cruise,5797.790232368936,5807.438618958527,直连,,97.70416897813429,122.0
P00030,leg2-cruise,5798.264432487884,5803.207175812417,直连,,95.61638548153927,122.0
P00009,leg2-cruise,5798.354132116682,5803.319300348414,直连,,114.34459504472889,122.0
P00030,leg2-cruise,5803.207175812417,5808.1499191369485,直连,,94.57162422550931,122.0
P00009,leg2-cruise,5803.319300348414,5808.2844685801465,直连,,114.21900910887189,122.0
P00158,leg2-cruise,5804.0446613053255,5813.863287351123,直连,,119.61722406001047,122.0
P00149,leg2-cruise,5806.609339029674,5815.981298976313,直连,,100.68839852408786,122.0
P00155,leg2-cruise,5807.438618958527,5817.087005548116,直连,,96.29942273427405,122.0
P00030,leg2-cruise,5808.1499191369485,5813.09266246148,直连,,93.41892458596621,122.0
P00009,leg2-cruise,5808.2844685801465,5813.249636811878,直连,,114.0915852056367,122.0
P00030,leg2-cruise,5813.09266246148,5818.035405786013,直连,,92.15030267257634,122.0
P00009,leg2-cruise,5813.249636811878,5818.21480504361,直连,,113.9622688759197,122.0
P00158,leg2-cruise,5813.863287351123,5823.681913396921,直连,,119.27037606062905,122.0
P00149,leg2-cruise,5815.981298976313,5825.353258922953,直连,,99.73697763459684,122.0
P00155,leg2-cruise,5817.087005548116,5826.735392137707,直连,,94.63570420977472,122.0
P00030,leg2-cruise,5818.035405786013,5822.978149110545,直连,,90.77518584843305,122.0
P00009,leg2-cruise,5818.21480504361,5823.179973275342,直连,,113.83100321024028,122.0
P00030,leg2-cruise,5822.978149110545,5827.920892435077,直连,,89.35228804548902,122.0
P00009,leg2-cruise,5823.179973275342,5828.145141507073,直连,,113.6977286999131,122.0
P00158,leg2-cruise,5823.681913396921,5833.500539442719,直连,,118.90912737422013,122.0
P00149,leg2-cruise,5825.353258922953,5834.725218869592,直连,,98.6706626895714,122.0
P00155,leg2-cruise,5826.735392137707,5836.383778727297,直连,,92.60530840538135,122.0
P00030,leg2-cruise,5827.920892435077,5837.806379084142,直连,,87.5528476661882,122.0
P00009,leg2-cruise,5828.145141507073,5838.075477970537,直连,,113.56238307677364,122.0
P00158,leg2-cruise,5833.500539442719,5843.319165488517,直连,,118.53223292042574,122.0
P00149,leg2-cruise,5834.725218869592,5844.0971788162315,直连,,97.45869694532968,122.0
P00155,leg2-cruise,5836.383778727297,5846.032165316888,直连,,90.03240854493268,122.0
P00030,leg2-descent,5837.806379084142,5847.614752375157,直连,,86.61973145445752,122.0
P00009,leg2-cruise,5838.075477970537,5848.005814434001,直连,,113.28521457161926,122.0
P00158,leg2-cruise,5843.319165488517,5853.137791534315,直连,,118.13827922218648,122.0
P00149,leg2-cruise,5844.0971788162315,5853.469138762871,直连,,96.05662558110362,122.0
P00155,leg2-cruise,5846.032165316888,5855.680551906477,直连,,86.67015476016714,122.0
P00030,leg2-descent,5847.614752375157,5857.423125666172,直连,,85.55713048944199,122.0
P00009,leg2-cruise,5848.005814434001,5857.936150897464,直连,,112.99893744112033,122.0
P00158,leg2-cruise,5853.137791534315,5862.956417580112,直连,,117.72565268316322,122.0
P00149,leg2-cruise,5853.469138762871,5862.84109870951,直连,,94.39742167236136,122.0
P00155,leg2-cruise,5855.680551906477,5865.328938496068,直连,,82.85674632741811,122.0
P00030,leg2-descent,5857.423125666172,5867.231498957189,直连,,84.34617482106333,122.0
P00009,leg2-cruise,5857.936150897464,5867.866487360928,直连,,112.62733601713106,122.0
P00149,leg2-cruise,5862.84109870951,5872.21305865615,直连,,92.37546857852034,122.0
P00158,leg2-cruise,5862.956417580112,5872.77504362591,直连,,117.29250004795173,122.0
P00155,leg2-descent,5865.328938496068,5875.019379169897,直连,,81.13449505143431,122.0
P00030,leg2-descent,5867.231498957189,5877.039872248204,直连,,82.93861204965945,122.0
P00009,leg2-cruise,5867.866487360928,5872.831655592659,直连,,112.39652460198673,122.0
P00149,leg2-cruise,5872.21305865615,5881.585018602789,直连,,89.82078855111715,122.0
P00158,leg2-cruise,5872.77504362591,5882.593669671708,直连,,116.83667862143926,122.0
P00009,leg2-cruise,5872.831655592659,5877.796823824391,直连,,112.23918386057511,122.0
P00155,leg2-descent,5875.019379169897,5884.709819843724,直连,,79.04372855980807,122.0
P00030,leg2-descent,5877.039872248204,5886.8482455392195,直连,,81.25798921101293,122.0
P00009,leg2-cruise,5877.796823824391,5882.761992056123,直连,,112.07895156163053,122.0
P00149,leg2-cruise,5881.585018602789,5890.956978549429,直连,,86.5058166423218,122.0
P00158,leg2-cruise,5882.593669671708,5892.412295717506,直连,,116.35569290258537,122.0
P00009,leg2-cruise,5882.761992056123,5887.7271602878545,直连,,111.91571987342323,122.0
P00155,leg2-descent,5884.709819843724,5894.400260517552,直连,,76.2845662056308,122.0
P00030,leg2-descent,5886.8482455392195,5896.656618830235,直连,,79.1722303195717,122.0
P00009,leg2-cruise,5887.7271602878545,5892.692328519586,直连,,111.7493748440944,122.0
P00149,leg2-cruise,5890.956978549429,5900.328938496068,直连,,82.81341407842821,122.0
P00158,leg2-cruise,5892.412295717506,5902.230921763304,直连,,115.84661294571715,122.0
P00009,leg2-cruise,5892.692328519586,5897.657496751319,直连,,111.57979593175621,122.0
P00155,leg2-descent,5894.400260517552,5904.0907011913805,直连,,72.21730887279045,122.0
P00030,leg2-descent,5896.656618830235,5906.46499212125,直连,,76.42181341719161,122.0
P00009,leg2-cruise,5897.657496751319,5902.6226649830505,直连,,111.40685548882831,122.0
P00149,leg2-descent,5900.328938496068,5910.019379169897,直连,,81.13449505143431,122.0
P00158,leg2-cruise,5902.230921763304,5912.049547809102,直连,,115.30596777067473,122.0
P00009,leg2-cruise,5902.6226649830505,5907.587833214782,直连,,111.23041819520401,122.0
P00155,leg2-descent,5904.0907011913805,5913.781141865209,直连,,64.31881537331876,122.0
P00030,leg2-descent,5906.46499212125,5916.273365412267,直连,,72.37371652610503,122.0
P00009,leg2-cruise,5907.587833214782,5912.553001446514,直连,,111.05034043405841,122.0
P00149,leg2-descent,5910.019379169897,5919.709819843724,直连,,79.04372855980807,122.0
P00158,leg2-cruise,5912.049547809102,5921.868173854899,直连,,114.72960412724932,122.0
P00009,leg2-cruise,5912.553001446514,5917.518169678246,直连,,110.8664696032257,122.0
P00155,leg2-descent,5913.781141865209,5923.471582539037,直连,,57.992405658374466,122.0
P00030,leg2-descent,5916.273365412267,5926.081738703282,直连,,64.55078853857822,122.0
P00009,leg2-cruise,5917.518169678246,5922.483337909977,直连,,110.67864335406315,122.0
P00149,leg2-descent,5919.709819843724,5929.400260517552,直连,,76.2845662056308,122.0
P00158,leg2-cruise,5921.868173854899,5931.686799900697,直连,,104.11249625163042,122.0
P00009,leg2-cruise,5922.483337909977,5927.448506141709,直连,,110.48668874848093,122.0
P00030,leg2-descent,5926.081738703282,5935.8901119942975,直连,,57.82852039441878,122.0
P00009,leg2-cruise,5927.448506141709,5932.413674373441,直连,,110.29042132344503,122.0
P00149,leg2-descent,5929.400260517552,5939.0907011913805,直连,,72.21730887279045,122.0
P00158,leg2-cruise,5931.686799900697,5941.505425946494,直连,,103.44848484892461,122.0
P00009,leg2-cruise,5932.413674373441,5942.344010836905,直连,,110.08964405057674,122.0
P00010,leg1-climb,5939.0,5948.935544433594,直连,,57.648261461862205,122.0
P00149,leg2-descent,5939.0907011913805,5948.781141865209,直连,,64.31881537331876,122.0
P00158,leg2-cruise,5941.505425946494,5951.324051992292,直连,,102.72991147153638,122.0
P00009,leg2-cruise,5942.344010836905,5952.274347300368,直连,,109.67370192740533,122.0
P00149,leg2-descent,5948.781141865209,5958.471582539037,直连,,57.992405658374466,122.0
P00010,leg1-climb,5948.935544433594,5958.871088867188,直连,,64.79418090036506,122.0
P00158,leg2-cruise,5951.324051992292,5961.14267803809,直连,,101.94709420372484,122.0
P00009,leg2-cruise,5952.274347300368,5962.204683763832,直连,,109.23698722344098,122.0
P00010,leg1-climb,5958.871088867188,5968.806633300781,直连,,72.5392792905325,122.0
P00158,leg2-cruise,5961.14267803809,5970.961304083888,直连,,101.08755538491656,122.0
P00009,leg2-cruise,5962.204683763832,5972.135020227295,直连,,108.77733354222242,122.0
P00010,leg1-climb,5968.806633300781,5978.742177734375,直连,,76.56742174374384,122.0
P00158,leg2-cruise,5970.961304083888,5980.779930129685,直连,,100.13484872048119,122.0
P00009,leg2-cruise,5972.135020227295,5982.065356690759,直连,,108.29222026210765,122.0
P00010,leg1-climb,5978.742177734375,5988.6777221679695,直连,,79.30870085577789,122.0
P00158,leg2-cruise,5980.779930129685,5990.598556175483,直连,,99.06671421641943,122.0
P00009,leg2-cruise,5982.065356690759,5991.995693154223,直连,,107.77869176600413,122.0
P00010,leg1-climb,5988.6777221679695,5998.613266601563,直连,,81.38921901612474,122.0
P00158,leg2-cruise,5990.598556175483,6000.417182221281,直连,,97.8520566432842,122.0
P00009,leg2-cruise,5991.995693154223,6001.926029617686,直连,,107.23325259263243,122.0
P00010,leg1-climb,5998.613266601563,6008.548811035156,直连,,83.06644334302965,122.0
P00158,leg2-cruise,6000.417182221281,6010.235808267079,直连,,96.44576962711744,122.0
P00009,leg2-cruise,6001.926029617686,6011.85636608115,直连,,106.65172951110124,122.0
P00010,leg1-climb,6008.548811035156,6018.48435546875,直连,,84.4716236632006,122.0
P00158,leg2-cruise,6010.235808267079,6020.054434312877,直连,,94.77944721369933,122.0
P00009,leg2-cruise,6011.85636608115,6021.786702544613,直连,,106.02908743719729,122.0
P00010,leg1-cruise,6018.48435546875,6028.302911267177,直连,,85.77832994657814,122.0
P00158,leg2-cruise,6020.054434312877,6029.873060358675,直连,,92.74417043864779,122.0
P00009,leg2-cruise,6021.786702544613,6031.717039008077,直连,,105.35917984044623,122.0
P00010,leg1-cruise,6028.302911267177,6033.21218916639,直连,,88.23844058233266,122.0
P00158,leg2-cruise,6029.873060358675,6039.691686404472,直连,,90.16068595088801,122.0
P00009,leg2-cruise,6031.717039008077,6036.682207239809,直连,,104.63440450446237,122.0
P00010,leg1-cruise,6033.21218916639,6038.121467065603,直连,,89.98267685951315,122.0
P00009,leg2-cruise,6036.682207239809,6041.647375471541,直连,,104.24855258174799,122.0
P00010,leg1-cruise,6038.121467065603,6043.030744964815,直连,,91.56939099887555,122.0
P00158,leg2-cruise,6039.691686404472,6049.51031245027,直连,,86.77063365844988,122.0
P00009,leg2-cruise,6041.647375471541,6046.612543703272,直连,,103.8452200019996,122.0
P00010,leg1-cruise,6043.030744964815,6047.940022864029,直连,,92.97623616145333,122.0
P00009,leg2-cruise,6046.612543703272,6051.577711935004,直连,,103.42279788484709,122.0
P00010,leg1-cruise,6047.940022864029,6052.849300763242,直连,,94.22142823379538,122.0
P00158,leg2-cruise,6049.51031245027,6059.328938496068,直连,,82.88383902694989,122.0
P00009,leg2-cruise,6051.577711935004,6056.542880166736,直连,,102.97945347699726,122.0
P00010,leg1-cruise,6052.849300763242,6057.758578662455,直连,,95.3300884601214,122.0
P00009,leg2-cruise,6056.542880166736,6061.5080483984675,直连,,102.5130889289379,122.0
P00010,leg1-cruise,6057.758578662455,6062.667856561668,直连,,96.32511607664107,122.0
P00158,leg2-descent,6059.328938496068,6069.019379169897,直连,,81.13449505143431,122.0
P00009,leg2-cruise,6061.5080483984675,6066.473216630199,直连,,102.02129096611317,122.0
P00010,leg1-cruise,6062.667856561668,6067.577134460881,直连,,97.22542756081933,122.0
P00009,leg2-cruise,6066.473216630199,6071.438384861931,直连,,101.50126934083328,122.0
P00010,leg1-cruise,6067.577134460881,6072.486412360095,直连,,98.04620785723344,122.0
P00158,leg2-descent,6069.019379169897,6078.709819843724,直连,,79.04372855980807,122.0
P00009,leg2-cruise,6071.438384861931,6076.4035530936635,直连,,100.94978163144609,122.0
P00010,leg1-cruise,6072.486412360095,6077.395690259307,直连,,98.79958663833153,122.0
P00009,leg2-cruise,6076.4035530936635,6081.368721325395,直连,,100.36304185086225,122.0
P00010,leg1-cruise,6077.395690259307,6082.30496815852,直连,,99.49529573594951,122.0
P00158,leg2-descent,6078.709819843724,6088.400260517552,直连,,76.2845662056308,122.0
P00009,leg2-cruise,6081.368721325395,6086.333889557127,直连,,99.73661085743754,122.0
P00010,leg1-cruise,6082.30496815852,6087.214246057732,直连,,100.14120696850985,122.0
P00009,leg2-cruise,6086.333889557127,6091.299057788859,直连,,99.06526869936755,122.0
P00010,leg1-cruise,6087.214246057732,6092.123523956945,直连,,100.74374826287135,122.0
P00158,leg2-descent,6088.400260517552,6098.0907011913805,直连,,72.21730887279045,122.0
P00009,leg2-cruise,6091.299057788859,6096.26422602059,直连,,98.34287500376402,122.0
P00010,leg1-cruise,6092.123523956945,6097.032801856159,直连,,101.308219743799,122.0
P00009,leg2-cruise,6096.26422602059,6101.229394252322,直连,,97.56223849825516,122.0
P00010,leg1-cruise,6097.032801856159,6101.942079755372,直连,,101.83903309574715,122.0
P00158,leg2-descent,6098.0907011913805,6107.781141865209,直连,,64.31881537331876,122.0
P00009,leg2-cruise,6101.229394252322,6106.194562484054,直连,,96.71505276021344,122.0
P00010,leg1-cruise,6101.942079755372,6106.851357654585,直连,,102.33989352433917,122.0
P00009,leg2-cruise,6106.194562484054,6111.159730715785,直连,,95.79204077620399,122.0
P00010,leg1-cruise,6106.851357654585,6111.760635553797,直连,,102.81393907370442,122.0
P00158,leg2-descent,6107.781141865209,6117.471582539037,直连,,57.992405658374466,122.0
P00009,leg2-cruise,6111.159730715785,6116.124898947517,直连,,94.78365360872156,122.0
P00010,leg1-cruise,6111.760635553797,6116.669913453011,直连,,103.26384821648568,122.0
P00009,leg2-cruise,6116.124898947517,6121.09006717925,直连,,93.6821475183337,122.0
P00010,leg1-cruise,6116.669913453011,6121.579191352224,直连,,103.69192370645797,122.0
P00009,leg2-cruise,6121.09006717925,6126.055235410981,直连,,92.48696591046098,122.0
P00010,leg1-cruise,6121.579191352224,6126.488469251437,直连,,104.1001585359377,122.0
P00009,leg2-cruise,6126.055235410981,6131.020403642713,直连,,91.21763636207842,122.0
P00010,leg1-cruise,6126.488469251437,6136.307025049863,直连,,104.67904622887042,122.0
P00009,leg2-cruise,6131.020403642713,6145.915908337908,直连,,89.9415160682766,122.0
P00010,leg1-cruise,6136.307025049863,6146.125580848289,直连,,105.22213121677132,122.0
P00009,leg2-descent,6145.915908337908,6155.750592790979,直连,,87.6839083685068,122.0
P00010,leg1-cruise,6146.125580848289,6155.944136646715,直连,,105.89759337188823,122.0
P00009,leg2-descent,6155.750592790979,6165.585277244049,直连,,86.94345022898953,122.0
P00010,leg1-cruise,6155.944136646715,6165.7626924451415,直连,,106.52467861678264,122.0
P00009,leg2-descent,6165.585277244049,6175.41996169712,直连,,86.13393665515129,122.0
P00010,leg1-cruise,6165.7626924451415,6170.671970344354,直连,,107.10981055776013,122.0
P00014,leg1-climb,6169.0,6178.196050686306,直连,,55.91035384805278,122.0
P00010,leg1-cruise,6170.671970344354,6175.581248243568,直连,,107.38831720476071,122.0
P00009,leg2-descent,6175.41996169712,6185.254646150192,直连,,85.24115009532233,122.0
P00010,leg1-cruise,6175.581248243568,6180.490526142781,直连,,107.65822030950676,122.0
P00014,leg1-climb,6178.196050686306,6187.392101372613,直连,,66.65528399300692,122.0
P00010,leg1-cruise,6180.490526142781,6185.399804041994,直连,,107.92003269440035,122.0
P00009,leg2-descent,6185.254646150192,6195.089330603262,直连,,84.24597298414321,122.0
P00010,leg1-cruise,6185.399804041994,6190.309081941206,直连,,108.17422289286787,122.0
P00014,leg1-climb,6187.392101372613,6196.588152058919,直连,,73.85289434168764,122.0
P00010,leg1-cruise,6190.309081941206,6195.21835984042,直连,,108.42122008087901,122.0
P00009,leg2-descent,6195.089330603262,6204.924015056333,直连,,83.12184026148137,122.0
P00010,leg1-cruise,6195.21835984042,6200.127637739633,直连,,108.66141834410172,122.0
P00014,leg1-climb,6196.588152058919,6205.784202745225,直连,,77.73409680378482,122.0
P00010,leg1-cruise,6200.127637739633,6205.036915638846,直连,,108.89518038472269,122.0
P00009,leg2-descent,6204.924015056333,6214.758699509403,直连,,81.83028557111494,122.0
P00010,leg1-cruise,6205.036915638846,6209.946193538059,直连,,109.12284075356702,122.0
P00014,leg1-climb,6205.784202745225,6214.980253431532,直连,,80.40713379023344,122.0
P00010,leg1-cruise,6209.946193538059,6214.855471437271,直连,,109.34470867830622,122.0
P00009,leg2-descent,6214.758699509403,6224.593383962474,直连,,80.31256295549159,122.0
P00010,leg1-cruise,6214.855471437271,6219.764749336484,直连,,109.5610705466097,122.0
P00014,leg1-climb,6214.980253431532,6224.176304117838,直连,,82.44823755787534,122.0
P00010,leg1-cruise,6219.764749336484,6224.674027235697,直连,,109.77219209334196,122.0
P00014,leg1-cruise,6224.176304117838,6234.094404539836,直连,,84.32132684744121,122.0
P00009,leg2-descent,6224.593383962474,6234.428068415545,直连,,78.47228799685642,122.0
P00010,leg1-cruise,6224.674027235697,6234.4925830341235,直连,,109.97832033300577,122.0
P00014,leg1-cruise,6234.094404539836,6239.053454750836,直连,,87.51771967881116,122.0
P00009,leg2-descent,6234.428068415545,6244.262752868616,直连,,76.13430797789184,122.0
P00010,leg1-cruise,6234.4925830341235,6244.31113883255,直连,,110.47326685678915,122.0
P00014,leg1-cruise,6239.053454750836,6248.971555172833,直连,,89.54640462328027,122.0
P00009,leg2-descent,6244.262752868616,6254.097437321687,直连,,72.9254086616599,122.0
P00010,leg1-cruise,6244.31113883255,6249.220416731763,直连,,110.75727604318018,122.0
P00014,leg1-cruise,6248.971555172833,6253.930605383832,直连,,92.80891723362758,122.0
P00010,leg1-cruise,6249.220416731763,6254.129694630976,直连,,110.94159760039797,122.0
P00014,leg1-cruise,6253.930605383832,6258.88965559483,直连,,94.11913191136787,122.0
P00009,leg2-descent,6254.097437321687,6263.932121774757,直连,,67.78114440364479,122.0
P00010,leg1-cruise,6254.129694630976,6259.038972530188,直连,,111.12209864093705,122.0
P00014,leg1-cruise,6258.88965559483,6263.84870580583,直连,,95.27136206508924,122.0
P00010,leg1-cruise,6259.038972530188,6263.948250429402,直连,,111.29893394926404,122.0
P00014,leg1-cruise,6263.84870580583,6268.807756016829,直连,,96.29680529283164,122.0
P00009,leg2-descent,6263.932121774757,6273.766806227828,直连,,53.444383643703716,122.0
P00010,leg1-cruise,6263.948250429402,6268.857528328615,直连,,111.47224911208797,122.0
P00014,leg1-cruise,6268.807756016829,6273.766806227828,直连,,97.21909925652433,122.0
P00010,leg1-cruise,6268.857528328615,6273.766806227828,直连,,111.64218123128407,122.0
P00009,leg2-descent,6273.766806227828,6281.185491467791,直连,,62.04874538804381,122.0
P00010,leg1-cruise,6273.766806227828,6278.676084127041,直连,,121.80885956922042,122.0
P00014,leg1-cruise,6273.766806227828,6283.516846642093,直连,,98.04946362932904,122.0
P00010,leg1-cruise,6278.676084127041,6283.585362026254,中继,RU-004,121.97240613400788,122.0
P00014,leg1-cruise,6283.516846642093,6288.391866849224,直连,,99.49875914859959,122.0
P00010,leg1-cruise,6283.585362026254,6288.494639925468,中继,RU-004,122.13293621124726,122.0
P00014,leg1-cruise,6288.391866849224,6293.266887056357,直连,,100.1437189505914,122.0
P00010,leg1-cruise,6288.494639925468,6293.40391782468,中继,RU-004,122.29055884803452,122.0
P00014,leg1-cruise,6293.266887056357,6298.141907263489,直连,,100.744965555715,122.0
P00010,leg1-cruise,6293.40391782468,6298.313195723893,中继,RU-004,122.4453772942486,122.0
P00014,leg1-cruise,6298.141907263489,6303.016927470621,直连,,101.30794739805941,122.0
P00010,leg1-cruise,6298.313195723893,6303.222473623106,中继,RU-004,122.59748940558434,122.0
P00014,leg1-cruise,6303.016927470621,6307.891947677754,直连,,101.83717102515348,122.0
P00010,leg1-cruise,6303.222473623106,6308.13175152232,中继,RU-004,122.74698801221301,122.0
P00014,leg1-cruise,6307.891947677754,6312.766967884885,直连,,102.33640268256762,122.0
P00010,leg1-cruise,6308.13175152232,6313.041029421533,中继,RU-004,122.89396125653258,122.0
P00014,leg1-cruise,6312.766967884885,6317.6419880920175,直连,,102.80881967546038,122.0
P00010,leg1-cruise,6313.041029421533,6317.950307320745,中继,RU-004,123.03849290306478,122.0
P00014,leg1-cruise,6317.6419880920175,6322.51700829915,直连,,103.25712551476748,122.0
P00010,leg1-cruise,6317.950307320745,6322.859585219959,中继,RU-004,123.18066262319356,122.0
P00014,leg1-cruise,6322.51700829915,6327.392028506281,直连,,103.68363860183631,122.0
P00010,leg1-cruise,6322.859585219959,6327.768863119172,中继,RU-004,123.32054625716532,122.0
P00014,leg1-cruise,6327.392028506281,6332.267048713414,直连,,104.09036132746981,122.0
P00010,leg1-cruise,6327.768863119172,6332.678141018385,中继,RU-004,123.45821605548987,122.0
P00014,leg1-cruise,6332.267048713414,6342.017089127678,直连,,104.66708580552431,122.0
P00010,leg1-cruise,6332.678141018385,6342.496696816811,中继,RU-004,123.59374090164397,122.0
P00014,leg1-cruise,6342.017089127678,6346.892109334811,直连,,105.20813866958468,122.0
P00010,leg1-cruise,6342.496696816811,6347.4059747160245,中继,RU-004,123.85861565509138,122.0
P00014,leg1-cruise,6346.892109334811,6351.767129541942,直连,,105.55109228110452,122.0
P00010,leg1-cruise,6347.4059747160245,6352.315252615237,中继,RU-004,123.98808826980303,122.0
P00014,leg1-cruise,6351.767129541942,6356.642149749075,直连,,115.88109269612984,122.0
P00010,leg1-cruise,6352.315252615237,6357.22453051445,中继,RU-004,124.11566168670136,122.0
P00014,leg1-cruise,6356.642149749075,6361.517169956207,直连,,116.19907770929412,122.0
P00010,leg1-cruise,6357.22453051445,6362.133808413663,中继,RU-004,124.24139075062705,122.0
P00014,leg1-cruise,6361.517169956207,6366.3921901633385,直连,,116.50588733571087,122.0
P00010,leg1-cruise,6362.133808413663,6367.043086312877,中继,RU-004,124.36532796733609,122.0
P00014,leg1-cruise,6366.3921901633385,6371.267210370471,直连,,116.80227688223425,122.0
P00010,leg1-cruise,6367.043086312877,6371.952364212089,中继,RU-004,124.48752363449132,122.0
P00014,leg1-cruise,6371.267210370471,6376.142230577603,直连,,117.08892791547413,122.0
P00010,leg1-descent,6371.952364212089,6381.33885626008,中继,RU-004,124.54747938087219,122.0
P00014,leg1-cruise,6376.142230577603,6381.017250784736,直连,,117.36645751809847,122.0
P00018,leg1-climb,6381.0,6390.314541965061,直连,,55.65795923119984,122.0
P00014,leg1-cruise,6381.017250784736,6385.892270991868,直连,,117.63542614292373,122.0
P00010,leg1-descent,6381.33885626008,6390.725348308071,中继,RU-004,124.54655250855966,122.0
P00014,leg1-cruise,6385.892270991868,6390.767291198999,直连,,117.89634431110875,122.0
P00018,leg1-climb,6390.314541965061,6399.629083930122,直连,,66.86922826520852,122.0
P00010,leg1-descent,6390.725348308071,6400.111840356062,中继,RU-004,124.54573426508396,122.0
P00014,leg1-cruise,6390.767291198999,6400.517331613264,直连,,118.14967835202914,122.0
P00018,leg1-climb,6399.629083930122,6408.943625895183,直连,,74.00910738820333,122.0
P00010,leg1-descent,6400.111840356062,6409.498332404054,中继,RU-004,124.54502471189024,122.0
P00014,leg1-cruise,6400.517331613264,6410.267372027528,直连,,118.63526738653452,122.0
P00018,leg1-climb,6408.943625895183,6418.258167860243,直连,,77.87411716140885,122.0
P00010,leg1-descent,6409.498332404054,6418.884824452045,中继,RU-004,124.54442390228347,122.0
P00014,leg1-cruise,6410.267372027528,6420.017412441793,直连,,119.20650045663403,122.0
P00018,leg1-climb,6418.258167860243,6427.572709825304,直连,,80.53952980400848,122.0
P00010,leg1-descent,6418.884824452045,6428.271316500036,中继,RU-004,124.54393188141522,122.0
P00014,leg1-cruise,6420.017412441793,6429.7674528560565,直连,,119.5320785710184,122.0
P00018,leg1-climb,6427.572709825304,6436.887251790365,直连,,82.57619955923667,122.0
P00010,leg1-descent,6428.271316500036,6437.657808548027,中继,RU-004,124.5435486862723,122.0
P00014,leg1-cruise,6429.7674528560565,6439.517493270321,直连,,119.94806796202377,122.0
P00018,leg1-cruise,6436.887251790365,6445.213332417768,直连,,84.15415494060454,122.0
P00010,S005-handoff,6437.657808548027,6445.8297778238975,中继,RU-004,124.54339790767136,122.0
P00014,leg1-cruise,6439.517493270321,6449.267533684585,直连,,120.34508075723599,122.0
P00018,leg1-cruise,6445.213332417768,6453.5394130451705,直连,,87.60534032741776,122.0
P00010,S005-handoff,6445.8297778238975,6454.001747099767,中继,RU-004,124.54339790767136,122.0
P00014,leg1-cruise,6449.267533684585,6454.142553891717,直连,,120.72476983411919,122.0
P00018,leg1-cruise,6453.5394130451705,6461.8654936725725,直连,,90.82035729540834,122.0
P00010,S005-handoff,6454.001747099767,6462.173716375638,中继,RU-004,124.54339790767136,122.0
P00014,leg1-cruise,6454.142553891717,6463.892594305982,直连,,120.90857706052402,122.0
P00018,leg1-cruise,6461.8654936725725,6470.191574299975,直连,,93.33560013872977,122.0
P00010,S005-handoff,6462.173716375638,6470.345685651508,中继,RU-004,124.54339790767136,122.0
P00014,leg1-cruise,6463.892594305982,6473.642634720246,直连,,121.2649369749221,122.0
P00018,leg1-cruise,6470.191574299975,6478.517654927378,直连,,95.33909994512855,122.0
P00010,S005-handoff,6470.345685651508,6478.517654927378,中继,RU-004,124.54339790767136,122.0
P00014,leg1-cruise,6473.642634720246,6478.517654927378,直连,,121.60727191313958,122.0
P00010,S005-handoff,6478.517654927378,6488.382659194618,中继,RU-004,124.54339790767136,122.0
P00014,leg1-cruise,6478.517654927378,6483.408834750639,直连,,121.77378913094003,122.0
P00018,leg1-cruise,6478.517654927378,6488.262969052251,直连,,96.66984129871278,122.0
P00014,leg1-cruise,6483.408834750639,6488.300014573899,中继,RU-004,121.93744609050815,122.0
P00018,leg1-cruise,6488.262969052251,6493.1356261146875,直连,,98.33667498308832,122.0
P00014,leg1-cruise,6488.300014573899,6498.08237422042,中继,RU-004,122.17729846241535,122.0
P00010,S005-handoff,6488.382659194618,6498.247663461859,中继,RU-004,124.54339790767136,122.0
P00018,leg1-cruise,6493.1356261146875,6502.88094023956,直连,,99.06713878814142,122.0
P00014,leg1-cruise,6498.08237422042,6502.97355404368,中继,RU-004,122.41071303569954,122.0
P00010,S005-handoff,6498.247663461859,6508.1126677290995,中继,RU-004,124.54339790767136,122.0
P00018,leg1-cruise,6502.88094023956,6507.753597301997,直连,,100.37001032831071,122.0
P00014,leg1-cruise,6502.97355404368,6507.864733866941,中继,RU-004,122.56291328673377,122.0
P00018,leg1-cruise,6507.753597301997,6512.626254364433,直连,,100.95613897717544,122.0
P00014,leg1-cruise,6507.864733866941,6512.755913690201,中继,RU-004,122.71249539279307,122.0
P00010,S005-handoff,6508.1126677290995,6517.977671996339,中继,RU-004,124.54339790767136,122.0
P00018,leg1-cruise,6512.626254364433,6517.49891142687,直连,,101.50583253571669,122.0
P00014,leg1-cruise,6512.755913690201,6517.647093513461,中继,RU-004,122.85954780486459,122.0
P00018,leg1-cruise,6517.49891142687,6522.371568489307,直连,,102.02328920221504,122.0
P00014,leg1-cruise,6517.647093513461,6527.429453159983,中继,RU-004,123.07556596867194,122.0
P00010,S005-handoff,6517.977671996339,6527.842676263579,中继,RU-004,124.54339790767136,122.0
P00018,leg1-cruise,6522.371568489307,6532.116882614179,直连,,102.51203147795025,122.0
P00014,leg1-cruise,6527.429453159983,6532.320632983243,中继,RU-004,123.28634704053479,122.0
P00010,S005-handoff,6527.842676263579,6537.70768053082,中继,RU-004,124.54339790767136,122.0
P00018,leg1-cruise,6532.116882614179,6536.989539676616,直连,,103.41486571646179,122.0
P00014,leg1-cruise,6532.320632983243,6537.211812806503,中继,RU-004,123.42408129623246,122.0
P00018,leg1-cruise,6536.989539676616,6546.7348538014885,直连,,104.03583578264836,122.0
P00014,leg1-cruise,6537.211812806503,6542.102992629763,中继,RU-004,123.55966747750654,122.0
P00010,S005-handoff,6537.70768053082,6547.57268479806,中继,RU-004,124.54339790767136,122.0
P00014,leg1-cruise,6542.102992629763,6546.994172453024,中继,RU-004,123.69317149536668,122.0
P00018,leg1-cruise,6546.7348538014885,6551.607510863925,直连,,104.6156996931012,122.0
P00014,leg1-cruise,6546.994172453024,6551.885352276284,中继,RU-004,123.82465627572984,122.0
P00010,S005-handoff,6547.57268479806,6557.4376890653,中继,RU-004,124.54339790767136,122.0
P00018,leg1-cruise,6551.607510863925,6556.480167926362,直连,,104.9819799458035,122.0
P00014,leg1-cruise,6551.885352276284,6556.776532099544,中继,RU-004,123.95418193683868,122.0
P00018,leg1-cruise,6556.480167926362,6561.352824988799,直连,,105.33353767666067,122.0
P00014,leg1-cruise,6556.776532099544,6561.667711922804,中继,RU-004,124.08180595371152,122.0
P00010,S005-handoff,6557.4376890653,6567.30269333254,中继,RU-004,124.54339790767136,122.0
P00018,leg1-cruise,6561.352824988799,6566.225482051234,直连,,105.67150353017207,122.0
P00014,leg1-cruise,6561.667711922804,6566.5588917460655,中继,RU-004,124.20758331073095,122.0
P00018,leg1-cruise,6566.225482051234,6571.098139113671,直连,,115.99688347778024,122.0
P00014,leg1-cruise,6566.5588917460655,6571.450071569326,中继,RU-004,124.33156664338517,122.0
P00010,S005-handoff,6567.30269333254,6577.167697599781,中继,RU-004,124.54339790767136,122.0
P00018,leg1-cruise,6571.098139113671,6575.970796176108,直连,,116.31057639421144,122.0
P00014,leg1-cruise,6571.450071569326,6576.341251392586,中继,RU-004,124.45380637008202,122.0
P00018,leg1-cruise,6575.970796176108,6580.843453238544,直连,,116.6133886591817,122.0
P00014,leg1-cruise,6576.341251392586,6581.232431215846,中继,RU-004,124.57435081484768,122.0
P00010,S005-handoff,6577.167697599781,6587.032701867021,中继,RU-004,124.54339790767136,122.0
P00018,leg1-cruise,6580.843453238544,6585.71611030098,直连,,116.90604636541617,122.0
P00014,leg1-cruise,6581.232431215846,6586.123611039106,中继,RU-004,124.69324632165586,122.0
P00018,leg1-cruise,6585.71611030098,6590.588767363417,直连,,117.18920558651597,122.0
P00014,leg1-cruise,6586.123611039106,6591.014790862368,中继,RU-004,124.81053736107583,122.0
P00010,S005-handoff,6587.032701867021,6596.897706134261,中继,RU-004,124.54339790767136,122.0
P00018,leg1-cruise,6590.588767363417,6595.461424425854,直连,,117.46346106151451,122.0
P00014,leg1-cruise,6591.014790862368,6595.905970685628,中继,RU-004,124.92626662982772,122.0
P00018,leg1-cruise,6595.461424425854,6600.33408148829,直连,,117.72935357905669,122.0
P00014,leg1-cruise,6595.905970685628,6600.797150508888,中继,RU-004,125.04047514382842,122.0
P00010,S005-handoff,6596.897706134261,6606.762710401501,中继,RU-004,124.54339790767136,122.0
P00018,leg1-cruise,6600.33408148829,6605.206738550726,直连,,117.98737628707283,122.0
P00014,leg1-cruise,6600.797150508888,6605.688330332148,中继,RU-004,125.15320232520963,122.0
P00018,leg1-cruise,6605.206738550726,6610.079395613163,直连,,118.23798010960452,122.0
P00014,leg1-descent,6605.688330332148,6614.118851979284,中继,RU-004,125.20863053121289,122.0
P00010,S005-handoff,6606.762710401501,6616.627714668742,中继,RU-004,124.54339790767136,122.0
P00018,leg1-cruise,6610.079395613163,6614.9520526756,直连,,118.48157841762712,122.0
P00014,leg1-descent,6614.118851979284,6622.549373626419,中继,RU-004,125.20793517560105,122.0
P00018,leg1-cruise,6614.9520526756,6624.697366800472,直连,,118.83466320099902,122.0
P00010,S005-handoff,6616.627714668742,6626.492718935982,中继,RU-004,124.54339790767136,122.0
P00014,leg1-descent,6622.549373626419,6630.979895273555,中继,RU-004,125.20735749522541,122.0
P00018,leg1-descent,6624.697366800472,6633.023542337582,直连,,119.06072631383192,122.0
P00010,S005-handoff,6626.492718935982,6636.357723203222,中继,RU-004,124.54339790767136,122.0
P00014,S009-handoff,6630.979895273555,6640.979895273555,中继,RU-004,125.20711279830486,122.0
P00018,leg1-descent,6633.023542337582,6641.349717874691,直连,,119.05784246975782,122.0
P00010,S005-handoff,6636.357723203222,6646.222727470462,中继,RU-004,124.54339790767136,122.0
P00014,S009-handoff,6640.979895273555,6650.979895273555,中继,RU-004,125.20711279830486,122.0
P00018,leg1-descent,6641.349717874691,6649.6758934118,直连,,119.05543039330306,122.0
P00010,S005-handoff,6646.222727470462,6656.087731737703,中继,RU-004,124.54339790767136,122.0
P00018,leg1-descent,6649.6758934118,6658.002068948909,直连,,119.05349087188549,122.0
P00014,S009-handoff,6650.979895273555,6660.979895273555,中继,RU-004,125.20711279830486,122.0
P00010,S005-handoff,6656.087731737703,6665.952736004943,中继,RU-004,124.54339790767136,122.0
P00018,S011-handoff,6658.002068948909,6668.002068948909,直连,,119.05269852342448,122.0
P00014,S009-handoff,6660.979895273555,6670.979895273555,中继,RU-004,125.20711279830486,122.0
P00010,S005-handoff,6665.952736004943,6675.817740272183,中继,RU-004,124.54339790767136,122.0
P00018,S011-handoff,6668.002068948909,6678.002068948909,直连,,119.05269852342448,122.0
P00014,S009-handoff,6670.979895273555,6680.979895273555,中继,RU-004,125.20711279830486,122.0
P00010,S005-handoff,6675.817740272183,6685.682744539423,中继,RU-004,124.54339790767136,122.0
P00018,S011-handoff,6678.002068948909,6688.002068948909,直连,,119.05269852342448,122.0
P00014,S009-handoff,6680.979895273555,6690.979895273555,中继,RU-004,125.20711279830486,122.0
P00010,S005-handoff,6685.682744539423,6695.547748806664,中继,RU-004,124.54339790767136,122.0
P00018,S011-handoff,6688.002068948909,6698.002068948909,直连,,119.05269852342448,122.0
P00014,S009-handoff,6690.979895273555,6700.979895273555,中继,RU-004,125.20711279830486,122.0
P00010,S005-handoff,6695.547748806664,6705.412753073904,中继,RU-004,124.54339790767136,122.0
P00018,S011-handoff,6698.002068948909,6708.002068948909,直连,,119.05269852342448,122.0
P00014,S009-handoff,6700.979895273555,6710.979895273555,中继,RU-004,125.20711279830486,122.0
P00010,S005-handoff,6705.412753073904,6715.277757341144,中继,RU-004,124.54339790767136,122.0
P00018,S011-handoff,6708.002068948909,6718.002068948909,直连,,119.05269852342448,122.0
P00014,S009-handoff,6710.979895273555,6720.979895273555,中继,RU-004,125.20711279830486,122.0
P00010,S005-handoff,6715.277757341144,6725.142761608384,中继,RU-004,124.54339790767136,122.0
P00018,S011-handoff,6718.002068948909,6728.002068948909,直连,,119.05269852342448,122.0
P00014,S009-handoff,6720.979895273555,6730.979895273555,中继,RU-004,125.20711279830486,122.0
P00010,S005-handoff,6725.142761608384,6735.0077658756245,中继,RU-004,124.54339790767136,122.0
P00018,S011-handoff,6728.002068948909,6738.002068948909,直连,,119.05269852342448,122.0
P00014,S009-handoff,6730.979895273555,6740.979895273555,中继,RU-004,125.20711279830486,122.0
P00010,S005-handoff,6735.0077658756245,6744.872770142865,中继,RU-004,124.54339790767136,122.0
P00018,S011-handoff,6738.002068948909,6748.002068948909,直连,,119.05269852342448,122.0
P00014,S009-handoff,6740.979895273555,6750.979895273555,中继,RU-004,125.20711279830486,122.0
P00010,S005-handoff,6744.872770142865,6754.737774410105,中继,RU-004,124.54339790767136,122.0
P00018,S011-handoff,6748.002068948909,6758.002068948909,直连,,119.05269852342448,122.0
P00014,S009-handoff,6750.979895273555,6760.979895273555,中继,RU-004,125.20711279830486,122.0
P00010,S005-handoff,6754.737774410105,6764.602778677345,中继,RU-004,124.54339790767136,122.0
P00018,S011-handoff,6758.002068948909,6768.002068948909,直连,,119.05269852342448,122.0
P00014,S009-handoff,6760.979895273555,6770.979895273555,中继,RU-004,125.20711279830486,122.0
P00010,S005-handoff,6764.602778677345,6774.467782944585,中继,RU-004,124.54339790767136,122.0
P00018,S011-handoff,6768.002068948909,6778.002068948909,直连,,119.05269852342448,122.0
P00014,S009-handoff,6770.979895273555,6780.979895273555,中继,RU-004,125.20711279830486,122.0
P00010,S005-handoff,6774.467782944585,6784.332787211826,中继,RU-004,124.54339790767136,122.0
P00018,S011-handoff,6778.002068948909,6788.002068948909,直连,,119.05269852342448,122.0
P00014,S009-handoff,6780.979895273555,6790.979895273555,中继,RU-004,125.20711279830486,122.0
P00010,S005-handoff,6784.332787211826,6794.197791479066,中继,RU-004,124.54339790767136,122.0
P00018,S011-handoff,6788.002068948909,6798.002068948909,直连,,119.05269852342448,122.0
P00014,S009-handoff,6790.979895273555,6800.979895273555,中继,RU-004,125.20711279830486,122.0
P00010,S005-handoff,6794.197791479066,6804.062795746306,中继,RU-004,124.54339790767136,122.0
P00018,S011-handoff,6798.002068948909,6808.002068948909,直连,,119.05269852342448,122.0
P00014,S009-handoff,6800.979895273555,6810.979895273555,中继,RU-004,125.20711279830486,122.0
P00010,S005-handoff,6804.062795746306,6813.927800013546,中继,RU-004,124.54339790767136,122.0
P00018,S011-handoff,6808.002068948909,6818.002068948909,直连,,119.05269852342448,122.0
P00014,S009-handoff,6810.979895273555,6820.979895273555,中继,RU-004,125.20711279830486,122.0
P00010,S005-handoff,6813.927800013546,6823.792804280787,中继,RU-004,124.54339790767136,122.0
P00018,S011-handoff,6818.002068948909,6828.002068948909,直连,,119.05269852342448,122.0
P00014,S009-handoff,6820.979895273555,6830.979895273555,中继,RU-004,125.20711279830486,122.0
P00010,S005-handoff,6823.792804280787,6833.657808548027,中继,RU-004,124.54339790767136,122.0
P00018,S011-handoff,6828.002068948909,6838.002068948909,直连,,119.05269852342448,122.0
P00014,S009-handoff,6830.979895273555,6840.979895273555,中继,RU-004,125.20711279830486,122.0
P00010,leg2-climb,6833.657808548027,6842.418534459485,中继,RU-004,124.54357646190562,122.0
P00018,S011-handoff,6838.002068948909,6848.002068948909,直连,,119.05269852342448,122.0
P00014,S009-handoff,6840.979895273555,6850.979895273555,中继,RU-004,125.20711279830486,122.0
P00010,leg2-climb,6842.418534459485,6851.179260370944,中继,RU-004,124.5440446855257,122.0
P00018,S011-handoff,6848.002068948909,6858.002068948909,直连,,119.05269852342448,122.0
P00014,S009-handoff,6850.979895273555,6860.979895273555,中继,RU-004,125.20711279830486,122.0
P00010,leg2-climb,6851.179260370944,6859.939986282402,中继,RU-004,124.54466102117179,122.0
P00018,S011-handoff,6858.002068948909,6868.002068948909,直连,,119.05269852342448,122.0
P00010,leg2-climb,6859.939986282402,6868.70071219386,中继,RU-004,124.54542540578734,122.0
P00014,S009-handoff,6860.979895273555,6870.979895273555,中继,RU-004,125.20711279830486,122.0
P00018,S011-handoff,6868.002068948909,6878.002068948909,直连,,119.05269852342448,122.0
P00010,leg2-climb,6868.70071219386,6877.461438105319,中继,RU-004,124.5463377611981,122.0
P00014,leg2-climb,6870.979895273555,6878.005329979501,中继,RU-004,125.20735749522541,122.0
P00010,leg2-climb,6877.461438105319,6886.222164016777,中继,RU-004,124.54739799413875,122.0
P00018,S011-handoff,6878.002068948909,6888.002068948909,直连,,119.05269852342448,122.0
P00014,leg2-climb,6878.005329979501,6892.056199391393,中继,RU-004,125.20793517560105,122.0
P00010,leg2-cruise,6886.222164016777,6891.13144191599,中继,RU-004,124.48752363449132,122.0
P00018,S011-handoff,6888.002068948909,6898.002068948909,直连,,119.05269852342448,122.0
P00010,leg2-cruise,6891.13144191599,6896.040719815203,中继,RU-004,124.36532796733609,122.0
P00014,leg2-cruise,6892.056199391393,6896.6737755218755,中继,RU-004,125.15633427853484,122.0
P00010,leg2-cruise,6896.040719815203,6900.949997714417,中继,RU-004,124.24139075062705,122.0
P00014,leg2-cruise,6896.6737755218755,6901.291351652358,中继,RU-004,125.04999017013166,122.0
P00018,leg2-climb,6898.002068948909,6907.253375101253,直连,,119.05378128032615,122.0
P00010,leg2-cruise,6900.949997714417,6905.8592756136295,中继,RU-004,124.11566168670136,122.0
P00014,leg2-cruise,6901.291351652358,6905.90892778284,中继,RU-004,124.9423287179791,122.0
P00010,leg2-cruise,6905.8592756136295,6910.768553512842,中继,RU-004,123.98808826980303,122.0
P00014,leg2-cruise,6905.90892778284,6910.526503913322,中继,RU-004,124.83331689899362,122.0
P00018,leg2-climb,6907.253375101253,6916.504681253597,直连,,119.05657740777539,122.0
P00014,leg2-cruise,6910.526503913322,6915.144080043804,中继,RU-004,124.72292043348224,122.0
P00010,leg2-cruise,6910.768553512842,6915.677831412055,中继,RU-004,123.85861565509138,122.0
P00014,leg2-cruise,6915.144080043804,6919.761656174286,中继,RU-004,124.6111037206217,122.0
P00010,leg2-cruise,6915.677831412055,6920.587109311267,中继,RU-004,123.72718651780004,122.0
P00018,leg2-climb,6916.504681253597,6925.755987405941,直连,,119.06021294952535,122.0
P00014,leg2-cruise,6919.761656174286,6924.379232304768,中继,RU-004,124.49782976973077,122.0
P00010,leg2-cruise,6920.587109311267,6925.496387210481,中继,RU-004,123.59374090164462,122.0
P00014,leg2-cruise,6924.379232304768,6928.99680843525,中继,RU-004,124.38306012703418,122.0
P00010,leg2-cruise,6925.496387210481,6930.405665109694,中继,RU-004,123.45821605548987,122.0
P00018,leg2-cruise,6925.755987405941,6930.643631955532,直连,,118.94889780393144,122.0
P00014,leg2-cruise,6928.99680843525,6938.2319606962155,中继,RU-004,124.20801330993473,122.0
P00010,leg2-cruise,6930.405665109694,6935.314943008907,中继,RU-004,123.32054625716532,122.0
P00018,leg2-cruise,6930.643631955532,6935.531276505123,直连,,118.71747240934283,122.0
P00010,leg2-cruise,6935.314943008907,6940.22422090812,中继,RU-004,123.18066262319356,122.0
P00018,leg2-cruise,6935.531276505123,6940.418921054715,直连,,118.47973099256372,122.0
P00014,leg2-cruise,6938.2319606962155,6947.46711295718,中继,RU-004,123.96899547423368,122.0
P00010,leg2-cruise,6940.22422090812,6945.133498807333,中继,RU-004,123.03849290306478,122.0
P00018,leg2-cruise,6940.418921054715,6945.306565604306,直连,,118.23532026699218,122.0
P00010,leg2-cruise,6945.133498807333,6950.042776706547,中继,RU-004,122.89396125653258,122.0
P00018,leg2-cruise,6945.306565604306,6950.194210153897,直连,,117.9838565565102,122.0
P00014,leg2-cruise,6947.46711295718,6952.084689087662,中继,RU-004,123.78531793335372,122.0
P00010,leg2-cruise,6950.042776706547,6954.952054605759,中继,RU-004,122.74698801221301,122.0
P00018,leg2-cruise,6950.194210153897,6955.081854703489,直连,,117.72492222055926,122.0
P00014,leg2-cruise,6952.084689087662,6956.702265218144,中继,RU-004,123.6606741291635,122.0
P00010,leg2-cruise,6954.952054605759,6959.861332504972,中继,RU-004,122.59748940558434,122.0
P00018,leg2-cruise,6955.081854703489,6959.96949925308,直连,,117.45806153983175,122.0
P00014,leg2-cruise,6956.702265218144,6961.319841348626,中继,RU-004,123.53421720322623,122.0
P00010,leg2-cruise,6959.861332504972,6964.7706104041845,中继,RU-004,122.4453772942486,122.0
P00018,leg2-cruise,6959.96949925308,6964.857143802671,直连,,117.18277596233973,122.0
P00014,leg2-cruise,6961.319841348626,6965.937417479108,中继,RU-004,123.40589368026518,122.0
P00010,leg2-cruise,6964.7706104041845,6969.679888303397,中继,RU-004,122.29055884803452,122.0
P00018,leg2-cruise,6964.857143802671,6969.744788352263,直连,,116.89851858730952,122.0
P00014,leg2-cruise,6965.937417479108,6970.55499360959,中继,RU-004,123.27564768619956,122.0
P00010,leg2-cruise,6969.679888303397,6974.589166202611,中继,RU-004,122.13293621124726,122.0
P00018,leg2-cruise,6969.744788352263,6974.632432901854,直连,,116.60468773621041,122.0
P00014,leg2-cruise,6970.55499360959,6975.1725697400725,中继,RU-004,123.14342080263768,122.0
P00010,leg2-cruise,6974.589166202611,6979.498444101824,中继,RU-004,121.97240613400788,122.0
P00018,leg2-cruise,6974.632432901854,6979.520077451445,直连,,116.30061942448599,122.0
P00014,leg2-cruise,6975.1725697400725,6979.790145870555,中继,RU-004,123.00915191018534,122.0
P00010,leg2-cruise,6979.498444101824,6984.407722001037,直连,,121.80885956922042,122.0
P00018,leg2-cruise,6979.520077451445,6984.407722001037,直连,,115.98557850192064,122.0
P00014,leg2-cruise,6979.790145870555,6984.407722001037,中继,RU-004,122.87277701951159,122.0
P00010,leg2-cruise,6984.407722001037,6993.112510199819,直连,,111.57688412278753,122.0
P00014,leg2-cruise,6984.407722001037,6993.112510199819,中继,RU-004,122.67219994606667,122.0
P00018,leg2-cruise,6984.407722001037,6993.112510199819,直连,,105.52773020569953,122.0
P00010,leg2-cruise,6993.112510199819,6997.46490429921,直连,,111.34843542557277,122.0
P00014,leg2-cruise,6993.112510199819,6997.46490429921,中继,RU-004,122.4710212054276,122.0
P00018,leg2-cruise,6993.112510199819,6997.46490429921,直连,,105.06410570925112,122.0
P00010,leg2-cruise,6997.46490429921,7001.8172983986005,直连,,111.19273668724527,122.0
P00014,leg2-cruise,6997.46490429921,7001.8172983986005,中继,RU-004,122.33426896042847,122.0
P00018,leg2-cruise,6997.46490429921,7001.8172983986005,直连,,104.7407798404326,122.0
P00010,leg2-cruise,7001.8172983986005,7010.5220865973815,直连,,110.95384065661318,122.0
P00014,leg2-cruise,7001.8172983986005,7006.1696924979915,中继,RU-004,122.1953318683188,122.0
P00018,leg2-cruise,7001.8172983986005,7010.5220865973815,直连,,104.23222828599455,122.0
P00014,leg2-cruise,7006.1696924979915,7010.5220865973815,中继,RU-004,122.05413907616915,122.0
P00010,leg2-cruise,7010.5220865973815,7019.226874796163,直连,,110.62476363394669,122.0
P00014,leg2-cruise,7010.5220865973815,7019.226874796163,直连,,121.83795679253608,122.0
P00018,leg2-cruise,7010.5220865973815,7019.226874796163,直连,,103.50470320305686,122.0
P00010,leg2-cruise,7019.226874796163,7024.019555186684,直连,,110.36079297823635,122.0
P00014,leg2-cruise,7019.226874796163,7024.118054619424,直连,,121.60699372721658,122.0
P00018,leg2-cruise,7019.226874796163,7028.660797558152,直连,,102.89950582000974,122.0
P00010,leg2-cruise,7024.019555186684,7028.812235577205,直连,,110.16835269973264,122.0
P00014,leg2-cruise,7024.118054619424,7029.009234442684,直连,,121.43693733931505,122.0
P00018,leg2-cruise,7028.660797558152,7033.377758939147,直连,,101.97144738365806,122.0
P00010,leg2-cruise,7028.812235577205,7033.604915967726,直连,,109.97156593946553,122.0
P00014,leg2-cruise,7029.009234442684,7033.900414265945,直连,,121.26349011889212,122.0
P00018,leg2-cruise,7033.377758939147,7038.09472032014,直连,,101.46796653685908,122.0
P00010,leg2-cruise,7033.604915967726,7038.397596358246,直连,,109.77023248901867,122.0
P00014,leg2-cruise,7033.900414265945,7038.791594089205,直连,,121.086514317323,122.0
P00018,leg2-cruise,7038.09472032014,7042.811681701134,直连,,100.93402299719543,122.0
P00010,leg2-cruise,7038.397596358246,7043.190276748766,直连,,109.56413803108195,122.0
P00014,leg2-cruise,7038.791594089205,7043.682773912466,直连,,120.90586363264774,122.0
P00018,leg2-cruise,7042.811681701134,7047.528643082129,直连,,100.36577161074898,122.0
P00010,leg2-cruise,7043.190276748766,7047.9829571392875,直连,,109.35305278705447,122.0
P00014,leg2-cruise,7043.682773912466,7048.573953735726,直连,,120.72138248776409,122.0
P00018,leg2-cruise,7047.528643082129,7052.2456044631235,直连,,99.75860973794825,122.0
P00010,leg2-cruise,7047.9829571392875,7057.568317920329,直连,,109.02652235615021,122.0
P00014,leg2-cruise,7048.573953735726,7053.465133558986,直连,,120.53290523096342,122.0
P00018,leg2-cruise,7052.2456044631235,7056.962565844117,直连,,99.1069715450199,122.0
P00014,leg2-cruise,7053.465133558986,7058.356313382246,直连,,120.34025524862679,122.0
P00018,leg2-cruise,7056.962565844117,7061.679527225111,直连,,98.40405114028488,122.0
P00010,leg2-cruise,7057.568317920329,7062.360998310849,直连,,108.6872894008915,122.0
P00014,leg2-cruise,7058.356313382246,7063.2474932055065,直连,,120.14324397823023,122.0
P00018,leg2-cruise,7061.679527225111,7066.396488606106,直连,,97.64142551125387,122.0
P00010,leg2-cruise,7062.360998310849,7067.15367870137,直连,,108.45357667880944,122.0
P00014,leg2-cruise,7063.2474932055065,7068.138673028768,直连,,119.94166980796439,122.0
P00018,leg2-cruise,7066.396488606106,7071.1134499871005,直连,,96.80853601445486,122.0
P00010,leg2-cruise,7067.15367870137,7071.946359091891,直连,,108.21343193393982,122.0
P00014,leg2-cruise,7068.138673028768,7073.029852852028,直连,,119.73531684700113,122.0
P00018,leg2-cruise,7071.1134499871005,7075.830411368094,直连,,95.89197238912384,122.0
P00010,leg2-cruise,7071.946359091891,7076.739039482412,直连,,107.96649295397857,122.0
P00014,leg2-cruise,7073.029852852028,7077.921032675288,直连,,119.52395354775173,122.0
P00018,leg2-cruise,7075.830411368094,7085.264334130083,直连,,94.32116421621762,122.0
P00010,leg2-cruise,7076.739039482412,7081.5317198729335,直连,,107.71236621657262,122.0
P00014,leg2-cruise,7077.921032675288,7082.812212498548,直连,,119.30733115829038,122.0
P00010,leg2-cruise,7081.5317198729335,7086.324400263454,直连,,107.4506231960884,122.0
P00014,leg2-cruise,7082.812212498548,7087.703392321809,直连,,119.08518197925402,122.0
P00018,leg2-cruise,7085.264334130083,7089.981295511077,直连,,92.44081913719121,122.0
P00010,leg2-cruise,7086.324400263454,7091.117080653974,直连,,107.18079611306379,122.0
P00014,leg2-cruise,7087.703392321809,7097.485751968329,直连,,118.74095787097,122.0
P00018,leg2-cruise,7089.981295511077,7094.698256892071,直连,,90.95968255353432,122.0
P00010,leg2-cruise,7091.117080653974,7095.909761044495,直连,,106.90237302310555,122.0
P00018,leg2-cruise,7094.698256892071,7099.415218273065,直连,,89.25186611113254,122.0
P00010,leg2-cruise,7095.909761044495,7105.495121825536,直连,,106.46737667624804,122.0
P00014,leg2-cruise,7097.485751968329,7102.37693179159,直连,,118.38256927582623,122.0
P00018,leg2-cruise,7099.415218273065,7104.13217965406,直连,,87.30463122056453,122.0
P00014,leg2-cruise,7102.37693179159,7107.268111614851,直连,,118.13518227680555,122.0
P00018,leg2-cruise,7104.13217965406,7113.566102416048,直连,,84.33724249607144,122.0
P00010,leg2-cruise,7105.495121825536,7110.287802216057,直连,,106.00961935964708,122.0
P00014,leg2-cruise,7107.268111614851,7112.159291438111,直连,,117.88056674461147,122.0
P00010,leg2-cruise,7110.287802216057,7115.080482606578,直连,,105.69058892333524,122.0
P00014,leg2-cruise,7112.159291438111,7117.050471261371,直连,,117.61828909788396,122.0
P00018,leg2-descent,7113.566102416048,7123.146774151539,直连,,82.70492023245703,122.0
P00010,leg2-cruise,7115.080482606578,7119.873162997099,直连,,105.3595035607373,122.0
P00014,leg2-cruise,7117.050471261371,7121.941651084631,直连,,117.34787569431475,122.0
P00010,leg2-cruise,7119.873162997099,7124.665843387619,直连,,105.01542597558014,122.0
P00014,leg2-cruise,7121.941651084631,7126.832830907892,直连,,117.06880776011612,122.0
P00018,leg2-descent,7123.146774151539,7132.727445887031,直连,,81.01795013814755,122.0
P00010,leg2-cruise,7124.665843387619,7129.458523778139,直连,,104.65730643432167,122.0
P00014,leg2-cruise,7126.832830907892,7131.724010731152,直连,,116.78051549497086,122.0
P00010,leg2-cruise,7129.458523778139,7134.2512041686605,直连,,104.28396428410774,122.0
P00014,leg2-cruise,7131.724010731152,7136.615190554413,直连,,116.48237118698401,122.0
P00018,leg2-descent,7132.727445887031,7142.308117622521,直连,,78.9223893799862,122.0
P00010,leg2-cruise,7134.2512041686605,7139.043884559182,直连,,103.89406557474936,122.0
P00014,leg2-cruise,7136.615190554413,7141.506370377673,直连,,116.17368113241078,122.0
P00010,leg2-cruise,7139.043884559182,7143.836564949702,直连,,103.48609577694532,122.0
P00014,leg2-cruise,7141.506370377673,7146.397550200933,直连,,115.85367610379032,122.0
P00018,leg2-descent,7142.308117622521,7151.888789358012,直连,,76.15484115612566,122.0
P00010,leg2-cruise,7143.836564949702,7153.421925730743,直连,,102.83640791065483,122.0
P00014,leg2-cruise,7146.397550200933,7156.179909847454,直连,,105.5215000441026,122.0
P00018,leg2-descent,7151.888789358012,7161.469461093503,直连,,72.06915322469182,122.0
P00010,leg2-cruise,7153.421925730743,7158.214606121264,直连,,102.1351443259333,122.0
P00014,leg2-cruise,7156.179909847454,7161.071089670715,直连,,104.81669282188803,122.0
P00010,leg2-cruise,7158.214606121264,7163.0072865117845,直连,,101.63477672851926,122.0
P00014,leg2-cruise,7161.071089670715,7165.962269493975,直连,,104.44177981123944,122.0
P00018,leg2-descent,7161.469461093503,7171.050132828995,直连,,64.09718747516446,122.0
P00010,leg2-cruise,7163.0072865117845,7167.799966902305,直连,,101.10455151931573,122.0
P00014,leg2-cruise,7165.962269493975,7170.853449317236,直连,,104.05008868955355,122.0
P00010,leg2-cruise,7167.799966902305,7172.592647292826,直连,,100.54078948185055,122.0
P00014,leg2-cruise,7170.853449317236,7175.744629140496,直连,,103.6400614983101,122.0
P00018,leg2-descent,7171.050132828995,7180.6308045644855,直连,,58.142216788855094,122.0
P00010,leg2-cruise,7172.592647292826,7177.385327683347,直连,,99.93911430578412,122.0
P00014,leg2-cruise,7175.744629140496,7180.635808963756,直连,,103.20991506307624,122.0
P00010,leg2-cruise,7177.385327683347,7182.178008073867,直连,,99.29427494048491,122.0
P00014,leg2-cruise,7180.635808963756,7185.526988787016,直连,,102.75759594485905,122.0
P00010,leg2-cruise,7182.178008073867,7186.970688464388,直连,,98.59991300570373,122.0
P00014,leg2-cruise,7185.526988787016,7190.418168610277,直连,,102.28072371287145,122.0
P00010,leg2-cruise,7186.970688464388,7191.7633688549095,直连,,97.84825762777625,122.0
P00014,leg2-cruise,7190.418168610277,7195.309348433538,直连,,101.77651878039151,122.0
P00010,leg2-cruise,7191.7633688549095,7201.348729635951,直连,,96.59177270098509,122.0
P00014,leg2-cruise,7195.309348433538,7205.091708080058,直连,,101.24170959282945,122.0
P00010,leg2-cruise,7201.348729635951,7206.141410026472,直连,,95.14153010112324,122.0
P00014,leg2-cruise,7205.091708080058,7209.982887903318,直连,,100.06396936165515,122.0
P00010,leg2-cruise,7206.141410026472,7210.934090416992,直连,,94.0387339790585,122.0
P00014,leg2-cruise,7209.982887903318,7214.874067726579,直连,,99.41074153392165,122.0
P00010,leg2-cruise,7210.934090416992,7215.726770807512,直连,,92.80217001352636,122.0
P00014,leg2-cruise,7214.874067726579,7219.765247549839,直连,,98.70581571129202,122.0
P00010,leg2-cruise,7215.726770807512,7220.5194511980335,直连,,91.40853312604753,122.0
P00014,leg2-cruise,7219.765247549839,7224.656427373099,直连,,97.94061240182258,122.0
P00010,leg2-cruise,7220.5194511980335,7225.312131588555,直连,,89.84278823759227,122.0
P00014,leg2-cruise,7224.656427373099,7229.54760719636,直连,,97.10433672163296,122.0
P00010,leg2-cruise,7225.312131588555,7230.104811979075,直连,,88.1322037005169,122.0
P00014,leg2-cruise,7229.54760719636,7234.438787019621,直连,,96.18320940795647,122.0
P00010,leg2-cruise,7230.104811979075,7239.690172760116,直连,,85.748641399886,122.0
P00014,leg2-cruise,7234.438787019621,7244.221146666141,直连,,95.15938958848105,122.0
P00010,leg2-descent,7239.690172760116,7249.6257171937095,直连,,84.60040488341835,122.0
P00014,leg2-cruise,7244.221146666141,7254.003506312662,直连,,92.70282914046328,122.0
P00010,leg2-descent,7249.6257171937095,7259.561261627304,直连,,83.51236701731824,122.0
P00014,leg2-cruise,7254.003506312662,7263.785865959183,直连,,89.45550267548676,122.0
P00010,leg2-descent,7259.561261627304,7269.496806060897,直连,,82.2682519360738,122.0
P00014,leg2-cruise,7263.785865959183,7273.568225605703,直连,,84.29680039593663,122.0
P00010,leg2-descent,7269.496806060897,7279.432350494491,直连,,80.81566069071103,122.0
P00014,leg2-descent,7273.568225605703,7283.027020597333,直连,,82.57720499539775,122.0
P00010,leg2-descent,7279.432350494491,7289.367894928085,直连,,79.0703774778178,122.0
P00014,leg2-descent,7283.027020597333,7292.485815588962,直连,,80.88669118866858,122.0
P00010,leg2-descent,7289.367894928085,7299.303439361678,直连,,76.88390449662671,122.0
P00014,leg2-descent,7292.485815588962,7301.944610580592,直连,,78.7856500512816,122.0
P00010,leg2-descent,7299.303439361678,7309.238983795272,直连,,73.95488958802795,122.0
P00014,leg2-descent,7301.944610580592,7311.403405572221,直连,,76.00850023879948,122.0
P00010,leg2-descent,7309.238983795272,7319.174528228866,直连,,69.50283613035836,122.0
P00014,leg2-descent,7311.403405572221,7320.862200563851,直连,,71.90163970838591,122.0
P00010,leg2-descent,7319.174528228866,7329.11007266246,直连,,59.88462355502875,122.0
P00014,leg2-descent,7320.862200563851,7330.32099555548,直连,,63.8443012922359,122.0
P00010,leg2-descent,7329.11007266246,7339.045617096053,直连,,60.11003057093611,122.0
P00014,leg2-descent,7330.32099555548,7339.77979054711,直连,,58.30558030638234,122.0
