运输架次编号,通信阶段,开始时刻（s）,结束时刻（s）,保障方式,中继架次编号,直连路径损耗（dB）,直连门限（dB）
P00147,leg1-climb,330.0,339.6904406738281,直连,,54.80497750786803,122.0
P00143,leg1-climb,337.0,346.6904406738281,直连,,54.80497750786803,122.0
P00147,leg1-climb,339.6904406738281,349.38088134765627,直连,,67.51503459175112,122.0
P00143,leg1-climb,346.6904406738281,356.38088134765627,直连,,67.51503459175112,122.0
P00147,leg1-climb,349.38088134765627,359.0713220214844,直连,,74.48686069242545,122.0
P00143,leg1-climb,356.38088134765627,366.0713220214844,直连,,74.48686069242545,122.0
P00147,leg1-climb,359.0713220214844,368.76176269531254,直连,,78.30394043774606,122.0
P00053,leg1-climb,360.0,369.93324330647783,直连,,54.20585834236107,122.0
P00143,leg1-climb,366.0713220214844,375.76176269531254,直连,,78.30394043774606,122.0
P00147,leg1-climb,368.76176269531254,378.45220336914065,直连,,80.94666213903065,122.0
P00053,leg1-climb,369.93324330647783,379.8664866129557,直连,,67.908021435302,122.0
P00143,leg1-climb,375.76176269531254,385.45220336914065,直连,,80.94666213903065,122.0
P00147,leg1-cruise,378.45220336914065,388.17731869069274,直连,,83.28353644380317,122.0
P00053,leg1-climb,379.8664866129557,389.7997299194336,直连,,74.78204726946568,122.0
P00143,leg1-cruise,385.45220336914065,395.2708294149384,直连,,82.88383902694989,122.0
P00147,leg1-cruise,388.17731869069274,393.0398763514688,直连,,86.95310959683883,122.0
P00053,leg1-climb,389.7997299194336,399.73297322591145,直连,,78.57067892861296,122.0
P00147,leg1-cruise,393.0398763514688,397.90243401224484,直连,,89.13297145284443,122.0
P00143,leg1-cruise,395.2708294149384,405.0894554607362,直连,,86.77063365844988,122.0
P00147,leg1-cruise,397.90243401224484,402.76499167302086,直连,,90.96904582032133,122.0
P00053,leg1-climb,399.73297322591145,409.6662165323893,直连,,81.19984520234055,122.0
P00147,leg1-cruise,402.76499167302086,407.6275493337969,直连,,92.52533379544903,122.0
P00143,leg1-cruise,405.0894554607362,414.90808150653396,直连,,90.16068595088801,122.0
P00147,leg1-cruise,407.6275493337969,412.4901069945729,直连,,93.8652047943,122.0
P00053,leg1-climb,409.6662165323893,419.5994598388672,直连,,83.21535105027098,122.0
P00147,leg1-cruise,412.4901069945729,417.352664655349,直连,,95.0369496468407,122.0
P00143,leg1-cruise,414.90808150653396,424.72670755233173,直连,,92.74417043864779,122.0
P00147,leg1-cruise,417.352664655349,422.21522231612505,直连,,96.0758495781406,122.0
P00107,leg1-climb,418.0,427.04939412434896,直连,,56.2129160027533,122.0
P00053,leg1-climb,419.5994598388672,429.53270314534507,直连,,84.85013341755516,122.0
P00147,leg1-cruise,422.21522231612505,427.07777997690107,直连,,97.00778546221129,122.0
P00143,leg1-cruise,424.72670755233173,434.5453335981295,直连,,94.77944721369933,122.0
P00107,leg1-climb,427.04939412434896,436.09878824869793,直连,,66.38297288678419,122.0
P00147,leg1-cruise,427.07777997690107,431.9403376376771,直连,,97.8520566432842,122.0
P00053,leg1-climb,429.53270314534507,439.4659464518229,直连,,86.22542664716444,122.0
P00147,leg1-cruise,431.9403376376771,436.80289529845317,直连,,98.62333273407312,122.0
P00143,leg1-cruise,434.5453335981295,444.3639596439273,直连,,96.44576962711744,122.0
P00107,leg1-climb,436.09878824869793,445.1481823730469,直连,,73.65557611128986,122.0
P00147,leg1-cruise,436.80289529845317,441.6654529592292,直连,,99.33297510855927,122.0
P00053,leg1-cruise,439.4659464518229,449.2839504896497,直连,,87.14418816324618,122.0
P00147,leg1-cruise,441.6654529592292,446.5280106200052,直连,,99.98993672592563,122.0
P00143,leg1-cruise,444.3639596439273,454.1825856897251,直连,,97.8520566432842,122.0
P00107,leg1-climb,445.1481823730469,454.19757649739586,直连,,77.55760837078127,122.0
P00147,leg1-cruise,446.5280106200052,456.2531259415573,直连,,100.89190152621748,122.0
P00053,leg1-cruise,449.2839504896497,454.19295250856317,直连,,88.46694117382063,122.0
P00037,leg1-climb,453.0,461.6311549595424,直连,,57.0220320104171,122.0
P00143,leg1-cruise,454.1825856897251,464.0012117355228,直连,,99.06671421641943,122.0
P00053,leg1-cruise,454.19295250856317,459.1019545274766,直连,,89.60661687358545,122.0
P00107,leg1-climb,454.19757649739586,463.2469706217448,直连,,80.24042241053876,122.0
P00147,leg1-cruise,456.2531259415573,461.1156836023333,直连,,101.70997271261015,122.0
P00053,leg1-cruise,459.1019545274766,468.91995856530343,直连,,91.33986635610543,122.0
P00147,leg1-cruise,461.1156836023333,465.9782412631094,直连,,102.2158735002532,122.0
P00037,leg1-climb,461.6311549595424,470.2623099190848,直连,,65.55593377326753,122.0
P00107,leg1-climb,463.2469706217448,472.29636474609373,直连,,82.2872031221879,122.0
P00143,leg1-cruise,464.0012117355228,473.81983778132064,直连,,100.13484872048119,122.0
P00147,leg1-cruise,465.9782412631094,470.8407989238855,直连,,102.69417775738575,122.0
P00053,leg1-cruise,468.91995856530343,478.73796260313026,直连,,93.4334944376099,122.0
P00037,leg1-climb,470.2623099190848,478.89346487862724,直连,,73.06691391177247,122.0
P00147,leg1-cruise,470.8407989238855,475.7033565846615,直连,,103.14771693998803,122.0
P00107,leg1-climb,472.29636474609373,481.3457588704427,直连,,83.94246818974946,122.0
P00143,leg1-cruise,473.81983778132064,483.6384638271184,直连,,101.08755538491656,122.0
P00147,leg1-cruise,475.7033565846615,480.5659142454375,直连,,103.57891123289369,122.0
P00053,leg1-cruise,478.73796260313026,488.55596664095714,直连,,95.22326313354593,122.0
P00037,leg1-climb,478.89346487862724,487.52461983816966,直连,,77.03365564741469,122.0
P00147,leg1-cruise,480.5659142454375,485.42847190621353,直连,,103.98984494957003,122.0
P00107,leg1-climb,481.3457588704427,490.39515299479166,直连,,85.33221615138905,122.0
P00020,leg1-climb,482.0,491.5200331624349,直连,,55.20206987342256,122.0
P00143,leg1-cruise,483.6384638271184,493.4570898729162,直连,,101.94709420372484,122.0
P00147,leg1-cruise,485.42847190621353,490.29102956698955,直连,,114.3823255321554,122.0
P00037,leg1-climb,487.52461983816966,496.15577479771207,直连,,79.74662436906455,122.0
P00053,leg1-cruise,488.55596664095714,498.37397067878396,直连,,96.75282535347614,122.0
P00147,leg1-cruise,490.29102956698955,495.1535872277656,直连,,114.75793022341097,122.0
P00107,leg1-climb,490.39515299479166,499.4445471191406,直连,,86.52997009376686,122.0
P00020,leg1-climb,491.5200331624349,501.0400663248698,直连,,67.22820357699511,122.0
P00143,leg1-cruise,493.4570898729162,503.27571591871396,直连,,102.72991147153638,122.0
P00147,leg1-cruise,495.1535872277656,500.0161448885417,直连,,115.11804335831835,122.0
P00037,leg1-climb,496.15577479771207,504.7869297572545,直连,,81.81085065026684,122.0
P00053,leg1-cruise,498.37397067878396,508.1919747166108,直连,,98.0761533209399,122.0
P00107,leg1-climb,499.4445471191406,508.4939412434896,直连,,87.58239599079008,122.0
P00147,leg1-cruise,500.0161448885417,504.8787025493177,直连,,115.46388643738172,122.0
P00020,leg1-climb,501.0400663248698,510.5600994873047,直连,,74.27352924398483,122.0
P00040,leg1-climb,503.0,512.0627127075195,直连,,58.81621869882936,122.0
P00143,leg1-cruise,503.27571591871396,513.0943419645117,直连,,103.44848484892461,122.0
P00037,leg1-climb,504.7869297572545,513.4180847167969,直连,,83.47748838814795,122.0
P00147,leg1-cruise,504.8787025493177,509.74126021009374,直连,,115.79654258722702,122.0
P00053,leg1-cruise,508.1919747166108,518.0099787544376,直连,,99.23704115616549,122.0
P00107,leg1-cruise,508.4939412434896,518.3339736372245,直连,,88.29738884302606,122.0
P00147,leg1-cruise,509.74126021009374,514.6038178708698,直连,,116.11697661436108,122.0
P00020,leg1-climb,510.5600994873047,520.0801326497397,直连,,78.11171836792278,122.0
P00040,leg1-climb,512.0627127075195,521.1254254150391,直连,,62.96758148022912,122.0
P00143,leg1-cruise,513.0943419645117,522.9129680103094,直连,,104.11249625163042,122.0
P00037,leg1-cruise,513.4180847167969,523.4117386392952,直连,,84.76693719536415,122.0
P00147,leg1-cruise,514.6038178708698,524.3289331924219,直连,,116.57657470762791,122.0
P00053,leg1-cruise,518.0099787544376,527.8279827922645,直连,,100.26846841120901,122.0
P00107,leg1-cruise,518.3339736372245,528.1740060309595,直连,,89.81398599656362,122.0
P00020,leg1-climb,520.0801326497397,529.6001658121745,直连,,80.76445636907572,122.0
P00040,leg1-climb,521.1254254150391,530.1881381225586,直连,,71.33379743766997,122.0
P00143,leg1-cruise,522.9129680103094,532.7315940561073,直连,,114.72960412724932,122.0
P00037,leg1-cruise,523.4117386392952,528.4085656005444,直连,,86.90947953901195,122.0
P00147,leg1-cruise,524.3289331924219,529.1914908531979,直连,,117.01314805332449,122.0
P00053,leg1-cruise,527.8279827922645,537.6459868300914,直连,,101.19505758530933,122.0
P00107,leg1-cruise,528.1740060309595,538.0140384246945,直连,,91.82660934952435,122.0
P00037,leg1-cruise,528.4085656005444,533.4053925617936,直连,,88.50829590438593,122.0
P00147,leg1-cruise,529.1914908531979,534.054048513974,直连,,117.29250004795173,122.0
P00020,leg1-climb,529.6001658121745,539.1201989746094,直连,,82.79374142065463,122.0
P00040,leg1-climb,530.1881381225586,539.2508508300782,直连,,75.515133584751,122.0
P00143,leg1-cruise,532.7315940561073,542.5502201019051,直连,,115.30596777067473,122.0
P00037,leg1-cruise,533.4053925617936,538.4022195230427,直连,,90.0024586867557,122.0
P00147,leg1-cruise,534.054048513974,538.9166061747501,直连,,117.56317181589064,122.0
P00053,leg1-cruise,537.6459868300914,547.4639908679181,直连,,102.03537905817474,122.0
P00107,leg1-cruise,538.0140384246945,547.8540708184295,直连,,93.74756618243777,122.0
P00037,leg1-cruise,538.4022195230427,543.399046484292,直连,,91.35021159595654,122.0
P00147,leg1-cruise,538.9166061747501,543.7791638355261,直连,,117.82568513692075,122.0
P00020,leg1-climb,539.1201989746094,548.6402321370443,直连,,84.43756318095366,122.0
P00040,leg1-climb,539.2508508300782,548.3135635375977,直连,,78.32578882182621,122.0
P00035,leg1-climb,540.0,549.6904406738281,直连,,57.99240565837262,122.0
P00143,leg1-cruise,542.5502201019051,552.3688461477028,直连,,115.84661294571715,122.0
P00037,leg1-cruise,543.399046484292,548.3958734455412,直连,,92.55646143319692,122.0
P00147,leg1-cruise,543.7791638355261,548.6417214963021,直连,,118.08051623270364,122.0
P00053,leg1-cruise,547.4639908679181,557.281994905745,直连,,102.80365874306017,122.0
P00107,leg1-cruise,547.8540708184295,557.6941032121645,直连,,95.4402037448393,122.0
P00040,leg1-climb,548.3135635375977,557.3762762451172,直连,,80.44587982316202,122.0
P00037,leg1-cruise,548.3958734455412,553.3927004067903,直连,,93.63849763135569,122.0
P00020,leg1-climb,548.6402321370443,558.1602652994792,直连,,85.81924271851256,122.0
P00147,leg1-cruise,548.6417214963021,553.5042791570781,直连,,118.32810090789717,122.0
P00035,leg1-climb,549.6904406738281,559.3808813476562,直连,,64.31881537331904,122.0
P00143,leg1-cruise,552.3688461477028,562.1874721935006,直连,,116.35569290258537,122.0
P00037,leg1-cruise,553.3927004067903,558.3895273680394,直连,,94.61468066589326,122.0
P00147,leg1-cruise,553.5042791570781,558.3668368178542,直连,,118.56883898762844,122.0
P00053,leg1-cruise,557.281994905745,562.1909969246585,直连,,103.33934933855903,122.0
P00040,leg1-climb,557.3762762451172,566.4389889526368,直连,,82.14868303046627,122.0
P00107,leg1-cruise,557.6941032121645,567.5341356058995,直连,,96.91220597618417,122.0
P00020,leg1-climb,558.1602652994792,567.6802984619142,直连,,87.01100199192072,122.0
P00147,leg1-cruise,558.3668368178542,563.2293944786302,直连,,118.80309816357895,122.0
P00037,leg1-cruise,558.3895273680394,563.3863543292886,直连,,95.50123732278145,122.0
P00035,leg1-climb,559.3808813476562,569.0713220214843,直连,,72.21730887279031,122.0
P00143,leg1-cruise,562.1874721935006,572.0060982392984,直连,,116.83667862143926,122.0
P00053,leg1-cruise,562.1909969246585,567.0999989435719,直连,,103.67934947327196,122.0
P00147,leg1-cruise,563.2293944786302,568.0919521394062,直连,,119.03121734057424,122.0
P00037,leg1-cruise,563.3863543292886,568.3831812905378,直连,,96.31170589374798,122.0
P00040,leg1-climb,566.4389889526368,575.5017016601563,直连,,83.57175599751194,122.0
P00053,leg1-cruise,567.0999989435719,572.0090009624853,直连,,104.00680167653924,122.0
P00107,leg1-cruise,567.5341356058995,577.3741679996344,直连,,98.19932907662842,122.0
P00020,leg1-climb,567.6802984619142,577.200331624349,直连,,88.05879851973764,122.0
P00147,leg1-cruise,568.0919521394062,572.9545098001822,直连,,119.25350955942825,122.0
P00037,leg1-cruise,568.3831812905378,573.380008251787,直连,,97.05717335595426,122.0
P00035,leg1-climb,569.0713220214843,578.7617626953125,直连,,76.28456620563054,122.0
P00143,leg1-cruise,572.0060982392984,581.8247242850962,直连,,117.29250004795173,122.0
P00053,leg1-cruise,572.0090009624853,576.9180029813987,直连,,114.32258123898288,122.0
P00147,leg1-cruise,572.9545098001822,577.8170674609582,直连,,119.47026455867514,122.0
P00037,leg1-cruise,573.380008251787,578.3768352130362,直连,,97.74668991008993,122.0
P00040,leg1-cruise,575.5017016601563,585.413751990025,直连,,85.04143575056554,122.0
P00053,leg1-cruise,576.9180029813987,581.827005000312,直连,,114.62747678631798,122.0
P00020,leg1-cruise,577.200331624349,582.1236908284336,直连,,88.62197279291713,122.0
P00107,leg1-cruise,577.3741679996344,587.2142003933694,直连,,99.33620701849459,122.0
P00147,leg1-cruise,577.8170674609582,582.6796251217344,直连,,119.68175102738253,122.0
P00037,leg1-cruise,578.3768352130362,583.3736621742853,直连,,98.38766864709545,122.0
P00035,leg1-climb,578.7617626953125,588.4522033691406,直连,,79.04372855980824,122.0
P00143,leg1-cruise,581.8247242850962,591.6433503308939,直连,,117.72565268316322,122.0
P00053,leg1-cruise,581.827005000312,586.7360070192256,直连,,114.92220110809691,122.0
P00020,leg1-cruise,582.1236908284336,587.0470500325181,直连,,89.23543410837378,122.0
P00147,leg1-descent,582.6796251217344,591.5852861324765,直连,,119.78436490661834,122.0
P00037,leg1-cruise,583.3736621742853,588.3704891355344,直连,,98.98622060967399,122.0
P00040,leg1-cruise,585.413751990025,590.3697771549594,直连,,87.87506168686923,122.0
P00053,leg1-cruise,586.7360070192256,591.645009038139,直连,,115.20740038752571,122.0
P00020,leg1-cruise,587.0470500325181,591.9704092366026,直连,,90.25105950969154,122.0
P00107,leg1-cruise,587.2142003933694,597.0542327871044,直连,,100.35098877215486,122.0
P00037,leg1-cruise,588.3704891355344,593.3673160967836,直连,,99.54742184672878,122.0
P00035,leg1-climb,588.4522033691406,598.1426440429688,直连,,81.13449505143436,122.0
P00040,leg1-cruise,590.3697771549594,595.3258023198938,直连,,89.77193654781767,122.0
P00147,leg1-descent,591.5852861324765,600.4909471432188,直连,,119.78224293556472,122.0
P00143,leg1-cruise,591.6433503308939,601.4619763766917,直连,,118.13827922218648,122.0
P00053,leg1-cruise,591.645009038139,596.5540110570524,直连,,115.48366209935531,122.0
P00020,leg1-cruise,591.9704092366026,596.893768440687,直连,,91.43299877985423,122.0
P00037,leg1-cruise,593.3673160967836,598.3641430580328,直连,,100.07552224587755,122.0
P00040,leg1-cruise,595.3258023198938,600.2818274848282,直连,,91.45054510620525,122.0
P00053,leg1-cruise,596.5540110570524,606.3720150948792,直连,,115.88245550282726,122.0
P00020,leg1-cruise,596.893768440687,601.8171276447715,直连,,92.63110085562452,122.0
P00107,leg1-cruise,597.0542327871044,606.8942651808394,直连,,101.2656044137124,122.0
P00035,leg1-cruise,598.1426440429688,607.8677593645208,直连,,83.28353644380317,122.0
P00037,leg1-cruise,598.3641430580328,603.3609700192819,直连,,100.57410797502952,122.0
P00040,leg1-cruise,600.2818274848282,605.2378526497625,直连,,92.91406771513799,122.0
P00147,leg1-descent,600.4909471432188,609.396608153961,直连,,119.78057850625036,122.0
P00143,leg1-cruise,601.4619763766917,611.2806024224894,直连,,118.53223292042574,122.0
P00020,leg1-cruise,601.8171276447715,606.7404868488561,直连,,93.77508458483089,122.0
P00037,leg1-cruise,603.3609700192819,608.3577969805311,直连,,101.04622801116368,122.0
P00040,leg1-cruise,605.2378526497625,610.1938778146969,直连,,94.19579536488368,122.0
P00053,leg1-cruise,606.3720150948792,616.1900191327061,直连,,116.3875245565991,122.0
P00020,leg1-cruise,606.7404868488561,611.6638460529407,直连,,94.84001576913361,122.0
P00107,leg1-cruise,606.8942651808394,616.7342975745744,直连,,102.09704392106288,122.0
P00035,leg1-cruise,607.8677593645208,612.7303170252969,直连,,86.95310959683883,122.0
P00037,leg1-cruise,608.3577969805311,613.3546239417803,直连,,101.49449316363382,122.0
P00147,leg1-descent,609.396608153961,618.3022691647031,直连,,119.77937214525187,122.0
P00040,leg1-cruise,610.1938778146969,615.1499029796313,直连,,95.32907079321242,122.0
P00143,leg1-cruise,611.2806024224894,621.0992284682873,直连,,118.90912737422013,122.0
P00020,leg1-cruise,611.6638460529407,616.5872052570252,直连,,95.82195879126967,122.0
P00035,leg1-cruise,612.7303170252969,617.592874686073,直连,,89.13297145284443,122.0
P00037,leg1-cruise,613.3546239417803,623.3482778642787,直连,,102.1270032683755,122.0
P00040,leg1-cruise,615.1499029796313,620.1059281445657,直连,,96.34134532486996,122.0
P00053,leg1-cruise,616.1900191327061,626.008023170533,直连,,116.86512727074351,122.0
P00020,leg1-cruise,616.5872052570252,621.5105644611097,直连,,96.72549364370703,122.0
P00107,leg1-cruise,616.7342975745744,626.5743299683094,直连,,102.85856216618177,122.0
P00035,leg1-cruise,617.592874686073,622.455432346849,直连,,90.96904582032133,122.0
P00147,S001-handoff,618.3022691647031,628.3022691647031,直连,,119.77894086539243,122.0
P00040,leg1-cruise,620.1059281445657,625.0619533095,直连,,97.25415407107576,122.0
P00143,leg1-cruise,621.0992284682873,630.917854514085,直连,,119.27037606062905,122.0
P00020,leg1-cruise,621.5105644611097,626.4339236651941,直连,,97.55804340243341,122.0
P00035,leg1-cruise,622.455432346849,627.317990007625,直连,,92.52533379544903,122.0
P00037,leg1-cruise,623.3482778642787,633.341931786777,直连,,102.90549765067394,122.0
P00040,leg1-cruise,625.0619533095,630.0179784744344,直连,,98.0842526935993,122.0
P00053,leg1-cruise,626.008023170533,635.8260272083597,直连,,117.31806947581404,122.0
P00020,leg1-cruise,626.4339236651941,631.3572828692786,直连,,98.327465911455,122.0
P00107,leg1-cruise,626.5743299683094,636.4143623620444,直连,,103.56061804569478,122.0
P00035,leg1-cruise,627.317990007625,632.180547668401,直连,,93.8652047943,122.0
P00147,S001-handoff,628.3022691647031,638.3022691647031,直连,,119.77894086539243,122.0
P00040,leg1-cruise,630.0179784744344,634.9740036393688,直连,,98.84475100024868,122.0
P00143,leg1-cruise,630.917854514085,640.7364805598828,直连,,119.61722406001047,122.0
P00020,leg1-cruise,631.3572828692786,636.2806420733632,直连,,99.04111111954828,122.0
P00035,leg1-cruise,632.180547668401,637.043105329177,直连,,95.0369496468407,122.0
P00037,leg1-cruise,633.341931786777,643.3355857092754,直连,,103.62073072046455,122.0
P00040,leg1-cruise,634.9740036393688,639.9300288043032,直连,,99.54601462952571,122.0
P00053,leg1-cruise,635.8260272083597,645.6440312461866,直连,,117.74875172439529,122.0
P00020,leg1-cruise,636.2806420733632,641.2040012774478,直连,,99.70551530860689,122.0
P00107,leg1-cruise,636.4143623620444,646.2543947557792,直连,,104.21156836873496,122.0
P00035,leg1-cruise,637.043105329177,641.905662989953,直连,,96.0758495781406,122.0
P00147,S001-handoff,638.3022691647031,648.3022691647031,直连,,119.77894086539243,122.0
P00040,leg1-cruise,639.9300288043032,644.8860539692375,直连,,100.19633842421959,122.0
P00143,leg1-descent,640.7364805598828,649.642141570625,直连,,119.78436490661834,122.0
P00020,leg1-cruise,641.2040012774478,646.1273604815323,直连,,100.32636211390215,122.0
P00035,leg1-cruise,641.905662989953,646.7682206507292,直连,,97.00778546221129,122.0
P00037,leg1-cruise,643.3355857092754,653.3292396317737,直连,,104.28210842858934,122.0
P00040,leg1-cruise,644.8860539692375,649.8420791341719,直连,,100.80244065224342,122.0
P00053,leg1-cruise,645.6440312461866,655.4620352840135,直连,,118.15924308797217,122.0
P00020,leg1-cruise,646.1273604815323,651.0507196856167,直连,,100.90854709279878,122.0
P00107,leg1-cruise,646.2543947557792,651.1744109526467,直连,,104.67035900082445,122.0
P00035,leg1-cruise,646.7682206507292,651.6307783115052,直连,,97.8520566432842,122.0
P00147,S001-handoff,648.3022691647031,658.3022691647031,直连,,119.77894086539243,122.0
P00143,leg1-descent,649.642141570625,658.5478025813673,直连,,119.78224293556472,122.0
P00040,leg1-cruise,649.8420791341719,654.7981042991063,直连,,101.36982569540584,122.0
P00020,leg1-cruise,651.0507196856167,655.9740788897013,直连,,101.4562748698428,122.0
P00107,leg1-cruise,651.1744109526467,656.0944271495142,直连,,104.96356751186738,122.0
P00035,leg1-cruise,651.6307783115052,656.4933359722812,直连,,98.62333273407312,122.0
P00037,leg1-cruise,653.3292396317737,663.322893554272,直连,,104.89710355294156,122.0
P00040,leg1-cruise,654.7981042991063,659.7541294640407,直连,,101.90305211545609,122.0
P00053,leg1-cruise,655.4620352840135,665.2800393218403,直连,,118.55133903181098,122.0
P00020,leg1-cruise,655.9740788897013,660.8974380937858,直连,,101.9731590373974,122.0
P00107,leg1-cruise,656.0944271495142,661.0144433463818,直连,,105.24739360623718,122.0
P00035,leg1-cruise,656.4933359722812,661.3558936330573,直连,,99.33297510855927,122.0
P00147,S001-handoff,658.3022691647031,668.3022691647031,直连,,119.77894086539243,122.0
P00143,leg1-descent,658.5478025813673,667.4534635921094,直连,,119.78057850625036,122.0
P00040,leg1-cruise,659.7541294640407,664.710154628975,直连,,102.4059328134824,122.0
P00020,leg1-cruise,660.8974380937858,665.8207972978703,直连,,102.46231330538157,122.0
P00107,leg1-cruise,661.0144433463818,665.9344595432492,直连,,105.5224074253079,122.0
P00035,leg1-cruise,661.3558936330573,666.2184512938334,直连,,99.98993672592563,122.0
P00037,leg1-cruise,663.322893554272,673.3165474767704,直连,,105.47174681410553,122.0
P00040,leg1-cruise,664.710154628975,669.6661797939095,直连,,102.88168618803742,122.0
P00053,leg1-cruise,665.2800393218403,675.0980433596671,直连,,118.92660728369768,122.0
P00020,leg1-cruise,665.8207972978703,670.7441565019549,直连,,102.92643043368004,122.0
P00107,leg1-cruise,665.9344595432492,670.8544757401166,直连,,105.78912972853969,122.0
P00035,leg1-cruise,666.2184512938334,675.9435666153854,直连,,100.89190152621748,122.0
P00143,leg1-descent,667.4534635921094,676.3591246028516,直连,,119.77937214525187,122.0
P00147,S001-handoff,668.3022691647031,678.3022691647031,直连,,119.77894086539243,122.0
P00040,leg1-cruise,669.6661797939095,674.6222049588439,直连,,103.3330516124351,122.0
P00020,leg1-cruise,670.7441565019549,675.6675157060394,直连,,103.36784887392334,122.0
P00107,leg1-cruise,670.8544757401166,675.7744919369842,直连,,106.0480373105972,122.0
P00037,leg1-cruise,673.3165474767704,683.3102013992687,直连,,106.01097268874022,122.0
P00040,leg1-cruise,674.6222049588439,679.5782301237782,直连,,103.76237865381673,122.0
P00053,leg1-cruise,675.0980433596671,684.916047397494,直连,,119.28642454335981,122.0
P00020,leg1-cruise,675.6675157060394,680.5908749101238,直连,,103.78860834295304,122.0
P00107,leg1-cruise,675.7744919369842,685.6145243307192,直连,,106.42269349561808,122.0
P00035,leg1-cruise,675.9435666153854,680.8061242761614,直连,,101.70997271261015,122.0
P00143,S001-handoff,676.3591246028516,686.1626174549699,直连,,119.77894086539243,122.0
P00147,S001-handoff,678.3022691647031,688.3022691647031,直连,,119.77894086539243,122.0
P00040,leg1-cruise,679.5782301237782,684.5342552887125,直连,,104.17169675282341,122.0
P00020,leg1-cruise,680.5908749101238,685.5142341142084,直连,,104.19049591760614,122.0
P00035,leg1-cruise,680.8061242761614,685.6686819369374,直连,,102.2158735002532,122.0
P00037,leg1-cruise,683.3102013992687,693.3038553217671,直连,,106.51886818428132,122.0
P00040,leg1-cruise,684.5342552887125,689.490280453647,直连,,104.56277020161924,122.0
P00053,leg1-cruise,684.916047397494,694.7340514353208,直连,,119.63200612783317,122.0
P00020,leg1-cruise,685.5142341142084,690.4375933182929,直连,,104.57508421442664,122.0
P00107,leg1-cruise,685.6145243307192,695.4545567244542,直连,,106.89868249730935,122.0
P00035,leg1-cruise,685.6686819369374,690.5312395977135,直连,,102.69417775738575,122.0
P00143,S001-handoff,686.1626174549699,695.9661103070881,直连,,119.77894086539243,122.0
P00147,S001-handoff,688.3022691647031,698.3022691647031,直连,,119.77894086539243,122.0
P00040,leg1-cruise,689.490280453647,694.4463056185814,直连,,104.93714194070088,122.0
P00020,leg1-cruise,690.4375933182929,695.3609525223774,直连,,104.94376304445798,122.0
P00035,leg1-cruise,690.5312395977135,695.3937972584896,直连,,103.14771693998803,122.0
P00037,leg1-cruise,693.3038553217671,703.2975092442654,直连,,106.99885527888611,122.0
P00040,leg1-cruise,694.4463056185814,699.4023307835157,直连,,105.29616876389862,122.0
P00053,leg1-cruise,694.7340514353208,699.6430534542342,直连,,119.88250326423565,122.0
P00020,leg1-cruise,695.3609525223774,700.284311726462,直连,,105.29776572182014,122.0
P00035,leg1-cruise,695.3937972584896,700.2563549192656,直连,,103.57891123289369,122.0
P00107,leg1-cruise,695.4545567244542,705.2945891181892,直连,,107.35024732728095,122.0
P00143,S001-handoff,695.9661103070881,705.7696031592063,直连,,119.77894086539243,122.0
P00147,S001-handoff,698.3022691647031,708.3022691647031,直连,,119.77894086539243,122.0
P00040,leg1-cruise,699.4023307835157,704.35835594845,直连,,105.64104985634964,122.0
P00053,leg1-cruise,699.6430534542342,704.5520554731477,直连,,120.04559514492662,122.0
P00035,leg1-cruise,700.2563549192656,705.1189125800416,直连,,103.98984494957003,122.0
P00020,leg1-cruise,700.284311726462,705.2076709305464,直连,,105.63819100062801,122.0
P00037,leg1-cruise,703.2975092442654,713.2911631667637,直连,,107.4538270461698,122.0
P00040,leg1-cruise,704.35835594845,709.3143811133845,直连,,105.97285011088044,122.0
P00053,leg1-descent,704.5520554731477,711.3917673872102,直连,,120.12444801078281,122.0
P00035,leg1-cruise,705.1189125800416,709.9814702408178,直连,,114.3823255321554,122.0
P00020,leg1-cruise,705.2076709305464,710.1310301346309,直连,,105.96602143614986,122.0
P00107,leg1-cruise,705.2945891181892,715.1346215119241,直连,,107.77974431334889,122.0
P00143,S001-handoff,705.7696031592063,715.5730960113247,直连,,119.77894086539243,122.0
P00147,S001-handoff,708.3022691647031,718.3022691647031,直连,,119.77894086539243,122.0
P00040,leg1-cruise,709.3143811133845,714.2704062783189,直连,,106.29251931909178,122.0
P00035,leg1-cruise,709.9814702408178,714.8440279015938,直连,,114.75793022341097,122.0
P00020,leg1-cruise,710.1310301346309,715.0543893387155,直连,,106.28213881553424,122.0
P00053,leg1-descent,711.3917673872102,718.2314793012727,直连,,120.12150523207133,122.0
P00037,leg1-cruise,713.2911631667637,723.2848170892621,直连,,117.8862508163759,122.0
P00040,leg1-cruise,714.2704062783189,719.2264314432532,直连,,106.60090807630439,122.0
P00035,leg1-cruise,714.8440279015938,719.7065855623698,直连,,115.11804335831835,122.0
P00020,leg1-cruise,715.0543893387155,719.9777485428,直连,,106.58733718020932,122.0
P00107,leg1-cruise,715.1346215119241,724.9746539056591,直连,,118.1892081550447,122.0
P00143,S001-handoff,715.5730960113247,725.376588863443,直连,,119.77894086539243,122.0
P00053,leg1-descent,718.2314793012727,725.0711912153351,直连,,120.11881067904758,122.0
P00147,S001-handoff,718.3022691647031,728.3022691647031,直连,,119.77894086539243,122.0
P00040,leg1-cruise,719.2264314432532,724.1824566081875,直连,,106.89878104848535,122.0
P00035,leg1-cruise,719.7065855623698,724.5691432231458,直连,,115.46388643738172,122.0
P00020,leg1-cruise,719.9777485428,724.9011077468845,直连,,106.8823338623678,122.0
P00037,leg1-cruise,723.2848170892621,733.2784710117604,直连,,118.2982474648854,122.0
P00040,leg1-cruise,724.1824566081875,729.138481773122,直连,,107.18682810601308,122.0
P00035,leg1-cruise,724.5691432231458,729.4317008839218,直连,,115.79654258722702,122.0
P00020,leg1-cruise,724.9011077468845,729.824466950969,直连,,107.16777887753832,122.0
P00107,leg1-cruise,724.9746539056591,734.8146862993941,直连,,118.58040728368914,122.0
P00053,S006-handoff,725.0711912153351,734.9024474900086,直连,,120.11755663365312,122.0
P00143,S001-handoff,725.376588863443,735.1800817155612,直连,,119.77894086539243,122.0
P00147,S001-handoff,728.3022691647031,738.3022691647031,直连,,119.77894086539243,122.0
P00040,leg1-cruise,729.138481773122,734.0945069380564,直连,,117.46567372058888,122.0
P00035,leg1-cruise,729.4317008839218,734.2942585446979,直连,,116.11697661436108,122.0
P00020,leg1-cruise,729.824466950969,734.7478261550535,直连,,107.44426295109058,122.0
P00037,leg1-cruise,733.2784710117604,743.2721249342587,直连,,118.69165313616323,122.0
P00040,leg1-cruise,734.0945069380564,739.0505321029907,直连,,117.73588493881942,122.0
P00035,leg1-cruise,734.2942585446979,744.01937386625,直连,,116.57657470762791,122.0
P00020,leg1-cruise,734.7478261550535,739.671185359138,直连,,107.71232440487478,122.0
P00107,leg1-cruise,734.8146862993941,744.6547186931291,直连,,118.9548879328114,122.0
P00053,S006-handoff,734.9024474900086,744.7337037646822,直连,,120.11755663365312,122.0
P00143,S001-handoff,735.1800817155612,744.9835745676794,直连,,119.77894086539243,122.0
P00147,S001-handoff,738.3022691647031,748.3022691647031,直连,,119.77894086539243,122.0
P00040,leg1-cruise,739.0505321029907,744.006557267925,直连,,117.99797818228812,122.0
P00020,leg1-cruise,739.671185359138,744.5945445632226,直连,,107.9724550888353,122.0
P00037,leg1-cruise,743.2721249342587,753.2657788567572,直连,,119.06806785660707,122.0
P00040,leg1-cruise,744.006557267925,748.9625824328594,直连,,118.25242507443315,122.0
P00035,leg1-cruise,744.01937386625,748.881931527026,直连,,117.01314805332449,122.0
P00020,leg1-cruise,744.5945445632226,749.5179037673071,直连,,108.22510550938192,122.0
P00107,leg1-cruise,744.6547186931291,754.494751086864,直连,,119.31400954201416,122.0
P00053,S006-handoff,744.7337037646822,754.5649600393557,直连,,120.11755663365312,122.0
P00143,S001-handoff,744.9835745676794,754.7870674197977,直连,,119.77894086539243,122.0
P00147,S001-handoff,748.3022691647031,758.3022691647031,直连,,119.77894086539243,122.0
P00035,leg1-cruise,748.881931527026,753.7444891878021,直连,,117.29250004795173,122.0
P00040,leg1-cruise,748.9625824328594,753.9186075977939,直连,,118.49965745601082,122.0
P00020,leg1-cruise,749.5179037673071,754.4412629713916,直连,,108.4706892792875,122.0
P00037,leg1-cruise,753.2657788567572,763.2594327792555,直连,,119.42889423071149,122.0
P00035,leg1-cruise,753.7444891878021,758.6070468485782,直连,,117.56317181589064,122.0
P00040,leg1-cruise,753.9186075977939,758.8746327627282,直连,,118.74007172049352,122.0
P00020,leg1-cruise,754.4412629713916,759.3646221754761,直连,,108.70958699247498,122.0
P00107,leg1-cruise,754.494751086864,764.3347834805991,直连,,119.65897344145475,122.0
P00053,S006-handoff,754.5649600393557,764.3962163140292,直连,,120.11755663365312,122.0
P00143,S001-handoff,754.7870674197977,764.590560271916,直连,,119.77894086539243,122.0
P00147,S001-handoff,758.3022691647031,768.3022691647031,直连,,119.77894086539243,122.0
P00035,leg1-cruise,758.6070468485782,763.4696045093542,直连,,117.82568513692075,122.0
P00040,leg1-cruise,758.8746327627282,763.8306579276626,直连,,118.97403257671108,122.0
P00020,leg1-cruise,759.3646221754761,764.2879813795606,直连,,108.94214960928792,122.0
P00037,leg1-cruise,763.2594327792555,773.2530867017538,直连,,119.7753685453736,122.0
P00035,leg1-cruise,763.4696045093542,768.3321621701302,直连,,118.08051623270364,122.0
P00040,leg1-cruise,763.8306579276626,768.7866830925971,直连,,119.20187632686299,122.0
P00020,leg1-cruise,764.2879813795606,769.2113405836451,直连,,109.16870142371917,122.0
P00107,leg1-cruise,764.3347834805991,774.174815874334,直连,,119.99084627757564,122.0
P00053,S006-handoff,764.3962163140292,774.2274725887028,直连,,120.11755663365312,122.0
P00143,S001-handoff,764.590560271916,774.3940531240343,直连,,119.77894086539243,122.0
P00147,S001-handoff,768.3022691647031,778.3022691647031,直连,,119.77894086539243,122.0
P00035,leg1-cruise,768.3321621701302,773.1947198309063,直连,,118.32810090789717,122.0
P00040,leg1-cruise,768.7866830925971,773.7427082575314,直连,,119.42391373269813,122.0
P00020,leg1-cruise,769.2113405836451,774.1346997877297,直连,,109.3895426722683,122.0
P00035,leg1-cruise,773.1947198309063,778.0572774916823,直连,,118.56883898762844,122.0
P00037,leg1-cruise,773.2530867017538,783.2467406242522,直连,,120.10858599715155,122.0
P00040,leg1-cruise,773.7427082575314,778.6987334224657,直连,,119.64043253018451,122.0
P00020,leg1-cruise,774.1346997877297,779.0580589918142,直连,,109.60495183452643,122.0
P00107,leg1-cruise,774.174815874334,784.0148482680689,直连,,120.31057928669182,122.0
P00053,S006-handoff,774.2274725887028,784.0587288633762,直连,,120.11755663365312,122.0
P00143,S001-handoff,774.3940531240343,784.1975459761525,直连,,119.77894086539243,122.0
P00035,leg1-cruise,778.0572774916823,782.9198351524583,直连,,118.80309816357895,122.0
P00147,S001-handoff,778.3022691647031,788.3022691647031,直连,,119.77894086539243,122.0
P00040,leg1-cruise,778.6987334224657,783.6547585874001,直连,,119.85169964305175,122.0
P00020,leg1-cruise,779.0580589918142,783.9814181958986,直连,,109.81518766780323,122.0
P00035,leg1-cruise,782.9198351524583,787.7823928132343,直连,,119.03121734057424,122.0
P00037,leg1-cruise,783.2467406242522,793.2403945467505,直连,,120.42952132302445,122.0
P00040,leg1-cruise,783.6547585874001,788.6107837523346,直连,,120.05796313730062,122.0
P00020,leg1-cruise,783.9814181958986,788.9047773999832,直连,,110.02049101140473,122.0
P00107,leg1-cruise,784.0148482680689,793.8548806618039,直连,,120.61902426287965,122.0
P00053,S006-handoff,784.0587288633762,793.8899851380497,直连,,120.11755663365312,122.0
P00143,S001-handoff,784.1975459761525,794.0010388282708,直连,,119.77894086539243,122.0
P00035,leg1-cruise,787.7823928132343,792.6449504740103,直连,,119.25350955942825,122.0
P00147,S001-handoff,788.3022691647031,798.3022691647031,直连,,119.77894086539243,122.0
P00040,leg1-cruise,788.6107837523346,793.5668089172689,直连,,120.25945395215722,122.0
P00020,leg1-cruise,788.9047773999832,793.8281366040677,直连,,110.22108639094607,122.0
P00035,leg1-cruise,792.6449504740103,797.5075081347863,直连,,119.47026455867514,122.0
P00037,leg1-cruise,793.2403945467505,803.2340484692488,直连,,120.73904580192345,122.0
P00040,leg1-cruise,793.5668089172689,798.5228340822032,直连,,120.4563874373605,122.0
P00020,leg1-cruise,793.8281366040677,798.7514958081522,直连,,110.41718344845057,122.0
P00107,leg1-cruise,793.8548806618039,803.6949130555389,直连,,120.91694687340664,122.0
P00053,S006-handoff,793.8899851380497,803.7212414127233,直连,,120.11755663365312,122.0
P00143,S001-handoff,794.0010388282708,803.8045316803891,直连,,119.77894086539243,122.0
P00035,leg1-cruise,797.5075081347863,802.3700657955625,直连,,119.68175102738253,122.0
P00147,leg2-climb,798.3022691647031,808.1974480655279,直连,,119.77954137711585,122.0
P00040,leg1-cruise,798.5228340822032,803.4788592471376,直连,,120.64896472217146,122.0
P00020,leg1-cruise,798.7514958081522,803.6748550122368,直连,,120.60897822025203,122.0
P00035,leg1-descent,802.3700657955625,810.0813019058578,直连,,119.78473145317764,122.0
P00037,leg1-cruise,803.2340484692488,813.2277023917472,直连,,121.03794136540849,122.0
P00040,leg1-cruise,803.4788592471376,808.434884412072,直连,,120.83737393767697,122.0
P00020,leg1-cruise,803.6748550122368,808.5982142163213,直连,,120.7966542816358,122.0
P00107,leg1-cruise,803.6949130555389,808.6149292524065,直连,,121.13390157866,122.0
P00053,S006-handoff,803.7212414127233,813.5524976873968,直连,,120.11755663365312,122.0
P00143,S001-handoff,803.8045316803891,813.6080245325073,直连,,119.77894086539243,122.0
P00147,leg2-climb,808.1974480655279,818.0926269663524,直连,,119.78135349189522,122.0
P00040,leg1-cruise,808.434884412072,813.3909095770064,直连,,121.02179131081715,122.0
P00020,leg1-cruise,808.5982142163213,813.5215734204057,直连,,120.98038377436431,122.0
P00107,leg1-cruise,808.6149292524065,813.5349454492739,直连,,121.27559895753369,122.0
P00035,leg1-descent,810.0813019058578,817.7925380161532,直连,,119.78316423819419,122.0
P00037,leg1-cruise,813.2277023917472,823.2213563142454,直连,,121.32691238673523,122.0
P00040,leg1-cruise,813.3909095770064,818.3469347419407,直连,,121.20238214591387,122.0
P00020,leg1-cruise,813.5215734204057,818.4449326244903,直连,,121.16032833112794,122.0
P00107,leg1-cruise,813.5349454492739,818.4549616461413,直连,,121.4150323426922,122.0
P00053,S006-handoff,813.5524976873968,823.3837539620704,直连,,120.11755663365312,122.0
P00143,S001-handoff,813.6080245325073,823.4115173846255,直连,,119.77894086539243,122.0
P00035,leg1-descent,817.7925380161532,825.5037741264485,直连,,119.78181643286587,122.0
P00147,leg2-climb,818.0926269663524,827.9878058671771,直连,,119.78397949772656,122.0
P00040,leg1-cruise,818.3469347419407,823.3029599068751,直连,,121.37930170729534,122.0
P00020,leg1-cruise,818.4449326244903,823.3682918285749,直连,,121.33663990899443,122.0
P00107,leg1-cruise,818.4549616461413,823.3749778430089,直连,,121.55227261097288,122.0
P00037,leg1-cruise,823.2213563142454,833.2150102367439,直连,,121.60659559120903,122.0
P00040,leg1-cruise,823.3029599068751,828.2589850718095,直连,,121.55269601469084,122.0
P00020,leg1-cruise,823.3682918285749,828.2916510326594,直连,,121.50946154229399,122.0
P00107,leg1-cruise,823.3749778430089,828.2949940398764,直连,,121.68738737720338,122.0
P00053,S006-handoff,823.3837539620704,833.2150102367439,直连,,120.11755663365312,122.0
P00143,S001-handoff,823.4115173846255,833.2150102367439,直连,,119.77894086539243,122.0
P00035,leg1-descent,825.5037741264485,833.2150102367439,直连,,119.78068824168966,122.0
P00147,leg2-cruise,827.9878058671771,833.2150102367439,直连,,119.6739133334083,122.0
P00040,leg1-cruise,828.2589850718095,833.2150102367439,直连,,121.72270256154138,122.0
P00020,leg1-cruise,828.2916510326594,833.2150102367439,直连,,121.67892802411546,122.0
P00107,leg1-cruise,828.2949940398764,833.2150102367439,直连,,121.82044119045152,122.0
P00020,leg1-cruise,833.2150102367439,833.2580236292335,直连,,121.76316923297681,122.0
P00035,leg1-descent,833.2150102367439,833.2580236292335,直连,,119.78020402352485,122.0
P00037,leg1-cruise,833.2150102367439,833.2580236292335,直连,,121.74371990670565,122.0
P00040,leg1-cruise,833.2150102367439,833.2580236292335,直连,,121.80719977463558,122.0
P00053,S006-handoff,833.2150102367439,833.2580236292335,直连,,120.11755663365312,122.0
P00107,leg1-cruise,833.2150102367439,833.2580236292335,直连,,121.8867874625669,122.0
P00143,S001-handoff,833.2150102367439,833.2580236292335,直连,,119.77894086539243,122.0
P00147,leg2-cruise,833.2150102367439,833.2580236292335,直连,,119.55984001909306,122.0
P00020,leg1-cruise,833.2580236292335,833.6799164156444,直连,,121.77101365592554,122.0
P00035,leg1-descent,833.2580236292335,833.6799164156444,直连,,119.78017675809068,122.0
P00037,leg1-cruise,833.2580236292335,833.6799164156444,直连,,121.75001954216552,122.0
P00040,leg1-cruise,833.2580236292335,833.6799164156444,直连,,121.81501639504083,122.0
P00053,S006-handoff,833.2580236292335,833.6799164156444,直连,,120.11755663365312,122.0
P00107,leg1-cruise,833.2580236292335,833.6799164156444,直连,,121.89297659876902,122.0
P00143,S001-handoff,833.2580236292335,833.6799164156444,直连,,119.77894086539243,122.0
P00147,leg2-cruise,833.2580236292335,833.6799164156444,直连,,119.54970501859421,122.0
P00020,leg1-cruise,833.6799164156444,833.7120936764658,直连,,121.77866843871891,122.0
P00035,leg1-descent,833.6799164156444,833.7120936764658,直连,,119.78015032102715,122.0
P00037,leg1-cruise,833.6799164156444,833.7120936764658,直连,,121.75616794469627,122.0
P00040,leg1-cruise,833.6799164156444,833.7120936764658,直连,,121.82264405122707,122.0
P00053,S006-handoff,833.6799164156444,833.7120936764658,直连,,120.11755663365312,122.0
P00107,leg1-cruise,833.6799164156444,833.7120936764658,直连,,121.89901724043183,122.0
P00143,S001-handoff,833.6799164156444,833.7120936764658,直连,,119.77894086539243,122.0
P00147,leg2-cruise,833.6799164156444,833.7120936764658,直连,,119.53979483795632,122.0
P00020,leg1-cruise,833.7120936764658,838.6437230243903,直连,,121.86191403752399,122.0
P00035,leg1-descent,833.7120936764658,840.3052322628696,直连,,119.77978625928972,122.0
P00037,leg1-cruise,833.7120936764658,843.6891781509734,中继,RU-001,121.89060793340205,122.0
P00040,leg1-cruise,833.7120936764658,838.6594862293744,直连,,121.90585706605773,122.0
P00053,S006-handoff,833.7120936764658,842.9265570890902,直连,,120.11755663365312,122.0
P00107,leg1-cruise,833.7120936764658,843.5671892047378,中继,RU-001,122.02952391094661,122.0
P00143,S001-handoff,833.7120936764658,841.261103985261,直连,,119.77894086539243,122.0
P00147,leg2-cruise,833.7120936764658,838.6746720250484,直连,,119.43003165640457,122.0
P00020,leg1-cruise,838.6437230243903,843.5753523723147,中继,RU-001,122.02500570596831,122.0
P00040,leg1-cruise,838.6594862293744,843.6068787822828,中继,RU-001,122.06888248577329,122.0
P00147,leg2-cruise,838.6746720250484,843.637250373631,直连,,119.20772230656101,122.0
P00035,leg1-descent,840.3052322628696,846.8983708492734,直连,,119.77918245619051,122.0
P00143,S001-handoff,841.261103985261,848.8101142940563,直连,,119.77894086539243,122.0
P00053,S006-handoff,842.9265570890902,852.1410205017147,直连,,120.11755663365312,122.0
P00107,leg1-cruise,843.5671892047378,853.4222847330097,中继,RU-001,122.2840009013979,122.0
P00020,leg1-cruise,843.5753523723147,848.5069817202391,中继,RU-001,122.18510442269317,122.0
P00040,leg1-cruise,843.6068787822828,848.5542713351913,中继,RU-001,122.22890909388633,122.0
P00147,leg2-cruise,843.637250373631,848.5998287222137,直连,,118.97958460817918,122.0
P00037,leg1-cruise,843.6891781509734,853.666262625481,中继,RU-001,122.15257946111029,122.0
P00035,S001-handoff,846.8983708492734,856.8558176577841,直连,,119.77894086539243,122.0
P00020,leg1-cruise,848.5069817202391,853.4386110681636,中继,RU-001,122.34231758949991,122.0
P00040,leg1-cruise,848.5542713351913,853.5016638880998,中继,RU-001,122.38604505467151,122.0
P00147,leg2-cruise,848.5998287222137,853.5624070707963,直连,,118.74530536655487,122.0
P00143,S001-handoff,848.8101142940563,856.3591246028516,直连,,119.77894086539243,122.0
P00053,S006-handoff,852.1410205017147,861.3554839143393,直连,,120.11755663365312,122.0
P00107,leg1-cruise,853.4222847330097,863.2773802612818,中继,RU-001,122.53126004853308,122.0
P00020,leg1-cruise,853.4386110681636,858.3702404160881,中继,RU-001,122.49674695298214,122.0
P00040,leg1-cruise,853.5016638880998,858.4490564410082,中继,RU-001,122.54039279255632,122.0
P00147,leg2-cruise,853.5624070707963,858.5249854193789,直连,,118.50454550107904,122.0
P00037,leg1-cruise,853.666262625481,863.6433470999887,中继,RU-001,122.40689225799575,122.0
P00143,leg2-climb,856.3591246028516,866.2543035036763,直连,,119.77954137711585,122.0
P00035,S001-handoff,856.8558176577841,866.8132644662946,直连,,119.77894086539243,122.0
P00020,leg1-cruise,858.3702404160881,863.3018697640125,中继,RU-001,122.64848899305872,122.0
P00040,leg1-cruise,858.4490564410082,863.3964489939168,中继,RU-001,122.69204939060883,122.0
P00147,leg2-cruise,858.5249854193789,863.4875637679615,直连,,118.25693711857866,122.0
P00053,S006-handoff,861.3554839143393,870.5699473269638,直连,,120.11755663365312,122.0
P00107,leg1-cruise,863.2773802612818,873.1324757895538,中继,RU-001,122.77169810390261,122.0
P00020,leg1-cruise,863.3018697640125,868.233499111937,中继,RU-001,122.79763527885386,122.0
P00040,leg1-cruise,863.3964489939168,868.3438415468254,中继,RU-001,122.84110695507974,122.0
P00147,leg2-cruise,863.4875637679615,868.4501421165442,直连,,118.00208016206548,122.0
P00037,leg1-cruise,863.6433470999887,868.6318893372425,中继,RU-001,122.59286355821291,122.0
P00143,leg2-climb,866.2543035036763,876.1494824045009,直连,,119.78135349189522,122.0
P00035,S001-handoff,866.8132644662946,876.7707112748053,直连,,119.77894086539243,122.0
P00020,leg1-cruise,868.233499111937,873.1651284598615,中继,RU-001,122.94427279512635,122.0
P00040,leg1-cruise,868.3438415468254,873.2912340997339,中继,RU-001,122.98765294939966,122.0
P00147,leg2-cruise,868.4501421165442,873.4127204651268,直连,,117.73953855899569,122.0
P00037,leg1-cruise,868.6318893372425,873.6204315744963,中继,RU-001,122.71467156609407,122.0
P00053,S006-handoff,870.5699473269638,879.7844107395882,直连,,120.11755663365312,122.0
P00107,leg1-cruise,873.1324757895538,882.9875713178258,中继,RU-001,123.00568008764172,122.0
P00020,leg1-cruise,873.1651284598615,878.0967578077859,中继,RU-001,123.08848424212842,122.0
P00040,leg1-cruise,873.2912340997339,878.2386266526423,中继,RU-001,123.13177050066727,122.0
P00147,leg2-cruise,873.4127204651268,878.3752988137094,直连,,117.46883577687863,122.0
P00037,leg1-cruise,873.6204315744963,883.5975160490038,中继,RU-001,122.89424361131239,122.0
P00143,leg2-climb,876.1494824045009,886.0446613053256,直连,,119.78397949772656,122.0
P00035,S001-handoff,876.7707112748053,886.728158083316,直连,,119.77894086539243,122.0
P00020,leg1-cruise,878.0967578077859,883.0283871557104,中继,RU-001,123.23034831143914,122.0
P00040,leg1-cruise,878.2386266526423,883.1860192055508,中继,RU-001,123.27353868128282,122.0
P00147,leg2-cruise,878.3752988137094,883.337877162292,直连,,117.18944967363822,122.0
P00053,S006-handoff,879.7844107395882,888.9988741522127,直连,,120.11755663365312,122.0
P00107,leg1-cruise,882.9875713178258,887.9151190819618,中继,RU-001,123.17713323500165,122.0
P00020,leg1-cruise,883.0283871557104,887.960016503635,中继,RU-001,123.36993994001637,122.0
P00040,leg1-cruise,883.1860192055508,888.1334117584593,中继,RU-001,123.41303276811976,122.0
P00147,leg2-cruise,883.337877162292,888.3004555108746,直连,,116.90080650453426,122.0
P00037,leg1-cruise,883.5975160490038,893.5746005235114,中继,RU-001,123.12804723544413,122.0
P00143,leg2-cruise,886.0446613053256,895.8632873511233,直连,,119.61722406001047,122.0
P00035,S001-handoff,886.728158083316,896.6856048918266,直连,,119.77894086539243,122.0
P00107,leg1-cruise,887.9151190819618,892.8426668460978,中继,RU-001,123.2895889934614,122.0
P00020,leg1-cruise,887.960016503635,892.8916458515594,中继,RU-001,123.50733054452522,122.0
P00040,leg1-cruise,888.1334117584593,893.0808043113678,中继,RU-001,123.55032448132341,122.0
P00147,leg2-cruise,888.3004555108746,893.2630338594572,直连,,116.6022739148805,122.0
P00053,S006-handoff,888.9988741522127,898.2133375648372,直连,,120.11755663365312,122.0
P00107,leg1-cruise,892.8426668460978,902.6977623743697,中继,RU-001,123.45559656146685,122.0
P00020,leg1-cruise,892.8916458515594,897.8232751994838,中继,RU-001,123.64258823771523,122.0
P00040,leg1-cruise,893.0808043113678,898.0281968642763,中继,RU-001,123.68548220465587,122.0
P00147,leg2-cruise,893.2630338594572,898.2256122080398,直连,,116.29315270619311,122.0
P00037,leg1-cruise,893.5746005235114,903.551684998019,中继,RU-001,123.35572945258325,122.0
P00143,leg2-cruise,895.8632873511233,905.6819133969211,直连,,119.27037606062905,122.0
P00035,S001-handoff,896.6856048918266,906.6430517003372,直连,,119.77894086539243,122.0
P00020,leg1-cruise,897.8232751994838,902.7549045474083,中继,RU-001,123.77577802848317,122.0
P00040,leg1-cruise,898.0281968642763,902.9755894171848,中继,RU-001,123.81857118905415,122.0
P00053,S006-handoff,898.2133375648372,907.4278009774616,直连,,120.11755663365312,122.0
P00147,leg2-cruise,898.2256122080398,903.1881905566225,直连,,115.97266710993941,122.0
P00107,leg1-cruise,902.6977623743697,912.5528579026418,中继,RU-001,123.6721299962704,122.0
P00020,leg1-cruise,902.7549045474083,907.6865338953328,中继,RU-001,123.90696200706505,122.0
P00040,leg1-cruise,902.9755894171848,907.9229819700934,中继,RU-001,123.94965374090606,122.0
P00147,leg2-cruise,903.1881905566225,908.1507689052052,直连,,115.63995323360375,122.0
P00037,leg1-cruise,903.551684998019,913.5287694725266,中继,RU-001,123.57760226237778,122.0
P00143,leg2-cruise,905.6819133969211,915.500539442719,直连,,118.90912737422013,122.0
P00035,S001-handoff,906.6430517003372,916.6004985088479,直连,,119.77894086539243,122.0
P00053,S006-handoff,907.4278009774616,916.6422643900862,直连,,120.11755663365312,122.0
P00020,leg1-cruise,907.6865338953328,912.6181632432572,中继,RU-001,124.03619951665873,122.0
P00040,leg1-cruise,907.9229819700934,912.8703745230018,中继,RU-001,124.07878939641446,122.0
P00147,leg2-cruise,908.1507689052052,913.1133472537878,直连,,115.29404525303653,122.0
P00107,leg1-descent,912.5528579026418,922.0492226487356,中继,RU-001,123.77733662144614,122.0
P00020,leg1-cruise,912.6181632432572,917.5497925911816,中继,RU-001,124.1635473126574,122.0
P00040,leg1-cruise,912.8703745230018,917.8177670759103,中继,RU-001,124.20603508325635,122.0
P00147,leg2-cruise,913.1133472537878,918.0759256023704,直连,,114.93385880512375,122.0
P00037,leg1-cruise,913.5287694725266,923.5058539470342,中继,RU-001,123.79395442929462,122.0
P00143,leg2-cruise,915.500539442719,925.3191654885167,直连,,118.53223292042574,122.0
P00035,S001-handoff,916.6004985088479,926.5579453173585,直连,,119.77894086539243,122.0
P00053,S006-handoff,916.6422643900862,925.8567278027107,直连,,120.11755663365312,122.0
P00020,leg1-cruise,917.5497925911816,922.4814219391061,中继,RU-001,124.28905971054188,122.0
P00040,leg1-cruise,917.8177670759103,922.7651596288189,中继,RU-001,124.33144527062497,122.0
P00147,leg2-cruise,918.0759256023704,923.038503950953,直连,,114.55817087510741,122.0
P00107,leg1-descent,922.0492226487356,931.5455873948293,中继,RU-001,123.77534346571288,122.0
P00020,leg1-cruise,922.4814219391061,927.4130512870306,中继,RU-001,124.4127887233733,122.0
P00040,leg1-cruise,922.7651596288189,927.7125521817273,中继,RU-001,124.45507210865077,122.0
P00147,leg2-cruise,923.038503950953,928.0010822995357,直连,,104.16559525780644,122.0
P00037,leg1-cruise,923.5058539470342,933.4829384215419,中继,RU-001,124.00505373154193,122.0
P00143,leg2-cruise,925.3191654885167,935.1377915343145,直连,,118.13827922218648,122.0
P00053,S006-handoff,925.8567278027107,935.0711912153351,直连,,120.11755663365312,122.0
P00035,S001-handoff,926.5579453173585,936.5153921258691,直连,,119.77894086539243,122.0
P00020,leg1-cruise,927.4130512870306,932.344680634955,中继,RU-001,124.53478418978754,122.0
P00040,leg1-cruise,927.7125521817273,932.6599447346358,中继,RU-001,124.57696555808643,122.0
P00147,leg2-cruise,928.0010822995357,932.9636606481183,直连,,103.75455237920845,122.0
P00107,S013-handoff,931.5455873948293,941.0192716053557,中继,RU-001,123.77442449618124,122.0
P00020,leg1-cruise,932.344680634955,937.2763099828794,中继,RU-001,124.65509389321463,122.0
P00040,leg1-cruise,932.6599447346358,937.6073372875444,中继,RU-001,124.6971735110625,122.0
P00147,leg2-cruise,932.9636606481183,937.9262389967009,直连,,103.32323186187827,122.0
P00037,leg1-cruise,933.4829384215419,943.4600228960495,中继,RU-001,124.21114894458537,122.0
P00053,leg2-climb,935.0711912153351,943.6208311079133,直连,,120.11946102007929,122.0
P00143,leg2-cruise,935.1377915343145,944.9564175801122,直连,,117.72565268316322,122.0
P00035,S001-handoff,936.5153921258691,946.4728389343798,直连,,119.77894086539243,122.0
P00020,leg1-cruise,937.2763099828794,942.2079393308039,中继,RU-001,124.77376367307254,122.0
P00040,leg1-cruise,937.6073372875444,942.5547298404529,中继,RU-001,124.81574190363008,122.0
P00147,leg2-cruise,937.9262389967009,942.8888173452835,直连,,102.86954565551392,122.0
P00107,S013-handoff,941.0192716053557,950.4929558158819,中继,RU-001,123.77442449618124,122.0
P00020,leg1-cruise,942.2079393308039,947.1395686787284,中继,RU-001,124.89083752855574,122.0
P00040,leg1-cruise,942.5547298404529,947.5021223933613,中继,RU-001,124.93271482076626,122.0
P00147,leg2-cruise,942.8888173452835,947.8513956938662,直连,,102.39106876013875,122.0
P00037,leg1-cruise,943.4600228960495,953.4371073705571,中继,RU-001,124.41247159595922,122.0
P00053,leg2-climb,943.6208311079133,952.1704710004914,直连,,120.12368907187269,122.0
P00143,leg2-cruise,944.9564175801122,954.77504362591,直连,,117.29250004795173,122.0
P00035,S001-handoff,946.4728389343798,956.4302857428904,直连,,119.77894086539243,122.0
P00020,leg1-cruise,947.1395686787284,952.0711980266528,中继,RU-001,125.00635771560763,122.0
P00040,leg1-cruise,947.5021223933613,952.4495149462698,中继,RU-001,125.04813459443507,122.0
P00147,leg2-cruise,947.8513956938662,952.8139740424488,直连,,101.88496343169946,122.0
P00107,S013-handoff,950.4929558158819,959.9666400264083,中继,RU-001,123.77442449618124,122.0
P00020,leg1-cruise,952.0711980266528,957.0028273745774,中继,RU-001,125.12036483759753,122.0
P00053,leg2-cruise,952.1704710004914,957.0794730194048,直连,,120.04559514492662,122.0
P00040,leg1-cruise,952.4495149462698,957.3969074991783,中继,RU-001,125.16204189523239,122.0
P00147,leg2-cruise,952.8139740424488,957.7765523910314,直连,,101.34788110517022,122.0
P00037,leg1-cruise,953.4371073705571,963.4141918450647,中继,RU-001,124.60923752226965,122.0
P00143,leg2-cruise,954.77504362591,964.5936696717077,直连,,116.83667862143926,122.0
P00035,S001-handoff,956.4302857428904,966.3877325514011,直连,,119.77894086539243,122.0
P00020,leg1-cruise,957.0028273745774,961.9344567225019,中继,RU-001,125.23289793019964,122.0
P00053,leg2-cruise,957.0794730194048,961.9884750383183,直连,,119.88250326423565,122.0
P00040,leg1-cruise,957.3969074991783,962.3443000520869,中继,RU-001,125.27447581813843,122.0
P00147,leg2-cruise,957.7765523910314,962.739130739614,直连,,100.77583382471897,122.0
P00107,S013-handoff,959.9666400264083,969.4403242369347,中继,RU-001,123.77442449618124,122.0
P00020,leg1-cruise,961.9344567225019,966.8660860704263,中继,RU-001,125.34399454089669,122.0
P00053,leg2-cruise,961.9884750383183,971.806479076145,直连,,119.63200612783317,122.0
P00040,leg1-cruise,962.3443000520869,967.2916926049954,中继,RU-001,125.38547396280507,122.0
P00147,leg2-cruise,962.739130739614,967.7017090881966,直连,,100.16402329611428,122.0
P00037,leg1-cruise,963.4141918450647,973.3912763195724,中继,RU-001,124.8016482545286,122.0
P00143,leg2-cruise,964.5936696717077,974.4122957175055,直连,,116.35569290258537,122.0
P00035,S001-handoff,966.3877325514011,976.3451793599116,直连,,119.77894086539243,122.0
P00020,leg1-cruise,966.8660860704263,971.7977154183508,中继,RU-001,125.45369080351514,122.0
P00040,leg1-cruise,967.2916926049954,972.2390851579039,中继,RU-001,125.4950725087956,122.0
P00147,leg2-cruise,967.7017090881966,972.6642874367792,直连,,99.50661005998802,122.0
P00107,S013-handoff,969.4403242369347,978.9140084474609,中继,RU-001,123.77442449618124,122.0
P00020,leg1-cruise,971.7977154183508,976.7293447662753,中继,RU-001,125.56202150817434,122.0
P00053,leg2-cruise,971.806479076145,981.6244831139719,直连,,119.28642454335981,122.0
P00040,leg1-cruise,972.2390851579039,977.1864777108124,中继,RU-001,125.60330628615846,122.0
P00147,leg2-cruise,972.6642874367792,977.6268657853618,直连,,98.79639655467973,122.0
P00037,leg1-cruise,973.3912763195724,983.36836079408,中继,RU-001,124.98989225403392,122.0
P00143,leg2-cruise,974.4122957175055,984.2309217633033,直连,,115.84661294571715,122.0
P00035,S001-handoff,976.3451793599116,986.3026261684223,直连,,119.77894086539243,122.0
P00020,leg1-cruise,976.7293447662753,981.6609741141997,中继,RU-001,125.66902016695852,122.0
P00040,leg1-cruise,977.1864777108124,982.1338702637208,中继,RU-001,125.71020884167679,122.0
P00147,leg2-cruise,977.6268657853618,982.5894441339445,直连,,98.02438405945847,122.0
P00107,S013-handoff,978.9140084474609,988.3876926579873,中继,RU-001,123.77442449618124,122.0
P00053,leg2-cruise,981.6244831139719,991.4424871517988,直连,,118.92660728369768,122.0
P00020,leg1-cruise,981.6609741141997,986.5926034621241,中继,RU-001,125.77471907563479,122.0
P00040,leg1-cruise,982.1338702637208,987.0812628166293,中继,RU-001,125.81581250109315,122.0
P00147,leg2-cruise,982.5894441339445,987.5520224825271,直连,,97.17914153214869,122.0
P00037,leg1-cruise,983.36836079408,993.3454452685876,中继,RU-001,125.17414601771095,122.0
P00143,leg2-cruise,984.2309217633033,994.0495478091011,直连,,115.30596777067473,122.0
P00035,S001-handoff,986.3026261684223,996.260072976933,直连,,119.77894086539243,122.0
P00020,leg1-cruise,986.5926034621241,991.5242328100486,中继,RU-001,125.87914937170436,122.0
P00040,leg1-cruise,987.0812628166293,992.0286553695379,中继,RU-001,125.9201484276225,122.0
P00147,leg2-cruise,987.5520224825271,992.5146008311098,直连,,96.24588933203667,122.0
P00107,S013-handoff,988.3876926579873,997.8613768685136,中继,RU-001,123.77442449618124,122.0
P00053,leg2-cruise,991.4424871517988,1001.2604911896256,直连,,118.55133903181098,122.0
P00020,leg1-cruise,991.5242328100486,996.4558621579731,中继,RU-001,125.98234108902942,122.0
P00040,leg1-cruise,992.0286553695379,996.9760479224465,中继,RU-001,126.02324667699725,122.0
P00147,leg2-cruise,992.5146008311098,997.4771791796924,直连,,95.20514669432399,122.0
P00037,leg1-cruise,993.3454452685876,1003.3225297430952,中继,RU-001,125.35457506910548,122.0
P00143,leg2-cruise,994.0495478091011,1003.8681738548988,直连,,114.72960412724932,122.0
P00035,S001-handoff,996.260072976933,1006.2175197854435,直连,,119.77894086539243,122.0
P00020,leg1-cruise,996.4558621579731,1001.3874915058975,中继,RU-001,126.0843232092883,122.0
P00040,leg1-cruise,996.9760479224465,1001.9234404753549,中继,RU-001,126.12513624929956,122.0
P00147,leg2-cruise,997.4771791796924,1002.439757528275,直连,,94.0307179772853,122.0
P00107,S013-handoff,997.8613768685136,1007.3350610790399,中继,RU-001,123.77442449618124,122.0
P00053,leg2-cruise,1001.2604911896256,1011.0784952274524,直连,,118.15924308797217,122.0
P00020,leg1-cruise,1001.3874915058975,1006.3191208538219,中继,RU-001,126.18512371046954,122.0
P00040,leg1-cruise,1001.9234404753549,1006.8708330282634,中继,RU-001,126.22584513779096,122.0
P00147,leg2-cruise,1002.439757528275,1007.4023358768577,直连,,92.68674192139362,122.0
P00037,leg1-cruise,1003.3225297430952,1013.2996142176028,中继,RU-001,125.53133484893674,122.0
P00143,leg2-cruise,1003.8681738548988,1013.6867999006965,直连,,104.11249625163042,122.0
P00035,S001-handoff,1006.2175197854435,1016.1749665939542,直连,,119.77894086539243,122.0
P00020,leg1-cruise,1006.3191208538219,1011.2507502017464,中继,RU-001,126.28476961261259,122.0
P00040,leg1-cruise,1006.8708330282634,1011.8182255811719,中继,RU-001,126.3254003749586,122.0
P00107,S013-handoff,1007.3350610790399,1016.8087452895662,中继,RU-001,123.77442449618124,122.0
P00147,leg2-cruise,1007.4023358768577,1012.3649142254403,直连,,91.1237813316039,122.0
P00053,leg2-cruise,1011.0784952274524,1020.8964992652792,直连,,117.74875172439529,122.0
P00020,leg1-cruise,1011.2507502017464,1016.1823795496709,中继,RU-001,126.38328702096456,122.0
P00040,leg1-cruise,1011.8182255811719,1016.7656181340803,中继,RU-001,126.42382807596287,122.0
P00147,leg2-cruise,1012.3649142254403,1017.3274925740229,直连,,89.27602428559862,122.0
P00037,leg1-cruise,1013.2996142176028,1023.2766986921104,中继,RU-001,125.70457151715905,122.0
P00143,leg2-cruise,1013.6867999006965,1023.5054259464944,直连,,103.44848484892461,122.0
P00035,S001-handoff,1016.1749665939542,1026.1324134024649,直连,,119.77894086539243,122.0
P00020,leg1-cruise,1016.1823795496709,1021.1140088975953,中继,RU-001,126.48070116675916,122.0
P00040,leg1-cruise,1016.7656181340803,1021.7130106869889,中继,RU-001,126.52115347964718,122.0
P00107,S013-handoff,1016.8087452895662,1026.2824295000926,中继,RU-001,123.77442449618124,122.0
P00147,leg2-cruise,1017.3274925740229,1022.2900709226055,直连,,87.07398599538652,122.0
P00053,leg2-cruise,1020.8964992652792,1030.714503303106,直连,,117.31806947581404,122.0
P00020,leg1-cruise,1021.1140088975953,1026.04563824552,中继,RU-001,126.57703644573098,122.0
P00040,leg1-cruise,1021.7130106869889,1026.6604032398975,中继,RU-001,126.61740098729314,122.0
P00147,leg2-cruise,1022.2900709226055,1027.2526492711881,直连,,84.55396971551785,122.0
P00037,leg1-cruise,1023.2766986921104,1033.253783166618,中继,RU-001,125.87442267688658,122.0
P00143,leg2-cruise,1023.5054259464944,1033.3240519922922,直连,,102.72991147153638,122.0
P00020,leg1-cruise,1026.04563824552,1030.9772675934444,中继,RU-001,126.6723164545477,122.0
P00035,S001-handoff,1026.1324134024649,1036.0898602109755,直连,,119.77894086539243,122.0
P00107,S013-handoff,1026.2824295000926,1035.7561137106188,中继,RU-001,123.77442449618124,122.0
P00040,leg1-cruise,1026.6604032398975,1031.607795792806,中继,RU-001,126.71259419925595,122.0
P00147,leg2-cruise,1027.2526492711881,1032.2152276197708,直连,,82.38408493933227,122.0
P00053,leg2-cruise,1030.714503303106,1040.5325073409329,直连,,116.86512727074351,122.0
P00020,leg1-cruise,1030.9772675934444,1035.9088969413688,中继,RU-001,126.76656402527342,122.0
P00040,leg1-cruise,1031.607795792806,1036.5551883457144,中继,RU-001,126.80675594961374,122.0
P00147,leg2-descent,1032.2152276197708,1041.9056682935989,直连,,81.13449505143436,122.0
P00037,leg1-cruise,1033.253783166618,1043.2308676411255,中继,RU-001,126.0410180291212,122.0
P00143,leg2-cruise,1033.3240519922922,1043.1426780380898,直连,,101.94709420372484,122.0
P00107,S013-handoff,1035.7561137106188,1045.2297979211453,中继,RU-001,123.77442449618124,122.0
P00020,leg1-cruise,1035.9088969413688,1040.8405262892932,中继,RU-001,126.85980125800423,122.0
P00035,S001-handoff,1036.0898602109755,1046.0473070194862,直连,,119.77894086539243,122.0
P00040,leg1-cruise,1036.5551883457144,1041.502580898623,中继,RU-001,126.8999083389698,122.0
P00053,leg2-cruise,1040.5325073409329,1050.3505113787598,直连,,116.3875245565991,122.0
P00020,leg1-cruise,1040.8405262892932,1045.7721556372176,中继,RU-001,126.95204955177616,122.0
P00040,leg1-cruise,1041.502580898623,1046.4499734515314,中继,RU-001,126.99207276552121,122.0
P00147,leg2-descent,1041.9056682935989,1051.596108967427,直连,,79.04372855980824,122.0
P00143,leg2-cruise,1043.1426780380898,1052.9613040838876,直连,,101.08755538491656,122.0
P00037,leg1-cruise,1043.2308676411255,1053.2079521156331,中继,RU-001,126.20447996608033,122.0
P00107,S013-handoff,1045.2297979211453,1054.7034821316715,中继,RU-001,123.77442449618124,122.0
P00020,leg1-cruise,1045.7721556372176,1050.7037849851422,中继,RU-001,127.04332963386595,122.0
P00035,S001-handoff,1046.0473070194862,1056.0047538279969,直连,,119.77894086539243,122.0
P00040,leg1-cruise,1046.4499734515314,1051.3973660044398,中继,RU-001,127.08326995449067,122.0
P00053,leg2-cruise,1050.3505113787598,1060.1685154165866,直连,,115.88245550282726,122.0
P00020,leg1-cruise,1050.7037849851422,1055.6354143330666,中继,RU-001,127.13366158757813,122.0
P00040,leg1-cruise,1051.3973660044398,1056.3447585573485,中继,RU-001,127.17351998604384,122.0
P00147,leg2-descent,1051.596108967427,1061.286549641255,直连,,76.28456620563057,122.0
P00143,leg2-cruise,1052.9613040838876,1062.7799301296855,直连,,100.13484872048119,122.0
P00037,leg1-cruise,1053.2079521156331,1063.1850365901407,中继,RU-001,126.36492410988926,122.0
P00107,S013-handoff,1054.7034821316715,1064.1771663421978,中继,RU-001,123.77442449618124,122.0
P00020,leg1-cruise,1055.6354143330666,1060.567043680991,中继,RU-001,127.22306487860796,122.0
P00035,S001-handoff,1056.0047538279969,1065.9622006365075,直连,,119.77894086539243,122.0
P00040,leg1-cruise,1056.3447585573485,1061.292151110257,中继,RU-001,127.26284232176886,122.0
P00053,leg2-cruise,1060.1685154165866,1065.0775174354999,直连,,115.48366209935531,122.0
P00020,leg1-cruise,1060.567043680991,1065.4986730289156,中继,RU-001,127.31155838007845,122.0
P00147,leg2-descent,1061.286549641255,1070.9769903150832,直连,,72.21730887279034,122.0
P00040,leg1-cruise,1061.292151110257,1066.2395436631655,中继,RU-001,127.35125582981593,122.0
P00143,leg2-cruise,1062.7799301296855,1072.5985561754833,直连,,99.06671421641943,122.0
P00037,leg1-cruise,1063.1850365901407,1073.1621210646485,中继,RU-001,126.52245980257733,122.0
P00107,S013-handoff,1064.1771663421978,1073.6508505527243,中继,RU-001,123.77442449618124,122.0
P00053,leg2-cruise,1065.0775174354999,1069.9865194544134,直连,,115.20740038752571,122.0
P00020,leg1-cruise,1065.4986730289156,1070.43030237684,中继,RU-001,127.39916039631817,122.0
P00035,S001-handoff,1065.9622006365075,1075.919647445018,直连,,119.77894086539243,122.0
P00040,leg1-cruise,1066.2395436631655,1071.186936216074,中继,RU-001,127.43877880876676,122.0
P00053,leg2-cruise,1069.9865194544134,1074.8955214733269,直连,,114.92220110809691,122.0
P00020,leg1-descent,1070.43030237684,1079.3303687017099,中继,RU-001,127.4421741698095,122.0
P00147,leg2-descent,1070.9769903150832,1080.6674309889113,直连,,64.31881537331907,122.0
P00040,leg1-descent,1071.186936216074,1080.132361631113,中继,RU-001,127.48199166464359,122.0
P00143,leg2-cruise,1072.5985561754833,1082.417182221281,直连,,97.8520566432842,122.0
P00037,leg1-cruise,1073.1621210646485,1078.1506633019023,中继,RU-001,126.6387653754472,122.0
P00107,S013-handoff,1073.6508505527243,1083.1245347632505,中继,RU-001,123.77442449618124,122.0
P00053,leg2-cruise,1074.8955214733269,1079.8045234922404,直连,,114.62747678631798,122.0
P00035,S001-handoff,1075.919647445018,1085.8770942535286,直连,,119.77894086539243,122.0
P00037,leg1-cruise,1078.1506633019023,1083.1392055391561,中继,RU-001,126.71544657552968,122.0
P00020,leg1-descent,1079.3303687017099,1088.2304350265797,中继,RU-001,127.44131589104262,122.0
P00053,leg2-cruise,1079.8045234922404,1084.7135255111539,直连,,114.32258123898288,122.0
P00040,leg1-descent,1080.132361631113,1089.077787046152,中继,RU-001,127.4815888297683,122.0
P00147,leg2-descent,1080.6674309889113,1090.3578716627394,直连,,57.9924056583726,122.0
P00143,leg2-cruise,1082.417182221281,1092.2358082670787,直连,,96.44576962711744,122.0
P00107,S013-handoff,1083.1245347632505,1092.5982189737767,中继,RU-001,123.77442449618124,122.0
P00037,leg1-cruise,1083.1392055391561,1093.1162900136637,中继,RU-001,126.82921444209532,122.0
P00053,leg2-cruise,1084.7135255111539,1089.6225275300671,直连,,104.00680167653924,122.0
P00035,S001-handoff,1085.8770942535286,1095.8345410620393,直连,,119.77894086539243,122.0
P00020,leg1-descent,1088.2304350265797,1097.1305013514493,中继,RU-001,127.44053593972625,122.0
P00040,leg1-descent,1089.077787046152,1098.0232124611912,中继,RU-001,127.48123623548668,122.0
P00053,leg2-cruise,1089.6225275300671,1094.5315295489804,直连,,103.67934947327196,122.0
P00143,leg2-cruise,1092.2358082670787,1102.0544343128765,直连,,94.77944721369933,122.0
P00107,S013-handoff,1092.5982189737767,1102.0719031843032,中继,RU-001,123.77442449618124,122.0
P00037,leg1-cruise,1093.1162900136637,1103.0933744881713,中继,RU-001,126.97862449995337,122.0
P00053,leg2-cruise,1094.5315295489804,1099.440531567894,直连,,103.33934933855903,122.0
P00035,S001-handoff,1095.8345410620393,1105.79198787055,直连,,119.77894086539243,122.0
P00020,leg1-descent,1097.1305013514493,1106.0305676763192,中继,RU-001,127.43983435809713,122.0
P00040,leg1-descent,1098.0232124611912,1106.96863787623,中继,RU-001,127.48093389403924,122.0
P00053,leg2-cruise,1099.440531567894,1109.2585356057207,直连,,102.80365874306017,122.0
P00143,leg2-cruise,1102.0544343128765,1111.8730603586744,直连,,92.74417043864779,122.0
P00107,S013-handoff,1102.0719031843032,1111.5455873948295,中继,RU-001,123.77442449618124,122.0
P00037,leg1-cruise,1103.0933744881713,1113.070458962679,中继,RU-001,127.12550904244077,122.0
P00035,S001-handoff,1105.79198787055,1115.7494346790606,直连,,119.77894086539243,122.0
P00020,leg1-descent,1106.0305676763192,1114.930634001189,中继,RU-001,127.43921118416316,122.0
P00040,leg1-descent,1106.96863787623,1115.9140632912693,中继,RU-001,127.48068181592379,122.0
P00053,leg2-cruise,1109.2585356057207,1119.0765396435477,直连,,102.03537905817474,122.0
P00107,leg2-climb,1111.5455873948295,1120.0106081467825,中继,RU-001,123.77540942387138,122.0
P00143,leg2-cruise,1111.8730603586744,1121.691686404472,直连,,90.16068595088801,122.0
P00037,leg1-cruise,1113.070458962679,1123.0475434371865,中继,RU-001,127.26995198630051,122.0
P00020,leg1-descent,1114.930634001189,1123.8307003260588,中继,RU-001,127.43866645169653,122.0
P00035,S001-handoff,1115.7494346790606,1125.706881487571,直连,,119.77894086539243,122.0
P00040,S002-handoff,1115.9140632912693,1125.8140632912693,中继,RU-001,127.4805746284193,122.0
P00053,leg2-cruise,1119.0765396435477,1128.8945436813744,直连,,101.19505758530933,122.0
P00107,leg2-climb,1120.0106081467825,1128.4756288987357,中继,RU-001,123.77755686772966,122.0
P00143,leg2-cruise,1121.691686404472,1131.5103124502698,直连,,86.77063365844988,122.0
P00037,leg1-cruise,1123.0475434371865,1133.024627911694,中继,RU-001,127.4120331360207,122.0
P00020,S012-handoff,1123.8307003260588,1133.8307003260588,中继,RU-001,127.43842351040759,122.0
P00035,S001-handoff,1125.706881487571,1135.6643282960817,直连,,119.77894086539243,122.0
P00040,S002-handoff,1125.8140632912693,1135.7140632912692,中继,RU-001,127.4805746284193,122.0
P00107,leg2-climb,1128.4756288987357,1136.9406496506888,中继,RU-001,123.77994079924201,122.0
P00053,leg2-cruise,1128.8945436813744,1138.7125477192012,直连,,100.26846841120901,122.0
P00143,leg2-cruise,1131.5103124502698,1141.3289384960676,直连,,82.88383902694989,122.0
P00037,leg1-descent,1133.024627911694,1141.9700533267333,中继,RU-001,127.48193856321288,122.0
P00020,S012-handoff,1133.8307003260588,1143.8307003260588,中继,RU-001,127.43842351040759,122.0
P00035,S001-handoff,1135.6643282960817,1145.6217751045924,直连,,119.77894086539243,122.0
P00040,S002-handoff,1135.7140632912692,1145.6140632912693,中继,RU-001,127.4805746284193,122.0
P00107,leg2-climb,1136.9406496506888,1145.4056704026418,中继,RU-001,123.78256082858304,122.0
P00053,leg2-cruise,1138.7125477192012,1148.5305517570282,直连,,99.23704115616549,122.0
P00143,leg2-descent,1141.3289384960676,1151.0193791698957,直连,,81.13449505143436,122.0
P00037,leg1-descent,1141.9700533267333,1150.9154787417722,中继,RU-001,127.48145071864766,122.0
P00020,S012-handoff,1143.8307003260588,1153.8307003260588,中继,RU-001,127.43842351040759,122.0
P00107,leg2-climb,1145.4056704026418,1153.870691154595,中继,RU-001,123.78541652789599,122.0
P00040,S002-handoff,1145.6140632912693,1155.5140632912692,中继,RU-001,127.4805746284193,122.0
P00035,S001-handoff,1145.6217751045924,1155.579221913103,直连,,119.77894086539243,122.0
P00053,leg2-cruise,1148.5305517570282,1158.348555794855,直连,,98.0761533209399,122.0
P00037,leg1-descent,1150.9154787417722,1159.860904156811,中继,RU-001,127.48104138237362,122.0
P00143,leg2-descent,1151.0193791698957,1160.7098198437238,直连,,79.04372855980824,122.0
P00020,S012-handoff,1153.8307003260588,1163.8307003260588,中继,RU-001,127.43842351040759,122.0
P00107,leg2-climb,1153.870691154595,1162.335711906548,中继,RU-001,123.78850743152448,122.0
P00040,S002-handoff,1155.5140632912692,1165.4140632912693,中继,RU-001,127.4805746284193,122.0
P00035,S001-handoff,1155.579221913103,1165.5366687216138,直连,,119.77894086539243,122.0
P00053,leg2-cruise,1158.348555794855,1168.1665598326817,直连,,96.75282535347614,122.0
P00037,leg1-descent,1159.860904156811,1168.8063295718503,中继,RU-001,127.48071057659628,122.0
P00143,leg2-descent,1160.7098198437238,1170.400260517552,直连,,76.28456620563057,122.0
P00107,leg2-cruise,1162.335711906548,1171.9423349121932,中继,RU-001,123.77087674525487,122.0
P00020,S012-handoff,1163.8307003260588,1173.8307003260588,中继,RU-001,127.43842351040759,122.0
P00040,S002-handoff,1165.4140632912693,1175.3140632912693,中继,RU-001,127.4805746284193,122.0
P00035,S001-handoff,1165.5366687216138,1175.4941155301244,直连,,119.77894086539243,122.0
P00053,leg2-cruise,1168.1665598326817,1177.9845638705087,直连,,95.22326313354593,122.0
P00037,S002-handoff,1168.8063295718503,1178.8063295718503,中继,RU-001,127.4805746284193,122.0
P00143,leg2-descent,1170.400260517552,1180.09070119138,直连,,72.21730887279034,122.0
P00107,leg2-cruise,1171.9423349121932,1181.5489579178386,中继,RU-001,123.73580110249925,122.0
P00020,S012-handoff,1173.8307003260588,1183.8307003260588,中继,RU-001,127.43842351040759,122.0
P00040,S002-handoff,1175.3140632912693,1185.2140632912692,中继,RU-001,127.4805746284193,122.0
P00035,S001-handoff,1175.4941155301244,1185.451562338635,直连,,119.77894086539243,122.0
P00053,leg2-cruise,1177.9845638705087,1187.8025679083355,直连,,93.4334944376099,122.0
P00037,S002-handoff,1178.8063295718503,1188.8063295718503,中继,RU-001,127.4805746284193,122.0
P00143,leg2-descent,1180.09070119138,1189.7811418652082,直连,,64.31881537331907,122.0
P00107,leg2-cruise,1181.5489579178386,1191.1555809234837,中继,RU-001,123.7054233210859,122.0
P00020,S012-handoff,1183.8307003260588,1193.8307003260588,中继,RU-001,127.43842351040759,122.0
P00040,S002-handoff,1185.2140632912692,1195.1140632912693,中继,RU-001,127.4805746284193,122.0
P00035,S001-handoff,1185.451562338635,1195.4090091471458,直连,,119.77894086539243,122.0
P00053,leg2-cruise,1187.8025679083355,1197.6205719461623,直连,,91.33986635610543,122.0
P00037,S002-handoff,1188.8063295718503,1198.8063295718503,中继,RU-001,127.4805746284193,122.0
P00143,leg2-descent,1189.7811418652082,1199.4715825390363,直连,,57.9924056583726,122.0
P00107,leg2-cruise,1191.1555809234837,1200.7622039291289,中继,RU-001,123.67984448161991,122.0
P00020,S012-handoff,1193.8307003260588,1203.8307003260588,中继,RU-001,127.43842351040759,122.0
P00040,S002-handoff,1195.1140632912693,1205.0140632912692,中继,RU-001,127.4805746284193,122.0
P00035,S001-handoff,1195.4090091471458,1205.3664559556564,直连,,119.77894086539243,122.0
P00053,leg2-cruise,1197.6205719461623,1202.5295739650758,直连,,89.60661687358545,122.0
P00037,S002-handoff,1198.8063295718503,1208.8063295718503,中继,RU-001,127.4805746284193,122.0
P00107,leg2-cruise,1200.7622039291289,1210.3688269347742,中继,RU-001,123.6591509901574,122.0
P00053,leg2-cruise,1202.5295739650758,1207.4385759839893,直连,,88.46694117382063,122.0
P00020,S012-handoff,1203.8307003260588,1213.8307003260588,中继,RU-001,127.43842351040759,122.0
P00040,S002-handoff,1205.0140632912692,1214.9140632912693,中继,RU-001,127.4805746284193,122.0
P00035,S001-handoff,1205.3664559556564,1215.323902764167,直连,,119.77894086539243,122.0
P00053,leg2-cruise,1207.4385759839893,1217.256580021816,直连,,87.14418816324618,122.0
P00037,S002-handoff,1208.8063295718503,1218.8063295718503,中继,RU-001,127.4805746284193,122.0
P00107,leg2-cruise,1210.3688269347742,1219.9754499404194,中继,RU-001,123.64341362745654,122.0
P00020,S012-handoff,1213.8307003260588,1223.8307003260588,中继,RU-001,127.43842351040759,122.0
P00040,S002-handoff,1214.9140632912693,1224.8140632912693,中继,RU-001,127.4805746284193,122.0
P00035,S001-handoff,1215.323902764167,1225.2813495726775,直连,,119.77894086539243,122.0
P00053,leg2-descent,1217.256580021816,1226.7924935960348,直连,,86.35169831831641,122.0
P00037,S002-handoff,1218.8063295718503,1228.8063295718503,中继,RU-001,127.4805746284193,122.0
P00107,leg2-cruise,1219.9754499404194,1229.5820729460645,中继,RU-001,123.63268675458113,122.0
P00020,S012-handoff,1223.8307003260588,1233.8307003260588,中继,RU-001,127.43842351040759,122.0
P00040,S002-handoff,1224.8140632912693,1234.7140632912692,中继,RU-001,127.4805746284193,122.0
P00035,S001-handoff,1225.2813495726775,1235.2387963811882,直连,,119.77894086539243,122.0
P00053,leg2-descent,1226.7924935960348,1236.3284071702535,直连,,85.28605546193441,122.0
P00037,S002-handoff,1228.8063295718503,1238.8063295718503,中继,RU-001,127.4805746284193,122.0
P00107,leg2-cruise,1229.5820729460645,1239.1886959517099,中继,RU-001,123.6270076932911,122.0
P00020,S012-handoff,1233.8307003260588,1243.8307003260588,中继,RU-001,127.43842351040759,122.0
P00040,S002-handoff,1234.7140632912692,1244.6140632912693,中继,RU-001,127.4805746284193,122.0
P00035,S001-handoff,1235.2387963811882,1245.1962431896989,直连,,119.77894086539243,122.0
P00053,leg2-descent,1236.3284071702535,1245.8643207444723,直连,,84.07114615995937,122.0
P00037,S002-handoff,1238.8063295718503,1248.8063295718503,中继,RU-001,127.4805746284193,122.0
P00107,leg2-cruise,1239.1886959517099,1248.795318957355,中继,RU-001,123.62639629583686,122.0
P00020,S012-handoff,1243.8307003260588,1253.8307003260588,中继,RU-001,127.43842351040759,122.0
P00040,S002-handoff,1244.6140632912693,1254.5140632912692,中继,RU-001,127.4805746284193,122.0
P00035,S001-handoff,1245.1962431896989,1255.1536899982095,直连,,119.77894086539243,122.0
P00053,leg2-descent,1245.8643207444723,1255.400234318691,直连,,82.65823583839473,122.0
P00107,leg2-cruise,1248.795318957355,1258.4019419630001,中继,RU-001,123.63085471455942,122.0
P00037,S002-handoff,1248.8063295718503,1258.8063295718503,中继,RU-001,127.4805746284193,122.0
P00020,S012-handoff,1253.8307003260588,1263.8307003260588,中继,RU-001,127.43842351040759,122.0
P00040,S002-handoff,1254.5140632912692,1264.4140632912693,中继,RU-001,127.4805746284193,122.0
P00035,S001-handoff,1255.1536899982095,1265.1111368067202,直连,,119.77894086539243,122.0
P00053,leg2-descent,1255.400234318691,1264.93614789291,直连,,80.96997659851408,122.0
P00107,leg2-cruise,1258.4019419630001,1268.0085649686455,中继,RU-001,123.64036737683611,122.0
P00037,S002-handoff,1258.8063295718503,1268.8063295718503,中继,RU-001,127.4805746284193,122.0
P00020,S012-handoff,1263.8307003260588,1273.8307003260588,中继,RU-001,127.43842351040759,122.0
P00040,S002-handoff,1264.4140632912693,1274.3140632912693,中继,RU-001,127.4805746284193,122.0
P00053,leg2-descent,1264.93614789291,1274.4720614671287,直连,,78.87242282539995,122.0
P00035,S001-handoff,1265.1111368067202,1275.0685836152309,直连,,119.77894086539243,122.0
P00107,leg2-cruise,1268.0085649686455,1277.6151879742906,中继,RU-001,123.65490116601309,122.0
P00037,S002-handoff,1268.8063295718503,1278.8063295718503,中继,RU-001,127.4805746284193,122.0
P00020,S012-handoff,1273.8307003260588,1283.8307003260588,中继,RU-001,127.43842351040759,122.0
P00040,S002-handoff,1274.3140632912693,1284.2140632912692,中继,RU-001,127.4805746284193,122.0
P00053,leg2-descent,1274.4720614671287,1284.0079750413474,直连,,76.10138478115553,122.0
P00035,S001-handoff,1275.0685836152309,1285.0260304237413,直连,,119.77894086539243,122.0
P00107,leg2-descent,1277.6151879742906,1286.3277807477282,中继,RU-001,123.66258989738601,122.0
P00037,S002-handoff,1278.8063295718503,1288.8063295718503,中继,RU-001,127.4805746284193,122.0
P00020,S012-handoff,1283.8307003260588,1293.8307003260588,中继,RU-001,127.43842351040759,122.0
P00053,leg2-descent,1284.0079750413474,1293.5438886155662,直连,,72.0080100726417,122.0
P00040,S002-handoff,1284.2140632912692,1294.1140632912693,中继,RU-001,127.4805746284193,122.0
P00035,S001-handoff,1285.0260304237413,1294.983477232252,直连,,119.77894086539243,122.0
P00107,leg2-descent,1286.3277807477282,1295.0403735211655,中继,RU-001,123.65983113259854,122.0
P00037,S002-handoff,1288.8063295718503,1298.8063295718503,中继,RU-001,127.4805746284193,122.0
P00053,leg2-descent,1293.5438886155662,1303.079802189785,直连,,64.00517047440069,122.0
P00020,S012-handoff,1293.8307003260588,1303.8307003260588,中继,RU-001,127.43842351040759,122.0
P00040,S002-handoff,1294.1140632912693,1304.0140632912692,中继,RU-001,127.4805746284193,122.0
P00035,S001-handoff,1294.983477232252,1304.9409240407626,直连,,119.77894086539243,122.0
P00107,leg2-descent,1295.0403735211655,1303.752966294603,中继,RU-001,123.65725037529671,122.0
P00037,S002-handoff,1298.8063295718503,1308.8063295718503,中继,RU-001,127.4805746284193,122.0
P00053,leg2-descent,1303.079802189785,1312.6157157640037,直连,,58.20256818211547,122.0
P00107,leg2-descent,1303.752966294603,1312.4655590680406,中继,RU-001,123.65484794400734,122.0
P00020,S012-handoff,1303.8307003260588,1313.8307003260588,中继,RU-001,127.43842351040759,122.0
P00040,S002-handoff,1304.0140632912692,1313.9140632912693,中继,RU-001,127.4805746284193,122.0
P00035,S001-handoff,1304.9409240407626,1314.8983708492733,直连,,119.77894086539243,122.0
P00037,S002-handoff,1308.8063295718503,1318.8063295718503,中继,RU-001,127.4805746284193,122.0
P00107,leg2-descent,1312.4655590680406,1321.1781518414782,中继,RU-001,123.65262413564508,122.0
P00020,S012-handoff,1313.8307003260588,1323.8307003260588,中继,RU-001,127.43842351040759,122.0
P00040,S002-handoff,1313.9140632912693,1323.8140632912693,中继,RU-001,127.4805746284193,122.0
P00035,leg2-climb,1314.8983708492733,1323.8040318600156,直连,,119.77937214525187,122.0
P00037,S002-handoff,1318.8063295718503,1328.8063295718503,中继,RU-001,127.4805746284193,122.0
P00107,leg2-descent,1321.1781518414782,1329.8907446149155,中继,RU-001,123.65057922539064,122.0
P00035,leg2-climb,1323.8040318600156,1332.7096928707576,直连,,119.78057850625036,122.0
P00040,S002-handoff,1323.8140632912693,1333.7140632912692,中继,RU-001,127.4805746284193,122.0
P00020,S012-handoff,1323.8307003260588,1333.8307003260588,中继,RU-001,127.43842351040759,122.0
P00037,S002-handoff,1328.8063295718503,1338.8063295718503,中继,RU-001,127.4805746284193,122.0
P00107,leg2-descent,1329.8907446149155,1338.603337388353,中继,RU-001,123.64871346657789,122.0
P00035,leg2-climb,1332.7096928707576,1341.6153538814997,直连,,119.78224293556472,122.0
P00040,S002-handoff,1333.7140632912692,1343.6140632912693,中继,RU-001,127.4805746284193,122.0
P00020,S012-handoff,1333.8307003260588,1343.8307003260588,中继,RU-001,127.43842351040759,122.0
P00107,S010-handoff,1338.603337388353,1348.603337388353,中继,RU-001,123.64784784212937,122.0
P00037,S002-handoff,1338.8063295718503,1348.8063295718503,中继,RU-001,127.4805746284193,122.0
P00035,leg2-climb,1341.6153538814997,1350.521014892242,直连,,119.78436490661834,122.0
P00040,S002-handoff,1343.6140632912693,1353.5140632912692,中继,RU-001,127.4805746284193,122.0
P00020,S012-handoff,1343.8307003260588,1353.8307003260588,中继,RU-001,127.43842351040759,122.0
P00107,S010-handoff,1348.603337388353,1358.603337388353,中继,RU-001,123.64784784212937,122.0
P00037,S002-handoff,1348.8063295718503,1358.8063295718503,中继,RU-001,127.4805746284193,122.0
P00035,leg2-cruise,1350.521014892242,1355.383572553018,直连,,119.68175102738253,122.0
P00040,S002-handoff,1353.5140632912692,1363.4140632912693,中继,RU-001,127.4805746284193,122.0
P00020,S012-handoff,1353.8307003260588,1363.8307003260588,中继,RU-001,127.43842351040759,122.0
P00035,leg2-cruise,1355.383572553018,1360.246130213794,直连,,119.47026455867514,122.0
P00107,S010-handoff,1358.603337388353,1368.603337388353,中继,RU-001,123.64784784212937,122.0
P00037,S002-handoff,1358.8063295718503,1368.8063295718503,中继,RU-001,127.4805746284193,122.0
P00035,leg2-cruise,1360.246130213794,1365.10868787457,直连,,119.25350955942825,122.0
P00040,S002-handoff,1363.4140632912693,1373.3140632912691,中继,RU-001,127.4805746284193,122.0
P00020,leg2-climb,1363.8307003260588,1372.7307666509287,中继,RU-001,127.43871739420227,122.0
P00035,leg2-cruise,1365.10868787457,1369.971245535346,直连,,119.03121734057424,122.0
P00107,S010-handoff,1368.603337388353,1378.603337388353,中继,RU-001,123.64784784212937,122.0
P00037,S002-handoff,1368.8063295718503,1378.8063295718503,中继,RU-001,127.4805746284193,122.0
P00035,leg2-cruise,1369.971245535346,1374.833803196122,直连,,118.80309816357895,122.0
P00020,leg2-climb,1372.7307666509287,1381.6308329757985,中继,RU-001,127.43938990144393,122.0
P00040,S002-handoff,1373.3140632912691,1383.2140632912692,中继,RU-001,127.4805746284193,122.0
P00035,leg2-cruise,1374.833803196122,1379.6963608568983,直连,,118.56883898762844,122.0
P00107,S010-handoff,1378.603337388353,1388.603337388353,中继,RU-001,123.64784784212937,122.0
P00037,leg2-climb,1378.8063295718503,1388.7456911441159,中继,RU-001,127.48076025657136,122.0
P00035,leg2-cruise,1379.6963608568983,1384.5589185176743,直连,,118.32810090789717,122.0
P00020,leg2-climb,1381.6308329757985,1390.5308993006681,中继,RU-001,127.44017535022608,122.0
P00040,S002-handoff,1383.2140632912692,1393.1140632912693,中继,RU-001,127.4805746284193,122.0
P00035,leg2-cruise,1384.5589185176743,1389.4214761784503,直连,,118.08051623270364,122.0
P00107,S010-handoff,1388.603337388353,1398.603337388353,中继,RU-001,123.64784784212937,122.0
P00037,leg2-climb,1388.7456911441159,1398.6850527163815,中继,RU-001,127.48123623548668,122.0
P00035,leg2-cruise,1389.4214761784503,1394.2840338392264,直连,,117.82568513692075,122.0
P00020,leg2-climb,1390.5308993006681,1399.430965625538,中继,RU-001,127.44107367926193,122.0
P00040,S002-handoff,1393.1140632912693,1403.0140632912694,中继,RU-001,127.4805746284193,122.0
P00035,leg2-cruise,1394.2840338392264,1399.1465915000024,直连,,117.56317181589064,122.0
P00107,S010-handoff,1398.603337388353,1408.603337388353,中继,RU-001,123.64784784212937,122.0
P00037,leg2-climb,1398.6850527163815,1408.6244142886471,中继,RU-001,127.4818518048909,122.0
P00035,leg2-cruise,1399.1465915000024,1404.0091491607784,直连,,117.29250004795173,122.0
P00020,leg2-climb,1399.430965625538,1408.3310319504078,中继,RU-001,127.44208481848855,122.0
P00040,S002-handoff,1403.0140632912694,1412.9140632912693,中继,RU-001,127.4805746284193,122.0
P00035,leg2-cruise,1404.0091491607784,1408.8717068215544,直连,,117.01314805332449,122.0
P00020,leg2-cruise,1408.3310319504078,1413.2827001857593,中继,RU-001,127.39898330960686,122.0
P00107,S010-handoff,1408.603337388353,1418.603337388353,中继,RU-001,123.64784784212937,122.0
P00037,leg2-cruise,1408.6244142886471,1418.513780171815,中继,RU-001,127.41265262456149,122.0
P00035,leg2-cruise,1408.8717068215544,1418.5968221431065,直连,,116.57657470762791,122.0
P00040,S002-handoff,1412.9140632912693,1422.8140632912691,中继,RU-001,127.4805746284193,122.0
P00020,leg2-cruise,1413.2827001857593,1423.1860366564622,中继,RU-001,127.31102172984446,122.0
P00037,leg2-cruise,1418.513780171815,1428.4031460549827,中继,RU-001,127.27184095116752,122.0
P00035,leg2-cruise,1418.5968221431065,1423.4593798038827,直连,,116.11697661436108,122.0
P00107,S010-handoff,1418.603337388353,1428.603337388353,中继,RU-001,123.64784784212937,122.0
P00040,S002-handoff,1422.8140632912691,1432.7140632912692,中继,RU-001,127.4805746284193,122.0
P00020,leg2-cruise,1423.1860366564622,1428.1377048918137,中继,RU-001,127.13238346957795,122.0
P00035,leg2-cruise,1423.4593798038827,1428.3219374646587,直连,,115.79654258722702,122.0
P00020,leg2-cruise,1428.1377048918137,1433.0893731271651,中继,RU-001,127.04166914478819,122.0
P00035,leg2-cruise,1428.3219374646587,1433.1844951254348,直连,,115.46388643738172,122.0
P00037,leg2-cruise,1428.4031460549827,1438.2925119381503,中继,RU-001,127.12870984462717,122.0
P00107,S010-handoff,1428.603337388353,1438.603337388353,中继,RU-001,123.64784784212937,122.0
P00040,S002-handoff,1432.7140632912692,1442.6140632912693,中继,RU-001,127.4805746284193,122.0
P00020,leg2-cruise,1433.0893731271651,1438.0410413625166,中继,RU-001,126.94999860586101,122.0
P00035,leg2-cruise,1433.1844951254348,1438.0470527862108,直连,,115.11804335831835,122.0
P00020,leg2-cruise,1438.0410413625166,1442.992709597868,中继,RU-001,126.85735151067753,122.0
P00035,leg2-cruise,1438.0470527862108,1442.9096104469868,直连,,114.75793022341097,122.0
P00037,leg2-cruise,1438.2925119381503,1448.181877821318,中继,RU-001,126.98318165554164,122.0
P00107,S010-handoff,1438.603337388353,1448.603337388353,中继,RU-001,123.64784784212937,122.0
P00040,S002-handoff,1442.6140632912693,1452.5140632912694,中继,RU-001,127.4805746284193,122.0
P00035,leg2-cruise,1442.9096104469868,1447.7721681077628,直连,,114.3823255321554,122.0
P00020,leg2-cruise,1442.992709597868,1447.9443778332195,中继,RU-001,126.76370686200283,122.0
P00035,leg2-cruise,1447.7721681077628,1452.6347257685388,直连,,103.98984494957003,122.0
P00020,leg2-cruise,1447.9443778332195,1452.896046068571,中继,RU-001,126.66904297908638,122.0
P00037,leg2-cruise,1448.181877821318,1458.0712437044858,中继,RU-001,126.83517477088238,122.0
P00107,S010-handoff,1448.603337388353,1458.603337388353,中继,RU-001,123.64784784212937,122.0
P00040,S002-handoff,1452.5140632912694,1462.4140632912693,中继,RU-001,127.4805746284193,122.0
P00035,leg2-cruise,1452.6347257685388,1457.4972834293148,直连,,103.57891123289369,122.0
P00020,leg2-cruise,1452.896046068571,1457.8477143039224,中继,RU-001,126.57333746772099,122.0
P00035,leg2-cruise,1457.4972834293148,1462.3598410900909,直连,,103.14771693998803,122.0
P00020,leg2-cruise,1457.8477143039224,1462.799382539274,中继,RU-001,126.47656718864195,122.0
P00037,leg2-cruise,1458.0712437044858,1467.9606095876536,中继,RU-001,126.68460333970387,122.0
P00107,S010-handoff,1458.603337388353,1468.603337388353,中继,RU-001,123.64784784212937,122.0
P00035,leg2-cruise,1462.3598410900909,1467.222398750867,直连,,102.69417775738575,122.0
P00040,S002-handoff,1462.4140632912693,1472.3140632912691,中继,RU-001,127.4805746284193,122.0
P00020,leg2-cruise,1462.799382539274,1467.7510507746254,中继,RU-001,126.37870822415606,122.0
P00035,leg2-cruise,1467.222398750867,1472.084956411643,直连,,102.2158735002532,122.0
P00020,leg2-cruise,1467.7510507746254,1472.7027190099768,中继,RU-001,126.2797358429001,122.0
P00037,leg2-cruise,1467.9606095876536,1477.8499754708212,中继,RU-001,126.53137697472167,122.0
P00107,S010-handoff,1468.603337388353,1478.603337388353,中继,RU-001,123.64784784212937,122.0
P00035,leg2-cruise,1472.084956411643,1476.947514072419,直连,,101.70997271261015,122.0
P00040,S002-handoff,1472.3140632912691,1482.2140632912692,中继,RU-001,127.4805746284193,122.0
P00020,leg2-cruise,1472.7027190099768,1477.6543872453283,中继,RU-001,126.17962446256486,122.0
P00035,leg2-cruise,1476.947514072419,1486.6726293939712,直连,,100.89190152621748,122.0
P00020,leg2-cruise,1477.6543872453283,1482.6060554806797,中继,RU-001,126.07834761047768,122.0
P00037,leg2-cruise,1477.8499754708212,1487.739341353989,中继,RU-001,126.37540042717555,122.0
P00107,S010-handoff,1478.603337388353,1488.603337388353,中继,RU-001,123.64784784212937,122.0
P00024,leg1-climb,1481.0,1490.6643641310836,直连,,54.86693134041158,122.0
P00040,S002-handoff,1482.2140632912692,1492.1140632912693,中继,RU-001,127.4805746284193,122.0
P00020,leg2-cruise,1482.6060554806797,1487.5577237160312,中继,RU-001,125.97587788187819,122.0
P00035,leg2-cruise,1486.6726293939712,1491.5351870547472,直连,,99.98993672592563,122.0
P00020,leg2-cruise,1487.5577237160312,1492.5093919513827,中继,RU-001,125.87218689571553,122.0
P00037,leg2-cruise,1487.739341353989,1497.6287072371567,中继,RU-001,126.21657323203573,122.0
P00107,S010-handoff,1488.603337388353,1498.603337388353,中继,RU-001,123.64784784212937,122.0
P00024,leg1-climb,1490.6643641310836,1500.328728262167,直连,,67.47175153025249,122.0
P00035,leg2-cruise,1491.5351870547472,1496.3977447155232,直连,,99.33297510855927,122.0
P00040,S002-handoff,1492.1140632912693,1502.0140632912694,中继,RU-001,127.4805746284193,122.0
P00020,leg2-cruise,1492.5093919513827,1497.4610601867341,中继,RU-001,125.76724524781739,122.0
P00035,leg2-cruise,1496.3977447155232,1501.2603023762993,直连,,98.62333273407312,122.0
P00020,leg2-cruise,1497.4610601867341,1502.4127284220858,中继,RU-001,125.66102246120701,122.0
P00037,leg2-cruise,1497.6287072371567,1507.5180731203245,中继,RU-001,126.05478932028174,122.0
P00107,S010-handoff,1498.603337388353,1508.603337388353,中继,RU-001,123.64784784212937,122.0
P00024,leg1-climb,1500.328728262167,1509.9930923932507,直连,,74.45455335092976,122.0
P00035,leg2-cruise,1501.2603023762993,1506.1228600370753,直连,,97.8520566432842,122.0
P00040,S002-handoff,1502.0140632912694,1511.9140632912693,中继,RU-001,127.4805746284193,122.0
P00020,leg2-cruise,1502.4127284220858,1507.3643966574373,中继,RU-001,125.55348693337834,122.0
P00035,leg2-cruise,1506.1228600370753,1510.9854176978513,直连,,97.00778546221129,122.0
P00020,leg2-cruise,1507.3643966574373,1512.3160648927887,中继,RU-001,125.44460588030186,122.0
P00037,leg2-cruise,1507.5180731203245,1517.407439003492,中继,RU-001,125.88993659447918,122.0
P00107,S010-handoff,1508.603337388353,1518.603337388353,中继,RU-001,123.64784784212937,122.0
P00024,leg1-climb,1509.9930923932507,1519.657456524334,直连,,78.27479999506971,122.0
P00035,leg2-cruise,1510.9854176978513,1515.8479753586273,直连,,96.0758495781406,122.0
P00040,leg2-climb,1511.9140632912693,1520.8594887063082,中继,RU-001,127.48071057659628,122.0
P00020,leg2-cruise,1512.3160648927887,1517.2677331281402,中继,RU-001,125.33434527690426,122.0
P00035,leg2-cruise,1515.8479753586273,1520.7105330194033,直连,,95.0369496468407,122.0
P00020,leg2-cruise,1517.2677331281402,1522.2194013634917,中继,RU-001,125.22266979377305,122.0
P00037,leg2-cruise,1517.407439003492,1527.2968048866599,中继,RU-001,125.7218964634404,122.0
P00107,leg3-climb,1518.603337388353,1527.9407302377456,中继,RU-001,123.64896933281241,122.0
P00024,leg1-climb,1519.657456524334,1529.3218206554177,直连,,80.91902666454601,122.0
P00035,leg2-cruise,1520.7105330194033,1525.5730906801793,直连,,93.8652047943,122.0
P00040,leg2-climb,1520.8594887063082,1529.8049141213473,中继,RU-001,127.48104138237362,122.0
P00020,leg2-cruise,1522.2194013634917,1527.1710695988431,中继,RU-001,125.10954272977239,122.0
P00035,leg2-cruise,1525.5730906801793,1530.4356483409556,直连,,92.52533379544903,122.0
P00020,leg2-cruise,1527.1710695988431,1532.1227378341946,中继,RU-001,124.99492594026333,122.0
P00037,leg2-cruise,1527.2968048866599,1537.1861707698276,中继,RU-001,125.55054333112932,122.0
P00107,leg3-climb,1527.9407302377456,1537.2781230871378,中继,RU-001,123.65143473071883,122.0
P00024,leg1-climb,1529.3218206554177,1538.986184786501,直连,,82.94334312371359,122.0
P00040,leg2-climb,1529.8049141213473,1538.7503395363865,中继,RU-001,127.48145071864766,122.0
P00035,leg2-cruise,1530.4356483409556,1535.2982060017316,直连,,90.96904582032133,122.0
P00020,leg2-cruise,1532.1227378341946,1537.074406069546,中继,RU-001,124.87877976058184,122.0
P00035,leg2-cruise,1535.2982060017316,1540.1607636625076,直连,,89.13297145284443,122.0
P00020,leg2-cruise,1537.074406069546,1542.0260743048975,中继,RU-001,124.76106292438404,122.0
P00037,leg2-cruise,1537.1861707698276,1547.0755366529954,中继,RU-001,125.37574403431522,122.0
P00107,leg3-climb,1537.2781230871378,1546.6155159365303,中继,RU-001,123.65419625647414,122.0
P00040,leg2-climb,1538.7503395363865,1547.6957649514254,中继,RU-001,127.48193856321288,122.0
P00024,leg1-climb,1538.986184786501,1548.6505489175847,直连,,84.58390813966605,122.0
P00035,leg2-cruise,1540.1607636625076,1545.0233213232837,直连,,86.95310959683883,122.0
P00020,leg2-cruise,1542.0260743048975,1546.977742540249,中继,RU-001,124.64173247645765,122.0
P00035,leg2-cruise,1545.0233213232837,1554.7484366448357,直连,,83.28353644380317,122.0
P00107,leg3-cruise,1546.6155159365303,1556.5705990649074,中继,RU-001,123.54683433800565,122.0
P00020,leg2-cruise,1546.977742540249,1551.9294107756004,中继,RU-001,124.52074367952478,122.0
P00037,leg2-cruise,1547.0755366529954,1556.964902536163,中继,RU-001,125.19735722267602,122.0
P00040,leg2-cruise,1547.6957649514254,1552.596145871693,中继,RU-001,127.43919254673868,122.0
P00024,leg1-climb,1548.6505489175847,1558.3149130486684,直连,,85.96328810257585,122.0
P00020,leg2-cruise,1551.9294107756004,1556.881079010952,中继,RU-001,124.39804991455057,122.0
P00040,leg2-cruise,1552.596145871693,1557.4965267919604,中继,RU-001,127.35250954816946,122.0
P00035,leg2-descent,1554.7484366448357,1563.5416739577406,直连,,81.38546694180692,122.0
P00107,leg3-cruise,1556.5705990649074,1561.548140629096,中继,RU-001,123.38096232626489,122.0
P00020,leg2-cruise,1556.881079010952,1561.8327472463034,中继,RU-001,124.27360257399809,122.0
P00037,leg2-cruise,1556.964902536163,1566.8542684193308,中继,RU-001,125.01523267415735,122.0
P00040,leg2-cruise,1557.4965267919604,1562.3969077122279,中继,RU-001,127.26495311705331,122.0
P00024,leg1-climb,1558.3149130486684,1567.9792771797518,直连,,87.15333706210691,122.0
P00107,leg3-cruise,1561.548140629096,1566.5256821932844,中继,RU-001,123.26860149900536,122.0
P00020,leg2-cruise,1561.8327472463034,1566.7844154816548,中继,RU-001,124.14735094742224,122.0
P00040,leg2-cruise,1562.3969077122279,1567.297288632495,中继,RU-001,127.17650548185593,122.0
P00035,leg2-descent,1563.5416739577406,1572.3349112706453,直连,,79.96490162140663,122.0
P00107,leg3-cruise,1566.5256821932844,1576.4807653216615,中继,RU-001,123.09729807677603,122.0
P00020,leg2-cruise,1566.7844154816548,1571.7360837170063,中继,RU-001,124.01924209875898,122.0
P00037,leg2-cruise,1566.8542684193308,1576.7436343024985,中继,RU-001,124.82921053729666,122.0
P00040,leg2-cruise,1567.297288632495,1572.1976695527626,中继,RU-001,127.08714832335598,122.0
P00024,leg1-climb,1567.9792771797518,1577.6436413108354,直连,,88.19981176531442,122.0
P00020,leg2-cruise,1571.7360837170063,1576.6877519523578,中继,RU-001,123.88922073453604,122.0
P00040,leg2-cruise,1572.1976695527626,1577.09805047303,中继,RU-001,126.99686275191328,122.0
P00035,leg2-descent,1572.3349112706453,1581.1281485835502,直连,,78.26569100397151,122.0
P00107,leg3-cruise,1576.4807653216615,1581.4583068858499,中继,RU-001,122.92256239491209,122.0
P00020,leg2-cruise,1576.6877519523578,1581.6394201877092,中继,RU-001,123.75722906222744,122.0
P00037,leg2-cruise,1576.7436343024985,1586.6330001856663,中继,RU-001,124.63912049095978,122.0
P00040,leg2-cruise,1577.09805047303,1581.9984313932973,中继,RU-001,126.90562928355683,122.0
P00024,leg1-climb,1577.6436413108354,1587.3080054419188,直连,,89.13365560290933,122.0
P00035,leg2-descent,1581.1281485835502,1589.921385896455,直连,,76.15117600734757,122.0
P00107,leg3-cruise,1581.4583068858499,1586.4358484500383,中继,RU-001,122.8040964778351,122.0
P00020,leg2-cruise,1581.6394201877092,1586.5910884230607,中继,RU-001,123.62320663784226,122.0
P00040,leg2-cruise,1581.9984313932973,1586.8988123135648,中继,RU-001,126.81342781479617,122.0
P00089,leg1-climb,1585.0,1592.8252744587924,直连,,58.39602148927846,122.0
P00107,leg3-cruise,1586.4358484500383,1596.3909315784153,中继,RU-001,122.62332560868741,122.0
P00020,leg2-cruise,1586.5910884230607,1591.5427566584121,中继,RU-001,123.48709020173986,122.0
P00037,leg2-cruise,1586.6330001856663,1596.522366068834,中继,RU-001,124.44478081048186,122.0
P00040,leg2-cruise,1586.8988123135648,1591.7991932338323,中继,RU-001,126.72023759609421,122.0
P00024,leg1-climb,1587.3080054419188,1596.9723695730024,直连,,89.97677454906335,122.0
P00035,leg2-descent,1589.921385896455,1598.7146232093598,直连,,73.35034900052443,122.0
P00020,leg2-cruise,1591.5427566584121,1596.4944248937636,中继,RU-001,123.34881350160911,122.0
P00040,leg2-cruise,1591.7991932338323,1596.6995741540998,中继,RU-001,126.62603720389677,122.0
P00089,leg1-climb,1592.8252744587924,1600.6505489175847,直连,,63.698941815875976,122.0
P00107,leg3-cruise,1596.3909315784153,1606.3460147067924,中继,RU-001,122.37632045660021,122.0
P00020,leg2-cruise,1596.4944248937636,1601.446093129115,中继,RU-001,123.20830710133693,122.0
P00037,leg2-cruise,1596.522366068834,1606.4117319520017,中继,RU-001,124.24599732739748,122.0
P00040,leg2-cruise,1596.6995741540998,1601.5999550743672,中继,RU-001,126.5308045111412,122.0
P00024,leg1-climb,1596.9723695730024,1606.6367337040858,直连,,90.74524634079843,122.0
P00035,leg2-descent,1598.7146232093598,1607.5078605222645,直连,,69.1909550720777,122.0
P00089,leg1-climb,1600.6505489175847,1608.475823376377,直连,,71.80610029825837,122.0
P00020,leg2-cruise,1601.446093129115,1606.3977613644665,中继,RU-001,123.06549817444403,122.0
P00040,leg2-cruise,1601.5999550743672,1606.5003359946345,中继,RU-001,126.43451665613091,122.0
P00107,leg3-cruise,1606.3460147067924,1616.3010978351695,中继,RU-001,122.1221208378941,122.0
P00020,leg2-cruise,1606.3977613644665,1611.349429599818,中继,RU-001,122.92031028055547,122.0
P00037,leg2-cruise,1606.4117319520017,1616.3010978351695,中继,RU-001,124.04256226791458,122.0
P00040,leg2-cruise,1606.5003359946345,1611.400716914902,中继,RU-001,126.33715000966839,122.0
P00024,leg1-climb,1606.6367337040858,1616.3010978351695,直连,,91.45122061942085,122.0
P00035,leg2-descent,1607.5078605222645,1616.3010978351695,直连,,60.91716571716768,122.0
P00089,leg1-climb,1608.475823376377,1616.3010978351695,直连,,75.92519694249235,122.0
P00020,leg2-cruise,1611.349429599818,1616.3010978351695,中继,RU-001,122.77266312321598,122.0
P00040,leg2-cruise,1611.400716914902,1616.3010978351695,中继,RU-001,126.23868014033482,122.0
P00020,leg2-cruise,1616.3010978351695,1621.0978178479086,中继,RU-001,122.62484221678902,122.0
P00024,leg1-climb,1616.3010978351695,1626.0251135334702,直连,,92.10604355190921,122.0
P00035,leg2-descent,1616.3010978351695,1621.863919766858,直连,,50.45480973916296,122.0
P00037,leg2-cruise,1616.3010978351695,1625.8945378606475,中继,RU-001,123.83740670203638,122.0
P00040,leg2-cruise,1616.3010978351695,1621.0978178479086,中继,RU-001,126.14014120662709,122.0
P00089,leg1-climb,1616.3010978351695,1625.8945378606475,直连,,78.9727949204533,122.0
P00107,leg3-cruise,1616.3010978351695,1621.0978178479086,直连,,121.92888820423622,122.0
P00020,leg2-cruise,1621.0978178479086,1625.8945378606475,中继,RU-001,122.47688242894489,122.0
P00040,leg2-cruise,1621.0978178479086,1625.8945378606475,中继,RU-001,126.04154372122574,122.0
P00107,leg3-cruise,1621.0978178479086,1625.8945378606475,直连,,121.80089034448999,122.0
P00035,leg2-descent,1621.863919766858,1627.4267416985467,直连,,63.243871096234784,122.0
P00020,leg2-cruise,1625.8945378606475,1630.6912578733863,中继,RU-001,122.32636879368667,122.0
P00037,leg2-cruise,1625.8945378606475,1635.4879778861255,中继,RU-001,123.63052303825916,122.0
P00040,leg2-cruise,1625.8945378606475,1635.4879778861255,中继,RU-001,125.89151794693579,122.0
P00089,leg1-climb,1625.8945378606475,1635.4879778861255,直连,,81.4234171767183,122.0
P00107,leg3-cruise,1625.8945378606475,1635.4879778861255,直连,,121.60530627661707,122.0
P00024,leg1-climb,1626.0251135334702,1635.749129231771,直连,,92.7167508936315,122.0
P00020,leg2-cruise,1630.6912578733863,1640.2846978988646,中继,RU-001,122.17321199201879,122.0
P00037,leg2-cruise,1635.4879778861255,1645.0814179116035,中继,RU-001,123.41859695253909,122.0
P00040,leg2-cruise,1635.4879778861255,1640.2846978988646,中继,RU-001,125.73885693380183,122.0
P00089,leg1-climb,1635.4879778861255,1645.0814179116035,直连,,83.33259729425326,122.0
P00107,leg3-cruise,1635.4879778861255,1645.0814179116035,直连,,121.3375244213964,122.0
P00024,leg1-cruise,1635.749129231771,1645.0814179116035,直连,,93.11320734479699,122.0
P00020,leg2-cruise,1640.2846978988646,1645.0814179116035,直连,,121.85858753511755,122.0
P00040,leg2-cruise,1640.2846978988646,1645.0814179116035,中继,RU-001,125.63557260970157,122.0
P00020,leg2-cruise,1645.0814179116035,1649.606604629603,直连,,121.70153349500485,122.0
P00024,leg1-cruise,1645.0814179116035,1649.606604629603,直连,,93.62602982860028,122.0
P00037,leg2-cruise,1645.0814179116035,1654.1317913476025,中继,RU-001,123.20760022183106,122.0
P00040,leg2-cruise,1645.0814179116035,1649.606604629603,中继,RU-001,125.53402204361933,122.0
P00089,leg1-climb,1645.0814179116035,1652.684548744575,直连,,84.74704785606426,122.0
P00107,leg3-cruise,1645.0814179116035,1654.1317913476025,直连,,121.0692178934516,122.0
P00020,leg2-cruise,1649.606604629603,1654.1317913476025,直连,,121.54630158723168,122.0
P00024,leg1-cruise,1649.606604629603,1654.1317913476025,直连,,94.13360579111377,122.0
P00040,leg2-cruise,1649.606604629603,1654.1317913476025,中继,RU-001,125.43428120203804,122.0
P00089,leg1-climb,1652.684548744575,1660.2876795775464,直连,,85.83075642640033,122.0
P00020,leg2-cruise,1654.1317913476025,1663.1821647836018,直连,,121.30815181752448,122.0
P00024,leg1-cruise,1654.1317913476025,1658.6569780656023,直连,,94.72667199200016,122.0
P00037,leg2-cruise,1654.1317913476025,1663.1821647836018,中继,RU-001,122.99773214514471,122.0
P00040,leg2-cruise,1654.1317913476025,1658.6569780656023,中继,RU-001,125.33338253173547,122.0
P00107,leg3-cruise,1654.1317913476025,1663.1821647836018,直连,,120.80060428267774,122.0
P00024,leg1-cruise,1658.6569780656023,1663.1821647836018,直连,,95.36775598023434,122.0
P00040,leg2-cruise,1658.6569780656023,1663.1821647836018,中继,RU-001,125.23129885769364,122.0
P00089,leg1-climb,1660.2876795775464,1667.890810410518,直连,,86.79412957144459,122.0
P00020,leg2-cruise,1663.1821647836018,1667.7073515016014,直连,,121.06332402990866,122.0
P00024,leg1-cruise,1663.1821647836018,1667.7073515016014,直连,,96.02857833160455,122.0
P00037,leg2-cruise,1663.1821647836018,1672.2325382196009,中继,RU-001,122.78267425736345,122.0
P00040,leg2-cruise,1663.1821647836018,1667.7073515016014,中继,RU-001,125.1280020375793,122.0
P00107,leg3-cruise,1663.1821647836018,1672.2325382196009,直连,,120.5234796594185,122.0
P00020,leg2-cruise,1667.7073515016014,1672.2325382196009,直连,,120.89620767167317,122.0
P00024,leg1-cruise,1667.7073515016014,1672.2325382196009,直连,,96.68972075392756,122.0
P00040,leg2-cruise,1667.7073515016014,1672.2325382196009,中继,RU-001,125.02346291531407,122.0
P00089,leg1-climb,1667.890810410518,1675.4939412434896,直连,,87.66124055665925,122.0
P00020,leg2-cruise,1672.2325382196009,1681.2829116556,直连,,120.63938210382821,122.0
P00024,leg1-cruise,1672.2325382196009,1681.2829116556,直连,,97.65642240672913,122.0
P00037,leg2-cruise,1672.2325382196009,1681.2829116556,中继,RU-001,122.56216374138683,122.0
P00040,leg2-cruise,1672.2325382196009,1681.2829116556,中继,RU-001,124.86425850774756,122.0
P00107,leg3-cruise,1672.2325382196009,1681.2829116556,直连,,120.23729140937651,122.0
P00071,leg1-climb,1674.0,1682.6085079908994,直连,,57.063765196191525,122.0
P00089,leg1-cruise,1675.4939412434896,1683.7289639235166,直连,,88.22887136079203,122.0
P00020,leg2-cruise,1681.2829116556,1685.8080983735995,直连,,110.3747801023696,122.0
P00024,leg1-cruise,1681.2829116556,1685.8080983735995,直连,,98.57509444894073,122.0
P00037,leg2-cruise,1681.2829116556,1690.333285091599,中继,RU-001,122.3359173274471,122.0
P00040,leg2-cruise,1681.2829116556,1690.333285091599,中继,RU-001,124.64734635595192,122.0
P00107,leg3-cruise,1681.2829116556,1690.333285091599,直连,,119.941431775056,122.0
P00071,leg1-climb,1682.6085079908994,1691.2170159817988,直连,,65.50882208013121,122.0
P00089,leg1-cruise,1683.7289639235166,1691.9639866035436,直连,,89.35953677011332,122.0
P00020,leg2-cruise,1685.8080983735995,1690.333285091599,直连,,120.19382219327314,122.0
P00024,leg1-cruise,1685.8080983735995,1690.333285091599,直连,,99.15668320113238,122.0
P00020,leg2-cruise,1690.333285091599,1694.8584718095985,直连,,110.00904067961034,122.0
P00024,leg1-cruise,1690.333285091599,1694.8584718095985,直连,,99.7130132544602,122.0
P00037,leg2-cruise,1690.333285091599,1699.3836585275983,中继,RU-001,122.1036291177897,122.0
P00040,leg2-cruise,1690.333285091599,1699.3836585275983,中继,RU-001,124.4248831051008,122.0
P00107,leg3-cruise,1690.333285091599,1699.3836585275983,直连,,119.63523034161183,122.0
P00071,leg1-climb,1691.2170159817988,1699.825523972698,直连,,73.03387109944896,122.0
P00089,leg1-cruise,1691.9639866035436,1700.1990092835704,直连,,90.99838560003535,122.0
P00020,leg2-cruise,1694.8584718095985,1699.3836585275983,直连,,109.82027172610084,122.0
P00024,leg1-cruise,1694.8584718095985,1699.3836585275983,直连,,100.24457475454948,122.0
P00020,leg2-cruise,1699.3836585275983,1703.9088452455978,直连,,109.62734082372226,122.0
P00024,leg1-cruise,1699.3836585275983,1703.9088452455978,直连,,100.7523232698129,122.0
P00037,leg2-cruise,1699.3836585275983,1708.4340319635974,直连,,121.86496811475413,122.0
P00040,leg2-cruise,1699.3836585275983,1708.4340319635974,中继,RU-001,124.19657744794269,122.0
P00107,leg3-cruise,1699.3836585275983,1708.4340319635974,直连,,119.31794521287652,122.0
P00071,leg1-climb,1699.825523972698,1708.4340319635974,直连,,77.00436194395311,122.0
P00089,leg1-cruise,1700.1990092835704,1708.4340319635974,直连,,92.67596858751689,122.0
P00020,leg2-cruise,1703.9088452455978,1708.4340319635974,直连,,109.4300618503857,122.0
P00024,leg1-cruise,1703.9088452455978,1708.4340319635974,直连,,101.23745673743605,122.0
P00020,leg2-cruise,1708.4340319635974,1713.2584473120141,直连,,109.22148307592187,122.0
P00024,leg1-cruise,1708.4340319635974,1713.2584473120141,直连,,101.71626330687667,122.0
P00037,leg2-cruise,1708.4340319635974,1718.082862660431,直连,,121.61134270367455,122.0
P00040,leg2-cruise,1708.4340319635974,1713.2584473120141,中继,RU-001,124.01742277088587,122.0
P00071,leg1-climb,1708.4340319635974,1718.1785290947278,直连,,79.87155017390198,122.0
P00089,leg1-cruise,1708.4340319635974,1718.082862660431,直连,,94.34581299374877,122.0
P00107,leg3-cruise,1708.4340319635974,1718.082862660431,直连,,118.97765495079955,122.0
P00020,leg2-cruise,1713.2584473120141,1718.082862660431,直连,,109.0008920328759,122.0
P00024,leg1-cruise,1713.2584473120141,1718.082862660431,直连,,102.1880869323198,122.0
P00040,leg2-cruise,1713.2584473120141,1718.082862660431,中继,RU-001,123.89062209883869,122.0
P00020,leg2-cruise,1718.082862660431,1722.9072780088477,直连,,108.77460557801899,122.0
P00024,leg1-cruise,1718.082862660431,1722.9072780088477,直连,,102.63879554925387,122.0
P00037,leg2-cruise,1718.082862660431,1727.7316933572645,直连,,121.34161047160725,122.0
P00040,leg2-cruise,1718.082862660431,1722.9072780088477,中继,RU-001,123.76194484119725,122.0
P00089,leg1-cruise,1718.082862660431,1722.9072780088477,直连,,95.5551562939055,122.0
P00107,leg3-cruise,1718.082862660431,1727.7316933572645,直连,,118.6120731475132,122.0
P00071,leg1-climb,1718.1785290947278,1727.9230262258582,直连,,82.14071149394007,122.0
P00020,leg2-cruise,1722.9072780088477,1727.7316933572645,直连,,108.5423248587007,122.0
P00024,leg1-cruise,1722.9072780088477,1727.7316933572645,直连,,103.06987135330233,122.0
P00040,leg2-cruise,1722.9072780088477,1727.7316933572645,中继,RU-001,123.6313346824154,122.0
P00089,leg1-cruise,1722.9072780088477,1727.7316933572645,直连,,96.29471108253883,122.0
P00020,leg2-cruise,1727.7316933572645,1732.5561087056813,直连,,108.30372713490505,122.0
P00024,leg1-cruise,1727.7316933572645,1732.5561087056813,直连,,103.48270099431008,122.0
P00037,leg2-cruise,1727.7316933572645,1737.380524054098,直连,,121.06324976664702,122.0
P00040,leg2-cruise,1727.7316933572645,1732.5561087056813,中继,RU-001,123.49873273628441,122.0
P00089,leg1-cruise,1727.7316933572645,1737.380524054098,直连,,97.31472504210976,122.0
P00107,leg3-cruise,1727.7316933572645,1737.380524054098,直连,,118.23062127831952,122.0
P00071,leg1-climb,1727.9230262258582,1737.6675233569886,直连,,83.93817251010927,122.0
P00020,leg2-cruise,1732.5561087056813,1737.380524054098,直连,,108.0584631969149,122.0
P00024,leg1-cruise,1732.5561087056813,1737.380524054098,直连,,103.87856909958847,122.0
P00040,leg2-cruise,1732.5561087056813,1737.380524054098,中继,RU-001,123.3640773872464,122.0
P00020,leg2-cruise,1737.380524054098,1742.2049394025148,直连,,107.80615442958032,122.0
P00024,leg1-cruise,1737.380524054098,1742.2049394025148,直连,,104.25865854358443,122.0
P00037,leg2-cruise,1737.380524054098,1747.0293547509318,直连,,120.77569149680916,122.0
P00040,leg2-cruise,1737.380524054098,1742.2049394025148,中继,RU-001,123.22730411928269,122.0
P00089,leg1-cruise,1737.380524054098,1747.0293547509318,直连,,98.530939106161,122.0
P00107,leg3-cruise,1737.380524054098,1742.2049394025148,直连,,117.93327011876056,122.0
P00071,leg1-climb,1737.6675233569886,1747.4120204881192,直连,,85.42668818296909,122.0
P00020,leg2-cruise,1742.2049394025148,1747.0293547509318,直连,,107.54638946470116,122.0
P00024,leg1-cruise,1742.2049394025148,1747.0293547509318,直连,,104.62405450373868,122.0
P00040,leg2-cruise,1742.2049394025148,1747.0293547509318,中继,RU-001,123.08834533121099,122.0
P00107,leg3-cruise,1742.2049394025148,1747.0293547509318,直连,,117.72930672516489,122.0
P00020,leg2-cruise,1747.0293547509318,1751.8537700993486,直连,,107.2787203514757,122.0
P00024,leg1-cruise,1747.0293547509318,1751.8537700993486,直连,,104.97575048699132,122.0
P00037,leg2-cruise,1747.0293547509318,1756.6781854477654,直连,,120.47830847794866,122.0
P00040,leg2-cruise,1747.0293547509318,1751.8537700993486,中继,RU-001,122.94713013704039,122.0
P00089,leg1-cruise,1747.0293547509318,1756.6781854477654,直连,,99.61093465903889,122.0
P00107,leg3-cruise,1747.0293547509318,1756.6781854477654,直连,,117.41422838136893,122.0
P00071,leg1-climb,1747.4120204881192,1757.1565176192496,直连,,86.69704548093179,122.0
P00020,leg2-cruise,1751.8537700993486,1756.6781854477654,直连,,107.00265816121596,122.0
P00024,leg1-cruise,1751.8537700993486,1756.6781854477654,直连,,105.31465522515434,122.0
P00040,leg2-cruise,1751.8537700993486,1756.6781854477654,中继,RU-001,122.80358414995747,122.0
P00020,leg2-cruise,1756.6781854477654,1761.5026007961822,直连,,106.71766792528729,122.0
P00024,leg1-cruise,1756.6781854477654,1761.5026007961822,直连,,105.64159978214731,122.0
P00037,leg2-cruise,1756.6781854477654,1766.327016144599,直连,,120.17040726848163,122.0
P00040,leg2-cruise,1756.6781854477654,1761.5026007961822,中继,RU-001,122.6576292482638,122.0
P00089,leg1-cruise,1756.6781854477654,1766.327016144599,直连,,100.5795650854931,122.0
P00107,leg3-cruise,1756.6781854477654,1766.327016144599,直连,,116.97581944194863,122.0
P00071,leg1-climb,1757.1565176192496,1766.90101475038,直连,,87.80509286590187,122.0
P00020,leg2-cruise,1761.5026007961822,1766.327016144599,直连,,106.42316278445577,122.0
P00024,leg1-cruise,1761.5026007961822,1766.327016144599,直连,,105.95734449351163,122.0
P00040,leg2-cruise,1761.5026007961822,1766.327016144599,中继,RU-001,122.5091833214649,122.0
P00020,leg2-cruise,1766.327016144599,1771.1514314930157,直连,,106.11849720174953,122.0
P00024,leg1-cruise,1766.327016144599,1771.1514314930157,直连,,106.26258553038413,122.0
P00037,leg2-cruise,1766.327016144599,1775.9758468414325,直连,,119.85121852122865,122.0
P00040,leg2-cruise,1766.327016144599,1775.9758468414325,中继,RU-001,122.28165357418844,122.0
P00089,leg1-cruise,1766.327016144599,1775.9758468414325,直连,,101.45621677949241,122.0
P00107,leg3-cruise,1766.327016144599,1775.9758468414325,直连,,116.51452111516483,122.0
P00071,leg1-climb,1766.90101475038,1776.6455118815104,直连,,88.78764639995381,122.0
P00020,leg2-cruise,1771.1514314930157,1775.9758468414325,直连,,105.80295905896868,122.0
P00024,leg1-cruise,1771.1514314930157,1775.9758468414325,直连,,106.55796098590503,122.0
P00020,leg2-cruise,1775.9758468414325,1780.8002621898493,直连,,105.47576041732397,122.0
P00024,leg1-cruise,1775.9758468414325,1780.8002621898493,直连,,106.84405644631548,122.0
P00037,leg2-cruise,1775.9758468414325,1785.624677538266,直连,,119.51988551801325,122.0
P00040,leg2-cruise,1775.9758468414325,1780.8002621898493,中继,RU-001,122.04801248882801,122.0
P00089,leg1-cruise,1775.9758468414325,1785.624677538266,直连,,102.25599754772524,122.0
P00107,leg3-cruise,1775.9758468414325,1785.624677538266,直连,,116.02786468390144,122.0
P00071,leg1-cruise,1776.6455118815104,1785.624677538266,直连,,89.38961298307919,122.0
P00020,leg2-cruise,1780.8002621898493,1785.624677538266,直连,,105.13602667309135,122.0
P00024,leg1-cruise,1780.8002621898493,1785.624677538266,直连,,107.12141004675847,122.0
P00040,leg2-cruise,1780.8002621898493,1785.624677538266,直连,,121.88869139928963,122.0
P00020,leg2-cruise,1785.624677538266,1790.3341709980123,直连,,104.78707467281433,122.0
P00024,leg1-cruise,1785.624677538266,1790.3341709980123,直连,,107.38735855853395,122.0
P00037,leg2-cruise,1785.624677538266,1795.0436644577583,直连,,119.17963399989056,122.0
P00040,leg2-cruise,1785.624677538266,1795.0436644577583,直连,,121.64804076672662,122.0
P00071,leg1-cruise,1785.624677538266,1795.0436644577583,直连,,90.46388755630109,122.0
P00089,leg1-cruise,1785.624677538266,1795.0436644577583,直连,,102.98236969443182,122.0
P00107,leg3-cruise,1785.624677538266,1795.0436644577583,直连,,115.5192817009538,122.0
P00020,leg2-cruise,1790.3341709980123,1795.0436644577583,直连,,104.42835139099864,122.0
P00024,leg1-cruise,1790.3341709980123,1795.0436644577583,直连,,107.64262601909005,122.0
P00020,leg2-cruise,1795.0436644577583,1799.7531579175043,直连,,104.05459841133715,122.0
P00024,leg1-cruise,1795.0436644577583,1799.7531579175043,直连,,107.89085787092392,122.0
P00037,leg2-cruise,1795.0436644577583,1804.4626513772503,直连,,118.82990916333088,122.0
P00040,leg2-cruise,1795.0436644577583,1799.7531579175043,直连,,121.40257006520667,122.0
P00071,leg1-cruise,1795.0436644577583,1804.4626513772503,直连,,92.09009143916835,122.0
P00089,leg1-cruise,1795.0436644577583,1804.4626513772503,直连,,103.64658760489453,122.0
P00107,leg3-cruise,1795.0436644577583,1799.7531579175043,直连,,105.122760511078,122.0
P00020,leg2-cruise,1799.7531579175043,1804.4626513772503,直连,,103.66454405462672,122.0
P00024,leg1-cruise,1799.7531579175043,1804.4626513772503,直连,,108.13241780323298,122.0
P00040,leg2-cruise,1799.7531579175043,1804.4626513772503,直连,,121.23498971026098,122.0
P00107,leg3-cruise,1799.7531579175043,1804.4626513772503,直连,,104.84826875611671,122.0
P00020,leg2-cruise,1804.4626513772503,1809.1721448369963,直连,,103.25675511214459,122.0
P00024,leg1-cruise,1804.4626513772503,1809.1721448369963,直连,,108.36764314888337,122.0
P00037,leg2-cruise,1804.4626513772503,1813.8816382967425,直连,,118.46556285733665,122.0
P00040,leg2-cruise,1804.4626513772503,1809.1721448369963,直连,,121.06411901418713,122.0
P00071,leg1-cruise,1804.4626513772503,1809.1721448369963,直连,,93.35848341746379,122.0
P00089,leg1-cruise,1804.4626513772503,1813.8816382967425,直连,,104.264855547431,122.0
P00107,leg3-cruise,1804.4626513772503,1813.8816382967425,直连,,104.42005419633293,122.0
P00020,leg2-cruise,1809.1721448369963,1813.8816382967425,直连,,102.82960994317976,122.0
P00024,leg1-cruise,1809.1721448369963,1813.8816382967425,直连,,108.59684724503049,122.0
P00040,leg2-cruise,1809.1721448369963,1813.8816382967425,直连,,120.88982645866407,122.0
P00071,leg1-cruise,1809.1721448369963,1813.8816382967425,直连,,94.17254001808094,122.0
P00020,leg2-cruise,1813.8816382967425,1823.3006252162347,直连,,102.14849962422352,122.0
P00024,leg1-cruise,1813.8816382967425,1818.5911317564887,直连,,108.8203215530325,122.0
P00037,leg2-cruise,1813.8816382967425,1823.3006252162347,直连,,118.08532402268467,122.0
P00040,leg2-cruise,1813.8816382967425,1823.3006252162347,直连,,120.62166402253028,122.0
P00071,leg1-cruise,1813.8816382967425,1823.3006252162347,直连,,95.32127681278959,122.0
P00089,leg1-cruise,1813.8816382967425,1823.3006252162347,直连,,104.84297139936714,122.0
P00107,leg3-cruise,1813.8816382967425,1823.3006252162347,直连,,103.8153213152364,122.0
P00024,leg1-cruise,1818.5911317564887,1823.3006252162347,直连,,109.03833756342763,122.0
P00020,leg2-cruise,1823.3006252162347,1828.0101186759807,直连,,101.41227231420588,122.0
P00024,leg1-cruise,1823.3006252162347,1828.0101186759807,直连,,109.25114850924604,122.0
P00037,leg2-cruise,1823.3006252162347,1832.719612135727,直连,,117.6877490658953,122.0
P00040,leg2-cruise,1823.3006252162347,1828.0101186759807,直连,,120.34497796122656,122.0
P00071,leg1-cruise,1823.3006252162347,1832.719612135727,直连,,96.70863634771788,122.0
P00089,leg1-cruise,1823.3006252162347,1832.719612135727,直连,,105.38572669246926,122.0
P00107,leg3-cruise,1823.3006252162347,1832.719612135727,直连,,103.16707550667374,122.0
P00020,leg2-cruise,1828.0101186759807,1832.719612135727,直连,,100.88644851443705,122.0
P00024,leg1-cruise,1828.0101186759807,1832.719612135727,直连,,109.45899090849024,122.0
P00040,leg2-cruise,1828.0101186759807,1832.719612135727,直连,,120.15551180147904,122.0
P00020,leg2-cruise,1832.719612135727,1837.429105595473,直连,,100.3289601725564,122.0
P00024,leg1-cruise,1832.719612135727,1837.429105595473,直连,,109.66208595446292,122.0
P00037,leg2-cruise,1832.719612135727,1842.138599055219,直连,,107.27118931079407,122.0
P00040,leg2-cruise,1832.719612135727,1837.429105595473,直连,,119.96183134375903,122.0
P00071,leg1-cruise,1832.719612135727,1842.138599055219,直连,,97.94276719039703,122.0
P00089,leg1-cruise,1832.719612135727,1842.138599055219,直连,,105.89712092244548,122.0
P00107,leg3-cruise,1832.719612135727,1842.138599055219,直连,,102.46891027787711,122.0
P00020,leg2-cruise,1837.429105595473,1842.138599055219,直连,,99.73611832207948,122.0
P00024,leg1-cruise,1837.429105595473,1842.138599055219,直连,,109.86064077041254,122.0
P00040,leg2-cruise,1837.429105595473,1842.138599055219,直连,,119.76374536697456,122.0
P00020,leg2-cruise,1842.138599055219,1846.8480925149652,直连,,99.10365587569761,122.0
P00024,leg1-cruise,1842.138599055219,1846.8480925149652,直连,,110.05484954325662,122.0
P00037,leg2-cruise,1842.138599055219,1851.5575859747112,直连,,106.83375043967388,122.0
P00040,leg2-cruise,1842.138599055219,1846.8480925149652,直连,,119.56104937134336,122.0
P00071,leg1-cruise,1842.138599055219,1851.5575859747112,直连,,99.04499321418004,122.0
P00089,leg1-cruise,1842.138599055219,1851.5575859747112,直连,,106.3805233002739,122.0
P00107,leg3-cruise,1842.138599055219,1851.5575859747112,直连,,101.71300638349351,122.0
P00020,leg2-cruise,1846.8480925149652,1851.5575859747112,直连,,98.42664917258266,122.0
P00024,leg1-cruise,1846.8480925149652,1851.5575859747112,直连,,120.24489454938345,122.0
P00040,leg2-cruise,1846.8480925149652,1851.5575859747112,直连,,119.3535243236454,122.0
P00020,leg2-cruise,1851.5575859747112,1856.2670794344572,直连,,97.69946226947187,122.0
P00024,leg1-cruise,1851.5575859747112,1856.2670794344572,直连,,120.43094708407105,122.0
P00037,leg2-cruise,1851.5575859747112,1860.9765728942034,直连,,106.3732414520891,122.0
P00040,leg2-cruise,1851.5575859747112,1860.9765728942034,直连,,119.03266353356332,122.0
P00071,leg1-cruise,1851.5575859747112,1860.9765728942034,直连,,100.03622594061734,122.0
P00089,leg1-cruise,1851.5575859747112,1860.9765728942034,直连,,106.83879617335552,122.0
P00107,leg3-cruise,1851.5575859747112,1860.9765728942034,直连,,100.88974365841811,122.0
P00020,leg2-cruise,1856.2670794344572,1860.9765728942034,直连,,96.91576219857029,122.0
P00024,leg1-cruise,1856.2670794344572,1860.9765728942034,直连,,120.6131683047412,122.0
P00020,leg2-cruise,1860.9765728942034,1865.6860663539496,直连,,96.06871240900483,122.0
P00024,leg1-cruise,1860.9765728942034,1865.6860663539496,直连,,120.79170999709262,122.0
P00037,leg2-cruise,1860.9765728942034,1870.3955598136956,直连,,105.88710973847772,122.0
P00040,leg2-cruise,1860.9765728942034,1865.6860663539496,直连,,118.69953576652362,122.0
P00071,leg1-cruise,1860.9765728942034,1870.3955598136956,直连,,100.93430270676538,122.0
P00089,leg1-cruise,1860.9765728942034,1870.3955598136956,直连,,107.2743902344206,122.0
P00107,leg3-cruise,1860.9765728942034,1870.3955598136956,直连,,99.98721779781174,122.0
P00020,leg2-cruise,1865.6860663539496,1870.3955598136956,直连,,95.15157937174865,122.0
P00024,leg1-cruise,1865.6860663539496,1870.3955598136956,直连,,120.96671527213068,122.0
P00040,leg2-cruise,1865.6860663539496,1870.3955598136956,直连,,118.47016046427535,122.0
P00020,leg2-cruise,1870.3955598136956,1875.1050532734416,直连,,94.15926222665935,122.0
P00024,leg1-cruise,1870.3955598136956,1875.1050532734416,直连,,121.13831920119539,122.0
P00037,leg2-cruise,1870.3955598136956,1879.8145467331876,直连,,105.37235751557309,122.0
P00040,leg2-cruise,1870.3955598136956,1875.1050532734416,直连,,118.23458706863417,122.0
P00071,leg1-cruise,1870.3955598136956,1879.8145467331876,直连,,101.75379898357654,122.0
P00089,leg1-cruise,1870.3955598136956,1879.8145467331876,直连,,107.68941875083894,122.0
P00107,leg3-cruise,1870.3955598136956,1879.8145467331876,直连,,98.9906932353325,122.0
P00020,leg2-cruise,1875.1050532734416,1879.8145467331876,直连,,93.09182858277434,122.0
P00024,leg1-cruise,1875.1050532734416,1879.8145467331876,直连,,121.30664939529179,122.0
P00040,leg2-cruise,1875.1050532734416,1879.8145467331876,直连,,117.99247271561656,122.0
P00020,leg2-cruise,1879.8145467331876,1889.2335336526799,直连,,91.38524327471949,122.0
P00024,leg1-cruise,1879.8145467331876,1884.5240401929336,直连,,121.47182653431973,122.0
P00037,leg2-cruise,1879.8145467331876,1889.2335336526799,直连,,104.82543287868226,122.0
P00040,leg2-cruise,1879.8145467331876,1889.2335336526799,直连,,117.61621436606713,122.0
P00071,leg1-cruise,1879.8145467331876,1889.2335336526799,直连,,102.50648730385251,122.0
P00089,leg1-cruise,1879.8145467331876,1889.2335336526799,直连,,118.08571602668539,122.0
P00107,leg3-cruise,1879.8145467331876,1889.2335336526799,直连,,97.88215830375631,122.0
P00024,leg1-cruise,1884.5240401929336,1889.2335336526799,直连,,121.63396485117606,122.0
P00020,leg2-cruise,1889.2335336526799,1895.3972681777893,直连,,89.58604565043792,122.0
P00024,leg1-cruise,1889.2335336526799,1894.1082337376974,直连,,121.7959395101008,122.0
P00037,leg2-cruise,1889.2335336526799,1898.523413654662,直连,,104.24621872370656,122.0
P00040,leg2-cruise,1889.2335336526799,1893.8784736536709,直连,,107.2248350459353,122.0
P00071,leg1-cruise,1889.2335336526799,1898.523413654662,直连,,103.19729397719733,122.0
P00089,leg1-cruise,1889.2335336526799,1898.523413654662,直连,,118.46234026167267,122.0
P00107,leg3-cruise,1889.2335336526799,1898.497751555835,直连,,96.65138099947283,122.0
P00040,leg2-cruise,1893.8784736536709,1898.523413654662,直连,,106.95634024411456,122.0
P00024,leg1-cruise,1894.1082337376974,1898.9829338227148,中继,RU-001,121.95770447261006,122.0
P00020,leg2-cruise,1895.3972681777893,1901.5610027028988,直连,,88.66845145782437,122.0
P00107,leg3-cruise,1898.497751555835,1907.7619694589903,直连,,95.28117333371851,122.0
P00037,leg2-cruise,1898.523413654662,1907.8132936566442,直连,,103.6304809165685,122.0
P00040,leg2-cruise,1898.523413654662,1903.168353655653,直连,,106.67932738675326,122.0
P00071,leg1-cruise,1898.523413654662,1907.8132936566442,直连,,103.83490002801932,122.0
P00089,leg1-cruise,1898.523413654662,1907.8132936566442,直连,,118.82100614172896,122.0
P00024,leg1-cruise,1898.9829338227148,1903.8576339077322,中继,RU-001,122.11654926314404,122.0
P00020,leg2-descent,1901.5610027028988,1911.4761118002555,直连,,88.12374271102603,122.0
P00040,leg2-cruise,1903.168353655653,1907.8132936566442,直连,,106.39324158329902,122.0
P00024,leg1-cruise,1903.8576339077322,1908.7323339927498,中继,RU-001,122.27257613029585,122.0
P00107,leg3-cruise,1907.7619694589903,1917.0261873621455,直连,,93.7522174208605,122.0
P00037,leg2-cruise,1907.8132936566442,1917.1031736586265,直连,,102.96832670274885,122.0
P00040,leg2-cruise,1907.8132936566442,1917.1031736586265,直连,,105.94574839250669,122.0
P00071,leg1-cruise,1907.8132936566442,1917.1031736586265,直连,,104.4303567407837,122.0
P00089,leg1-cruise,1907.8132936566442,1917.1031736586265,直连,,119.16556211712756,122.0
P00024,leg1-cruise,1908.7323339927498,1913.6070340777674,中继,RU-001,122.42588211357567,122.0
P00020,leg2-descent,1911.4761118002555,1921.3912208976121,直连,,87.22888211971475,122.0
P00024,leg1-cruise,1913.6070340777674,1918.4817341627847,中继,RU-001,122.57655938655368,122.0
P00107,leg3-cruise,1917.0261873621455,1926.2904052653007,直连,,92.0996598383945,122.0
P00037,leg2-cruise,1917.1031736586265,1926.3930536606085,直连,,102.2522984256098,122.0
P00040,leg2-cruise,1917.1031736586265,1921.7481136596175,直连,,105.47411508553911,122.0
P00071,leg1-cruise,1917.1031736586265,1926.3930536606085,直连,,104.98872063417737,122.0
P00089,leg1-cruise,1917.1031736586265,1926.3930536606085,直连,,119.49706816077303,122.0
P00024,leg1-cruise,1918.4817341627847,1923.356434247802,中继,RU-001,122.72469557262055,122.0
P00020,leg2-descent,1921.3912208976121,1931.306329994969,直连,,86.23112672998799,122.0
P00040,leg2-cruise,1921.7481136596175,1926.3930536606085,直连,,105.14495175993483,122.0
P00024,leg1-cruise,1923.356434247802,1928.2311343328197,中继,RU-001,122.87037403588931,122.0
P00107,leg3-cruise,1926.2904052653007,1935.554623168456,直连,,90.49636848090739,122.0
P00037,leg2-cruise,1926.3930536606085,1935.6829336625906,直连,,101.47302076717992,122.0
P00040,leg2-cruise,1926.3930536606085,1931.0379936615996,直连,,104.80293066338879,122.0
P00071,leg1-cruise,1926.3930536606085,1935.6829336625906,直连,,115.51421914884112,122.0
P00089,leg1-cruise,1926.3930536606085,1935.6829336625906,直连,,119.81646997566045,122.0
P00024,leg1-cruise,1928.2311343328197,1933.1058344178373,中继,RU-001,123.01367414955548,122.0
P00040,leg2-cruise,1931.0379936615996,1935.6829336625906,直连,,104.4470161444169,122.0
P00020,leg2-descent,1931.306329994969,1941.2214390923257,直连,,85.10370214184843,122.0
P00024,leg1-cruise,1933.1058344178373,1937.9805345028547,中继,RU-001,123.1546715436945,122.0
P00107,leg3-cruise,1935.554623168456,1944.8188410716111,直连,,89.39907833469707,122.0
P00037,leg2-cruise,1935.6829336625906,1944.9728136645729,直连,,100.61849999821813,122.0
P00040,leg2-cruise,1935.6829336625906,1944.9728136645729,直连,,103.88450589874026,122.0
P00071,leg1-cruise,1935.6829336625906,1944.9728136645729,直连,,116.0104159060103,122.0
P00089,leg1-cruise,1935.6829336625906,1944.9728136645729,直连,,120.1246147354075,122.0
P00024,leg1-cruise,1937.9805345028547,1942.855234587872,中继,RU-001,123.29343833437102,122.0
P00020,leg2-descent,1941.2214390923257,1951.1365481896823,直连,,83.80779817039034,122.0
P00024,leg1-cruise,1942.855234587872,1947.7299346728894,中继,RU-001,123.43004333569071,122.0
P00107,leg3-descent,1944.8188410716111,1954.1343831724203,直连,,88.88159443318064,122.0
P00037,leg2-cruise,1944.9728136645729,1954.2626936665552,直连,,99.67308427657436,122.0
P00040,leg2-cruise,1944.9728136645729,1949.6177536655641,直连,,103.28348312773679,122.0
P00071,leg1-cruise,1944.9728136645729,1954.2626936665552,直连,,116.4803385651278,122.0
P00089,leg1-cruise,1944.9728136645729,1954.2626936665552,直连,,120.42226422361941,122.0
P00024,leg1-cruise,1947.7299346728894,1952.6046347579068,中继,RU-001,123.56455225626361,122.0
P00040,leg2-cruise,1949.6177536655641,1954.2626936665552,直连,,102.85869663531021,122.0
P00020,leg2-descent,1951.1365481896823,1961.051657287039,直连,,82.28406187341925,122.0
P00024,leg1-cruise,1952.6046347579068,1957.4793348429243,中继,RU-001,123.69702788145534,122.0
P00107,leg3-descent,1954.1343831724203,1963.4499252732294,直连,,88.11674692964252,122.0
P00037,leg2-cruise,1954.2626936665552,1963.5525736685372,直连,,98.61588091823285,122.0
P00040,leg2-cruise,1954.2626936665552,1958.9076336675462,直连,,102.41238055720339,122.0
P00071,leg1-cruise,1954.2626936665552,1963.5525736685372,直连,,116.92657840336145,122.0
P00089,leg1-cruise,1954.2626936665552,1963.5525736685372,直连,,120.71010586781212,122.0
P00024,leg1-cruise,1957.4793348429243,1962.354034927942,中继,RU-001,123.82753024257711,122.0
P00040,leg2-cruise,1958.9076336675462,1963.5525736685372,直连,,101.9422743138096,122.0
P00020,leg2-descent,1961.051657287039,1970.9667663843957,直连,,80.43492735564277,122.0
P00024,leg1-cruise,1962.354034927942,1967.2287350129593,中继,RU-001,123.956116774147,122.0
P00107,leg3-descent,1963.4499252732294,1972.7654673740385,直连,,87.27798914955075,122.0
P00037,leg2-cruise,1963.5525736685372,1972.8424536705193,直连,,97.41828751349419,122.0
P00040,leg2-cruise,1963.5525736685372,1972.8424536705193,直连,,101.18663748514454,122.0
P00071,leg1-cruise,1963.5525736685372,1972.8424536705193,直连,,117.35136847090908,122.0
P00089,leg1-cruise,1963.5525736685372,1972.8424536705193,直连,,120.98876205751199,122.0
P00024,leg1-cruise,1967.2287350129593,1972.1034350979767,中继,RU-001,124.08284246019122,122.0
P00020,leg2-descent,1970.9667663843957,1980.8818754817526,直连,,78.08259557834229,122.0
P00024,leg1-cruise,1972.1034350979767,1976.9781351829943,中继,RU-001,124.2077599704854,122.0
P00107,leg3-descent,1972.7654673740385,1982.0810094748476,直连,,86.349493516719,122.0
P00037,leg2-cruise,1972.8424536705193,1982.1323336725015,直连,,96.0400790072833,122.0
P00040,leg2-cruise,1972.8424536705193,1977.4873936715103,直连,,100.36056836519697,122.0
P00071,leg1-cruise,1972.8424536705193,1982.1323336725015,直连,,117.75664543065308,122.0
P00089,leg1-cruise,1972.8424536705193,1982.1323336725015,直连,,121.25879805510515,122.0
P00024,leg1-cruise,1976.9781351829943,1981.8528352680119,中继,RU-001,124.33091978753089,122.0
P00040,leg2-cruise,1977.4873936715103,1982.1323336725015,直连,,99.76394722431303,122.0
P00020,leg2-descent,1980.8818754817526,1990.7969845791092,直连,,74.8464511328214,122.0
P00024,leg1-cruise,1981.8528352680119,1986.7275353530292,中继,RU-001,124.45237032504099,122.0
P00107,leg3-descent,1982.0810094748476,1991.3965515756568,直连,,85.30973190270053,122.0
P00037,leg2-cruise,1982.1323336725015,1991.4222136744838,直连,,94.42330692352719,122.0
P00040,leg2-cruise,1982.1323336725015,1986.7772736734928,直连,,99.1246580605431,122.0
P00071,leg1-cruise,1982.1323336725015,1991.4222136744838,直连,,118.14409888820391,122.0
P00089,leg1-cruise,1982.1323336725015,1991.4222136744838,直连,,121.52072874562981,122.0
P00024,leg1-cruise,1986.7275353530292,1991.6022354380466,中继,RU-001,124.57215803855641,122.0
P00040,leg2-cruise,1986.7772736734928,1991.4222136744838,直连,,98.43638309411709,122.0
P00020,leg2-descent,1990.7969845791092,2000.7120936764659,直连,,69.6305033729469,122.0
P00107,leg3-descent,1991.3965515756568,2000.7120936764659,直连,,84.12835982821343,122.0
P00037,leg2-cruise,1991.4222136744838,2000.7120936764659,直连,,92.48415439592685,122.0
P00040,leg2-cruise,1991.4222136744838,1996.0671536754749,直连,,97.6913721203069,122.0
P00071,leg1-cruise,1991.4222136744838,2000.7120936764659,直连,,118.51521105793171,122.0
P00089,leg1-cruise,1991.4222136744838,2000.7120936764659,直连,,121.77502442304468,122.0
P00024,leg1-cruise,1991.6022354380466,1996.4769355230642,中继,RU-001,124.69032752883741,122.0
P00040,leg2-cruise,1996.0671536754749,2000.7120936764659,直连,,96.88001567602556,122.0
P00024,leg1-descent,1996.4769355230642,2000.7120936764659,中继,RU-001,124.74812992769282,122.0
P00020,leg2-descent,2000.7120936764659,2008.2567471642917,直连,,58.42788267277873,122.0
P00024,leg1-descent,2000.7120936764659,2009.926473368938,中继,RU-001,124.74599605300503,122.0
P00037,leg2-cruise,2000.7120936764659,2009.8850482788255,直连,,90.12899631025921,122.0
P00040,leg2-cruise,2000.7120936764659,2009.2458748426413,直连,,95.59104290792169,122.0
P00071,leg1-cruise,2000.7120936764659,2010.20765380751,直连,,118.87515106069527,122.0
P00089,leg1-cruise,2000.7120936764659,2010.5671892047378,中继,RU-001,122.02952391094661,122.0
P00107,leg3-descent,2000.7120936764659,2010.3237167697455,直连,,82.73705749854251,122.0
P00020,leg2-descent,2008.2567471642917,2015.8014006521175,直连,,60.53505330052345,122.0
P00040,leg2-cruise,2009.2458748426413,2013.512765425729,直连,,94.1441077413743,122.0
P00037,leg2-cruise,2009.8850482788255,2019.0580028811848,直连,,87.31881331962548,122.0
P00024,leg1-descent,2009.926473368938,2019.1408530614106,中继,RU-001,124.74320590884022,122.0
P00071,leg1-cruise,2010.20765380751,2019.7032139385542,直连,,119.22462924858831,122.0
P00107,leg3-descent,2010.3237167697455,2019.9353398630253,直连,,81.05097071603984,122.0
P00089,leg1-cruise,2010.5671892047378,2020.4222847330097,中继,RU-001,122.2840009013979,122.0
P00040,leg2-cruise,2013.512765425729,2026.3134371749923,直连,,93.04467551543829,122.0
P00037,leg2-cruise,2019.0580028811848,2028.2309574835444,直连,,84.68303722939916,122.0
P00024,leg1-descent,2019.1408530614106,2028.3552327538828,中继,RU-001,124.74057064601192,122.0
P00071,leg1-cruise,2019.7032139385542,2029.1987740695984,直连,,119.56071972859081,122.0
P00107,leg3-descent,2019.9353398630253,2029.546962956305,直连,,78.95677512042867,122.0
P00089,leg1-cruise,2020.4222847330097,2030.277380261282,中继,RU-001,122.53126004853308,122.0
P00040,leg2-cruise,2026.3134371749923,2034.8472183411677,直连,,88.03888037317552,122.0
P00037,leg2-descent,2028.2309574835444,2037.293670191064,直连,,83.57175599751194,122.0
P00024,leg1-descent,2028.3552327538828,2037.5696124463552,中继,RU-001,124.73809054768513,122.0
P00071,leg1-cruise,2029.1987740695984,2038.6943342006425,直连,,119.88440123510159,122.0
P00107,leg3-descent,2029.546962956305,2039.1585860495848,直连,,76.19161606053464,122.0
P00089,leg1-cruise,2030.277380261282,2040.1324757895538,中继,RU-001,122.77169810390261,122.0
P00040,leg2-cruise,2034.8472183411677,2043.3809995073432,直连,,84.83983715117719,122.0
P00037,leg2-descent,2037.293670191064,2046.3563828985834,直连,,82.14868303046629,122.0
P00024,leg1-descent,2037.5696124463552,2046.7839921388274,中继,RU-001,124.73576588071884,122.0
P00071,leg1-cruise,2038.6943342006425,2048.189894331687,直连,,120.19654989093247,122.0
P00107,leg3-descent,2039.1585860495848,2048.7702091428646,直连,,72.11118487047642,122.0
P00089,leg1-cruise,2040.1324757895538,2049.9875713178258,中继,RU-001,123.00568008764172,122.0
P00040,leg2-descent,2043.3809995073432,2052.2070360231446,直连,,83.71553226204897,122.0
P00037,leg2-descent,2046.3563828985834,2055.419095606103,直连,,80.44587982316204,122.0
P00024,leg1-descent,2046.7839921388274,2055.9983718312997,中继,RU-001,124.73359689557093,122.0
P00071,leg1-cruise,2048.189894331687,2057.685454462731,直连,,120.49795294263173,122.0
P00107,leg3-descent,2048.7702091428646,2058.381832236144,直连,,64.16025409122547,122.0
P00089,leg1-cruise,2049.9875713178258,2054.915119081962,中继,RU-001,123.17713323500165,122.0
P00040,leg2-descent,2052.2070360231446,2061.033072538946,直连,,82.64648541054501,122.0
P00089,leg1-cruise,2054.915119081962,2059.842666846098,中继,RU-001,123.2895889934614,122.0
P00037,leg2-descent,2055.419095606103,2064.4818083136224,直连,,78.32578882182625,122.0
P00024,leg1-descent,2055.9983718312997,2065.212751523772,中继,RU-001,124.73158382620866,122.0
P00071,leg1-cruise,2057.685454462731,2067.181014593775,直连,,120.78932029222297,122.0
P00107,leg3-descent,2058.381832236144,2067.993455329424,直连,,58.100235716108344,122.0
P00089,leg1-cruise,2059.842666846098,2069.6977623743696,中继,RU-001,123.45559656146685,122.0
P00040,leg2-descent,2061.033072538946,2069.859109054747,直连,,81.42714806040532,122.0
P00037,leg2-descent,2064.4818083136224,2073.5445210211424,直连,,75.51513358475091,122.0
P00024,leg1-descent,2065.212751523772,2074.4271312162446,中继,RU-001,124.72972689002499,122.0
P00071,leg1-cruise,2067.181014593775,2076.676574724819,直连,,121.07129423256909,122.0
P00089,leg1-cruise,2069.6977623743696,2079.552857902642,中继,RU-001,123.6721299962704,122.0
P00040,leg2-descent,2069.859109054747,2078.6851455705482,直连,,80.00824170720755,122.0
P00037,leg2-descent,2073.5445210211424,2082.607233728662,直连,,71.33379743766989,122.0
P00024,leg1-descent,2074.4271312162446,2083.6415109087166,中继,RU-001,124.7280262877606,122.0
P00071,leg1-cruise,2076.676574724819,2086.1721348558635,直连,,121.34445770914523,122.0
P00040,leg2-descent,2078.6851455705482,2087.5111820863494,直连,,78.3114064295346,122.0
P00089,leg1-descent,2079.552857902642,2089.049222648736,中继,RU-001,123.77733662144614,122.0
P00037,leg2-descent,2082.607233728662,2091.6699464361814,直连,,62.967581480229065,122.0
P00024,leg1-descent,2083.6415109087166,2092.855890601189,中继,RU-001,124.72648220343183,122.0
P00071,leg1-cruise,2086.1721348558635,2095.6676949869075,直连,,121.60934136605012,122.0
P00040,leg2-descent,2087.5111820863494,2096.3372186021506,直连,,76.20057493182807,122.0
P00089,leg1-descent,2089.049222648736,2098.5455873948295,中继,RU-001,123.77534346571288,122.0
P00037,leg2-descent,2091.6699464361814,2100.732659143701,直连,,58.81621869882939,122.0
P00024,S014-handoff,2092.855890601189,2099.0095728595707,中继,RU-001,124.72576890840894,122.0
P00071,leg1-cruise,2095.6676949869075,2100.4154750524294,直连,,121.80286345041355,122.0
P00040,leg2-descent,2096.3372186021506,2105.163255117952,直连,,73.40623088704064,122.0
P00089,S013-handoff,2098.5455873948295,2105.163255117952,中继,RU-001,123.77442449618124,122.0
P00024,S014-handoff,2099.0095728595707,2105.163255117952,中继,RU-001,124.72576890840894,122.0
P00071,leg1-cruise,2100.4154750524294,2105.163255117952,直连,,121.92953638622582,122.0
P00024,S014-handoff,2105.163255117952,2115.062934921571,中继,RU-001,124.72576890840894,122.0
P00040,leg2-descent,2105.163255117952,2114.778212272814,直连,,69.02055385515342,122.0
P00071,leg1-cruise,2105.163255117952,2115.118338246329,中继,RU-001,122.1221208378941,122.0
P00089,S013-handoff,2105.163255117952,2114.8481280835176,中继,RU-001,123.77442449618124,122.0
P00040,leg2-descent,2114.778212272814,2124.393169427676,直连,,58.98805535500587,122.0
P00089,S013-handoff,2114.8481280835176,2124.533001049083,中继,RU-001,123.77442449618124,122.0
P00024,S014-handoff,2115.062934921571,2124.9626147251897,中继,RU-001,124.72576890840894,122.0
P00071,leg1-cruise,2115.118338246329,2125.073421374706,中继,RU-001,122.37632045660021,122.0
P00040,leg2-descent,2124.393169427676,2134.0081265825384,直连,,60.382390686740756,122.0
P00089,S013-handoff,2124.533001049083,2134.2178740146487,中继,RU-001,123.77442449618124,122.0
P00024,S014-handoff,2124.9626147251897,2134.862294528809,中继,RU-001,124.72576890840894,122.0
P00071,leg1-cruise,2125.073421374706,2135.0285045030832,中继,RU-001,122.62332560868741,122.0
P00089,S013-handoff,2134.2178740146487,2143.902746980214,中继,RU-001,123.77442449618124,122.0
P00024,S014-handoff,2134.862294528809,2144.761974332428,中继,RU-001,124.72576890840894,122.0
P00071,leg1-cruise,2135.0285045030832,2140.0060460672717,中继,RU-001,122.8040964778351,122.0
P00118,leg1-climb,2138.0,2147.5359135742187,直连,,58.20256818211605,122.0
P00071,leg1-cruise,2140.0060460672717,2144.98358763146,中继,RU-001,122.92256239491209,122.0
P00089,S013-handoff,2143.902746980214,2153.58761994578,中继,RU-001,123.77442449618124,122.0
P00024,S014-handoff,2144.761974332428,2154.6616541360468,中继,RU-001,124.72576890840894,122.0
P00071,leg1-cruise,2144.98358763146,2154.9386707598374,中继,RU-001,123.09729807677603,122.0
P00118,leg1-climb,2147.5359135742187,2157.0718271484375,直连,,64.00517047440104,122.0
P00089,S013-handoff,2153.58761994578,2163.2724929113456,中继,RU-001,123.77442449618124,122.0
P00024,S014-handoff,2154.6616541360468,2164.561333939666,中继,RU-001,124.72576890840894,122.0
P00071,leg1-cruise,2154.9386707598374,2159.9162123240258,中继,RU-001,123.26860149900536,122.0
P00118,leg1-climb,2157.0718271484375,2166.607740722656,直连,,72.0080100726416,122.0
P00071,leg1-cruise,2159.9162123240258,2164.893753888214,中继,RU-001,123.38096232626489,122.0
P00089,S013-handoff,2163.2724929113456,2172.957365876911,中继,RU-001,123.77442449618124,122.0
P00024,S014-handoff,2164.561333939666,2174.461013743285,中继,RU-001,124.72576890840894,122.0
P00071,leg1-cruise,2164.893753888214,2174.8488370165915,中继,RU-001,123.54683433800565,122.0
P00118,leg1-climb,2166.607740722656,2176.143654296875,直连,,76.10138478115564,122.0
P00089,S013-handoff,2172.957365876911,2182.6422388424767,中继,RU-001,123.77442449618124,122.0
P00024,S014-handoff,2174.461013743285,2184.360693546904,中继,RU-001,124.72576890840894,122.0
P00071,leg1-descent,2174.8488370165915,2183.2524905810446,中继,RU-001,123.65456224117123,122.0
P00118,leg1-climb,2176.143654296875,2185.6795678710937,直连,,78.87242282539992,122.0
P00089,S013-handoff,2182.6422388424767,2192.3271118080424,中继,RU-001,123.77442449618124,122.0
P00071,leg1-descent,2183.2524905810446,2191.656144145498,中继,RU-001,123.65243562946183,122.0
P00024,S014-handoff,2184.360693546904,2194.260373350523,中继,RU-001,124.72576890840894,122.0
P00118,leg1-climb,2185.6795678710937,2195.2154814453124,直连,,80.9699765985141,122.0
P00071,leg1-descent,2191.656144145498,2200.059797709951,中继,RU-001,123.65047547555812,122.0
P00089,S013-handoff,2192.3271118080424,2202.0119847736078,中继,RU-001,123.77442449618124,122.0
P00024,S014-handoff,2194.260373350523,2204.160053154142,中继,RU-001,124.72576890840894,122.0
P00118,leg1-climb,2195.2154814453124,2204.751395019531,直连,,82.65823583839469,122.0
P00071,leg1-descent,2200.059797709951,2208.463451274404,中继,RU-001,123.64868200539627,122.0
P00089,S013-handoff,2202.0119847736078,2211.6968577391735,中继,RU-001,123.77442449618124,122.0
P00024,S014-handoff,2204.160053154142,2214.059732957761,中继,RU-001,124.72576890840894,122.0
P00118,leg1-climb,2204.751395019531,2214.28730859375,直连,,84.0711461599594,122.0
P00071,S010-handoff,2208.463451274404,2218.2009600205756,中继,RU-001,123.64784784212937,122.0
P00089,S013-handoff,2211.6968577391735,2221.381730704739,中继,RU-001,123.77442449618124,122.0
P00024,S014-handoff,2214.059732957761,2223.95941276138,中继,RU-001,124.72576890840894,122.0
P00118,leg1-climb,2214.28730859375,2223.8232221679687,直连,,85.28605546193438,122.0
P00071,S010-handoff,2218.2009600205756,2227.9384687667466,中继,RU-001,123.64784784212937,122.0
P00089,S013-handoff,2221.381730704739,2231.0666036703046,中继,RU-001,123.77442449618124,122.0
P00118,leg1-climb,2223.8232221679687,2233.3591357421874,直连,,86.35169831831644,122.0
P00024,S014-handoff,2223.95941276138,2233.8590925649987,中继,RU-001,124.72576890840894,122.0
P00071,S010-handoff,2227.9384687667466,2237.6759775129176,中继,RU-001,123.64784784212937,122.0
P00089,S013-handoff,2231.0666036703046,2240.7514766358704,中继,RU-001,123.77442449618124,122.0
P00118,leg1-cruise,2233.3591357421874,2238.3548560497065,直连,,86.96516816415617,122.0
P00024,S014-handoff,2233.8590925649987,2243.758772368618,中继,RU-001,124.72576890840894,122.0
P00071,S010-handoff,2237.6759775129176,2247.413486259089,中继,RU-001,123.64784784212937,122.0
P00118,leg1-cruise,2238.3548560497065,2243.3505763572252,直连,,87.85971197798796,122.0
P00089,S013-handoff,2240.7514766358704,2250.4363496014357,中继,RU-001,123.77442449618124,122.0
P00118,leg1-cruise,2243.3505763572252,2248.346296664744,直连,,89.23418801055465,122.0
P00024,S014-handoff,2243.758772368618,2253.658452172237,中继,RU-001,124.72576890840894,122.0
P00071,S010-handoff,2247.413486259089,2257.1509950052605,中继,RU-001,123.64784784212937,122.0
P00118,leg1-cruise,2248.346296664744,2253.3420169722626,直连,,90.71694672664191,122.0
P00089,S013-handoff,2250.4363496014357,2260.1212225670015,中继,RU-001,123.77442449618124,122.0
P00118,leg1-cruise,2253.3420169722626,2258.3377372797813,直连,,92.13348502185103,122.0
P00024,S014-handoff,2253.658452172237,2263.5581319758558,中继,RU-001,124.72576890840894,122.0
P00071,S010-handoff,2257.1509950052605,2266.8885037514315,中继,RU-001,123.64784784212937,122.0
P00118,leg1-cruise,2258.3377372797813,2263.3334575873005,直连,,93.43005194384654,122.0
P00089,S013-handoff,2260.1212225670015,2269.8060955325673,中继,RU-001,123.77442449618124,122.0
P00118,leg1-cruise,2263.3334575873005,2268.3291778948196,直连,,94.60185077638587,122.0
P00024,S014-handoff,2263.5581319758558,2273.457811779475,中继,RU-001,124.72576890840894,122.0
P00071,S010-handoff,2266.8885037514315,2276.6260124976025,中继,RU-001,123.64784784212937,122.0
P00118,leg1-cruise,2268.3291778948196,2273.3248982023383,直连,,95.6599967543566,122.0
P00089,S013-handoff,2269.8060955325673,2279.4909684981326,中继,RU-001,123.77442449618124,122.0
P00118,leg1-cruise,2273.3248982023383,2278.320618509857,直连,,96.61910260123119,122.0
P00024,S014-handoff,2273.457811779475,2283.357491583094,中继,RU-001,124.72576890840894,122.0
P00071,S010-handoff,2276.6260124976025,2286.363521243774,中继,RU-001,123.64784784212937,122.0
P00118,leg1-cruise,2278.320618509857,2283.316338817376,直连,,97.49310623021461,122.0
P00089,S013-handoff,2279.4909684981326,2289.1758414636984,中继,RU-001,123.77442449618124,122.0
P00118,leg1-cruise,2283.316338817376,2288.312059124895,直连,,98.29411526541433,122.0
P00024,S014-handoff,2283.357491583094,2293.257171386713,中继,RU-001,124.72576890840894,122.0
P00071,S010-handoff,2286.363521243774,2296.1010299899453,中继,RU-001,123.64784784212937,122.0
P00118,leg1-cruise,2288.312059124895,2293.3077794324136,直连,,99.03229713504395,122.0
P00089,S013-handoff,2289.1758414636984,2298.8607144292637,中继,RU-001,123.77442449618124,122.0
P00024,S014-handoff,2293.257171386713,2303.156851190332,中继,RU-001,124.72576890840894,122.0
P00118,leg1-cruise,2293.3077794324136,2298.3034997399327,直连,,99.71609421221032,122.0
P00071,S010-handoff,2296.1010299899453,2305.8385387361163,中继,RU-001,123.64784784212937,122.0
P00118,leg1-cruise,2298.3034997399327,2303.2992200474514,直连,,100.35250705558111,122.0
P00089,S013-handoff,2298.8607144292637,2308.5455873948295,中继,RU-001,123.77442449618124,122.0
P00024,S014-handoff,2303.156851190332,2313.056530993951,中继,RU-001,124.72576890840894,122.0
P00118,leg1-cruise,2303.2992200474514,2308.29494035497,直连,,100.94735984895459,122.0
P00071,S010-handoff,2305.8385387361163,2315.5760474822873,中继,RU-001,123.64784784212937,122.0
P00118,leg1-cruise,2308.29494035497,2313.2906606624892,直连,,101.50552473045906,122.0
P00089,leg2-climb,2308.5455873948295,2316.459224683241,中继,RU-001,123.77534346571288,122.0
P00024,S014-handoff,2313.056530993951,2322.95621079757,中继,RU-001,124.72576890840894,122.0
P00118,leg1-cruise,2313.2906606624892,2318.286380970008,直连,,102.03110372623236,122.0
P00071,S010-handoff,2315.5760474822873,2325.3135562284588,中继,RU-001,123.64784784212937,122.0
P00089,leg2-climb,2316.459224683241,2324.3728619716526,中继,RU-001,123.77733662144614,122.0
P00118,leg1-cruise,2318.286380970008,2323.2821012775266,直连,,102.52757384074232,122.0
P00024,S014-handoff,2322.95621079757,2332.855890601189,中继,RU-001,124.72576890840894,122.0
P00118,leg1-cruise,2323.2821012775266,2328.277821585046,直连,,102.99790213644188,122.0
P00089,leg2-cruise,2324.3728619716526,2334.2279574999247,中继,RU-001,123.6721299962704,122.0
P00071,S010-handoff,2325.3135562284588,2335.05106497463,中继,RU-001,123.64784784212937,122.0
P00118,leg1-cruise,2328.277821585046,2333.2735418925645,直连,,103.44463704269421,122.0
P00024,leg2-climb,2332.855890601189,2341.650607550769,中继,RU-001,124.72658913954918,122.0
P00118,leg1-cruise,2333.2735418925645,2338.269262200083,直连,,103.86998105311305,122.0
P00089,leg2-cruise,2334.2279574999247,2344.0830530281964,中继,RU-001,123.45559656146685,122.0
P00071,S010-handoff,2335.05106497463,2344.788573720801,中继,RU-001,123.64784784212937,122.0
P00118,leg1-cruise,2338.269262200083,2343.2649825076023,直连,,114.27584889985299,122.0
P00024,leg2-climb,2341.650607550769,2350.4453245003488,中继,RU-001,124.72838371736138,122.0
P00118,leg1-cruise,2343.2649825076023,2348.260702815121,直连,,114.66391438294778,122.0
P00089,leg2-cruise,2344.0830530281964,2349.0106007923323,中继,RU-001,123.2895889934614,122.0
P00071,S010-handoff,2344.788573720801,2354.526082466972,中继,RU-001,123.64784784212937,122.0
P00118,leg1-cruise,2348.260702815121,2353.2564231226397,直连,,115.03564830549287,122.0
P00089,leg2-cruise,2349.0106007923323,2353.9381485564686,中继,RU-001,123.17713323500165,122.0
P00024,leg2-climb,2350.4453245003488,2359.240041449929,中继,RU-001,124.73038356709642,122.0
P00118,leg1-cruise,2353.2564231226397,2358.252143430159,直连,,115.39234940186277,122.0
P00089,leg2-cruise,2353.9381485564686,2363.7932440847408,中继,RU-001,123.00568008764172,122.0
P00071,S010-handoff,2354.526082466972,2364.2635912131436,中继,RU-001,123.64784784212937,122.0
P00118,leg1-cruise,2358.252143430159,2363.2478637376776,直连,,115.7351697138559,122.0
P00024,leg2-climb,2359.240041449929,2368.034758399509,中继,RU-001,124.7325884049607,122.0
P00118,leg1-cruise,2363.2478637376776,2368.2435840451963,直连,,116.06513554126481,122.0
P00089,leg2-cruise,2363.7932440847408,2373.6483396130125,中继,RU-001,122.77169810390261,122.0
P00071,S010-handoff,2364.2635912131436,2374.001099959315,中继,RU-001,123.64784784212937,122.0
P00024,leg2-climb,2368.034758399509,2376.8294753490886,中继,RU-001,124.73499791842461,122.0
P00118,leg1-cruise,2368.2435840451963,2378.2350246602346,直连,,116.38316484258897,122.0
P00089,leg2-cruise,2373.6483396130125,2383.5034351412846,中继,RU-001,122.53126004853308,122.0
P00071,S010-handoff,2374.001099959315,2383.738608705486,中继,RU-001,123.64784784212937,122.0
P00030,leg1-climb,2376.0,2385.0712087326096,直连,,56.16857285353135,122.0
P00024,leg2-climb,2376.8294753490886,2385.6241922986687,中继,RU-001,124.73761176636968,122.0
P00118,leg1-cruise,2378.2350246602346,2388.226465275272,直连,,116.9866288847768,122.0
P00089,leg2-cruise,2383.5034351412846,2393.3585306695563,中继,RU-001,122.2840009013979,122.0
P00071,S010-handoff,2383.738608705486,2393.476117451657,中继,RU-001,123.64784784212937,122.0
P00030,leg1-climb,2385.0712087326096,2394.142417465219,直连,,66.42402260586712,122.0
P00024,leg2-climb,2385.6241922986687,2394.4189092482484,中继,RU-001,124.7404295792488,122.0
P00118,leg1-cruise,2388.226465275272,2398.2179058903093,直连,,117.55123622537589,122.0
P00089,leg2-cruise,2393.3585306695563,2403.2136261978285,中继,RU-001,122.02952391094661,122.0
P00071,S010-handoff,2393.476117451657,2403.2136261978285,中继,RU-001,123.64784784212937,122.0
P00030,leg1-climb,2394.142417465219,2403.2136261978285,直连,,73.68521175216102,122.0
P00024,leg2-climb,2394.4189092482484,2403.2136261978285,中继,RU-001,124.74345095925949,122.0
P00118,leg1-cruise,2398.2179058903093,2403.2136261978285,直连,,118.08165032880723,122.0
P00024,leg2-climb,2403.2136261978285,2413.1716864996265,中继,RU-001,124.74689589756856,122.0
P00030,leg1-climb,2403.2136261978285,2412.3007625134896,直连,,77.58684583328159,122.0
P00071,S010-handoff,2403.2136261978285,2410.8385387361163,中继,RU-001,123.64784784212937,122.0
P00089,leg2-cruise,2403.2136261978285,2412.6259249914447,直连,,121.77337294365074,122.0
P00118,leg1-cruise,2403.2136261978285,2411.6565055501123,直连,,118.31587879654685,122.0
P00071,S010-handoff,2410.8385387361163,2418.463451274404,中继,RU-001,123.64784784212937,122.0
P00118,leg1-cruise,2411.6565055501123,2415.8779452262543,直连,,118.72936162860277,122.0
P00030,leg1-climb,2412.3007625134896,2421.3878988291513,直连,,80.27149744824608,122.0
P00089,leg2-cruise,2412.6259249914447,2422.0382237850604,直连,,121.51562674721443,122.0
P00024,leg2-cruise,2413.1716864996265,2417.8530285551533,中继,RU-001,124.69265509156557,122.0
P00118,leg1-cruise,2415.8779452262543,2420.099384902396,直连,,118.92899457748653,122.0
P00024,leg2-cruise,2417.8530285551533,2422.5343706106805,中继,RU-001,124.579233783718,122.0
P00071,leg2-climb,2418.463451274404,2427.8008441237967,中继,RU-001,123.64896933281241,122.0
P00118,leg1-cruise,2420.099384902396,2428.5422642546796,直连,,119.22014610222375,122.0
P00030,leg1-climb,2421.3878988291513,2430.475035144813,直连,,82.31934400182234,122.0
P00089,leg2-cruise,2422.0382237850604,2431.450522578676,直连,,121.25003376570685,122.0
P00024,leg2-cruise,2422.5343706106805,2431.8970547217345,中继,RU-001,124.46432248810459,122.0
P00071,leg2-climb,2427.8008441237967,2437.1382369731887,中继,RU-001,123.65143473071883,122.0
P00057,leg1-climb,2428.0,2437.7956901912466,直连,,54.55033044640628,122.0
P00118,leg1-cruise,2428.5422642546796,2436.9851436069634,直连,,119.5938431807655,122.0
P00030,leg1-climb,2430.475035144813,2439.562171460474,直连,,83.9753049687932,122.0
P00089,leg2-cruise,2431.450522578676,2440.8628213722923,直连,,120.97610369732264,122.0
P00024,leg2-cruise,2431.8970547217345,2441.259738832788,中继,RU-001,124.22987086954372,122.0
P00118,leg1-cruise,2436.9851436069634,2441.2065832831054,直连,,119.8639823086248,122.0
P00071,leg2-climb,2437.1382369731887,2446.475629822581,中继,RU-001,123.65419625647414,122.0
P00057,leg1-climb,2437.7956901912466,2447.5913803824933,直连,,67.68757302299906,122.0
P00030,leg1-climb,2439.562171460474,2448.649307776135,直连,,85.36554300951585,122.0
P00089,leg2-cruise,2440.8628213722923,2450.2751201659084,直连,,120.69329906159989,122.0
P00118,leg1-cruise,2441.2065832831054,2445.4280229592473,直连,,120.0395400980524,122.0
P00024,leg2-cruise,2441.259738832788,2445.941080888315,中继,RU-001,123.98896590888232,122.0
P00118,leg1-descent,2445.4280229592473,2453.9776628518252,直连,,120.12444801078281,122.0
P00024,leg2-cruise,2445.941080888315,2450.622422943842,中继,RU-001,123.86598139624748,122.0
P00071,leg2-cruise,2446.475629822581,2456.430712950958,中继,RU-001,123.54683433800565,122.0
P00057,leg1-climb,2447.5913803824933,2457.38707057374,直连,,74.61605105834983,122.0
P00030,leg1-climb,2448.649307776135,2457.736444091797,直连,,86.56366075778256,122.0
P00089,leg2-cruise,2450.2751201659084,2459.687418959524,直连,,120.4010289835558,122.0
P00024,leg2-cruise,2450.622422943842,2455.3037649993694,中继,RU-001,123.74124535502807,122.0
P00118,leg1-descent,2453.9776628518252,2462.5273027444036,直连,,120.12150523207133,122.0
P00024,leg2-cruise,2455.3037649993694,2459.985107054896,中继,RU-001,123.61470762123813,122.0
P00071,leg2-cruise,2456.430712950958,2461.408254515147,中继,RU-001,123.38096232626489,122.0
P00057,leg1-climb,2457.38707057374,2467.1827607649866,直连,,78.42057274543099,122.0
P00030,leg1-cruise,2457.736444091797,2467.4739053633675,直连,,87.54020645543895,122.0
P00089,leg2-cruise,2459.687418959524,2469.09971775314,直连,,120.09864192644866,122.0
P00024,leg2-cruise,2459.985107054896,2464.666449110423,中继,RU-001,123.48631586531293,122.0
P00071,leg2-cruise,2461.408254515147,2466.3857960793353,中继,RU-001,123.26860149900536,122.0
P00118,leg1-descent,2462.5273027444036,2471.0769426369816,直连,,120.11881067904758,122.0
P00024,leg2-cruise,2464.666449110423,2469.34779116595,中继,RU-001,123.35601546696508,122.0
P00071,leg2-cruise,2466.3857960793353,2476.340879207712,中继,RU-001,123.09729807677603,122.0
P00057,leg1-climb,2467.1827607649866,2476.9784509562332,直连,,81.05731865026324,122.0
P00030,leg1-cruise,2467.4739053633675,2472.3426359991527,直连,,89.29984207089429,122.0
P00089,leg2-cruise,2469.09971775314,2478.512016546756,直连,,119.78541715404982,122.0
P00024,leg2-cruise,2469.34779116595,2474.0291332214774,中继,RU-001,123.22374938095112,122.0
P00118,S006-handoff,2471.0769426369816,2480.0937964538293,直连,,120.11755663365312,122.0
P00030,leg1-cruise,2472.3426359991527,2477.211366634938,直连,,90.70092388348712,122.0
P00024,leg2-cruise,2474.0291332214774,2478.710475277004,中继,RU-001,123.08945799300605,122.0
P00071,leg2-cruise,2476.340879207712,2481.3184207719005,中继,RU-001,122.92256239491209,122.0
P00057,leg1-climb,2476.9784509562332,2486.77414114748,直连,,83.07726174974836,122.0
P00030,leg1-cruise,2477.211366634938,2482.080097270723,直连,,92.06070267025876,122.0
P00089,leg2-cruise,2478.512016546756,2487.9243153403722,直连,,119.46055464848348,122.0
P00024,leg2-cruise,2478.710475277004,2483.391817332531,中继,RU-001,122.95307896505585,122.0
P00118,S006-handoff,2480.0937964538293,2489.110650270677,直连,,120.11755663365312,122.0
P00071,leg2-cruise,2481.3184207719005,2486.295962336089,中继,RU-001,122.8040964778351,122.0
P00030,leg1-cruise,2482.080097270723,2486.948827906508,直连,,93.31886304381192,122.0
P00024,leg2-cruise,2483.391817332531,2488.0731593880582,中继,RU-001,122.81454706872178,122.0
P00071,leg2-cruise,2486.295962336089,2496.2510454644657,中继,RU-001,122.62332560868741,122.0
P00057,leg1-climb,2486.77414114748,2496.5698313387265,直连,,84.71495762274029,122.0
P00030,leg1-cruise,2486.948827906508,2491.817558542293,直连,,94.46435944985188,122.0
P00089,leg2-cruise,2487.9243153403722,2497.336614133988,直连,,119.12316313915561,122.0
P00024,leg2-cruise,2488.0731593880582,2492.754501443585,中继,RU-001,122.67379400611351,122.0
P00118,S006-handoff,2489.110650270677,2498.1275040875244,直连,,120.11755663365312,122.0
P00030,leg1-cruise,2491.817558542293,2496.686289178079,直连,,95.50404681099833,122.0
P00024,leg2-cruise,2492.754501443585,2497.435843499112,中继,RU-001,122.53074821669574,122.0
P00071,leg2-cruise,2496.2510454644657,2506.206128592843,中继,RU-001,122.37632045660021,122.0
P00057,leg1-climb,2496.5698313387265,2506.365521529973,直连,,86.09231047550705,122.0
P00030,leg1-cruise,2496.686289178079,2501.5550198138644,直连,,96.44984595521,122.0
P00089,leg2-cruise,2497.336614133988,2506.7489129276037,直连,,118.77224580594859,122.0
P00024,leg2-cruise,2497.435843499112,2502.117185554639,中继,RU-001,122.3853346689713,122.0
P00118,S006-handoff,2498.1275040875244,2507.144357904372,直连,,120.11755663365312,122.0
P00030,leg1-cruise,2501.5550198138644,2506.4237504496496,直连,,97.31400744226352,122.0
P00024,leg2-cruise,2502.117185554639,2506.798527610166,中继,RU-001,122.23747463549792,122.0
P00071,leg2-cruise,2506.206128592843,2516.16121172122,中继,RU-001,122.1221208378941,122.0
P00057,leg1-climb,2506.365521529973,2516.16121172122,直连,,87.2808511122697,122.0
P00030,leg1-cruise,2506.4237504496496,2511.2924810854347,直连,,98.10756512516971,122.0
P00089,leg2-cruise,2506.7489129276037,2516.16121172122,直连,,118.40668309910728,122.0
P00024,leg2-cruise,2506.798527610166,2511.4798696656926,中继,RU-001,122.08708544970607,122.0
P00118,S006-handoff,2507.144357904372,2516.16121172122,直连,,120.11755663365312,122.0
P00030,leg1-cruise,2511.2924810854347,2516.16121172122,直连,,98.83998730947792,122.0
P00024,leg2-cruise,2511.4798696656926,2516.16121172122,中继,RU-001,121.93408024272533,122.0
P00024,leg2-cruise,2516.16121172122,2520.4150883700113,直连,,121.78553724567925,122.0
P00030,leg1-cruise,2516.16121172122,2520.4150883700113,直连,,99.47779786346757,122.0
P00057,leg1-climb,2516.16121172122,2520.4150883700113,直连,,88.04300727508934,122.0
P00071,leg2-cruise,2516.16121172122,2520.4150883700113,直连,,121.93607516689133,122.0
P00089,leg2-cruise,2516.16121172122,2520.4150883700113,直连,,118.13140578320807,122.0
P00118,S006-handoff,2516.16121172122,2520.4150883700113,直连,,120.11755663365312,122.0
P00024,leg2-cruise,2520.4150883700113,2525.249471527676,直连,,121.63183440564976,122.0
P00030,leg1-cruise,2520.4150883700113,2525.249471527676,直连,,100.07230839608077,122.0
P00057,leg1-climb,2520.4150883700113,2529.334080864911,直连,,88.70154311215103,122.0
P00071,leg2-cruise,2520.4150883700113,2530.083854685341,直连,,121.74985102684367,122.0
P00089,leg2-cruise,2520.4150883700113,2530.3206450490966,直连,,107.83677825466062,122.0
P00118,S006-handoff,2520.4150883700113,2530.083854685341,直连,,120.11755663365312,122.0
P00024,leg2-cruise,2525.249471527676,2530.083854685341,直连,,121.46531487817225,122.0
P00030,leg1-cruise,2525.249471527676,2530.083854685341,直连,,100.66516139550136,122.0
P00057,leg1-climb,2529.334080864911,2538.2530733598105,直连,,89.5204813375149,122.0
P00024,leg2-cruise,2530.083854685341,2534.918237843006,直连,,121.29558852742193,122.0
P00030,leg1-cruise,2530.083854685341,2534.918237843006,直连,,101.22176907729782,122.0
P00071,leg2-cruise,2530.083854685341,2539.752621000671,直连,,121.48443046559252,122.0
P00118,S006-handoff,2530.083854685341,2539.752621000671,直连,,120.11755663365312,122.0
P00089,leg2-cruise,2530.3206450490966,2540.226201728182,直连,,107.40721778586855,122.0
P00024,leg2-cruise,2534.918237843006,2539.752621000671,直连,,121.12253142876676,122.0
P00030,leg1-cruise,2534.918237843006,2539.752621000671,直连,,101.74612499182057,122.0
P00057,leg1-climb,2538.2530733598105,2547.1720658547097,直连,,90.26881599363477,122.0
P00024,leg2-cruise,2539.752621000671,2544.5870041583357,直连,,120.946012464416,122.0
P00030,leg1-cruise,2539.752621000671,2544.5870041583357,直连,,102.24162762057247,122.0
P00071,leg2-cruise,2539.752621000671,2544.5870041583357,直连,,121.27993625848268,122.0
P00118,S006-handoff,2539.752621000671,2549.4213873160006,直连,,120.11755663365312,122.0
P00089,leg2-cruise,2540.226201728182,2550.1317584072676,直连,,106.95557906726877,122.0
P00024,leg2-cruise,2544.5870041583357,2549.4213873160006,直连,,120.76589276768615,122.0
P00030,leg1-cruise,2544.5870041583357,2549.4213873160006,直连,,102.71118628282044,122.0
P00071,leg2-cruise,2544.5870041583357,2549.4213873160006,直连,,121.14089935417353,122.0
P00057,leg1-climb,2547.1720658547097,2556.0910583496093,直连,,90.95776066675067,122.0
P00024,leg2-cruise,2549.4213873160006,2554.2557704736655,直连,,120.58202511394735,122.0
P00030,leg1-cruise,2549.4213873160006,2554.2557704736655,直连,,103.15730633579923,122.0
P00071,leg2-cruise,2549.4213873160006,2559.0901536313304,直连,,120.92810802367379,122.0
P00118,S006-handoff,2549.4213873160006,2559.0901536313304,直连,,120.11755663365312,122.0
P00089,leg2-cruise,2550.1317584072676,2560.037315086353,直连,,106.47950338196395,122.0
P00024,leg2-cruise,2554.2557704736655,2559.0901536313304,直连,,120.39425325216538,122.0
P00030,leg1-cruise,2554.2557704736655,2559.0901536313304,直连,,103.58215772652957,122.0
P00057,leg1-cruise,2556.0910583496093,2565.9176717850296,直连,,91.39508966628347,122.0
P00024,leg2-cruise,2559.0901536313304,2563.9245367889953,直连,,110.20241117027365,122.0
P00030,leg1-cruise,2559.0901536313304,2563.9245367889953,直连,,103.98763030347489,122.0
P00071,leg2-cruise,2559.0901536313304,2568.75891994666,直连,,120.63608467152962,122.0
P00118,S006-handoff,2559.0901536313304,2568.75891994666,直连,,120.11755663365312,122.0
P00089,leg2-cruise,2560.037315086353,2569.942871765438,直连,,105.976239440062,122.0
P00024,leg2-cruise,2563.9245367889953,2568.75891994666,直连,,110.00632228662838,122.0
P00030,leg1-cruise,2563.9245367889953,2568.75891994666,直连,,104.37537863709822,122.0
P00057,leg1-cruise,2565.9176717850296,2575.74428522045,直连,,92.20225487760686,122.0
P00024,leg2-cruise,2568.75891994666,2573.593303104325,直连,,109.80579855877839,122.0
P00030,leg1-cruise,2568.75891994666,2573.593303104325,直连,,104.7468585245918,122.0
P00071,leg2-cruise,2568.75891994666,2578.4276862619904,直连,,120.33397707929856,122.0
P00118,S006-handoff,2568.75891994666,2578.4276862619904,直连,,120.11755663365312,122.0
P00089,leg2-cruise,2569.942871765438,2579.8484284445235,直连,,105.44255309891177,122.0
P00024,leg2-cruise,2573.593303104325,2578.4276862619904,直连,,109.60063949976865,122.0
P00030,leg1-cruise,2573.593303104325,2578.4276862619904,直连,,105.1033568853703,122.0
P00057,leg1-cruise,2575.74428522045,2585.5708986558707,直连,,93.47075247560144,122.0
P00024,leg2-cruise,2578.4276862619904,2583.2620694196553,直连,,109.39063109067203,122.0
P00030,leg1-cruise,2578.4276862619904,2583.2620694196553,直连,,105.44601638235268,122.0
P00071,leg2-cruise,2578.4276862619904,2588.09645257732,直连,,120.02106980773495,122.0
P00118,S006-handoff,2578.4276862619904,2588.09645257732,直连,,120.11755663365312,122.0
P00089,leg2-cruise,2579.8484284445235,2589.7539851236093,直连,,104.87461032283093,122.0
P00032,leg1-climb,2582.0,2591.690440673828,直连,,54.804977507866845,122.0
P00024,leg2-cruise,2583.2620694196553,2588.09645257732,直连,,109.17554457677355,122.0
P00030,leg1-cruise,2583.2620694196553,2588.09645257732,直连,,105.7758558141178,122.0
P00057,leg1-cruise,2585.5708986558707,2595.397512091291,直连,,94.86934754096471,122.0
P00024,leg2-cruise,2588.09645257732,2592.930835734985,直连,,108.9551351330093,122.0
P00030,leg1-cruise,2588.09645257732,2592.930835734985,直连,,106.09378709822946,122.0
P00071,leg2-cruise,2588.09645257732,2597.76521889265,直连,,119.69656920631498,122.0
P00118,S006-handoff,2588.09645257732,2597.76521889265,直连,,120.11755663365312,122.0
P00089,leg2-cruise,2589.7539851236093,2599.6595418026945,直连,,104.26782367116108,122.0
P00032,leg1-climb,2591.690440673828,2601.380881347656,直连,,67.51503459175092,122.0
P00024,leg2-cruise,2592.930835734985,2597.76521889265,直连,,108.72914038235861,122.0
P00030,leg1-cruise,2592.930835734985,2597.76521889265,直连,,106.4006294920246,122.0
P00057,leg1-cruise,2595.397512091291,2605.2241255267113,直连,,96.22736490158198,122.0
P00024,leg2-cruise,2597.76521889265,2602.599602050315,直连,,108.49727874886699,122.0
P00030,leg1-cruise,2597.76521889265,2607.4339852079797,直连,,106.84169748876175,122.0
P00071,leg2-cruise,2597.76521889265,2607.4339852079797,直连,,119.35959170676668,122.0
P00118,S006-handoff,2597.76521889265,2607.4339852079797,直连,,120.11755663365312,122.0
P00089,leg2-cruise,2599.6595418026945,2609.56509848178,直连,,103.61664850746072,122.0
P00032,leg1-climb,2601.380881347656,2611.0713220214843,直连,,74.48686069242557,122.0
P00024,leg2-cruise,2602.599602050315,2607.4339852079797,直连,,108.25924762448537,122.0
P00057,leg1-cruise,2605.2241255267113,2615.0507389621316,直连,,97.48431544165099,122.0
P00024,leg2-cruise,2607.4339852079797,2612.2683683656446,直连,,108.0147213262729,122.0
P00030,leg1-cruise,2607.4339852079797,2612.2683683656446,直连,,107.26166478228008,122.0
P00071,leg2-cruise,2607.4339852079797,2612.2683683656446,直连,,119.09808096937047,122.0
P00118,S006-handoff,2607.4339852079797,2617.1027515233095,直连,,120.11755663365312,122.0
P00089,leg2-cruise,2609.56509848178,2619.470655160865,直连,,102.91430917855614,122.0
P00032,leg1-climb,2611.0713220214843,2620.7617626953124,直连,,78.30394043774598,122.0
P00024,leg2-cruise,2612.2683683656446,2617.1027515233095,直连,,107.76334881778524,122.0
P00030,leg1-cruise,2612.2683683656446,2617.1027515233095,直连,,107.530873410906,122.0
P00071,leg2-cruise,2612.2683683656446,2617.1027515233095,直连,,118.91930868066012,122.0
P00009,leg1-climb,2615.0,2624.8377878639913,直连,,57.78715799352545,122.0
P00057,leg1-cruise,2615.0507389621316,2624.877352397552,直连,,98.62897283114883,122.0
P00024,leg2-cruise,2617.1027515233095,2621.9371346809744,直连,,107.50475116531555,122.0
P00030,leg1-cruise,2617.1027515233095,2621.9371346809744,直连,,107.79206032693257,122.0
P00071,leg2-cruise,2617.1027515233095,2626.7715178386393,直连,,118.64413565280692,122.0
P00118,S006-handoff,2617.1027515233095,2626.7715178386393,直连,,120.11755663365312,122.0
P00089,leg2-cruise,2619.470655160865,2629.376211839951,直连,,102.1524269276429,122.0
P00032,leg1-climb,2620.7617626953124,2630.4522033691405,直连,,80.9466621390307,122.0
P00024,leg2-cruise,2621.9371346809744,2626.7715178386393,直连,,107.23851869653426,122.0
P00030,leg1-cruise,2621.9371346809744,2626.7715178386393,直连,,108.0456857838755,122.0
P00009,leg1-climb,2624.8377878639913,2634.675575727983,直连,,64.60769433629503,122.0
P00057,leg1-cruise,2624.877352397552,2634.7039658329727,直连,,99.6680644940812,122.0
P00024,leg2-cruise,2626.7715178386393,2631.605900996304,直连,,106.96420782625597,122.0
P00030,leg1-cruise,2626.7715178386393,2631.605900996304,直连,,108.29217185333121,122.0
P00071,leg2-cruise,2626.7715178386393,2636.440284153969,直连,,118.26330022527439,122.0
P00118,S006-handoff,2626.7715178386393,2636.440284153969,直连,,120.11755663365312,122.0
P00089,leg2-cruise,2629.376211839951,2639.281768519036,直连,,101.32050980276976,122.0
P00032,leg1-cruise,2630.4522033691405,2639.814245890262,直连,,82.81187490412381,122.0
P00024,leg2-cruise,2631.605900996304,2636.440284153969,直连,,106.68133751119926,122.0
P00030,leg1-cruise,2631.605900996304,2636.440284153969,直连,,108.53190649985316,122.0
P00009,leg1-climb,2634.675575727983,2644.513363591974,直连,,72.41229255603298,122.0
P00057,leg1-cruise,2634.7039658329727,2644.530579268393,直连,,100.61342912919635,122.0
P00024,leg2-cruise,2636.440284153969,2641.274667311634,直连,,106.38938529424607,122.0
P00030,leg1-cruise,2636.440284153969,2641.274667311634,直连,,108.76524713095685,122.0
P00071,leg2-cruise,2636.440284153969,2646.109050469299,直连,,117.86522944531944,122.0
P00118,S006-handoff,2636.440284153969,2646.109050469299,直连,,120.11755663365312,122.0
P00089,leg2-cruise,2639.281768519036,2649.1873251981215,直连,,100.4052514635345,122.0
P00032,leg1-cruise,2639.814245890262,2649.176288411383,直连,,86.49989409645201,122.0
P00024,leg2-cruise,2641.274667311634,2646.109050469299,直连,,106.08778289864819,122.0
P00030,leg1-cruise,2641.274667311634,2646.109050469299,直连,,108.9925237006154,122.0
P00009,leg1-climb,2644.513363591974,2654.351151455966,直连,,76.45571014570143,122.0
P00057,leg1-cruise,2644.530579268393,2654.3571927038133,直连,,101.47726516917565,122.0
P00024,leg2-cruise,2646.109050469299,2650.9434336269637,直连,,105.77591133583056,122.0
P00030,leg1-cruise,2646.109050469299,2650.9434336269637,直连,,109.21404143141405,122.0
P00071,leg2-cruise,2646.109050469299,2655.7778167846286,直连,,117.44831386618334,122.0
P00118,S006-handoff,2646.109050469299,2655.7778167846286,直连,,120.11755663365312,122.0
P00032,leg1-cruise,2649.176288411383,2658.538330932505,直连,,89.813118551705,122.0
P00089,leg2-cruise,2649.1873251981215,2659.0928818772068,直连,,99.3895786863329,122.0
P00024,leg2-cruise,2650.9434336269637,2655.7778167846286,直连,,105.45309549899812,122.0
P00030,leg1-cruise,2650.9434336269637,2655.7778167846286,直连,,109.4300832098463,122.0
P00009,leg1-climb,2654.351151455966,2664.188939319957,直连,,79.20398698872128,122.0
P00057,leg1-cruise,2654.3571927038133,2664.1838061392336,直连,,102.27057300732545,122.0
P00024,leg2-cruise,2655.7778167846286,2660.6121999422935,直连,,105.11859823148868,122.0
P00030,leg1-cruise,2655.7778167846286,2665.4465830999584,直连,,109.74444798084203,122.0
P00071,leg2-cruise,2655.7778167846286,2665.4465830999584,直连,,117.01071176991094,122.0
P00118,S006-handoff,2655.7778167846286,2665.4465830999584,直连,,120.11755663365312,122.0
P00032,leg1-cruise,2658.538330932505,2667.900373453626,直连,,92.36711992262431,122.0
P00089,leg2-cruise,2659.0928818772068,2668.9984385562925,直连,,98.25142081267492,122.0
P00024,leg2-cruise,2660.6121999422935,2665.4465830999584,直连,,104.77161388939159,122.0
P00057,leg1-cruise,2664.1838061392336,2674.0104195746544,直连,,103.00279902680477,122.0
P00009,leg1-climb,2664.188939319957,2674.026727183949,直连,,81.28851928514254,122.0
P00024,leg2-cruise,2665.4465830999584,2670.2809662576233,直连,,104.41126147064499,122.0
P00030,leg1-cruise,2665.4465830999584,2670.2809662576233,直连,,110.04788938305023,122.0
P00071,leg2-cruise,2665.4465830999584,2675.115349415288,直连,,116.55030325045306,122.0
P00118,S006-handoff,2665.4465830999584,2675.115349415288,直连,,120.11755663365312,122.0
P00032,leg1-cruise,2667.900373453626,2677.2624159747475,直连,,94.38875753759645,122.0
P00089,leg2-cruise,2668.9984385562925,2678.903995235378,直连,,96.96237987353163,122.0
P00024,leg2-cruise,2670.2809662576233,2675.115349415288,直连,,104.03657747008597,122.0
P00030,leg1-cruise,2670.2809662576233,2675.115349415288,直连,,110.24447861177653,122.0
P00057,leg1-cruise,2674.0104195746544,2683.8370330100747,直连,,103.68190431809667,122.0
P00009,leg1-climb,2674.026727183949,2683.86451504794,直连,,82.9683470038326,122.0
P00024,leg2-cruise,2675.115349415288,2679.9497325729535,直连,,103.64650876286575,122.0
P00030,leg1-cruise,2675.115349415288,2679.9497325729535,直连,,110.43673742313574,122.0
P00071,leg2-cruise,2675.115349415288,2684.7841157306184,直连,,116.06463270582225,122.0
P00118,S006-handoff,2675.115349415288,2684.7841157306184,直连,,120.11755663365312,122.0
P00032,leg1-cruise,2677.2624159747475,2686.6244584958686,直连,,96.04779248727402,122.0
P00089,leg2-cruise,2678.903995235378,2688.809551914463,直连,,95.48735908351127,122.0
P00024,leg2-cruise,2679.9497325729535,2684.7841157306184,直连,,103.23990605024957,122.0
P00030,leg1-cruise,2679.9497325729535,2684.7841157306184,直连,,110.62485162470855,122.0
P00057,leg1-cruise,2683.8370330100747,2688.750339727785,直连,,104.16042852566697,122.0
P00009,leg1-climb,2683.86451504794,2693.702302911932,直连,,84.37535251611908,122.0
P00024,leg2-cruise,2684.7841157306184,2689.6184988882833,直连,,102.8155187737154,122.0
P00030,leg1-cruise,2684.7841157306184,2689.6184988882833,直连,,110.80899536924963,122.0
P00071,leg2-cruise,2684.7841157306184,2689.6184988882833,直连,,115.68209657498747,122.0
P00118,S006-handoff,2684.7841157306184,2694.452882045948,直连,,120.11755663365312,122.0
P00032,leg1-cruise,2686.6244584958686,2695.98650101699,直连,,97.4497636582755,122.0
P00057,leg1-cruise,2688.750339727785,2693.663646445495,直连,,104.46614303254829,122.0
P00089,leg2-cruise,2688.809551914463,2698.7151085935484,直连,,93.78971239189406,122.0
P00024,leg2-cruise,2689.6184988882833,2694.452882045948,直连,,102.3719930014386,122.0
P00030,leg1-cruise,2689.6184988882833,2694.452882045948,直连,,110.98933210519753,122.0
P00071,leg2-cruise,2689.6184988882833,2694.452882045948,直连,,105.41761063844227,122.0
P00057,leg1-cruise,2693.663646445495,2698.576953163205,直连,,104.76197014318431,122.0
P00009,leg1-climb,2693.702302911932,2703.540090775923,直连,,85.58589593940135,122.0
P00024,leg2-cruise,2694.452882045948,2699.287265203613,直连,,101.907874750517,122.0
P00030,leg1-cruise,2694.452882045948,2699.287265203613,直连,,111.16601543264008,122.0
P00071,leg2-cruise,2694.452882045948,2704.121648361278,直连,,105.00554884853183,122.0
P00118,S006-handoff,2694.452882045948,2704.121648361278,直连,,120.11755663365312,122.0
P00032,leg1-cruise,2695.98650101699,2705.3485435381117,直连,,98.66166537368649,122.0
P00057,leg1-cruise,2698.576953163205,2703.4902598809153,直连,,105.04849644596041,122.0
P00089,leg2-cruise,2698.7151085935484,2703.6678869330913,直连,,92.3614736677051,122.0
P00024,leg2-cruise,2699.287265203613,2704.121648361278,直连,,101.42162274973175,122.0
P00030,leg1-cruise,2699.287265203613,2704.121648361278,直连,,111.33918987575126,122.0
P00057,leg1-cruise,2703.4902598809153,2708.4035665986257,直连,,105.3262610998244,122.0
P00009,leg1-climb,2703.540090775923,2713.377878639915,直连,,86.64817958554178,122.0
P00089,leg2-cruise,2703.6678869330913,2708.620665272634,直连,,91.35050862056639,122.0
P00024,leg2-cruise,2704.121648361278,2708.956031518943,直连,,100.91163712638829,122.0
P00030,leg1-cruise,2704.121648361278,2708.956031518943,直连,,111.50899158127609,122.0
P00071,leg2-cruise,2704.121648361278,2713.7904146766077,直连,,104.42478586716497,122.0
P00118,S006-handoff,2704.121648361278,2713.7904146766077,直连,,120.11755663365312,122.0
P00032,leg1-cruise,2705.3485435381117,2714.710586059233,直连,,99.72793701485493,122.0
P00057,leg1-cruise,2708.4035665986257,2713.3168733163357,直连,,105.59576037062695,122.0
P00089,leg2-cruise,2708.620665272634,2713.5734436121766,直连,,90.32850078103277,122.0
P00024,leg2-cruise,2708.956031518943,2713.7904146766077,直连,,100.37631448446976,122.0
P00030,leg1-cruise,2708.956031518943,2713.7904146766077,直连,,111.67554895132525,122.0
P00057,leg1-cruise,2713.3168733163357,2723.1434867517564,直连,,105.98550266985013,122.0
P00009,leg1-climb,2713.377878639915,2723.215666503906,直连,,87.59458885927577,122.0
P00089,leg2-cruise,2713.5734436121766,2718.5262219517194,直连,,89.36487287504792,122.0
P00024,leg2-cruise,2713.7904146766077,2718.6247978342726,直连,,99.81414622428109,122.0
P00030,leg1-cruise,2713.7904146766077,2723.4591809919375,直连,,111.91956524098141,122.0
P00071,leg2-cruise,2713.7904146766077,2723.4591809919375,直连,,103.80378818896995,122.0
P00118,S006-handoff,2713.7904146766077,2723.4591809919375,直连,,120.11755663365312,122.0
P00032,leg1-cruise,2714.710586059233,2724.0726285803544,直连,,100.67932729275218,122.0
P00089,leg2-cruise,2718.5262219517194,2728.4317786308047,直连,,88.30041954683011,122.0
P00024,leg2-cruise,2718.6247978342726,2723.4591809919375,直连,,99.22388708950356,122.0
P00057,leg1-cruise,2723.1434867517564,2732.9701001871767,直连,,106.48021419906455,122.0
P00009,leg1-cruise,2723.215666503906,2733.006190063252,直连,,88.38962940270093,122.0
P00024,leg2-cruise,2723.4591809919375,2728.2935641496024,直连,,98.60483670913372,122.0
P00030,leg1-cruise,2723.4591809919375,2728.2935641496024,直连,,112.15693460323824,122.0
P00071,leg2-cruise,2723.4591809919375,2733.1279473072673,直连,,103.13682098809537,122.0
P00118,S006-handoff,2723.4591809919375,2733.1279473072673,直连,,120.11755663365312,122.0
P00032,leg1-cruise,2724.0726285803544,2733.4346711014755,直连,,101.53790228332323,122.0
P00024,leg2-cruise,2728.2935641496024,2733.1279473072673,直连,,97.95730051394892,122.0
P00030,leg1-cruise,2728.2935641496024,2733.1279473072673,直连,,112.31166280755166,122.0
P00089,leg2-descent,2728.4317786308047,2735.614246126701,直连,,87.74859362876296,122.0
P00057,leg1-cruise,2732.9701001871767,2742.796713622597,直连,,106.94904944868863,122.0
P00009,leg1-cruise,2733.006190063252,2737.9014518429244,直连,,89.89809483976072,122.0
P00024,leg2-cruise,2733.1279473072673,2737.962330464932,直连,,97.28332891882353,122.0
P00030,leg1-cruise,2733.1279473072673,2737.962330464932,直连,,112.46369090958171,122.0
P00071,leg2-cruise,2733.1279473072673,2742.796713622597,直连,,102.41690929609625,122.0
P00118,S006-handoff,2733.1279473072673,2742.796713622597,直连,,120.11755663365312,122.0
P00032,leg1-cruise,2733.4346711014755,2742.796713622597,直连,,102.31999310413,122.0
P00089,leg2-descent,2735.614246126701,2742.796713622597,直连,,87.08039205011477,122.0
P00009,leg1-cruise,2737.9014518429244,2742.796713622597,直连,,91.15405172170342,122.0
P00024,leg2-cruise,2737.962330464932,2742.796713622597,直连,,96.58787032361582,122.0
P00030,leg1-cruise,2737.962330464932,2742.796713622597,直连,,112.6131112631432,122.0
P00009,leg1-cruise,2742.796713622597,2747.510057323555,直连,,92.38557401842431,122.0
P00024,leg2-cruise,2742.796713622597,2750.5724084146777,直连,,95.66522444612156,122.0
P00030,leg1-cruise,2742.796713622597,2747.510057323555,直连,,112.75818782024874,122.0
P00032,leg1-cruise,2742.796713622597,2752.223401024513,直连,,103.04038533325156,122.0
P00057,leg1-cruise,2742.796713622597,2752.223401024513,直连,,107.38565962633241,122.0
P00071,leg2-cruise,2742.796713622597,2752.0587355621483,直连,,101.65262886388737,122.0
P00089,leg2-descent,2742.796713622597,2752.2194930726364,直连,,86.23792535093588,122.0
P00118,S006-handoff,2742.796713622597,2751.5100851249945,直连,,120.11755663365312,122.0
P00009,leg1-cruise,2747.510057323555,2752.223401024513,直连,,93.52915274915658,122.0
P00030,leg1-cruise,2747.510057323555,2752.223401024513,中继,RU-002,112.89909285656123,122.0
P00024,leg2-cruise,2750.5724084146777,2758.3481032067584,直连,,94.5625283298771,122.0
P00118,S006-handoff,2751.5100851249945,2760.223456627392,直连,,120.11755663365312,122.0
P00071,leg2-cruise,2752.0587355621483,2761.3207575017,直连,,100.83819697485397,122.0
P00089,leg2-descent,2752.2194930726364,2761.642272522676,直连,,85.17096231082017,122.0
P00009,leg1-cruise,2752.223401024513,2756.936744725471,直连,,94.58907813183856,122.0
P00030,leg1-cruise,2752.223401024513,2756.936744725471,中继,RU-002,123.03775434685302,122.0
P00032,leg1-cruise,2752.223401024513,2761.6500884264287,直连,,103.7081912818715,122.0
P00057,leg1-cruise,2752.223401024513,2761.6500884264287,直连,,107.79342006803918,122.0
P00009,leg1-cruise,2756.936744725471,2761.6500884264287,直连,,95.56423432707372,122.0
P00030,leg1-cruise,2756.936744725471,2761.6500884264287,中继,RU-002,123.17424243900192,122.0
P00024,leg2-cruise,2758.3481032067584,2766.123797998839,直连,,93.63288027287275,122.0
P00118,S006-handoff,2760.223456627392,2768.9368281297893,直连,,120.11755663365312,122.0
P00071,leg2-cruise,2761.3207575017,2770.582779441251,直连,,99.94636054470118,122.0
P00089,leg2-descent,2761.642272522676,2771.0650519727155,直连,,83.95433613687078,122.0
P00009,leg1-cruise,2761.6500884264287,2771.076775828344,直连,,96.8816387509703,122.0
P00030,leg1-cruise,2761.6500884264287,2771.076775828344,中继,RU-002,123.37504500052943,122.0
P00032,leg1-cruise,2761.6500884264287,2771.076775828344,直连,,104.32860227313185,122.0
P00057,leg1-cruise,2761.6500884264287,2771.076775828344,直连,,108.1832925808129,122.0
P00024,leg2-cruise,2766.123797998839,2773.89949279092,直连,,93.08092347816765,122.0
P00118,S006-handoff,2768.9368281297893,2777.6501996321867,直连,,120.11755663365312,122.0
P00071,leg2-cruise,2770.582779441251,2779.8448013808024,直连,,98.96295840672911,122.0
P00089,leg2-descent,2771.0650519727155,2780.4878314227553,直连,,82.53910184854092,122.0
P00009,leg1-cruise,2771.076775828344,2775.790119529302,直连,,98.04889226444303,122.0
P00030,leg1-cruise,2771.076775828344,2775.790119529302,中继,RU-002,123.57132049178877,122.0
P00032,leg1-cruise,2771.076775828344,2780.50346323026,直连,,114.90786646649059,122.0
P00057,leg1-cruise,2771.076775828344,2780.50346323026,直连,,108.55674855016892,122.0
P00024,leg2-descent,2773.89949279092,2783.0909537792877,直连,,92.77912816829668,122.0
P00009,leg1-cruise,2775.790119529302,2780.50346323026,直连,,98.75647367093704,122.0
P00030,leg1-cruise,2775.790119529302,2780.50346323026,中继,RU-002,123.69975468404613,122.0
P00118,S006-handoff,2777.6501996321867,2786.363571134584,直连,,120.11755663365312,122.0
P00071,leg2-cruise,2779.8448013808024,2789.1068233203537,直连,,97.8707531733498,122.0
P00089,leg2-descent,2780.4878314227553,2789.9106108727947,直连,,80.84752037981565,122.0
P00009,leg1-cruise,2780.50346323026,2785.216806931218,直连,,99.41535108940938,122.0
P00030,leg1-cruise,2780.50346323026,2785.216806931218,中继,RU-002,123.82632143880258,122.0
P00032,leg1-cruise,2780.50346323026,2789.930150632176,直连,,115.45107846546452,122.0
P00057,leg1-cruise,2780.50346323026,2789.930150632176,直连,,108.91508880615504,122.0
P00024,leg2-descent,2783.0909537792877,2792.2824147676556,直连,,92.3052274691151,122.0
P00009,leg1-cruise,2785.216806931218,2789.930150632176,直连,,100.03117919494028,122.0
P00030,leg1-cruise,2785.216806931218,2789.930150632176,中继,RU-002,123.95107417018238,122.0
P00118,S006-handoff,2786.363571134584,2795.0769426369816,直连,,120.11755663365312,122.0
P00071,leg2-cruise,2789.1068233203537,2798.3688452599054,直连,,96.64969568959276,122.0
P00089,leg2-descent,2789.9106108727947,2799.333390322834,直连,,78.74482697809151,122.0
P00009,leg1-cruise,2789.930150632176,2794.6434943331337,直连,,100.6088104514843,122.0
P00030,leg1-cruise,2789.930150632176,2794.6434943331337,中继,RU-002,124.07406403758529,122.0
P00032,leg1-cruise,2789.930150632176,2799.3568380340917,直连,,115.96244562511167,122.0
P00057,leg1-cruise,2789.930150632176,2799.3568380340917,直连,,109.25946840617904,122.0
P00024,leg2-descent,2792.2824147676556,2801.473875756023,直连,,91.80397113062499,122.0
P00009,leg1-cruise,2794.6434943331337,2799.3568380340917,直连,,101.15240286887372,122.0
P00030,leg1-cruise,2794.6434943331337,2799.3568380340917,中继,RU-002,124.19534007057098,122.0
P00118,leg2-climb,2795.0769426369816,2804.9791739719094,直连,,120.11939233975241,122.0
P00071,leg2-cruise,2798.3688452599054,2807.6308671994566,直连,,95.27962667534968,122.0
P00089,leg2-descent,2799.333390322834,2808.756169772874,直连,,75.96477913590536,122.0
P00009,leg1-cruise,2799.3568380340917,2808.7835254360075,直连,,101.91163661742246,122.0
P00030,leg1-cruise,2799.3568380340917,2808.7835254360075,中继,RU-002,124.37414300453999,122.0
P00032,leg1-cruise,2799.3568380340917,2808.7835254360075,直连,,116.44548200830205,122.0
P00057,leg1-cruise,2799.3568380340917,2808.7835254360075,直连,,109.59091718895502,122.0
P00024,leg2-descent,2801.473875756023,2810.665336744391,直连,,91.27200645687711,122.0
P00118,leg2-climb,2804.9791739719094,2814.8814053068377,直连,,120.1234543587246,122.0
P00071,leg2-cruise,2807.6308671994566,2816.892889139008,直连,,93.75088699285857,122.0
P00089,leg2-descent,2808.756169772874,2818.178949222913,直连,,71.85151335787133,122.0
P00009,leg1-cruise,2808.7835254360075,2813.496869136965,直连,,102.61222943246246,122.0
P00030,leg1-cruise,2808.7835254360075,2813.496869136965,中继,RU-002,124.5493459007858,122.0
P00032,leg1-cruise,2808.7835254360075,2818.210212837923,直连,,116.90315227399175,122.0
P00057,leg1-cruise,2808.7835254360075,2818.210212837923,直连,,109.9103569107715,122.0
P00024,leg2-descent,2810.665336744391,2819.856797732759,直连,,90.70532392565966,122.0
P00009,leg1-cruise,2813.496869136965,2818.210212837923,直连,,103.05077293339221,122.0
P00030,leg1-cruise,2813.496869136965,2818.210212837923,中继,RU-002,124.6642182080385,122.0
P00118,leg2-climb,2814.8814053068377,2824.7836366417655,直连,,120.12803594799547,122.0
P00071,leg2-cruise,2816.892889139008,2826.154911078559,直连,,92.09866677873418,122.0
P00089,leg2-descent,2818.178949222913,2827.601728672953,直连,,63.768139993199675,122.0
P00009,leg1-cruise,2818.210212837923,2822.923556538881,直连,,103.46888986266605,122.0
P00030,leg1-cruise,2818.210212837923,2822.923556538881,中继,RU-002,124.77759369300111,122.0
P00032,leg1-cruise,2818.210212837923,2827.6369002398387,直连,,117.3379801939321,122.0
P00057,leg1-cruise,2818.210212837923,2827.6369002398387,直连,,110.2186156062815,122.0
P00024,leg2-descent,2819.856797732759,2829.0482587211263,直连,,90.09907355542163,122.0
P00009,leg1-cruise,2822.923556538881,2827.6369002398387,直连,,103.86834201075477,122.0
P00030,leg1-cruise,2822.923556538881,2827.6369002398387,中继,RU-002,124.88951079679426,122.0
P00118,leg2-climb,2824.7836366417655,2834.6858679766933,直连,,120.13313546081008,122.0
P00071,leg2-cruise,2826.154911078559,2835.4169330181107,直连,,90.49585136925293,122.0
P00089,leg2-descent,2827.601728672953,2837.0245081229923,直连,,58.35327319514823,122.0
P00009,leg1-cruise,2827.6369002398387,2837.0635876417546,直连,,104.43586561301464,122.0
P00030,leg1-cruise,2827.6369002398387,2832.3502439407966,中继,RU-002,125.00000650087871,122.0
P00032,leg1-cruise,2827.6369002398387,2837.0635876417546,直连,,117.75213171237375,122.0
P00057,leg1-cruise,2827.6369002398387,2837.0635876417546,直连,,110.51643968396155,122.0
P00024,leg2-descent,2829.0482587211263,2838.2397197094942,直连,,89.44731224311252,122.0
P00030,leg1-cruise,2832.3502439407966,2837.0635876417546,中继,RU-002,125.10911639991367,122.0
P00118,leg2-climb,2834.6858679766933,2844.5880993116216,直连,,120.13875106902132,122.0
P00071,leg2-cruise,2835.4169330181107,2844.678954957662,直连,,89.39900436568475,122.0
P00009,leg1-cruise,2837.0635876417546,2841.7769313427125,直连,,104.96934105921346,122.0
P00030,leg1-cruise,2837.0635876417546,2841.7769313427125,中继,RU-002,125.2168747701319,122.0
P00032,leg1-cruise,2837.0635876417546,2846.4902750436704,直连,,118.14747937495854,122.0
P00057,leg1-cruise,2837.0635876417546,2846.4902750436704,直连,,110.80450416323787,122.0
P00024,leg2-descent,2838.2397197094942,2847.431180697862,直连,,88.74264838494983,122.0
P00009,leg1-cruise,2841.7769313427125,2846.4902750436704,直连,,105.30796473282889,122.0
P00030,leg1-cruise,2841.7769313427125,2846.4902750436704,中继,RU-002,125.32331463355584,122.0
P00118,leg2-climb,2844.5880993116216,2854.4903306465494,直连,,120.14488076525728,122.0
P00071,leg2-descent,2844.678954957662,2854.55847238108,直连,,88.85940375422838,122.0
P00009,leg1-cruise,2846.4902750436704,2851.2036187446283,直连,,105.63411472189058,122.0
P00030,leg1-cruise,2846.4902750436704,2851.2036187446283,中继,RU-002,125.42846781836437,122.0
P00032,leg1-cruise,2846.4902750436704,2855.9169624455863,直连,,118.52565291433379,122.0
P00057,leg1-cruise,2846.4902750436704,2855.9169624455863,直连,,111.08342137946545,122.0
P00024,leg2-descent,2847.431180697862,2856.62264168623,直连,,87.97572919968908,122.0
P00009,leg1-cruise,2851.2036187446283,2855.9169624455863,直连,,105.94866139553271,122.0
P00030,leg1-cruise,2851.2036187446283,2855.9169624455863,中继,RU-002,125.53236501566656,122.0
P00118,leg2-climb,2854.4903306465494,2864.3925619814772,直连,,120.15152236529012,122.0
P00071,leg2-descent,2854.55847238108,2864.4379898044976,直连,,88.04383457813732,122.0
P00009,leg1-cruise,2855.9169624455863,2860.630306146544,直连,,106.2523887164285,122.0
P00030,leg1-cruise,2855.9169624455863,2865.3436498475016,中继,RU-002,125.6859203175781,122.0
P00032,leg1-cruise,2855.9169624455863,2865.3436498475016,直连,,118.88807940692192,122.0
P00057,leg1-cruise,2855.9169624455863,2865.3436498475016,直连,,111.35374841944169,122.0
P00024,leg2-descent,2856.62264168623,2865.814102674598,直连,,87.13447902156213,122.0
P00009,leg1-cruise,2860.630306146544,2865.3436498475016,直连,,106.54600509579323,122.0
P00118,leg2-climb,2864.3925619814772,2874.2947933164055,直连,,120.15867351060075,122.0
P00071,leg2-descent,2864.4379898044976,2874.3175072279155,直连,,87.14367563267731,122.0
P00009,leg1-cruise,2865.3436498475016,2874.7703372494175,直连,,106.96886007198196,122.0
P00030,leg1-cruise,2865.3436498475016,2870.0569935484596,中继,RU-002,125.83681163853872,122.0
P00032,leg1-cruise,2865.3436498475016,2874.7703372494175,直连,,119.23601547364332,122.0
P00057,leg1-cruise,2865.3436498475016,2874.7703372494175,直连,,111.61599350001384,122.0
P00024,leg2-descent,2865.814102674598,2875.0055636629654,直连,,86.20292763202103,122.0
P00030,leg1-cruise,2870.0569935484596,2874.7703372494175,中继,RU-002,125.93597086261911,122.0
P00118,leg2-climb,2874.2947933164055,2884.1970246513333,直连,,120.16633167113325,122.0
P00071,leg2-descent,2874.3175072279155,2884.1970246513333,直连,,86.1393274557553,122.0
P00009,leg1-cruise,2874.7703372494175,2879.4836809503754,直连,,107.37232423917496,122.0
P00030,leg1-cruise,2874.7703372494175,2879.4836809503754,中继,RU-002,126.03401226527586,122.0
P00032,leg1-cruise,2874.7703372494175,2884.1970246513333,直连,,119.57057334059549,122.0
P00057,leg1-cruise,2874.7703372494175,2879.4836809503754,直连,,111.8076546487265,122.0
P00024,leg2-descent,2875.0055636629654,2884.1970246513333,直连,,85.15933156083948,122.0
P00009,leg1-cruise,2879.4836809503754,2884.1970246513333,直连,,107.63136656834675,122.0
P00030,leg1-cruise,2879.4836809503754,2884.1970246513333,中继,RU-002,126.1309607362455,122.0
P00057,leg1-cruise,2879.4836809503754,2884.1970246513333,直连,,111.93313901344172,122.0
P00009,leg1-cruise,2884.1970246513333,2889.1839117608724,直连,,107.89018238881609,122.0
P00024,leg2-descent,2884.1970246513333,2893.622202553547,直连,,83.95682888705275,122.0
P00030,leg1-cruise,2884.1970246513333,2888.9541481972637,中继,RU-002,126.22728317555152,122.0
P00032,leg1-cruise,2884.1970246513333,2885.7364805598827,直连,,119.75941258173333,122.0
P00057,leg1-cruise,2884.1970246513333,2894.1396296907797,中继,RU-002,112.12473228991843,122.0
P00071,leg2-descent,2884.1970246513333,2893.492196269571,直连,,85.0392878954137,122.0
P00118,leg2-climb,2884.1970246513333,2891.231841063216,直连,,120.17328121816537,122.0
P00032,leg1-descent,2885.7364805598827,2894.642141570625,直连,,119.78436490661834,122.0
P00030,leg1-cruise,2888.9541481972637,2893.7112717431937,中继,RU-002,126.322988391781,122.0
P00009,leg1-cruise,2889.1839117608724,2894.170798870411,直连,,108.14857090791867,122.0
P00118,leg2-climb,2891.231841063216,2898.266657475099,直连,,120.17933341188903,122.0
P00071,leg2-descent,2893.492196269571,2902.787367887809,直连,,83.82066897181903,122.0
P00024,leg2-descent,2893.622202553547,2903.0473804557614,直连,,82.54164452625184,122.0
P00030,leg1-cruise,2893.7112717431937,2898.4683952891237,中继,RU-002,126.41765177955656,122.0
P00057,leg1-cruise,2894.1396296907797,2899.1109322105026,中继,RU-002,122.31548800592746,122.0
P00009,leg1-cruise,2894.170798870411,2899.1576859799497,直连,,108.39956573433135,122.0
P00032,leg1-descent,2894.642141570625,2903.5478025813673,直连,,119.78224293556472,122.0
P00118,leg2-climb,2898.266657475099,2905.3014738869815,直连,,120.18563784151887,122.0
P00030,leg1-cruise,2898.4683952891237,2903.225518835054,中继,RU-002,126.51129575074253,122.0
P00057,leg1-cruise,2899.1109322105026,2904.0822347302255,中继,RU-002,122.44038788928073,122.0
P00009,leg1-cruise,2899.1576859799497,2904.144573089489,直连,,108.64357443354695,122.0
P00071,leg2-descent,2902.787367887809,2912.082539506047,直连,,82.4027359310345,122.0
P00024,leg2-descent,2903.0473804557614,2912.4725583579752,直连,,80.85013445417535,122.0
P00030,leg1-cruise,2903.225518835054,2912.7397659269145,中继,RU-002,126.64989757601751,122.0
P00032,leg1-descent,2903.5478025813673,2912.453463592109,直连,,119.78057850625036,122.0
P00057,leg1-cruise,2904.0822347302255,2914.024839769672,中继,RU-002,122.6244579961085,122.0
P00009,leg1-cruise,2904.144573089489,2909.131460199028,直连,,108.880972076002,122.0
P00118,leg2-cruise,2905.3014738869815,2910.2357745966347,直连,,120.21479792634514,122.0
P00009,leg1-cruise,2909.131460199028,2914.1183473085666,直连,,109.11210457086977,122.0
P00118,leg2-cruise,2910.2357745966347,2915.1700753062873,直连,,110.26956291319496,122.0
P00071,leg2-descent,2912.082539506047,2921.377711124285,直连,,80.707293746597,122.0
P00032,leg1-descent,2912.453463592109,2921.3591246028514,直连,,119.77937214525187,122.0
P00024,leg2-descent,2912.4725583579752,2921.897736260189,直连,,78.7475515587476,122.0
P00030,leg1-cruise,2912.7397659269145,2922.2540130187754,中继,RU-002,126.831328896293,122.0
P00057,leg1-cruise,2914.024839769672,2923.9674448091178,中继,RU-002,122.8640116044638,122.0
P00009,leg1-cruise,2914.1183473085666,2919.1052344181053,直连,,109.33729158698691,122.0
P00118,leg2-cruise,2915.1700753062873,2920.10437601594,直连,,110.3281151739901,122.0
P00009,leg1-cruise,2919.1052344181053,2924.0921215276444,直连,,109.55682912020465,122.0
P00118,leg2-cruise,2920.10437601594,2925.0386767255927,直连,,110.39029421977342,122.0
P00032,S001-handoff,2921.3591246028514,2930.608821092501,直连,,119.77894086539243,122.0
P00071,leg2-descent,2921.377711124285,2930.672882742523,直连,,78.59862135862971,122.0
P00024,leg2-descent,2921.897736260189,2931.322914162403,直连,,75.96769758917995,122.0
P00030,leg1-cruise,2922.2540130187754,2927.0111365647053,中继,RU-002,126.96496038461282,122.0
P00057,leg1-cruise,2923.9674448091178,2933.910049848564,中继,RU-002,123.09717847970231,122.0
P00009,leg1-cruise,2924.0921215276444,2929.0790086371835,直连,,109.77099175681516,122.0
P00118,leg2-cruise,2925.0386767255927,2929.9729774352454,直连,,110.45593516256677,122.0
P00030,leg1-cruise,2927.0111365647053,2931.7682601106358,中继,RU-002,127.05292050109351,122.0
P00009,leg1-cruise,2929.0790086371835,2934.065895746722,直连,,109.98003467489703,122.0
P00118,leg2-cruise,2929.9729774352454,2934.9072781448986,直连,,110.52486993977759,122.0
P00032,S001-handoff,2930.608821092501,2939.85851758215,直连,,119.77894086539243,122.0
P00071,leg2-descent,2930.672882742523,2939.968054360761,直连,,75.80807382430177,122.0
P00024,leg2-descent,2931.322914162403,2940.7480920646167,直连,,71.85486052408643,122.0
P00030,leg1-cruise,2931.7682601106358,2936.525383656566,中继,RU-002,127.13999965094486,122.0
P00057,leg1-descent,2933.910049848564,2943.2513741370685,中继,RU-002,123.20971331785198,122.0
P00009,leg1-cruise,2934.065895746722,2939.052782856261,直连,,110.18419541884006,122.0
P00118,leg2-cruise,2934.9072781448986,2939.8415788545517,直连,,110.59692848296581,122.0
P00030,leg1-cruise,2936.525383656566,2941.282507202496,中继,RU-002,127.22621528856426,122.0
P00009,leg1-cruise,2939.052782856261,2944.0396699658,直连,,110.38369547700334,122.0
P00118,leg2-cruise,2939.8415788545517,2944.7758795642044,直连,,110.67193981890486,122.0
P00032,S001-handoff,2939.85851758215,2949.108214071799,直连,,119.77894086539243,122.0
P00071,leg2-descent,2939.968054360761,2949.263225978999,直连,,71.6715439472382,122.0
P00024,leg2-descent,2940.7480920646167,2950.173269966831,直连,,63.77323275723553,122.0
P00030,leg1-cruise,2941.282507202496,2950.7967542943566,中继,RU-002,127.35395658314795,122.0
P00057,leg1-descent,2943.2513741370685,2952.592698425573,中继,RU-002,123.20636803012714,122.0
P00009,leg1-cruise,2944.0396699658,2949.026557075339,直连,,110.57874168794827,122.0
P00118,leg2-cruise,2944.7758795642044,2949.710180273857,直连,,110.74973309356766,122.0
P00009,leg1-cruise,2949.026557075339,2954.0134441848777,直连,,110.76952749698395,122.0
P00032,S001-handoff,2949.108214071799,2958.3579105614485,直连,,119.77894086539243,122.0
P00071,leg2-descent,2949.263225978999,2958.5583975972368,直连,,63.49278507771864,122.0
P00118,leg2-cruise,2949.710180273857,2954.64448098351,直连,,110.8301385120683,122.0
P00024,leg2-descent,2950.173269966831,2959.598447869045,直连,,58.350105217112485,122.0
P00030,leg1-cruise,2950.7967542943566,2955.553877840287,中继,RU-002,127.4798480932509,122.0
P00057,leg1-descent,2952.592698425573,2961.9340227140774,中继,RU-002,123.20324957776361,122.0
P00009,leg1-cruise,2954.0134441848777,2959.0003312944164,直连,,110.9562340816062,122.0
P00118,leg2-cruise,2954.64448098351,2959.578781693163,直连,,110.9129881900684,122.0
P00030,leg1-cruise,2955.553877840287,2960.311001386217,中继,RU-002,127.56277425581612,122.0
P00032,S001-handoff,2958.3579105614485,2967.607607051098,直连,,119.77894086539243,122.0
P00071,leg2-descent,2958.5583975972368,2967.8535692154746,直连,,58.52017841508051,122.0
P00009,leg1-cruise,2959.0003312944164,2963.9872184039555,直连,,111.13903136182672,122.0
P00118,leg2-cruise,2959.578781693163,2964.5130824028156,直连,,110.99811691420012,122.0
P00030,leg1-cruise,2960.311001386217,2965.0681249321474,中继,RU-002,127.64491686495145,122.0
P00057,leg1-descent,2961.9340227140774,2971.275347002582,中继,RU-002,123.2003584515223,122.0
P00009,leg1-cruise,2963.9872184039555,2968.9741055134946,直连,,111.31807890915283,122.0
P00118,leg2-cruise,2964.5130824028156,2969.4473831124687,直连,,111.08536281113761,122.0
P00030,leg1-cruise,2965.0681249321474,2969.825248478078,中继,RU-002,127.72629057638758,122.0
P00032,S001-handoff,2967.607607051098,2976.857303540747,直连,,119.77894086539243,122.0
P00009,leg1-cruise,2968.9741055134946,2973.9609926230332,直连,,111.49352676610395,122.0
P00118,leg2-cruise,2969.4473831124687,2974.3816838221214,直连,,111.17456792656833,122.0
P00030,leg1-cruise,2969.825248478078,2974.582372024008,中继,RU-002,127.80690963882947,122.0
P00057,leg1-descent,2971.275347002582,2980.6166712910863,中继,RU-002,123.19769510712479,122.0
P00009,leg1-cruise,2973.9609926230332,2978.947879732572,直连,,111.66551618658136,122.0
P00118,leg2-cruise,2974.3816838221214,2979.315984531774,直连,,111.26557871674345,122.0
P00030,leg1-cruise,2974.582372024008,2979.339495569938,中继,RU-002,127.8867879088765,122.0
P00032,S001-handoff,2976.857303540747,2986.107000030396,直连,,119.77894086539243,122.0
P00009,leg1-cruise,2978.947879732572,2983.934766842111,直连,,111.83418030603298,122.0
P00118,leg2-cruise,2979.315984531774,2984.2502852414273,直连,,111.35824645650268,122.0
P00030,leg1-cruise,2979.339495569938,2984.0966191158686,中继,RU-002,127.96593886526942,122.0
P00057,leg1-descent,2980.6166712910863,2989.9579955795907,中继,RU-002,123.1952599650152,122.0
P00009,leg1-cruise,2983.934766842111,2988.92165395165,直连,,111.9996447492271,122.0
P00030,leg1-cruise,2984.0966191158686,2988.8537426617986,中继,RU-002,128.0443756224914,122.0
P00118,leg2-cruise,2984.2502852414273,2989.1845859510804,直连,,111.45242756846088,122.0
P00032,S001-handoff,2986.107000030396,2995.3566965200457,直连,,119.77894086539243,122.0
P00030,leg1-cruise,2988.8537426617986,2993.6108662077286,中继,RU-002,128.12211094376673,122.0
P00009,leg1-cruise,2988.92165395165,2993.9085410611888,直连,,112.16202818244028,122.0
P00118,leg2-cruise,2989.1845859510804,2994.118886660733,直连,,121.54798387882069,122.0
P00057,leg1-descent,2989.9579955795907,2999.299319868095,中继,RU-002,123.1930534101401,122.0
P00030,leg1-cruise,2993.6108662077286,2998.367989753659,中继,RU-002,128.19915725348488,122.0
P00009,leg1-cruise,2993.9085410611888,2998.8954281707274,直连,,112.32144281602193,122.0
P00118,leg2-cruise,2994.118886660733,2999.053187370386,直连,,121.64478280561598,122.0
P00032,S001-handoff,2995.3566965200457,3004.6063930096952,直连,,119.77894086539243,122.0
P00030,leg1-descent,2998.367989753659,3006.1120396265014,中继,RU-002,128.23714428358323,122.0
P00009,leg1-cruise,2998.8954281707274,3003.8823152802665,直连,,112.47799486257422,122.0
P00118,leg2-cruise,2999.053187370386,3003.9874880800385,直连,,111.74269748554796,122.0
P00057,S007-handoff,2999.299319868095,3006.5777046837197,中继,RU-002,123.19203596345481,122.0
P00009,leg1-cruise,3003.8823152802665,3008.8692023898057,直连,,112.63178495534734,122.0
P00118,leg2-cruise,3003.9874880800385,3008.921788789691,直连,,111.84160684552519,122.0
P00032,S001-handoff,3004.6063930096952,3013.8560894993443,直连,,119.77894086539243,122.0
P00030,leg1-descent,3006.1120396265014,3013.8560894993443,中继,RU-002,128.23661825903451,122.0
P00057,S007-handoff,3006.5777046837197,3013.8560894993443,中继,RU-002,123.19203596345481,122.0
P00009,leg1-cruise,3008.8692023898057,3013.8560894993443,直连,,112.7829085309131,122.0
P00118,leg2-cruise,3008.921788789691,3013.8560894993443,直连,,111.94139562510132,122.0
P00009,leg1-cruise,3013.8560894993443,3018.7903902089975,直连,,112.93067957002691,122.0
P00030,leg1-descent,3013.8560894993443,3022.2946338875013,中继,RU-002,128.23612143869767,122.0
P00032,S001-handoff,3013.8560894993443,3023.72469091865,直连,,119.77894086539243,122.0
P00057,S007-handoff,3013.8560894993443,3023.72469091865,中继,RU-002,123.19203596345481,122.0
P00118,leg2-cruise,3013.8560894993443,3018.7903902089975,直连,,112.04195435573382,122.0
P00009,leg1-cruise,3018.7903902089975,3023.72469091865,直连,,113.07522266623754,122.0
P00118,leg2-cruise,3018.7903902089975,3023.72469091865,中继,RU-002,112.14317930262595,122.0
P00030,leg1-descent,3022.2946338875013,3030.7331782756582,中继,RU-002,128.2356607881187,122.0
P00009,leg1-cruise,3023.72469091865,3028.658991628303,直连,,113.21740702567261,122.0
P00032,S001-handoff,3023.72469091865,3033.5932923379555,直连,,119.77894086539243,122.0
P00057,S007-handoff,3023.72469091865,3033.5932923379555,中继,RU-002,123.19203596345481,122.0
P00118,leg2-cruise,3023.72469091865,3028.658991628303,中继,RU-002,122.24497237449792,122.0
P00009,leg1-cruise,3028.658991628303,3033.5932923379555,直连,,113.35730816746167,122.0
P00118,leg2-cruise,3028.658991628303,3033.5932923379555,中继,RU-002,122.34724100635874,122.0
P00030,leg1-descent,3030.7331782756582,3039.171722663815,中继,RU-002,128.2352588550539,122.0
P00009,leg1-cruise,3033.5932923379555,3038.527593047608,直连,,113.49499805158908,122.0
P00032,S001-handoff,3033.5932923379555,3043.4618937572614,直连,,119.77894086539243,122.0
P00057,S007-handoff,3033.5932923379555,3043.4618937572614,中继,RU-002,123.19203596345481,122.0
P00118,leg2-cruise,3033.5932923379555,3038.527593047608,中继,RU-002,122.44989801990803,122.0
P00009,leg1-cruise,3038.527593047608,3043.4618937572614,直连,,113.63054529844653,122.0
P00118,leg2-cruise,3038.527593047608,3043.4618937572614,中继,RU-002,122.5528614657921,122.0
P00030,S008-handoff,3039.171722663815,3047.645716501656,中继,RU-002,128.23507991277862,122.0
P00009,leg1-cruise,3043.4618937572614,3048.3961944669145,直连,,113.76401539175949,122.0
P00032,S001-handoff,3043.4618937572614,3053.330495176567,直连,,119.77894086539243,122.0
P00057,S007-handoff,3043.4618937572614,3053.330495176567,中继,RU-002,123.19203596345481,122.0
P00118,leg2-cruise,3043.4618937572614,3048.3961944669145,中继,RU-002,122.65605445158478,122.0
P00030,S008-handoff,3047.645716501656,3056.119710339497,中继,RU-002,128.23507991277862,122.0
P00009,leg1-cruise,3048.3961944669145,3053.330495176567,直连,,113.89547086637052,122.0
P00118,leg2-cruise,3048.3961944669145,3053.330495176567,中继,RU-002,122.759404958853,122.0
P00009,leg1-cruise,3053.330495176567,3063.1990965958726,直连,,114.08900667428355,122.0
P00032,S001-handoff,3053.330495176567,3063.1990965958726,直连,,119.77894086539243,122.0
P00057,S007-handoff,3053.330495176567,3063.1990965958726,中继,RU-002,123.19203596345481,122.0
P00118,leg2-cruise,3053.330495176567,3058.26479588622,中继,RU-002,122.86284565239363,122.0
P00030,S008-handoff,3056.119710339497,3064.5937041773377,中继,RU-002,128.23507991277862,122.0
P00118,leg2-cruise,3058.26479588622,3063.1990965958726,中继,RU-002,122.96631368427441,122.0
P00009,leg1-cruise,3063.1990965958726,3068.1333973055252,直连,,114.27833425957445,122.0
P00032,S001-handoff,3063.1990965958726,3073.0676980151784,直连,,119.77894086539243,122.0
P00057,S007-handoff,3063.1990965958726,3073.0676980151784,中继,RU-002,123.19203596345481,122.0
P00118,leg2-cruise,3063.1990965958726,3068.1333973055252,中继,RU-002,123.06975049502721,122.0
P00030,S008-handoff,3064.5937041773377,3073.0676980151784,中继,RU-002,128.23507991277862,122.0
P00009,leg1-cruise,3068.1333973055252,3073.0676980151784,直连,,114.40230346207119,122.0
P00118,leg2-cruise,3068.1333973055252,3073.0676980151784,中继,RU-002,113.173101613945,122.0
P00009,leg1-cruise,3073.0676980151784,3077.718877402198,直连,,114.52104933058713,122.0
P00030,S008-handoff,3073.0676980151784,3082.3700567892174,中继,RU-002,128.23507991277862,122.0
P00032,S001-handoff,3073.0676980151784,3082.3700567892174,直连,,119.77894086539243,122.0
P00057,S007-handoff,3073.0676980151784,3082.3700567892174,中继,RU-002,123.19203596345481,122.0
P00118,leg2-cruise,3073.0676980151784,3073.067698015179,直连,,113.22472908591247,122.0
P00118,leg2-descent,3073.067698015179,3082.3700567892174,直连,,113.22302329252182,122.0
P00009,leg1-cruise,3077.718877402198,3090.638115652059,直连,,114.63475959202023,122.0
P00030,S008-handoff,3082.3700567892174,3090.638115652059,中继,RU-002,128.23507991277862,122.0
P00032,S001-handoff,3082.3700567892174,3090.638115652059,直连,,119.77894086539243,122.0
P00057,S007-handoff,3082.3700567892174,3090.638115652059,中继,RU-002,123.19203596345481,122.0
P00118,leg2-descent,3082.3700567892174,3090.638115652059,中继,RU-002,113.21989846588473,122.0
P00009,leg1-cruise,3090.638115652059,3095.6032838837905,直连,,114.94670640926209,122.0
P00030,S008-handoff,3090.638115652059,3100.5464660902935,中继,RU-002,128.23507991277862,122.0
P00032,S001-handoff,3090.638115652059,3099.478241770908,直连,,119.77894086539243,122.0
P00057,S007-handoff,3090.638115652059,3100.5265493367283,中继,RU-002,123.19203596345481,122.0
P00118,leg2-descent,3090.638115652059,3100.0345016907513,中继,RU-002,123.21688514485224,122.0
P00009,leg1-cruise,3095.6032838837905,3100.568452115522,中继,RU-002,125.06228724694827,122.0
P00032,S001-handoff,3099.478241770908,3108.3183678897567,直连,,119.77894086539243,122.0
P00118,leg2-descent,3100.0345016907513,3109.4308877294443,中继,RU-002,123.21382079855485,122.0
P00057,S007-handoff,3100.5265493367283,3110.4149830213983,中继,RU-002,123.19203596345481,122.0
P00030,S008-handoff,3100.5464660902935,3110.454816528528,中继,RU-002,128.23507991277862,122.0
P00009,leg1-cruise,3100.568452115522,3110.498788578986,中继,RU-002,125.17635322520145,122.0
P00032,S001-handoff,3108.3183678897567,3117.158494008606,直连,,119.77894086539243,122.0
P00118,leg2-descent,3109.4308877294443,3118.827273768137,中继,RU-002,123.2109025866711,122.0
P00057,S007-handoff,3110.4149830213983,3120.3034167060678,中继,RU-002,123.19203596345481,122.0
P00030,S008-handoff,3110.454816528528,3120.363166966763,中继,RU-002,128.23507991277862,122.0
P00009,leg1-cruise,3110.498788578986,3120.4291250424494,中继,RU-002,125.4000955920487,122.0
P00032,S001-handoff,3117.158494008606,3125.998620127455,直连,,119.77894086539243,122.0
P00118,leg2-descent,3118.827273768137,3128.22365980683,中继,RU-002,123.20813080539402,122.0
P00057,S007-handoff,3120.3034167060678,3130.1918503907377,中继,RU-002,123.19203596345481,122.0
P00030,S008-handoff,3120.363166966763,3130.271517404998,中继,RU-002,128.23507991277862,122.0
P00009,leg1-cruise,3120.4291250424494,3130.3594615059133,中继,RU-002,125.61822899915077,122.0
P00032,S001-handoff,3125.998620127455,3134.8387462463043,直连,,119.77894086539243,122.0
P00118,leg2-descent,3128.22365980683,3137.6200458455223,中继,RU-002,123.20550573648511,122.0
P00057,S007-handoff,3130.1918503907377,3140.0802840754072,中继,RU-002,123.19203596345481,122.0
P00030,S008-handoff,3130.271517404998,3140.179867843233,中继,RU-002,128.23507991277862,122.0
P00009,leg1-cruise,3130.3594615059133,3135.324629737645,中继,RU-002,125.83102733200708,122.0
P00032,S001-handoff,3134.8387462463043,3143.6788723651534,直连,,119.77894086539243,122.0
P00009,leg1-cruise,3135.324629737645,3140.2897979693767,中继,RU-002,125.93550603765775,122.0
P00118,leg2-descent,3137.6200458455223,3147.0164318842153,中继,RU-002,123.20302764717957,122.0
P00057,S007-handoff,3140.0802840754072,3149.968717760077,中继,RU-002,123.19203596345481,122.0
P00030,S008-handoff,3140.179867843233,3150.0882182814676,中继,RU-002,128.23507991277862,122.0
P00009,leg1-cruise,3140.2897979693767,3145.2549662011083,中继,RU-002,126.03874492483621,122.0
P00032,S001-handoff,3143.6788723651534,3152.518998484002,直连,,119.77894086539243,122.0
P00009,leg1-cruise,3145.2549662011083,3150.22013443284,中继,RU-002,126.14077302808863,122.0
P00118,leg2-descent,3147.0164318842153,3156.412817922908,中继,RU-002,123.20069679009627,122.0
P00057,S007-handoff,3149.968717760077,3159.8571514447467,中继,RU-002,123.19203596345481,122.0
P00030,S008-handoff,3150.0882182814676,3159.9965687197023,中继,RU-002,128.23507991277862,122.0
P00009,leg1-cruise,3150.22013443284,3160.150470896304,中继,RU-002,126.29160601045426,122.0
P00032,S001-handoff,3152.518998484002,3161.3591246028514,直连,,119.77894086539243,122.0
P00118,leg2-descent,3156.412817922908,3165.809203961601,中继,RU-002,123.1985134031525,122.0
P00057,S007-handoff,3159.8571514447467,3169.745585129416,中继,RU-002,123.19203596345481,122.0
P00030,S008-handoff,3159.9965687197023,3169.904919157937,中继,RU-002,128.23507991277862,122.0
P00009,leg1-cruise,3160.150470896304,3165.1156391280356,中继,RU-002,126.43986815434874,122.0
P00032,leg2-climb,3161.3591246028514,3171.254303503676,直连,,119.77954137711585,122.0
P00009,leg1-cruise,3165.1156391280356,3170.0808073597673,中继,RU-002,126.53732400974005,122.0
P00118,leg2-descent,3165.809203961601,3175.2055900002933,中继,RU-002,123.1964777094835,122.0
P00057,S007-handoff,3169.745585129416,3179.634018814086,中继,RU-002,123.19203596345481,122.0
P00030,S008-handoff,3169.904919157937,3179.8132695961717,中继,RU-002,128.23507991277862,122.0
P00009,leg1-cruise,3170.0808073597673,3175.045975591499,中继,RU-002,126.63370003631033,122.0
P00032,leg2-climb,3171.254303503676,3181.1494824045008,直连,,119.78135349189522,122.0
P00009,leg1-cruise,3175.045975591499,3180.011143823231,中继,RU-002,126.72901986892938,122.0
P00118,leg2-descent,3175.2055900002933,3184.6019760389863,中继,RU-002,123.19458991736673,122.0
P00057,S007-handoff,3179.634018814086,3189.5224524987557,中继,RU-002,123.19203596345481,122.0
P00030,S008-handoff,3179.8132695961717,3189.7216200344064,中继,RU-002,128.23507991277862,122.0
P00009,leg1-cruise,3180.011143823231,3184.976312054963,中继,RU-002,126.82330637593279,122.0
P00032,leg2-climb,3181.1494824045008,3191.0446613053255,直连,,119.78397949772656,122.0
P00118,leg2-descent,3184.6019760389863,3193.998362077679,中继,RU-002,123.19285022015126,122.0
P00009,leg1-cruise,3184.976312054963,3189.9414802866945,中继,RU-002,126.91658169187087,122.0
P00057,S007-handoff,3189.5224524987557,3199.4108861834256,中继,RU-002,123.19203596345481,122.0
P00030,S008-handoff,3189.7216200344064,3199.629970472641,中继,RU-002,128.23507991277862,122.0
P00009,leg1-cruise,3189.9414802866945,3194.906648518426,中继,RU-002,127.0088672485271,122.0
P00032,leg2-cruise,3191.0446613053255,3200.464564544526,直连,,119.6241253471497,122.0
P00118,S007-handoff,3193.998362077679,3203.9571155224503,中继,RU-002,123.19203596345481,122.0
P00009,leg1-cruise,3194.906648518426,3199.871816750158,中继,RU-002,127.10018380432248,122.0
P00057,S007-handoff,3199.4108861834256,3209.299319868095,中继,RU-002,123.19203596345481,122.0
P00030,S008-handoff,3199.629970472641,3209.538320910876,中继,RU-002,128.23507991277862,122.0
P00009,leg1-cruise,3199.871816750158,3204.83698498189,中继,RU-002,127.19055147219419,122.0
P00032,leg2-cruise,3200.464564544526,3209.884467783727,直连,,119.29190376872053,122.0
P00118,S007-handoff,3203.9571155224503,3213.9158689672217,中继,RU-002,123.19203596345481,122.0
P00009,leg1-cruise,3204.83698498189,3209.8021532136218,中继,RU-002,127.27998974605286,122.0
P00057,leg2-climb,3209.299319868095,3218.3811629263632,中继,RU-002,123.1932285501916,122.0
P00030,S008-handoff,3209.538320910876,3219.446671349111,中继,RU-002,128.23507991277862,122.0
P00009,leg1-cruise,3209.8021532136218,3214.7673214453534,中继,RU-002,127.36851752589695,122.0
P00032,leg2-cruise,3209.884467783727,3219.3043710229276,直连,,118.9464935532542,122.0
P00118,S007-handoff,3213.9158689672217,3223.874622411993,中继,RU-002,123.19203596345481,122.0
P00009,leg1-cruise,3214.7673214453534,3219.732489677085,中继,RU-002,127.45615314166747,122.0
P00057,leg2-climb,3218.3811629263632,3227.4630059846318,中继,RU-002,123.19584733491773,122.0
P00032,leg2-cruise,3219.3043710229276,3228.724274262129,直连,,118.58680646731017,122.0
P00030,S008-handoff,3219.446671349111,3229.355021787346,中继,RU-002,128.23507991277862,122.0
P00009,leg1-cruise,3219.732489677085,3224.697657908817,中继,RU-002,127.54291437591864,122.0
P00118,S007-handoff,3223.874622411993,3233.8333758567646,中继,RU-002,123.19203596345481,122.0
P00009,leg1-cruise,3224.697657908817,3229.662826140549,中继,RU-002,127.62881848537545,122.0
P00057,leg2-climb,3227.4630059846318,3236.5448490429,中继,RU-002,123.19877712436461,122.0
P00032,leg2-cruise,3228.724274262129,3238.1441775013295,直连,,118.21161409940952,122.0
P00030,S008-handoff,3229.355021787346,3239.2633722255805,中继,RU-002,128.23507991277862,122.0
P00009,leg1-cruise,3229.662826140549,3234.6279943722807,中继,RU-002,127.71388222144134,122.0
P00118,S007-handoff,3233.8333758567646,3243.792129301536,中继,RU-002,123.19203596345481,122.0
P00009,leg1-cruise,3234.6279943722807,3239.5931626040124,中继,RU-002,127.79812184971343,122.0
P00057,leg2-climb,3236.5448490429,3245.626692101168,中继,RU-002,123.2020172884396,122.0
P00032,leg2-cruise,3238.1441775013295,3247.5640807405302,直连,,117.81952276560695,122.0
P00030,S008-handoff,3239.2633722255805,3249.171722663815,中继,RU-002,128.23507991277862,122.0
P00009,leg1-descent,3239.5931626040124,3248.831942705378,中继,RU-002,127.83960897818946,122.0
P00118,S007-handoff,3243.792129301536,3253.750882746307,中继,RU-002,123.19203596345481,122.0
P00057,leg2-climb,3245.626692101168,3254.7085351594365,中继,RU-002,123.2055671314543,122.0
P00032,leg2-cruise,3247.5640807405302,3256.983983979731,直连,,117.4089425526537,122.0
P00009,leg1-descent,3248.831942705378,3258.070722806743,中继,RU-002,127.83898874525532,122.0
P00030,leg2-climb,3249.171722663815,3257.672500353431,中继,RU-002,128.23529808074372,122.0
P00118,S007-handoff,3253.750882746307,3263.7096361910785,中继,RU-002,123.19203596345481,122.0
P00057,leg2-climb,3254.7085351594365,3263.7903782177045,中继,RU-002,123.20942589261979,122.0
P00032,leg2-cruise,3256.983983979731,3266.4038872189317,直连,,116.97804878004021,122.0
P00030,leg2-climb,3257.672500353431,3266.173278043047,中继,RU-002,128.2357987831089,122.0
P00009,leg1-descent,3258.070722806743,3267.3095029081087,中继,RU-002,127.83841781915606,122.0
P00118,S007-handoff,3263.7096361910785,3273.66838963585,中继,RU-002,123.19203596345481,122.0
P00057,leg2-cruise,3263.7903782177045,3273.732983257151,中继,RU-002,123.09717847970231,122.0
P00030,leg2-climb,3266.173278043047,3274.674055732663,中继,RU-002,128.23638528211953,122.0
P00032,leg2-cruise,3266.4038872189317,3275.8237904581324,直连,,116.52473354643902,122.0
P00009,leg1-descent,3267.3095029081087,3276.5482830094743,中继,RU-002,127.83789621935097,122.0
P00118,S007-handoff,3273.66838963585,3283.6271430806214,中继,RU-002,123.19203596345481,122.0
P00057,leg2-cruise,3273.732983257151,3283.675588296597,中继,RU-002,122.8640116044638,122.0
P00030,leg2-climb,3274.674055732663,3283.174833422279,中继,RU-002,128.23705754301272,122.0
P00032,leg2-cruise,3275.8237904581324,3285.2436936973336,直连,,116.04654414566765,122.0
P00009,leg1-descent,3276.5482830094743,3285.7870631108394,中继,RU-002,127.83742396362338,122.0
P00030,leg2-cruise,3283.174833422279,3290.756975920443,中继,RU-002,128.17635146501027,122.0
P00118,S007-handoff,3283.6271430806214,3293.585896525393,中继,RU-002,123.19203596345481,122.0
P00057,leg2-cruise,3283.675588296597,3293.618193336043,中继,RU-002,122.6244579961085,122.0
P00032,leg2-cruise,3285.2436936973336,3294.6635969365343,直连,,115.54060385745517,122.0
P00009,leg1-descent,3285.7870631108394,3295.025843212205,中继,RU-002,127.83700106807856,122.0
P00030,leg2-cruise,3290.756975920443,3298.3391184186075,中继,RU-002,128.05290013180732,122.0
P00118,S007-handoff,3293.585896525393,3303.5446499701643,中继,RU-002,123.19203596345481,122.0
P00057,leg2-cruise,3293.618193336043,3298.5894958557665,中继,RU-002,122.44038788928073,122.0
P00032,leg2-cruise,3294.6635969365343,3304.083500175735,直连,,115.00350872494799,122.0
P00009,leg1-descent,3295.025843212205,3304.26462331357,中继,RU-002,127.83662754714192,122.0
P00030,leg2-cruise,3298.3391184186075,3305.9212609167716,中继,RU-002,127.92767027843986,122.0
P00057,leg2-cruise,3298.5894958557665,3303.5607983754894,中继,RU-002,122.31548800592746,122.0
P00118,S007-handoff,3303.5446499701643,3313.5034034149357,中继,RU-002,123.19203596345481,122.0
P00057,leg2-cruise,3303.5607983754894,3313.5034034149357,中继,RU-002,112.12473228991843,122.0
P00032,leg2-cruise,3304.083500175735,3313.5034034149357,直连,,104.43119107332484,122.0
P00009,leg1-descent,3304.26462331357,3313.5034034149357,中继,RU-002,127.8363034135574,122.0
P00030,leg2-cruise,3305.9212609167716,3313.5034034149357,中继,RU-002,127.80060995441785,122.0
P00009,leg1-descent,3313.5034034149357,3319.0330745744154,中继,RU-002,127.83607986434669,122.0
P00030,leg2-cruise,3313.5034034149357,3318.399983983162,中继,RU-002,127.6946406025589,122.0
P00032,leg2-cruise,3313.5034034149357,3322.9909416350165,直连,,103.81645824782471,122.0
P00057,leg2-cruise,3313.5034034149357,3318.399983983162,直连,,111.93071688481992,122.0
P00118,S007-handoff,3313.5034034149357,3323.414871571568,中继,RU-002,123.19203596345481,122.0
P00030,leg2-cruise,3318.399983983162,3323.296564551388,中继,RU-002,127.610562832717,122.0
P00057,leg2-cruise,3318.399983983162,3323.296564551388,直连,,111.80028136979959,122.0
P00009,leg1-descent,3319.0330745744154,3324.562745733895,中继,RU-002,127.83593312648757,122.0
P00032,leg2-cruise,3322.9909416350165,3332.4784798550972,直连,,103.15276099939878,122.0
P00030,leg2-cruise,3323.296564551388,3333.0897256878407,中继,RU-002,127.4829015772101,122.0
P00057,leg2-cruise,3323.296564551388,3333.0897256878407,直连,,111.6009143183018,122.0
P00118,S007-handoff,3323.414871571568,3333.3263397282,中继,RU-002,123.19203596345481,122.0
P00009,S004-handoff,3324.562745733895,3334.2983531802333,中继,RU-002,127.83586639527485,122.0
P00032,leg2-cruise,3332.4784798550972,3341.9660180751785,直连,,102.43458633204035,122.0
P00030,leg2-cruise,3333.0897256878407,3337.986306256067,中继,RU-002,127.35333771604513,122.0
P00057,leg2-cruise,3333.0897256878407,3342.882886824293,直连,,111.32783758370626,122.0
P00118,S007-handoff,3333.3263397282,3343.2378078848315,中继,RU-002,123.19203596345481,122.0
P00009,S004-handoff,3334.2983531802333,3344.033960626572,中继,RU-002,127.83586639527485,122.0
P00030,leg2-cruise,3337.986306256067,3342.882886824293,中继,RU-002,127.26587651056037,122.0
P00032,leg2-cruise,3341.9660180751785,3351.453556295259,直连,,101.6522854892986,122.0
P00030,leg2-cruise,3342.882886824293,3347.779467392519,中继,RU-002,127.17752650741394,122.0
P00057,leg2-cruise,3342.882886824293,3352.676047960745,直连,,111.04598680447802,122.0
P00118,S007-handoff,3343.2378078848315,3353.1492760414635,中继,RU-002,123.19203596345481,122.0
P00009,S004-handoff,3344.033960626572,3353.7695680729103,中继,RU-002,127.83586639527485,122.0
P00030,leg2-cruise,3347.779467392519,3352.676047960745,中继,RU-002,127.08826947515924,122.0
P00014,leg1-climb,3350.0,3359.1960506863065,直连,,55.910353848052935,122.0
P00032,leg2-cruise,3351.453556295259,3360.94109451534,直连,,100.79343188760966,122.0
P00030,leg2-cruise,3352.676047960745,3357.572628528971,中继,RU-002,126.99808661615214,122.0
P00057,leg2-cruise,3352.676047960745,3362.4692090971976,直连,,110.75478603931096,122.0
P00118,S007-handoff,3353.1492760414635,3363.0607441980956,中继,RU-002,123.19203596345481,122.0
P00009,S004-handoff,3353.7695680729103,3363.505175519249,中继,RU-002,127.83586639527485,122.0
P00030,leg2-cruise,3357.572628528971,3362.4692090971976,中继,RU-002,126.90695854288667,122.0
P00014,leg1-climb,3359.1960506863065,3368.392101372613,直连,,66.65528399300678,122.0
P00032,leg2-cruise,3360.94109451534,3370.4286327354207,直连,,99.84166115787767,122.0
P00030,leg2-cruise,3362.4692090971976,3372.26237023365,中继,RU-002,126.76845022673399,122.0
P00057,leg2-cruise,3362.4692090971976,3372.26237023365,直连,,110.45360146243668,122.0
P00118,S007-handoff,3363.0607441980956,3372.9722123547276,中继,RU-002,123.19203596345481,122.0
P00009,S004-handoff,3363.505175519249,3373.240782965587,中继,RU-002,127.83586639527485,122.0
P00014,leg1-climb,3368.392101372613,3377.588152058919,直连,,73.85289434168777,122.0
P00032,leg2-cruise,3370.4286327354207,3379.916170955502,直连,,98.77485126809825,122.0
P00030,leg2-cruise,3372.26237023365,3382.0555313701025,中继,RU-002,126.58027208186171,122.0
P00057,leg2-cruise,3372.26237023365,3382.0555313701025,直连,,110.1417334572749,122.0
P00118,S007-handoff,3372.9722123547276,3382.883680511359,中继,RU-002,123.19203596345481,122.0
P00009,S004-handoff,3373.240782965587,3382.976390411926,中继,RU-002,127.83586639527485,122.0
P00014,leg1-climb,3377.588152058919,3386.7842027452257,直连,,77.73409680378472,122.0
P00032,leg2-cruise,3379.916170955502,3389.4037091755827,直连,,97.56215358827671,122.0
P00030,leg2-cruise,3382.0555313701025,3386.952111938329,中继,RU-002,126.43641685584238,122.0
P00057,leg2-cruise,3382.0555313701025,3391.848692506555,直连,,109.81840733761081,122.0
P00118,S007-handoff,3382.883680511359,3392.7951486679913,中继,RU-002,123.19203596345481,122.0
P00009,S004-handoff,3382.976390411926,3392.711997858264,中继,RU-002,127.83586639527485,122.0
P00014,leg1-climb,3386.7842027452257,3395.980253431532,直连,,80.40713379023336,122.0
P00030,leg2-cruise,3386.952111938329,3391.848692506555,中继,RU-002,126.33917401325392,122.0
P00032,leg2-cruise,3389.4037091755827,3398.8912473956634,直连,,96.1589366109865,122.0
P00030,leg2-cruise,3391.848692506555,3401.6418536430074,中继,RU-002,126.19123996639847,122.0
P00057,leg2-cruise,3391.848692506555,3396.745273074781,直连,,109.56787918314345,122.0
P00009,S004-handoff,3392.711997858264,3402.447605304603,中继,RU-002,127.83586639527485,122.0
P00118,S007-handoff,3392.7951486679913,3402.7066168246233,中继,RU-002,123.19203596345481,122.0
P00014,leg1-climb,3395.980253431532,3405.1763041178388,直连,,82.44823755787544,122.0
P00057,leg2-cruise,3396.745273074781,3401.6418536430074,直连,,109.39681628192116,122.0
P00032,leg2-cruise,3398.8912473956634,3408.378785615744,直连,,94.49780007228874,122.0
P00030,leg2-cruise,3401.6418536430074,3411.43501477946,中继,RU-002,125.98999676977215,122.0
P00057,leg2-cruise,3401.6418536430074,3406.538434211234,直连,,109.2223713264894,122.0
P00009,S004-handoff,3402.447605304603,3412.183212750941,中继,RU-002,127.83586639527485,122.0
P00118,S007-handoff,3402.7066168246233,3412.6180849812554,中继,RU-002,123.19203596345481,122.0
P00014,leg1-cruise,3405.1763041178388,3414.717004506089,直连,,84.25363749428095,122.0
P00057,leg2-cruise,3406.538434211234,3411.43501477946,直连,,109.04441027162773,122.0
P00032,leg2-cruise,3408.378785615744,3417.866323835825,直连,,92.47223588270354,122.0
P00030,leg2-cruise,3411.43501477946,3416.331595347686,中继,RU-002,125.83594825854811,122.0
P00057,leg2-cruise,3411.43501477946,3421.2281759159123,直连,,108.77056301254999,122.0
P00009,S004-handoff,3412.183212750941,3421.9188201972797,中继,RU-002,127.83586639527485,122.0
P00118,S007-handoff,3412.6180849812554,3422.529553137887,中继,RU-002,123.19203596345481,122.0
P00014,leg1-cruise,3414.717004506089,3419.487354700214,直连,,87.31183023530771,122.0
P00030,leg2-cruise,3416.331595347686,3421.2281759159123,中继,RU-002,125.73171220886317,122.0
P00032,leg2-cruise,3417.866323835825,3427.353862055906,直连,,89.90977660072598,122.0
P00014,leg1-cruise,3419.487354700214,3424.257704894339,直连,,89.2920600241562,122.0
P00030,leg2-cruise,3421.2281759159123,3426.1247564841383,中继,RU-002,125.62621178730345,122.0
P00057,leg2-cruise,3421.2281759159123,3431.0213370523643,直连,,108.39172747761138,122.0
P00009,S004-handoff,3421.9188201972797,3431.654427643618,中继,RU-002,127.83586639527485,122.0
P00118,S007-handoff,3422.529553137887,3432.441021294519,中继,RU-002,123.19203596345481,122.0
P00014,leg1-cruise,3424.257704894339,3429.028055088464,直连,,91.01872522779571,122.0
P00030,leg2-cruise,3426.1247564841383,3431.0213370523643,中继,RU-002,125.5194159882314,122.0
P00032,leg2-cruise,3427.353862055906,3436.841400275987,直连,,86.57470410978323,122.0
P00014,leg1-cruise,3429.028055088464,3433.798405282589,直连,,92.51112815822854,122.0
P00030,leg2-cruise,3431.0213370523643,3435.9179176205907,中继,RU-002,125.4112926530368,122.0
P00057,leg2-cruise,3431.0213370523643,3440.8144981888167,直连,,107.9959702459913,122.0
P00009,S004-handoff,3431.654427643618,3441.390035089956,中继,RU-002,127.83586639527485,122.0
P00118,S007-handoff,3432.441021294519,3442.352489451151,中继,RU-002,123.19203596345481,122.0
P00014,leg1-cruise,3433.798405282589,3438.568755476714,直连,,93.8111745180704,122.0
P00030,leg2-cruise,3435.9179176205907,3440.8144981888167,中继,RU-002,125.3018084123411,122.0
P00032,leg2-cruise,3436.841400275987,3446.3289384960676,直连,,82.8314312447476,122.0
P00014,leg1-cruise,3438.568755476714,3443.339105670839,直连,,94.95666259648107,122.0
P00030,leg2-cruise,3440.8144981888167,3445.7110787570427,中继,RU-002,125.1909286245411,122.0
P00057,leg2-cruise,3440.8144981888167,3450.607659325269,直连,,107.58174707393263,122.0
P00009,S004-handoff,3441.390035089956,3451.125642536295,中继,RU-002,127.83586639527485,122.0
P00118,S007-handoff,3442.352489451151,3452.263957607783,中继,RU-002,123.19203596345481,122.0
P00014,leg1-cruise,3443.339105670839,3452.8798060590893,直连,,96.44842547258898,122.0
P00030,leg2-cruise,3445.7110787570427,3450.607659325269,中继,RU-002,125.07861731040668,122.0
P00032,leg2-descent,3446.3289384960676,3456.0193791698957,直连,,81.1344950514344,122.0
P00030,leg2-cruise,3450.607659325269,3460.4008204617217,中继,RU-002,124.90738404137906,122.0
P00057,leg2-cruise,3450.607659325269,3460.4008204617217,直连,,107.14729881009566,122.0
P00009,S004-handoff,3451.125642536295,3460.861249982633,中继,RU-002,127.83586639527485,122.0
P00118,S007-handoff,3452.263957607783,3462.175425764415,中继,RU-002,123.19203596345481,122.0
P00014,leg1-cruise,3452.8798060590893,3457.6501562532144,直连,,97.73101560068025,122.0
P00032,leg2-descent,3456.0193791698957,3465.709819843724,直连,,79.04372855980819,122.0
P00014,leg1-cruise,3457.6501562532144,3462.4205064473394,直连,,98.49498090649817,122.0
P00030,leg2-cruise,3460.4008204617217,3465.2974010299477,中继,RU-002,124.73271285821252,122.0
P00057,leg2-cruise,3460.4008204617217,3470.193981598174,直连,,106.69061122645562,122.0
P00009,S004-handoff,3460.861249982633,3470.596857428972,中继,RU-002,127.83586639527485,122.0
P00118,S007-handoff,3462.175425764415,3472.086893921047,中继,RU-002,123.19203596345481,122.0
P00014,leg1-cruise,3462.4205064473394,3467.190856641465,直连,,99.1989437901996,122.0
P00030,leg2-cruise,3465.2974010299477,3470.193981598174,中继,RU-002,124.61428635729897,122.0
P00032,leg2-descent,3465.709819843724,3475.400260517552,直连,,76.28456620563064,122.0
P00014,leg1-cruise,3467.190856641465,3471.96120683559,直连,,99.85140844767872,122.0
P00030,leg2-cruise,3470.193981598174,3475.0905621664006,中继,RU-002,124.49422576334501,122.0
P00057,leg2-cruise,3470.193981598174,3479.9871427346266,直连,,106.20936556894824,122.0
P00009,S004-handoff,3470.596857428972,3480.33246487531,中继,RU-002,127.83586639527485,122.0
P00014,leg1-cruise,3471.96120683559,3476.731557029715,直连,,100.45923619044137,122.0
P00118,S007-handoff,3472.086893921047,3481.998362077679,中继,RU-002,123.19203596345481,122.0
P00030,leg2-cruise,3475.0905621664006,3479.9871427346266,中继,RU-002,124.37248543465407,122.0
P00032,leg2-descent,3475.400260517552,3485.09070119138,直连,,72.21730887279023,122.0
P00014,leg1-cruise,3476.731557029715,3481.50190722384,直连,,101.02803167380132,122.0
P00030,leg2-cruise,3479.9871427346266,3484.8837233028526,中继,RU-002,124.24901779394607,122.0
P00057,leg2-cruise,3479.9871427346266,3489.780303871079,直连,,105.70087738903007,122.0
P00009,S004-handoff,3480.33246487531,3490.0680723216487,中继,RU-002,127.83586639527485,122.0
P00014,leg1-cruise,3481.50190722384,3491.0426076120903,直连,,101.81795479175557,122.0
P00118,leg3-climb,3481.998362077679,3491.456319990289,中继,RU-002,123.19306647560214,122.0
P00030,leg2-cruise,3484.8837233028526,3489.780303871079,中继,RU-002,124.12377321756126,122.0
P00032,leg2-descent,3485.09070119138,3494.781141865208,直连,,64.31881537331937,122.0
P00030,leg2-cruise,3489.780303871079,3494.676884439305,中继,RU-002,123.99669991664672,122.0
P00057,leg2-cruise,3489.780303871079,3499.573465007531,直连,,105.16202059236248,122.0
P00009,S004-handoff,3490.0680723216487,3499.803679767987,中继,RU-002,127.83586639527485,122.0
P00014,leg1-cruise,3491.0426076120903,3495.8129578062153,直连,,102.54286136848047,122.0
P00118,leg3-climb,3491.456319990289,3500.9142779028994,中继,RU-002,123.19530347262103,122.0
P00030,leg2-cruise,3494.676884439305,3499.573465007531,中继,RU-002,123.86774380959976,122.0
P00032,leg2-descent,3494.781141865208,3504.4715825390363,直连,,57.992405658373215,122.0
P00014,leg1-cruise,3495.8129578062153,3500.5833080003404,直连,,102.99493026807909,122.0
P00030,leg2-cruise,3499.573465007531,3504.4700455757575,中继,RU-002,123.73684838500817,122.0
P00057,leg2-cruise,3499.573465007531,3509.3666261439835,直连,,104.5891329565721,122.0
P00009,S004-handoff,3499.803679767987,3509.5392872143257,中继,RU-002,127.83586639527485,122.0
P00014,leg1-cruise,3500.5833080003404,3505.3536581944654,直连,,103.42486174780501,122.0
P00118,leg3-climb,3500.9142779028994,3510.37223581551,中继,RU-002,123.1977747935534,122.0
P00030,leg2-cruise,3504.4700455757575,3509.3666261439835,中继,RU-002,123.60395455421364,122.0
P00014,leg1-cruise,3505.3536581944654,3510.1240083885905,直连,,103.83470293862914,122.0
P00030,leg2-cruise,3509.3666261439835,3514.2632067122095,中继,RU-002,123.46900049254752,122.0
P00057,leg2-cruise,3509.3666261439835,3514.2632067122095,直连,,104.1345668009842,122.0
P00009,S004-handoff,3509.5392872143257,3519.274894660664,中继,RU-002,127.83586639527485,122.0
P00014,leg1-cruise,3510.1240083885905,3514.8943585827155,直连,,104.2262320533561,122.0
P00118,leg3-climb,3510.37223581551,3519.8301937281203,中继,RU-002,123.20048003793082,122.0
P00030,leg2-cruise,3514.2632067122095,3519.159787280436,中继,RU-002,123.33192146818158,122.0
P00057,leg2-cruise,3514.2632067122095,3519.159787280436,直连,,103.81851922815025,122.0
P00014,leg1-cruise,3514.8943585827155,3519.6647087768406,直连,,104.6010031054126,122.0
P00030,leg2-cruise,3519.159787280436,3524.0563678486624,中继,RU-002,123.19264965741453,122.0
P00057,leg2-cruise,3519.159787280436,3524.0563678486624,直连,,103.49126674054209,122.0
P00009,S004-handoff,3519.274894660664,3529.0105021070026,中继,RU-002,127.83586639527485,122.0
P00014,leg1-cruise,3519.6647087768406,3524.4350589709657,直连,,104.96038178369322,122.0
P00118,leg3-climb,3519.8301937281203,3529.2881516407306,中继,RU-002,123.20341876798794,122.0
P00030,leg2-cruise,3524.0563678486624,3528.9529484168884,中继,RU-002,123.05111394509751,122.0
P00057,leg2-cruise,3524.0563678486624,3528.9529484168884,直连,,103.15205091665543,122.0
P00014,leg1-cruise,3524.4350589709657,3529.2054091650907,直连,,105.30557448391842,122.0
P00030,leg2-cruise,3528.9529484168884,3533.8495289851144,中继,RU-002,112.90723970873051,122.0
P00057,leg2-cruise,3528.9529484168884,3538.746109553341,直连,,102.61896304277725,122.0
P00009,S004-handoff,3529.0105021070026,3538.746109553341,中继,RU-002,127.83586639527485,122.0
P00014,leg1-cruise,3529.2054091650907,3533.9757593592158,直连,,105.63765199303306,122.0
P00118,leg3-climb,3529.2881516407306,3538.746109553341,中继,RU-002,123.20659050889752,122.0
P00030,leg2-cruise,3533.8495289851144,3538.746109553341,直连,,112.76094858461495,122.0
P00014,leg1-cruise,3533.9757593592158,3538.746109553341,直连,,115.9575689579872,122.0
P00009,S004-handoff,3538.746109553341,3548.2745480801577,中继,RU-002,127.83586639527485,122.0
P00014,leg1-cruise,3538.746109553341,3543.5103288167493,直连,,116.26598514823264,122.0
P00030,leg2-cruise,3538.746109553341,3543.5103288167493,直连,,112.61418625705886,122.0
P00057,leg2-cruise,3538.746109553341,3548.2745480801577,直连,,101.86861570936331,122.0
P00118,leg3-climb,3538.746109553341,3547.38763209721,中继,RU-002,123.20984302395533,122.0
P00014,leg1-cruise,3543.5103288167493,3548.2745480801577,直连,,116.56368820748229,122.0
P00030,leg2-cruise,3543.5103288167493,3548.2745480801577,直连,,112.466971273023,122.0
P00140,leg1-climb,3547.0,3556.847075546856,直连,,54.42323996058578,122.0
P00118,leg3-cruise,3547.38763209721,3552.2627158584864,中继,RU-002,123.14159812063505,122.0
P00009,S004-handoff,3548.2745480801577,3557.802986606974,中继,RU-002,127.83586639527485,122.0
P00014,leg1-cruise,3548.2745480801577,3553.038767343566,直连,,116.85157011299108,122.0
P00030,leg2-cruise,3548.2745480801577,3553.038767343566,直连,,112.31722559855262,122.0
P00057,leg2-cruise,3548.2745480801577,3557.802986606974,直连,,101.06632545003092,122.0
P00118,leg3-cruise,3552.2627158584864,3557.1377996197634,中继,RU-002,123.00015466719543,122.0
P00014,leg1-cruise,3553.038767343566,3557.802986606974,直连,,117.13025546795144,122.0
P00030,leg2-cruise,3553.038767343566,3557.802986606974,直连,,112.16486097745037,122.0
P00140,leg1-climb,3556.847075546856,3566.694151093712,直连,,67.77058139868122,122.0
P00118,leg3-cruise,3557.1377996197634,3562.0128833810404,中继,RU-002,122.85638559905645,122.0
P00009,S004-handoff,3557.802986606974,3567.331425133791,中继,RU-002,127.83586639527485,122.0
P00014,leg1-cruise,3557.802986606974,3562.5672058703826,直连,,117.40031136494551,122.0
P00030,leg2-cruise,3557.802986606974,3562.5672058703826,直连,,112.00978446997638,122.0
P00057,leg2-cruise,3557.802986606974,3567.331425133791,直连,,100.19287228587315,122.0
P00118,leg3-cruise,3562.0128833810404,3566.8879671423174,中继,RU-002,122.71021373046558,122.0
P00014,leg1-cruise,3562.5672058703826,3567.331425133791,直连,,117.6622542087108,122.0
P00030,leg2-cruise,3562.5672058703826,3567.331425133791,直连,,111.85189811665354,122.0
P00140,leg1-climb,3566.694151093712,3576.5412266405683,直连,,74.67843360906828,122.0
P00118,leg3-cruise,3566.8879671423174,3571.7630509035944,中继,RU-002,122.56155799857478,122.0
P00009,S004-handoff,3567.331425133791,3576.8598636606075,中继,RU-002,127.83586639527485,122.0
P00014,leg1-cruise,3567.331425133791,3576.8598636606075,直连,,118.04097702893499,122.0
P00030,leg2-cruise,3567.331425133791,3572.095644397199,直连,,111.69109857145314,122.0
P00057,leg2-cruise,3567.331425133791,3576.8598636606075,直连,,99.237624785577,122.0
P00118,leg3-cruise,3571.7630509035944,3576.638134664871,中继,RU-002,122.41033320159845,122.0
P00030,leg2-cruise,3572.095644397199,3576.8598636606075,直连,,111.52727670098874,122.0
P00140,leg1-climb,3576.5412266405683,3586.3883021874244,直连,,78.47695148288332,122.0
P00118,leg3-cruise,3576.638134664871,3581.5132184261474,中继,RU-002,122.2564497146772,122.0
P00009,S004-handoff,3576.8598636606075,3586.3883021874244,中继,RU-002,127.83586639527485,122.0
P00014,leg1-cruise,3576.8598636606075,3581.624082924016,直连,,118.40392529707945,122.0
P00030,leg2-cruise,3576.8598636606075,3581.624082924016,直连,,111.36031714588259,122.0
P00057,leg2-cruise,3576.8598636606075,3581.624082924016,直连,,98.46070515235846,122.0
P00118,leg3-cruise,3581.5132184261474,3586.3883021874244,中继,RU-002,112.09981318120104,122.0
P00014,leg1-cruise,3581.624082924016,3586.3883021874244,直连,,118.63775453246093,122.0
P00030,leg2-cruise,3581.624082924016,3586.3883021874244,直连,,111.19009783993387,122.0
P00057,leg2-cruise,3581.624082924016,3586.3883021874244,直连,,97.9114469374881,122.0
P00009,S004-handoff,3586.3883021874244,3595.5294712799187,中继,RU-002,127.83586639527485,122.0
P00014,leg1-cruise,3586.3883021874244,3590.9588867336715,直连,,118.86090219506599,122.0
P00030,leg2-cruise,3586.3883021874244,3595.5294712799187,直连,,110.93556804000579,122.0
P00057,leg2-cruise,3586.3883021874244,3595.591813442297,直连,,97.05870725472502,122.0
P00118,leg3-cruise,3586.3883021874244,3587.530948323986,直连,,112.0017212942647,122.0
P00140,leg1-climb,3586.3883021874244,3595.4522033691405,直连,,81.0200116332771,122.0
P00118,leg3-cruise,3587.530948323986,3590.9588867336715,直连,,111.96418024517702,122.0
P00014,leg1-cruise,3590.9588867336715,3595.5294712799187,直连,,119.0740169755403,122.0
P00118,leg3-cruise,3590.9588867336715,3595.5294712799187,直连,,111.79322601406881,122.0
P00140,leg1-cruise,3595.4522033691405,3604.6044107346033,直连,,82.77956511620255,122.0
P00009,S004-handoff,3595.5294712799187,3604.670640372413,中继,RU-002,127.83586639527485,122.0
P00014,leg1-cruise,3595.5294712799187,3604.670640372413,直连,,119.38421853045251,122.0
P00030,leg2-cruise,3595.5294712799187,3600.1000558261658,直连,,110.67709218417382,122.0
P00118,leg3-cruise,3595.5294712799187,3600.1000558261658,直连,,111.6384154779449,122.0
P00057,leg2-cruise,3595.591813442297,3604.7953246971692,直连,,95.84884523596652,122.0
P00030,leg2-cruise,3600.1000558261658,3604.670640372413,直连,,110.50041995195501,122.0
P00118,leg3-cruise,3600.1000558261658,3604.670640372413,直连,,111.48082190042454,122.0
P00140,leg1-cruise,3604.6044107346033,3613.7566181000657,直连,,86.37416648258588,122.0
P00009,S004-handoff,3604.670640372413,3613.811809464907,中继,RU-002,127.83586639527485,122.0
P00014,leg1-cruise,3604.670640372413,3609.24122491866,直连,,119.6837480142284,122.0
P00030,leg2-cruise,3604.670640372413,3609.24122491866,直连,,110.32009661825015,122.0
P00118,leg3-cruise,3604.670640372413,3609.24122491866,直连,,111.32034441945487,122.0
P00057,leg2-cruise,3604.7953246971692,3613.998835952042,直连,,94.5587100357807,122.0
P00014,leg1-cruise,3609.24122491866,3613.811809464907,直连,,119.87785811151502,122.0
P00030,leg2-cruise,3609.24122491866,3613.811809464907,直连,,110.1359688518636,122.0
P00118,leg3-cruise,3609.24122491866,3613.811809464907,直连,,111.15687665002739,122.0
P00140,leg1-cruise,3613.7566181000657,3622.9088254655285,直连,,89.64955510020918,122.0
P00009,S004-handoff,3613.811809464907,3622.9529785574014,中继,RU-002,127.83586639527485,122.0
P00014,leg1-cruise,3613.811809464907,3622.9529785574014,直连,,120.16114091487053,122.0
P00030,leg2-cruise,3613.811809464907,3618.3823940111542,直连,,109.94787350752662,122.0
P00118,leg3-cruise,3613.811809464907,3618.3823940111542,直连,,110.99030627846392,122.0
P00057,leg2-cruise,3613.998835952042,3623.2023472069145,直连,,93.25438429448111,122.0
P00030,leg2-cruise,3618.3823940111542,3622.9529785574014,直连,,109.75563677498126,122.0
P00118,leg3-cruise,3618.3823940111542,3622.9529785574014,直连,,110.82051461933324,122.0
P00140,leg1-cruise,3622.9088254655285,3632.061032830991,直连,,92.18876874352709,122.0
P00009,S004-handoff,3622.9529785574014,3632.094147649896,中继,RU-002,127.83586639527485,122.0
P00014,leg1-cruise,3622.9529785574014,3627.5235631036485,直连,,120.43549342591436,122.0
P00030,leg2-cruise,3622.9529785574014,3627.5235631036485,直连,,109.55907323437907,122.0
P00118,leg3-cruise,3622.9529785574014,3627.5235631036485,直连,,110.64737613076018,122.0
P00057,leg2-cruise,3623.2023472069145,3632.405858461787,直连,,92.09928448187436,122.0
P00014,leg1-cruise,3627.5235631036485,3632.094147649896,直连,,120.61370493159959,122.0
P00030,leg2-cruise,3627.5235631036485,3632.094147649896,直连,,109.3579848054575,122.0
P00118,leg3-cruise,3627.5235631036485,3632.094147649896,直连,,110.4707578835211,122.0
P00140,leg1-cruise,3632.061032830991,3641.2132401964536,直连,,94.20351419246313,122.0
P00009,S004-handoff,3632.094147649896,3641.2353167423903,中继,RU-002,127.83586639527485,122.0
P00014,leg1-cruise,3632.094147649896,3636.664732196143,直连,,120.78833982677081,122.0
P00030,leg2-cruise,3632.094147649896,3641.2353167423903,直连,,109.04740033699234,122.0
P00118,leg3-cruise,3632.094147649896,3641.2353167423903,直连,,110.19899541308804,122.0
P00057,leg2-cruise,3632.405858461787,3641.6093697166593,直连,,91.38145226523216,122.0
P00014,leg1-cruise,3636.664732196143,3641.2353167423903,直连,,120.95953860165643,122.0
P00140,leg1-cruise,3641.2132401964536,3650.365447561916,直连,,95.85885323669409,122.0
P00009,S004-handoff,3641.2353167423903,3650.3764858348845,中继,RU-002,127.83586639527485,122.0
P00014,leg1-cruise,3641.2353167423903,3645.8059012886374,直连,,121.1274336418677,122.0
P00030,leg2-cruise,3641.2353167423903,3645.8059012886374,直连,,108.72537389173834,122.0
P00118,leg3-cruise,3641.2353167423903,3645.8059012886374,直连,,109.91857184610049,122.0
P00057,leg2-descent,3641.6093697166593,3650.563512322019,直连,,91.01169941378706,122.0
P00014,leg1-cruise,3645.8059012886374,3650.3764858348845,直连,,121.2921498390098,122.0
P00030,leg2-cruise,3645.8059012886374,3650.3764858348845,直连,,108.50390785764465,122.0
P00118,leg3-cruise,3645.8059012886374,3650.3764858348845,直连,,109.72653588184686,122.0
P00140,leg1-cruise,3650.365447561916,3659.5176549273788,直连,,97.25863116886792,122.0
P00009,S004-handoff,3650.3764858348845,3659.5176549273788,中继,RU-002,127.83586639527485,122.0
P00014,leg1-cruise,3650.3764858348845,3654.9470703811317,直连,,121.45380514495884,122.0
P00030,leg2-cruise,3650.3764858348845,3659.5176549273788,直连,,108.16083067272878,122.0
P00118,leg3-cruise,3650.3764858348845,3654.9470703811317,直连,,109.5302221526286,122.0
P00057,leg2-descent,3650.563512322019,3659.5176549273788,直连,,90.44278109019353,122.0
P00014,leg1-cruise,3654.9470703811317,3659.5176549273788,直连,,121.61251107589231,122.0
P00118,leg3-cruise,3654.9470703811317,3659.5176549273788,直连,,109.32943890025008,122.0
P00009,S004-handoff,3659.5176549273788,3668.2383821854523,中继,RU-002,127.83586639527485,122.0
P00014,leg1-cruise,3659.5176549273788,3664.4088347506395,直连,,121.77378913094003,122.0
P00030,leg2-cruise,3659.5176549273788,3664.349676226107,直连,,107.79680790202733,122.0
P00057,leg2-descent,3659.5176549273788,3669.2177252708652,直连,,89.8076627566903,122.0
P00118,leg3-cruise,3659.5176549273788,3664.2707841866036,直连,,109.11982945430168,122.0
P00140,leg1-cruise,3659.5176549273788,3669.078596209004,直连,,98.49436988610955,122.0
P00118,leg3-cruise,3664.2707841866036,3669.0239134458284,直连,,108.90086872412193,122.0
P00030,leg2-cruise,3664.349676226107,3669.1816975248353,直连,,107.53589402187725,122.0
P00014,leg1-cruise,3664.4088347506395,3669.3000145738997,中继,RU-002,121.93744609050815,122.0
P00009,S004-handoff,3668.2383821854523,3676.9591094435264,中继,RU-002,127.83586639527485,122.0
P00118,leg3-cruise,3669.0239134458284,3673.7770427050536,直连,,108.67634711608676,122.0
P00140,leg1-cruise,3669.078596209004,3678.639537490629,直连,,99.60144100678025,122.0
P00030,leg2-cruise,3669.1816975248353,3674.0137188235635,直连,,107.26697536085233,122.0
P00057,leg2-descent,3669.2177252708652,3678.9177956143517,直连,,89.0938566599342,122.0
P00014,leg1-cruise,3669.3000145738997,3679.08237422042,中继,RU-002,122.17729846241535,122.0
P00118,leg3-cruise,3673.7770427050536,3678.5301719642785,直连,,108.445980630893,122.0
P00030,leg2-cruise,3674.0137188235635,3678.8457401222918,直连,,106.9895503966965,122.0
P00009,S004-handoff,3676.9591094435264,3685.6798367016,中继,RU-002,127.83586639527485,122.0
P00118,leg3-cruise,3678.5301719642785,3683.2833012235033,直连,,108.20946346231204,122.0
P00140,leg1-cruise,3678.639537490629,3688.2004787722544,直连,,100.58523107115495,122.0
P00030,leg2-cruise,3678.8457401222918,3683.6777614210205,直连,,106.70306950944196,122.0
P00057,leg2-descent,3678.9177956143517,3688.6178659578386,直连,,88.31609492763464,122.0
P00014,leg1-cruise,3679.08237422042,3683.9735540436805,中继,RU-002,122.41071303569954,122.0
P00118,leg3-cruise,3683.2833012235033,3688.036430482728,直连,,107.96646577105672,122.0
P00030,leg2-cruise,3683.6777614210205,3688.5097827197487,直连,,106.40692871214789,122.0
P00014,leg1-cruise,3683.9735540436805,3688.864733866941,中继,RU-002,122.56291328673377,122.0
P00009,S004-handoff,3685.6798367016,3694.400563959674,中继,RU-002,127.83586639527485,122.0
P00118,leg3-cruise,3688.036430482728,3692.789559741953,直连,,107.71663117791623,122.0
P00140,leg1-cruise,3688.2004787722544,3697.7614200538796,直连,,101.47012876991727,122.0
P00030,leg2-cruise,3688.5097827197487,3693.341804018477,直连,,106.1004623424108,122.0
P00057,leg2-descent,3688.6178659578386,3698.317936301325,直连,,87.46177890516053,122.0
P00014,leg1-cruise,3688.864733866941,3693.7559136902014,中继,RU-002,122.71249539279307,122.0
P00118,leg3-cruise,3692.789559741953,3697.5426890011777,直连,,107.45957393484865,122.0
P00030,leg2-cruise,3693.341804018477,3698.1738253172052,直连,,105.78293450497146,122.0
P00014,leg1-cruise,3693.7559136902014,3698.6470935134616,中继,RU-002,122.85954780486459,122.0
P00009,S004-handoff,3694.400563959674,3703.1212912177475,中继,RU-002,127.83586639527485,122.0
P00118,leg3-cruise,3697.5426890011777,3702.2958182604025,直连,,107.19487572606569,122.0
P00140,leg1-cruise,3697.7614200538796,3707.322361335505,直连,,102.2740126268618,122.0
P00030,leg2-cruise,3698.1738253172052,3703.0058466159335,直连,,105.45352900604937,122.0
P00057,leg2-descent,3698.317936301325,3708.0180066448115,直连,,86.51417639117275,122.0
P00014,leg1-cruise,3698.6470935134616,3703.5382733367223,中继,RU-002,123.00415457083115,122.0
P00118,leg3-cruise,3702.2958182604025,3707.0489475196273,直连,,106.92208204338941,122.0
P00030,leg2-cruise,3703.0058466159335,3707.8378679146617,直连,,105.1113374566316,122.0
P00009,S004-handoff,3703.1212912177475,3711.8420184758215,中继,RU-002,127.83586639527485,122.0
P00014,leg1-cruise,3703.5382733367223,3708.4294531599826,中继,RU-002,123.14639562265594,122.0
P00118,leg3-cruise,3707.0489475196273,3711.802076778852,直连,,106.64069807129981,122.0
P00140,leg1-cruise,3707.322361335505,3716.88330261713,直连,,103.01035605030809,122.0
P00030,leg2-cruise,3707.8378679146617,3717.5019105121182,直连,,104.57182343789107,122.0
P00057,leg2-descent,3708.0180066448115,3717.718076988298,直连,,85.45038880689967,122.0
P00014,leg1-cruise,3708.4294531599826,3713.320632983243,中继,RU-002,123.28634704053479,122.0
P00118,leg3-cruise,3711.802076778852,3716.5552060380774,直连,,106.35018400691285,122.0
P00009,S004-handoff,3711.8420184758215,3720.562745733895,中继,RU-002,127.83586639527485,122.0
P00014,leg1-cruise,3713.320632983243,3718.2118128065035,中继,RU-002,123.42408129623246,122.0
P00118,leg3-cruise,3716.5552060380774,3721.308335297302,直连,,106.0499497287527,122.0
P00140,leg1-cruise,3716.88330261713,3726.4442438987553,直连,,103.68955320480607,122.0
P00030,leg2-cruise,3717.5019105121182,3722.3339318108465,直连,,103.99726309896374,122.0
P00057,leg2-descent,3717.718076988298,3727.418147331785,直连,,84.2378912341601,122.0
P00014,leg1-cruise,3718.2118128065035,3723.102992629764,中继,RU-002,123.55966747750654,122.0
P00009,leg2-climb,3720.562745733895,3730.273555234453,中继,RU-002,127.83601868585879,122.0
P00118,leg3-cruise,3721.308335297302,3726.061464556527,直连,,105.73934871578024,122.0
P00030,leg2-cruise,3722.3339318108465,3727.165953109575,直连,,103.59244272826412,122.0
P00014,leg1-cruise,3723.102992629764,3727.994172453024,中继,RU-002,123.69317149536668,122.0
P00118,leg3-cruise,3726.061464556527,3730.814593815752,直连,,105.4176711048696,122.0
P00140,leg1-cruise,3726.4442438987553,3736.0051851803805,直连,,104.31978472523953,122.0
P00030,leg2-cruise,3727.165953109575,3731.9979744083034,直连,,103.16830617236018,122.0
P00057,leg2-descent,3727.418147331785,3737.1182176752714,直连,,82.82824361653408,122.0
P00014,leg1-cruise,3727.994172453024,3732.8853522762847,中继,RU-002,123.82465627572984,122.0
P00009,leg2-climb,3730.273555234453,3739.9843647350112,中继,RU-002,127.83638723235934,122.0
P00118,leg3-cruise,3730.814593815752,3735.5677230749766,直连,,105.08413576221471,122.0
P00030,leg2-cruise,3731.9979744083034,3736.8299957070317,直连,,102.7229727495444,122.0
P00014,leg1-cruise,3732.8853522762847,3737.776532099545,中继,RU-002,123.95418193683868,122.0
P00118,leg3-cruise,3735.5677230749766,3740.320852334202,直连,,104.73788123325531,122.0
P00140,leg1-cruise,3736.0051851803805,3745.5661264620057,直连,,114.90760106951295,122.0
P00030,leg2-cruise,3736.8299957070317,3741.66201700576,直连,,102.25428347848968,122.0
P00057,leg2-descent,3737.1182176752714,3746.818288018758,直连,,81.1446449361982,122.0
P00014,leg1-cruise,3737.776532099545,3742.667711922805,中继,RU-002,124.08180595371152,122.0
P00009,leg2-climb,3739.9843647350112,3749.695174235569,中继,RU-002,127.8368410473528,122.0
P00118,leg3-cruise,3740.320852334202,3745.0739815934267,直连,,104.37795543011595,122.0
P00030,leg2-cruise,3741.66201700576,3746.494038304488,直连,,101.75974620092457,122.0
P00014,leg1-cruise,3742.667711922805,3747.558891746066,中继,RU-002,124.20758331073095,122.0
P00118,leg3-cruise,3745.0739815934267,3749.8271108526515,直连,,104.00330392099555,122.0
P00140,leg1-cruise,3745.5661264620057,3755.1270677436305,直连,,115.4583265915793,122.0
P00030,leg2-cruise,3746.494038304488,3751.3260596032164,直连,,101.23646758160925,122.0
P00057,leg2-descent,3746.818288018758,3756.5183583622443,直连,,79.05429281537782,122.0
P00014,leg1-cruise,3747.558891746066,3752.450071569326,中继,RU-002,124.33156664338517,122.0
P00009,leg2-climb,3749.695174235569,3759.4059837361274,中继,RU-002,127.83738010410832,122.0
P00118,leg3-cruise,3749.8271108526515,3754.5802401118763,直连,,103.61275671222639,122.0
P00030,leg2-cruise,3751.3260596032164,3756.1580809019447,直连,,100.68106860693537,122.0
P00014,leg1-cruise,3752.450071569326,3757.3412513925864,中继,RU-002,124.45380637008202,122.0
P00118,leg3-cruise,3754.5802401118763,3759.333369371101,直连,,103.2050134781949,122.0
P00140,leg1-cruise,3755.1270677436305,3764.6880090252557,直连,,115.97634628918743,122.0
P00030,leg2-cruise,3756.1580809019447,3760.9901022006734,直连,,100.08957955302714,122.0
P00057,leg2-descent,3756.5183583622443,3766.2184287057307,直连,,76.29585465887754,122.0
P00014,leg1-cruise,3757.3412513925864,3762.232431215847,中继,RU-002,124.57435081484768,122.0
P00118,leg3-cruise,3759.333369371101,3764.086498630326,直连,,102.77862732670236,122.0
P00009,leg2-climb,3759.4059837361274,3769.116793236685,中继,RU-002,127.83800437088259,122.0
P00030,leg2-cruise,3760.9901022006734,3765.8221234994016,直连,,99.4573100218348,122.0
P00014,leg1-cruise,3762.232431215847,3767.1236110391073,中继,RU-002,124.69324632165586,122.0
P00118,leg3-cruise,3764.086498630326,3768.8396278895507,直连,,102.33198743895535,122.0
P00140,leg1-cruise,3764.6880090252557,3774.248950306881,直连,,116.46531368550897,122.0
P00030,leg2-cruise,3765.8221234994016,3770.65414479813,直连,,98.77869026322949,122.0
P00057,leg2-descent,3766.2184287057307,3775.9184990492176,直连,,72.23018631280993,122.0
P00014,leg1-cruise,3767.1236110391073,3772.0147908623676,中继,RU-002,124.81053736107583,122.0
P00118,leg3-cruise,3768.8396278895507,3773.592757148776,直连,,101.86330138340305,122.0
P00009,leg2-climb,3769.116793236685,3778.8276027372435,中继,RU-002,127.83871381092604,122.0
P00030,leg2-cruise,3770.65414479813,3775.486166096858,直连,,98.04708339961931,122.0
P00014,leg1-cruise,3772.0147908623676,3776.905970685628,中继,RU-002,124.92626662982772,122.0
P00118,leg3-cruise,3773.592757148776,3778.3458864080008,直连,,101.37057872645231,122.0
P00140,leg1-cruise,3774.248950306881,3783.809891588506,直连,,116.92830441909656,122.0
P00030,leg2-cruise,3775.486166096858,3780.3181873955864,直连,,97.25457874857908,122.0
P00057,leg2-descent,3775.9184990492176,3785.618569392704,直连,,64.33799092907498,122.0
P00014,leg1-cruise,3776.905970685628,3781.797150508888,中继,RU-002,125.04047514382842,122.0
P00118,leg3-cruise,3778.3458864080008,3783.0990156672256,直连,,100.85161902271075,122.0
P00009,leg2-climb,3778.8276027372435,3788.5384122378014,中继,RU-002,127.83950838249001,122.0
P00137,leg1-climb,3780.0,3789.690440673828,直连,,54.804977507866845,122.0
P00030,leg2-cruise,3780.3181873955864,3785.1502086943146,直连,,96.39180508711749,122.0
P00014,leg1-cruise,3781.797150508888,3786.688330332149,中继,RU-002,125.15320232520963,122.0
P00118,leg3-cruise,3783.0990156672256,3787.8521449264504,直连,,100.30400984432893,122.0
P00140,leg1-cruise,3783.809891588506,3793.3708328701314,直连,,117.36793165641328,122.0
P00030,leg2-cruise,3785.1502086943146,3789.982229993043,直连,,95.44787669547331,122.0
P00057,leg2-descent,3785.618569392704,3795.3186397361906,直连,,57.979139099470075,122.0
P00014,leg1-descent,3786.688330332149,3795.118851979284,中继,RU-002,125.20863053121289,122.0
P00118,leg3-cruise,3787.8521449264504,3792.605274185675,直连,,99.72514505507203,122.0
P00009,leg2-cruise,3788.5384122378014,3793.503580469533,中继,RU-002,127.79812184971343,122.0
P00137,leg1-climb,3789.690440673828,3799.380881347656,直连,,67.51503459175092,122.0
P00030,leg2-cruise,3789.982229993043,3794.814251291771,直连,,94.41077368239756,122.0
P00118,leg3-cruise,3792.605274185675,3797.3584034449004,直连,,99.11228156439628,122.0
P00140,leg1-cruise,3793.3708328701314,3802.9317741517566,直连,,117.7864341418726,122.0
P00009,leg2-cruise,3793.503580469533,3798.4687487012648,中继,RU-002,127.71388222144134,122.0
P00030,leg2-cruise,3794.814251291771,3799.6462725904994,直连,,93.26893837060388,122.0
P00014,leg1-descent,3795.118851979284,3803.5493736264198,中继,RU-002,125.20793517560105,122.0
P00118,leg3-cruise,3797.3584034449004,3802.1115327041252,直连,,98.46266698359413,122.0
P00009,leg2-cruise,3798.4687487012648,3803.433916932997,中继,RU-002,127.62881848537545,122.0
P00137,leg1-climb,3799.380881347656,3809.0713220214843,直连,,74.48686069242557,122.0
P00030,leg2-cruise,3799.6462725904994,3804.4782938892276,直连,,92.01607887397225,122.0
P00118,leg3-cruise,3802.1115327041252,3806.86466196335,直连,,97.77379558170442,122.0
P00140,leg1-cruise,3802.9317741517566,3812.492715433382,直连,,118.18574429724129,122.0
P00009,leg2-cruise,3803.433916932997,3808.3990851647286,中继,RU-002,127.54291437591864,122.0
P00014,leg1-descent,3803.5493736264198,3811.979895273555,中继,RU-002,125.20735749522541,122.0
P00030,leg2-cruise,3804.4782938892276,3809.310315187956,直连,,90.66403722089962,122.0
P00118,leg3-cruise,3806.86466196335,3811.617791222575,直连,,97.04389335242855,122.0
P00009,leg2-cruise,3808.3990851647286,3813.3642533964603,中继,RU-002,127.45615314166747,122.0
P00137,leg1-climb,3809.0713220214843,3818.7617626953124,直连,,78.30394043774598,122.0
P00030,leg2-cruise,3809.310315187956,3814.1423364866846,直连,,89.27388978756959,122.0
P00118,leg3-cruise,3811.617791222575,3816.3709204817997,直连,,96.27280608525228,122.0
P00014,S009-handoff,3811.979895273555,3821.6347848055702,中继,RU-002,125.20711279830486,122.0
P00140,leg1-cruise,3812.492715433382,3822.053656715007,直连,,118.56754154699213,122.0
P00009,leg2-cruise,3813.3642533964603,3818.329421628192,中继,RU-002,127.36851752589695,122.0
P00030,leg2-cruise,3814.1423364866846,3823.806379084141,直连,,87.5339938612872,122.0
P00118,leg3-cruise,3816.3709204817997,3821.1240497410245,直连,,95.4635784552761,122.0
P00009,leg2-cruise,3818.329421628192,3823.2945898599237,中继,RU-002,127.27998974605286,122.0
P00137,leg1-climb,3818.7617626953124,3828.4522033691405,直连,,80.9466621390307,122.0
P00118,leg3-cruise,3821.1240497410245,3825.8771790002493,直连,,94.62515906398647,122.0
P00014,S009-handoff,3821.6347848055702,3831.289674337586,中继,RU-002,125.20711279830486,122.0
P00140,leg1-cruise,3822.053656715007,3831.6145979966323,直连,,118.93329454769382,122.0
P00009,leg2-cruise,3823.2945898599237,3828.259758091656,中继,RU-002,127.19055147219419,122.0
P00030,leg2-descent,3823.806379084141,3833.614752375157,直连,,86.61973145445748,122.0
P00118,leg3-cruise,3825.8771790002493,3830.630308259474,直连,,93.77674740770995,122.0
P00009,leg2-cruise,3828.259758091656,3833.2249263233875,中继,RU-002,127.10018380432248,122.0
P00137,leg1-cruise,3828.4522033691405,3838.365044807378,直连,,82.89896292158843,122.0
P00118,leg3-cruise,3830.630308259474,3835.383437518699,直连,,92.9539367306515,122.0
P00014,S009-handoff,3831.289674337586,3840.944563869601,中继,RU-002,125.20711279830486,122.0
P00140,leg1-cruise,3831.6145979966323,3841.1755392782575,直连,,119.28429497592234,122.0
P00009,leg2-cruise,3833.2249263233875,3838.1900945551192,中继,RU-002,127.0088672485271,122.0
P00030,leg2-descent,3833.614752375157,3843.4231256661724,直连,,85.55713048944199,122.0
P00118,leg3-cruise,3835.383437518699,3840.136566777924,直连,,92.21505923013753,122.0
P00009,leg2-cruise,3838.1900945551192,3843.1552627868514,中继,RU-002,126.91658169187087,122.0
P00137,leg1-cruise,3838.365044807378,3848.277886245616,直连,,86.82599559405169,122.0
P00118,leg3-cruise,3840.136566777924,3849.6428252963738,直连,,91.44604790821832,122.0
P00014,S009-handoff,3840.944563869601,3850.5994534016168,中继,RU-002,125.20711279830486,122.0
P00140,leg1-cruise,3841.1755392782575,3850.7364805598827,直连,,119.62168481815145,122.0
P00009,leg2-cruise,3843.1552627868514,3848.120431018583,中继,RU-002,126.82330637593279,122.0
P00030,leg2-descent,3843.4231256661724,3853.231498957188,直连,,84.34617482106334,122.0
P00009,leg2-cruise,3848.120431018583,3853.0855992503148,中继,RU-002,126.72901986892938,122.0
P00137,leg1-cruise,3848.277886245616,3858.1907276838538,直连,,90.23101786400007,122.0
P00118,leg3-descent,3849.6428252963738,3859.4040068400827,直连,,91.04684348215869,122.0
P00014,S009-handoff,3850.5994534016168,3860.254342933632,中继,RU-002,125.20711279830486,122.0
P00140,leg1-descent,3850.7364805598827,3859.642141570625,直连,,119.78436490661834,122.0
P00009,leg2-cruise,3853.0855992503148,3858.0507674820465,中继,RU-002,126.63370003631033,122.0
P00030,leg2-descent,3853.231498957188,3863.0398722482037,直连,,82.93861204965941,122.0
P00009,leg2-cruise,3858.0507674820465,3863.015935713778,中继,RU-002,126.53732400974005,122.0
P00137,leg1-cruise,3858.1907276838538,3868.1035691220914,直连,,92.82016375330366,122.0
P00118,leg3-descent,3859.4040068400827,3869.1651883837917,直连,,90.55485210797958,122.0
P00140,leg1-descent,3859.642141570625,3868.5478025813673,直连,,119.78224293556472,122.0
P00014,S009-handoff,3860.254342933632,3869.9092324656476,中继,RU-002,125.20711279830486,122.0
P00009,leg2-cruise,3863.015935713778,3867.9811039455103,中继,RU-002,126.43986815434874,122.0
P00030,leg2-descent,3863.0398722482037,3872.8482455392195,直连,,81.25798921101305,122.0
P00009,leg2-cruise,3867.9811039455103,3877.9114404089737,中继,RU-002,126.29160601045426,122.0
P00137,leg1-cruise,3868.1035691220914,3878.016410560329,直连,,94.85804408965676,122.0
P00140,leg1-descent,3868.5478025813673,3877.453463592109,直连,,119.78057850625036,122.0
P00118,leg3-descent,3869.1651883837917,3878.926369927501,直连,,90.03331091056975,122.0
P00014,S009-handoff,3869.9092324656476,3879.564121997663,中继,RU-002,125.20711279830486,122.0
P00030,leg2-descent,3872.8482455392195,3882.656618830235,直连,,79.17223031957153,122.0
P00140,leg1-descent,3877.453463592109,3886.3591246028514,直连,,119.77937214525187,122.0
P00009,leg2-cruise,3877.9114404089737,3882.876608640706,中继,RU-002,126.14077302808863,122.0
P00137,leg1-cruise,3878.016410560329,3887.929251998567,直连,,96.52575361010292,122.0
P00118,leg3-descent,3878.926369927501,3888.68755147121,直连,,89.47844216281172,122.0
P00014,S009-handoff,3879.564121997663,3889.2190115296785,中继,RU-002,125.20711279830486,122.0
P00030,leg2-descent,3882.656618830235,3892.4649921212504,直连,,76.42181341719171,122.0
P00009,leg2-cruise,3882.876608640706,3887.8417768724375,中继,RU-002,126.03874492483621,122.0
P00140,S001-handoff,3886.3591246028514,3894.8815137006686,直连,,119.77894086539243,122.0
P00009,leg2-cruise,3887.8417768724375,3892.8069451041692,中继,RU-002,125.93550603765775,122.0
P00137,leg1-cruise,3887.929251998567,3897.8420934368046,直连,,97.932860803943,122.0
P00118,leg3-descent,3888.68755147121,3898.448733014919,直连,,88.88569393680415,122.0
P00014,S009-handoff,3889.2190115296785,3898.8739010616937,中继,RU-002,125.20711279830486,122.0
P00030,leg2-descent,3892.4649921212504,3902.2733654122662,直连,,72.37371652610497,122.0
P00009,leg2-cruise,3892.8069451041692,3897.772113335901,中继,RU-002,125.83102733200708,122.0
P00140,S001-handoff,3894.8815137006686,3903.403902798486,直连,,119.77894086539243,122.0
P00009,leg2-cruise,3897.772113335901,3902.7372815676326,中继,RU-002,125.72527871808138,122.0
P00137,leg1-cruise,3897.8420934368046,3907.754934875042,直连,,99.14804158803935,122.0
P00118,leg3-descent,3898.448733014919,3908.209914558628,直连,,88.24951294010674,122.0
P00014,S009-handoff,3898.8739010616937,3908.5287905937093,中继,RU-002,125.20711279830486,122.0
P00030,leg2-descent,3902.2733654122662,3912.081738703282,直连,,64.55078853857813,122.0
P00009,leg2-cruise,3902.7372815676326,3907.702449799365,中继,RU-002,125.61822899915077,122.0
P00140,S001-handoff,3903.403902798486,3911.926291896303,直连,,119.77894086539243,122.0
P00009,leg2-cruise,3907.702449799365,3912.6676180310965,中继,RU-002,125.50984581668465,122.0
P00137,leg1-cruise,3907.754934875042,3917.66777631328,直连,,100.21652953924306,122.0
P00118,leg3-descent,3908.209914558628,3917.9710961023375,直连,,87.56302739267625,122.0
P00014,S009-handoff,3908.5287905937093,3918.1836801257245,中继,RU-002,125.20711279830486,122.0
P00140,S001-handoff,3911.926291896303,3920.448680994121,直连,,119.77894086539243,122.0
P00030,leg2-descent,3912.081738703282,3921.8901119942975,直连,,57.828520394417566,122.0
P00009,leg2-cruise,3912.6676180310965,3922.5979544945603,中继,RU-002,125.4000955920487,122.0
P00137,leg1-cruise,3917.66777631328,3927.580617751518,直连,,101.16948585606535,122.0
P00118,leg3-descent,3917.9710961023375,3927.7322776460464,直连,,86.81759348918811,122.0
P00014,S009-handoff,3918.1836801257245,3927.83856965774,中继,RU-002,125.20711279830486,122.0
P00140,S001-handoff,3920.448680994121,3928.971070091938,直连,,119.77894086539243,122.0
P00009,leg2-cruise,3922.5979544945603,3932.5282909580237,中继,RU-002,125.17635322520145,122.0
P00137,leg1-cruise,3927.580617751518,3937.4934591897554,直连,,102.02920740646324,122.0
P00118,leg3-descent,3927.7322776460464,3937.4934591897554,直连,,86.00212834546511,122.0
P00014,S009-handoff,3927.83856965774,3937.4934591897554,中继,RU-002,125.20711279830486,122.0
P00140,S001-handoff,3928.971070091938,3937.4934591897554,直连,,119.77894086539243,122.0
P00009,leg2-cruise,3932.5282909580237,3942.358892812096,直连,,114.94670640926209,122.0
P00014,S009-handoff,3937.4934591897554,3947.033995530072,中继,RU-002,125.20711279830486,122.0
P00118,leg3-descent,3937.4934591897554,3946.97400042894,直连,,85.11571781542214,122.0
P00137,leg1-cruise,3937.4934591897554,3947.242993947764,直连,,102.80599058630158,122.0
P00140,S001-handoff,3937.4934591897554,3947.4062026830707,直连,,119.77894086539243,122.0
P00009,leg2-cruise,3942.358892812096,3947.224326434437,直连,,114.71443698616581,122.0
P00118,leg3-descent,3946.97400042894,3956.454541668125,直连,,84.14369428742842,122.0
P00014,S009-handoff,3947.033995530072,3956.5745318703885,中继,RU-002,125.20711279830486,122.0
P00009,leg2-cruise,3947.224326434437,3952.089760056778,直连,,114.59654423492904,122.0
P00137,leg1-cruise,3947.242993947764,3956.992528705772,直连,,103.5137754861119,122.0
P00140,S001-handoff,3947.4062026830707,3957.3189461763855,直连,,119.77894086539243,122.0
P00009,leg2-cruise,3952.089760056778,3956.955193679119,直连,,114.47703292374814,122.0
P00118,leg3-descent,3956.454541668125,3965.9350829073096,直连,,83.04902397166117,122.0
P00014,S009-handoff,3956.5745318703885,3966.1150682107054,中继,RU-002,125.20711279830486,122.0
P00009,leg2-cruise,3956.955193679119,3966.6860609238006,直连,,114.29463229735426,122.0
P00137,leg1-cruise,3956.992528705772,3966.742063463781,直连,,104.1685593151906,122.0
P00140,S001-handoff,3957.3189461763855,3967.2316896697007,直连,,119.77894086539243,122.0
P00118,leg3-descent,3965.9350829073096,3975.4156241464943,直连,,81.79622599667576,122.0
P00014,S009-handoff,3966.1150682107054,3975.655604551022,中继,RU-002,125.20711279830486,122.0
P00009,leg2-cruise,3966.6860609238006,3971.551494546142,直连,,114.10832847331312,122.0
P00137,leg1-cruise,3966.742063463781,3976.4915982217894,直连,,114.77768637928668,122.0
P00140,S001-handoff,3967.2316896697007,3977.1444331630155,直连,,119.77894086539243,122.0
P00009,leg2-cruise,3971.551494546142,3976.4169281684826,直连,,113.98187385165235,122.0
P00118,leg3-descent,3975.4156241464943,3984.896165385679,直连,,80.33177670040239,122.0
P00014,S009-handoff,3975.655604551022,3985.1961408913385,中继,RU-002,125.20711279830486,122.0
P00009,leg2-cruise,3976.4169281684826,3981.2823617908234,直连,,113.85355581633112,122.0
P00137,leg1-cruise,3976.4915982217894,3986.241132979798,直连,,115.34708042927306,122.0
P00140,S001-handoff,3977.1444331630155,3987.0571766563307,直连,,119.77894086539243,122.0
P00009,leg2-cruise,3981.2823617908234,3986.147795413164,直连,,113.7233187767699,122.0
P00118,leg3-descent,3984.896165385679,3994.3767066248643,直连,,78.56932893199067,122.0
P00014,S009-handoff,3985.1961408913385,3994.7366772316554,中继,RU-002,125.20711279830486,122.0
P00009,leg2-cruise,3986.147795413164,3991.013229035505,直连,,113.5911046241298,122.0
P00137,leg1-cruise,3986.241132979798,3995.9906677378062,直连,,115.88158725681615,122.0
P00140,S001-handoff,3987.0571766563307,3996.969920149646,直连,,119.77894086539243,122.0
P00009,leg2-cruise,3991.013229035505,3995.8786626578462,直连,,113.45685257733118,122.0
P00118,leg3-descent,3994.3767066248643,4003.857247864049,直连,,76.35579607011294,122.0
P00014,S009-handoff,3994.7366772316554,4004.277213571972,中继,RU-002,125.20711279830486,122.0
P00009,leg2-cruise,3995.8786626578462,4000.744096280187,直连,,113.32049901715337,122.0
P00137,leg1-cruise,3995.9906677378062,4005.7402024958146,直连,,116.38522029904937,122.0
P00140,S001-handoff,3996.969920149646,4006.882663642961,直连,,119.77894086539243,122.0
P00009,leg2-cruise,4000.744096280187,4005.609529902528,直连,,113.1819773073032,122.0
P00118,leg3-descent,4003.857247864049,4013.3377891032337,直连,,73.37780318727175,122.0
P00014,S009-handoff,4004.277213571972,4013.8177499122885,中继,RU-002,125.20711279830486,122.0
P00009,leg2-cruise,4005.609529902528,4010.474963524869,直连,,113.04121760119985,122.0
P00137,leg1-cruise,4005.7402024958146,4015.4897372538235,直连,,116.86134031083427,122.0
P00140,S001-handoff,4006.882663642961,4016.795407136276,直连,,119.77894086539243,122.0
P00009,leg2-cruise,4010.474963524869,4015.34039714721,直连,,112.89814663309949,122.0
P00118,leg3-descent,4013.3377891032337,4022.8183303424184,直连,,68.81009392123937,122.0
P00014,S009-handoff,4013.8177499122885,4023.358286252605,中继,RU-002,125.20711279830486,122.0
P00009,leg2-cruise,4015.34039714721,4020.2058307695506,直连,,112.75268749200782,122.0
P00137,leg1-cruise,4015.4897372538235,4025.239272011832,直连,,117.31278919054732,122.0
P00140,S001-handoff,4016.795407136276,4026.7081506295913,直连,,119.77894086539243,122.0
P00009,leg2-cruise,4020.2058307695506,4025.0712643918914,直连,,112.60475937666642,122.0
P00118,leg3-descent,4022.8183303424184,4032.298871581603,直连,,58.58274462871378,122.0
P00014,S009-handoff,4023.358286252605,4032.8988225929215,中继,RU-002,125.20711279830486,122.0
P00009,leg2-cruise,4025.0712643918914,4034.802131636573,直连,,112.37805082559858,122.0
P00137,leg1-cruise,4025.239272011832,4034.9888067698403,直连,,117.7419912743899,122.0
P00140,S001-handoff,4026.7081506295913,4036.620894122906,直连,,119.77894086539243,122.0
P00118,leg3-descent,4032.298871581603,4041.779412820788,直连,,60.49409274230058,122.0
P00014,S009-handoff,4032.8988225929215,4042.4393589332385,中继,RU-002,125.20711279830486,122.0
P00009,leg2-cruise,4034.802131636573,4039.667565258914,直连,,112.14528907168855,122.0
P00137,leg1-cruise,4034.9888067698403,4044.7383415278487,直连,,118.15103112382549,122.0
P00140,S001-handoff,4036.620894122906,4046.5336376162213,直连,,119.77894086539243,122.0
P00009,leg2-cruise,4039.667565258914,4044.532998881255,直连,,111.98658943527089,122.0
P00014,S009-handoff,4042.4393589332385,4051.979895273555,中继,RU-002,125.20711279830486,122.0
P00009,leg2-cruise,4044.532998881255,4049.398432503596,直连,,111.82494830015125,122.0
P00137,leg1-cruise,4044.7383415278487,4054.487876285857,直连,,118.54171404633048,122.0
P00140,S001-handoff,4046.5336376162213,4056.446381109536,直连,,119.77894086539243,122.0
P00009,leg2-cruise,4049.398432503596,4054.2638661259366,直连,,111.66025504313008,122.0
P00014,leg2-climb,4051.979895273555,4059.0053299795013,中继,RU-002,125.20735749522541,122.0
P00009,leg2-cruise,4054.2638661259366,4059.129299748278,直连,,111.49239270997622,122.0
P00137,leg1-cruise,4054.487876285857,4064.237411043866,直连,,118.91561374341244,122.0
P00140,S001-handoff,4056.446381109536,4066.3591246028514,直连,,119.77894086539243,122.0
P00014,leg2-climb,4059.0053299795013,4066.030764685447,中继,RU-002,125.20793517560105,122.0
P00009,leg2-cruise,4059.129299748278,4068.8601669929594,直连,,111.3212375253403,122.0
P00137,leg1-cruise,4064.237411043866,4073.9869458018743,直连,,119.27411023099226,122.0
P00014,leg2-climb,4066.030764685447,4073.0561993913934,中继,RU-002,125.20863053121289,122.0
P00140,leg2-climb,4066.3591246028514,4076.254303503676,直连,,119.77954137711585,122.0
P00009,leg2-cruise,4068.8601669929594,4073.7256006153,直连,,110.96851611162903,122.0
P00014,leg2-cruise,4073.0561993913934,4077.9473792146537,中继,RU-002,125.15320232520963,122.0
P00009,leg2-cruise,4073.7256006153,4078.591034237641,直连,,110.78666310672057,122.0
P00137,leg1-cruise,4073.9869458018743,4083.7364805598827,直连,,119.61842031758545,122.0
P00140,leg2-climb,4076.254303503676,4086.1494824045008,直连,,119.78135349189522,122.0
P00014,leg2-cruise,4077.9473792146537,4082.8385590379144,中继,RU-002,125.04047514382842,122.0
P00009,leg2-cruise,4078.591034237641,4083.4564678599822,直连,,110.60094232587598,122.0
P00014,leg2-cruise,4082.8385590379144,4087.7297388611746,中继,RU-002,124.92626662982772,122.0
P00009,leg2-cruise,4083.4564678599822,4088.321901482323,直连,,110.41118663411561,122.0
P00137,leg1-descent,4083.7364805598827,4092.642141570625,直连,,119.78436490661834,122.0
P00140,leg2-climb,4086.1494824045008,4096.0446613053255,直连,,119.78397949772656,122.0
P00014,leg2-cruise,4087.7297388611746,4092.620918684435,中继,RU-002,124.81053736107583,122.0
P00009,leg2-cruise,4088.321901482323,4093.187335104664,直连,,110.21721789219343,122.0
P00014,leg2-cruise,4092.620918684435,4097.512098507696,中继,RU-002,124.69324632165586,122.0
P00137,leg1-descent,4092.642141570625,4101.547802581367,直连,,119.78224293556472,122.0
P00009,leg2-cruise,4093.187335104664,4098.052768727005,直连,,110.01884597552969,122.0
P00140,leg2-cruise,4096.0446613053255,4105.515771622674,直连,,119.62323933658341,122.0
P00014,leg2-cruise,4097.512098507696,4102.403278330956,中继,RU-002,124.57435081484768,122.0
P00009,leg2-cruise,4098.052768727005,4102.918202349346,直连,,109.81586768215088,122.0
P00137,leg1-descent,4101.547802581367,4110.45346359211,直连,,119.78057850625036,122.0
P00014,leg2-cruise,4102.403278330956,4107.294458154216,中继,RU-002,124.45380637008202,122.0
P00009,leg2-cruise,4102.918202349346,4107.783635971687,直连,,109.60806551436387,122.0
P00140,leg2-cruise,4105.515771622674,4114.9868819400235,直连,,119.28914199213953,122.0
P00014,leg2-cruise,4107.294458154216,4112.185637977476,中继,RU-002,124.33156664338517,122.0
P00009,leg2-cruise,4107.783635971687,4112.649069594027,直连,,109.3952063163744,122.0
P00137,leg1-descent,4110.45346359211,4119.359124602852,直连,,119.77937214525187,122.0
P00014,leg2-cruise,4112.185637977476,4117.0768178007365,中继,RU-002,124.20758331073095,122.0
P00009,leg2-cruise,4112.649069594027,4117.514503216368,直连,,109.17703974709987,122.0
P00140,leg2-cruise,4114.9868819400235,4124.457992257372,直连,,118.94170366737487,122.0
P00014,leg2-cruise,4117.0768178007365,4121.967997623998,中继,RU-002,124.08180595371152,122.0
P00009,leg2-cruise,4117.514503216368,4122.379936838709,直连,,108.95329656395204,122.0
P00137,S001-handoff,4119.359124602852,4128.344430179886,直连,,119.77894086539243,122.0
P00014,leg2-cruise,4121.967997623998,4126.859177447258,中继,RU-002,123.95418193683868,122.0
P00009,leg2-cruise,4122.379936838709,4127.24537046105,直连,,108.72368668906527,122.0
P00140,leg2-cruise,4124.457992257372,4133.929102574721,直连,,118.57981682732901,122.0
P00014,leg2-cruise,4126.859177447258,4131.750357270518,中继,RU-002,123.82465627572984,122.0
P00009,leg2-cruise,4127.24537046105,4132.110804083391,直连,,108.48789702441357,122.0
P00137,S001-handoff,4128.344430179886,4137.329735756921,直连,,119.77894086539243,122.0
P00014,leg2-cruise,4131.750357270518,4136.641537093778,中继,RU-002,123.69317149536668,122.0
P00009,leg2-cruise,4132.110804083391,4136.976237705732,直连,,108.24558897617764,122.0
P00140,leg2-cruise,4133.929102574721,4143.40021289207,直连,,118.20223036292757,122.0
P00014,leg2-cruise,4136.641537093778,4141.532716917039,中继,RU-002,123.55966747750654,122.0
P00009,leg2-cruise,4136.976237705732,4141.841671328073,直连,,107.99639564124955,122.0
P00137,S001-handoff,4137.329735756921,4146.315041333955,直连,,119.77894086539243,122.0
P00014,leg2-cruise,4141.532716917039,4146.423896740299,中继,RU-002,123.42408129623246,122.0
P00009,leg2-cruise,4141.841671328073,4146.707104950414,直连,,107.7399185998237,122.0
P00140,leg2-cruise,4143.40021289207,4152.871323209419,直连,,117.8075237174336,122.0
P00137,S001-handoff,4146.315041333955,4155.30034691099,直连,,119.77894086539243,122.0
P00014,leg2-cruise,4146.423896740299,4151.315076563559,中继,RU-002,123.28634704053479,122.0
P00009,leg2-cruise,4146.707104950414,4151.572538572755,直连,,107.4757242470726,122.0
P00014,leg2-cruise,4151.315076563559,4156.20625638682,中继,RU-002,123.14639562265594,122.0
P00009,leg2-cruise,4151.572538572755,4156.437972195095,直连,,107.20333958340657,122.0
P00140,leg2-cruise,4152.871323209419,4162.342433526768,直连,,117.39407492631035,122.0
P00137,S001-handoff,4155.30034691099,4164.285652488025,直连,,119.77894086539243,122.0
P00014,leg2-cruise,4156.20625638682,4161.097436210081,中继,RU-002,123.00415457083115,122.0
P00009,leg2-cruise,4156.437972195095,4161.303405817436,直连,,106.92224736636466,122.0
P00014,leg2-cruise,4161.097436210081,4165.988616033341,中继,RU-002,122.85954780486459,122.0
P00009,leg2-cruise,4161.303405817436,4166.168839439777,直连,,106.63188050678036,122.0
P00140,leg2-cruise,4162.342433526768,4171.813543844117,直连,,116.96002077308057,122.0
P00137,S001-handoff,4164.285652488025,4173.27095806506,直连,,119.77894086539243,122.0
P00014,leg2-cruise,4165.988616033341,4170.879795856601,中继,RU-002,122.71249539279307,122.0
P00009,leg2-cruise,4166.168839439777,4171.034273062118,直连,,106.33161556648774,122.0
P00014,leg2-cruise,4170.879795856601,4175.770975679861,中继,RU-002,122.56291328673377,122.0
P00009,leg2-cruise,4171.034273062118,4180.7651403068,直连,,105.86113602098747,122.0
P00140,leg2-cruise,4171.813543844117,4181.284654161465,直连,,116.50320661486072,122.0
P00137,S001-handoff,4173.27095806506,4182.256263642094,直连,,119.77894086539243,122.0
P00014,leg2-cruise,4175.770975679861,4190.444515149643,中继,RU-002,122.41071303569954,122.0
P00009,leg2-cruise,4180.7651403068,4185.630573929141,直连,,105.36418430753213,122.0
P00140,leg2-cruise,4181.284654161465,4190.755764478815,直连,,116.02112250108233,122.0
P00137,S001-handoff,4182.256263642094,4191.241569219129,直连,,119.77894086539243,122.0
P00009,leg2-cruise,4185.630573929141,4190.496007551482,直连,,105.01667165309118,122.0
P00014,leg2-cruise,4190.444515149643,4195.335694972903,中继,RU-002,121.93744609050815,122.0
P00009,leg2-cruise,4190.496007551482,4195.361441173823,直连,,104.65498238830943,122.0
P00140,leg2-cruise,4190.755764478815,4200.226874796163,直连,,115.5108208534821,122.0
P00137,S001-handoff,4191.241569219129,4200.226874796163,直连,,119.77894086539243,122.0
P00014,leg2-cruise,4195.335694972903,4200.226874796163,直连,,121.77378913094003,122.0
P00009,leg2-cruise,4195.361441173823,4204.985467229879,直连,,104.27794027470223,122.0
P00014,leg2-cruise,4200.226874796163,4205.118054619424,直连,,121.60699372721658,122.0
P00137,S001-handoff,4200.226874796163,4210.140099776832,直连,,119.77894086539243,122.0
P00140,leg2-cruise,4200.226874796163,4209.670753777407,直连,,114.96961282514273,122.0
P00009,leg2-cruise,4204.985467229879,4209.744059663594,直连,,103.48620093220164,122.0
P00014,leg2-cruise,4205.118054619424,4210.009234442684,直连,,121.43693733931505,122.0
P00140,leg2-cruise,4209.670753777407,4219.114632758651,直连,,114.39348282227179,122.0
P00009,leg2-cruise,4209.744059663594,4214.50265209731,直连,,103.06480821292901,122.0
P00014,leg2-cruise,4210.009234442684,4214.900414265945,直连,,121.26349011889212,122.0
P00137,S001-handoff,4210.140099776832,4220.053324757501,直连,,119.77894086539243,122.0
P00009,leg2-cruise,4214.50265209731,4219.261244531026,直连,,102.62265716901044,122.0
P00014,leg2-cruise,4214.900414265945,4219.791594089205,直连,,121.086514317323,122.0
P00140,leg2-cruise,4219.114632758651,4228.558511739896,直连,,103.7766620096366,122.0
P00009,leg2-cruise,4219.261244531026,4228.778429398457,直连,,101.9159171153772,122.0
P00014,leg2-cruise,4219.791594089205,4224.682773912466,直连,,120.90586363264774,122.0
P00137,S001-handoff,4220.053324757501,4229.96654973817,直连,,119.77894086539243,122.0
P00014,leg2-cruise,4224.682773912466,4229.573953735726,直连,,120.72138248776409,122.0
P00140,leg2-cruise,4228.558511739896,4238.00239072114,直连,,103.11300864889458,122.0
P00009,leg2-cruise,4228.778429398457,4233.537021832173,直连,,101.14945538538058,122.0
P00014,leg2-cruise,4229.573953735726,4234.465133558986,直连,,120.53290523096342,122.0
P00137,S001-handoff,4229.96654973817,4239.879774718839,直连,,119.77894086539243,122.0
P00009,leg2-cruise,4233.537021832173,4238.295614265889,直连,,100.60030413142334,122.0
P00014,leg2-cruise,4234.465133558986,4239.356313382246,直连,,120.34025524862679,122.0
P00140,leg2-cruise,4238.00239072114,4247.446269702384,直连,,102.39488967616225,122.0
P00009,leg2-cruise,4238.295614265889,4243.054206699604,直连,,100.01639677889439,122.0
P00014,leg2-cruise,4239.356313382246,4244.2474932055065,直连,,120.14324397823023,122.0
P00137,S001-handoff,4239.879774718839,4249.792999699508,直连,,119.77894086539243,122.0
P00009,leg2-cruise,4243.054206699604,4247.8127991333195,直连,,99.39344095638077,122.0
P00014,leg2-cruise,4244.2474932055065,4249.138673028768,直连,,119.94166980796439,122.0
P00140,leg2-cruise,4247.446269702384,4256.890148683628,直连,,101.61266096223217,122.0
P00009,leg2-cruise,4247.8127991333195,4252.571391567035,直连,,98.72641997269642,122.0
P00014,leg2-cruise,4249.138673028768,4254.029852852028,直连,,119.73531684700113,122.0
P00137,S001-handoff,4249.792999699508,4259.706224680176,直连,,119.77894086539243,122.0
P00009,leg2-cruise,4252.571391567035,4257.329984000751,直连,,98.00948006530128,122.0
P00014,leg2-cruise,4254.029852852028,4258.921032675288,直连,,119.52395354775173,122.0
P00140,leg2-cruise,4256.890148683628,4266.334027664871,直连,,100.75390304889083,122.0
P00009,leg2-cruise,4257.329984000751,4266.847168868182,直连,,96.82538547966749,122.0
P00014,leg2-cruise,4258.921032675288,4263.812212498548,直连,,119.30733115829038,122.0
P00137,S001-handoff,4259.706224680176,4269.619449660845,直连,,119.77894086539243,122.0
P00014,leg2-cruise,4263.812212498548,4268.703392321809,直连,,119.08518197925402,122.0
P00140,leg2-cruise,4266.334027664871,4275.777906646115,直连,,99.80226299109448,122.0
P00009,leg2-cruise,4266.847168868182,4271.605761301898,直连,,95.48697947805451,122.0
P00014,leg2-cruise,4268.703392321809,4278.485751968329,直连,,118.74095787097,122.0
P00137,S001-handoff,4269.619449660845,4279.532674641514,直连,,119.77894086539243,122.0
P00009,leg2-cruise,4271.605761301898,4276.364353735614,直连,,94.49517723920117,122.0
P00140,leg2-cruise,4275.777906646115,4285.22178562736,直连,,98.73563798390069,122.0
P00009,leg2-cruise,4276.364353735614,4281.122946169329,直连,,93.41667373255281,122.0
P00014,leg2-cruise,4278.485751968329,4283.37693179159,直连,,118.38256927582623,122.0
P00137,S001-handoff,4279.532674641514,4289.445899622183,直连,,119.77894086539243,122.0
P00041,leg1-climb,4281.0,4290.6467586263025,直连,,54.90851079815346,122.0
P00009,leg2-cruise,4281.122946169329,4285.881538603045,直连,,92.25381407101332,122.0
P00014,leg2-cruise,4283.37693179159,4288.268111614851,直连,,118.13518227680555,122.0
P00140,leg2-cruise,4285.22178562736,4294.665664608604,直连,,97.52321373697669,122.0
P00009,leg2-cruise,4285.881538603045,4290.64013103676,直连,,91.02968692338686,122.0
P00014,leg2-cruise,4288.268111614851,4293.159291438111,直连,,117.88056674461147,122.0
P00137,S001-handoff,4289.445899622183,4299.359124602852,直连,,119.77894086539243,122.0
P00009,leg2-cruise,4290.64013103676,4295.398723470476,直连,,89.81375282117274,122.0
P00041,leg1-climb,4290.6467586263025,4300.293517252604,直连,,67.44240664720115,122.0
P00014,leg2-cruise,4293.159291438111,4298.050471261371,直连,,117.61828909788396,122.0
P00140,leg2-cruise,4294.665664608604,4304.109543589848,直连,,96.12042479028995,122.0
P00009,leg2-cruise,4295.398723470476,4304.915908337907,直连,,88.37067335719055,122.0
P00014,leg2-cruise,4298.050471261371,4302.941651084631,直连,,117.34787569431475,122.0
P00137,leg2-climb,4299.359124602852,4309.254303503676,直连,,119.77954137711585,122.0
P00041,leg1-climb,4300.293517252604,4309.9402758789065,直连,,74.43267298805122,122.0
P00014,leg2-cruise,4302.941651084631,4307.832830907892,直连,,117.06880776011612,122.0
P00140,leg2-cruise,4304.109543589848,4313.553422571092,直连,,94.46001049250718,122.0
P00009,leg2-descent,4304.915908337907,4314.578021418613,直连,,87.6901334242878,122.0
P00014,leg2-cruise,4307.832830907892,4312.724010731152,直连,,116.78051549497086,122.0
P00137,leg2-climb,4309.254303503676,4319.149482404501,直连,,119.78135349189522,122.0
P00041,leg1-climb,4309.9402758789065,4319.587034505208,直连,,78.25507047712536,122.0
P00014,leg2-cruise,4312.724010731152,4317.615190554413,直连,,116.48237118698401,122.0
P00140,leg2-cruise,4313.553422571092,4322.997301552336,直连,,92.43579634108922,122.0
P00009,leg2-descent,4314.578021418613,4324.240134499319,直连,,86.9637707543838,122.0
P00014,leg2-cruise,4317.615190554413,4322.506370377673,直连,,116.17368113241078,122.0
P00137,leg2-climb,4319.149482404501,4329.0446613053255,直连,,119.78397949772656,122.0
P00041,leg1-climb,4319.587034505208,4329.2337931315105,直连,,80.9003188059744,122.0
P00014,leg2-cruise,4322.506370377673,4327.397550200933,直连,,115.85367610379032,122.0
P00140,leg2-cruise,4322.997301552336,4332.44118053358,直连,,89.87624778689697,122.0
P00009,leg2-descent,4324.240134499319,4333.902247580025,直连,,86.1710763771998,122.0
P00014,leg2-cruise,4327.397550200933,4332.288730024194,直连,,105.5215000441026,122.0
P00137,leg2-cruise,4329.0446613053255,4338.863287351123,直连,,119.61722406001047,122.0
P00041,leg1-climb,4329.2337931315105,4338.880551757813,直连,,82.92523207845943,122.0
P00014,leg2-cruise,4332.288730024194,4337.179909847454,直连,,105.17619657847864,122.0
P00140,leg2-cruise,4332.44118053358,4341.885059514824,直连,,86.54871135349099,122.0
P00009,leg2-descent,4333.902247580025,4343.564360660731,直连,,85.29870669478295,122.0
P00014,leg2-cruise,4337.179909847454,4342.071089670715,直连,,104.81669282188803,122.0
P00137,leg2-cruise,4338.863287351123,4348.681913396921,直连,,119.27037606062905,122.0
P00041,leg1-climb,4338.880551757813,4348.527310384115,直连,,84.56618844836736,122.0
P00140,leg2-cruise,4341.885059514824,4351.328938496068,直连,,82.82460817203693,122.0
P00014,leg2-cruise,4342.071089670715,4346.962269493975,直连,,104.44177981123944,122.0
P00009,leg2-descent,4343.564360660731,4353.226473741437,直连,,84.3288367982604,122.0
P00014,leg2-cruise,4346.962269493975,4351.853449317236,直连,,104.05008868955355,122.0
P00041,leg1-climb,4348.527310384115,4358.174069010417,直连,,85.9458448225713,122.0
P00137,leg2-cruise,4348.681913396921,4358.500539442719,直连,,118.90912737422013,122.0
P00026,leg1-climb,4351.0,4360.86887234158,直连,,54.368763530139454,122.0
P00140,leg2-descent,4351.328938496068,4361.019379169897,直连,,81.13449505143431,122.0
P00014,leg2-cruise,4351.853449317236,4356.744629140496,直连,,103.6400614983101,122.0
P00009,leg2-descent,4353.226473741437,4362.888586822142,直连,,83.23689787400157,122.0
P00014,leg2-cruise,4356.744629140496,4361.635808963756,直连,,103.20991506307624,122.0
P00041,leg1-climb,4358.174069010417,4367.820827636719,直连,,87.1360994053847,122.0
P00137,leg2-cruise,4358.500539442719,4368.319165488517,直连,,118.53223292042574,122.0
P00026,leg1-climb,4360.86887234158,4370.73774468316,直连,,67.80555392616309,122.0
P00140,leg2-descent,4361.019379169897,4370.709819843724,直连,,79.04372855980807,122.0
P00014,leg2-cruise,4361.635808963756,4366.526988787016,直连,,102.75759594485905,122.0
P00009,leg2-descent,4362.888586822142,4372.5506999028485,直连,,81.98767756376421,122.0
P00014,leg2-cruise,4366.526988787016,4371.418168610277,直连,,102.28072371287145,122.0
P00041,leg1-climb,4367.820827636719,4377.467586263021,直连,,88.18273304997624,122.0
P00137,leg2-cruise,4368.319165488517,4378.137791534315,直连,,118.13827922218648,122.0
P00140,leg2-descent,4370.709819843724,4380.400260517552,直连,,76.2845662056308,122.0
P00026,leg1-climb,4370.73774468316,4380.6066170247395,直连,,74.70476049110368,122.0
P00014,leg2-cruise,4371.418168610277,4376.309348433538,直连,,101.77651878039151,122.0
P00009,leg2-descent,4372.5506999028485,4382.212812983555,直连,,80.52811760849042,122.0
P00014,leg2-cruise,4376.309348433538,4381.200528256798,直连,,101.24170959282945,122.0
P00041,leg1-climb,4377.467586263021,4387.114344889324,直连,,89.11670342352008,122.0
P00137,leg2-cruise,4378.137791534315,4387.956417580112,直连,,117.72565268316322,122.0
P00140,leg2-descent,4380.400260517552,4390.0907011913805,直连,,72.21730887279045,122.0
P00026,leg1-climb,4380.6066170247395,4390.475489366319,直连,,78.50075628916748,122.0
P00014,leg2-cruise,4381.200528256798,4386.091708080058,直连,,100.67241185085949,122.0
P00009,leg2-descent,4382.212812983555,4391.87492606426,直连,,78.77275412196917,122.0
P00014,leg2-cruise,4386.091708080058,4390.982887903318,直连,,100.06396936165515,122.0
P00041,leg1-climb,4387.114344889324,4396.761103515625,直连,,89.95992549374427,122.0
P00137,leg2-cruise,4387.956417580112,4397.77504362591,直连,,117.29250004795173,122.0
P00140,leg2-descent,4390.0907011913805,4399.781141865209,直连,,64.31881537331876,122.0
P00026,leg1-climb,4390.475489366319,4400.344361707899,直连,,81.13343784432796,122.0
P00014,leg2-cruise,4390.982887903318,4395.874067726579,直连,,99.41074153392165,122.0
P00009,leg2-descent,4391.87492606426,4401.537039144966,直连,,76.57040631483413,122.0
P00014,leg2-cruise,4395.874067726579,4400.765247549839,直连,,98.70581571129202,122.0
P00041,leg1-climb,4396.761103515625,4406.407862141928,直连,,90.72848294502944,122.0
P00137,leg2-cruise,4397.77504362591,4407.593669671708,直连,,116.83667862143926,122.0
P00140,leg2-descent,4399.781141865209,4409.471582539037,直连,,57.992405658374466,122.0
P00026,leg1-climb,4400.344361707899,4410.213234049479,直连,,83.15100236420909,122.0
P00014,leg2-cruise,4400.765247549839,4405.656427373099,直连,,97.94061240182258,122.0
P00009,leg2-descent,4401.537039144966,4411.199152225672,直连,,73.61271021863132,122.0
P00014,leg2-cruise,4405.656427373099,4410.54760719636,直连,,97.10433672163296,122.0
P00041,leg1-climb,4406.407862141928,4416.054620768229,直连,,91.43452950887679,122.0
P00137,leg2-cruise,4407.593669671708,4417.412295717506,直连,,116.35569290258537,122.0
P00026,leg1-climb,4410.213234049479,4420.082106391059,直连,,84.7871367650463,122.0
P00014,leg2-cruise,4410.54760719636,4415.438787019621,直连,,96.18320940795647,122.0
P00009,leg2-descent,4411.199152225672,4420.861265306378,直连,,69.09319569322636,122.0
P00014,leg2-cruise,4415.438787019621,4420.329966842881,直连,,95.15938958848105,122.0
P00041,leg1-climb,4416.054620768229,4425.701379394532,直连,,92.08747343883735,122.0
P00137,leg2-cruise,4417.412295717506,4427.230921763304,直连,,115.84661294571715,122.0
P00026,leg1-climb,4420.082106391059,4429.950978732639,直连,,86.16338592443435,122.0
P00014,leg2-cruise,4420.329966842881,4425.221146666141,直连,,94.00950371310928,122.0
P00009,leg2-descent,4420.861265306378,4430.5233783870835,直连,,59.125881025445565,122.0
P00014,leg2-cruise,4425.221146666141,4430.112326489401,直连,,92.70282914046328,122.0
P00041,leg1-cruise,4425.701379394532,4435.620881539839,直连,,92.48522926859455,122.0
P00137,leg2-cruise,4427.230921763304,4437.049547809102,直连,,115.30596777067473,122.0
P00026,leg1-climb,4429.950978732639,4439.819851074219,直连,,87.35110507193242,122.0
P00014,leg2-cruise,4430.112326489401,4435.003506312662,直连,,91.19989882662571,122.0
P00009,leg2-descent,4430.5233783870835,4440.18549146779,直连,,60.342860381007405,122.0
P00014,leg2-cruise,4435.003506312662,4439.894686135922,直连,,89.45550267548676,122.0
P00041,leg1-cruise,4435.620881539839,4440.580632612492,直连,,92.92384710329515,122.0
P00137,leg2-cruise,4437.049547809102,4446.868173854899,直连,,114.72960412724932,122.0
P00026,leg1-climb,4439.819851074219,4449.688723415798,直连,,88.39577842565208,122.0
P00014,leg2-cruise,4439.894686135922,4444.785865959183,直连,,87.4438721283953,122.0
P00041,leg1-cruise,4440.580632612492,4445.540383685146,直连,,93.37623903339852,122.0
P00014,leg2-cruise,4444.785865959183,4454.568225605703,直连,,84.29680039593663,122.0
P00041,leg1-cruise,4445.540383685146,4450.500134757799,直连,,93.91431993930081,122.0
P00137,leg2-cruise,4446.868173854899,4456.686799900697,直连,,104.11249625163042,122.0
P00026,leg1-climb,4449.688723415798,4459.557595757378,直连,,89.32818788745575,122.0
P00041,leg1-cruise,4450.500134757799,4455.459885830453,直连,,94.50488471394607,122.0
P00014,leg2-descent,4454.568225605703,4464.027020597333,直连,,82.57720499539775,122.0
P00041,leg1-cruise,4455.459885830453,4460.419636903106,直连,,95.1215587406097,122.0
P00137,leg2-cruise,4456.686799900697,4466.505425946494,直连,,103.44848484892461,122.0
P00026,leg1-climb,4459.557595757378,4469.426468098958,直连,,90.17013765759721,122.0
P00041,leg1-cruise,4460.419636903106,4465.3793879757595,直连,,95.745256981679,122.0
P00014,leg2-descent,4464.027020597333,4473.485815588962,直连,,80.88669118866858,122.0
P00041,leg1-cruise,4465.3793879757595,4475.2988901210665,直连,,96.66718528673658,122.0
P00137,leg2-cruise,4466.505425946494,4476.324051992292,直连,,102.72991147153638,122.0
P00026,leg1-climb,4469.426468098958,4479.295340440538,直连,,90.93763814825219,122.0
P00014,leg2-descent,4473.485815588962,4482.944610580592,直连,,78.7856500512816,122.0
P00041,leg1-cruise,4475.2988901210665,4485.2183922663735,直连,,97.83695049685417,122.0
P00137,leg2-cruise,4476.324051992292,4486.14267803809,直连,,101.94709420372484,122.0
P00026,leg1-climb,4479.295340440538,4489.164212782118,直连,,91.6427926864653,122.0
P00014,leg2-descent,4482.944610580592,4492.403405572221,直连,,76.00850023879948,122.0
P00041,leg1-cruise,4485.2183922663735,4495.1378944116805,直连,,98.92038897531604,122.0
P00137,leg2-cruise,4486.14267803809,4495.961304083888,直连,,101.08755538491656,122.0
P00026,leg1-climb,4489.164212782118,4499.033085123698,直连,,92.29497371367032,122.0
P00014,leg2-descent,4492.403405572221,4501.862200563851,直连,,71.90163970838591,122.0
P00041,leg1-cruise,4495.1378944116805,4505.057396556987,直连,,99.9157582317372,122.0
P00137,leg2-cruise,4495.961304083888,4505.779930129685,直连,,100.13484872048119,122.0
P00026,leg1-cruise,4499.033085123698,4508.802772241619,直连,,92.73133222463987,122.0
P00014,leg2-descent,4501.862200563851,4511.32099555548,直连,,63.8443012922359,122.0
P00041,leg1-cruise,4505.057396556987,4514.9768987022935,直连,,100.82920521804104,122.0
P00137,leg2-cruise,4505.779930129685,4515.598556175483,直连,,99.06671421641943,122.0
P00026,leg1-cruise,4508.802772241619,4513.68761580058,直连,,93.34657430518675,122.0
P00014,leg2-descent,4511.32099555548,4520.77979054711,直连,,58.30558030638234,122.0
P00026,leg1-cruise,4513.68761580058,4518.5724593595405,直连,,93.95716555321906,122.0
P00041,leg1-cruise,4514.9768987022935,4524.8964008476005,直连,,101.66921540206968,122.0
P00137,leg2-cruise,4515.598556175483,4525.417182221281,直连,,97.8520566432842,122.0
P00026,leg1-cruise,4518.5724593595405,4523.457302918501,直连,,94.65708860617521,122.0
P00044,leg1-climb,4522.0,4531.6467586263025,直连,,58.052332203533766,122.0
P00026,leg1-cruise,4523.457302918501,4528.342146477463,直连,,95.39814847281141,122.0
P00041,leg1-cruise,4524.8964008476005,4534.8159029929075,直连,,102.44436019217216,122.0
P00137,leg2-cruise,4525.417182221281,4535.235808267079,直连,,96.44576962711744,122.0
P00026,leg1-cruise,4528.342146477463,4533.226990036424,直连,,96.14720765164166,122.0
P00044,leg1-climb,4531.6467586263025,4541.293517252604,直连,,64.23129580096962,122.0
P00026,leg1-cruise,4533.226990036424,4538.111833595384,直连,,96.88375300275072,122.0
P00041,leg1-cruise,4534.8159029929075,4544.735405138214,直连,,103.16247256272176,122.0
P00137,leg2-cruise,4535.235808267079,4545.054434312877,直连,,94.77944721369933,122.0
P00026,leg1-cruise,4538.111833595384,4542.996677154345,直连,,97.5962328609226,122.0
P00044,leg1-climb,4541.293517252604,4550.9402758789065,直连,,72.15865338221036,122.0
P00026,leg1-cruise,4542.996677154345,4547.881520713306,直连,,98.27889654496427,122.0
P00041,leg1-cruise,4544.735405138214,4554.654907283521,直连,,103.83042064585096,122.0
P00137,leg2-cruise,4545.054434312877,4554.873060358675,直连,,92.74417043864779,122.0
P00026,leg1-cruise,4547.881520713306,4552.766364272266,直连,,98.92953413276403,122.0
P00044,leg1-climb,4550.9402758789065,4560.587034505208,直连,,76.23317457050274,122.0
P00026,leg1-cruise,4552.766364272266,4557.651207831227,直连,,99.54799874462358,122.0
P00041,leg1-cruise,4554.654907283521,4564.574409428828,直连,,104.45412005710794,122.0
P00137,leg2-cruise,4554.873060358675,4564.691686404472,直连,,90.16068595088801,122.0
P00026,leg1-cruise,4557.651207831227,4562.536051390189,直连,,100.13528634286146,122.0
P00044,leg1-climb,4560.587034505208,4570.2337931315105,直连,,78.99564504974266,122.0
P00026,leg1-cruise,4562.536051390189,4567.420894949149,直连,,100.69297956436034,122.0
P00041,leg1-cruise,4564.574409428828,4574.493911574135,直连,,105.03863143553008,122.0
P00137,leg2-cruise,4564.691686404472,4574.51031245027,直连,,86.77063365844988,122.0
P00026,leg1-cruise,4567.420894949149,4572.30573850811,直连,,101.22291911598093,122.0
P00044,leg1-climb,4570.2337931315105,4579.880551757812,直连,,81.0883036909768,122.0
P00026,leg1-cruise,4572.30573850811,4577.190582067071,直连,,101.7270141637742,122.0
P00041,leg1-cruise,4574.493911574135,4584.413413719442,直连,,105.58827893365336,122.0
P00137,leg2-cruise,4574.51031245027,4584.328938496068,直连,,82.88383902694989,122.0
P00026,leg1-cruise,4577.190582067071,4582.075425626032,直连,,102.20713647566014,122.0
P00044,leg1-climb,4579.880551757812,4589.527310384115,直连,,82.7733957321784,122.0
P00026,leg1-cruise,4582.075425626032,4586.960269184992,直连,,102.66506452879095,122.0
P00137,leg2-descent,4584.328938496068,4594.019379169897,直连,,81.13449505143431,122.0
P00041,leg1-cruise,4584.413413719442,4594.332915864749,直连,,106.10676411906434,122.0
P00026,leg1-cruise,4586.960269184992,4591.845112743953,直连,,103.10245710584462,122.0
P00044,leg1-climb,4589.527310384115,4599.174069010416,直连,,84.18408912653264,122.0
P00026,leg1-cruise,4591.845112743953,4596.729956302914,直连,,103.52084402825648,122.0
P00137,leg2-descent,4594.019379169897,4603.709819843724,直连,,79.04372855980807,122.0
P00041,leg1-cruise,4594.332915864749,4604.252418010056,直连,,106.59726645203658,122.0
P00026,leg1-cruise,4596.729956302914,4601.614799861874,直连,,103.92162659741722,122.0
P00044,leg1-climb,4599.174069010416,4608.820827636719,直连,,85.39735988929216,122.0
P00026,leg1-cruise,4601.614799861874,4606.499643420836,直连,,104.30608329261878,122.0
P00137,leg2-descent,4603.709819843724,4613.400260517552,直连,,76.2845662056308,122.0
P00041,leg1-cruise,4604.252418010056,4614.171920155363,直连,,107.06252853481158,122.0
P00026,leg1-cruise,4606.499643420836,4611.384486979797,直连,,104.67537807653531,122.0
P00044,leg1-climb,4608.820827636719,4618.467586263021,直连,,86.46174236508743,122.0
P00026,leg1-cruise,4611.384486979797,4616.2693305387575,直连,,105.03056975080843,122.0
P00137,leg2-descent,4613.400260517552,4623.0907011913805,直连,,72.21730887279045,122.0
P00041,leg1-cruise,4614.171920155363,4624.09142230067,直连,,107.50492710074263,122.0
P00026,leg1-cruise,4616.2693305387575,4621.154174097718,直连,,105.3726214658495,122.0
P00044,leg1-climb,4618.467586263021,4628.114344889323,直连,,87.40981676997849,122.0
P00026,leg1-cruise,4621.154174097718,4626.039017656679,直连,,105.70240988883204,122.0
P00137,leg2-descent,4623.0907011913805,4632.781141865209,直连,,64.31881537331876,122.0
P00041,leg1-cruise,4624.09142230067,4634.010924445977,直连,,107.92653162702636,122.0
P00026,leg1-cruise,4626.039017656679,4630.92386121564,直连,,106.02073377461483,122.0
P00044,leg1-climb,4628.114344889323,4637.761103515625,直连,,88.26451625618456,122.0
P00026,leg1-cruise,4630.92386121564,4635.8087047746,直连,,106.32832182754605,122.0
P00137,leg2-descent,4632.781141865209,4642.471582539037,直连,,57.992405658374466,122.0
P00041,leg1-cruise,4634.010924445977,4643.930426591284,直连,,108.32915258605516,122.0
P00026,leg1-cruise,4635.8087047746,4640.693548333561,直连,,106.62583982552373,122.0
P00044,leg1-climb,4637.761103515625,4647.407862141927,直连,,89.0425957511543,122.0
P00026,leg1-cruise,4640.693548333561,4645.578391892522,直连,,106.91389702495493,122.0
P00041,leg1-cruise,4643.930426591284,4653.849928736591,直连,,108.71438117693575,122.0
P00026,leg1-cruise,4645.578391892522,4650.463235451483,直连,,107.19305189028707,122.0
P00044,leg1-climb,4647.407862141927,4657.054620768229,直连,,89.75666946253962,122.0
P00026,leg1-cruise,4650.463235451483,4655.348079010444,直连,,107.46381720329762,122.0
P00041,leg1-cruise,4653.849928736591,4663.769430881898,直连,,109.08362211192265,122.0
P00026,leg1-cruise,4655.348079010444,4660.232922569405,直连,,107.72666461128762,122.0
P00044,leg1-climb,4657.054620768229,4666.701379394531,直连,,90.41647205731866,122.0
P00026,leg1-cruise,4660.232922569405,4665.1177661283655,直连,,107.98202867255353,122.0
P00041,leg1-cruise,4663.769430881898,4673.688933027204,直连,,109.43812076029386,122.0
P00026,leg1-cruise,4665.1177661283655,4670.002609687326,直连,,108.23031045421172,122.0
P00044,leg1-climb,4666.701379394531,4676.348138020833,直连,,91.0296734698302,122.0
P00026,leg1-cruise,4670.002609687326,4674.887453246287,直连,,108.4718807332765,122.0
P00041,leg1-cruise,4673.688933027204,4683.608435172511,直连,,109.77898570917824,122.0
P00026,leg1-cruise,4674.887453246287,4679.772296805248,直连,,108.70708284684085,122.0
P00044,leg1-climb,4676.348138020833,4685.994896647135,直连,,91.60242445135643,122.0
P00026,leg1-cruise,4679.772296805248,4684.657140364208,直连,,108.93623523247803,122.0
P00041,leg1-cruise,4683.608435172511,4693.527937317818,直连,,110.1072075957198,122.0
P00026,leg1-cruise,4684.657140364208,4689.541983923169,直连,,109.15963369537177,122.0
P00044,leg1-climb,4685.994896647135,4695.641655273437,直连,,92.13973304737473,122.0
P00026,leg1-cruise,4689.541983923169,4694.426827482131,直连,,109.3775534343044,122.0
P00041,leg1-cruise,4693.527937317818,4703.447439463125,直连,,110.42367489699286,122.0
P00026,leg1-cruise,4694.426827482131,4699.311671041091,直连,,109.59025085485342,122.0
P00044,leg1-cruise,4695.641655273437,4705.208871092807,直连,,92.52491396858748,122.0
P00026,leg1-cruise,4699.311671041091,4704.196514600052,直连,,109.79796519468788,122.0
P00041,leg1-cruise,4703.447439463125,4708.407190535779,直连,,110.65379545853726,122.0
P00026,leg1-cruise,4704.196514600052,4709.081358159013,直连,,110.00091998271705,122.0
P00044,leg1-cruise,4705.208871092807,4709.9924790024925,直连,,93.14343077695108,122.0
P00041,leg1-cruise,4708.407190535779,4713.366941608432,直连,,110.80393977062423,122.0
P00026,leg1-cruise,4709.081358159013,4713.9662017179735,直连,,110.19932435121846,122.0
P00044,leg1-cruise,4709.9924790024925,4714.7760869121785,直连,,93.7568420157235,122.0
P00041,leg1-cruise,4713.366941608432,4718.326692681086,直连,,110.95156925089616,122.0
P00026,leg1-cruise,4713.9662017179735,4718.851045276934,直连,,110.39337421770003,122.0
P00044,leg1-cruise,4714.7760869121785,4719.559694821864,直连,,94.45954365916415,122.0
P00041,leg1-cruise,4718.326692681086,4723.286443753739,直连,,111.09676554879285,122.0
P00026,leg1-cruise,4718.851045276934,4723.735888835895,直连,,120.58325335113503,122.0
P00044,leg1-cruise,4719.559694821864,4724.343302731549,直连,,95.20309431531783,122.0
P00041,leg1-cruise,4723.286443753739,4728.246194826393,直连,,111.23960646000671,122.0
P00026,leg1-cruise,4723.735888835895,4728.6207323948565,直连,,120.76913433545892,122.0
P00044,leg1-cruise,4724.343302731549,4729.126910641234,直连,,95.95427299480983,122.0
P00041,leg1-cruise,4728.246194826393,4733.205945899046,直连,,111.38016616138539,122.0
P00026,leg1-cruise,4728.6207323948565,4733.505575953817,直连,,120.95117944164242,122.0
P00044,leg1-cruise,4729.126910641234,4733.910518550919,直连,,96.69257374569932,122.0
P00041,leg1-cruise,4733.205945899046,4738.1656969717,直连,,111.51851542852799,122.0
P00026,leg1-cruise,4733.505575953817,4738.390419512778,直连,,121.12954141824065,122.0
P00044,leg1-cruise,4733.910518550919,4738.694126460605,直连,,97.40648990884232,122.0
P00041,leg1-cruise,4738.1656969717,4743.125448044353,直连,,111.65472183751369,122.0
P00026,leg1-cruise,4738.390419512778,4743.275263071739,直连,,121.30436420917283,122.0
P00044,leg1-cruise,4738.694126460605,4743.47773437029,直连,,98.09032493789122,122.0
P00041,leg1-cruise,4743.125448044353,4748.085199117007,直连,,111.78884995216542,122.0
P00026,leg1-cruise,4743.275263071739,4748.160106630699,直连,,121.47578360645149,122.0
P00044,leg1-cruise,4743.47773437029,4748.261342279975,直连,,98.74191955324899,122.0
P00041,leg1-cruise,4748.085199117007,4753.04495018966,直连,,121.92096149802042,122.0
P00026,leg1-cruise,4748.160106630699,4753.04495018966,直连,,121.64392784461117,122.0
P00044,leg1-cruise,4748.261342279975,4753.04495018966,直连,,99.36116980845269,122.0
P00026,leg1-cruise,4753.04495018966,4753.499691078152,直连,,121.73448600262232,122.0
P00041,leg1-cruise,4753.04495018966,4753.499691078152,直连,,121.99224414320469,122.0
P00044,leg1-cruise,4753.04495018966,4753.499691078152,直连,,99.68686810967837,122.0
P00026,leg1-cruise,4753.499691078152,4758.393279654199,直连,,121.82426716127327,122.0
P00041,leg1-cruise,4753.499691078152,4763.4495079838,中继,RU-003,122.12761859943717,122.0
P00044,leg1-cruise,4753.499691078152,4758.474599530976,直连,,100.01481377453288,122.0
P00026,leg1-cruise,4758.393279654199,4763.286868230246,中继,RU-003,121.9862250229657,122.0
P00044,leg1-cruise,4758.474599530976,4763.4495079838,直连,,100.59135131727732,122.0
P00026,leg1-cruise,4763.286868230246,4768.1804568062935,中继,RU-003,122.1452519096755,122.0
P00041,leg1-cruise,4763.4495079838,4773.399324889447,中继,RU-003,122.38085992827376,122.0
P00044,leg1-cruise,4763.4495079838,4768.424416436623,直连,,101.13809882723108,122.0
P00026,leg1-cruise,4768.1804568062935,4773.074045382341,中继,RU-003,122.30145082678676,122.0
P00044,leg1-cruise,4768.424416436623,4773.399324889447,直连,,101.65722024095892,122.0
P00026,leg1-cruise,4773.074045382341,4777.9676339583875,中继,RU-003,122.4549195057162,122.0
P00041,leg1-cruise,4773.399324889447,4778.374233342271,中继,RU-003,122.56610695703078,122.0
P00044,leg1-cruise,4773.399324889447,4778.374233342271,直连,,102.15081596443996,122.0
P00026,leg1-cruise,4777.9676339583875,4782.861222534435,中继,RU-003,122.60575075359309,122.0
P00041,leg1-cruise,4778.374233342271,4783.349141795094,中继,RU-003,122.68746636210918,122.0
P00044,leg1-cruise,4778.374233342271,4783.349141795094,直连,,102.62086486440637,122.0
P00026,leg1-cruise,4782.861222534435,4787.7548111104825,中继,RU-003,122.75403277480734,122.0
P00041,leg1-cruise,4783.349141795094,4793.298958700741,中继,RU-003,122.8664126701873,122.0
P00044,leg1-cruise,4783.349141795094,4788.3240502479175,直连,,103.06919911371729,122.0
P00026,leg1-cruise,4787.7548111104825,4792.648399686529,中继,RU-003,122.89984946704642,122.0
P00044,leg1-cruise,4788.3240502479175,4793.298958700741,直连,,103.49749756985719,122.0
P00026,leg1-cruise,4792.648399686529,4797.5419882625765,中继,RU-003,123.0432806941992,122.0
P00041,leg1-cruise,4793.298958700741,4803.248775606389,中继,RU-003,123.09946213025901,122.0
P00044,leg1-cruise,4793.298958700741,4798.273867153565,直连,,103.90728926874469,122.0
P00026,leg1-cruise,4797.5419882625765,4802.435576838624,中继,RU-003,123.18440253821892,122.0
P00044,leg1-cruise,4798.273867153565,4803.248775606389,直连,,104.29996210986644,122.0
P00026,leg1-cruise,4802.435576838624,4807.329165414671,中继,RU-003,123.3232875318403,122.0
P00041,leg1-cruise,4803.248775606389,4813.198592512036,中继,RU-003,123.32647198495502,122.0
P00044,leg1-cruise,4803.248775606389,4808.223684059212,直连,,104.67677387946448,122.0
P00026,leg1-cruise,4807.329165414671,4812.222753990718,中继,RU-003,123.4600048738723,122.0
P00044,leg1-cruise,4808.223684059212,4813.198592512036,直连,,105.03886398576192,122.0
P00026,leg1-cruise,4812.222753990718,4817.1163425667655,中继,RU-003,123.59462062855012,122.0
P00041,leg1-cruise,4813.198592512036,4823.148409417683,中继,RU-003,123.54774487970107,122.0
P00044,leg1-cruise,4813.198592512036,4818.17350096486,直连,,105.38726500805983,122.0
P00026,leg1-cruise,4817.1163425667655,4822.009931142812,中继,RU-003,123.72719791037015,122.0
P00044,leg1-cruise,4818.17350096486,4823.148409417683,直连,,105.72291359089924,122.0
P00026,leg1-cruise,4822.009931142812,4826.90351971886,中继,RU-003,123.85779705561251,122.0
P00041,leg1-cruise,4823.148409417683,4833.098226323331,中继,RU-003,123.76356144571017,122.0
P00044,leg1-cruise,4823.148409417683,4828.123317870507,直连,,106.04666046592338,122.0
P00026,leg1-cruise,4826.90351971886,4831.797108294907,中继,RU-003,123.98647578169346,122.0
P00044,leg1-cruise,4828.123317870507,4833.098226323331,直连,,106.35927952906736,122.0
P00026,leg1-cruise,4831.797108294907,4836.690696870954,中继,RU-003,124.11328933535273,122.0
P00041,leg1-cruise,4833.098226323331,4838.073134776155,中继,RU-003,123.92200066961433,122.0
P00044,leg1-cruise,4833.098226323331,4838.073134776155,直连,,106.66147598129592,122.0
P00026,leg1-cruise,4836.690696870954,4841.584285447001,中继,RU-003,124.23829063058868,122.0
P00041,leg1-cruise,4838.073134776155,4843.048043228979,中继,RU-003,124.0260545789407,122.0
P00044,leg1-cruise,4838.073134776155,4843.048043228979,直连,,106.95389358429298,122.0
P00026,leg1-cruise,4841.584285447001,4846.477874023049,中继,RU-003,124.36153037718569,122.0
P00041,leg1-cruise,4843.048043228979,4852.997860134626,中继,RU-003,124.1798502160009,122.0
P00044,leg1-cruise,4843.048043228979,4848.022951681802,直连,,107.23712110260603,122.0
P00026,leg1-cruise,4846.477874023049,4851.371462599095,中继,RU-003,124.4830572005653,122.0
P00044,leg1-cruise,4848.022951681802,4852.997860134626,直连,,107.51169801103302,122.0
P00026,leg1-cruise,4851.371462599095,4856.265051175143,中继,RU-003,124.60291775367939,122.0
P00041,leg1-cruise,4852.997860134626,4857.9727685874495,中继,RU-003,124.33098722982568,122.0
P00044,leg1-cruise,4852.997860134626,4857.9727685874495,直连,,107.77811954602475,122.0
P00026,leg1-cruise,4856.265051175143,4861.15863975119,中继,RU-003,124.7211568215386,122.0
P00041,leg1-cruise,4857.9727685874495,4862.9476770402725,中继,RU-003,124.43031274207938,122.0
P00044,leg1-cruise,4857.9727685874495,4862.9476770402725,直连,,108.03684117552197,122.0
P00026,leg1-cruise,4861.15863975119,4866.052228327237,中继,RU-003,124.83781741895513,122.0
P00041,leg1-cruise,4862.9476770402725,4872.89749394592,中继,RU-003,124.57721599595375,122.0
P00044,leg1-cruise,4862.9476770402725,4867.922585493096,直连,,108.2882825558491,122.0
P00026,leg1-cruise,4866.052228327237,4870.945816903284,中继,RU-003,124.95294088202546,122.0
P00044,leg1-cruise,4867.922585493096,4872.89749394592,直连,,108.53283103739146,122.0
P00026,leg1-cruise,4870.945816903284,4875.839405479332,中继,RU-003,125.06656695381159,122.0
P00041,leg1-cruise,4872.89749394592,4882.847310851568,中继,RU-003,124.76932228749565,122.0
P00044,leg1-cruise,4872.89749394592,4877.872402398744,直连,,108.7708447739848,122.0
P00026,leg1-cruise,4875.839405479332,4880.732994055378,中继,RU-003,125.17873386466391,122.0
P00044,leg1-cruise,4877.872402398744,4882.847310851568,直连,,109.00265548465441,122.0
P00026,leg1-cruise,4880.732994055378,4885.626582631426,中继,RU-003,125.28947840757816,122.0
P00041,leg1-cruise,4882.847310851568,4892.797127757215,中继,RU-003,124.95729468102623,122.0
P00044,leg1-cruise,4882.847310851568,4887.822219304391,直连,,109.22857091017318,122.0
P00026,leg1-cruise,4885.626582631426,4890.520171207473,中继,RU-003,125.3988360089334,122.0
P00044,leg1-cruise,4887.822219304391,4892.797127757215,直连,,109.44887700181104,122.0
P00026,leg1-cruise,4890.520171207473,4895.41375978352,中继,RU-003,125.50684079498008,122.0
P00041,leg1-cruise,4892.797127757215,4902.746944662862,中继,RU-003,125.14130636879747,122.0
P00044,leg1-cruise,4892.797127757215,4897.772036210039,直连,,109.66383987473127,122.0
P00026,leg1-cruise,4895.41375978352,4900.307348359567,中继,RU-003,125.61352565433381,122.0
P00044,leg1-cruise,4897.772036210039,4902.746944662862,直连,,109.87370755436027,122.0
P00026,leg1-descent,4900.307348359567,4910.037273896676,中继,RU-003,125.6651700292926,122.0
P00041,leg1-cruise,4902.746944662862,4907.721853115686,中继,RU-003,125.27681410366611,122.0
P00044,leg1-cruise,4902.746944662862,4907.721853115686,直连,,110.07871154050812,122.0
P00041,leg1-cruise,4907.721853115686,4912.69676156851,中继,RU-003,125.36599799082417,122.0
P00044,leg1-cruise,4907.721853115686,4912.69676156851,直连,,110.27906821065137,122.0
P00026,leg1-descent,4910.037273896676,4919.767199433786,中继,RU-003,125.66284889434968,122.0
P00041,leg1-cruise,4912.69676156851,4922.646578474158,中继,RU-003,125.49808822663778,122.0
P00044,leg1-cruise,4912.69676156851,4922.646578474158,直连,,110.47498008123166,122.0
P00026,leg1-descent,4919.767199433786,4929.497124970896,中继,RU-003,125.66066786177842,122.0
P00041,leg1-cruise,4922.646578474158,4932.596395379805,中继,RU-003,125.6711550605114,122.0
P00044,leg1-cruise,4922.646578474158,4932.596395379805,直连,,110.85421688674326,122.0
P00026,leg1-descent,4929.497124970896,4939.227050508005,中继,RU-003,125.65862714336379,122.0
P00041,leg1-cruise,4932.596395379805,4937.5713038326285,中继,RU-003,125.79873917904918,122.0
P00044,leg1-cruise,4932.596395379805,4937.5713038326285,直连,,111.21780533643296,122.0
P00041,leg1-cruise,4937.5713038326285,4942.5462122854515,中继,RU-003,125.88277040964253,122.0
P00044,leg1-cruise,4937.5713038326285,4942.5462122854515,直连,,111.39411941572516,122.0
P00026,S015-handoff,4939.227050508005,4945.861539849552,中继,RU-003,125.65765946448572,122.0
P00041,leg1-cruise,4942.5462122854515,4952.496029191099,中继,RU-003,126.00731878828272,122.0
P00044,leg1-cruise,4942.5462122854515,4947.521120738275,直连,,111.56696917109691,122.0
P00028,leg1-climb,4943.0,4952.496029191099,直连,,55.25657446456752,122.0
P00026,S015-handoff,4945.861539849552,4952.496029191099,中继,RU-003,125.65765946448572,122.0
P00044,leg1-cruise,4947.521120738275,4952.496029191099,直连,,121.73648644726276,122.0
P00026,S015-handoff,4952.496029191099,4962.3538996831385,中继,RU-003,125.65765946448572,122.0
P00028,leg1-climb,4952.496029191099,4961.5260810536865,直连,,66.91576271437623,122.0
P00041,leg1-cruise,4952.496029191099,4962.282901824494,中继,RU-003,126.16933907359925,122.0
P00044,leg1-cruise,4952.496029191099,4957.435536381823,直连,,121.9022096173993,122.0
P00044,leg1-cruise,4957.435536381823,4962.375043572548,中继,RU-003,122.0642887309067,122.0
P00028,leg1-climb,4961.5260810536865,4970.556132916274,直连,,73.87997922150814,122.0
P00041,leg1-cruise,4962.282901824494,4967.176338141191,中继,RU-003,126.2879286371506,122.0
P00026,S015-handoff,4962.3538996831385,4972.211770175178,中继,RU-003,125.65765946448572,122.0
P00044,leg1-cruise,4962.375043572548,4967.314550763273,中继,RU-003,122.22343029372185,122.0
P00041,leg1-cruise,4967.176338141191,4972.069774457888,中继,RU-003,126.36610176155432,122.0
P00044,leg1-cruise,4967.314550763273,4972.254057953996,中继,RU-003,122.37973777257244,122.0
P00028,leg1-climb,4970.556132916274,4979.586184778861,直连,,77.6948602900628,122.0
P00041,leg1-cruise,4972.069774457888,4981.856647091283,中继,RU-003,126.48206285895546,122.0
P00026,S015-handoff,4972.211770175178,4982.069640667218,中继,RU-003,125.65765946448572,122.0
P00044,leg1-cruise,4972.254057953996,4982.133072335445,中继,RU-003,122.5333093205948,122.0
P00028,leg1-climb,4979.586184778861,4988.616236641448,直连,,80.33653666375059,122.0
P00041,leg1-cruise,4981.856647091283,4991.643519724677,中继,RU-003,126.63431677039415,122.0
P00026,S015-handoff,4982.069640667218,4991.927511159257,中继,RU-003,125.65765946448572,122.0
P00044,leg1-cruise,4982.133072335445,4992.0120867168935,中继,RU-003,122.83261276223978,122.0
P00028,leg1-climb,4988.616236641448,4997.6462885040355,直连,,82.359362854794,122.0
P00041,leg1-cruise,4991.643519724677,5001.430392358071,中继,RU-003,126.78395707589264,122.0
P00026,S015-handoff,4991.927511159257,5001.785381651296,中继,RU-003,125.65765946448572,122.0
P00044,leg1-cruise,4992.0120867168935,5001.891101098342,中继,RU-003,123.12203231812798,122.0
P00028,leg1-climb,4997.6462885040355,5006.676340366623,直连,,83.99895044892374,122.0
P00041,leg1-cruise,5001.430392358071,5011.2172649914655,中继,RU-003,126.93107166620212,122.0
P00026,S015-handoff,5001.785381651296,5011.643252143335,中继,RU-003,125.65765946448572,122.0
P00044,leg1-cruise,5001.891101098342,5006.830608289067,中继,RU-003,123.40219455740478,122.0
P00028,leg1-climb,5006.676340366623,5015.70639222921,直连,,85.37763997098307,122.0
P00044,leg1-cruise,5006.830608289067,5011.770115479791,中继,RU-003,123.53898413511061,122.0
P00041,leg1-cruise,5011.2172649914655,5021.00413762486,中继,RU-003,127.0757440874855,122.0
P00026,S015-handoff,5011.643252143335,5021.501122635375,中继,RU-003,125.65765946448572,122.0
P00044,leg1-cruise,5011.770115479791,5016.709622670514,中继,RU-003,123.67366877663986,122.0
P00028,leg1-climb,5015.70639222921,5024.736444091797,直连,,86.56717525941008,122.0
P00044,leg1-cruise,5016.709622670514,5021.649129861239,中继,RU-003,123.80631179685813,122.0
P00041,leg1-cruise,5021.00413762486,5030.791010258255,中继,RU-003,127.21805382203559,122.0
P00026,S015-handoff,5021.501122635375,5031.358993127415,中继,RU-003,125.65765946448572,122.0
P00044,leg1-cruise,5021.649129861239,5026.588637051964,中继,RU-003,123.93697371768859,122.0
P00028,leg1-cruise,5024.736444091797,5034.566108558377,直连,,87.54806243971414,122.0
P00044,leg1-cruise,5026.588637051964,5031.528144242688,中继,RU-003,124.06571242874193,122.0
P00041,leg1-descent,5030.791010258255,5040.715638621969,中继,RU-003,127.28751543078232,122.0
P00026,S015-handoff,5031.358993127415,5041.216863619454,中继,RU-003,125.65765946448572,122.0
P00044,leg1-cruise,5031.528144242688,5036.467651433411,中继,RU-003,124.19258333664231,122.0
P00028,leg1-cruise,5034.566108558377,5039.480940791666,直连,,89.33249154424341,122.0
P00044,leg1-cruise,5036.467651433411,5041.407158624136,中继,RU-003,124.31763950401623,122.0
P00028,leg1-cruise,5039.480940791666,5044.395773024956,直连,,90.74719837189038,122.0
P00041,leg1-descent,5040.715638621969,5050.640266985685,中继,RU-003,127.28592873030037,122.0
P00026,S015-handoff,5041.216863619454,5051.074734111493,中继,RU-003,125.65765946448572,122.0
P00044,leg1-cruise,5041.407158624136,5046.346665814861,中继,RU-003,124.44093177894524,122.0
P00028,leg1-cruise,5044.395773024956,5049.310605258246,直连,,92.11657179301656,122.0
P00044,leg1-cruise,5046.346665814861,5051.286173005585,中继,RU-003,124.56250891567542,122.0
P00028,leg1-cruise,5049.310605258246,5054.225437491536,直连,,93.38128360786779,122.0
P00041,leg1-descent,5050.640266985685,5060.5648953494,中继,RU-003,127.28444263256758,122.0
P00026,S015-handoff,5051.074734111493,5060.932604603532,中继,RU-003,125.65765946448572,122.0
P00044,leg1-cruise,5051.286173005585,5056.2256801963085,中继,RU-003,124.68241768726077,122.0
P00028,leg1-cruise,5054.225437491536,5059.140269724825,直连,,94.5312943994958,122.0
P00044,leg1-cruise,5056.2256801963085,5061.165187387033,中继,RU-003,124.80070299080403,122.0
P00028,leg1-cruise,5059.140269724825,5064.055101958114,直连,,95.5741633320132,122.0
P00041,leg1-descent,5060.5648953494,5070.489523713116,中继,RU-003,127.2830572410846,122.0
P00026,S015-handoff,5060.932604603532,5070.790475095572,中继,RU-003,125.65765946448572,122.0
P00044,leg1-cruise,5061.165187387033,5066.104694577758,中继,RU-003,124.91740794582681,122.0
P00028,leg1-cruise,5064.055101958114,5068.969934191404,直连,,96.52226291217512,122.0
P00044,leg1-cruise,5066.104694577758,5071.044201768482,中继,RU-003,125.03257398632297,122.0
P00028,leg1-cruise,5068.969934191404,5073.884766424694,直连,,97.38812956052081,122.0
P00041,leg1-descent,5070.489523713116,5080.414152076831,中继,RU-003,127.28177265241285,122.0
P00026,S015-handoff,5070.790475095572,5080.648345587611,中继,RU-003,125.65765946448572,122.0
P00044,leg1-cruise,5071.044201768482,5075.983708959206,中继,RU-003,125.14624094697076,122.0
P00028,leg1-cruise,5073.884766424694,5078.799598657984,直连,,98.18298024815081,122.0
P00044,leg1-cruise,5075.983708959206,5080.92321614993,中继,RU-003,125.25844714392346,122.0
P00028,leg1-cruise,5078.799598657984,5083.714430891273,直连,,98.91640307494362,122.0
P00041,leg1-descent,5080.414152076831,5090.3387804405465,中继,RU-003,127.28058895615204,122.0
P00026,S015-handoff,5080.648345587611,5090.506216079651,中继,RU-003,125.65765946448572,122.0
P00044,leg1-cruise,5080.92321614993,5085.862723340655,中继,RU-003,125.36922945060958,122.0
P00028,leg1-cruise,5083.714430891273,5088.629263124563,直连,,99.59645406283005,122.0
P00044,leg1-cruise,5085.862723340655,5090.802230531379,中继,RU-003,125.47862336887079,122.0
P00028,leg1-cruise,5088.629263124563,5093.544095357853,直连,,100.22986977171712,122.0
P00041,leg1-descent,5090.3387804405465,5100.263408804261,中继,RU-003,127.27950623491944,122.0
P00026,S015-handoff,5090.506216079651,5100.36408657169,中继,RU-003,125.65765946448572,122.0
P00044,leg1-cruise,5090.802230531379,5095.741737722103,中继,RU-003,125.58666309580606,122.0
P00028,leg1-cruise,5093.544095357853,5098.458927591142,直连,,100.8222898373009,122.0
P00044,leg1-cruise,5095.741737722103,5100.681244912827,中继,RU-003,125.69338158659917,122.0
P00028,leg1-cruise,5098.458927591142,5103.3737598244315,直连,,101.37845466013442,122.0
P00041,leg1-descent,5100.263408804261,5110.188037167977,中继,RU-003,127.27852456433072,122.0
P00026,S015-handoff,5100.36408657169,5110.221957063729,中继,RU-003,125.65765946448572,122.0
P00044,leg1-cruise,5100.681244912827,5105.620752103552,中继,RU-003,125.79881061364924,122.0
P00028,leg1-cruise,5103.3737598244315,5108.288592057721,直连,,101.90237041407153,122.0
P00044,leg1-cruise,5105.620752103552,5110.560259294276,中继,RU-003,125.90298082222449,122.0
P00010,leg1-climb,5108.0,5117.935544433594,直连,,57.648261461862205,122.0
P00028,leg1-cruise,5108.288592057721,5113.203424291011,直连,,102.39744313972231,122.0
P00041,leg1-descent,5110.188037167977,5120.112665531692,中继,RU-003,127.27764401298235,122.0
P00026,S015-handoff,5110.221957063729,5120.079827555769,中继,RU-003,125.65765946448572,122.0
P00044,leg1-cruise,5110.560259294276,5115.499766485,中继,RU-003,126.0059217829048,122.0
P00028,leg1-cruise,5113.203424291011,5118.118256524301,直连,,102.86658652590394,122.0
P00044,leg1-cruise,5115.499766485,5120.4392736757245,中继,RU-003,126.10766204102138,122.0
P00010,leg1-climb,5117.935544433594,5127.871088867188,直连,,64.79418090036506,122.0
P00028,leg1-cruise,5118.118256524301,5123.03308875759,直连,,103.31230827745388,122.0
P00026,S015-handoff,5120.079827555769,5129.937698047808,中继,RU-003,125.65765946448572,122.0
P00041,S003-handoff,5120.112665531692,5130.096036483845,中继,RU-003,127.27724167653642,122.0
P00044,leg1-cruise,5120.4392736757245,5125.378780866449,中继,RU-003,126.20822916329477,122.0
P00028,leg1-cruise,5123.03308875759,5127.94792099088,直连,,103.73677940513093,122.0
P00044,leg1-cruise,5125.378780866449,5130.318288057173,中继,RU-003,126.30764978187707,122.0
P00010,leg1-climb,5127.871088867188,5137.806633300781,直连,,72.5392792905325,122.0
P00028,leg1-cruise,5127.94792099088,5132.86275322417,直连,,104.14189000953664,122.0
P00026,S015-handoff,5129.937698047808,5139.795568539847,中继,RU-003,125.65765946448572,122.0
P00041,S003-handoff,5130.096036483845,5140.079407435998,中继,RU-003,127.27724167653642,122.0
P00044,leg1-cruise,5130.318288057173,5135.257795247897,中继,RU-003,126.40594963593821,122.0
P00028,leg1-cruise,5132.86275322417,5142.692417690749,直连,,104.71681845506718,122.0
P00044,leg1-cruise,5135.257795247897,5140.197302438622,中继,RU-003,126.50315361098481,122.0
P00010,leg1-climb,5137.806633300781,5147.742177734375,直连,,76.56742174374384,122.0
P00026,S015-handoff,5139.795568539847,5149.653439031887,中继,RU-003,125.65765946448572,122.0
P00041,S003-handoff,5140.079407435998,5150.062778388151,中继,RU-003,127.27724167653642,122.0
P00044,leg1-cruise,5140.197302438622,5145.136809629346,中继,RU-003,126.59928577603914,122.0
P00028,leg1-cruise,5142.692417690749,5147.607249924038,直连,,105.25663646363432,122.0
P00044,leg1-cruise,5145.136809629346,5150.07631682007,中继,RU-003,126.69436941883922,122.0
P00028,leg1-cruise,5147.607249924038,5152.522082157328,直连,,105.5990021308098,122.0
P00010,leg1-climb,5147.742177734375,5157.6777221679695,直连,,79.30870085577789,122.0
P00026,S015-handoff,5149.653439031887,5159.511309523927,中继,RU-003,125.65765946448572,122.0
P00041,S003-handoff,5150.062778388151,5160.046149340304,中继,RU-003,127.27724167653642,122.0
P00044,leg1-cruise,5150.07631682007,5155.015824010794,中继,RU-003,126.78842707915217,122.0
P00028,leg1-cruise,5152.522082157328,5157.436914390618,直连,,105.9285627592541,122.0
P00044,leg1-cruise,5155.015824010794,5159.955331201519,中继,RU-003,126.88148058034913,122.0
P00028,leg1-cruise,5157.436914390618,5162.351746623907,直连,,106.24622939067287,122.0
P00010,leg1-climb,5157.6777221679695,5167.613266601563,直连,,81.38921901612474,122.0
P00026,S015-handoff,5159.511309523927,5169.369180015966,中继,RU-003,125.65765946448572,122.0
P00044,leg1-cruise,5159.955331201519,5164.894838392243,中继,RU-003,126.97355105933578,122.0
P00041,S003-handoff,5160.046149340304,5170.029520292456,中继,RU-003,127.27724167653642,122.0
P00028,leg1-cruise,5162.351746623907,5167.266578857198,直连,,106.55282042572212,122.0
P00044,leg1-cruise,5164.894838392243,5169.834345582967,中继,RU-003,127.06465899493345,122.0
P00028,leg1-cruise,5167.266578857198,5172.181411090487,直连,,106.84907360737213,122.0
P00010,leg1-climb,5167.613266601563,5177.548811035156,直连,,83.06644334302965,122.0
P00026,S015-handoff,5169.369180015966,5179.227050508005,中继,RU-003,125.65765946448572,122.0
P00044,leg1-cruise,5169.834345582967,5174.773852773691,中继,RU-003,127.15482423482962,122.0
P00041,S003-handoff,5170.029520292456,5180.01289124461,中继,RU-003,127.27724167653642,122.0
P00028,leg1-cruise,5172.181411090487,5177.096243323776,直连,,107.13565615427525,122.0
P00044,leg1-cruise,5174.773852773691,5179.713359964416,中继,RU-003,127.24406602115486,122.0
P00028,leg1-cruise,5177.096243323776,5182.011075557066,直连,,107.41317337145455,122.0
P00010,leg1-climb,5177.548811035156,5187.48435546875,直连,,84.4716236632006,122.0
P00026,leg2-climb,5179.227050508005,5187.33532178893,中继,RU-003,125.65862714336379,122.0
P00044,leg1-descent,5179.713359964416,5189.017699055399,中继,RU-003,127.2877208365493,122.0
P00041,S003-handoff,5180.01289124461,5189.9962621967625,中继,RU-003,127.27724167653642,122.0
P00028,leg1-cruise,5182.011075557066,5191.840740023646,直连,,107.68217600109998,122.0
P00026,leg2-climb,5187.33532178893,5195.443593069855,中继,RU-003,125.66066786177842,122.0
P00010,leg1-cruise,5187.48435546875,5196.892998403661,直连,,85.72648650221872,122.0
P00044,leg1-descent,5189.017699055399,5198.322038146382,中继,RU-003,127.28651195937634,122.0
P00041,S003-handoff,5189.9962621967625,5199.979633148915,中继,RU-003,127.27724167653642,122.0
P00028,leg1-cruise,5191.840740023646,5196.755572256935,直连,,108.19660459537631,122.0
P00026,leg2-climb,5195.443593069855,5203.5518643507785,中继,RU-003,125.66284889434968,122.0
P00028,leg1-cruise,5196.755572256935,5201.670404490224,直连,,108.44291172078773,122.0
P00010,leg1-cruise,5196.892998403661,5201.597319871117,直连,,88.05168327685078,122.0
P00044,leg1-descent,5198.322038146382,5207.626377237365,中继,RU-003,127.28535964855564,122.0
P00041,S003-handoff,5199.979633148915,5209.963004101068,中继,RU-003,127.27724167653642,122.0
P00010,leg1-cruise,5201.597319871117,5206.301641338573,直连,,89.73602765014112,122.0
P00028,leg1-cruise,5201.670404490224,5206.585236723515,直连,,108.6824753452635,122.0
P00026,leg2-climb,5203.5518643507785,5211.660135631703,中继,RU-003,125.6651700292926,122.0
P00010,leg1-cruise,5206.301641338573,5211.005962806028,直连,,91.28523726111517,122.0
P00028,leg1-cruise,5206.585236723515,5211.500068956804,直连,,108.91565239252209,122.0
P00044,leg1-descent,5207.626377237365,5216.930716328348,中继,RU-003,127.2842639492121,122.0
P00041,S003-handoff,5209.963004101068,5219.946375053221,中继,RU-003,127.27724167653642,122.0
P00010,leg1-cruise,5211.005962806028,5215.710284273484,直连,,92.66838513443702,122.0
P00028,leg1-cruise,5211.500068956804,5216.414901190094,直连,,109.1427723675913,122.0
P00026,leg2-cruise,5211.660135631703,5216.566964531248,中继,RU-003,125.61338220575308,122.0
P00010,leg1-cruise,5215.710284273484,5225.118927208396,直连,,94.46218386317081,122.0
P00028,leg1-cruise,5216.414901190094,5221.329733423383,直连,,109.36414007646859,122.0
P00026,leg2-cruise,5216.566964531248,5221.473793430792,中继,RU-003,125.5064051501461,122.0
P00044,leg1-descent,5216.930716328348,5226.235055419331,中继,RU-003,127.28322490427968,122.0
P00041,S003-handoff,5219.946375053221,5229.929746005374,中继,RU-003,127.27724167653642,122.0
P00028,leg1-cruise,5221.329733423383,5226.244565656672,直连,,109.58003801902058,122.0
P00026,leg2-cruise,5221.473793430792,5226.380622330337,中继,RU-003,125.39810088336893,122.0
P00010,leg1-cruise,5225.118927208396,5229.823248675852,直连,,95.98375034083342,122.0
P00044,leg1-descent,5226.235055419331,5235.539394510314,中继,RU-003,127.2822425544957,122.0
P00028,leg1-cruise,5226.244565656672,5231.159397889963,直连,,109.79072850076689,122.0
P00026,leg2-cruise,5226.380622330337,5231.287451229882,中继,RU-003,125.28843624250058,122.0
P00010,leg1-cruise,5229.823248675852,5234.527570143307,直连,,96.87863822836734,122.0
P00041,S003-handoff,5229.929746005374,5239.913116957527,中继,RU-003,127.27724167653642,122.0
P00028,leg1-cruise,5231.159397889963,5236.074230123252,直连,,109.99645550203186,122.0
P00026,leg2-cruise,5231.287451229882,5236.194280129426,中继,RU-003,125.17737681311974,122.0
P00010,leg1-cruise,5234.527570143307,5239.231891610762,直连,,97.6953596115573,122.0
P00044,leg1-descent,5235.539394510314,5244.843733601298,中继,RU-003,127.28131693839563,122.0
P00028,leg1-cruise,5236.074230123252,5240.989062356542,直连,,110.19744633695439,122.0
P00026,leg2-cruise,5236.194280129426,5241.101109028971,中继,RU-003,125.06488686591779,122.0
P00010,leg1-cruise,5239.231891610762,5243.936213078218,直连,,98.44562850349024,122.0
P00041,S003-handoff,5239.913116957527,5249.896487909679,中继,RU-003,127.27724167653642,122.0
P00028,leg1-cruise,5240.989062356542,5245.903894589832,直连,,110.3939131299215,122.0
P00026,leg2-cruise,5241.101109028971,5246.007937928516,中继,RU-003,124.9509292892845,122.0
P00010,leg1-cruise,5243.936213078218,5253.344856013129,直连,,99.46663407428352,122.0
P00044,leg1-descent,5244.843733601298,5254.14807269228,中继,RU-003,127.28044809230802,122.0
P00028,leg1-cruise,5245.903894589832,5250.818726823121,直连,,110.58605413288086,122.0
P00026,leg2-cruise,5246.007937928516,5250.914766828061,中继,RU-003,124.83546551752453,122.0
P00041,S003-handoff,5249.896487909679,5259.879858861833,中继,RU-003,127.27724167653642,122.0
P00028,leg1-cruise,5250.818726823121,5260.6483912897,直连,,110.86655747977437,122.0
P00026,leg2-cruise,5250.914766828061,5255.821595727606,中继,RU-003,124.71845545440429,122.0
P00010,leg1-cruise,5253.344856013129,5258.049177480585,直连,,100.38385930981408,122.0
P00044,leg1-descent,5254.14807269228,5263.452411783263,中继,RU-003,127.27963605034974,122.0
P00026,leg2-cruise,5255.821595727606,5260.72842462715,中继,RU-003,124.59985739164608,122.0
P00010,leg1-cruise,5258.049177480585,5262.753498948041,直连,,100.94704952764836,122.0
P00041,S003-handoff,5259.879858861833,5269.8632298139855,中继,RU-003,127.27724167653642,122.0
P00028,leg1-cruise,5260.6483912897,5265.56322352299,直连,,111.13832073901587,122.0
P00026,leg2-cruise,5260.72842462715,5265.635253526694,中继,RU-003,124.47962792194129,122.0
P00010,leg1-cruise,5262.753498948041,5267.457820415497,直连,,101.47680055906226,122.0
P00044,leg1-descent,5263.452411783263,5272.756750874247,中继,RU-003,127.27888084442155,122.0
P00028,leg1-cruise,5265.56322352299,5270.47805575628,直连,,111.31490243215138,122.0
P00026,leg2-cruise,5265.635253526694,5270.542082426239,中继,RU-003,124.35772184608538,122.0
P00010,leg1-cruise,5267.457820415497,5272.162141882952,直连,,101.97677073231179,122.0
P00041,S003-handoff,5269.8632298139855,5279.846600766138,中继,RU-003,127.27724167653642,122.0
P00028,leg1-cruise,5270.47805575628,5275.392887989569,直连,,111.48797877591252,122.0
P00026,leg2-cruise,5270.542082426239,5275.448911325784,中继,RU-003,124.23409207372866,122.0
P00010,leg1-cruise,5272.162141882952,5276.866463350408,直连,,102.45006304832101,122.0
P00044,leg1-descent,5272.756750874247,5282.061089965229,中继,RU-003,127.27818250420393,122.0
P00028,leg1-cruise,5275.392887989569,5280.307720222859,直连,,111.65768573973442,122.0
P00026,leg2-cruise,5275.448911325784,5280.355740225329,中继,RU-003,124.10868951719691,122.0
P00010,leg1-cruise,5276.866463350408,5281.570784817864,直连,,102.89932937795126,122.0
P00041,S003-handoff,5279.846600766138,5289.829971718291,中继,RU-003,127.27724167653642,122.0
P00028,leg1-cruise,5280.307720222859,5285.222552456149,直连,,111.82415155975133,122.0
P00026,leg2-cruise,5280.355740225329,5285.262569124874,中继,RU-003,123.98146297784062,122.0
P00010,leg1-cruise,5281.570784817864,5290.979427752774,直连,,103.53308768905065,122.0
P00044,leg1-descent,5282.061089965229,5291.365429056213,中继,RU-003,127.27754105715319,122.0
P00028,leg1-cruise,5285.222552456149,5290.1373846894385,直连,,111.98749731232547,122.0
P00026,leg2-cruise,5285.262569124874,5290.169398024418,中继,RU-003,123.85235902425067,122.0
P00041,S003-handoff,5289.829971718291,5299.813342670444,中继,RU-003,127.27724167653642,122.0
P00028,leg1-cruise,5290.1373846894385,5295.052216922728,直连,,112.14783743555188,122.0
P00026,leg2-cruise,5290.169398024418,5295.076226923963,中继,RU-003,123.72132186162924,122.0
P00010,leg1-cruise,5290.979427752774,5295.68374922023,直连,,104.12432020594566,122.0
P00044,S003-handoff,5291.365429056213,5300.581071339405,中继,RU-003,127.27724167653642,122.0
P00028,leg1-cruise,5295.052216922728,5299.967049156017,直连,,112.30528020429225,122.0
P00026,leg2-cruise,5295.076226923963,5299.983055823508,中继,RU-003,123.58829319157536,122.0
P00010,leg1-cruise,5295.68374922023,5300.388070687686,直连,,104.49749884334113,122.0
P00041,S003-handoff,5299.813342670444,5309.796713622597,中继,RU-003,127.27724167653642,122.0
P00028,leg1-cruise,5299.967049156017,5304.881881389307,直连,,112.45992816359427,122.0
P00026,leg2-cruise,5299.983055823508,5304.889884723052,中继,RU-003,123.45321206141872,122.0
P00010,leg1-cruise,5300.388070687686,5305.092392155142,直连,,104.85547420490747,122.0
P00044,S003-handoff,5300.581071339405,5309.796713622597,中继,RU-003,127.27724167653642,122.0
P00028,leg1-cruise,5304.881881389307,5309.796713622597,直连,,112.61187852478265,122.0
P00026,leg2-cruise,5304.889884723052,5309.796713622597,中继,RU-003,123.31601470214491,122.0
P00010,leg1-cruise,5305.092392155142,5314.663821551649,直连,,105.19942402080837,122.0
P00026,leg2-cruise,5309.796713622597,5314.663821551649,中继,RU-003,123.17720299121561,122.0
P00028,leg1-cruise,5309.796713622597,5314.663821551649,直连,,112.76050458995184,122.0
P00041,S003-handoff,5309.796713622597,5316.568697592295,中继,RU-003,127.27724167653642,122.0
P00044,S003-handoff,5309.796713622597,5319.530929480701,中继,RU-003,127.27724167653642,122.0
P00010,leg1-cruise,5314.663821551649,5319.530929480701,直连,,105.86556576878883,122.0
P00026,leg2-cruise,5314.663821551649,5319.530929480701,中继,RU-003,123.03673466819161,122.0
P00028,leg1-cruise,5314.663821551649,5319.530929480701,中继,RU-003,112.90592984672762,122.0
P00041,S003-handoff,5316.568697592295,5323.340681561994,中继,RU-003,127.27724167653642,122.0
P00010,leg1-cruise,5319.530929480701,5329.265145338805,直连,,106.33775131944806,122.0
P00026,leg2-cruise,5319.530929480701,5324.398037409754,中继,RU-003,122.89397850810667,122.0
P00028,leg1-cruise,5319.530929480701,5324.398037409754,中继,RU-003,123.0489665101536,122.0
P00044,S003-handoff,5319.530929480701,5329.265145338805,中继,RU-003,127.27724167653642,122.0
P00041,S003-handoff,5323.340681561994,5330.112665531692,中继,RU-003,127.27724167653642,122.0
P00026,leg2-cruise,5324.398037409754,5329.265145338805,中继,RU-003,122.74885950154753,122.0
P00028,leg1-cruise,5324.398037409754,5329.265145338805,中继,RU-003,123.18969158273742,122.0
P00010,leg1-cruise,5329.265145338805,5334.132253267857,直连,,106.78576127316896,122.0
P00026,leg2-cruise,5329.265145338805,5334.132253267857,中继,RU-003,122.60129892876587,122.0
P00028,leg1-cruise,5329.265145338805,5334.132253267857,中继,RU-003,123.32817841151689,122.0
P00044,S003-handoff,5329.265145338805,5338.999361196909,中继,RU-003,127.27724167653642,122.0
P00041,leg2-climb,5330.112665531692,5339.564374658834,中继,RU-003,127.27770353862113,122.0
P00010,leg1-cruise,5334.132253267857,5338.999361196909,直连,,107.07217303774168,122.0
P00026,leg2-cruise,5334.132253267857,5338.999361196909,中继,RU-003,122.45121411382964,122.0
P00028,leg1-cruise,5334.132253267857,5338.999361196909,中继,RU-003,123.46449691527516,122.0
P00010,leg1-cruise,5338.999361196909,5343.866469125962,直连,,107.34949785495168,122.0
P00026,leg2-cruise,5338.999361196909,5343.866469125962,中继,RU-003,122.2985181583274,122.0
P00028,leg1-cruise,5338.999361196909,5343.866469125962,中继,RU-003,123.59871379441779,122.0
P00044,S003-handoff,5338.999361196909,5348.7335770550135,中继,RU-003,127.27724167653642,122.0
P00041,leg2-climb,5339.564374658834,5349.016083785976,中继,RU-003,127.27872635702344,122.0
P00010,leg1-cruise,5343.866469125962,5348.7335770550135,直连,,107.61829132577544,122.0
P00026,leg2-cruise,5343.866469125962,5348.7335770550135,中继,RU-003,122.14311965261801,122.0
P00028,leg1-cruise,5343.866469125962,5348.7335770550135,中继,RU-003,123.73089272506937,122.0
P00010,leg1-cruise,5348.7335770550135,5353.600684984065,直连,,107.87905988705825,122.0
P00026,leg2-cruise,5348.7335770550135,5353.600684984065,中继,RU-003,121.98492236232684,122.0
P00028,leg1-cruise,5348.7335770550135,5353.600684984065,中继,RU-003,123.86109453878827,122.0
P00044,S003-handoff,5348.7335770550135,5358.467792913118,中继,RU-003,127.27724167653642,122.0
P00041,leg2-climb,5349.016083785976,5358.467792913118,中继,RU-003,127.27988122199794,122.0
P00010,leg1-cruise,5353.600684984065,5358.467792913118,直连,,108.13226641445178,122.0
P00026,leg2-cruise,5353.600684984065,5358.467792913118,直连,,121.82382488757736,122.0
P00028,leg1-cruise,5353.600684984065,5358.467792913118,中继,RU-003,123.98937738915384,122.0
P00010,leg1-cruise,5358.467792913118,5363.151071430601,直连,,108.37375177155003,122.0
P00026,leg2-cruise,5358.467792913118,5363.151071430601,直连,,121.66284792542217,122.0
P00028,leg1-cruise,5358.467792913118,5367.834349948085,中继,RU-003,124.17361698603024,122.0
P00041,leg2-climb,5358.467792913118,5367.683709982405,中继,RU-003,127.28115116501652,122.0
P00044,S003-handoff,5358.467792913118,5367.834349948085,中继,RU-003,127.27724167653642,122.0
P00010,leg1-cruise,5363.151071430601,5367.834349948085,直连,,108.60427079063633,122.0
P00026,leg2-cruise,5363.151071430601,5367.834349948085,直连,,121.50205515142528,122.0
P00041,leg2-climb,5367.683709982405,5376.899627051693,中继,RU-003,127.28253119960449,122.0
P00010,leg1-cruise,5367.834349948085,5377.200906983053,直连,,108.93901663743037,122.0
P00026,leg2-cruise,5367.834349948085,5372.517628465569,直连,,121.33826965209713,122.0
P00028,leg1-cruise,5367.834349948085,5377.200906983053,中继,RU-003,124.41030066233509,122.0
P00044,S003-handoff,5367.834349948085,5377.200906983053,中继,RU-003,127.27724167653642,122.0
P00026,leg2-cruise,5372.517628465569,5377.200906983053,直连,,121.17137954486415,122.0
P00041,leg2-climb,5376.899627051693,5386.115544120981,中继,RU-003,127.28403644481048,122.0
P00010,leg1-cruise,5377.200906983053,5381.884185500538,直连,,109.26138867728554,122.0
P00026,leg2-cruise,5377.200906983053,5386.567464018021,直连,,120.91496290314984,122.0
P00028,leg1-cruise,5377.200906983053,5381.884185500538,中继,RU-003,124.58368232315948,122.0
P00044,S003-handoff,5377.200906983053,5386.567464018021,中继,RU-003,127.27724167653642,122.0
P00010,leg1-cruise,5381.884185500538,5386.567464018021,直连,,109.46986693176251,122.0
P00028,leg1-cruise,5381.884185500538,5386.567464018021,中继,RU-003,124.69738005245986,122.0
P00041,leg2-climb,5386.115544120981,5395.331461190269,中继,RU-003,127.285666770331,122.0
P00010,leg1-cruise,5386.567464018021,5391.250742535505,直连,,109.67347587616993,122.0
P00026,leg2-cruise,5386.567464018021,5391.250742535505,直连,,120.6508655041533,122.0
P00028,leg1-cruise,5386.567464018021,5391.250742535505,中继,RU-003,124.80961119870116,122.0
P00044,S003-handoff,5386.567464018021,5395.934021052989,中继,RU-003,127.27724167653642,122.0
P00010,leg1-cruise,5391.250742535505,5395.934021052989,直连,,109.87243701927375,122.0
P00026,leg2-cruise,5391.250742535505,5395.934021052989,直连,,110.47030496480336,122.0
P00028,leg1-cruise,5391.250742535505,5395.934021052989,中继,RU-003,124.92041305201965,122.0
P00041,leg2-climb,5395.331461190269,5404.547378259556,中继,RU-003,127.28742203515368,122.0
P00010,leg1-cruise,5395.934021052989,5405.300578087957,直连,,110.16261272443126,122.0
P00026,leg2-cruise,5395.934021052989,5400.617299570473,直连,,110.28597590564377,122.0
P00028,leg1-cruise,5395.934021052989,5400.617299570473,中继,RU-003,125.02982150048142,122.0
P00044,S003-handoff,5395.934021052989,5405.300578087957,中继,RU-003,127.27724167653642,122.0
P00026,leg2-cruise,5400.617299570473,5405.300578087957,直连,,110.09772065904872,122.0
P00028,leg1-cruise,5400.617299570473,5405.300578087957,中继,RU-003,125.13787109938397,122.0
P00041,leg2-cruise,5404.547378259556,5414.102235251625,中继,RU-003,127.21972681681521,122.0
P00010,leg1-cruise,5405.300578087957,5409.98385660544,直连,,110.44343529054684,122.0
P00026,leg2-cruise,5405.300578087957,5414.667135122924,直连,,109.80760674620176,122.0
P00028,leg1-cruise,5405.300578087957,5414.667135122924,中继,RU-003,125.29747013996246,122.0
P00044,S003-handoff,5405.300578087957,5414.667135122924,中继,RU-003,127.27724167653642,122.0
P00010,leg1-cruise,5409.98385660544,5414.667135122924,直连,,110.62574403657311,122.0
P00041,leg2-cruise,5414.102235251625,5423.657092243692,中继,RU-003,127.08084471095397,122.0
P00010,leg1-cruise,5414.667135122924,5419.350413640408,直连,,110.8043151332368,122.0
P00026,leg2-cruise,5414.667135122924,5419.350413640408,直连,,109.5076677179749,122.0
P00028,leg1-cruise,5414.667135122924,5419.350413640408,中继,RU-003,125.45419369978964,122.0
P00044,S003-handoff,5414.667135122924,5424.033692157893,中继,RU-003,127.27724167653642,122.0
P00010,leg1-cruise,5419.350413640408,5424.033692157893,直连,,110.97929836326102,122.0
P00026,leg2-cruise,5419.350413640408,5424.033692157893,直连,,109.30192034031761,122.0
P00028,leg1-cruise,5419.350413640408,5424.033692157893,中继,RU-003,125.55712899562607,122.0
P00041,leg2-cruise,5423.657092243692,5433.21194923576,中继,RU-003,126.93971325401009,122.0
P00010,leg1-cruise,5424.033692157893,5433.40024919286,直连,,111.23535210914139,122.0
P00026,leg2-cruise,5424.033692157893,5428.716970675377,直连,,109.09129225658552,122.0
P00028,leg1-cruise,5424.033692157893,5428.716970675377,中继,RU-003,125.65886037333607,122.0
P00044,S003-handoff,5424.033692157893,5433.40024919286,中继,RU-003,127.27724167653642,122.0
P00026,leg2-cruise,5428.716970675377,5433.40024919286,直连,,108.87555223839558,122.0
P00028,leg1-cruise,5428.716970675377,5433.40024919286,中继,RU-003,125.75941563051079,122.0
P00041,leg2-cruise,5433.21194923576,5442.766806227828,中继,RU-003,126.79625865813026,122.0
P00010,leg1-cruise,5433.40024919286,5438.083527710344,直连,,111.48409060597416,122.0
P00026,leg2-cruise,5433.40024919286,5438.083527710344,直连,,108.65445272661698,122.0
P00028,leg1-cruise,5433.40024919286,5438.083527710344,中继,RU-003,125.85882161427722,122.0
P00044,S003-handoff,5433.40024919286,5442.766806227828,中继,RU-003,127.27724167653642,122.0
P00010,leg1-cruise,5438.083527710344,5442.766806227828,直连,,111.64605386707532,122.0
P00026,leg2-cruise,5438.083527710344,5442.766806227828,直连,,108.42772831553789,122.0
P00028,leg1-cruise,5438.083527710344,5442.766806227828,中继,RU-003,125.95710426408718,122.0
P00010,leg1-cruise,5442.766806227828,5447.676084127041,直连,,121.80885956922042,122.0
P00026,leg2-cruise,5442.766806227828,5447.4936838011545,直连,,108.19399692180293,122.0
P00028,leg1-cruise,5442.766806227828,5452.197666499046,中继,RU-003,126.10313638997955,122.0
P00041,leg2-cruise,5442.766806227828,5452.747082565342,中继,RU-003,126.64712850553009,122.0
P00044,S003-handoff,5442.766806227828,5452.747082565342,中继,RU-003,127.27724167653642,122.0
P00026,leg2-cruise,5447.4936838011545,5452.220561374481,直连,,107.95286270748414,122.0
P00010,leg1-cruise,5447.676084127041,5452.585362026254,中继,RU-003,121.97240613400788,122.0
P00028,leg1-cruise,5452.197666499046,5461.628526770263,中继,RU-003,126.29453828719734,122.0
P00026,leg2-cruise,5452.220561374481,5456.947438947807,直连,,107.70505508101881,122.0
P00010,leg1-cruise,5452.585362026254,5457.494639925468,中继,RU-003,122.13293621124726,122.0
P00041,leg2-cruise,5452.747082565342,5462.727358902855,中继,RU-003,126.49206895006051,122.0
P00044,S003-handoff,5452.747082565342,5462.727358902855,中继,RU-003,127.27724167653642,122.0
P00026,leg2-cruise,5456.947438947807,5461.674316521133,直连,,107.45020777934423,122.0
P00010,leg1-cruise,5457.494639925468,5462.40391782468,中继,RU-003,122.29055884803452,122.0
P00028,leg1-cruise,5461.628526770263,5466.343956905872,中继,RU-003,126.43537485770688,122.0
P00026,leg2-cruise,5461.674316521133,5466.401194094459,直连,,107.18792492947772,122.0
P00010,leg1-cruise,5462.40391782468,5467.313195723893,中继,RU-003,122.4453772942486,122.0
P00041,leg2-cruise,5462.727358902855,5467.717497071611,中继,RU-003,126.37393724240317,122.0
P00044,S003-handoff,5462.727358902855,5472.707635240368,中继,RU-003,127.27724167653642,122.0
P00028,leg1-cruise,5466.343956905872,5471.059387041481,中继,RU-003,126.52801446063471,122.0
P00026,leg2-cruise,5466.401194094459,5471.128071667786,直连,,106.91777797245226,122.0
P00010,leg1-cruise,5467.313195723893,5472.222473623106,中继,RU-003,122.59748940558434,122.0
P00041,leg2-cruise,5467.717497071611,5472.707635240368,中继,RU-003,126.29428414811696,122.0
P00028,leg1-cruise,5471.059387041481,5475.774817177091,中继,RU-003,126.61967751553857,122.0
P00026,leg2-cruise,5471.128071667786,5480.581826814438,直连,,106.49678500483083,122.0
P00010,leg1-cruise,5472.222473623106,5477.13175152232,中继,RU-003,122.74698801221301,122.0
P00041,leg2-cruise,5472.707635240368,5477.697773409125,中继,RU-003,126.21389676242097,122.0
P00044,S003-handoff,5472.707635240368,5482.687911577882,中继,RU-003,127.27724167653642,122.0
P00028,leg1-cruise,5475.774817177091,5480.4902473126995,中继,RU-003,126.71038437325672,122.0
P00010,leg1-cruise,5477.13175152232,5482.041029421533,中继,RU-003,122.89396125653258,122.0
P00041,leg2-cruise,5477.697773409125,5482.687911577882,中继,RU-003,126.13276148027037,122.0
P00028,leg1-cruise,5480.4902473126995,5485.205677448308,中继,RU-003,126.80015475571813,122.0
P00026,leg2-cruise,5480.581826814438,5485.308704387764,直连,,106.05530127720229,122.0
P00010,leg1-cruise,5482.041029421533,5486.950307320745,中继,RU-003,123.03849290306478,122.0
P00041,leg2-cruise,5482.687911577882,5492.668187915395,中继,RU-003,126.00962555160018,122.0
P00044,S003-handoff,5482.687911577882,5492.668187915395,中继,RU-003,127.27724167653642,122.0
P00028,leg1-cruise,5485.205677448308,5489.921107583917,中继,RU-003,126.88900778156291,122.0
P00026,leg2-cruise,5485.308704387764,5490.03558196109,直连,,105.74862897101907,122.0
P00010,leg1-cruise,5486.950307320745,5491.859585219959,中继,RU-003,123.18066262319356,122.0
P00028,leg1-cruise,5489.921107583917,5494.636537719525,中继,RU-003,126.97696199047678,122.0
P00026,leg2-cruise,5490.03558196109,5494.762459534417,直连,,105.43132342163318,122.0
P00010,leg1-cruise,5491.859585219959,5496.768863119172,中继,RU-003,123.32054625716532,122.0
P00041,leg2-cruise,5492.668187915395,5497.658326084152,中继,RU-003,125.88472641922569,122.0
P00044,S003-handoff,5492.668187915395,5502.6484642529085,中继,RU-003,127.27724167653642,122.0
P00028,leg1-cruise,5494.636537719525,5499.351967855135,中继,RU-003,127.064035366308,122.0
P00026,leg2-cruise,5494.762459534417,5499.489337107743,直连,,105.10267150655918,122.0
P00010,leg1-cruise,5496.768863119172,5501.678141018385,中继,RU-003,123.45821605548987,122.0
P00041,leg2-cruise,5497.658326084152,5502.6484642529085,中继,RU-003,125.8004556842752,122.0
P00028,leg1-cruise,5499.351967855135,5508.782828126353,中继,RU-003,127.1930318990636,122.0
P00026,leg2-cruise,5499.489337107743,5504.21621468107,直连,,104.76189305279159,122.0
P00010,leg1-cruise,5501.678141018385,5506.5874189175975,中继,RU-003,123.59374090164397,122.0
P00041,leg2-cruise,5502.6484642529085,5512.628740590422,中继,RU-003,125.67250347337071,122.0
P00044,S003-handoff,5502.6484642529085,5512.628740590422,中继,RU-003,127.27724167653642,122.0
P00026,leg2-cruise,5504.21621468107,5508.943092254395,直连,,104.40813367456698,122.0
P00010,leg1-cruise,5506.5874189175975,5511.496696816811,中继,RU-003,123.72718651780004,122.0
P00028,leg1-cruise,5508.782828126353,5513.498258261961,中继,RU-003,127.32014245029853,122.0
P00026,leg2-cruise,5508.943092254395,5513.669969827722,直连,,104.04045709250394,122.0
P00010,leg1-cruise,5511.496696816811,5521.315252615237,中继,RU-003,123.92359288512716,122.0
P00041,leg2-cruise,5512.628740590422,5522.609016927935,中继,RU-003,125.49892861505649,122.0
P00044,S003-handoff,5512.628740590422,5522.609016927935,中继,RU-003,127.27724167653642,122.0
P00028,leg1-cruise,5513.498258261961,5518.213688397571,中继,RU-003,127.40386196261574,122.0
P00026,leg2-cruise,5513.669969827722,5518.396847401048,直连,,103.65783710479404,122.0
P00028,leg1-cruise,5518.213688397571,5522.9291185331795,中继,RU-003,127.48678295641614,122.0
P00026,leg2-cruise,5518.396847401048,5523.1237249743735,直连,,103.25914954375446,122.0
P00010,leg1-cruise,5521.315252615237,5526.22453051445,中继,RU-003,124.11566168670136,122.0
P00041,leg2-cruise,5522.609016927935,5527.599155096692,中继,RU-003,125.36644378003506,122.0
P00044,S003-handoff,5522.609016927935,5532.589293265449,中继,RU-003,127.27724167653642,122.0
P00028,leg1-cruise,5522.9291185331795,5527.644548668788,中继,RU-003,127.56892050653845,122.0
P00026,leg2-cruise,5523.1237249743735,5527.8506025477,直连,,102.84316481763845,122.0
P00010,leg1-cruise,5526.22453051445,5531.133808413663,中继,RU-003,124.24139075062705,122.0
P00041,leg2-cruise,5527.599155096692,5532.589293265449,中继,RU-003,125.2769900618272,122.0
P00028,leg1-cruise,5527.644548668788,5532.3599788043975,中继,RU-003,127.65028926530533,122.0
P00026,leg2-cruise,5527.8506025477,5532.577480121026,直连,,102.40854207159887,122.0
P00010,leg1-cruise,5531.133808413663,5536.043086312877,中继,RU-003,124.36532796733609,122.0
P00028,leg1-cruise,5532.3599788043975,5537.075408940006,中继,RU-003,127.73090347815156,122.0
P00026,leg2-cruise,5532.577480121026,5537.304357694353,直连,,101.95382670703651,122.0
P00041,leg2-cruise,5532.589293265449,5542.5695696029625,中继,RU-003,125.14106701129613,122.0
P00044,S003-handoff,5532.589293265449,5542.5695696029625,中继,RU-003,127.27724167653642,122.0
P00010,leg1-cruise,5536.043086312877,5540.952364212089,中继,RU-003,124.48752363449132,122.0
P00028,leg1-cruise,5537.075408940006,5541.790839075615,中继,RU-003,127.81077699853921,122.0
P00026,leg2-cruise,5537.304357694353,5546.758112841006,直连,,101.23063069903813,122.0
P00010,leg1-descent,5540.952364212089,5550.33885626008,中继,RU-003,124.54747938087219,122.0
P00028,leg1-cruise,5541.790839075615,5546.506269211224,中继,RU-003,127.88992330219392,122.0
P00041,leg2-cruise,5542.5695696029625,5552.549845940475,中继,RU-003,124.95648089865988,122.0
P00044,S003-handoff,5542.5695696029625,5552.549845940475,中继,RU-003,127.27724167653642,122.0
P00028,leg1-cruise,5546.506269211224,5551.221699346833,中继,RU-003,127.96835550070477,122.0
P00026,leg2-cruise,5546.758112841006,5551.484990414332,直连,,100.45303643887036,122.0
P00010,leg1-descent,5550.33885626008,5559.725348308071,中继,RU-003,124.54655250855966,122.0
P00028,leg1-cruise,5551.221699346833,5555.937129482441,中继,RU-003,128.04608635451456,122.0
P00026,leg2-cruise,5551.484990414332,5556.211867987658,直连,,99.90155145248742,122.0
P00041,leg2-cruise,5552.549845940475,5562.530122277989,中继,RU-003,124.76790904922115,122.0
P00044,S003-handoff,5552.549845940475,5562.530122277989,中继,RU-003,127.27724167653642,122.0
P00028,leg1-cruise,5555.937129482441,5565.3679897536595,中继,RU-003,128.16139469672845,122.0
P00026,leg2-cruise,5556.211867987658,5560.938745560984,直连,,99.32171160477156,122.0
P00010,leg1-descent,5559.725348308071,5569.111840356062,中继,RU-003,124.54573426508396,122.0
P00026,leg2-cruise,5560.938745560984,5565.66562313431,直连,,98.71224182544073,122.0
P00041,leg2-cruise,5562.530122277989,5572.510398615503,中继,RU-003,124.57517660863616,122.0
P00044,S003-handoff,5562.530122277989,5572.510398615503,中继,RU-003,127.27724167653642,122.0
P00028,leg1-descent,5565.3679897536595,5573.528736335691,中继,RU-003,128.23712948451592,122.0
P00026,leg2-cruise,5565.66562313431,5570.392500707637,直连,,98.07253165671887,122.0
P00010,leg1-descent,5569.111840356062,5578.498332404054,中继,RU-003,124.54502471189024,122.0
P00026,leg2-cruise,5570.392500707637,5575.119378280963,直连,,97.40319950501909,122.0
P00041,leg2-cruise,5572.510398615503,5577.500536784259,中继,RU-003,124.42778514192592,122.0
P00044,S003-handoff,5572.510398615503,5582.4906749530155,中继,RU-003,127.27724167653642,122.0
P00028,leg1-descent,5573.528736335691,5581.689482917722,中继,RU-003,128.23657795710423,122.0
P00026,leg2-cruise,5575.119378280963,5584.573133427615,直连,,96.35061630863413,122.0
P00041,leg2-cruise,5577.500536784259,5582.4906749530155,中继,RU-003,124.32812484357841,122.0
P00010,leg1-descent,5578.498332404054,5587.884824452045,中继,RU-003,124.54442390228347,122.0
P00028,leg1-descent,5581.689482917722,5589.850229499753,中继,RU-003,128.2360813100873,122.0
P00041,leg2-cruise,5582.4906749530155,5592.470951290529,中继,RU-003,124.1764710383717,122.0
P00044,S003-handoff,5582.4906749530155,5592.470951290529,中继,RU-003,127.27724167653642,122.0
P00026,leg2-cruise,5584.573133427615,5589.300011000942,直连,,95.26499387469542,122.0
P00010,leg1-descent,5587.884824452045,5597.271316500036,中继,RU-003,124.54393188141522,122.0
P00026,leg2-cruise,5589.300011000942,5594.026888574268,直连,,94.55170314140355,122.0
P00028,leg1-descent,5589.850229499753,5598.010976081784,中继,RU-003,128.23563956230262,122.0
P00041,leg2-cruise,5592.470951290529,5597.461089459286,中继,RU-003,124.02214025029897,122.0
P00044,S003-handoff,5592.470951290529,5602.451227628043,中继,RU-003,127.27724167653642,122.0
P00026,leg2-cruise,5594.026888574268,5598.753766147594,直连,,93.88252875990732,122.0
P00010,leg1-descent,5597.271316500036,5606.657808548027,中继,RU-003,124.5435486862723,122.0
P00041,leg2-cruise,5597.461089459286,5602.451227628043,中继,RU-003,123.9177188884783,122.0
P00028,leg1-descent,5598.010976081784,5606.171722663816,中继,RU-003,128.23525273050964,122.0
P00026,leg2-cruise,5598.753766147594,5603.48064372092,直连,,93.30290137207164,122.0
P00041,leg2-cruise,5602.451227628043,5612.431503965556,中继,RU-003,123.75871168193143,122.0
P00044,S003-handoff,5602.451227628043,5612.431503965556,中继,RU-003,127.27724167653642,122.0
P00026,leg2-cruise,5603.48064372092,5612.934398867573,直连,,92.72331402061256,122.0
P00028,S008-handoff,5606.171722663816,5615.686937121857,中继,RU-003,128.23507991277862,122.0
P00010,S005-handoff,5606.657808548027,5616.1122622705425,中继,RU-003,124.54339790767136,122.0
P00041,leg2-cruise,5612.431503965556,5622.4117803030695,中继,RU-003,123.54210468817064,122.0
P00044,S003-handoff,5612.431503965556,5622.4117803030695,中继,RU-003,127.27724167653642,122.0
P00026,leg2-descent,5612.934398867573,5622.842833076226,直连,,92.34613147278763,122.0
P00028,S008-handoff,5615.686937121857,5625.202151579899,中继,RU-003,128.23507991277862,122.0
P00010,S005-handoff,5616.1122622705425,5625.566715993058,中继,RU-003,124.54339790767136,122.0
P00041,leg2-cruise,5622.4117803030695,5632.392056640583,中继,RU-003,123.32000087187302,122.0
P00044,S003-handoff,5622.4117803030695,5632.392056640583,中继,RU-003,127.27724167653642,122.0
P00026,leg2-descent,5622.842833076226,5632.751267284881,直连,,91.80715635239045,122.0
P00028,S008-handoff,5625.202151579899,5634.717366037941,中继,RU-003,128.23507991277862,122.0
P00010,S005-handoff,5625.566715993058,5635.021169715573,中继,RU-003,124.54339790767136,122.0
P00041,leg2-cruise,5632.392056640583,5642.372332978096,中继,RU-003,123.09211643661486,122.0
P00044,S003-handoff,5632.392056640583,5642.372332978096,中继,RU-003,127.27724167653642,122.0
P00026,leg2-descent,5632.751267284881,5642.659701493534,直连,,91.23251126754326,122.0
P00028,S008-handoff,5634.717366037941,5644.232580495983,中继,RU-003,128.23507991277862,122.0
P00010,S005-handoff,5635.021169715573,5644.475623438088,中继,RU-003,124.54339790767136,122.0
P00041,leg2-cruise,5642.372332978096,5652.35260931561,中继,RU-003,122.85814523636411,122.0
P00044,S003-handoff,5642.372332978096,5652.35260931561,中继,RU-003,127.27724167653642,122.0
P00026,leg2-descent,5642.659701493534,5652.568135702189,直连,,90.61713813953463,122.0
P00028,S008-handoff,5644.232580495983,5653.747794954024,中继,RU-003,128.23507991277862,122.0
P00010,S005-handoff,5644.475623438088,5653.930077160604,中继,RU-003,124.54339790767136,122.0
P00041,leg2-cruise,5652.35260931561,5662.332885653123,中继,RU-003,122.61775639076154,122.0
P00044,S003-handoff,5652.35260931561,5662.332885653123,中继,RU-003,127.27724167653642,122.0
P00026,leg2-descent,5652.568135702189,5662.476569910842,直连,,89.95482035762062,122.0
P00028,S008-handoff,5653.747794954024,5663.263009412067,中继,RU-003,128.23507991277862,122.0
P00010,S005-handoff,5653.930077160604,5663.384530883119,中继,RU-003,124.54339790767136,122.0
P00041,leg2-cruise,5662.332885653123,5672.313161990636,中继,RU-003,122.37059157756717,122.0
P00044,S003-handoff,5662.332885653123,5672.313161990636,中继,RU-003,127.27724167653642,122.0
P00026,leg2-descent,5662.476569910842,5672.385004119496,直连,,89.23779950685315,122.0
P00028,S008-handoff,5663.263009412067,5672.778223870108,中继,RU-003,128.23507991277862,122.0
P00010,S005-handoff,5663.384530883119,5672.838984605634,中继,RU-003,124.54339790767136,122.0
P00041,leg2-cruise,5672.313161990636,5682.29343832815,中继,RU-003,122.11626194916558,122.0
P00044,S003-handoff,5672.313161990636,5682.29343832815,中继,RU-003,127.27724167653642,122.0
P00026,leg2-descent,5672.385004119496,5682.29343832815,直连,,88.45621919387565,122.0
P00028,S008-handoff,5672.778223870108,5682.29343832815,中继,RU-003,128.23507991277862,122.0
P00010,S005-handoff,5672.838984605634,5692.001449546934,中继,RU-003,124.54339790767136,122.0
P00026,leg2-descent,5682.29343832815,5692.137134936137,直连,,87.60024186278042,122.0
P00028,S008-handoff,5682.29343832815,5691.933337406718,中继,RU-003,128.23507991277862,122.0
P00041,leg2-cruise,5682.29343832815,5687.166331915647,直连,,121.92210956810489,122.0
P00044,S003-handoff,5682.29343832815,5687.365429056213,中继,RU-003,127.27724167653642,122.0
P00041,leg2-cruise,5687.166331915647,5692.039225503145,直连,,111.79234587769973,122.0
P00044,leg2-climb,5687.365429056213,5697.2900574199275,中继,RU-003,127.27764401298235,122.0
P00028,S008-handoff,5691.933337406718,5701.573236485287,中继,RU-003,128.23507991277862,122.0
P00010,S005-handoff,5692.001449546934,5701.709460765718,中继,RU-003,124.54339790767136,122.0
P00041,leg2-cruise,5692.039225503145,5701.785012678139,直连,,111.59403526627585,122.0
P00026,leg2-descent,5692.137134936137,5701.980831544124,直连,,86.65388297153747,122.0
P00044,leg2-climb,5697.2900574199275,5707.214685783643,中继,RU-003,127.27852456433072,122.0
P00028,S008-handoff,5701.573236485287,5711.213135563856,中继,RU-003,128.23507991277862,122.0
P00010,S005-handoff,5701.709460765718,5711.417471984502,中继,RU-003,124.54339790767136,122.0
P00041,leg2-cruise,5701.785012678139,5711.530799853133,直连,,111.3224658408502,122.0
P00026,leg2-descent,5701.980831544124,5711.824528152112,直连,,85.5916628162901,122.0
P00044,leg2-climb,5707.214685783643,5717.139314147358,中继,RU-003,127.27950623491944,122.0
P00028,S008-handoff,5711.213135563856,5720.853034642424,中继,RU-003,128.23507991277862,122.0
P00010,S005-handoff,5711.417471984502,5721.125483203286,中继,RU-003,124.54339790767136,122.0
P00041,leg2-cruise,5711.530799853133,5721.276587028127,直连,,111.04224745946188,122.0
P00026,leg2-descent,5711.824528152112,5721.668224760099,直连,,84.38120187310048,122.0
P00044,leg2-climb,5717.139314147358,5727.063942511074,中继,RU-003,127.28058895615204,122.0
P00028,S008-handoff,5720.853034642424,5730.492933720992,中继,RU-003,128.23507991277862,122.0
P00010,S005-handoff,5721.125483203286,5730.8334944220705,中继,RU-003,124.54339790767136,122.0
P00041,leg2-cruise,5721.276587028127,5731.022374203122,直连,,110.75281954200946,122.0
P00026,leg2-descent,5721.668224760099,5731.511921368086,直连,,82.97430784717434,122.0
P00044,leg2-climb,5727.063942511074,5736.988570874789,中继,RU-003,127.28177265241285,122.0
P00028,S008-handoff,5730.492933720992,5740.132832799562,中继,RU-003,128.23507991277862,122.0
P00010,S005-handoff,5730.8334944220705,5740.541505640855,中继,RU-003,124.54339790767136,122.0
P00041,leg2-cruise,5731.022374203122,5740.768161378117,直连,,110.45356614004703,122.0
P00026,leg2-descent,5731.511921368086,5741.3556179760735,直连,,81.29463918689407,122.0
P00044,leg2-climb,5736.988570874789,5746.913199238505,中继,RU-003,127.2830572410846,122.0
P00028,S008-handoff,5740.132832799562,5749.77273187813,中继,RU-003,128.23507991277862,122.0
P00010,S005-handoff,5740.541505640855,5750.249516859639,中继,RU-003,124.54339790767136,122.0
P00041,leg2-cruise,5740.768161378117,5750.513948553111,直连,,110.1438085501133,122.0
P00026,leg2-descent,5741.3556179760735,5751.199314584061,直连,,79.21035222830649,122.0
P00044,leg2-climb,5746.913199238505,5756.8378276022195,中继,RU-003,127.28444263256758,122.0
P00028,S008-handoff,5749.77273187813,5759.412630956698,中继,RU-003,128.23507991277862,122.0
P00010,S005-handoff,5750.249516859639,5759.957528078423,中继,RU-003,124.54339790767136,122.0
P00041,leg2-cruise,5750.513948553111,5760.259735728106,直连,,109.82279668519284,122.0
P00026,leg2-descent,5751.199314584061,5761.043011192048,直连,,76.46250333047885,122.0
P00044,leg2-climb,5756.8378276022195,5766.762455965935,中继,RU-003,127.28592873030037,122.0
P00028,S008-handoff,5759.412630956698,5769.052530035267,中继,RU-003,128.23507991277862,122.0
P00010,S005-handoff,5759.957528078423,5769.665539297207,中继,RU-003,124.54339790767136,122.0
P00041,leg2-cruise,5760.259735728106,5770.0055229030995,直连,,109.48969895375204,122.0
P00026,leg2-descent,5761.043011192048,5770.886707800036,直连,,72.42002101466151,122.0
P00044,leg2-climb,5766.762455965935,5776.68708432965,中继,RU-003,127.28751543078232,122.0
P00028,S008-handoff,5769.052530035267,5778.692429113836,中继,RU-003,128.23507991277862,122.0
P00010,S005-handoff,5769.665539297207,5779.373550515991,中继,RU-003,124.54339790767136,122.0
P00041,leg2-cruise,5770.0055229030995,5779.751310078094,直连,,109.143590337875,122.0
P00026,leg2-descent,5770.886707800036,5780.730404408023,直连,,64.61908063532024,122.0
P00044,leg2-cruise,5776.68708432965,5781.626591520375,中继,RU-003,127.24406602115486,122.0
P00028,S008-handoff,5778.692429113836,5788.332328192404,中继,RU-003,128.23507991277862,122.0
P00010,S005-handoff,5779.373550515991,5789.081561734775,中继,RU-003,124.54339790767136,122.0
P00041,leg2-cruise,5779.751310078094,5784.624203665591,直连,,108.87485383837014,122.0
P00026,leg2-descent,5780.730404408023,5790.57410101601,直连,,57.77882538200662,122.0
P00044,leg2-cruise,5781.626591520375,5786.566098711099,中继,RU-003,127.15482423482962,122.0
P00041,leg2-cruise,5784.624203665591,5789.497097253089,直连,,108.69107342524576,122.0
P00044,leg2-cruise,5786.566098711099,5791.5056059018225,中继,RU-003,127.06465899493345,122.0
P00028,S008-handoff,5788.332328192404,5797.972227270973,中继,RU-003,128.23507991277862,122.0
P00010,S005-handoff,5789.081561734775,5798.789572953559,中继,RU-003,124.54339790767136,122.0
P00041,leg2-cruise,5789.497097253089,5799.242884428083,直连,,108.40808597075737,122.0
P00044,leg2-cruise,5791.5056059018225,5801.384620283272,中继,RU-003,126.97355105933578,122.0
P00028,S008-handoff,5797.972227270973,5807.6121263495415,中继,RU-003,128.23507991277862,122.0
P00010,S005-handoff,5798.789572953559,5808.4975841723435,中继,RU-003,124.54339790767136,122.0
P00041,leg2-cruise,5799.242884428083,5808.988671603078,直连,,108.01623225813017,122.0
P00044,leg2-cruise,5801.384620283272,5811.26363466472,中继,RU-003,126.78842707915217,122.0
P00028,S008-handoff,5807.6121263495415,5817.25202542811,中继,RU-003,128.23507991277862,122.0
P00010,S005-handoff,5808.4975841723435,5818.205595391128,中继,RU-003,124.54339790767136,122.0
P00041,leg2-cruise,5808.988671603078,5818.734458778072,直连,,107.60640777499673,122.0
P00044,leg2-cruise,5811.26363466472,5821.142649046169,中继,RU-003,126.59928577603914,122.0
P00028,S008-handoff,5817.25202542811,5826.891924506678,中继,RU-003,128.23507991277862,122.0
P00010,S005-handoff,5818.205595391128,5827.913606609912,中继,RU-003,124.54339790767136,122.0
P00041,leg2-cruise,5818.734458778072,5828.4802459530665,直连,,107.1769460633746,122.0
P00044,leg2-cruise,5821.142649046169,5831.021663427617,中继,RU-003,126.40594963593821,122.0
P00028,S008-handoff,5826.891924506678,5836.531823585247,中继,RU-003,128.23507991277862,122.0
P00010,S005-handoff,5827.913606609912,5837.621617828696,中继,RU-003,124.54339790767136,122.0
P00041,leg2-cruise,5828.4802459530665,5838.226033128061,直连,,106.7259487863083,122.0
P00044,leg2-cruise,5831.021663427617,5840.900677809066,中继,RU-003,126.20822916329477,122.0
P00028,S008-handoff,5836.531823585247,5846.171722663816,中继,RU-003,128.23507991277862,122.0
P00010,S005-handoff,5837.621617828696,5847.329629047481,中继,RU-003,124.54339790767136,122.0
P00041,leg2-cruise,5838.226033128061,5847.971820303055,直连,,106.25124362739143,122.0
P00044,leg2-cruise,5840.900677809066,5850.779692190514,中继,RU-003,126.0059217829048,122.0
P00028,leg2-climb,5846.171722663816,5854.672500353432,中继,RU-003,128.23529808074372,122.0
P00010,S005-handoff,5847.329629047481,5857.037640266265,中继,RU-003,124.54339790767136,122.0
P00041,leg2-cruise,5847.971820303055,5857.71760747805,直连,,105.75033331360476,122.0
P00044,leg2-cruise,5850.779692190514,5855.7191993812385,中继,RU-003,125.79881061364924,122.0
P00028,leg2-climb,5854.672500353432,5863.1732780430475,中继,RU-003,128.2357987831089,122.0
P00044,leg2-cruise,5855.7191993812385,5860.658706571963,中继,RU-003,125.69338158659917,122.0
P00010,S005-handoff,5857.037640266265,5866.745651485049,中继,RU-003,124.54339790767136,122.0
P00041,leg2-cruise,5857.71760747805,5867.463394653045,直连,,105.22033400358279,122.0
P00044,leg2-cruise,5860.658706571963,5865.598213762687,中继,RU-003,125.58666309580606,122.0
P00028,leg2-climb,5863.1732780430475,5871.674055732663,中继,RU-003,128.23638528211953,122.0
P00044,leg2-cruise,5865.598213762687,5870.537720953411,中继,RU-003,125.47862336887079,122.0
P00010,S005-handoff,5866.745651485049,5876.453662703833,中继,RU-003,124.54339790767136,122.0
P00041,leg2-cruise,5867.463394653045,5872.336288240542,直连,,104.80175270458277,122.0
P00044,leg2-cruise,5870.537720953411,5875.477228144136,中继,RU-003,125.36922945060958,122.0
P00028,leg2-climb,5871.674055732663,5880.174833422279,中继,RU-003,128.23705754301272,122.0
P00041,leg2-cruise,5872.336288240542,5877.209181828039,直连,,104.5117826727429,122.0
P00044,leg2-cruise,5875.477228144136,5880.41673533486,中继,RU-003,125.25844714392346,122.0
P00010,S005-handoff,5876.453662703833,5886.161673922617,中继,RU-003,124.54339790767136,122.0
P00041,leg2-cruise,5877.209181828039,5882.082075415536,直连,,104.21247410668467,122.0
P00028,leg2-cruise,5880.174833422279,5889.692493551563,中继,RU-003,128.16069182283618,122.0
P00044,leg2-cruise,5880.41673533486,5885.356242525584,中继,RU-003,125.14624094697076,122.0
P00041,leg2-cruise,5882.082075415536,5886.9549690030335,直连,,103.90326062775056,122.0
P00044,leg2-cruise,5885.356242525584,5890.295749716308,中继,RU-003,125.03257398632297,122.0
P00010,S005-handoff,5886.161673922617,5895.8696851414015,中继,RU-003,124.54339790767136,122.0
P00041,leg2-cruise,5886.9549690030335,5896.700756178027,直连,,103.41951658385096,122.0
P00028,leg2-cruise,5889.692493551563,5894.451323616205,中继,RU-003,128.04430559475193,122.0
P00044,leg2-cruise,5890.295749716308,5895.235256907033,中继,RU-003,124.91740794582681,122.0
P00028,leg2-cruise,5894.451323616205,5899.210153680847,中继,RU-003,127.96583993763701,122.0
P00044,leg2-cruise,5895.235256907033,5900.174764097757,中继,RU-003,124.80070299080403,122.0
P00010,S005-handoff,5895.8696851414015,5905.577696360186,中继,RU-003,124.54339790767136,122.0
P00041,leg2-cruise,5896.700756178027,5906.446543353022,直连,,102.7337242258685,122.0
P00028,leg2-cruise,5899.210153680847,5903.968983745488,中继,RU-003,127.88665955257548,122.0
P00044,leg2-cruise,5900.174764097757,5905.114271288481,中继,RU-003,124.68241768726077,122.0
P00028,leg2-cruise,5903.968983745488,5908.72781381013,中继,RU-003,127.80675131044977,122.0
P00044,leg2-cruise,5905.114271288481,5910.053778479205,中继,RU-003,124.56250891567542,122.0
P00010,S005-handoff,5905.577696360186,5915.28570757897,中继,RU-003,124.54339790767136,122.0
P00041,leg2-cruise,5906.446543353022,5916.192330528017,直连,,101.9956080869058,122.0
P00028,leg2-cruise,5908.72781381013,5913.486643874772,中继,RU-003,127.72610171734246,122.0
P00044,leg2-cruise,5910.053778479205,5914.99328566993,中继,RU-003,124.44093177894524,122.0
P00028,leg2-cruise,5913.486643874772,5918.245473939414,中继,RU-003,127.64469690090559,122.0
P00044,leg2-cruise,5914.99328566993,5919.932792860654,中继,RU-003,124.31763950401623,122.0
P00010,S005-handoff,5915.28570757897,5924.993718797754,中继,RU-003,124.54339790767136,122.0
P00041,leg2-cruise,5916.192330528017,5925.938117703011,直连,,101.19809950139685,122.0
P00028,leg2-cruise,5918.245473939414,5923.004304004056,中继,RU-003,127.56252259608728,122.0
P00044,leg2-cruise,5919.932792860654,5924.872300051378,中继,RU-003,124.19258333664231,122.0
P00028,leg2-cruise,5923.004304004056,5927.763134068698,中继,RU-003,127.47956413018792,122.0
P00044,leg2-cruise,5924.872300051378,5929.811807242102,中继,RU-003,124.06571242874193,122.0
P00010,S005-handoff,5924.993718797754,5934.701730016538,中继,RU-003,124.54339790767136,122.0
P00041,leg2-cruise,5925.938117703011,5935.683904878006,直连,,100.3333107876204,122.0
P00028,leg2-cruise,5927.763134068698,5932.521964133339,中继,RU-003,127.39580640718742,122.0
P00044,leg2-cruise,5929.811807242102,5934.751314432827,中继,RU-003,123.93697371768859,122.0
P00028,leg2-cruise,5932.521964133339,5937.280794197981,中继,RU-003,127.31123389132046,122.0
P00010,S005-handoff,5934.701730016538,5944.409741235322,中继,RU-003,124.54339790767136,122.0
P00044,leg2-cruise,5934.751314432827,5939.6908216235515,中继,RU-003,123.80631179685813,122.0
P00041,leg2-cruise,5935.683904878006,5945.429692053,直连,,99.39299647358179,122.0
P00028,leg2-cruise,5937.280794197981,5946.798454327265,中继,RU-003,127.18281226739127,122.0
P00044,leg2-cruise,5939.6908216235515,5944.630328814275,中继,RU-003,123.67366877663986,122.0
P00010,S005-handoff,5944.409741235322,5954.117752454106,中继,RU-003,124.54339790767136,122.0
P00044,leg2-cruise,5944.630328814275,5949.569836004999,中继,RU-003,123.53898413511061,122.0
P00041,leg2-cruise,5945.429692053,5955.175479227994,直连,,98.36989683612285,122.0
P00028,leg2-cruise,5946.798454327265,5951.557284391907,中继,RU-003,127.05246526484947,122.0
P00044,leg2-cruise,5949.569836004999,5954.509343195724,中继,RU-003,123.40219455740478,122.0
P00028,leg2-cruise,5951.557284391907,5956.316114456548,中继,RU-003,126.96446880366375,122.0
P00010,S005-handoff,5954.117752454106,5963.82576367289,中继,RU-003,124.54339790767136,122.0
P00044,leg2-cruise,5954.509343195724,5959.448850386449,中继,RU-003,123.26323376276204,122.0
P00041,leg2-cruise,5955.175479227994,5964.921266402989,直连,,97.26112074933806,122.0
P00028,leg2-cruise,5956.316114456548,5961.0749445211895,中继,RU-003,126.87557264065256,122.0
P00044,leg2-cruise,5959.448850386449,5964.388357577172,中继,RU-003,123.12203231812798,122.0
P00028,leg2-cruise,5961.0749445211895,5965.833774585832,中继,RU-003,126.78575820808224,122.0
P00010,S005-handoff,5963.82576367289,5973.5337748916745,中继,RU-003,124.54339790767136,122.0
P00044,leg2-cruise,5964.388357577172,5969.327864767896,中继,RU-003,122.97851743701189,122.0
P00041,leg2-cruise,5964.921266402989,5969.794159990486,直连,,96.37809810532984,122.0
P00028,leg2-cruise,5965.833774585832,5970.592604650474,中继,RU-003,126.69500635806821,122.0
P00044,leg2-cruise,5969.327864767896,5974.267371958621,中继,RU-003,122.83261276223978,122.0
P00041,leg2-cruise,5969.794159990486,5974.667053577983,直连,,95.77139048384666,122.0
P00028,leg2-cruise,5970.592604650474,5975.351434715116,中继,RU-003,126.60329733817633,122.0
P00010,S005-handoff,5973.5337748916745,5983.241786110459,中继,RU-003,124.54339790767136,122.0
P00044,leg2-cruise,5974.267371958621,5979.206879149346,中继,RU-003,122.68423813101678,122.0
P00041,leg2-cruise,5974.667053577983,5979.53994716548,直连,,95.15862899838696,122.0
P00028,leg2-cruise,5975.351434715116,5980.110264779758,中继,RU-003,126.51061076573421,122.0
P00044,leg2-cruise,5979.206879149346,5984.1463863400695,中继,RU-003,122.5333093205948,122.0
P00041,leg2-cruise,5979.53994716548,5984.412840752978,直连,,94.55173767169764,122.0
P00028,leg2-cruise,5980.110264779758,5984.869094844399,中继,RU-003,126.41692560076044,122.0
P00010,S005-handoff,5983.241786110459,5992.949797329243,中继,RU-003,124.54339790767136,122.0
P00044,leg2-cruise,5984.1463863400695,5989.085893530793,中继,RU-003,122.37973777257244,122.0
P00041,leg2-cruise,5984.412840752978,5994.158627927972,直连,,93.6928578177403,122.0
P00028,leg2-cruise,5984.869094844399,5994.386754973683,中继,RU-003,126.27447777215545,122.0
P00044,leg2-cruise,5989.085893530793,5994.025400721518,中继,RU-003,122.22343029372185,122.0
P00010,S005-handoff,5992.949797329243,6002.657808548027,中继,RU-003,124.54339790767136,122.0
P00044,leg2-cruise,5994.025400721518,5998.964907912243,中继,RU-003,122.0642887309067,122.0
P00041,leg2-cruise,5994.158627927972,6003.904415102967,直连,,92.78844402744426,122.0
P00028,leg2-cruise,5994.386754973683,6003.904415102967,中继,RU-003,126.08084339393153,122.0
P00044,leg2-cruise,5998.964907912243,6003.904415102967,直连,,121.9022096173993,122.0
P00010,leg2-climb,6002.657808548027,6012.457373255268,中继,RU-003,124.54342105451903,122.0
P00028,leg2-cruise,6003.904415102967,6008.613047047623,中继,RU-003,125.9332599607252,122.0
P00041,leg2-cruise,6003.904415102967,6009.637009123279,直连,,92.42628063700421,122.0
P00044,leg2-cruise,6003.904415102967,6008.613047047623,直连,,121.74097844687083,122.0
P00028,leg2-cruise,6008.613047047623,6013.321678992279,中继,RU-003,125.83416937119786,122.0
P00044,leg2-cruise,6008.613047047623,6013.321678992279,直连,,111.58070034420254,122.0
P00041,leg2-descent,6009.637009123279,6019.337709156361,直连,,92.13827622166224,122.0
P00010,leg2-climb,6012.457373255268,6021.01033140757,中继,RU-003,124.54410340267944,122.0
P00028,leg2-cruise,6013.321678992279,6018.030310936935,中继,RU-003,125.7339368042701,122.0
P00044,leg2-cruise,6013.321678992279,6018.030310936935,直连,,111.4174461990382,122.0
P00028,leg2-cruise,6018.030310936935,6022.738942881591,中继,RU-003,125.63253566857323,122.0
P00044,leg2-cruise,6018.030310936935,6022.738942881591,直连,,111.2511049146797,122.0
P00041,leg2-descent,6019.337709156361,6029.038409189443,直连,,91.59777422479047,122.0
P00010,leg2-climb,6021.01033140757,6029.563289559872,中继,RU-003,124.54471883575397,122.0
P00028,leg2-cruise,6022.738942881591,6027.447574826248,中继,RU-003,125.52993843435652,122.0
P00044,leg2-cruise,6022.738942881591,6027.447574826248,直连,,111.0815591492689,122.0
P00028,leg2-cruise,6027.447574826248,6032.156206770904,中继,RU-003,125.42611658887073,122.0
P00044,leg2-cruise,6027.447574826248,6032.156206770904,直连,,110.9086848468761,122.0
P00041,leg2-descent,6029.038409189443,6038.739109222524,直连,,91.02139307292114,122.0
P00010,leg2-climb,6029.563289559872,6038.116247712173,中继,RU-003,124.54547537328213,122.0
P00028,leg2-cruise,6032.156206770904,6041.573470660216,中继,RU-003,125.26802275511362,122.0
P00044,leg2-cruise,6032.156206770904,6041.573470660216,直连,,110.7323507246377,122.0
P00010,leg2-climb,6038.116247712173,6046.669205864476,中继,RU-003,124.54637294152056,122.0
P00041,leg2-descent,6038.739109222524,6048.439809255606,直连,,90.40402853536594,122.0
P00028,leg2-cruise,6041.573470660216,6046.282102604872,中继,RU-003,125.10700249889048,122.0
P00044,leg2-cruise,6041.573470660216,6046.282102604872,直连,,110.36873832969233,122.0
P00028,leg2-cruise,6046.282102604872,6050.9907345495285,中继,RU-003,124.99797570382172,122.0
P00044,leg2-cruise,6046.282102604872,6050.9907345495285,直连,,110.18115602277483,122.0
P00010,leg2-climb,6046.669205864476,6055.222164016777,中继,RU-003,124.54741145301784,122.0
P00041,leg2-descent,6048.439809255606,6058.140509288688,直连,,89.73940319556694,122.0
P00028,leg2-cruise,6050.9907345495285,6060.407998438841,中继,RU-003,124.83183006614274,122.0
P00044,leg2-cruise,6050.9907345495285,6055.699366494185,直连,,109.98950440625221,122.0
P00010,leg2-cruise,6055.222164016777,6059.6957165465865,中继,RU-003,124.49290681373805,122.0
P00044,leg2-cruise,6055.699366494185,6060.407998438841,直连,,109.79360644966654,122.0
P00041,leg2-descent,6058.140509288688,6067.841209321769,直连,,89.01967686147603,122.0
P00010,leg2-cruise,6059.6957165465865,6064.169269076396,中继,RU-003,124.38169569549677,122.0
P00028,leg2-cruise,6060.407998438841,6065.116630383497,中继,RU-003,124.66244980492287,122.0
P00044,leg2-cruise,6060.407998438841,6065.116630383497,直连,,109.59327357091291,122.0
P00010,leg2-cruise,6064.169269076396,6073.116374136013,中继,RU-003,124.21216601167365,122.0
P00028,leg2-cruise,6065.116630383497,6069.825262328153,中继,RU-003,124.54766961229274,122.0
P00044,leg2-cruise,6065.116630383497,6069.825262328153,直连,,109.3883046357613,122.0
P00041,leg2-descent,6067.841209321769,6077.541909354851,直连,,88.23488049727666,122.0
P00028,leg2-cruise,6069.825262328153,6074.53389427281,中继,RU-003,124.43135510018222,122.0
P00044,leg2-cruise,6069.825262328153,6074.53389427281,直连,,109.17848485037625,122.0
P00010,leg2-cruise,6073.116374136013,6082.063479195632,中继,RU-003,123.98085990090485,122.0
P00028,leg2-cruise,6074.53389427281,6079.242526217467,中继,RU-003,124.31346477126601,122.0
P00044,leg2-cruise,6074.53389427281,6079.242526217467,直连,,108.96358453342103,122.0
P00041,leg2-descent,6077.541909354851,6087.242609387932,直连,,87.37206810250015,122.0
P00028,leg2-cruise,6079.242526217467,6083.951158162123,中继,RU-003,124.19395542495289,122.0
P00044,leg2-cruise,6079.242526217467,6083.951158162123,直连,,108.7433577524679,122.0
P00010,leg2-cruise,6082.063479195632,6091.01058425525,中继,RU-003,123.74323358829652,122.0
P00028,leg2-cruise,6083.951158162123,6088.659790106779,中继,RU-003,124.07278206306498,122.0
P00044,leg2-cruise,6083.951158162123,6088.659790106779,直连,,108.51754080738917,122.0
P00041,leg2-descent,6087.242609387932,6096.943309421014,直连,,86.41399903916442,122.0
P00028,leg2-cruise,6088.659790106779,6093.368422051435,中继,RU-003,123.94989778892034,122.0
P00044,leg2-cruise,6088.659790106779,6093.368422051435,直连,,108.28585054084765,122.0
P00010,leg2-cruise,6091.01058425525,6099.957689314868,中继,RU-003,123.49893246395015,122.0
P00028,leg2-cruise,6093.368422051435,6098.077053996091,中继,RU-003,123.82525369923836,122.0
P00044,leg2-cruise,6093.368422051435,6098.077053996091,直连,,108.04798245339336,122.0
P00041,leg2-descent,6096.943309421014,6106.644009454096,直连,,85.33699956408346,122.0
P00028,leg2-cruise,6098.077053996091,6102.7856859407475,中继,RU-003,123.69879876826882,122.0
P00044,leg2-cruise,6098.077053996091,6102.7856859407475,直连,,107.80360859748033,122.0
P00010,leg2-cruise,6099.957689314868,6104.431241844677,中继,RU-003,123.3110957627974,122.0
P00028,leg2-cruise,6102.7856859407475,6107.494317885404,中继,RU-003,123.57047972344398,122.0
P00044,leg2-cruise,6102.7856859407475,6107.494317885404,直连,,107.55237522134033,122.0
P00010,leg2-cruise,6104.431241844677,6108.904794374486,中继,RU-003,123.1835794592203,122.0
P00041,leg2-descent,6106.644009454096,6116.344709487177,直连,,84.10730155308309,122.0
P00028,leg2-cruise,6107.494317885404,6116.911581774716,中继,RU-003,123.37438351591007,122.0
P00044,leg2-cruise,6107.494317885404,6112.20294983006,直连,,107.293900129707,122.0
P00010,leg2-cruise,6108.904794374486,6117.851899434105,中继,RU-003,122.98873039814023,122.0
P00044,leg2-cruise,6112.20294983006,6116.911581774716,直连,,107.02776972438065,122.0
P00041,leg2-descent,6116.344709487177,6126.045409520259,直连,,82.6743376356343,122.0
P00028,leg2-cruise,6116.911581774716,6121.620213719372,中继,RU-003,123.17376860188995,122.0
P00044,leg2-cruise,6116.911581774716,6121.620213719372,直连,,106.753535683112,122.0
P00010,leg2-cruise,6117.851899434105,6126.799004493722,中继,RU-003,122.72195183801136,122.0
P00028,leg2-cruise,6121.620213719372,6126.328845664028,中继,RU-003,123.03741054745132,122.0
P00044,leg2-cruise,6121.620213719372,6126.328845664028,直连,,106.47071123108039,122.0
P00041,leg2-descent,6126.045409520259,6135.746109553341,直连,,80.957339475438,122.0
P00028,leg2-cruise,6126.328845664028,6135.746109553341,中继,RU-003,112.82878444211512,122.0
P00044,leg2-cruise,6126.328845664028,6131.037477608685,直连,,106.17876695495872,122.0
P00010,leg2-cruise,6126.799004493722,6131.272557023532,中继,RU-003,122.5163589713154,122.0
P00044,leg2-cruise,6131.037477608685,6135.746109553341,直连,,105.87712610665817,122.0
P00010,leg2-cruise,6131.272557023532,6140.161512665265,中继,RU-003,122.37654784829594,122.0
P00028,leg2-cruise,6135.746109553341,6144.576915777188,直连,,112.55166130482884,122.0
P00041,leg2-descent,6135.746109553341,6144.576915777188,直连,,78.92341068909862,122.0
P00044,leg2-cruise,6135.746109553341,6140.161512665265,直连,,105.57503557268019,122.0
P00010,leg2-cruise,6140.161512665265,6144.576915777188,中继,RU-003,122.09284061897031,122.0
P00044,leg2-cruise,6140.161512665265,6144.576915777188,直连,,105.27283524335891,122.0
P00010,leg2-cruise,6144.576915777188,6153.407722001037,中继,RU-003,121.87454904867461,122.0
P00028,leg2-cruise,6144.576915777188,6148.9923188891125,直连,,112.34482812446275,122.0
P00041,leg2-descent,6144.576915777188,6153.407722001037,直连,,76.4076292469529,122.0
P00044,leg2-cruise,6144.576915777188,6148.9923188891125,直连,,104.96035329977867,122.0
P00028,leg2-cruise,6148.9923188891125,6153.407722001037,直连,,112.20415985604576,122.0
P00044,leg2-cruise,6148.9923188891125,6153.407722001037,直连,,104.63691728958028,122.0
P00010,leg2-cruise,6153.407722001037,6158.316999900249,直连,,111.64218123128407,122.0
P00028,leg2-cruise,6153.407722001037,6158.359548984057,直连,,112.05242206239396,122.0
P00041,leg2-descent,6153.407722001037,6163.364702799597,直连,,72.5668788767912,122.0
P00044,leg2-cruise,6153.407722001037,6163.166909911909,直连,,104.28383990487255,122.0
P00010,leg2-cruise,6158.316999900249,6163.226277799463,直连,,111.47224911208797,122.0
P00028,leg2-cruise,6158.359548984057,6163.311375967078,直连,,111.8890682652262,122.0
P00044,leg2-cruise,6163.166909911909,6168.046503867345,直连,,103.4960017679989,122.0
P00010,leg2-cruise,6163.226277799463,6168.135555698676,直连,,111.29893394926404,122.0
P00028,leg2-cruise,6163.311375967078,6168.263202950098,直连,,111.72259392915937,122.0
P00041,leg2-descent,6163.364702799597,6173.321683598157,直连,,64.83454445766196,122.0
P00044,leg2-cruise,6168.046503867345,6172.92609782278,直连,,103.07602486668186,122.0
P00010,leg2-cruise,6168.135555698676,6173.044833597889,直连,,111.12209864093705,122.0
P00028,leg2-cruise,6168.263202950098,6173.215029933119,直连,,111.552877940344,122.0
P00044,leg2-cruise,6172.92609782278,6177.805691778216,直连,,102.63679702644856,122.0
P00010,leg2-cruise,6173.044833597889,6177.954111497102,直连,,110.94159760039797,122.0
P00028,leg2-cruise,6173.215029933119,6178.166856916139,直连,,111.37979202136066,122.0
P00041,leg2-descent,6173.321683598157,6183.2786643967165,直连,,57.61750457845758,122.0
P00044,leg2-cruise,6177.805691778216,6182.685285733653,直连,,102.17673769386332,122.0
P00010,leg2-cruise,6177.954111497102,6182.863389396315,直连,,110.75727604318018,122.0
P00028,leg2-cruise,6178.166856916139,6183.11868389916,直连,,111.20320015722785,122.0
P00018,leg1-climb,6181.0,6190.314541965061,直连,,55.65795923119984,122.0
P00044,leg2-cruise,6182.685285733653,6187.564879689089,直连,,101.69412434927918,122.0
P00010,leg2-cruise,6182.863389396315,6192.681945194741,直连,,110.47326685678915,122.0
P00028,leg2-cruise,6183.11868389916,6188.07051088218,直连,,111.02295796298036,122.0
P00044,leg2-cruise,6187.564879689089,6192.444473644525,直连,,101.18709792127315,122.0
P00028,leg2-cruise,6188.07051088218,6193.022337865201,直连,,110.83891198561193,122.0
P00018,leg1-climb,6190.314541965061,6199.629083930122,直连,,66.86922826520852,122.0
P00044,leg2-cruise,6192.444473644525,6197.3240675999605,直连,,100.65368414230102,122.0
P00010,leg2-cruise,6192.681945194741,6197.591223093954,直连,,110.17968527208515,122.0
P00028,leg2-cruise,6193.022337865201,6197.974164848221,直连,,110.65089893201525,122.0
P00044,leg2-cruise,6197.3240675999605,6202.203661555397,直连,,100.09184290232072,122.0
P00010,leg2-cruise,6197.591223093954,6202.500500993167,直连,,109.97832033300577,122.0
P00028,leg2-cruise,6197.974164848221,6202.925991831241,直连,,110.45874481341812,122.0
P00018,leg1-climb,6199.629083930122,6208.943625895183,直连,,74.00910738820333,122.0
P00044,leg2-cruise,6202.203661555397,6207.083255510833,直连,,99.49956584281637,122.0
P00010,leg2-cruise,6202.500500993167,6207.409778892381,直连,,109.77219209334196,122.0
P00028,leg2-cruise,6202.925991831241,6207.877818814261,直连,,110.26226399523901,122.0
P00044,leg2-cruise,6207.083255510833,6211.962849466268,直连,,98.87505604383944,122.0
P00010,leg2-cruise,6207.409778892381,6212.3190567915935,直连,,109.5610705466097,122.0
P00028,leg2-cruise,6207.877818814261,6212.829645797282,直连,,110.06125813964216,122.0
P00018,leg1-climb,6208.943625895183,6218.258167860243,直连,,77.87411716140885,122.0
P00044,leg2-cruise,6211.962849466268,6216.842443421705,直连,,98.21704597537158,122.0
P00010,leg2-cruise,6212.3190567915935,6217.228334690806,直连,,109.34470867830622,122.0
P00028,leg2-cruise,6212.829645797282,6217.7814727803025,直连,,109.85551502599282,122.0
P00044,leg2-cruise,6216.842443421705,6221.722037377141,直连,,97.52534537620407,122.0
P00010,leg2-cruise,6217.228334690806,6222.13761259002,直连,,109.12284075356702,122.0
P00028,leg2-cruise,6217.7814727803025,6222.733299763323,直连,,109.64480723200639,122.0
P00018,leg1-climb,6218.258167860243,6227.572709825304,直连,,80.53952980400848,122.0
P00044,leg2-cruise,6221.722037377141,6226.601631332576,直连,,96.80176353380536,122.0
P00010,leg2-cruise,6222.13761259002,6227.046890489233,直连,,108.89518038472269,122.0
P00028,leg2-cruise,6222.733299763323,6227.6851267463435,直连,,109.42889065551167,122.0
P00044,leg2-cruise,6226.601631332576,6231.481225288013,直连,,96.05161763808329,122.0
P00010,leg2-cruise,6227.046890489233,6231.956168388446,直连,,108.66141834410172,122.0
P00018,leg1-climb,6227.572709825304,6236.887251790365,直连,,82.57619955923667,122.0
P00028,leg2-cruise,6227.6851267463435,6232.636953729364,直连,,109.20750285330479,122.0
P00044,leg2-cruise,6231.481225288013,6236.360819243449,直连,,95.28608889811403,122.0
P00010,leg2-cruise,6231.956168388446,6236.865446287658,直连,,108.42122008087901,122.0
P00028,leg2-cruise,6232.636953729364,6237.5887807123845,直连,,108.98036116947051,122.0
P00044,leg2-cruise,6236.360819243449,6241.240413198885,直连,,94.52560610631345,122.0
P00010,leg2-cruise,6236.865446287658,6241.774724186872,直连,,108.17422289286787,122.0
P00018,leg1-cruise,6236.887251790365,6246.771994685633,直连,,84.41588512374183,122.0
P00028,leg2-cruise,6237.5887807123845,6242.540607695405,直连,,108.74716062058762,122.0
P00044,leg2-cruise,6241.240413198885,6246.120007154321,直连,,93.80392759898791,122.0
P00010,leg2-cruise,6241.774724186872,6246.6840020860855,直连,,107.92003269440035,122.0
P00028,leg2-cruise,6242.540607695405,6247.4924346784255,直连,,108.50757149922323,122.0
P00044,leg2-cruise,6246.120007154321,6250.999601109756,直连,,93.1711603616429,122.0
P00010,leg2-cruise,6246.6840020860855,6251.593279985298,直连,,107.65822030950676,122.0
P00018,leg1-cruise,6246.771994685633,6251.714366133268,直连,,87.54813435010873,122.0
P00028,leg2-cruise,6247.4924346784255,6252.444261661446,直连,,108.26123664994469,122.0
P00044,leg2-cruise,6250.999601109756,6255.879195065192,直连,,92.69149439416016,122.0
P00010,leg2-cruise,6251.593279985298,6256.502557884511,直连,,107.38831720476071,122.0
P00018,leg1-cruise,6251.714366133268,6256.656737580903,直连,,89.55458861321385,122.0
P00028,leg2-cruise,6252.444261661446,6257.3960886444665,直连,,108.00776836311904,122.0
P00044,leg2-cruise,6255.879195065192,6260.758789020629,直连,,92.43021042782621,122.0
P00010,leg2-cruise,6256.502557884511,6261.411835783724,直连,,107.10981055776013,122.0
P00018,leg1-cruise,6256.656737580903,6261.599109028537,直连,,91.29607589309886,122.0
P00028,leg2-cruise,6257.3960886444665,6262.347915627487,直连,,107.74674482106792,122.0
P00044,leg2-descent,6260.758789020629,6270.624792161165,直连,,92.18697046648366,122.0
P00010,leg2-cruise,6261.411835783724,6266.321113682938,直连,,106.82213753411057,122.0
P00018,leg1-cruise,6261.599109028537,6266.541480476171,直连,,92.79728400998879,122.0
P00028,leg2-cruise,6262.347915627487,6267.299742610508,直连,,107.47770601776026,122.0
P00010,leg2-cruise,6266.321113682938,6271.23039158215,直连,,106.52467861678264,122.0
P00018,leg1-cruise,6266.541480476171,6271.483851923806,直连,,94.10287622104532,122.0
P00028,leg2-cruise,6267.299742610508,6272.251569593528,直连,,107.2001490568194,122.0
P00044,leg2-descent,6270.624792161165,6280.490795301701,直连,,91.75229016516307,122.0
P00010,leg2-cruise,6271.23039158215,6276.139669481363,直连,,106.21674979486755,122.0
P00018,leg1-cruise,6271.483851923806,6276.42622337144,直连,,95.25204486937444,122.0
P00028,leg2-cruise,6272.251569593528,6277.203396576549,直连,,106.91352271223124,122.0
P00010,leg2-cruise,6276.139669481363,6281.0489473805765,直连,,105.89759337188823,122.0
P00018,leg1-cruise,6276.42622337144,6281.368594819074,直连,,96.27536785277545,122.0
P00028,leg2-cruise,6277.203396576549,6282.155223559569,直连,,106.61722111067016,122.0
P00044,leg2-descent,6280.490795301701,6290.356798442237,直连,,91.29470526165954,122.0
P00010,leg2-cruise,6281.0489473805765,6285.95822527979,直连,,105.56636709353609,122.0
P00018,leg1-cruise,6281.368594819074,6286.310966266708,直连,,97.19613809538747,122.0
P00028,leg2-cruise,6282.155223559569,6287.107050542589,直连,,106.31057636242403,122.0
P00010,leg2-cruise,6285.95822527979,6290.867503179003,直连,,105.22213121677132,122.0
P00018,leg1-cruise,6286.310966266708,6291.253337714343,直连,,98.03214916551154,122.0
P00028,leg2-cruise,6287.107050542589,6292.058877525609,直连,,105.99284992771688,122.0
P00044,leg2-descent,6290.356798442237,6300.222801582773,直连,,90.81166700913789,122.0
P00010,leg2-cruise,6290.867503179003,6300.686058977429,直连,,104.67904622887221,122.0
P00018,leg1-cruise,6291.253337714343,6296.195709161978,直连,,98.79715127122678,122.0
P00028,leg2-cruise,6292.058877525609,6297.01070450863,直连,,105.66322245407788,122.0
P00018,leg1-cruise,6296.195709161978,6301.138080609612,直连,,99.50192072680863,122.0
P00028,leg2-cruise,6297.01070450863,6301.96253149165,直连,,105.32078175559333,122.0
P00044,leg2-descent,6300.222801582773,6310.088804723309,直连,,90.30017604230427,122.0
P00010,leg2-cruise,6300.686058977429,6305.595336876642,直连,,104.1001585359377,122.0
P00018,leg1-cruise,6301.138080609612,6306.0804520572465,直连,,100.15502474011184,122.0
P00028,leg2-cruise,6301.96253149165,6306.914358474671,直连,,104.96450852143344,122.0
P00010,leg2-cruise,6305.595336876642,6310.504614775855,直连,,103.69192370645797,122.0
P00018,leg1-cruise,6306.0804520572465,6311.022823504881,直连,,100.76336759457814,122.0
P00028,leg2-cruise,6306.914358474671,6311.866185457691,直连,,104.59325923409644,122.0
P00044,leg2-descent,6310.088804723309,6319.954807863846,直连,,89.75666946253959,122.0
P00010,leg2-cruise,6310.504614775855,6315.4138926750675,直连,,103.26384821648568,122.0
P00018,leg1-cruise,6311.022823504881,6315.965194952515,直连,,101.3325840233935,122.0
P00028,leg2-cruise,6311.866185457691,6316.818012440712,直连,,104.20574563918552,122.0
P00010,leg2-cruise,6315.4138926750675,6320.323170574281,直连,,102.81393907370442,122.0
P00018,leg1-cruise,6315.965194952515,6320.907566400149,直连,,101.86732602558743,122.0
P00028,leg2-cruise,6316.818012440712,6321.769839423732,直连,,103.8005099289876,122.0
P00044,leg2-descent,6319.954807863846,6329.820811004382,直连,,89.1768701780031,122.0
P00010,leg2-cruise,6320.323170574281,6325.2324484734945,直连,,102.33989352433917,122.0
P00018,leg1-cruise,6320.907566400149,6325.849937847784,直连,,102.37147483658536,122.0
P00028,leg2-cruise,6321.769839423732,6326.721666406753,直连,,103.37589456861784,122.0
P00010,leg2-cruise,6325.2324484734945,6330.141726372707,直连,,101.83903309574715,122.0
P00018,leg1-cruise,6325.849937847784,6330.792309295419,直连,,102.84829973179815,122.0
P00028,leg2-cruise,6326.721666406753,6331.673493389773,直连,,102.93000538995732,122.0
P00044,leg2-descent,6329.820811004382,6339.686814144919,直连,,88.55558226620917,122.0
P00010,leg2-cruise,6330.141726372707,6335.05100427192,直连,,101.308219743799,122.0
P00018,leg1-cruise,6330.792309295419,6335.734680743053,直连,,103.30057857490301,122.0
P00028,leg2-cruise,6331.673493389773,6336.625320372794,直连,,102.46066618576381,122.0
P00010,leg2-cruise,6335.05100427192,6339.960282171133,直连,,100.74374826287135,122.0
P00018,leg1-cruise,6335.734680743053,6340.677052190687,直连,,103.73069047503738,122.0
P00028,leg2-cruise,6336.625320372794,6341.577147355814,直连,,101.96536253299534,122.0
P00044,leg2-descent,6339.686814144919,6349.552817285455,直连,,87.88640734906649,122.0
P00010,leg2-cruise,6339.960282171133,6344.869560070347,直连,,100.14120696850985,122.0
P00018,leg1-cruise,6340.677052190687,6345.619423638322,直连,,104.14068784403898,122.0
P00028,leg2-cruise,6341.577147355814,6346.528974338835,直连,,101.44117194358485,122.0
P00010,leg2-cruise,6344.869560070347,6349.778837969559,直连,,99.49529573594951,122.0
P00018,leg1-cruise,6345.619423638322,6350.561795085956,直连,,104.53235304851825,122.0
P00028,leg2-cruise,6346.528974338835,6351.480801321855,直连,,100.88467668673535,122.0
P00044,leg2-descent,6349.552817285455,6359.418820425991,直连,,87.16134231098862,122.0
P00010,leg2-cruise,6349.778837969559,6354.688115868772,直连,,98.79958663833153,122.0
P00018,leg1-cruise,6350.561795085956,6355.50416653359,直连,,104.90724340472845,122.0
P00028,leg2-cruise,6351.480801321855,6356.432628304876,直连,,100.29185481301656,122.0
P00010,leg2-cruise,6354.688115868772,6359.5973937679855,直连,,98.04620785723344,122.0
P00018,leg1-cruise,6355.50416653359,6360.4465379812245,直连,,105.26672725392801,122.0
P00028,leg2-cruise,6356.432628304876,6361.384455287896,直连,,99.65794426469905,122.0
P00044,leg2-descent,6359.418820425991,6369.284823566527,直连,,86.37019330661073,122.0
P00010,leg2-cruise,6359.5973937679855,6364.506671667199,直连,,97.22542756081933,122.0
P00018,leg1-cruise,6360.4465379812245,6365.388909428859,直连,,105.61201314129171,122.0
P00028,leg2-cruise,6361.384455287896,6366.336282270917,直连,,98.9772751093538,122.0
P00010,leg2-cruise,6364.506671667199,6369.415949566412,直连,,96.32511607664107,122.0
P00018,leg1-cruise,6365.388909428859,6370.331280876493,直连,,115.9441736103502,122.0
P00028,leg2-cruise,6366.336282270917,6371.288109253937,直连,,98.24306752317466,122.0
P00044,leg2-descent,6369.284823566527,6379.150826707063,直连,,85.4996951725188,122.0
P00010,leg2-cruise,6369.415949566412,6374.325227465624,直连,,95.3300884601214,122.0
P00018,leg1-cruise,6370.331280876493,6375.273652324128,直连,,116.26416475474683,122.0
P00028,leg2-cruise,6371.288109253937,6376.239936236958,直连,,97.44720231145888,122.0
P00010,leg2-cruise,6374.325227465624,6379.234505364838,直连,,94.22142823379538,122.0
P00018,leg1-cruise,6375.273652324128,6380.216023771763,直连,,116.57284239822326,122.0
P00028,leg2-cruise,6376.239936236958,6381.1917632199775,直连,,96.57999692598644,122.0
P00044,leg2-descent,6379.150826707063,6389.016829847599,直连,,84.53213845054819,122.0
P00010,leg2-cruise,6379.234505364838,6384.143783264051,直连,,92.97623616145333,122.0
P00018,leg1-cruise,6380.216023771763,6385.158395219397,直连,,116.87097557345402,122.0
P00028,leg2-cruise,6381.1917632199775,6386.143590202998,直连,,95.63008976550165,122.0
P00010,leg2-cruise,6384.143783264051,6389.053061163264,直连,,91.56939099887555,122.0
P00018,leg1-cruise,6385.158395219397,6390.100766667031,直连,,117.1592578205096,122.0
P00028,leg2-cruise,6386.143590202998,6391.0954171860185,直连,,94.58471807553647,122.0
P00044,leg2-descent,6389.016829847599,6398.882832988135,直连,,83.44313155160735,122.0
P00010,leg2-cruise,6389.053061163264,6393.9623390624765,直连,,89.98267685951315,122.0
P00018,leg1-cruise,6390.100766667031,6395.043138114665,直连,,117.43831671296462,122.0
P00028,leg2-cruise,6391.0954171860185,6396.047244169039,直连,,93.43115045040265,122.0
P00010,leg2-cruise,6393.9623390624765,6398.87161696169,直连,,88.23844058233266,122.0
P00018,leg1-cruise,6395.043138114665,6399.9855095623,直连,,117.70872193359484,122.0
P00028,leg2-cruise,6396.047244169039,6400.9990711520595,直连,,92.16126505080942,122.0
P00010,leg2-cruise,6398.87161696169,6408.690172760116,直连,,85.77832994657814,122.0
P00044,leg2-descent,6398.882832988135,6408.748836128671,直连,,82.19774881248387,122.0
P00018,leg1-cruise,6399.9855095623,6404.927881009934,直连,,117.97099215579999,122.0
P00028,leg2-cruise,6400.9990711520595,6405.95089813508,直连,,90.78428960541868,122.0
P00018,leg1-cruise,6404.927881009934,6409.870252457569,直连,,118.22560093573581,122.0
P00028,leg2-cruise,6405.95089813508,6410.9027251181005,直连,,89.35873548660655,122.0
P00010,leg2-descent,6408.690172760116,6418.6257171937095,直连,,84.60040488341835,122.0
P00044,leg2-descent,6408.748836128671,6418.614839269208,直连,,80.7434281000231,122.0
P00018,leg1-cruise,6409.870252457569,6414.8126239052035,直连,,118.47298178048294,122.0
P00028,leg2-cruise,6410.9027251181005,6420.806379084142,直连,,87.55440971988585,122.0
P00018,leg1-cruise,6414.8126239052035,6419.754995352838,直连,,118.71353252627972,122.0
P00044,leg2-descent,6418.614839269208,6428.480842409745,直连,,78.99564504974275,122.0
P00010,leg2-descent,6418.6257171937095,6428.561261627304,直连,,83.51236701731824,122.0
P00018,leg1-cruise,6419.754995352838,6424.697366800472,直连,,118.94761913616522,122.0
P00028,leg2-descent,6420.806379084142,6430.614752375157,直连,,86.61973145445752,122.0
P00018,leg1-descent,6424.697366800472,6433.023542337582,直连,,119.06072631383192,122.0
P00044,leg2-descent,6428.480842409745,6438.346845550281,直连,,76.80523964423423,122.0
P00010,leg2-descent,6428.561261627304,6438.496806060897,直连,,82.2682519360738,122.0
P00028,leg2-descent,6430.614752375157,6440.423125666172,直连,,85.55713048944199,122.0
P00018,leg1-descent,6433.023542337582,6441.349717874691,直连,,119.05784246975782,122.0
P00044,leg2-descent,6438.346845550281,6448.212848690817,直连,,73.86913368892887,122.0
P00010,leg2-descent,6438.496806060897,6448.432350494491,直连,,80.81566069071103,122.0
P00028,leg2-descent,6440.423125666172,6450.231498957189,直连,,84.34617482106333,122.0
P00018,leg1-descent,6441.349717874691,6449.6758934118,直连,,119.05543039330306,122.0
P00044,leg2-descent,6448.212848690817,6458.078851831353,直连,,69.40047074408915,122.0
P00010,leg2-descent,6448.432350494491,6458.367894928085,直连,,79.0703774778178,122.0
P00018,leg1-descent,6449.6758934118,6458.002068948909,直连,,119.05349087188549,122.0
P00028,leg2-descent,6450.231498957189,6460.039872248204,直连,,82.93861204965945,122.0
P00018,S011-handoff,6458.002068948909,6468.002068948909,直连,,119.05269852342448,122.0
P00044,leg2-descent,6458.078851831353,6467.944854971889,直连,,59.69784827241676,122.0
P00010,leg2-descent,6458.367894928085,6468.303439361678,直连,,76.88390449662671,122.0
P00028,leg2-descent,6460.039872248204,6469.8482455392195,直连,,81.25798921101293,122.0
P00044,leg2-descent,6467.944854971889,6477.810858112425,直连,,60.16984014155938,122.0
P00018,S011-handoff,6468.002068948909,6478.002068948909,直连,,119.05269852342448,122.0
P00010,leg2-descent,6468.303439361678,6478.238983795272,直连,,73.95488958802795,122.0
P00028,leg2-descent,6469.8482455392195,6479.656618830235,直连,,79.1722303195717,122.0
P00018,S011-handoff,6478.002068948909,6488.002068948909,直连,,119.05269852342448,122.0
P00010,leg2-descent,6478.238983795272,6488.174528228866,直连,,69.50283613035836,122.0
P00028,leg2-descent,6479.656618830235,6489.46499212125,直连,,76.42181341719161,122.0
P00018,S011-handoff,6488.002068948909,6498.002068948909,直连,,119.05269852342448,122.0
P00010,leg2-descent,6488.174528228866,6498.11007266246,直连,,59.88462355502875,122.0
P00028,leg2-descent,6489.46499212125,6499.273365412267,直连,,72.37371652610503,122.0
P00018,S011-handoff,6498.002068948909,6508.002068948909,直连,,119.05269852342448,122.0
P00010,leg2-descent,6498.11007266246,6508.045617096053,直连,,60.11003057093611,122.0
P00028,leg2-descent,6499.273365412267,6509.081738703282,直连,,64.55078853857822,122.0
P00018,S011-handoff,6508.002068948909,6518.002068948909,直连,,119.05269852342448,122.0
P00028,leg2-descent,6509.081738703282,6518.8901119942975,直连,,57.82852039441878,122.0
P00018,S011-handoff,6518.002068948909,6698.002068948909,直连,,119.05269852342448,122.0
P00018,leg2-climb,6698.002068948909,6725.755987405941,直连,,119.05378128032615,122.0
P00018,leg2-cruise,6725.755987405941,6913.566102416048,直连,,118.94761913616522,122.0
P00018,leg2-descent,6913.566102416048,6980.6308045644855,直连,,82.70492023245703,122.0
