sortie,time_s,direct_available,direct_margin_db,access_margin_db,backhaul_margin_db
P00003,422.0,True,55.92517525248826,,
P00003,434.0836169433594,True,57.72825308884261,,
P00003,446.16723388671875,True,47.54230757016708,,
P00003,458.25085083007815,True,42.9821581246938,,
P00003,470.3344677734375,True,40.00733842190897,,
P00003,482.4180847167969,True,37.7955515486551,,
P00003,482.4180847167969,True,37.7955515486551,,
P00003,496.99706220373565,True,33.263504677653486,,
P00003,511.5760396906744,True,28.575040712442956,,
P00003,526.1550171776131,True,25.351976890763012,,
P00003,540.7339946645519,True,22.962826446129654,,
P00003,555.3129721514906,True,21.076323282535597,,
P00003,569.8919496384294,True,19.521044654114434,,
P00003,584.4709271253681,True,18.1992939678982,,
P00003,599.0499046123069,True,17.05064828713074,,
P00003,613.6288820992456,True,16.035291261670054,,
P00003,628.2078595861844,True,15.125655294578152,,
P00003,642.7868370731231,True,4.301887927830833,,
P00003,657.365814560062,True,3.5492293112241953,,
P00003,671.9447920470006,True,2.8564129485251897,,
P00003,686.5237695339395,True,2.2146467678149406,,
P00003,701.1027470208782,True,1.6169395637261772,,
P00003,715.6817245078169,True,1.0576415565810464,,
P00003,730.2607019947557,True,0.5321224250469498,,
P00003,744.8396794816945,True,0.036540318322124676,4.623055920524649,0.697199116576428
P00003,759.4186569686332,False,-0.43232730775019945,4.6843653933709675,0.697199116576428
P00003,773.9976344555719,False,-0.8772098529547918,4.715145561364153,0.697199116576428
P00003,788.5766119425107,False,-1.3004392009984116,4.7147413367063535,0.697199116576428
P00003,803.1555894294495,False,-1.704023263111651,4.683161576983295,0.697199116576428
P00003,817.7345669163881,False,-2.089703281360329,4.621078460442874,0.697199116576428
P00003,832.3135444033269,False,-2.4589990095073375,4.529780696991622,0.697199116576428
P00003,846.8925218902657,False,-2.813244721482235,4.411087243632593,0.697199116576428
P00003,861.4714993772044,False,-3.1536181932132052,4.267233192061283,0.697199116576428
P00003,876.0504768641432,False,-3.4811642403382876,4.100741909033474,0.697199116576428
P00003,890.6294543510819,False,-3.7968139937884757,3.9142971632420114,0.697199116576428
P00003,905.2084318380207,False,-4.101400806468519,3.7106264461105525,0.697199116576428
P00003,919.7874093249594,False,-4.395673473365974,3.4924029845244604,0.697199116576428
P00003,934.3663868118981,False,-4.680307291520137,3.262170065545945,0.697199116576428
P00003,948.9453642988369,False,-4.955913369811398,3.0222879946912684,0.697199116576428
P00003,963.5243417857757,False,-5.223046510572871,2.774901667287878,0.697199116576428
P00003,978.1033192727145,False,-5.4822119180025055,2.521925397097263,0.697199116576428
P00003,978.1033192727144,False,-5.4822119180025055,2.521925397097263,0.697199116576428
P00003,990.0305531594332,False,-5.481526574772445,2.5174156277026185,0.697199116576428
P00003,1001.957787046152,False,-5.480980794033243,2.512560212512966,0.697199116576428
P00003,1013.8850209328708,False,-5.480574628419305,2.507360314895351,0.697199116576428
P00003,1013.8850209328708,False,-5.480574628419305,2.507360314895351,0.697199116576428
P00003,1028.8850209328707,False,-5.480574628419305,2.507360314895351,0.697199116576428
P00003,1043.8850209328707,False,-5.480574628419305,2.507360314895351,0.697199116576428
P00003,1058.8850209328707,False,-5.480574628419305,2.507360314895351,0.697199116576428
P00003,1073.8850209328707,False,-5.480574628419305,2.507360314895351,0.697199116576428
P00003,1088.8850209328707,False,-5.480574628419305,2.507360314895351,0.697199116576428
P00003,1103.8850209328707,False,-5.480574628419305,2.507360314895351,0.697199116576428
P00003,1118.8850209328707,False,-5.480574628419305,2.507360314895351,0.697199116576428
P00003,1133.8850209328707,False,-5.480574628419305,2.507360314895351,0.697199116576428
P00003,1148.8850209328707,False,-5.480574628419305,2.507360314895351,0.697199116576428
P00003,1163.8850209328707,False,-5.480574628419305,2.507360314895351,0.697199116576428
P00003,1178.8850209328707,False,-5.480574628419305,2.507360314895351,0.697199116576428
P00003,1193.8850209328707,False,-5.480574628419305,2.507360314895351,0.697199116576428
P00003,1208.8850209328707,False,-5.480574628419305,2.507360314895351,0.697199116576428
P00003,1223.8850209328707,False,-5.480574628419305,2.507360314895351,0.697199116576428
P00003,1238.8850209328707,False,-5.480574628419305,2.507360314895351,0.697199116576428
P00003,1253.8850209328707,False,-5.480574628419305,2.507360314895351,0.697199116576428
P00003,1253.8850209328707,False,-5.480574628419305,2.507360314895351,0.697199116576428
P00003,1268.7940632912691,False,-5.481236235486676,2.5150310549883983,0.697199116576428
P00003,1283.7031056496676,False,-5.4822119180025055,2.521925397097263,0.697199116576428
P00003,1283.7031056496676,False,-5.4822119180025055,2.521925397097263,0.697199116576428
P00003,1298.2820831366064,False,-5.223046510572871,2.774901667287878,0.697199116576428
P00003,1312.861060623545,False,-4.955913369811398,3.0222879946912684,0.697199116576428
P00003,1327.4400381104838,False,-4.680307291520137,3.262170065545945,0.697199116576428
P00003,1342.0190155974226,False,-4.395673473365974,3.4924029845244604,0.697199116576428
P00003,1356.5979930843614,False,-4.101400806468519,3.7106264461105525,0.697199116576428
P00003,1371.1769705713,False,-3.7968139937884757,3.9142971632420114,0.697199116576428
P00003,1385.7559480582388,False,-3.4811642403382876,4.100741909033474,0.697199116576428
P00003,1400.3349255451776,False,-3.1536181932132052,4.267233192061283,0.697199116576428
P00003,1414.9139030321164,False,-2.813244721482235,4.411087243632593,0.697199116576428
P00003,1429.492880519055,False,-2.4589990095073375,4.529780696991622,0.697199116576428
P00003,1444.0718580059938,False,-2.089703281360329,4.621078460442874,0.697199116576428
P00003,1458.6508354929326,False,-1.704023263111651,4.683161576983295,0.697199116576428
P00003,1473.2298129798714,False,-1.3004392009984116,4.7147413367063535,0.697199116576428
P00003,1487.80879046681,False,-0.8772098529547918,4.715145561364153,0.697199116576428
P00003,1502.3877679537488,False,-0.43232730775019945,4.6843653933709675,0.697199116576428
P00003,1516.9667454406876,True,0.036540318322124676,4.623055920524649,0.697199116576428
P00003,1531.5457229276265,True,0.5321224250477172,4.532490545794289,0.697199116576428
P00003,1546.124700414565,True,1.0576415565810464,4.41447561168394,0.697199116576428
P00003,1560.7036779015039,True,1.6169395637261772,4.271236845466831,0.697199116576428
P00003,1575.2826553884424,True,2.2146467678149406,4.105291678810573,0.697199116576428
P00003,1589.8616328753815,True,2.8564129485251897,3.919321216474998,0.697199116576428
P00003,1604.44061036232,True,3.5492293112241953,3.716053148058407,0.697199116576428
P00003,1619.0195878492589,True,4.301887927830833,3.49816320490298,0.697199116576428
P00003,1633.5985653361977,True,15.125655294578152,3.268198879520341,0.697199116576428
P00003,1648.1775428231363,True,16.035291261670054,3.0285258047315864,0.697199116576428
P00003,1662.756520310075,True,17.05064828713074,2.7812948205451136,0.697199116576428
P00003,1677.3354977970139,True,18.1992939678982,2.5284263963026206,0.697199116576428
P00003,1691.9144752839527,True,19.521044654114434,2.2716085675368447,0.697199116576428
P00003,1706.4934527708913,True,21.076323282535597,2.0123046445928026,0.697199116576428
P00003,1721.07243025783,True,22.962826446129654,1.7517674057568797,0.697199116576428
P00003,1735.651407744769,True,25.351976890763012,1.4910571015784626,0.697199116576428
P00003,1750.2303852317077,True,28.575040712442956,1.2310612317979803,0.697199116576428
P00003,1764.8093627186463,True,33.263504677653486,0.9725146318281901,0.697199116576428
P00003,1779.388340205585,True,37.7955515486551,0.7160188849679656,0.697199116576428
P00003,1779.388340205585,True,37.7955515486551,0.7160188849679656,0.697199116576428
P00003,1793.8886805376164,True,40.00733842190898,0.7123707165080475,0.697199116576428
P00003,1808.3890208696475,True,42.9821581246938,0.7083838441622419,0.697199116576428
P00003,1822.8893612016789,True,47.5423075701671,0.7040592027680077,0.697199116576428
P00003,1837.38970153371,True,57.728253088842536,0.6993978040987088,0.697199116576428
P00003,1851.8900418657413,True,55.92517525248826,-9.30559926391868,0.697199116576428
P00005,450.0,True,55.92517525248826,,
P00005,464.50034033203127,True,57.72825308884262,,
P00005,479.00068066406254,True,47.542307570167054,,
P00005,493.50102099609376,True,42.982158124693825,,
P00005,508.00136132812503,True,40.00733842190897,,
P00005,522.5017016601563,True,37.7955515486551,,
P00005,522.5017016601563,True,37.7955515486551,,
P00005,537.080679147095,True,33.263504677653486,,
P00005,551.6596566340338,True,28.575040712442956,,
P00005,566.2386341209726,True,25.351976890763012,,
P00005,580.8176116079113,True,22.962826446129654,,
P00005,595.39658909485,True,21.076323282535597,,
P00005,609.9755665817888,True,19.521044654114434,,
P00005,624.5545440687276,True,18.1992939678982,,
P00005,639.1335215556663,True,17.05064828713074,,
P00005,653.712499042605,True,16.035291261670054,,
P00005,668.2914765295438,True,15.125655294578152,,
P00005,682.8704540164827,True,4.301887927830833,,
P00005,697.4494315034214,True,3.5492293112241953,,
P00005,712.02840899036,True,2.8564129485251897,,
P00005,726.6073864772989,True,2.2146467678149406,,
P00005,741.1863639642377,True,1.6169395637261772,4.271236845466831,0.697199116576428
P00005,755.7653414511764,True,1.0576415565810464,4.41447561168394,0.697199116576428
P00005,770.3443189381152,True,0.5321224250469498,4.532490545794133,0.697199116576428
P00005,784.9232964250539,True,0.036540318322124676,4.623055920524649,0.697199116576428
P00005,799.5022739119927,False,-0.43232730775019945,4.6843653933709675,0.697199116576428
P00005,814.0812513989314,False,-0.8772098529547918,4.715145561364153,0.697199116576428
P00005,828.6602288858701,False,-1.3004392009984116,4.7147413367063535,0.697199116576428
P00005,843.2392063728089,False,-1.704023263111651,4.683161576983295,0.697199116576428
P00005,857.8181838597477,False,-2.089703281360329,4.621078460442874,0.697199116576428
P00005,872.3971613466864,False,-2.4589990095073375,4.529780696991622,0.697199116576428
P00005,886.9761388336251,False,-2.813244721482235,4.411087243632593,0.697199116576428
P00005,901.5551163205639,False,-3.1536181932132052,4.267233192061283,0.697199116576428
P00005,916.1340938075027,False,-3.4811642403382876,4.100741909033474,0.697199116576428
P00005,930.7130712944414,False,-3.7968139937884757,3.9142971632420114,0.697199116576428
P00005,945.2920487813801,False,-4.101400806468519,3.7106264461105525,0.697199116576428
P00005,959.8710262683189,False,-4.395673473365974,3.4924029845244604,0.697199116576428
P00005,974.4500037552577,False,-4.680307291520137,3.262170065545945,0.697199116576428
P00005,989.0289812421964,False,-4.955913369811398,3.0222879946912684,0.697199116576428
P00005,1003.6079587291351,False,-5.223046510572871,2.774901667287878,0.697199116576428
P00005,1018.186936216074,False,-5.4822119180025055,2.521925397097263,0.697199116576428
P00005,1018.186936216074,False,-5.4822119180025055,2.521925397097263,0.697199116576428
P00005,1033.0959785744724,False,-5.481526574772445,2.5174156277026185,0.697199116576428
P00005,1048.0050209328708,False,-5.480980794033243,2.512560212512966,0.697199116576428
P00005,1062.9140632912693,False,-5.480574628419305,2.507360314895351,0.697199116576428
P00005,1062.9140632912693,False,-5.480574628419305,2.507360314895351,0.697199116576428
P00005,1077.9140632912693,False,-5.480574628419305,2.507360314895351,0.697199116576428
P00005,1092.9140632912693,False,-5.480574628419305,2.507360314895351,0.697199116576428
P00005,1107.9140632912693,False,-5.480574628419305,2.507360314895351,0.697199116576428
P00005,1122.9140632912693,False,-5.480574628419305,2.507360314895351,0.697199116576428
P00005,1137.9140632912693,False,-5.480574628419305,2.507360314895351,0.697199116576428
P00005,1152.9140632912693,False,-5.480574628419305,2.507360314895351,0.697199116576428
P00005,1167.9140632912693,False,-5.480574628419305,2.507360314895351,0.697199116576428
P00005,1182.9140632912693,False,-5.480574628419305,2.507360314895351,0.697199116576428
P00005,1197.9140632912693,False,-5.480574628419305,2.507360314895351,0.697199116576428
P00005,1212.9140632912693,False,-5.480574628419305,2.507360314895351,0.697199116576428
P00005,1227.9140632912693,False,-5.480574628419305,2.507360314895351,0.697199116576428
P00005,1242.9140632912693,False,-5.480574628419305,2.507360314895351,0.697199116576428
P00005,1257.9140632912693,False,-5.480574628419305,2.507360314895351,0.697199116576428
P00005,1272.9140632912693,False,-5.480574628419305,2.507360314895351,0.697199116576428
P00005,1287.9140632912693,False,-5.480574628419305,2.507360314895351,0.697199116576428
P00005,1302.9140632912693,False,-5.480574628419305,2.507360314895351,0.697199116576428
P00005,1317.9140632912693,False,-5.480574628419305,2.507360314895351,0.697199116576428
P00005,1332.9140632912693,False,-5.480574628419305,2.507360314895351,0.697199116576428
P00005,1347.9140632912693,False,-5.480574628419305,2.507360314895351,0.697199116576428
P00005,1362.9140632912693,False,-5.480574628419305,2.507360314895351,0.697199116576428
P00005,1377.9140632912693,False,-5.480574628419305,2.507360314895351,0.697199116576428
P00005,1392.9140632912693,False,-5.480574628419305,2.507360314895351,0.697199116576428
P00005,1407.9140632912693,False,-5.480574628419305,2.507360314895351,0.697199116576428
P00005,1422.9140632912693,False,-5.480574628419305,2.507360314895351,0.697199116576428
P00005,1422.9140632912693,False,-5.480574628419305,2.507360314895351,0.697199116576428
P00005,1434.841297177988,False,-5.480980794033243,2.512560212512966,0.697199116576428
P00005,1446.7685310647066,False,-5.481526574772445,2.5174156277026185,0.697199116576428
P00005,1458.6957649514254,False,-5.4822119180025055,2.521925397097263,0.697199116576428
P00005,1458.6957649514254,False,-5.4822119180025055,2.521925397097263,0.697199116576428
P00005,1473.2747424383642,False,-5.223046510572871,2.774901667287878,0.697199116576428
P00005,1487.853719925303,False,-4.955913369811398,3.0222879946912684,0.697199116576428
P00005,1502.4326974122416,False,-4.680307291520137,3.262170065545945,0.697199116576428
P00005,1517.0116748991804,False,-4.395673473365974,3.4924029845244604,0.697199116576428
P00005,1531.5906523861192,False,-4.101400806468519,3.7106264461105525,0.697199116576428
P00005,1546.169629873058,False,-3.7968139937884757,3.9142971632420114,0.697199116576428
P00005,1560.7486073599966,False,-3.4811642403382876,4.100741909033474,0.697199116576428
P00005,1575.3275848469355,False,-3.1536181932132052,4.267233192061283,0.697199116576428
P00005,1589.9065623338743,False,-2.813244721482235,4.411087243632593,0.697199116576428
P00005,1604.485539820813,False,-2.4589990095073375,4.529780696991622,0.697199116576428
P00005,1619.0645173077517,False,-2.089703281360329,4.621078460442874,0.697199116576428
P00005,1633.6434947946905,False,-1.704023263111651,4.683161576983295,0.697199116576428
P00005,1648.2224722816293,False,-1.3004392009984116,4.7147413367063535,0.697199116576428
P00005,1662.801449768568,False,-0.8772098529547918,4.715145561364153,0.697199116576428
P00005,1677.3804272555067,False,-0.43232730775019945,4.6843653933709675,0.697199116576428
P00005,1691.9594047424455,True,0.036540318322124676,4.623055920524649,0.697199116576428
P00005,1706.5383822293843,True,0.5321224250469498,4.532490545794133,0.697199116576428
P00005,1721.117359716323,True,1.0576415565810464,4.41447561168394,0.697199116576428
P00005,1735.696337203262,True,1.6169395637261772,4.271236845466831,0.697199116576428
P00005,1750.2753146902005,True,2.2146467678149406,4.105291678810573,0.697199116576428
P00005,1764.8542921771393,True,2.8564129485251897,3.919321216474998,0.697199116576428
P00005,1779.4332696640781,True,3.5492293112241953,3.716053148058407,0.697199116576428
P00005,1794.0122471510167,True,4.301887927830833,3.49816320490298,0.697199116576428
P00005,1808.5912246379555,True,15.125655294578152,3.268198879520341,0.697199116576428
P00005,1823.1702021248943,True,16.035291261670054,3.0285258047315864,0.697199116576428
P00005,1837.7491796118331,True,17.05064828713074,2.7812948205451136,0.697199116576428
P00005,1852.328157098772,True,18.1992939678982,2.5284263963026206,0.697199116576428
P00005,1866.9071345857105,True,19.521044654114434,2.2716085675368447,0.697199116576428
P00005,1881.4861120726493,True,21.076323282535597,2.0123046445928026,0.697199116576428
P00005,1896.0650895595882,True,22.962826446129654,1.7517674057568797,0.697199116576428
P00005,1910.644067046527,True,25.351976890763012,1.4910571015784626,0.697199116576428
P00005,1925.2230445334658,True,28.575040712442956,1.2310612317979803,0.697199116576428
P00005,1939.8020220204044,True,33.263504677653486,0.9725146318281901,0.697199116576428
P00005,1954.3809995073432,True,37.7955515486551,0.7160188849679656,0.697199116576428
P00005,1954.3809995073432,True,37.7955515486551,0.7160188849679656,0.697199116576428
P00005,1967.3277319466567,True,39.31591760538957,0.7134476509220775,0.697199116576428
P00005,1980.2744643859703,True,41.16008510251912,0.7107034781381998,0.697199116576428
P00005,1993.2211968252839,True,43.504365991121276,0.7077866952178482,0.697199116576428
P00005,2006.1679292645977,True,46.72521070449487,0.7046976509004423,0.697199116576428
P00005,2019.1146617039112,True,51.90080352151793,0.7014367139255313,0.697199116576428
P00005,2032.0613941432248,True,66.53836117074569,-9.301995727112782,0.697199116576428
P00005,2045.0081265825384,True,55.92517525248826,-9.30559926391868,0.697199116576428
P00009,5123.0,True,55.92517525248826,,
P00009,5136.526958312988,True,59.13725121365483,,
P00009,5150.053916625977,True,48.387289781368736,,
P00009,5163.580874938965,True,43.72772013562596,,
P00009,5177.107833251954,True,40.711480714857345,,
P00009,5190.634791564941,True,38.476980879331265,,
P00009,5204.16174987793,True,36.701293305217035,,
P00009,5217.688708190918,True,35.22772436685122,,
P00009,5231.2156665039065,True,33.968262608738186,,
P00009,5231.2156665039065,True,33.968262608738186,,
P00009,5245.969309249624,True,31.46346125022444,,
P00009,5260.722951995341,True,27.818251751535527,,
P00009,5275.476594741059,True,24.92531888193652,,
P00009,5290.230237486776,True,22.670094964334865,,
P00009,5304.983880232493,True,20.849421036015244,,
P00009,5319.73752297821,True,19.330996489153776,,
P00009,5334.491165723928,True,18.031853028077947,,
P00009,5349.244808469645,True,16.89803753991977,,
P00009,5363.998451215362,True,15.892919399903093,,
P00009,5378.7520939610795,True,14.990642207644214,,
P00009,5393.505736706797,True,14.17233755940154,,
P00009,5408.259379452515,True,13.423843406215,,
P00009,5423.013022198232,True,12.734273129098483,,
P00009,5437.766664943949,True,12.095085298520644,,
P00009,5452.520307689666,True,11.499459435035561,,
P00009,5467.273950435384,True,10.941865271848627,,
P00009,5482.027593181101,True,10.417758157078836,,
P00009,5496.781235926818,True,9.923358937667828,,
P00009,5511.534878672535,True,9.455491803792825,,
P00009,5526.288521418253,True,9.011462763296876,,
P00009,5541.0421641639705,True,8.58896715268655,,
P00009,5555.795806909688,True,8.186018263293263,,
P00009,5570.549449655405,True,7.800891565697469,3.101266390570885,8.79982038702893
P00009,5585.303092401122,True,7.432080622760552,3.15222739869472,8.79982038702893
P00009,5600.05673514684,True,7.078261876432407,3.181228066883577,8.79982038702893
P00009,5614.810377892557,False,-3.2617337478056214,3.1878238827164864,8.79982038702893
P00009,5629.564020638274,False,-3.588943940906077,3.171912790529305,8.79982038702893
P00009,5644.317663383991,False,-3.9042939551349747,3.1337404002645854,8.79982038702893
P00009,5659.071306129709,False,-4.208612258207921,3.0738874998884285,8.79982038702893
P00009,5673.824948875426,False,-4.502643558593576,2.9932411824625405,8.79982038702893
P00009,5688.5785916211435,False,-4.787059713816461,2.8929525289193236,8.79982038702893
P00009,5703.332234366861,False,-5.062468921134638,2.774384918477523,8.79982038702893
P00009,5718.085877112579,False,-5.329423504858454,2.6390575280191513,8.79982038702893
P00009,5732.839519858296,False,-5.588426549540216,2.48858843331098,8.79982038702893
P00009,5747.593162604013,False,-5.839937578180837,2.324641066032669,8.79982038702893
P00009,5747.593162604013,False,-5.839937578180837,2.324641066032669,8.79982038702893
P00009,5761.754759792327,False,-5.838969211261698,2.31767741215846,8.79982038702893
P00009,5775.916356980641,False,-5.838116697145097,2.310423203888533,8.79982038702893
P00009,5790.077954168954,False,-5.83738010410832,2.3028799136968985,8.79982038702893
P00009,5804.239551357268,False,-5.836759491169772,2.2950490666373895,8.79982038702893
P00009,5818.401148545582,False,-5.8362549080733,2.2869322393467826,8.79982038702893
P00009,5832.562745733896,False,-5.835866395274849,2.27853105902129,8.79982038702893
P00009,5832.562745733896,False,-5.835866395274849,2.27853105902129,8.79982038702893
P00009,5847.229412400563,False,-5.835866395274849,2.27853105902129,8.79982038702893
P00009,5861.896079067229,False,-5.835866395274849,2.27853105902129,8.79982038702893
P00009,5876.562745733896,False,-5.835866395274849,2.27853105902129,8.79982038702893
P00009,5891.229412400563,False,-5.835866395274849,2.27853105902129,8.79982038702893
P00009,5905.896079067229,False,-5.835866395274849,2.27853105902129,8.79982038702893
P00009,5920.562745733896,False,-5.835866395274849,2.27853105902129,8.79982038702893
P00009,5935.229412400563,False,-5.835866395274849,2.27853105902129,8.79982038702893
P00009,5949.896079067229,False,-5.835866395274849,2.27853105902129,8.79982038702893
P00009,5964.562745733896,False,-5.835866395274849,2.27853105902129,8.79982038702893
P00009,5979.229412400563,False,-5.835866395274849,2.27853105902129,8.79982038702893
P00009,5993.896079067229,False,-5.835866395274849,2.27853105902129,8.79982038702893
P00009,6008.562745733896,False,-5.835866395274849,2.27853105902129,8.79982038702893
P00009,6023.229412400563,False,-5.835866395274849,2.27853105902129,8.79982038702893
P00009,6037.896079067229,False,-5.835866395274849,2.27853105902129,8.79982038702893
P00009,6052.562745733896,False,-5.835866395274849,2.27853105902129,8.79982038702893
P00009,6067.229412400563,False,-5.835866395274849,2.27853105902129,8.79982038702893
P00009,6081.896079067229,False,-5.835866395274849,2.27853105902129,8.79982038702893
P00009,6096.562745733896,False,-5.835866395274849,2.27853105902129,8.79982038702893
P00009,6111.229412400563,False,-5.835866395274849,2.27853105902129,8.79982038702893
P00009,6125.896079067229,False,-5.835866395274849,2.27853105902129,8.79982038702893
P00009,6140.562745733896,False,-5.835866395274849,2.27853105902129,8.79982038702893
P00009,6155.229412400563,False,-5.835866395274849,2.27853105902129,8.79982038702893
P00009,6169.896079067229,False,-5.835866395274849,2.27853105902129,8.79982038702893
P00009,6184.562745733896,False,-5.835866395274849,2.27853105902129,8.79982038702893
P00009,6199.229412400563,False,-5.835866395274849,2.27853105902129,8.79982038702893
P00009,6213.896079067229,False,-5.835866395274849,2.27853105902129,8.79982038702893
P00009,6228.562745733896,False,-5.835866395274849,2.27853105902129,8.79982038702893
P00009,6228.562745733896,False,-5.835866395274849,2.27853105902129,8.79982038702893
P00009,6242.1578790346775,False,-5.836346540229499,2.28857840583764,8.79982038702893
P00009,6255.753012335458,False,-5.836993815341884,2.298215812524248,8.79982038702893
P00009,6269.34814563624,False,-5.837808145888204,2.3074404934066592,8.79982038702893
P00009,6282.94327893702,False,-5.838789437896111,2.3162497685020043,8.79982038702893
P00009,6296.538412237802,False,-5.839937578180837,2.324641066032669,8.79982038702893
P00009,6296.538412237802,False,-5.839937578180837,2.324641066032669,8.79982038702893
P00009,6311.292054983519,False,-5.588426549540216,2.48858843331098,8.79982038702893
P00009,6326.045697729236,False,-5.329423504858454,2.6390575280191513,8.79982038702893
P00009,6340.799340474954,False,-5.062468921134638,2.774384918477523,8.79982038702893
P00009,6355.552983220671,False,-4.787059713816461,2.8929525289193236,8.79982038702893
P00009,6370.306625966388,False,-4.502643558593576,2.9932411824625405,8.79982038702893
P00009,6385.060268712105,False,-4.208612258207921,3.0738874998884285,8.79982038702893
P00009,6399.813911457823,False,-3.9042939551349747,3.1337404002645854,8.79982038702893
P00009,6414.567554203541,False,-3.588943940906077,3.171912790529305,8.79982038702893
P00009,6429.321196949258,False,-3.2617337478056214,3.1878238827164864,8.79982038702893
P00009,6444.074839694975,True,7.078261876432407,3.181228066883577,8.79982038702893
P00009,6458.828482440693,True,7.432080622760552,3.15222739869472,8.79982038702893
P00009,6473.58212518641,True,7.800891565697469,3.101266390570885,8.79982038702893
P00009,6488.335767932127,True,8.186018263293263,3.029109656115864,8.79982038702893
P00009,6503.089410677844,True,8.58896715268655,2.9368047209201222,8.79982038702893
P00009,6517.843053423561,True,9.011462763296876,2.825633676103294,8.79982038702893
P00009,6532.596696169279,True,9.455491803792825,2.6970581139283496,8.79982038702893
P00009,6547.350338914996,True,9.923358937667828,2.5526618913921197,8.79982038702893
P00009,6562.1039816607135,True,10.417758157078836,2.3940957989146625,8.79982038702893
P00009,6576.857624406431,True,10.941865271848627,2.2230273434252865,8.79982038702893
P00009,6591.611267152149,True,11.499459435035561,2.041097799447357,8.79982038702893
P00009,6606.364909897866,True,12.095085298520644,1.849887630634143,8.79982038702893
P00009,6621.118552643583,True,12.734273129098483,1.6508904774430846,8.79982038702893
P00009,6635.8721953893,True,13.423843406215,1.4454952195088424,8.79982038702893
P00009,6650.625838135018,True,14.17233755940154,1.234975172257876,8.79982038702893
P00009,6665.379480880735,True,14.990642207644214,1.0204832440168161,8.79982038702893
P00009,6680.133123626452,True,15.892919399903093,0.8030518178068746,8.79982038702893
P00009,6694.886766372169,True,16.89803753991977,0.5835961803883265,8.79982038702893
P00009,6709.6404091178865,True,18.031853028077947,0.3629204524475398,8.79982038702893
P00009,6724.394051863605,True,19.330996489153776,0.14172514015267268,8.79982038702893
P00009,6739.147694609322,True,20.849421036015244,-0.07938439788864571,8.79982038702893
P00009,6753.901337355039,True,22.670094964334865,,
P00009,6768.654980100756,True,24.92531888193652,,
P00009,6783.408622846474,True,27.818251751535527,,
P00009,6798.162265592191,True,31.46346125022444,,
P00009,6812.915908337908,True,33.968262608738186,,
P00009,6812.915908337908,True,33.968262608738186,,
P00009,6826.442866650897,True,34.960797879411004,,
P00009,6839.969824963885,True,36.08155988910755,,
P00009,6853.4967832768725,True,37.368665085376165,,
P00009,6867.023741589861,True,38.88024287431654,,
P00009,6880.550699902849,True,40.71148071485743,,
P00009,6894.077658215838,True,43.03486077106797,,
P00009,6907.604616528826,True,46.21617711838638,,
P00009,6921.131574841814,True,51.28869254344161,,
P00009,6934.658533154802,True,64.97716872171898,,
P00009,6948.185491467791,True,55.92517525248826,,
P00010,5518.0,True,55.92517525248826,,
P00010,5531.247392578125,True,59.58810385840585,,
P00010,5544.49478515625,True,48.64598917791692,,
P00010,5557.742177734375,True,43.95424061100921,,
P00010,5570.9895703125,True,40.924738086029066,-1.1844641521673793,8.79982038702893
P00010,5584.236962890625,True,38.683000631280876,-1.1802316958064694,8.79982038702893
P00010,5597.48435546875,True,36.90275487714975,-1.1761799391125862,8.79982038702893
P00010,5597.48435546875,True,36.90275487714975,-1.1761799391125862,8.79982038702893
P00010,5612.212189166389,True,32.874771207789536,-0.9405042019727432,8.79982038702893
P00010,5626.940022864029,True,28.382534723690398,-0.7004874646221708,8.79982038702893
P00010,5641.667856561668,True,25.21391766479678,-0.45614405433268246,8.79982038702893
P00010,5656.395690259307,True,22.84588026000573,-0.20752077132452484,8.79982038702893
P00010,5671.123523956946,True,20.96955145107627,0.04529560076483108,8.79982038702893
P00010,5685.851357654585,True,19.41990893446666,0.3021693542827535,8.79982038702893
P00010,5700.579191352224,True,18.101592767508535,0.5629052690435401,8.79982038702893
P00010,5715.307025049863,True,16.955189393202772,0.8272361507462307,8.79982038702893
P00010,5730.034858747503,True,15.941374447853306,1.094808278839892,8.79982038702893
P00010,5744.7626924451415,True,15.032842851107262,1.365164578854575,8.79982038702893
P00010,5759.490526142781,True,14.209892418108168,1.6377254047983598,8.79982038702893
P00010,5774.21835984042,True,13.457854286340321,1.9117669437822116,8.79982038702893
P00010,5788.946193538059,True,12.76551963612458,2.1863974604527954,8.79982038702893
P00010,5803.674027235698,True,12.124134378775295,2.4605319097732377,8.79982038702893
P00010,5818.401860933337,True,11.526733143210848,2.7328658916540007,8.79982038702893
P00010,5833.129694630977,True,10.967684213202915,3.0018505233676365,8.79982038702893
P00010,5847.857528328615,True,10.44237020336223,3.265670573459346,8.79982038702893
P00010,5862.585362026255,False,-0.05304127728140884,3.5222291080695385,8.79982038702893
P00010,5877.313195723894,False,-0.5217657262060413,3.769142862987948,8.79982038702893
P00010,5892.041029421533,False,-0.9665272073036846,4.003753402753546,8.79982038702893
P00010,5906.768863119172,False,-1.389653504141208,4.22315958481785,8.79982038702893
P00010,5921.496696816811,False,-1.7931493355056602,4.424276533401951,8.79982038702893
P00010,5936.224530514451,False,-2.1787534279351775,4.6039248201319225,8.79982038702893
P00010,5950.952364212089,False,-2.547983531418595,4.758950508405405,8.79982038702893
P00010,5950.952364212089,False,-2.547983531418595,4.758950508405405,8.79982038702893
P00010,5964.0934530792765,False,-2.5466403085775227,4.74641117961923,8.79982038702893
P00010,5977.234541946465,False,-2.5455099840633295,4.733454085333719,8.79982038702893
P00010,5990.375630813652,False,-2.544592724244552,4.7200830626815105,8.79982038702893
P00010,6003.51671968084,False,-2.5438886642037772,4.706302043226245,8.79982038702893
P00010,6016.657808548027,False,-2.5433979076713626,4.692115049361391,8.79982038702893
P00010,6016.657808548027,False,-2.5433979076713626,4.692115049361391,8.79982038702893
P00010,6031.324475214694,False,-2.5433979076713626,4.692115049361391,8.79982038702893
P00010,6045.99114188136,False,-2.5433979076713626,4.692115049361391,8.79982038702893
P00010,6060.657808548027,False,-2.5433979076713626,4.692115049361391,8.79982038702893
P00010,6075.324475214694,False,-2.5433979076713626,4.692115049361391,8.79982038702893
P00010,6089.99114188136,False,-2.5433979076713626,4.692115049361391,8.79982038702893
P00010,6104.657808548027,False,-2.5433979076713626,4.692115049361391,8.79982038702893
P00010,6119.324475214694,False,-2.5433979076713626,4.692115049361391,8.79982038702893
P00010,6133.99114188136,False,-2.5433979076713626,4.692115049361391,8.79982038702893
P00010,6148.657808548027,False,-2.5433979076713626,4.692115049361391,8.79982038702893
P00010,6163.324475214694,False,-2.5433979076713626,4.692115049361391,8.79982038702893
P00010,6177.99114188136,False,-2.5433979076713626,4.692115049361391,8.79982038702893
P00010,6192.657808548027,False,-2.5433979076713626,4.692115049361391,8.79982038702893
P00010,6207.324475214694,False,-2.5433979076713626,4.692115049361391,8.79982038702893
P00010,6221.99114188136,False,-2.5433979076713626,4.692115049361391,8.79982038702893
P00010,6236.657808548027,False,-2.5433979076713626,4.692115049361391,8.79982038702893
P00010,6251.324475214694,False,-2.5433979076713626,4.692115049361391,8.79982038702893
P00010,6265.99114188136,False,-2.5433979076713626,4.692115049361391,8.79982038702893
P00010,6280.657808548027,False,-2.5433979076713626,4.692115049361391,8.79982038702893
P00010,6295.324475214694,False,-2.5433979076713626,4.692115049361391,8.79982038702893
P00010,6309.99114188136,False,-2.5433979076713626,4.692115049361391,8.79982038702893
P00010,6324.657808548027,False,-2.5433979076713626,4.692115049361391,8.79982038702893
P00010,6339.324475214694,False,-2.5433979076713626,4.692115049361391,8.79982038702893
P00010,6353.99114188136,False,-2.5433979076713626,4.692115049361391,8.79982038702893
P00010,6368.657808548027,False,-2.5433979076713626,4.692115049361391,8.79982038702893
P00010,6383.324475214694,False,-2.5433979076713626,4.692115049361391,8.79982038702893
P00010,6397.99114188136,False,-2.5433979076713626,4.692115049361391,8.79982038702893
P00010,6412.657808548027,False,-2.5433979076713626,4.692115049361391,8.79982038702893
P00010,6412.657808548027,False,-2.5433979076713626,4.692115049361391,8.79982038702893
P00010,6425.798897415214,False,-2.544044685525705,4.70978551683389,8.79982038702893
P00010,6438.939986282402,False,-2.5450247118902354,4.7268200715019475,8.79982038702893
P00010,6452.08107514959,False,-2.546337761198103,4.743210923322835,8.79982038702893
P00010,6465.222164016777,False,-2.547983531418595,4.758950508405405,8.79982038702893
P00010,6465.222164016777,False,-2.547983531418595,4.758950508405405,8.79982038702893
P00010,6479.949997714416,False,-2.1787534279351775,4.6039248201319225,8.79982038702893
P00010,6494.677831412056,False,-1.7931493355056602,4.424276533401951,8.79982038702893
P00010,6509.405665109694,False,-1.389653504141208,4.22315958481785,8.79982038702893
P00010,6524.133498807334,False,-0.9665272073036846,4.003753402753546,8.79982038702893
P00010,6538.861332504973,False,-0.5217657262060413,3.769142862987948,8.79982038702893
P00010,6553.5891662026115,False,-0.05304127728140884,3.5222291080695385,8.79982038702893
P00010,6568.316999900251,True,10.44237020336223,3.265670573459346,8.79982038702893
P00010,6583.04483359789,True,10.967684213202915,3.0018505233676365,8.79982038702893
P00010,6597.77266729553,True,11.526733143210848,2.7328658916540007,8.79982038702893
P00010,6612.500500993168,True,12.124134378775295,2.4605319097732377,8.79982038702893
P00010,6627.228334690808,True,12.76551963612458,2.1863974604527954,8.79982038702893
P00010,6641.956168388447,True,13.457854286340321,1.9117669437822116,8.79982038702893
P00010,6656.6840020860855,True,14.209892418108168,1.6377254047983598,8.79982038702893
P00010,6671.411835783725,True,15.032842851107262,1.365164578854575,8.79982038702893
P00010,6686.139669481364,True,15.941374447853306,1.094808278839892,8.79982038702893
P00010,6700.8675031790035,True,16.955189393202772,0.8272361507462307,8.79982038702893
P00010,6715.595336876642,True,18.101592767508535,0.5629052690435401,8.79982038702893
P00010,6730.323170574282,True,19.41990893446666,0.3021693542827535,8.79982038702893
P00010,6745.051004271921,True,20.96955145107627,,
P00010,6759.778837969559,True,22.84588026000573,,
P00010,6774.506671667199,True,25.21391766479678,,
P00010,6789.234505364838,True,28.382534723690398,,
P00010,6803.962339062477,True,32.874771207789536,,
P00010,6818.690172760116,True,36.90275487714975,,
P00010,6818.690172760116,True,36.90275487714975,,
P00010,6832.88380766525,True,38.40523071898119,,
P00010,6847.077442570384,True,40.2231114161132,,
P00010,6861.271077475518,True,42.52498481969184,,
P00010,6875.464712380652,True,45.66591245754957,,
P00010,6889.658347285786,True,50.63483027551274,,
P00010,6903.851982190919,True,63.473362884348624,,
P00010,6918.045617096053,True,55.92517525248826,,
P00011,480.0,True,55.92517525248826,,
P00011,493.62273367745536,True,58.9880247222838,,
P00011,507.2454673549107,True,48.300405753920856,,
P00011,520.8682010323661,True,43.65145630047073,,
P00011,534.4909347098214,True,40.639609435309026,,
P00011,548.1136683872768,True,38.40751036749475,,
P00011,561.7364020647321,True,36.633336140745286,,
P00011,575.3591357421875,True,35.16080841557533,,
P00011,575.3591357421875,True,35.16080841557533,,
P00011,589.4970615566582,True,32.2763562583542,,
P00011,603.6349873711288,True,28.374251992388963,,
P00011,617.7729131855995,True,25.39002483293247,,
P00011,631.9108390000702,True,23.096316099937198,,
P00011,646.0487648145407,True,21.25641186728255,,
P00011,660.1866906290114,True,19.7271289887655,,
P00011,674.3246164434821,True,18.42129073154574,,
P00011,688.4625422579527,True,7.2830685526657675,,
P00011,702.6004680724234,True,6.274900371632057,,
P00011,716.7383938868941,True,5.370426652000475,,
P00011,730.8763197013647,True,4.550488536903416,,
P00011,745.0142455158353,True,3.800747042437962,,
P00011,759.152171330306,True,3.1102028840113576,,
P00011,773.2900971447766,True,2.470240178920733,,
P00011,787.4280229592473,True,1.8739876715408172,,
P00011,787.4280229592473,True,1.8739876715408172,,
P00011,800.2524827981144,True,1.8784947679286716,,
P00011,813.0769426369817,True,1.8824433663468767,,
P00011,813.0769426369817,True,1.8824433663468767,,
P00011,827.7436093036483,True,1.8824433663468767,,
P00011,842.4102759703151,True,1.8824433663468767,,
P00011,857.0769426369817,True,1.8824433663468767,,
P00011,871.7436093036483,True,1.8824433663468767,,
P00011,886.4102759703151,True,1.8824433663468767,,
P00011,901.0769426369817,True,1.8824433663468767,,
P00011,915.7436093036483,True,1.8824433663468767,,
P00011,930.410275970315,True,1.8824433663468767,,
P00011,945.0769426369817,True,1.8824433663468767,,
P00011,959.7436093036483,True,1.8824433663468767,,
P00011,974.410275970315,True,1.8824433663468767,,
P00011,989.0769426369816,True,1.8824433663468767,,
P00011,1003.7436093036483,True,1.8824433663468767,,
P00011,1018.410275970315,True,1.8824433663468767,,
P00011,1033.0769426369816,True,1.8824433663468767,,
P00011,1047.7436093036483,True,1.8824433663468767,,
P00011,1062.410275970315,True,1.8824433663468767,,
P00011,1077.0769426369816,True,1.8824433663468767,,
P00011,1091.7436093036483,True,1.8824433663468767,,
P00011,1106.410275970315,True,1.8824433663468767,,
P00011,1121.0769426369816,True,1.8824433663468767,,
P00011,1135.7436093036483,True,1.8824433663468767,,
P00011,1150.410275970315,True,1.8824433663468767,,
P00011,1165.0769426369816,True,1.8824433663468767,,
P00011,1179.743609303648,True,1.8824433663468767,,
P00011,1194.4102759703148,True,1.8824433663468767,,
P00011,1209.0769426369816,True,1.8824433663468767,,
P00011,1209.0769426369816,True,1.8824433663468767,,
P00011,1219.3365105080752,True,1.8784947679286716,,
P00011,1229.596078379169,True,1.8739876715408172,,
P00011,1229.596078379169,True,1.8739876715408172,,
P00011,1243.7340041936397,True,2.470240178920733,,
P00011,1257.8719300081104,True,3.1102028840113576,,
P00011,1272.009855822581,True,3.800747042437962,,
P00011,1286.1477816370516,True,4.550488536903416,,
P00011,1300.2857074515223,True,5.370426652000475,,
P00011,1314.423633265993,True,6.274900371632057,,
P00011,1328.5615590804637,True,7.2830685526657675,,
P00011,1342.6994848949341,True,18.42129073154574,,
P00011,1356.8374107094048,True,19.7271289887655,,
P00011,1370.9753365238755,True,21.25641186728255,,
P00011,1385.1132623383462,True,23.096316099937198,,
P00011,1399.251188152817,True,25.39002483293247,,
P00011,1413.3891139672874,True,28.374251992388963,,
P00011,1427.527039781758,True,32.2763562583542,,
P00011,1441.6649655962287,True,35.16080841557533,,
P00011,1441.6649655962287,True,35.16080841557533,,
P00011,1456.5648305559455,True,36.43502846726585,,
P00011,1471.4646955156622,True,37.92885384004063,,
P00011,1486.3645604753792,True,39.734071886227554,,
P00011,1501.264425435096,True,42.01563631553782,,
P00011,1516.1642903948127,True,45.118687164611146,,
P00011,1531.0641553545297,True,49.99198992735833,,
P00011,1545.9640203142465,True,62.12149303174657,,
P00011,1560.8638852739632,True,55.92517525248826,,
P00014,4051.0,True,55.92517525248826,,
P00014,4064.7940760294596,True,55.34471600699308,,
P00014,4078.588152058919,True,45.991499761200515,,
P00014,4092.3822280883787,True,41.592866209766555,,
P00014,4106.176304117838,True,38.686789494765065,,
P00014,4106.176304117838,True,38.686789494765065,,
P00014,4120.849843587619,True,33.5180082972424,,
P00014,4135.523383057401,True,28.621978024312114,,
P00014,4150.196922527181,True,25.344615780881796,,
P00014,4164.870461996963,True,22.9347675149929,,
P00014,4179.544001466744,True,21.03835747334041,,
P00014,4194.217540936525,True,19.47760763459901,,
P00014,4208.891080406306,True,18.152527205957668,,
P00014,4223.564619876088,True,17.00170814847189,,
P00014,4238.238159345869,True,5.984855687923613,,
P00014,4252.91169881565,True,5.0741475446874205,,
P00014,4267.585238285431,True,4.24958570647064,,
P00014,4282.258777755213,True,3.496322294346456,,
P00014,4296.932317224993,True,2.8030350590407096,,
P00014,4311.605856694774,True,2.16089523615868,,
P00014,4326.279396164556,True,1.5628866767125231,,
P00014,4340.952935634336,True,1.0033421674095848,,
P00014,4355.626475104118,True,0.4776189061346514,,
P00014,4370.300014573899,False,-0.018134082448540312,6.670827100426777,16.890260833612274
P00014,4384.97355404368,False,-0.4871461378841815,6.20982612640519,16.890260833612274
P00014,4399.647093513461,False,-0.9321518045994281,5.752667752003163,16.890260833612274
P00014,4414.320632983243,False,-1.3554869188672285,5.302648023230489,16.890260833612274
P00014,4428.994172453024,False,-1.7591624690282686,4.862007609495208,16.890260833612274
P00014,4443.667711922805,False,-2.144922121524388,4.432192132692947,16.890260833612274
P00014,4458.341251392586,False,-2.514287561085382,4.01406028692351,16.890260833612274
P00014,4473.014790862368,False,-2.868594614945067,3.608044930216593,16.890260833612274
P00014,4487.688330332148,False,-3.2090223199403596,3.2142750745183264,16.890260833612274
P00014,4487.688330332148,False,-3.2090223199403596,3.2142750745183264,16.890260833612274
P00014,4500.334112802851,False,-3.207935175601051,3.2113389127966485,16.890260833612274
P00014,4512.979895273555,False,-3.2071127983048626,3.207942539438932,16.890260833612274
P00014,4512.979895273555,False,-3.2071127983048626,3.207942539438932,16.890260833612274
P00014,4527.979895273555,False,-3.2071127983048626,3.207942539438932,16.890260833612274
P00014,4542.979895273555,False,-3.2071127983048626,3.207942539438932,16.890260833612274
P00014,4557.979895273555,False,-3.2071127983048626,3.207942539438932,16.890260833612274
P00014,4572.979895273555,False,-3.2071127983048626,3.207942539438932,16.890260833612274
P00014,4587.979895273555,False,-3.2071127983048626,3.207942539438932,16.890260833612274
P00014,4602.979895273555,False,-3.2071127983048626,3.207942539438932,16.890260833612274
P00014,4617.979895273555,False,-3.2071127983048626,3.207942539438932,16.890260833612274
P00014,4632.979895273555,False,-3.2071127983048626,3.207942539438932,16.890260833612274
P00014,4647.979895273555,False,-3.2071127983048626,3.207942539438932,16.890260833612274
P00014,4662.979895273555,False,-3.2071127983048626,3.207942539438932,16.890260833612274
P00014,4677.979895273555,False,-3.2071127983048626,3.207942539438932,16.890260833612274
P00014,4692.979895273555,False,-3.2071127983048626,3.207942539438932,16.890260833612274
P00014,4707.979895273555,False,-3.2071127983048626,3.207942539438932,16.890260833612274
P00014,4722.979895273555,False,-3.2071127983048626,3.207942539438932,16.890260833612274
P00014,4737.979895273555,False,-3.2071127983048626,3.207942539438932,16.890260833612274
P00014,4752.979895273555,False,-3.2071127983048626,3.207942539438932,16.890260833612274
P00014,4752.979895273555,False,-3.2071127983048626,3.207942539438932,16.890260833612274
P00014,4763.518047332474,False,-3.207935175601051,3.2113389127966485,16.890260833612274
P00014,4774.056199391393,False,-3.2090223199403596,3.2142750745183264,16.890260833612274
P00014,4774.056199391393,False,-3.2090223199403596,3.2142750745183264,16.890260833612274
P00014,4788.729738861174,False,-2.868594614945067,3.608044930216593,16.890260833612274
P00014,4803.403278330956,False,-2.514287561085382,4.01406028692351,16.890260833612274
P00014,4818.0768178007365,False,-2.144922121524388,4.432192132692947,16.890260833612274
P00014,4832.750357270518,False,-1.7591624690282686,4.862007609495208,16.890260833612274
P00014,4847.423896740299,False,-1.3554869188672285,5.302648023230489,16.890260833612274
P00014,4862.097436210081,False,-0.9321518045994281,5.752667752003163,16.890260833612274
P00014,4876.770975679861,False,-0.4871461378841815,6.20982612640519,16.890260833612274
P00014,4891.444515149643,False,-0.018134082448540312,6.670827100426777,16.890260833612274
P00014,4906.118054619424,True,0.4776189061346514,,
P00014,4920.791594089205,True,1.0033421674095848,,
P00014,4935.465133558986,True,1.5628866767125231,,
P00014,4950.138673028768,True,2.16089523615868,,
P00014,4964.812212498548,True,2.8030350590407096,,
P00014,4979.485751968329,True,3.496322294346456,,
P00014,4994.159291438111,True,4.24958570647064,,
P00014,5008.832830907892,True,5.0741475446874205,,
P00014,5023.506370377673,True,5.984855687923613,,
P00014,5038.179909847454,True,17.00170814847189,,
P00014,5052.853449317236,True,18.152527205957668,,
P00014,5067.526988787016,True,19.47760763459901,,
P00014,5082.200528256798,True,21.03835747334041,,
P00014,5096.874067726579,True,22.9347675149929,,
P00014,5111.54760719636,True,25.344615780881796,,
P00014,5126.221146666141,True,28.621978024312114,,
P00014,5140.894686135923,True,33.5180082972424,,
P00014,5155.568225605703,True,38.686789494765065,,
P00014,5155.568225605703,True,38.686789494765065,,
P00014,5168.810538593984,True,40.92866172632827,,
P00014,5182.052851582266,True,43.95841153002611,,
P00014,5195.295164570547,True,48.65076164524909,,
P00014,5208.537477558829,True,59.59651606024736,,
P00014,5221.77979054711,True,55.92517525248826,,
P00018,390.0,True,55.92517525248826,,
P00018,403.97181294759116,True,55.130771734791736,,
P00018,417.9436258951823,True,45.845158843874174,,
P00018,431.9154388427734,True,41.46047019599146,,
P00018,445.8872517903646,True,38.56041462744295,,
P00018,445.8872517903646,True,38.56041462744295,,
P00018,460.334183714219,True,33.57205605110471,,
P00018,474.7811156380734,True,28.730816568643064,,
P00018,489.22804756192784,True,25.467470210568635,,
P00018,503.6749794857823,True,23.062929692918445,,
P00018,518.1219114096367,True,21.16905288898853,,
P00018,532.568843333491,True,19.60969968354162,,
P00018,547.0157752573455,True,18.28546812492786,,
P00018,561.4627071811999,True,17.13520246017582,,
P00018,575.9096391050543,True,6.118730278438889,,
P00018,590.3565710289088,True,5.208294382733612,,
P00018,604.8035029527632,True,4.383933934350054,,
P00018,619.2504348766175,True,3.630823526760963,,
P00018,633.697366800472,True,2.937655139114014,,
P00018,633.697366800472,True,2.937655139114014,,
P00018,644.7989341832845,True,2.9417096276999075,,
P00018,655.900501566097,True,2.944925695612028,,
P00018,667.0020689489095,True,2.947301476575518,,
P00018,667.0020689489095,True,2.947301476575518,,
P00018,681.119716007733,True,2.947301476575518,,
P00018,695.2373630665566,True,2.947301476575518,,
P00018,709.3550101253801,True,2.947301476575518,,
P00018,723.4726571842036,True,2.947301476575518,,
P00018,737.5903042430272,True,2.947301476575518,,
P00018,751.7079513018507,True,2.947301476575518,,
P00018,765.8255983606742,True,2.947301476575518,,
P00018,779.9432454194978,True,2.947301476575518,,
P00018,794.0608924783213,True,2.947301476575518,,
P00018,808.1785395371448,True,2.947301476575518,,
P00018,822.2961865959684,True,2.947301476575518,,
P00018,836.4138336547919,True,2.947301476575518,,
P00018,850.5314807136155,True,2.947301476575518,,
P00018,864.649127772439,True,2.947301476575518,,
P00018,878.7667748312625,True,2.947301476575518,,
P00018,892.8844218900861,True,2.947301476575518,,
P00018,907.0020689489096,True,2.947301476575518,,
P00018,907.0020689489096,True,2.947301476575518,,
P00018,920.8790281774252,True,2.943422592224607,,
P00018,934.7559874059408,True,2.937655139114014,,
P00018,934.7559874059408,True,2.937655139114014,,
P00018,949.2029193297952,True,3.630823526760963,,
P00018,963.6498512536496,True,4.383933934350054,,
P00018,978.096783177504,True,5.208294382733612,,
P00018,992.5437151013583,True,6.118730278438889,,
P00018,1006.9906470252128,True,17.13520246017582,,
P00018,1021.4375789490672,True,18.28546812492786,,
P00018,1035.8845108729215,True,19.60969968354162,,
P00018,1050.331442796776,True,21.16905288898853,,
P00018,1064.7783747206304,True,23.062929692918445,,
P00018,1079.2253066444848,True,25.467470210568635,,
P00018,1093.672238568339,True,28.730816568643064,,
P00018,1108.1191704921935,True,33.57205605110471,,
P00018,1122.566102416048,True,38.56041462744295,,
P00018,1122.566102416048,True,38.56041462744295,,
P00018,1135.9790428457354,True,40.79782415668693,,
P00018,1149.391983275423,True,43.8193918960519,,
P00018,1162.8049237051105,True,48.4918688742445,,
P00018,1176.217864134798,True,59.318310039644516,,
P00018,1189.6308045644855,True,55.92517525248826,,
P00024,1580.0,True,55.92517525248826,-9.30559926391868,0.697199116576428
P00024,1594.0681026574337,True,55.01703031901411,0.7001864095935275,0.697199116576428
P00024,1608.1362053148675,True,45.76689582884745,0.7055168605514126,0.697199116576428
P00024,1622.2043079723012,True,41.389578080290164,0.7103904017139655,0.697199116576428
P00024,1636.2724106297348,True,38.492710724218625,0.7148054862262256,0.697199116576428
P00024,1650.3405132871685,True,36.324128332273915,0.7187607092426731,0.697199116576428
P00024,1664.4086159446024,True,34.59024155539048,0.7222548094070902,0.697199116576428
P00024,1678.476718602036,True,33.14554541007885,0.7252866701862786,0.697199116576428
P00024,1692.5448212594697,True,31.90722280850261,0.7278553210542356,0.697199116576428
P00024,1706.6129239169034,True,30.8236160517135,0.7299599385243738,0.697199116576428
P00024,1720.6810265743372,True,29.86032334370131,0.7315998470273968,0.697199116576428
P00024,1734.749129231771,True,28.993277511644692,0.7327745196329687,0.697199116576428
P00024,1734.749129231771,True,28.993277511644692,0.7327745196329687,0.697199116576428
P00024,1749.1782414834227,True,28.06832772230746,1.010364754797493,0.697199116576428
P00024,1763.6073537350744,True,26.094204487461525,1.2929600279281317,0.697199116576428
P00024,1778.0364659867262,True,24.029217686842756,1.5803184059874837,0.697199116576428
P00024,1792.465578238378,True,22.182927403491007,1.8720946550941164,0.697199116576428
P00024,1806.8946904900295,True,20.58347345112975,2.1678168323463325,0.697199116576428
P00024,1821.3238027416812,True,19.19556849357336,2.4668587812225695,0.697199116576428
P00024,1835.752914993333,True,17.979053075768704,2.7684083005148636,0.697199116576428
P00024,1850.1820272449847,True,16.90055577288632,3.071431042375039,0.697199116576428
P00024,1864.6111394966365,True,15.934165164942229,3.3746306780486464,0.697199116576428
P00024,1879.0402517482883,True,15.060000979285888,3.676406622956492,0.697199116576428
P00024,1893.46936399994,True,14.262721863005353,3.9748117097266658,0.697199116576428
P00024,1907.8984762515915,True,13.530349115891667,4.267513689333413,0.697199116576428
P00024,1922.3275885032435,True,12.853403219825537,4.551766310423389,0.697199116576428
P00024,1936.756700754895,True,12.224281240173383,4.824397823896788,0.697199116576428
P00024,1951.1858130065468,True,1.636807401698917,5.08182671100586,0.697199116576428
P00024,1965.6149252581986,True,1.0859058174085163,5.320115566787592,0.697199116576428
P00024,1980.0440375098503,True,0.5673593413953313,5.5350734119604965,0.697199116576428
P00024,1994.473149761502,True,0.07762959531696367,5.722413140272266,0.697199116576428
P00024,2008.9022620131539,False,-0.38627908164892233,5.877963502429296,0.697199116576428
P00024,2023.3313742648056,False,-0.8269237605882154,5.997924102113814,0.697199116576428
P00024,2037.7604865164571,False,-1.2465035605591908,6.079139084018408,0.697199116576428
P00024,2052.189598768109,False,-1.6469227887861564,6.119354092195209,0.697199116576428
P00024,2066.6187110197607,False,-2.0298408932109737,6.117416198856361,0.697199116576428
P00024,2081.047823271412,False,-2.3967123641725436,6.073381399744818,0.697199116576428
P00024,2095.476935523064,False,-2.7488188947653214,5.988509311416067,0.697199116576428
P00024,2095.476935523064,False,-2.7488188947653214,5.988509311416067,0.697199116576428
P00024,2109.245357677082,False,-2.7444851721115526,5.985414133736327,0.697199116576428
P00024,2123.0137798311,False,-2.740496947315961,5.981283475757834,0.697199116576428
P00024,2136.782201985118,False,-2.7368551768561105,5.9761202912445555,0.697199116576428
P00024,2150.5506241391354,False,-2.733560735914537,5.9699282630953405,0.697199116576428
P00024,2164.3190462931534,False,-2.730614417681778,5.962711794626031,0.697199116576428
P00024,2178.087468447171,False,-2.72801693272298,5.954475999196276,0.697199116576428
P00024,2191.855890601189,False,-2.725768908408938,5.94522668823214,0.697199116576428
P00024,2191.855890601189,False,-2.725768908408938,5.94522668823214,0.697199116576428
P00024,2206.855890601189,False,-2.725768908408938,5.94522668823214,0.697199116576428
P00024,2221.855890601189,False,-2.725768908408938,5.94522668823214,0.697199116576428
P00024,2236.855890601189,False,-2.725768908408938,5.94522668823214,0.697199116576428
P00024,2251.855890601189,False,-2.725768908408938,5.94522668823214,0.697199116576428
P00024,2266.855890601189,False,-2.725768908408938,5.94522668823214,0.697199116576428
P00024,2281.855890601189,False,-2.725768908408938,5.94522668823214,0.697199116576428
P00024,2296.855890601189,False,-2.725768908408938,5.94522668823214,0.697199116576428
P00024,2311.855890601189,False,-2.725768908408938,5.94522668823214,0.697199116576428
P00024,2326.855890601189,False,-2.725768908408938,5.94522668823214,0.697199116576428
P00024,2341.855890601189,False,-2.725768908408938,5.94522668823214,0.697199116576428
P00024,2356.855890601189,False,-2.725768908408938,5.94522668823214,0.697199116576428
P00024,2371.855890601189,False,-2.725768908408938,5.94522668823214,0.697199116576428
P00024,2386.855890601189,False,-2.725768908408938,5.94522668823214,0.697199116576428
P00024,2401.855890601189,False,-2.725768908408938,5.94522668823214,0.697199116576428
P00024,2416.855890601189,False,-2.725768908408938,5.94522668823214,0.697199116576428
P00024,2431.855890601189,False,-2.725768908408938,5.94522668823214,0.697199116576428
P00024,2431.855890601189,False,-2.725768908408938,5.94522668823214,0.697199116576428
P00024,2445.2418565842618,False,-2.7284255946918563,5.955919180285008,0.697199116576428
P00024,2458.627822567335,False,-2.7315577978897068,5.96523080966378,0.697199116576428
P00024,2472.0137885504078,False,-2.7351644886917086,5.973152624188387,0.697199116576428
P00024,2485.3997545334805,False,-2.7392444840045584,5.9796769724786145,0.697199116576428
P00024,2498.7857205165537,False,-2.7437964482402606,5.984797528402822,0.697199116576428
P00024,2512.1716864996265,False,-2.7488188947653214,5.988509311416067,0.697199116576428
P00024,2512.1716864996265,False,-2.7488188947653214,5.988509311416067,0.697199116576428
P00024,2526.600798751278,False,-2.3967123641725436,6.073381399744818,0.697199116576428
P00024,2541.02991100293,False,-2.0298408932109737,6.117416198856361,0.697199116576428
P00024,2555.4590232545816,False,-1.6469227887861564,6.119354092195209,0.697199116576428
P00024,2569.8881355062335,False,-1.2465035605591908,6.079139084018408,0.697199116576428
P00024,2584.317247757885,False,-0.8269237605882154,5.997924102113814,0.697199116576428
P00024,2598.746360009537,False,-0.38627908164892233,5.877963502429296,0.697199116576428
P00024,2613.1754722611886,True,0.07762959531696367,5.722413140272266,0.697199116576428
P00024,2627.6045845128406,True,0.5673593413953313,5.5350734119604965,0.697199116576428
P00024,2642.033696764492,True,1.0859058174085163,5.320115566787592,0.697199116576428
P00024,2656.4628090161436,True,1.636807401698917,5.08182671100586,0.697199116576428
P00024,2670.8919212677956,True,12.224281240173383,4.824397823896788,0.697199116576428
P00024,2685.321033519447,True,12.853403219825537,4.551766310423389,0.697199116576428
P00024,2699.750145771099,True,13.530349115891667,4.267513689333413,0.697199116576428
P00024,2714.1792580227507,True,14.262721863005353,3.9748117097266658,0.697199116576428
P00024,2728.6083702744027,True,15.060000979285888,3.676406622956492,0.697199116576428
P00024,2743.037482526054,True,15.934165164942229,3.3746306780486464,0.697199116576428
P00024,2757.4665947777057,True,16.90055577288632,3.071431042375039,0.697199116576428
P00024,2771.8957070293577,True,17.979053075768704,2.7684083005148636,0.697199116576428
P00024,2786.3248192810092,True,19.19556849357336,2.4668587812225695,0.697199116576428
P00024,2800.753931532661,True,20.58347345112975,2.1678168323463325,0.697199116576428
P00024,2815.1830437843128,True,22.182927403491007,1.8720946550941164,0.697199116576428
P00024,2829.6121560359647,True,24.029217686842756,1.5803184059874837,0.697199116576428
P00024,2844.0412682876163,True,26.094204487461525,1.2929600279281317,0.697199116576428
P00024,2858.4703805392683,True,28.06832772230746,1.010364754797493,0.697199116576428
P00024,2872.89949279092,True,28.993277511644692,0.7327745196329687,0.697199116576428
P00024,2872.89949279092,True,28.993277511644692,0.7327745196329687,0.697199116576428
P00024,2887.1840277969295,True,29.721167451284288,0.7318108586986511,0.697199116576428
P00024,2901.4685628029392,True,30.51568132933687,0.7305140487748218,0.697199116576428
P00024,2915.7530978089485,True,31.39025549127784,0.7288843882683551,0.697199116576428
P00024,2930.037632814958,True,32.362851484845976,0.726922251883181,0.697199116576428
P00024,2944.322167820968,True,33.45824810143648,0.7246280903334394,0.697199116576428
P00024,2958.6067028269777,True,34.71199784618321,0.7220024299990797,0.697199116576428
P00024,2972.891237832987,True,36.17774866171362,0.7190458725243047,0.697199116576428
P00024,2987.1757728389966,True,37.94208387890673,,
P00024,3001.4603078450064,True,40.15860072135651,,
P00024,3015.744842851016,True,43.142020888286595,,
P00024,3030.0293778570253,True,47.7226818640997,,
P00024,3044.313912863035,True,58.02151199880841,,
P00024,3058.598447869045,True,55.92517525248826,,
P00026,2242.0,True,55.92517525248826,,
P00026,2256.8033085123698,True,54.19444607383696,,
P00026,2271.6066170247395,True,45.19150059626702,,
P00026,2286.4099255371093,True,40.86656215567207,,
P00026,2301.213234049479,True,37.9924630533927,,
P00026,2316.016542561849,True,35.83661407556568,,
P00026,2330.819851074219,True,34.11086202847292,,
P00026,2345.623159586589,True,32.67181211254423,,
P00026,2360.4264680989586,True,31.437637641774785,,
P00026,2375.2297766113284,True,30.3572073135347,,
P00026,2390.033085123698,True,29.396424967151802,,
P00026,2390.033085123698,True,29.396424967151802,,
P00026,2404.895094873175,True,28.33673264406663,,
P00026,2419.7571046226512,True,26.163103095495543,,
P00026,2434.619114372128,True,23.971766607003985,,
P00026,2449.481124121605,True,22.05522208450094,,
P00026,2464.343133871081,True,20.41544169663031,,
P00026,2479.205143620558,True,19.00295708848985,,
P00026,2494.0671533700347,True,17.770577826091028,,
P00026,2508.929163119511,True,16.681331036943817,,
P00026,2523.791172868988,True,15.7073562702506,,
P00026,2538.6531826184646,True,14.827659099328926,,
P00026,2553.515192367941,True,14.026229166632007,,
P00026,2568.3772021174177,True,13.29066846937954,5.450335956162661,0.3138012759656732
P00026,2583.2392118668945,True,12.611224758170664,6.048071504733429,0.3138012759656732
P00026,2598.101221616371,True,11.980111908389873,6.689865766851625,0.3138012759656732
P00026,2612.9632313658476,True,1.3910276066325338,7.382709855844183,0.3138012759656732
P00026,2627.8252411153244,True,0.8388063914102588,8.135395707928524,0.3138012759656732
P00026,2642.6872508648007,True,0.31916632411876833,8.959189612733667,0.3138012759656732
P00026,2657.5492606142775,False,-0.1714787466245582,9.868851093592738,0.3138012759656732
P00026,2672.4112703637543,False,-0.6361603123326915,10.884232067057027,0.3138012759656732
P00026,2687.2732801132306,False,-1.0774627324040438,12.032899181088396,0.3138012759656732
P00026,2702.1352898627074,False,-1.4976061971510148,13.354667000811943,0.3138012759656732
P00026,2716.997299612184,False,-1.8985114889841554,14.909954784907,0.3138012759656732
P00026,2731.8593093616605,False,-2.281851084650029,16.796450563810325,0.3138012759656732
P00026,2746.7213191111373,False,-2.6490898853072906,19.185553431669035,0.3138012759656732
P00026,2761.583328860614,False,-3.001517982419969,22.408445412549085,0.3138012759656732
P00026,2776.4453386100904,False,-3.3402772447913947,27.096188147791906,0.3138012759656732
P00026,2791.307348359567,False,-3.666383065323288,31.62615441682692,0.3138012759656732
P00026,2791.307348359567,False,-3.666383065323288,31.62615441682692,0.3138012759656732
P00026,2804.2805824090465,False,-3.6632260267570302,30.06248975225546,0.3138012759656732
P00026,2817.2538164585253,False,-3.6603179924801736,28.737839420949655,0.3138012759656732
P00026,2830.2270505080046,False,-3.657659464485718,27.58873001708922,0.3138012759656732
P00026,2830.2270505080046,False,-3.657659464485718,27.58873001708922,0.3138012759656732
P00026,2845.2270505080046,False,-3.657659464485718,27.58873001708922,0.3138012759656732
P00026,2860.2270505080046,False,-3.657659464485718,27.58873001708922,0.3138012759656732
P00026,2875.2270505080046,False,-3.657659464485718,27.58873001708922,0.3138012759656732
P00026,2890.2270505080046,False,-3.657659464485718,27.58873001708922,0.3138012759656732
P00026,2905.2270505080046,False,-3.657659464485718,27.58873001708922,0.3138012759656732
P00026,2920.2270505080046,False,-3.657659464485718,27.58873001708922,0.3138012759656732
P00026,2935.2270505080046,False,-3.657659464485718,27.58873001708922,0.3138012759656732
P00026,2950.2270505080046,False,-3.657659464485718,27.58873001708922,0.3138012759656732
P00026,2965.2270505080046,False,-3.657659464485718,27.58873001708922,0.3138012759656732
P00026,2980.2270505080046,False,-3.657659464485718,27.58873001708922,0.3138012759656732
P00026,2995.2270505080046,False,-3.657659464485718,27.58873001708922,0.3138012759656732
P00026,3010.2270505080046,False,-3.657659464485718,27.58873001708922,0.3138012759656732
P00026,3025.2270505080046,False,-3.657659464485718,27.58873001708922,0.3138012759656732
P00026,3040.2270505080046,False,-3.657659464485718,27.58873001708922,0.3138012759656732
P00026,3055.2270505080046,False,-3.657659464485718,27.58873001708922,0.3138012759656732
P00026,3070.2270505080046,False,-3.657659464485718,27.58873001708922,0.3138012759656732
P00026,3070.2270505080046,False,-3.657659464485718,27.58873001708922,0.3138012759656732
P00026,3081.0380788825705,False,-3.6603179924801736,28.73783942094964,0.3138012759656732
P00026,3091.8491072571364,False,-3.6632260267570302,30.062489752255473,0.3138012759656732
P00026,3102.6601356317024,False,-3.666383065323288,31.62615441682692,0.3138012759656732
P00026,3102.6601356317024,False,-3.666383065323288,31.62615441682692,0.3138012759656732
P00026,3117.522145381179,False,-3.3402772447913947,27.096188147791906,0.3138012759656732
P00026,3132.3841551306555,False,-3.001517982419969,22.408445412549085,0.3138012759656732
P00026,3147.2461648801323,False,-2.6490898853072906,19.185553431669035,0.3138012759656732
P00026,3162.108174629609,False,-2.281851084650029,16.796450563810325,0.3138012759656732
P00026,3176.970184379086,False,-1.8985114889841554,14.909954784907,0.3138012759656732
P00026,3191.832194128562,False,-1.4976061971510148,13.354667000811943,0.3138012759656732
P00026,3206.694203878039,False,-1.0774627324040438,12.032899181088396,0.3138012759656732
P00026,3221.5562136275157,False,-0.6361603123326915,10.884232067057027,0.3138012759656732
P00026,3236.418223376992,False,-0.1714787466245582,9.868851093592738,0.3138012759656732
P00026,3251.280233126469,True,0.31916632411876833,8.959189612733667,0.3138012759656732
P00026,3266.1422428759456,True,0.8388063914102588,8.135395707928524,0.3138012759656732
P00026,3281.004252625422,True,1.3910276066325338,7.382709855844183,0.3138012759656732
P00026,3295.8662623748987,True,11.980111908389873,6.689865766851625,0.3138012759656732
P00026,3310.7282721243755,True,12.611224758170664,6.048071504733429,0.3138012759656732
P00026,3325.5902818738523,True,13.29066846937954,5.450335956162661,0.3138012759656732
P00026,3340.4522916233286,True,14.026229166632007,4.891009405660952,0.3138012759656732
P00026,3355.3143013728054,True,14.827659099328926,4.365461577747553,0.3138012759656732
P00026,3370.176311122282,True,15.7073562702506,3.869850655068248,0.3138012759656732
P00026,3385.0383208717585,True,16.681331036943817,3.4009541183216925,0.3138012759656732
P00026,3399.9003306212353,True,17.770577826091028,2.956042586493453,0.3138012759656732
P00026,3414.762340370712,True,19.00295708848985,2.532784190267634,0.3138012759656732
P00026,3429.624350120189,True,20.41544169663031,2.1291710295874253,0.3138012759656732
P00026,3444.486359869665,True,22.05522208450094,1.7434618711735794,0.3138012759656732
P00026,3459.348369619142,True,23.971766607003985,1.3741369682433344,0.3138012759656732
P00026,3474.2103793686188,True,26.163103095495543,1.01986205246709,0.3138012759656732
P00026,3489.072389118095,True,28.33673264406663,0.6794593524561208,0.3138012759656732
P00026,3503.934398867572,True,29.396424967151802,0.35188405627403085,0.3138012759656732
P00026,3503.934398867572,True,29.396424967151802,0.35188405627403085,0.3138012759656732
P00026,3518.7377073799416,True,30.189514043986463,0.35026247900123053,0.3138012759656732
P00026,3533.5410158923114,True,31.06236185174781,0.3483136517174472,0.3138012759656732
P00026,3548.344324404681,True,32.032822874833954,0.3460380150465028,0.3138012759656732
P00026,3563.147632917051,True,33.12551135569488,0.34343608291919736,0.3138012759656732
P00026,3577.9509414294207,True,34.375713200666056,0.34050844218732834,0.3138012759656732
P00026,3592.7542499417905,True,35.83661407556562,0.3372557521840065,0.3138012759656732
P00026,3607.5575584541607,True,37.59391948054477,0.3336787442307667,0.3138012759656732
P00026,3622.3608669665305,True,39.79933095562558,0.32977822109225485,0.3138012759656732
P00026,3637.1641754789002,True,42.7625791773701,0.32555505637948556,0.3138012759656732
P00026,3651.96748399127,True,47.295239508896344,,
P00026,3666.7707925036398,True,57.33257168165085,,
P00026,3681.5741010160095,True,55.92517525248826,,
P00028,5223.0,True,55.92517525248826,,
P00028,5236.622740681966,True,55.55606618306727,,
P00028,5250.245481363932,True,46.13494294006847,,
P00028,5263.868222045899,True,41.722432934311726,,
P00028,5277.490962727865,True,38.81037834641559,,
P00028,5291.113703409831,True,36.63333119010582,,
P00028,5304.736444091797,True,34.89404750685925,,
P00028,5304.736444091797,True,34.89404750685925,,
P00028,5319.348107488064,True,32.000044040310826,,
P00028,5333.95977088433,True,28.091949195270857,,
P00028,5348.571434280597,True,25.105682562644034,,
P00028,5363.183097676863,True,22.811130177437676,,
P00028,5377.79476107313,True,20.97080980444082,,
P00028,5392.406424469396,True,19.441294993757026,,
P00028,5407.018087865663,True,18.135315967007628,,
P00028,5421.629751261929,True,16.99700296980211,,
P00028,5436.241414658196,True,15.98877352991704,,
P00028,5450.853078054463,True,15.084257123224603,,
P00028,5465.46474145073,True,14.264288560776194,,
P00028,5480.076404846996,True,13.51452500620455,,
P00028,5494.688068243263,True,12.823964724148126,,
P00028,5509.299731639529,True,12.183990213562879,,
P00028,5523.911395035796,True,11.58772911580067,,
P00028,5538.5230584320625,True,11.02961481212428,,
P00028,5553.134721828329,True,10.505076572426248,,
P00028,5567.7463852245955,True,10.01031614588895,4.642244615775681,8.79982038702893
P00028,5582.358048620862,True,9.542143479801297,5.045556646869599,8.79982038702893
P00028,5596.969712017129,True,9.097853786244684,5.452782097544372,8.79982038702893
P00028,5611.581375413395,False,-1.3248659008513073,5.861064441724324,8.79982038702893
P00028,5626.193038809662,False,-1.7280087593597955,6.266589397966754,8.79982038702893
P00028,5640.804702205928,False,-2.1133044193974797,6.664399519725123,8.79982038702893
P00028,5655.416365602195,False,-2.4822633833252326,7.048235069596217,8.79982038702893
P00028,5670.028028998461,False,-2.836212481167891,7.410451170111756,8.79982038702893
P00028,5684.639692394728,False,-3.176323444822401,7.742082498322915,8.79982038702893
P00028,5699.251355790994,False,-3.503636141454521,8.033139661371052,8.79982038702893
P00028,5713.863019187262,False,-3.8190776192093665,8.273208954376116,8.79982038702893
P00028,5728.474682583528,False,-4.1234778383826125,8.452370626223981,8.79982038702893
P00028,5743.086345979795,False,-4.4175827561506225,8.562344568971909,8.79982038702893
P00028,5757.698009376061,False,-4.70206528115051,8.597644791373682,8.79982038702893
P00028,5772.309672772328,False,-4.977534500516455,8.556442018286049,8.79982038702893
P00028,5786.921336168594,False,-5.244543495978633,8.440868456507602,8.79982038702893
P00028,5801.532999564861,False,-5.503596000019812,8.256663383498534,8.79982038702893
P00028,5816.144662961127,False,-5.755152092534871,8.012277061249321,8.79982038702893
P00028,5830.756326357394,False,-5.999633099181665,7.7177066651415345,8.79982038702893
P00028,5845.36798975366,False,-6.237425821915423,7.38336198085878,8.79982038702893
P00028,5845.36798975366,False,-6.237425821915423,7.38336198085878,8.79982038702893
P00028,5858.9692340570455,False,-6.236491370928462,7.355474798749341,8.79982038702893
P00028,5872.570478360431,False,-6.235709373749728,7.326385219725367,8.79982038702893
P00028,5886.171722663816,False,-6.235079912778616,7.296118452522734,8.79982038702893
P00028,5886.171722663816,False,-6.235079912778616,7.296118452522734,8.79982038702893
P00028,5901.171722663816,False,-6.235079912778616,7.296118452522734,8.79982038702893
P00028,5916.171722663816,False,-6.235079912778616,7.296118452522734,8.79982038702893
P00028,5931.171722663816,False,-6.235079912778616,7.296118452522734,8.79982038702893
P00028,5946.171722663816,False,-6.235079912778616,7.296118452522734,8.79982038702893
P00028,5961.171722663816,False,-6.235079912778616,7.296118452522734,8.79982038702893
P00028,5976.171722663816,False,-6.235079912778616,7.296118452522734,8.79982038702893
P00028,5991.171722663816,False,-6.235079912778616,7.296118452522734,8.79982038702893
P00028,6006.171722663816,False,-6.235079912778616,7.296118452522734,8.79982038702893
P00028,6021.171722663816,False,-6.235079912778616,7.296118452522734,8.79982038702893
P00028,6036.171722663816,False,-6.235079912778616,7.296118452522734,8.79982038702893
P00028,6051.171722663816,False,-6.235079912778616,7.296118452522734,8.79982038702893
P00028,6066.171722663816,False,-6.235079912778616,7.296118452522734,8.79982038702893
P00028,6081.171722663816,False,-6.235079912778616,7.296118452522734,8.79982038702893
P00028,6096.171722663816,False,-6.235079912778616,7.296118452522734,8.79982038702893
P00028,6111.171722663816,False,-6.235079912778616,7.296118452522734,8.79982038702893
P00028,6126.171722663816,False,-6.235079912778616,7.296118452522734,8.79982038702893
P00028,6126.171722663816,False,-6.235079912778616,7.296118452522734,8.79982038702893
P00028,6137.506092916637,False,-6.235709373749728,7.326385219725367,8.79982038702893
P00028,6148.840463169458,False,-6.236491370928462,7.355474798749341,8.79982038702893
P00028,6160.174833422279,False,-6.237425821915423,7.38336198085878,8.79982038702893
P00028,6160.174833422279,False,-6.237425821915423,7.38336198085878,8.79982038702893
P00028,6174.786496818546,False,-5.999633099181665,7.7177066651415345,8.79982038702893
P00028,6189.398160214812,False,-5.755152092534871,8.012277061249321,8.79982038702893
P00028,6204.009823611079,False,-5.503596000019812,8.256663383498534,8.79982038702893
P00028,6218.621487007345,False,-5.244543495978633,8.440868456507602,8.79982038702893
P00028,6233.233150403612,False,-4.977534500516455,8.556442018286049,8.79982038702893
P00028,6247.8448137998785,False,-4.70206528115051,8.597644791373682,8.79982038702893
P00028,6262.456477196145,False,-4.4175827561506225,8.562344568971909,8.79982038702893
P00028,6277.0681405924115,False,-4.1234778383826125,8.452370626223981,8.79982038702893
P00028,6291.679803988678,False,-3.8190776192093665,8.273208954376116,8.79982038702893
P00028,6306.291467384945,False,-3.503636141454521,8.033139661371052,8.79982038702893
P00028,6320.903130781211,False,-3.176323444822401,7.742082498322915,8.79982038702893
P00028,6335.514794177478,False,-2.836212481167891,7.410451170111756,8.79982038702893
P00028,6350.126457573744,False,-2.4822633833252326,7.048235069596217,8.79982038702893
P00028,6364.738120970011,False,-2.1133044193974797,6.664399519725123,8.79982038702893
P00028,6379.349784366277,False,-1.7280087593597955,6.266589397966754,8.79982038702893
P00028,6393.961447762544,False,-1.324865900851961,5.861064441724807,8.79982038702893
P00028,6408.57311115881,True,9.097853786244684,5.452782097544372,8.79982038702893
P00028,6423.184774555077,True,9.542143479801297,5.045556646869599,8.79982038702893
P00028,6437.796437951344,True,10.01031614588895,4.642244615775681,8.79982038702893
P00028,6452.408101347611,True,10.505076572426248,4.244926358521809,8.79982038702893
P00028,6467.019764743877,True,11.029614812125118,3.855068520251777,8.79982038702893
P00028,6481.631428140144,True,11.58772911580067,3.4736616325597254,8.79982038702893
P00028,6496.24309153641,True,12.183990213562879,3.101332531937416,8.79982038702893
P00028,6510.854754932677,True,12.823964724148126,2.7384339700864473,8.79982038702893
P00028,6525.466418328943,True,13.51452500620455,2.3851148061439034,8.79982038702893
P00028,6540.07808172521,True,14.264288560776194,2.0413742918762807,8.79982038702893
P00028,6554.689745121476,True,15.084257123224603,1.7071036514978601,8.79982038702893
P00028,6569.301408517743,True,15.98877352991704,1.3821176859366773,8.79982038702893
P00028,6583.913071914009,True,16.99700296980211,1.0661786372356659,8.79982038702893
P00028,6598.524735310276,True,18.135315967007628,0.7590140976391098,8.79982038702893
P00028,6613.136398706542,True,19.441294993757026,0.46033036366594615,8.79982038702893
P00028,6627.748062102809,True,20.97080980444082,0.16982232140922804,8.79982038702893
P00028,6642.3597254990755,True,22.811130177437676,-0.11281930076049207,8.79982038702893
P00028,6656.971388895342,True,25.105682562644034,-0.38790267187499694,8.79982038702893
P00028,6671.5830522916085,True,28.091949195270857,-0.6557311018854932,8.79982038702893
P00028,6686.194715687875,True,32.000044040310826,-0.9166004170615878,8.79982038702893
P00028,6700.806379084142,True,34.89404750685925,-1.170797184557145,8.79982038702893
P00028,6700.806379084142,True,34.89404750685925,-1.170797184557145,8.79982038702893
P00028,6714.818340928449,True,36.362504444229145,-1.1748190786679942,8.79982038702893
P00028,6728.830302772758,True,38.13076626867257,-1.1790438946211168,8.79982038702893
P00028,6742.842264617066,True,40.353496285693225,-1.183471037094506,8.79982038702893
P00028,6756.854226461373,True,43.34823390435096,,
P00028,6770.866188305681,True,47.95599136227739,,
P00028,6784.87815014999,True,58.40665067997506,,
P00028,6798.8901119942975,True,55.92517525248826,,
P00030,5582.0,True,55.92517525248826,-11.203190024799554,8.79982038702893
P00030,5595.622740681966,True,55.55606618306727,-1.1971078003348907,8.79982038702893
P00030,5609.245481363932,True,46.13494294006847,-1.191297519827856,8.79982038702893
P00030,5622.868222045899,True,41.722432934311726,-1.185760287331476,8.79982038702893
P00030,5636.490962727865,True,38.81037834641559,-1.1804971582352408,8.79982038702893
P00030,5650.113703409831,True,36.63333119010582,-1.1755091386060599,8.79982038702893
P00030,5663.736444091797,True,34.89404750685925,-1.170797184557145,8.79982038702893
P00030,5663.736444091797,True,34.89404750685925,-1.170797184557145,8.79982038702893
P00030,5678.348107488064,True,32.000044040310826,-0.9166004170615878,8.79982038702893
P00030,5692.95977088433,True,28.091949195270857,-0.6557311018854932,8.79982038702893
P00030,5707.571434280597,True,25.105682562644034,-0.38790267187499694,8.79982038702893
P00030,5722.183097676863,True,22.811130177437676,-0.11281930076049207,8.79982038702893
P00030,5736.79476107313,True,20.97080980444082,0.16982232140922804,8.79982038702893
P00030,5751.406424469396,True,19.441294993757026,0.46033036366594615,8.79982038702893
P00030,5766.018087865663,True,18.135315967007628,0.7590140976391098,8.79982038702893
P00030,5780.629751261929,True,16.99700296980211,1.0661786372356659,8.79982038702893
P00030,5795.241414658196,True,15.98877352991704,1.3821176859366773,8.79982038702893
P00030,5809.853078054463,True,15.084257123224603,1.7071036514978601,8.79982038702893
P00030,5824.46474145073,True,14.264288560776194,2.0413742918762807,8.79982038702893
P00030,5839.076404846996,True,13.51452500620455,2.3851148061439034,8.79982038702893
P00030,5853.688068243263,True,12.823964724148126,2.7384339700864473,8.79982038702893
P00030,5868.299731639529,True,12.183990213562879,3.101332531937416,8.79982038702893
P00030,5882.911395035796,True,11.58772911580067,3.4736616325597254,8.79982038702893
P00030,5897.5230584320625,True,11.02961481212428,3.8550685202522885,8.79982038702893
P00030,5912.134721828329,True,10.505076572426248,4.244926358521809,8.79982038702893
P00030,5926.7463852245955,True,10.01031614588895,4.642244615775681,8.79982038702893
P00030,5941.358048620862,True,9.542143479801297,5.045556646869599,8.79982038702893
P00030,5955.969712017129,True,9.097853786244684,5.452782097544372,8.79982038702893
P00030,5970.581375413395,False,-1.3248659008513073,5.861064441724324,8.79982038702893
P00030,5985.193038809662,False,-1.7280087593597955,6.266589397966754,8.79982038702893
P00030,5999.804702205928,False,-2.1133044193974797,6.664399519725123,8.79982038702893
P00030,6014.416365602195,False,-2.4822633833252326,7.048235069596217,8.79982038702893
P00030,6029.028028998461,False,-2.836212481167891,7.410451170111756,8.79982038702893
P00030,6043.639692394728,False,-3.176323444822401,7.742082498322915,8.79982038702893
P00030,6058.251355790994,False,-3.503636141454521,8.033139661371052,8.79982038702893
P00030,6072.863019187262,False,-3.8190776192093665,8.273208954376116,8.79982038702893
P00030,6087.474682583528,False,-4.1234778383826125,8.452370626223981,8.79982038702893
P00030,6102.086345979795,False,-4.4175827561506225,8.562344568971909,8.79982038702893
P00030,6116.698009376061,False,-4.70206528115051,8.597644791373682,8.79982038702893
P00030,6131.309672772328,False,-4.977534500516455,8.556442018286049,8.79982038702893
P00030,6145.921336168594,False,-5.244543495978633,8.440868456507602,8.79982038702893
P00030,6160.532999564861,False,-5.503596000019812,8.256663383498534,8.79982038702893
P00030,6175.144662961127,False,-5.755152092534871,8.012277061249321,8.79982038702893
P00030,6189.756326357394,False,-5.999633099181665,7.7177066651415345,8.79982038702893
P00030,6204.36798975366,False,-6.237425821915423,7.38336198085878,8.79982038702893
P00030,6204.36798975366,False,-6.237425821915423,7.38336198085878,8.79982038702893
P00030,6217.9692340570455,False,-6.236491370928462,7.355474798749341,8.79982038702893
P00030,6231.570478360431,False,-6.235709373749728,7.326385219725367,8.79982038702893
P00030,6245.171722663816,False,-6.235079912778616,7.296118452522734,8.79982038702893
P00030,6245.171722663816,False,-6.235079912778616,7.296118452522734,8.79982038702893
P00030,6260.171722663816,False,-6.235079912778616,7.296118452522734,8.79982038702893
P00030,6275.171722663816,False,-6.235079912778616,7.296118452522734,8.79982038702893
P00030,6290.171722663816,False,-6.235079912778616,7.296118452522734,8.79982038702893
P00030,6305.171722663816,False,-6.235079912778616,7.296118452522734,8.79982038702893
P00030,6320.171722663816,False,-6.235079912778616,7.296118452522734,8.79982038702893
P00030,6335.171722663816,False,-6.235079912778616,7.296118452522734,8.79982038702893
P00030,6350.171722663816,False,-6.235079912778616,7.296118452522734,8.79982038702893
P00030,6365.171722663816,False,-6.235079912778616,7.296118452522734,8.79982038702893
P00030,6380.171722663816,False,-6.235079912778616,7.296118452522734,8.79982038702893
P00030,6395.171722663816,False,-6.235079912778616,7.296118452522734,8.79982038702893
P00030,6410.171722663816,False,-6.235079912778616,7.296118452522734,8.79982038702893
P00030,6425.171722663816,False,-6.235079912778616,7.296118452522734,8.79982038702893
P00030,6440.171722663816,False,-6.235079912778616,7.296118452522734,8.79982038702893
P00030,6455.171722663816,False,-6.235079912778616,7.296118452522734,8.79982038702893
P00030,6455.171722663816,False,-6.235079912778616,7.296118452522734,8.79982038702893
P00030,6466.506092916637,False,-6.235709373749728,7.326385219725367,8.79982038702893
P00030,6477.840463169458,False,-6.236491370928462,7.355474798749341,8.79982038702893
P00030,6489.174833422279,False,-6.237425821915423,7.38336198085878,8.79982038702893
P00030,6489.174833422279,False,-6.237425821915423,7.38336198085878,8.79982038702893
P00030,6503.786496818546,False,-5.999633099181665,7.7177066651415345,8.79982038702893
P00030,6518.398160214812,False,-5.755152092534871,8.012277061249321,8.79982038702893
P00030,6533.009823611079,False,-5.503596000019812,8.256663383498534,8.79982038702893
P00030,6547.621487007345,False,-5.244543495978633,8.440868456507602,8.79982038702893
P00030,6562.233150403612,False,-4.977534500516455,8.556442018286049,8.79982038702893
P00030,6576.8448137998785,False,-4.70206528115051,8.597644791373682,8.79982038702893
P00030,6591.456477196145,False,-4.4175827561506225,8.562344568971909,8.79982038702893
P00030,6606.0681405924115,False,-4.1234778383826125,8.452370626223981,8.79982038702893
P00030,6620.679803988678,False,-3.8190776192093665,8.273208954376116,8.79982038702893
P00030,6635.291467384945,False,-3.503636141454521,8.033139661371052,8.79982038702893
P00030,6649.903130781211,False,-3.176323444822401,7.742082498322915,8.79982038702893
P00030,6664.514794177478,False,-2.836212481167891,7.410451170111756,8.79982038702893
P00030,6679.126457573744,False,-2.4822633833252326,7.048235069596217,8.79982038702893
P00030,6693.738120970011,False,-2.1133044193974797,6.664399519725123,8.79982038702893
P00030,6708.349784366277,False,-1.7280087593597955,6.266589397966754,8.79982038702893
P00030,6722.961447762544,False,-1.324865900851961,5.861064441724807,8.79982038702893
P00030,6737.57311115881,True,9.097853786244684,5.452782097544372,8.79982038702893
P00030,6752.184774555077,True,9.542143479801297,,
P00030,6766.796437951344,True,10.01031614588895,,
P00030,6781.408101347611,True,10.505076572426248,,
P00030,6796.019764743877,True,11.029614812125118,,
P00030,6810.631428140144,True,11.58772911580067,,
P00030,6825.24309153641,True,12.183990213562879,,
P00030,6839.854754932677,True,12.823964724148126,,
P00030,6854.466418328943,True,13.51452500620455,,
P00030,6869.07808172521,True,14.264288560776194,,
P00030,6883.689745121476,True,15.084257123224603,,
P00030,6898.301408517743,True,15.98877352991704,,
P00030,6912.913071914009,True,16.99700296980211,,
P00030,6927.524735310276,True,18.135315967007628,,
P00030,6942.136398706542,True,19.441294993757026,,
P00030,6956.748062102809,True,20.97080980444082,,
P00030,6971.3597254990755,True,22.811130177437676,,
P00030,6985.971388895342,True,25.105682562644034,,
P00030,7000.5830522916085,True,28.091949195270857,,
P00030,7015.194715687875,True,32.000044040310826,,
P00030,7029.806379084142,True,34.89404750685925,,
P00030,7029.806379084142,True,34.89404750685925,,
P00030,7043.818340928449,True,36.362504444229145,,
P00030,7057.830302772758,True,38.13076626867257,,
P00030,7071.842264617066,True,40.353496285693225,,
P00030,7085.854226461373,True,43.34823390435096,,
P00030,7099.866188305681,True,47.95599136227739,,
P00030,7113.87815014999,True,58.40665067997506,,
P00030,7127.8901119942975,True,55.92517525248826,,
P00032,391.0,True,55.92517525248826,,
P00032,403.1130508422852,True,57.6811846266809,,
P00032,415.2261016845704,True,47.513139307574534,,
P00032,427.3391525268555,True,42.956271440191756,,
P00032,439.4522033691407,True,39.982830377148545,,
P00032,439.4522033691407,True,39.982830377148545,,
P00032,453.63466321307084,True,35.44468024876497,,
P00032,467.8171230570009,True,30.754026697774805,,
P00032,481.99958290093105,True,27.530372145237294,,
P00032,496.1820427448612,True,25.14099405627279,,
P00032,510.3645025887913,True,23.25438110381124,,
P00032,524.5469624327214,True,21.69904135304043,,
P00032,538.7294222766516,True,20.37725309596675,,
P00032,552.9118821205816,True,19.228582579787627,,
P00032,567.0943419645117,True,18.213208192097525,,
P00032,581.2768018084419,True,7.303559531390633,,
P00032,595.459261652372,True,6.4797825355044125,,
P00032,609.6417214963021,True,5.727116383514527,,
P00032,623.8241813402321,True,5.034293964106865,,
P00032,638.0066411841624,True,4.392522800426946,,
P00032,652.1891010280924,True,3.79481141175026,,
P00032,666.3715608720225,True,3.2355098259124446,,
P00032,680.5540207159527,True,2.7099875837471785,,
P00032,694.7364805598828,True,2.214402733670312,,
P00032,694.7364805598828,True,2.214402733670312,,
P00032,706.6106952408724,True,2.2174351599931725,,
P00032,718.484909921862,True,2.2196543763235184,,
P00032,730.3591246028516,True,2.2210591346075717,,
P00032,730.3591246028516,True,2.2210591346075717,,
P00032,745.3591246028516,True,2.2210591346075717,,
P00032,760.3591246028516,True,2.2210591346075717,,
P00032,775.3591246028516,True,2.2210591346075717,,
P00032,790.3591246028516,True,2.2210591346075717,,
P00032,805.3591246028516,True,2.2210591346075717,,
P00032,820.3591246028516,True,2.2210591346075717,,
P00032,835.3591246028516,True,2.2210591346075717,,
P00032,850.3591246028516,True,2.2210591346075717,,
P00032,865.3591246028516,True,2.2210591346075717,,
P00032,880.3591246028516,True,2.2210591346075717,,
P00032,895.3591246028516,True,2.2210591346075717,,
P00032,910.3591246028516,True,2.2210591346075717,,
P00032,925.3591246028516,True,2.2210591346075717,,
P00032,940.3591246028516,True,2.2210591346075717,,
P00032,955.3591246028516,True,2.2210591346075717,,
P00032,970.3591246028516,True,2.2210591346075717,,
P00032,970.3591246028516,True,2.2210591346075717,,
P00032,985.2018929540886,True,2.218646508104783,,
P00032,1000.0446613053256,True,2.214402733670312,,
P00032,1000.0446613053256,True,2.214402733670312,,
P00032,1014.2271211492557,True,2.7099875837471785,,
P00032,1028.4095809931857,True,3.2355098259124446,,
P00032,1042.592040837116,True,3.79481141175026,,
P00032,1056.774500681046,True,4.392522800426946,,
P00032,1070.9569605249762,True,5.034293964106865,,
P00032,1085.1394203689063,True,5.727116383514527,,
P00032,1099.3218802128363,True,6.4797825355044125,,
P00032,1113.5043400567665,True,7.303559531390633,,
P00032,1127.6867999006965,True,18.213208192095706,,
P00032,1141.8692597446268,True,19.228582579787627,,
P00032,1156.0517195885568,True,20.37725309596675,,
P00032,1170.234179432487,True,21.69904135304043,,
P00032,1184.416639276417,True,23.25438110381124,,
P00032,1198.599099120347,True,25.14099405627279,,
P00032,1212.7815589642773,True,27.530372145237294,,
P00032,1226.9640188082074,True,30.754026697774805,,
P00032,1241.1464786521374,True,35.44468024876497,,
P00032,1255.3289384960676,True,39.982830377148545,,
P00032,1255.3289384960676,True,39.982830377148545,,
P00032,1269.8645995068098,True,42.95627144019174,,
P00032,1284.400260517552,True,47.513139307574505,,
P00032,1298.9359215282943,True,57.681184626681,,
P00032,1313.4715825390365,True,55.92517525248826,,
P00035,3950.0,True,55.92517525248826,,
P00035,3964.535661010742,True,57.681184626681215,,
P00035,3979.0713220214843,True,47.51313930757455,,
P00035,3993.6069830322267,True,42.9562714401917,,
P00035,4008.1426440429686,True,39.982830377148545,,
P00035,4008.1426440429686,True,39.982830377148545,,
P00035,4022.7303170252967,True,33.91149491513801,,
P00035,4037.3179900076248,True,28.781045915512337,,
P00035,4051.905662989953,True,25.4461458863359,,
P00035,4066.4933359722813,True,23.014749497702027,,
P00035,4081.0810089546094,True,21.10809847378252,,
P00035,4095.6686819369374,True,19.541712428004715,,
P00035,4110.2563549192655,True,18.213208192095706,,
P00035,4124.844027901594,True,7.060156614058116,,
P00035,4139.431700883922,True,6.0417687858124225,,
P00035,4154.01937386625,True,5.129959994849571,,
P00035,4168.607046848578,True,4.304582485365046,,
P00035,4183.194719830906,True,3.5506979202061757,,
P00035,4197.782392813234,True,2.8569268072416207,,
P00035,4212.370065795562,True,2.214402733670312,,
P00035,4212.370065795562,True,2.214402733670312,,
P00035,4227.2128341468,True,2.2174351599931725,,
P00035,4242.055602498036,True,2.219654376323504,,
P00035,4256.898370849273,True,2.2210591346075717,,
P00035,4256.898370849273,True,2.2210591346075717,,
P00035,4271.523370849273,True,2.2210591346075717,,
P00035,4286.148370849273,True,2.2210591346075717,,
P00035,4300.773370849273,True,2.2210591346075717,,
P00035,4315.398370849273,True,2.2210591346075717,,
P00035,4330.023370849273,True,2.2210591346075717,,
P00035,4344.648370849273,True,2.2210591346075717,,
P00035,4359.273370849273,True,2.2210591346075717,,
P00035,4373.898370849273,True,2.2210591346075717,,
P00035,4388.523370849273,True,2.2210591346075717,,
P00035,4403.148370849273,True,2.2210591346075717,,
P00035,4417.773370849273,True,2.2210591346075717,,
P00035,4432.398370849273,True,2.2210591346075717,,
P00035,4447.023370849273,True,2.2210591346075717,,
P00035,4461.648370849273,True,2.2210591346075717,,
P00035,4476.273370849273,True,2.2210591346075717,,
P00035,4490.898370849273,True,2.2210591346075717,,
P00035,4505.523370849273,True,2.2210591346075717,,
P00035,4520.148370849273,True,2.2210591346075717,,
P00035,4534.773370849273,True,2.2210591346075717,,
P00035,4549.398370849273,True,2.2210591346075717,,
P00035,4564.023370849273,True,2.2210591346075717,,
P00035,4578.648370849273,True,2.2210591346075717,,
P00035,4593.273370849273,True,2.2210591346075717,,
P00035,4607.898370849273,True,2.2210591346075717,,
P00035,4622.523370849273,True,2.2210591346075717,,
P00035,4637.148370849273,True,2.2210591346075717,,
P00035,4651.773370849273,True,2.2210591346075717,,
P00035,4666.398370849273,True,2.2210591346075717,,
P00035,4681.023370849273,True,2.2210591346075717,,
P00035,4695.648370849273,True,2.2210591346075717,,
P00035,4710.273370849273,True,2.2210591346075717,,
P00035,4724.898370849273,True,2.2210591346075717,,
P00035,4724.898370849273,True,2.2210591346075717,,
P00035,4736.772585530263,True,2.219654376323504,,
P00035,4748.646800211252,True,2.2174351599931725,,
P00035,4760.521014892242,True,2.214402733670312,,
P00035,4760.521014892242,True,2.214402733670312,,
P00035,4775.108687874571,True,2.8569268072416207,,
P00035,4789.6963608568985,True,3.5506979202061757,,
P00035,4804.284033839227,True,4.304582485365046,,
P00035,4818.871706821555,True,5.129959994849571,,
P00035,4833.459379803883,True,6.0417687858124225,,
P00035,4848.047052786211,True,7.060156614058116,,
P00035,4862.634725768539,True,18.213208192095706,,
P00035,4877.222398750868,True,19.541712428004715,,
P00035,4891.810071733195,True,21.10809847378252,,
P00035,4906.397744715524,True,23.014749497702027,,
P00035,4920.9854176978515,True,25.4461458863359,,
P00035,4935.57309068018,True,28.781045915512337,,
P00035,4950.160763662508,True,33.91149491513801,,
P00035,4964.748436644836,True,39.982830377148545,,
P00035,4964.748436644836,True,39.982830377148545,,
P00035,4979.284097655578,True,42.274576482715915,,
P00035,4993.81975866632,True,45.3965847182229,,
P00035,5008.355419677063,True,50.31755926599382,,
P00035,5022.891080687805,True,62.79236348234675,,
P00035,5037.426741698547,True,55.92517525248826,,
P00036,2466.0,True,55.92517525248826,,
P00036,2480.535661010742,True,57.681184626681215,,
P00036,2495.0713220214843,True,47.51313930757455,,
P00036,2509.6069830322267,True,42.9562714401917,,
P00036,2524.1426440429686,True,39.982830377148545,,
P00036,2524.1426440429686,True,39.982830377148545,,
P00036,2538.7303170252967,True,33.91149491513801,,
P00036,2553.3179900076248,True,28.781045915512337,,
P00036,2567.905662989953,True,25.4461458863359,,
P00036,2582.4933359722813,True,23.014749497702027,,
P00036,2597.0810089546094,True,21.10809847378252,,
P00036,2611.6686819369374,True,19.541712428004715,,
P00036,2626.2563549192655,True,18.213208192095706,,
P00036,2640.8440279015936,True,7.060156614058116,,
P00036,2655.4317008839216,True,6.0417687858124225,,
P00036,2670.0193738662497,True,5.129959994849571,,
P00036,2684.607046848578,True,4.304582485365046,,
P00036,2699.1947198309063,True,3.5506979202061757,,
P00036,2713.7823928132343,True,2.8569268072416207,,
P00036,2728.3700657955624,True,2.214402733670312,,
P00036,2728.3700657955624,True,2.214402733670312,,
P00036,2743.212834146799,True,2.2174351599931725,,
P00036,2758.0556024980365,True,2.2196543763235184,,
P00036,2772.8983708492733,True,2.2210591346075717,,
P00036,2772.8983708492733,True,2.2210591346075717,,
P00036,2787.625643576546,True,2.2210591346075717,,
P00036,2802.352916303819,True,2.2210591346075717,,
P00036,2817.0801890310913,True,2.2210591346075717,,
P00036,2831.8074617583643,True,2.2210591346075717,,
P00036,2846.534734485637,True,2.2210591346075717,,
P00036,2861.26200721291,True,2.2210591346075717,,
P00036,2875.9892799401823,True,2.2210591346075717,,
P00036,2890.7165526674553,True,2.2210591346075717,,
P00036,2905.443825394728,True,2.2210591346075717,,
P00036,2920.171098122001,True,2.2210591346075717,,
P00036,2934.8983708492733,True,2.2210591346075717,,
P00036,2949.625643576546,True,2.2210591346075717,,
P00036,2964.352916303819,True,2.2210591346075717,,
P00036,2979.0801890310913,True,2.2210591346075717,,
P00036,2993.8074617583643,True,2.2210591346075717,,
P00036,3008.534734485637,True,2.2210591346075717,,
P00036,3023.26200721291,True,2.2210591346075717,,
P00036,3037.9892799401823,True,2.2210591346075717,,
P00036,3052.7165526674553,True,2.2210591346075717,,
P00036,3067.443825394728,True,2.2210591346075717,,
P00036,3082.1710981220003,True,2.2210591346075717,,
P00036,3096.8983708492733,True,2.2210591346075717,,
P00036,3096.8983708492733,True,2.2210591346075717,,
P00036,3108.772585530263,True,2.2196543763235184,,
P00036,3120.6468002112524,True,2.2174351599931725,,
P00036,3132.521014892242,True,2.214402733670312,,
P00036,3132.521014892242,True,2.214402733670312,,
P00036,3147.10868787457,True,2.8569268072416207,,
P00036,3161.696360856898,True,3.5506979202061757,,
P00036,3176.2840338392266,True,4.304582485365046,,
P00036,3190.8717068215547,True,5.129959994849571,,
P00036,3205.4593798038827,True,6.0417687858124225,,
P00036,3220.0470527862108,True,7.060156614058116,,
P00036,3234.6347257685393,True,18.213208192097525,,
P00036,3249.2223987508673,True,19.541712428004715,,
P00036,3263.8100717331954,True,21.10809847378252,,
P00036,3278.3977447155235,True,23.014749497702027,,
P00036,3292.9854176978515,True,25.4461458863359,,
P00036,3307.57309068018,True,28.781045915512337,,
P00036,3322.160763662508,True,33.91149491513801,,
P00036,3336.748436644836,True,39.982830377148545,,
P00036,3336.748436644836,True,39.982830377148545,,
P00036,3351.284097655578,True,42.274576482715915,,
P00036,3365.8197586663205,True,45.39658471822301,,
P00036,3380.3554196770624,True,50.31755926599362,,
P00036,3394.891080687805,True,62.79236348234675,,
P00036,3409.4267416985467,True,55.92517525248826,,
P00041,2084.0,True,55.92517525248826,,
P00041,2098.4701379394533,True,54.5575933527993,,
P00041,2112.940275878906,True,45.447538156417124,,
P00041,2127.4104138183593,True,41.09968119402558,,
P00041,2141.8805517578126,True,38.215595617117344,,
P00041,2156.350689697266,True,36.05415517742867,,
P00041,2170.8208276367186,True,34.324828623179016,,
P00041,2185.290965576172,True,32.883296576479935,,
P00041,2199.761103515625,True,31.64729797572147,,
P00041,2214.231241455078,True,30.56547049112318,,
P00041,2228.701379394531,True,29.603583756332725,,
P00041,2228.701379394531,True,29.603583756332725,,
P00041,2243.4596630741344,True,28.873983524417852,,
P00041,2258.217946753737,True,27.21878837193509,,
P00041,2272.9762304333403,True,25.37706248495094,,
P00041,2287.734514112943,True,23.663102926613547,,
P00041,2302.4927977925463,True,22.14250914623176,,
P00041,2317.251081472149,True,20.80378086405082,,
P00041,2332.0093651517523,True,19.619479913640646,,
P00041,2346.767648831355,True,18.563040306943847,,
P00041,2361.5259325109582,True,17.612335493325602,,
P00041,2376.284216190561,True,16.749688675608112,,
P00041,2391.042499870164,True,15.961098661171377,,
P00041,2405.800783549767,True,15.235434579841623,,
P00041,2420.55906722937,True,14.56377225528162,,
P00041,2435.317350908973,True,13.93888378743651,,
P00041,2450.075634588576,True,13.35485355775532,,
P00041,2464.8339182681793,True,12.806790467560006,,
P00041,2479.592201947782,True,12.290611405669708,,
P00041,2494.3504856273853,True,11.802877046050895,,
P00041,2509.108769306988,True,11.340666160517614,,
P00041,2523.8670529865913,True,10.901478456216722,,
P00041,2538.625336666194,True,10.483158716577378,,
P00041,2553.383620345797,True,0.08383700114184478,,
P00041,2568.1419040254,False,-0.29811893270301937,7.628994124318524,0.3138012759656732
P00041,2582.900187705003,False,-0.6641418173143876,7.981227338761158,0.3138012759656732
P00041,2597.658471384606,False,-1.015495780078254,8.317287659634857,0.3138012759656732
P00041,2612.416755064209,False,-1.3533015509140967,8.630709263999577,0.3138012759656732
P00041,2627.1750387438124,False,-1.678557173762556,8.914230049087848,0.3138012759656732
P00041,2641.933322423415,False,-1.9921551416904322,9.16008687485629,0.3138012759656732
P00041,2656.6916061030183,False,-2.2948966652415237,9.360495169332722,0.3138012759656732
P00041,2671.449889782621,False,-2.5875036262783624,9.508296054297546,0.3138012759656732
P00041,2686.2081734622243,False,-2.870628650301981,9.597695503449444,0.3138012759656732
P00041,2700.966457141827,False,-3.1448636393757425,9.624962041645048,0.3138012759656732
P00041,2715.7247408214303,False,-3.410747037785228,9.588922630910332,0.3138012759656732
P00041,2730.483024501033,False,-3.6687700484690424,9.491126039341026,0.3138012759656732
P00041,2745.241308180636,False,-3.9193819759406097,9.335627899258142,0.3138012759656732
P00041,2759.999591860239,False,-4.162994838209386,9.12845743206691,0.3138012759656732
P00041,2774.757875539842,False,-4.399987363971832,8.876904412553856,0.3138012759656732
P00041,2789.516159219445,False,-4.6307084703833965,8.588785987958275,0.3138012759656732
P00041,2804.274442899048,False,-4.855480300031999,8.271819868057975,0.3138012759656732
P00041,2819.032726578651,False,-5.074600882223962,7.9331706224729,0.3138012759656732
P00041,2833.791010258254,False,-5.2883464728186595,7.579178954496641,0.3138012759656732
P00041,2833.791010258254,False,-5.2883464728186595,7.579178954496641,0.3138012759656732
P00041,2848.677952803827,False,-5.28592873030037,7.57009908790485,0.3138012759656732
P00041,2863.5648953494,False,-5.283737342346868,7.559293370148836,0.3138012759656732
P00041,2878.4518378949733,False,-5.2817726524128545,7.5467746996722695,0.3138012759656732
P00041,2893.338780440546,False,-5.280034968766927,7.5325579261712505,0.3138012759656732
P00041,2908.225722986119,False,-5.2785245643307235,7.516659792746623,0.3138012759656732
P00041,2923.112665531692,False,-5.27724167653642,7.49909887142401,0.3138012759656732
P00041,2923.112665531692,False,-5.27724167653642,7.49909887142401,0.3138012759656732
P00041,2938.112665531692,False,-5.27724167653642,7.49909887142401,0.3138012759656732
P00041,2953.112665531692,False,-5.27724167653642,7.49909887142401,0.3138012759656732
P00041,2968.112665531692,False,-5.27724167653642,7.49909887142401,0.3138012759656732
P00041,2983.112665531692,False,-5.27724167653642,7.49909887142401,0.3138012759656732
P00041,2998.112665531692,False,-5.27724167653642,7.49909887142401,0.3138012759656732
P00041,3013.112665531692,False,-5.27724167653642,7.49909887142401,0.3138012759656732
P00041,3028.112665531692,False,-5.27724167653642,7.49909887142401,0.3138012759656732
P00041,3043.112665531692,False,-5.27724167653642,7.49909887142401,0.3138012759656732
P00041,3058.112665531692,False,-5.27724167653642,7.49909887142401,0.3138012759656732
P00041,3073.112665531692,False,-5.27724167653642,7.49909887142401,0.3138012759656732
P00041,3088.112665531692,False,-5.27724167653642,7.49909887142401,0.3138012759656732
P00041,3103.112665531692,False,-5.27724167653642,7.49909887142401,0.3138012759656732
P00041,3118.112665531692,False,-5.27724167653642,7.49909887142401,0.3138012759656732
P00041,3133.112665531692,False,-5.27724167653642,7.49909887142401,0.3138012759656732
P00041,3133.112665531692,False,-5.27724167653642,7.49909887142401,0.3138012759656732
P00041,3147.999608077265,False,-5.278808450972335,7.519973062552637,0.3138012759656732
P00041,3162.8865506228376,False,-5.280702783210231,7.538447378067062,0.3138012759656732
P00041,3177.773493168411,False,-5.282924244557904,7.5544906678198345,0.3138012759656732
P00041,3192.6604357139836,False,-5.2854723328486415,7.568075628225557,0.3138012759656732
P00041,3207.5473782595564,False,-5.2883464728186595,7.579178954496641,0.3138012759656732
P00041,3207.5473782595564,False,-5.2883464728186595,7.579178954496641,0.3138012759656732
P00041,3222.3056619391596,False,-5.074600882223962,7.9331706224729,0.3138012759656732
P00041,3237.0639456187623,False,-4.855480300031999,8.271819868057975,0.3138012759656732
P00041,3251.8222292983655,False,-4.6307084703833965,8.588785987958275,0.3138012759656732
P00041,3266.5805129779683,False,-4.399987363971832,8.876904412553856,0.3138012759656732
P00041,3281.3387966575715,False,-4.162994838209386,9.12845743206691,0.3138012759656732
P00041,3296.0970803371742,False,-3.9193819759406097,9.335627899258142,0.3138012759656732
P00041,3310.8553640167775,False,-3.6687700484690424,9.491126039341026,0.3138012759656732
P00041,3325.61364769638,False,-3.410747037785228,9.588922630910332,0.3138012759656732
P00041,3340.3719313759834,False,-3.1448636393757425,9.624962041645048,0.3138012759656732
P00041,3355.130215055586,False,-2.870628650301981,9.597695503449444,0.3138012759656732
P00041,3369.8884987351894,False,-2.5875036262783624,9.508296054297546,0.3138012759656732
P00041,3384.646782414792,False,-2.2948966652415237,9.360495169332722,0.3138012759656732
P00041,3399.4050660943954,False,-1.9921551416904322,9.16008687485629,0.3138012759656732
P00041,3414.1633497739986,False,-1.678557173762556,8.914230049087848,0.3138012759656732
P00041,3428.9216334536013,False,-1.3533015509140967,8.630709263999577,0.3138012759656732
P00041,3443.6799171332045,False,-1.015495780078254,8.317287659634857,0.3138012759656732
P00041,3458.4382008128073,False,-0.6641418173143876,7.981227338761158,0.3138012759656732
P00041,3473.1964844924105,False,-0.29811893270301937,7.628994124318524,0.3138012759656732
P00041,3487.9547681720132,True,0.08383700114184478,7.266123128177,0.3138012759656732
P00041,3502.7130518516165,True,10.483158716577378,6.897203372543146,0.3138012759656732
P00041,3517.471335531219,True,10.901478456216722,6.525938289335528,0.3138012759656732
P00041,3532.2296192108224,True,11.340666160517614,6.1552464573472605,0.3138012759656732
P00041,3546.987902890425,True,11.802877046050895,5.787377192057093,0.3138012759656732
P00041,3561.7461865700284,True,12.290611405669708,5.424025032188936,0.3138012759656732
P00041,3576.5044702496316,True,12.806790467560006,5.066434390269791,0.3138012759656732
P00041,3591.2627539292343,True,13.35485355775532,4.7154905341778175,0.3138012759656732
P00041,3606.021037608837,True,13.93888378743651,4.371796066880009,0.3138012759656732
P00041,3620.7793212884403,True,14.56377225528162,4.0357337168878615,0.3138012759656732
P00041,3635.5376049680435,True,15.235434579841623,3.707517019277674,0.3138012759656732
P00041,3650.2958886476463,True,15.961098661171377,,
P00041,3665.0541723272495,True,16.749688675608112,,
P00041,3679.8124560068522,True,17.612335493325602,,
P00041,3694.5707396864555,True,18.563040306943847,,
P00041,3709.329023366058,True,19.619479913640646,,
P00041,3724.0873070456614,True,20.80378086405082,,
P00041,3738.845590725264,True,22.14250914623176,,
P00041,3753.6038744048674,True,23.663102926613547,,
P00041,3768.36215808447,True,25.37706248495094,,
P00041,3783.1204417640733,True,27.21878837193509,,
P00041,3797.8787254436766,True,28.873983524417852,,
P00041,3812.6370091232793,True,29.603583756332725,,
P00041,3812.6370091232793,True,29.603583756332725,,
P00041,3827.1071470627326,True,30.397575548643545,,
P00041,3841.577285002186,True,31.271517054970573,,
P00041,3856.0474229416386,True,32.24333053746038,,
P00041,3870.517560881092,True,33.337734390683934,,
P00041,3884.987698820545,True,34.59018323002158,,
P00041,3899.457836759998,True,36.05415517742867,,
P00041,3913.927974699451,True,37.81591087346726,,
P00041,3928.3981126389044,True,40.028350015985325,,
P00041,3942.8682505783577,True,43.004354950257365,,
P00041,3957.338388517811,True,47.56732701194886,,
P00041,3971.8085264572637,True,57.768704199031035,,
P00041,3986.278664396717,True,55.92517525248826,,
P00044,2159.0,True,55.92517525248826,,
P00044,2173.4701379394533,True,57.768704199031035,,
P00044,2187.9402758789065,True,47.56732701194868,,
P00044,2202.4104138183593,True,43.004354950257365,,
P00044,2216.8805517578126,True,40.028350015985325,,
P00044,2231.350689697266,True,37.81591087346726,,
P00044,2245.8208276367186,True,36.054155177428726,,
P00044,2260.290965576172,True,34.59018323002158,,
P00044,2274.761103515625,True,33.337734390683934,,
P00044,2289.2312414550784,True,32.24333053746038,,
P00044,2303.7013793945316,True,31.271517054970545,,
P00044,2318.1715173339844,True,30.397575548643545,,
P00044,2332.6416552734377,True,29.603583756332725,,
P00044,2332.6416552734377,True,29.603583756332725,,
P00044,2347.310494809528,True,28.52342367935111,,
P00044,2361.979334345618,True,26.320796616559207,,
P00044,2376.6481738817083,True,24.111867089316945,,
P00044,2391.3170134177985,True,22.185789020096294,,
P00044,2405.9858529538888,True,20.54061461532126,,
P00044,2420.6546924899794,True,19.1248697861338,,
P00044,2435.3235320260696,True,17.890397239165296,,
P00044,2449.99237156216,True,16.79973676429141,,
P00044,2464.66121109825,True,15.82476681734866,,
P00044,2479.3300506343403,True,14.944344717818936,,
P00044,2493.9988901704305,True,14.142371504801673,,
P00044,2508.6677297065207,True,13.406393832012697,,
P00044,2523.336569242611,True,12.726623544310002,,
P00044,2538.005408778701,True,12.095250446996346,,
P00044,2552.6742483147914,True,11.505955625923747,,
P00044,2567.3430878508816,True,10.953561882639875,6.48092485059523,0.3138012759656732
P00044,2582.0119273869723,True,10.433778797240919,6.942111765040693,0.3138012759656732
P00044,2596.6807669230625,False,-0.05698602997169644,7.398997504874728,0.3138012759656732
P00044,2611.3496064591527,False,-0.5217687736520134,7.844071088128857,0.3138012759656732
P00044,2626.018445995243,False,-0.9631573577759411,8.267655023011585,0.3138012759656732
P00044,2640.687285531333,False,-1.3833747237812446,8.657833674963825,0.3138012759656732
P00044,2655.3561250674234,False,-1.7843438042187927,9.000756783408903,0.3138012759656732
P00044,2670.0249646035136,False,-2.1677387755950264,9.281506176653224,0.3138012759656732
P00044,2684.693804139604,False,-2.535025896845994,9.485621069810037,0.3138012759656732
P00044,2699.362643675694,False,-2.887496354450704,9.601141713630952,0.3138012759656732
P00044,2714.0314832117842,False,-3.2262929081031047,9.620707708984938,0.3138012759656732
P00044,2728.7003227478745,False,-3.552431681414731,9.543029051375399,0.3138012759656732
P00044,2743.369162283965,False,-3.8668201158676254,9.373157871052413,0.3138012759656732
P00044,2758.0380018200553,False,-4.1702718669938434,9.121447857775252,0.3138012759656732
P00044,2772.7068413561456,False,-4.463519244160949,8.801622008493837,0.3138012759656732
P00044,2787.375680892236,False,-4.747223662425611,8.428634176201228,0.3138012759656732
P00044,2802.044520428326,False,-5.021984474336236,8.016902108901903,0.3138012759656732
P00044,2816.713359964416,False,-5.2883464728186595,7.579178954496641,0.3138012759656732
P00044,2816.713359964416,False,-5.2883464728186595,7.579178954496641,0.3138012759656732
P00044,2830.669868600891,False,-5.286511959376341,7.572531313315224,0.3138012759656732
P00044,2844.6263772373654,False,-5.28480471971443,7.564911200632565,0.3138012759656732
P00044,2858.58288587384,False,-5.2832249042796775,7.556323744707015,0.3138012759656732
P00044,2872.5393945103147,False,-5.2817726524128545,7.5467746996722695,0.3138012759656732
P00044,2886.4959031467893,False,-5.280448092308021,7.536270432841079,0.3138012759656732
P00044,2900.452411783264,False,-5.279251340974767,7.524817910764426,0.3138012759656732
P00044,2914.4089204197385,False,-5.278182504203926,7.512424684109533,0.3138012759656732
P00044,2928.365429056213,False,-5.27724167653642,7.49909887142401,0.3138012759656732
P00044,2928.365429056213,False,-5.27724167653642,7.49909887142401,0.3138012759656732
P00044,2943.0320957228796,False,-5.27724167653642,7.49909887142401,0.3138012759656732
P00044,2957.6987623895466,False,-5.27724167653642,7.49909887142401,0.3138012759656732
P00044,2972.365429056213,False,-5.27724167653642,7.49909887142401,0.3138012759656732
P00044,2987.0320957228796,False,-5.27724167653642,7.49909887142401,0.3138012759656732
P00044,3001.6987623895466,False,-5.27724167653642,7.49909887142401,0.3138012759656732
P00044,3016.365429056213,False,-5.27724167653642,7.49909887142401,0.3138012759656732
P00044,3031.0320957228796,False,-5.27724167653642,7.49909887142401,0.3138012759656732
P00044,3045.6987623895466,False,-5.27724167653642,7.49909887142401,0.3138012759656732
P00044,3060.365429056213,False,-5.27724167653642,7.49909887142401,0.3138012759656732
P00044,3075.0320957228796,False,-5.27724167653642,7.49909887142401,0.3138012759656732
P00044,3089.6987623895466,False,-5.27724167653642,7.49909887142401,0.3138012759656732
P00044,3104.365429056213,False,-5.27724167653642,7.49909887142401,0.3138012759656732
P00044,3119.0320957228796,False,-5.27724167653642,7.49909887142401,0.3138012759656732
P00044,3133.6987623895466,False,-5.27724167653642,7.49909887142401,0.3138012759656732
P00044,3148.365429056213,False,-5.27724167653642,7.49909887142401,0.3138012759656732
P00044,3163.0320957228796,False,-5.27724167653642,7.49909887142401,0.3138012759656732
P00044,3177.6987623895466,False,-5.27724167653642,7.49909887142401,0.3138012759656732
P00044,3192.365429056213,False,-5.27724167653642,7.49909887142401,0.3138012759656732
P00044,3207.0320957228796,False,-5.27724167653642,7.49909887142401,0.3138012759656732
P00044,3221.6987623895466,False,-5.27724167653642,7.49909887142401,0.3138012759656732
P00044,3236.365429056213,False,-5.27724167653642,7.49909887142401,0.3138012759656732
P00044,3251.0320957228796,False,-5.27724167653642,7.49909887142401,0.3138012759656732
P00044,3265.6987623895466,False,-5.27724167653642,7.49909887142401,0.3138012759656732
P00044,3280.365429056213,False,-5.27724167653642,7.49909887142401,0.3138012759656732
P00044,3295.0320957228796,False,-5.27724167653642,7.49909887142401,0.3138012759656732
P00044,3309.6987623895466,False,-5.27724167653642,7.49909887142401,0.3138012759656732
P00044,3324.365429056213,False,-5.27724167653642,7.49909887142401,0.3138012759656732
P00044,3324.365429056213,False,-5.27724167653642,7.49909887142401,0.3138012759656732
P00044,3339.252371601786,False,-5.2785245643307235,7.516659792746623,0.3138012759656732
P00044,3354.139314147359,False,-5.280034968766927,7.5325579261712505,0.3138012759656732
P00044,3369.026256692932,False,-5.2817726524128545,7.5467746996722695,0.3138012759656732
P00044,3383.9131992385046,False,-5.283737342346868,7.559293370148836,0.3138012759656732
P00044,3398.800141784078,False,-5.28592873030037,7.57009908790485,0.3138012759656732
P00044,3413.6870843296506,False,-5.2883464728186595,7.579178954496641,0.3138012759656732
P00044,3413.6870843296506,False,-5.2883464728186595,7.579178954496641,0.3138012759656732
P00044,3428.355923865741,False,-5.021984474336236,8.016902108901903,0.3138012759656732
P00044,3443.024763401831,False,-4.747223662425611,8.428634176201228,0.3138012759656732
P00044,3457.6936029379212,False,-4.463519244160949,8.801622008493837,0.3138012759656732
P00044,3472.3624424740115,False,-4.1702718669938434,9.121447857775252,0.3138012759656732
P00044,3487.0312820101017,False,-3.8668201158676254,9.373157871052413,0.3138012759656732
P00044,3501.7001215461923,False,-3.552431681414731,9.543029051375399,0.3138012759656732
P00044,3516.3689610822826,False,-3.2262929081031047,9.620707708984938,0.3138012759656732
P00044,3531.037800618373,False,-2.887496354450704,9.601141713630952,0.3138012759656732
P00044,3545.706640154463,False,-2.535025896845994,9.485621069810037,0.3138012759656732
P00044,3560.375479690553,False,-2.1677387755950264,9.281506176653224,0.3138012759656732
P00044,3575.0443192266434,False,-1.7843438042187927,9.000756783408903,0.3138012759656732
P00044,3589.7131587627337,False,-1.3833747237812446,8.657833674963825,0.3138012759656732
P00044,3604.381998298824,False,-0.9631573577759411,8.267655023011585,0.3138012759656732
P00044,3619.050837834914,False,-0.5217687736520134,7.844071088128857,0.3138012759656732
P00044,3633.7196773710043,False,-0.05698602997169644,7.398997504874728,0.3138012759656732
P00044,3648.3885169070945,True,10.433778797240919,,
P00044,3663.057356443185,True,10.953561882639875,,
P00044,3677.7261959792754,True,11.505955625923747,,
P00044,3692.3950355153656,True,12.095250446996346,,
P00044,3707.063875051456,True,12.726623544310002,,
P00044,3721.732714587546,True,13.406393832012697,,
P00044,3736.4015541236363,True,14.142371504801673,,
P00044,3751.0703936597265,True,14.944344717818936,,
P00044,3765.7392331958167,True,15.82476681734866,,
P00044,3780.408072731907,True,16.79973676429141,,
P00044,3795.076912267997,True,17.890397239165296,,
P00044,3809.7457518040874,True,19.1248697861338,,
P00044,3824.414591340178,True,20.54061461532126,,
P00044,3839.0834308762683,True,22.185789020096294,,
P00044,3853.7522704123585,True,24.111867089316945,,
P00044,3868.4211099484487,True,26.320796616559207,,
P00044,3883.089949484539,True,28.52342367935111,,
P00044,3897.758789020629,True,29.603583756332725,,
P00044,3897.758789020629,True,29.603583756332725,,
P00044,3912.2289269600824,True,30.23286450522768,,
P00044,3926.699064899535,True,30.911321730408375,,
P00044,3941.1692028389884,True,31.64729797572147,,
P00044,3955.6393407784417,True,32.45145710685317,,
P00044,3970.109478717895,True,33.33773439068395,,
P00044,3984.5796166573477,True,34.324828623179,,
P00044,3999.049754596801,True,35.43865578026089,,
P00044,4013.5198925362542,True,36.71661924058759,,
P00044,4027.9900304757075,True,38.21559561711739,,
P00044,4042.4601684151603,True,40.028350015985296,,
P00044,4056.9303063546135,True,42.32199232423662,,
P00044,4071.400444294067,True,45.44753815641707,,
P00044,4085.87058223352,True,50.37744924191617,,
P00044,4100.340720172973,True,62.918756756655426,,
P00044,4114.810858112426,True,55.92517525248826,,
P00057,2419.0,True,55.92517525248826,,
P00057,2433.232339816623,True,54.826398569449964,,
P00057,2447.4646796332463,True,45.635011939631866,,
P00057,2461.69701944987,True,41.26997978254613,,
P00057,2475.929359266493,True,38.37843506593953,,
P00057,2490.161699083116,True,36.212824763849554,,
P00057,2504.3940388997394,True,34.48083495583843,,
P00057,2518.626378716363,True,33.03745467566071,,
P00057,2532.858718532986,True,31.800098386360844,,
P00057,2547.0910583496093,True,30.717231343301734,,
P00057,2547.0910583496093,True,30.717231343301734,,
P00057,2561.622558022646,True,29.821076520763214,0.5906357074947977,0.3138012759656732
P00057,2576.1540576956827,True,27.891653799931362,0.8382438528529548,0.3138012759656732
P00057,2590.6855573687194,True,25.856326008165425,1.0921792733106201,0.3138012759656732
P00057,2605.217057041756,True,24.027010104869433,1.3527066256708622,0.3138012759656732
P00057,2619.748556714793,True,22.437468485801105,1.6200989696586987,0.3138012759656732
P00057,2634.2800563878295,True,21.055673891800012,1.8946362493596212,0.3138012759656732
P00057,2648.811556060866,True,19.843135965110577,2.176603064379748,0.3138012759656732
P00057,2663.343055733903,True,18.76735396040003,2.466285500919426,0.3138012759656732
P00057,2677.8745554069396,True,17.802893039966733,2.7639667225865026,0.3138012759656732
P00057,2692.4060550799763,True,16.930147439063575,3.0699209292575915,0.3138012759656732
P00057,2706.937554753013,True,16.133941512753054,3.3844051741064476,0.3138012759656732
P00057,2721.4690544260498,True,15.402400821542159,3.7076483769287876,0.3138012759656732
P00057,2736.0005540990865,True,14.72611386013972,4.039836678590703,0.3138012759656732
P00057,2750.5320537721236,True,14.09752347988885,4.38109403914072,0.3138012759656732
P00057,2765.0635534451603,True,13.510485588266661,4.7314566849090625,0.3138012759656732
P00057,2779.595053118197,True,12.95994675802369,5.090839657812495,0.3138012759656732
P00057,2794.1265527912337,True,12.441706108233518,5.458993325470502,0.3138012759656732
P00057,2808.6580524642704,True,11.952237264708558,5.8354473116855985,0.3138012759656732
P00057,2823.189552137307,True,11.488553577319891,6.219438987693707,0.3138012759656732
P00057,2837.721051810344,True,11.048104842199905,6.6098235899088,0.3138012759656732
P00057,2852.2525514833806,True,10.628697246140447,7.004963493057986,0.3138012759656732
P00057,2866.7840511564173,True,10.228430632596854,7.402595652889303,0.3138012759656732
P00057,2881.315550829454,True,9.845648837536984,7.7996794712580595,0.3138012759656732
P00057,2895.8470505024907,False,-0.5211000042769314,8.192233306371435,0.3138012759656732
P00057,2910.3785501755274,False,-0.8730954675247915,8.57517759890139,0.3138012759656732
P00057,2924.910049848564,False,-1.2114708620936199,8.94221667037371,0.3138012759656732
P00057,2924.910049848564,False,-1.2114708620936199,8.94221667037371,0.3138012759656732
P00057,2937.9879038524705,False,-1.2066923597081,8.928616119827325,0.3138012759656732
P00057,2951.0657578563764,False,-1.2023583492332932,8.913218935703654,0.3138012759656732
P00057,2964.143611860283,False,-1.1984701676494751,8.896044314270156,0.3138012759656732
P00057,2977.2214658641888,False,-1.1950290170591416,8.877113480765644,0.3138012759656732
P00057,2990.299319868095,False,-1.1920359634548134,8.856449604250713,0.3138012759656732
P00057,2990.299319868095,False,-1.1920359634548134,8.856449604250713,0.3138012759656732
P00057,3005.299319868095,False,-1.1920359634548134,8.856449604250713,0.3138012759656732
P00057,3020.299319868095,False,-1.1920359634548134,8.856449604250713,0.3138012759656732
P00057,3035.299319868095,False,-1.1920359634548134,8.856449604250713,0.3138012759656732
P00057,3050.299319868095,False,-1.1920359634548134,8.856449604250713,0.3138012759656732
P00057,3065.299319868095,False,-1.1920359634548134,8.856449604250713,0.3138012759656732
P00057,3080.299319868095,False,-1.1920359634548134,8.856449604250713,0.3138012759656732
P00057,3095.299319868095,False,-1.1920359634548134,8.856449604250713,0.3138012759656732
P00057,3110.299319868095,False,-1.1920359634548134,8.856449604250713,0.3138012759656732
P00057,3125.299319868095,False,-1.1920359634548134,8.856449604250713,0.3138012759656732
P00057,3140.299319868095,False,-1.1920359634548134,8.856449604250713,0.3138012759656732
P00057,3155.299319868095,False,-1.1920359634548134,8.856449604250713,0.3138012759656732
P00057,3170.299319868095,False,-1.1920359634548134,8.856449604250713,0.3138012759656732
P00057,3185.299319868095,False,-1.1920359634548134,8.856449604250713,0.3138012759656732
P00057,3200.299319868095,False,-1.1920359634548134,8.856449604250713,0.3138012759656732
P00057,3200.299319868095,False,-1.1920359634548134,8.856449604250713,0.3138012759656732
P00057,3213.9220844554975,False,-1.1958473349177297,8.882009599346006,0.3138012759656732
P00057,3227.5448490429,False,-1.2003584515223054,8.904852524662147,0.3138012759656732
P00057,3241.167613630302,False,-1.205567131454302,8.924934543775109,0.3138012759656732
P00057,3254.7903782177045,False,-1.2114708620936199,8.94221667037371,0.3138012759656732
P00057,3254.7903782177045,False,-1.2114708620936199,8.94221667037371,0.3138012759656732
P00057,3269.3218778907412,False,-0.8730954675247915,8.57517759890139,0.3138012759656732
P00057,3283.853377563778,False,-0.5211000042769314,8.192233306371435,0.3138012759656732
P00057,3298.3848772368146,True,9.845648837536984,7.7996794712580595,0.3138012759656732
P00057,3312.9163769098514,True,10.228430632596854,7.402595652889303,0.3138012759656732
P00057,3327.447876582888,True,10.628697246140447,7.004963493057986,0.3138012759656732
P00057,3341.9793762559248,True,11.048104842199905,6.6098235899088,0.3138012759656732
P00057,3356.5108759289615,True,11.488553577319891,6.219438987693707,0.3138012759656732
P00057,3371.042375601998,True,11.952237264708558,5.8354473116855985,0.3138012759656732
P00057,3385.573875275035,True,12.441706108233518,5.458993325470502,0.3138012759656732
P00057,3400.1053749480716,True,12.95994675802369,5.090839657812495,0.3138012759656732
P00057,3414.6368746211083,True,13.510485588266661,4.7314566849090625,0.3138012759656732
P00057,3429.168374294145,True,14.09752347988885,4.38109403914072,0.3138012759656732
P00057,3443.6998739671817,True,14.726113860139051,4.039836678591371,0.3138012759656732
P00057,3458.231373640219,True,15.402400821542159,3.7076483769287876,0.3138012759656732
P00057,3472.7628733132556,True,16.133941512753054,3.3844051741064476,0.3138012759656732
P00057,3487.2943729862923,True,16.930147439063575,3.0699209292575915,0.3138012759656732
P00057,3501.825872659329,True,17.802893039966733,2.7639667225865026,0.3138012759656732
P00057,3516.3573723323657,True,18.76735396040003,2.466285500919426,0.3138012759656732
P00057,3530.8888720054024,True,19.843135965110577,2.176603064379748,0.3138012759656732
P00057,3545.420371678439,True,21.055673891800012,1.8946362493596212,0.3138012759656732
P00057,3559.951871351476,True,22.437468485801105,1.6200989696586987,0.3138012759656732
P00057,3574.4833710245125,True,24.027010104869433,1.3527066256708622,0.3138012759656732
P00057,3589.014870697549,True,25.856326008165425,1.0921792733106201,0.3138012759656732
P00057,3603.546370370586,True,27.891653799931362,0.8382438528529548,0.3138012759656732
P00057,3618.0778700436226,True,29.821076520763214,0.5906357074947977,0.3138012759656732
P00057,3632.6093697166593,True,30.717231343301734,0.34909956738205494,0.3138012759656732
P00057,3632.6093697166593,True,30.717231343301734,0.34909956738205494,0.3138012759656732
P00057,3646.582939718435,True,31.592905321533223,,
P00057,3660.5565097202107,True,32.566861945491866,,
P00057,3674.530079721986,True,33.66398526244599,,
P00057,3688.5036497237616,True,34.91999847359368,,
P00057,3702.4772197255375,True,36.38884587465691,,
P00057,3716.450789727313,True,38.15767451304703,,
P00057,3730.424359729089,True,40.38130201409322,,
P00057,3744.3979297308642,True,43.37767631157206,,
P00057,3758.3714997326397,True,47.989362274794786,,
P00057,3772.3450697344156,True,58.462295844833434,,
P00057,3786.318639736191,True,55.92517525248826,,
P00071,360.0,True,55.92517525248826,,
P00071,374.6636445545015,True,54.34483216804722,,
P00071,389.32728910900295,True,45.297913373396085,,
P00071,403.99093366350445,True,40.963524322055974,,
P00071,418.65457821800595,True,38.08530264362891,,
P00071,433.3182227725074,True,35.92714420559213,,
P00071,447.9818673270089,True,34.19991531057869,,
P00071,462.6455118815104,True,32.7598396645181,,
P00071,462.6455118815104,True,32.7598396645181,,
P00071,477.39378318280967,True,31.367920758125223,,
P00071,492.142054484109,True,28.76090863140719,,
P00071,506.89032578540827,True,26.324973358481373,,
P00071,521.6385970867076,True,24.281005578061368,,
P00071,536.3868683880069,True,22.57061086590764,,
P00071,551.1351396893061,True,21.115935757385813,,
P00071,565.8834109906054,True,19.85664887635268,,
P00071,580.6316822919048,True,18.74930209850494,,
P00071,595.379953593204,True,17.762613944734852,,
P00071,610.1282248945033,True,16.87366528828261,,
P00071,624.8764961958026,True,6.065302825161652,,
P00071,639.6247674971019,True,5.324417941914959,,
P00071,654.3730387984011,True,4.640798949715773,,
P00071,669.1213100997004,True,4.006352544346015,,
P00071,683.8695814009998,True,3.4145649941260814,,
P00071,698.617852702299,True,2.860121608755634,,
P00071,713.3661240035983,True,2.33863275885426,,
P00071,728.1143953048977,True,1.8464330427564164,,
P00071,742.8626666061969,True,1.3804316246648938,7.520256355324065,0.697199116576428
P00071,757.6109379074962,True,0.9379990097999098,8.021125851511428,0.697199116576428
P00071,772.3592092087954,True,0.5168801952764284,8.537691025677518,0.697199116576428
P00071,787.1074805100948,True,0.11512720594339498,9.067912491381392,0.697199116576428
P00071,801.8557518113942,False,-0.2689539212998824,9.608303172956681,0.697199116576428
P00071,816.6040231126933,False,-0.6368452440466683,10.153347407148132,0.697199116576428
P00071,831.3522944139927,False,-0.9898506849864646,10.694787885614758,0.697199116576428
P00071,846.1005657152919,False,-1.3291233622680778,11.22085011611091,0.697199116576428
P00071,860.8488370165912,False,-1.6556878929227423,11.715596619432574,0.697199116576428
P00071,860.8488370165912,False,-1.6556878929227423,11.715596619432574,0.697199116576428
P00071,872.0537084358621,False,-1.6527785115557805,11.692174536963122,0.697199116576428
P00071,883.2585798551329,False,-1.6501649827805238,11.666333076120424,0.697199116576428
P00071,894.4634512744037,False,-1.6478478421293659,11.638115935786686,0.697199116576428
P00071,894.4634512744037,False,-1.6478478421293659,11.638115935786686,0.697199116576428
P00071,909.4634512744037,False,-1.6478478421293659,11.638115935786686,0.697199116576428
P00071,924.4634512744037,False,-1.6478478421293659,11.638115935786686,0.697199116576428
P00071,939.4634512744037,False,-1.6478478421293659,11.638115935786686,0.697199116576428
P00071,954.4634512744036,False,-1.6478478421293659,11.638115935786686,0.697199116576428
P00071,969.4634512744036,False,-1.6478478421293659,11.638115935786686,0.697199116576428
P00071,984.4634512744036,False,-1.6478478421293659,11.638115935786686,0.697199116576428
P00071,999.4634512744036,False,-1.6478478421293659,11.638115935786686,0.697199116576428
P00071,1014.4634512744036,False,-1.6478478421293659,11.638115935786686,0.697199116576428
P00071,1029.4634512744035,False,-1.6478478421293659,11.638115935786686,0.697199116576428
P00071,1044.4634512744035,False,-1.6478478421293659,11.638115935786686,0.697199116576428
P00071,1059.4634512744035,False,-1.6478478421293659,11.638115935786686,0.697199116576428
P00071,1074.4634512744035,False,-1.6478478421293659,11.638115935786686,0.697199116576428
P00071,1089.4634512744035,False,-1.6478478421293659,11.638115935786686,0.697199116576428
P00071,1104.4634512744035,False,-1.6478478421293659,11.638115935786686,0.697199116576428
P00071,1104.4634512744035,False,-1.6478478421293659,11.638115935786686,0.697199116576428
P00071,1118.4695405484922,False,-1.651434730718833,11.67955357842591,0.697199116576428
P00071,1132.475629822581,False,-1.6556878929227423,11.715596619432574,0.697199116576428
P00071,1132.475629822581,False,-1.6556878929227423,11.715596619432574,0.697199116576428
P00071,1147.2239011238803,False,-1.3291233622680778,11.22085011611091,0.697199116576428
P00071,1161.9721724251795,False,-0.9898506849864646,10.694787885614758,0.697199116576428
P00071,1176.7204437264788,False,-0.6368452440466683,10.153347407148132,0.697199116576428
P00071,1191.468715027778,False,-0.2689539212998824,9.608303172956681,0.697199116576428
P00071,1206.2169863290774,True,0.11512720594339498,9.067912491381392,0.697199116576428
P00071,1220.9652576303765,True,0.5168801952764284,8.537691025677518,0.697199116576428
P00071,1235.713528931676,True,0.9379990097999098,8.021125851511428,0.697199116576428
P00071,1250.461800232975,True,1.3804316246648938,7.520256355324065,0.697199116576428
P00071,1265.2100715342744,True,1.8464330427564164,7.036116744149297,0.697199116576428
P00071,1279.9583428355736,True,2.33863275885426,6.569059679343837,0.697199116576428
P00071,1294.706614136873,True,2.860121608755634,6.1189868558699345,0.697199116576428
P00071,1309.4548854381724,True,3.4145649941260814,5.685510378493063,0.697199116576428
P00071,1324.2031567394715,True,4.006352544346015,5.2680642122316215,0.697199116576428
P00071,1338.951428040771,True,4.640798949715773,4.865980280878816,0.697199116576428
P00071,1353.69969934207,True,5.324417941914959,4.478539827552794,0.697199116576428
P00071,1368.4479706433694,True,6.065302825161652,4.105007599436007,0.697199116576428
P00071,1383.1962419446686,True,16.87366528828261,3.744654175049746,0.697199116576428
P00071,1397.944513245968,True,17.762613944734852,3.396770145611171,0.697199116576428
P00071,1412.6927845472674,True,18.74930209850494,3.06067472946566,0.697199116576428
P00071,1427.4410558485665,True,19.85664887635268,2.735720606884996,0.697199116576428
P00071,1442.189327149866,True,21.115935757385813,2.4212962120879524,0.697199116576428
P00071,1456.937598451165,True,22.57061086590764,2.1168263370226583,0.697199116576428
P00071,1471.6858697524644,True,24.281005578061368,1.8217716365190455,0.697199116576428
P00071,1486.4341410537636,True,26.324973358481373,1.5356274402649035,0.697199116576428
P00071,1501.182412355063,True,28.76090863140719,1.2579221495138029,0.697199116576428
P00071,1515.9306836563621,True,31.367920758125223,0.9882154074858391,0.697199116576428
P00071,1530.6789549576615,True,32.7598396645181,0.7260961709170886,0.697199116576428
P00071,1530.6789549576615,True,32.7598396645181,0.7260961709170886,0.697199116576428
P00071,1544.3650232085295,True,33.85863438117005,0.7237849560297747,0.697199116576428
P00071,1558.0510914593976,True,35.11683955789344,0.7211696144762101,0.697199116576428
P00071,1571.7371597102656,True,36.58868754837127,0.7182506961282087,0.697199116576428
P00071,1585.4232279611338,True,38.36187405739659,0.7150288137720509,0.697199116576428
P00071,1599.1092962120017,True,40.59240679739564,0.711504642681561,0.697199116576428
P00071,1612.7953644628699,True,43.60138968771986,0.707678920148922,0.697199116576428
P00071,1626.4814327137378,True,48.243424581304254,0.7035524449737665,0.697199116576428
P00071,1640.167500964606,True,58.8907336263662,0.6991260769114689,0.697199116576428
P00071,1653.853569215474,True,55.92517525248826,-9.30559926391868,0.697199116576428
P00083,361.0,True,55.92517525248826,,
P00083,374.600047374907,True,55.584449116732685,,
P00083,388.200094749814,True,46.154120842064,,
P00083,401.800142124721,True,41.73973986665119,,
P00083,415.40018949962797,True,38.82688032372805,,
P00083,429.00023687453495,True,36.64938515999951,,
P00083,442.600284249442,True,34.90981607914503,,
P00083,456.20033162434896,True,33.461181216677716,,
P00083,456.20033162434896,True,33.461181216677716,,
P00083,470.8797950396017,True,31.87772016540268,,
P00083,485.5592584548544,True,29.052444138889314,,
P00083,500.2387218701071,True,26.506822056310924,,
P00083,514.9181852853598,True,24.40913873606,,
P00083,529.5976487006125,True,22.669927934819995,,
P00083,544.2771121158652,True,21.19835146558826,,
P00083,558.9565755311179,True,19.928408455328807,,
P00083,573.6360389463706,True,18.813948496425468,,
P00083,588.3155023616233,True,17.822291624809637,,
P00083,602.994965776876,True,16.929742621902903,,
P00083,617.6744291921287,True,16.118691697699504,,
P00083,632.3538926073815,True,15.375748383542302,,
P00083,647.0333560226342,True,14.690519701006949,,
P00083,661.7128194378869,True,14.054791617425138,,
P00083,676.3922828531396,True,13.461967567834023,,
P00083,691.0717462683923,True,12.906674540008567,,
P00083,705.751209683645,True,12.384480901704109,,
P00083,720.4306730988976,True,11.891690392588885,,
P00083,735.1101365141503,True,11.425189101266398,,
P00083,749.789599929403,True,0.9823300029147788,7.831954632341251,0.697199116576428
P00083,764.4690633446558,True,0.560844587261812,8.319717551907615,0.697199116576428
P00083,779.1485267599085,True,0.15877433728587675,8.816748119300811,0.697199116576428
P00083,793.8279901751612,False,-0.2255830336592055,9.319090949971326,0.697199116576428
P00083,808.5074535904139,False,-0.5937162250957755,9.820938242211582,0.697199116576428
P00083,823.1869170056666,False,-0.9469345113328131,10.314111574625286,0.697199116576428
P00083,837.8663804209193,False,-1.2863953609915626,10.787571163737042,0.697199116576428
P00083,852.545843836172,False,-1.613126956814554,11.227125357090856,0.697199116576428
P00083,867.2253072514247,False,-1.9280467018255365,11.615620731578673,0.697199116576428
P00083,881.9047706666775,False,-2.231976538083515,11.933958561049892,0.697199116576428
P00083,896.5842340819302,False,-2.5256557130944515,12.163185091897375,0.697199116576428
P00083,911.2636974971829,False,-2.8097514863744664,12.287520131335114,0.697199116576428
P00083,925.9431609124356,False,-3.0848681616146223,12.297577082410356,0.697199116576428
P00083,940.6226243276883,False,-3.3515547484084323,12.192571135591237,0.697199116576428
P00083,955.302087742941,False,-3.6103114952114908,11.980513636112363,0.697199116576428
P00083,969.9815511581937,False,-3.8615954869949434,11.676298539206698,0.697199116576428
P00083,984.6610145734464,False,-4.105825463480812,11.29856623865895,0.697199116576428
P00083,999.3404779886991,False,-4.343385984475617,10.866570762656366,0.697199116576428
P00083,1014.0199414039519,False,-4.574631045453856,10.397902337832988,0.697199116576428
P00083,1028.6994048192046,False,-4.799887228124291,9.907296457336855,0.697199116576428
P00083,1043.3788682344573,False,-5.019456455809319,9.406325893964265,0.697199116576428
P00083,1058.05833164971,False,-5.233618411615183,8.903631106709383,0.697199116576428
P00083,1072.7377950649627,False,-5.442632667633447,8.405391683112668,0.697199116576428
P00083,1072.7377950649627,False,-5.442632667633447,8.405391683112668,0.697199116576428
P00083,1086.0878945522675,False,-5.4413158910426205,8.39108023901153,0.697199116576428
P00083,1099.437994039572,False,-5.440175350226085,8.37512270052278,0.697199116576428
P00083,1112.7880935268768,False,-5.439211184163156,8.357537323826506,0.697199116576428
P00083,1126.1381930141815,False,-5.438423510407588,8.33834404638354,0.697199116576428
P00083,1126.1381930141815,False,-5.438423510407588,8.33834404638354,0.697199116576428
P00083,1141.1381930141815,False,-5.438423510407588,8.33834404638354,0.697199116576428
P00083,1156.1381930141815,False,-5.438423510407588,8.33834404638354,0.697199116576428
P00083,1171.1381930141815,False,-5.438423510407588,8.33834404638354,0.697199116576428
P00083,1186.1381930141815,False,-5.438423510407588,8.33834404638354,0.697199116576428
P00083,1201.1381930141815,False,-5.438423510407588,8.33834404638354,0.697199116576428
P00083,1216.1381930141815,False,-5.438423510407588,8.33834404638354,0.697199116576428
P00083,1231.1381930141815,False,-5.438423510407588,8.33834404638354,0.697199116576428
P00083,1246.1381930141815,False,-5.438423510407588,8.33834404638354,0.697199116576428
P00083,1261.1381930141815,False,-5.438423510407588,8.33834404638354,0.697199116576428
P00083,1276.1381930141815,False,-5.438423510407588,8.33834404638354,0.697199116576428
P00083,1291.1381930141815,False,-5.438423510407588,8.33834404638354,0.697199116576428
P00083,1306.1381930141815,False,-5.438423510407588,8.33834404638354,0.697199116576428
P00083,1321.1381930141815,False,-5.438423510407588,8.33834404638354,0.697199116576428
P00083,1336.1381930141815,False,-5.438423510407588,8.33834404638354,0.697199116576428
P00083,1336.1381930141815,False,-5.438423510407588,8.33834404638354,0.697199116576428
P00083,1350.9716368889644,False,-5.439512967958137,8.363578790076005,0.697199116576428
P00083,1365.8050807637476,False,-5.440916121714295,8.385943092714854,0.697199116576428
P00083,1380.6385246385305,False,-5.442632667633447,8.405391683112668,0.697199116576428
P00083,1380.6385246385305,False,-5.442632667633447,8.405391683112668,0.697199116576428
P00083,1395.3179880537832,False,-5.233618411615183,8.903631106709383,0.697199116576428
P00083,1409.997451469036,False,-5.019456455809319,9.406325893964265,0.697199116576428
P00083,1424.6769148842886,False,-4.799887228124291,9.907296457336855,0.697199116576428
P00083,1439.3563782995413,False,-4.574631045453856,10.397902337832988,0.697199116576428
P00083,1454.035841714794,False,-4.343385984475617,10.866570762656366,0.697199116576428
P00083,1468.7153051300468,False,-4.105825463480812,11.29856623865895,0.697199116576428
P00083,1483.3947685452995,False,-3.8615954869949434,11.676298539206698,0.697199116576428
P00083,1498.0742319605522,False,-3.6103114952114908,11.980513636112363,0.697199116576428
P00083,1512.753695375805,False,-3.3515547484084323,12.192571135591237,0.697199116576428
P00083,1527.4331587910574,False,-3.0848681616146223,12.297577082410356,0.697199116576428
P00083,1542.1126222063103,False,-2.8097514863744664,12.287520131335114,0.697199116576428
P00083,1556.7920856215628,False,-2.5256557130944515,12.163185091897375,0.697199116576428
P00083,1571.4715490368155,False,-2.231976538083515,11.933958561049892,0.697199116576428
P00083,1586.1510124520682,False,-1.9280467018255365,11.615620731578673,0.697199116576428
P00083,1600.830475867321,False,-1.613126956814554,11.227125357090856,0.697199116576428
P00083,1615.5099392825737,False,-1.2863953609915626,10.787571163737042,0.697199116576428
P00083,1630.1894026978264,False,-0.9469345113328131,10.314111574625286,0.697199116576428
P00083,1644.868866113079,False,-0.5937162250957755,9.820938242211582,0.697199116576428
P00083,1659.5483295283318,False,-0.2255830336592055,9.319090949971326,0.697199116576428
P00083,1674.2277929435845,True,0.15877433728587675,8.816748119300811,0.697199116576428
P00083,1688.9072563588372,True,0.5608445872593535,8.319717551912817,0.697199116576428
P00083,1703.58671977409,True,0.9823300029147788,7.831954632341251,0.697199116576428
P00083,1718.2661831893427,True,11.425189101266398,7.356023860735405,0.697199116576428
P00083,1732.9456466045954,True,11.891690392588885,6.893475141475392,0.697199116576428
P00083,1747.625110019848,True,12.384480901704109,6.445134896705085,0.697199116576428
P00083,1762.3045734351008,True,12.906674540008567,6.011323906300817,0.697199116576428
P00083,1776.9840368503533,True,13.461967567834023,5.592016742638208,0.697199116576428
P00083,1791.6635002656062,True,14.054791617425138,5.186956662054399,0.697199116576428
P00083,1806.342963680859,True,14.690519701006949,4.795737435569606,0.697199116576428
P00083,1821.0224270961116,True,15.375748383542302,4.417861061526679,0.697199116576428
P00083,1835.7018905113641,True,16.118691697699504,4.052778080941124,0.697199116576428
P00083,1850.381353926617,True,16.929742621902903,3.6999154379265207,0.697199116576428
P00083,1865.0608173418696,True,17.822291624809637,3.3586954717126787,0.697199116576428
P00083,1879.7402807571225,True,18.813948496425468,3.0285486213112307,0.697199116576428
P00083,1894.419744172375,True,19.928408455328807,2.7089216910901683,0.697199116576428
P00083,1909.099207587628,True,21.19835146558826,2.3992829969312908,0.697199116576428
P00083,1923.7786710028804,True,22.669927934819995,2.099125333338023,0.697199116576428
P00083,1938.458134418133,True,24.40913873606,1.8079674309838936,0.697199116576428
P00083,1953.1375978333858,True,26.506822056310924,1.525354380545778,0.697199116576428
P00083,1967.8170612486385,True,29.052444138889314,1.2508573607608469,0.697199116576428
P00083,1982.4965246638913,True,31.87772016540268,0.9840729099326353,0.697199116576428
P00083,1997.175988079144,True,33.461181216677716,0.7246219098675653,0.697199116576428
P00083,1997.175988079144,True,33.461181216677716,0.7246219098675653,0.697199116576428
P00083,2011.4560378227964,True,34.71496285141542,0.7219962942199203,0.697199116576428
P00083,2025.7360875664488,True,36.18075728148746,0.719039990599029,0.697199116576428
P00083,2040.0161373101012,True,37.94515576000582,0.715753674970415,0.697199116576428
P00083,2054.2961870537533,True,40.16177264505582,0.7121380974978422,0.697199116576428
P00083,2068.5762367974057,True,43.14537486122748,0.7081940819755062,0.697199116576428
P00083,2082.856286541058,True,47.72647075601516,0.7039225252062238,0.697199116576428
P00083,2097.1363362847105,True,58.027713317238714,0.699324396326773,0.697199116576428
P00083,2111.416386028363,True,55.92517525248826,-9.30559926391868,0.697199116576428
P00086,5741.0,True,55.92517525248826,,
P00086,5754.600047374907,True,55.58444911673233,,
P00086,5768.200094749814,True,46.154120842064174,,
P00086,5781.800142124721,True,41.739739866651234,,
P00086,5795.400189499628,True,38.82688032372802,,
P00086,5809.000236874535,True,36.649385159999454,,
P00086,5822.600284249442,True,34.90981607914506,,
P00086,5836.200331624349,True,33.461181216677716,,
P00086,5836.200331624349,True,33.461181216677716,,
P00086,5850.879795039602,True,31.87772016540268,,
P00086,5865.559258454854,True,29.052444138889314,,
P00086,5880.238721870107,True,26.506822056310924,,
P00086,5894.91818528536,True,24.40913873606,,
P00086,5909.597648700613,True,22.669927934819995,,
P00086,5924.277112115865,True,21.19835146558826,,
P00086,5938.956575531118,True,19.928408455328807,,
P00086,5953.636038946371,True,18.813948496425468,,
P00086,5968.315502361624,True,17.822291624809637,,
P00086,5982.994965776876,True,16.929742621902903,,
P00086,5997.674429192129,True,16.118691697699504,,
P00086,6012.353892607382,True,15.375748383542302,,
P00086,6027.0333560226345,True,14.690519701006949,,
P00086,6041.7128194378865,True,14.054791617425138,,
P00086,6056.3922828531395,True,13.461967567834023,,
P00086,6071.071746268392,True,12.906674540008567,,
P00086,6085.751209683645,True,12.384480901704109,,
P00086,6100.430673098897,True,11.891690392588885,,
P00086,6115.11013651415,True,11.425189101266398,,
P00086,6129.789599929403,True,0.9823300029147788,,
P00086,6144.469063344655,True,0.560844587261812,,
P00086,6159.148526759908,True,0.15877433728587675,,
P00086,6173.827990175161,False,-0.2255830336592055,13.879718127958071,2.1919480879780053
P00086,6188.507453590414,False,-0.5937162250957755,14.484697606860152,2.1919480879780053
P00086,6203.186917005667,False,-0.9469345113328131,14.967133703125569,2.1919480879780053
P00086,6217.866380420919,False,-1.2863953609915626,15.272733778721005,2.1919480879780053
P00086,6232.545843836172,False,-1.613126956814554,15.359362167391794,2.1919480879780053
P00086,6247.225307251425,False,-1.9280467018255365,15.213839365547926,2.1919480879780053
P00086,6261.904770666677,False,-2.231976538083515,14.857989180461374,2.1919480879780053
P00086,6276.58423408193,False,-2.5256557130944515,14.338826794259376,2.1919480879780053
P00086,6291.263697497183,False,-2.8097514863744664,13.710981737227286,2.1919480879780053
P00086,6305.943160912436,False,-3.0848681616146223,13.022823713264799,2.1919480879780053
P00086,6320.622624327688,False,-3.3515547484084323,12.310643847495896,2.1919480879780053
P00086,6335.302087742941,False,-3.6103114952114908,11.598762547871573,2.1919480879780053
P00086,6349.981551158194,False,-3.8615954869949434,10.902099792194306,2.1919480879780053
P00086,6364.661014573447,False,-4.105825463480812,10.229029063864886,2.1919480879780053
P00086,6379.340477988699,False,-4.343385984475617,9.583678661769113,2.1919480879780053
P00086,6394.019941403952,False,-4.574631045453856,8.967554746911219,2.1919480879780053
P00086,6408.699404819205,False,-4.799887228124291,8.38060968083201,2.1919480879780053
P00086,6423.378868234457,False,-5.019456455809319,7.821918064460277,2.1919480879780053
P00086,6438.0583316497095,False,-5.233618411615183,7.290093807486656,2.1919480879780053
P00086,6452.7377950649625,False,-5.442632667633447,6.783542280455691,2.1919480879780053
P00086,6452.7377950649625,False,-5.442632667633447,6.783542280455691,2.1919480879780053
P00086,6466.087894552267,False,-5.4413158910426205,6.775635759808196,2.1919480879780053
P00086,6479.437994039572,False,-5.440175350226085,6.7665746415943175,2.1919480879780053
P00086,6492.788093526877,False,-5.439211184163156,6.75636616845803,2.1919480879780053
P00086,6506.1381930141815,False,-5.438423510407588,6.745018457948106,2.1919480879780053
P00086,6506.1381930141815,False,-5.438423510407588,6.745018457948106,2.1919480879780053
P00086,6521.1381930141815,False,-5.438423510407588,6.745018457948106,2.1919480879780053
P00086,6536.1381930141815,False,-5.438423510407588,6.745018457948106,2.1919480879780053
P00086,6551.1381930141815,False,-5.438423510407588,6.745018457948106,2.1919480879780053
P00086,6566.1381930141815,False,-5.438423510407588,6.745018457948106,2.1919480879780053
P00086,6581.1381930141815,False,-5.438423510407588,6.745018457948106,2.1919480879780053
P00086,6596.1381930141815,False,-5.438423510407588,6.745018457948106,2.1919480879780053
P00086,6611.1381930141815,False,-5.438423510407588,6.745018457948106,2.1919480879780053
P00086,6626.1381930141815,False,-5.438423510407588,6.745018457948106,2.1919480879780053
P00086,6641.1381930141815,False,-5.438423510407588,6.745018457948106,2.1919480879780053
P00086,6656.1381930141815,False,-5.438423510407588,6.745018457948106,2.1919480879780053
P00086,6671.1381930141815,False,-5.438423510407588,6.745018457948106,2.1919480879780053
P00086,6686.1381930141815,False,-5.438423510407588,6.745018457948106,2.1919480879780053
P00086,6686.1381930141815,False,-5.438423510407588,6.745018457948106,2.1919480879780053
P00086,6700.971636888965,False,-5.439512967958137,6.759895993412087,2.1919480879780053
P00086,6715.805080763747,False,-5.440916121714295,6.772743336248126,2.1919480879780053
P00086,6730.638524638531,False,-5.442632667633447,6.783542280455691,2.1919480879780053
P00086,6730.638524638531,False,-5.442632667633447,6.783542280455691,2.1919480879780053
P00086,6745.317988053784,False,-5.233618411615183,7.290093807486656,2.1919480879780053
P00086,6759.997451469036,False,-5.019456455809319,7.821918064460277,2.1919480879780053
P00086,6774.676914884289,False,-4.799887228124291,8.38060968083201,2.1919480879780053
P00086,6789.356378299542,False,-4.574631045453856,8.967554746911219,2.1919480879780053
P00086,6804.0358417147945,False,-4.343385984475617,9.583678661769113,2.1919480879780053
P00086,6818.7153051300465,False,-4.105825463480812,10.229029063864886,2.1919480879780053
P00086,6833.3947685452995,False,-3.8615954869949434,10.902099792194306,2.1919480879780053
P00086,6848.074231960552,False,-3.6103114952114908,11.598762547871573,2.1919480879780053
P00086,6862.753695375805,False,-3.3515547484084323,12.310643847495896,2.1919480879780053
P00086,6877.433158791057,False,-3.0848681616146223,13.022823713264799,2.1919480879780053
P00086,6892.11262220631,False,-2.8097514863744664,13.710981737227286,2.1919480879780053
P00086,6906.792085621563,False,-2.5256557130944515,14.338826794259376,2.1919480879780053
P00086,6921.471549036816,False,-2.231976538083515,14.857989180461374,2.1919480879780053
P00086,6936.151012452068,False,-1.9280467018255365,15.213839365547926,2.1919480879780053
P00086,6950.830475867321,False,-1.613126956814554,15.359362167391794,2.1919480879780053
P00086,6965.509939282574,False,-1.2863953609915626,15.272733778721005,2.1919480879780053
P00086,6980.189402697827,False,-0.9469345113328131,14.967133703125569,2.1919480879780053
P00086,6994.868866113079,False,-0.5937162250957755,14.484697606860152,2.1919480879780053
P00086,7009.548329528332,False,-0.2255830336592055,13.879718127958071,2.1919480879780053
P00086,7024.227792943585,True,0.15877433728587675,13.203046125894076,2.1919480879780053
P00086,7038.907256358838,True,0.560844587261812,12.494238703019263,2.1919480879780053
P00086,7053.58671977409,True,0.9823300029147788,11.780495357238365,2.1919480879780053
P00086,7068.266183189343,True,11.425189101266398,11.078868233561224,2.1919480879780053
P00086,7082.945646604596,True,11.891690392588885,10.399166014687367,2.1919480879780053
P00086,7097.625110019848,True,12.384480901704109,9.746427335483745,2.1919480879780053
P00086,7112.304573435101,True,12.906674540008567,9.12271105559816,2.1919480879780053
P00086,7126.984036850354,True,13.461967567834023,8.528291311236131,2.1919480879780053
P00086,7141.663500265607,True,14.054791617425138,,
P00086,7156.342963680859,True,14.690519701006949,,
P00086,7171.022427096112,True,15.375748383542302,,
P00086,7185.701890511365,True,16.118691697699504,,
P00086,7200.3813539266175,True,16.929742621902903,,
P00086,7215.06081734187,True,17.822291624809637,,
P00086,7229.7402807571225,True,18.813948496425468,,
P00086,7244.419744172375,True,19.928408455328807,,
P00086,7259.099207587628,True,21.19835146558826,,
P00086,7273.77867100288,True,22.669927934819995,,
P00086,7288.458134418133,True,24.40913873606,,
P00086,7303.137597833386,True,26.506822056310924,,
P00086,7317.817061248639,True,29.052444138889314,,
P00086,7332.496524663891,True,31.87772016540268,,
P00086,7347.175988079144,True,33.461181216677716,,
P00086,7347.175988079144,True,33.461181216677716,,
P00086,7361.456037822796,True,34.71496285141538,,
P00086,7375.736087566449,True,36.180757281487445,,
P00086,7390.016137310102,True,37.945155760005875,,
P00086,7404.296187053754,True,40.161772645055834,,
P00086,7418.576236797406,True,43.14537486122738,,
P00086,7432.856286541059,True,47.726470756015175,,
P00086,7447.136336284711,True,58.027713317239375,,
P00086,7461.416386028363,True,55.92517525248826,,
P00089,360.0,True,55.92517525248826,,
P00089,372.9277058919271,True,56.47042157861182,,
P00089,385.85541178385415,True,46.74241858760922,,
P00089,398.7831176757812,True,42.268799110297124,,
P00089,411.71082356770836,True,39.33058081999742,,
P00089,424.63852945963544,True,37.1390049583151,,
P00089,437.5662353515625,True,35.39047820786547,,
P00089,450.4939412434896,True,33.935643142447674,,
P00089,450.4939412434896,True,33.935643142447674,,
P00089,465.45908630493966,True,32.14589994523425,,
P00089,480.42423136638973,True,29.10697273326697,,
P00089,495.3893764278398,True,26.461621298919624,,
P00089,510.35452148928994,True,24.31681036476425,,
P00089,525.31966655074,True,22.55276137987363,,
P00089,540.2848116121901,True,21.066756818924972,,
P00089,555.2499566736401,True,19.78776882371247,,
P00089,570.2151017350902,True,18.66729258246052,,
P00089,585.1802467965404,True,17.671442754957027,,
P00089,600.1453918579904,True,16.775859936685293,,
P00089,615.1105369194405,True,15.962545596409768,,
P00089,630.0756819808905,True,15.217870093475298,,
P00089,645.0408270423407,True,14.53128702263976,,
P00089,660.0059721037908,True,3.894480385868789,,
P00089,674.9711171652408,True,3.3007837701822353,,
P00089,689.9362622266909,True,2.7447750467609353,,
P00089,704.901407288141,True,2.2219872466411488,,
P00089,719.8665523495911,True,1.728698170288311,,
P00089,734.8316974110412,True,1.2617745231288495,,
P00089,749.7968424724912,True,0.8185545640553613,,
P00089,764.7619875339412,True,0.39675844921642067,9.374409522458166,16.178477543608963
P00089,779.7271325953914,False,-0.0055811799177831745,8.939216108167017,16.178477543608963
P00089,794.6922776568415,False,-0.39017358840024485,8.493047775109417,16.178477543608963
P00089,809.6574227182916,False,-0.7585130424916855,8.042849532431376,16.178477543608963
P00089,824.6225677797416,False,-1.1119133005542494,7.593844468655277,16.178477543608963
P00089,839.5877128411917,False,-1.4515354754997958,7.149833073221373,16.178477543608963
P00089,854.5528579026418,False,-1.7784107363408879,6.713487821818049,16.178477543608963
P00089,854.5528579026418,False,-1.7784107363408879,6.713487821818049,16.178477543608963
P00089,864.0492226487356,False,-1.7763141857138152,6.711847983207932,16.178477543608963
P00089,873.5455873948293,False,-1.7744244961812399,6.709625018415153,16.178477543608963
P00089,873.5455873948293,False,-1.7744244961812399,6.709625018415153,16.178477543608963
P00089,887.5455873948293,False,-1.7744244961812399,6.709625018415153,16.178477543608963
P00089,901.5455873948293,False,-1.7744244961812399,6.709625018415153,16.178477543608963
P00089,915.5455873948295,False,-1.7744244961812399,6.709625018415153,16.178477543608963
P00089,929.5455873948295,False,-1.7744244961812399,6.709625018415153,16.178477543608963
P00089,943.5455873948295,False,-1.7744244961812399,6.709625018415153,16.178477543608963
P00089,957.5455873948295,False,-1.7744244961812399,6.709625018415153,16.178477543608963
P00089,971.5455873948295,False,-1.7744244961812399,6.709625018415153,16.178477543608963
P00089,985.5455873948296,False,-1.7744244961812399,6.709625018415153,16.178477543608963
P00089,999.5455873948296,False,-1.7744244961812399,6.709625018415153,16.178477543608963
P00089,1013.5455873948296,False,-1.7744244961812399,6.709625018415153,16.178477543608963
P00089,1027.5455873948297,False,-1.7744244961812399,6.709625018415153,16.178477543608963
P00089,1041.5455873948297,False,-1.7744244961812399,6.709625018415153,16.178477543608963
P00089,1055.5455873948297,False,-1.7744244961812399,6.709625018415153,16.178477543608963
P00089,1069.5455873948297,False,-1.7744244961812399,6.709625018415153,16.178477543608963
P00089,1083.5455873948297,False,-1.7744244961812399,6.709625018415153,16.178477543608963
P00089,1083.5455873948297,False,-1.7744244961812399,6.709625018415153,16.178477543608963
P00089,1091.459224683241,False,-1.7763141857138152,6.711847983207932,16.178477543608963
P00089,1099.3728619716524,False,-1.7784107363408879,6.713487821818049,16.178477543608963
P00089,1099.3728619716524,False,-1.7784107363408879,6.713487821818049,16.178477543608963
P00089,1114.3380070331025,False,-1.4515354754997958,7.149833073221373,16.178477543608963
P00089,1129.3031520945526,False,-1.1119133005542494,7.593844468655277,16.178477543608963
P00089,1144.2682971560025,False,-0.7585130424916855,8.042849532431376,16.178477543608963
P00089,1159.2334422174526,False,-0.39017358840024485,8.493047775109417,16.178477543608963
P00089,1174.1985872789028,False,-0.0055811799177831745,8.939216108167017,16.178477543608963
P00089,1189.163732340353,True,0.39675844921642067,,
P00089,1204.1288774018028,True,0.8185545640553613,,
P00089,1219.094022463253,True,1.2617745231288495,,
P00089,1234.059167524703,True,1.728698170288311,,
P00089,1249.0243125861532,True,2.2219872466411488,,
P00089,1263.989457647603,True,2.7447750467609353,,
P00089,1278.9546027090532,True,3.3007837701822353,,
P00089,1293.9197477705034,True,3.894480385868789,,
P00089,1308.8848928319535,True,14.53128702263976,,
P00089,1323.8500378934036,True,15.217870093475298,,
P00089,1338.8151829548538,True,15.962545596409768,,
P00089,1353.7803280163037,True,16.775859936685293,,
P00089,1368.7454730777538,True,17.671442754957027,,
P00089,1383.710618139204,True,18.66729258246052,,
P00089,1398.6757632006538,True,19.78776882371247,,
P00089,1413.640908262104,True,21.066756818924972,,
P00089,1428.606053323554,True,22.55276137987363,,
P00089,1443.5711983850042,True,24.31681036476425,,
P00089,1458.5363434464543,True,26.461621298919624,,
P00089,1473.5014885079045,True,29.10697273326697,,
P00089,1488.4666335693544,True,32.14589994523425,,
P00089,1503.4317786308045,True,33.935643142447674,,
P00089,1503.4317786308045,True,33.935643142447674,,
P00089,1517.005869817328,True,35.19472933159426,,
P00089,1530.5799610038514,True,36.66778384861095,,
P00089,1544.1540521903748,True,38.44272368334168,,
P00089,1557.7281433768983,True,40.67603717313169,,
P00089,1571.3022345634217,True,43.69010557151468,,
P00089,1584.8763257499452,True,48.34442388871014,,
P00089,1598.4504169364686,True,59.06349361120399,,
P00089,1612.024508122992,True,55.92517525248826,,
P00107,5749.0,True,55.92517525248826,,
P00107,5761.927705891927,True,56.47042157861199,,
P00107,5774.855411783854,True,46.74241858760932,,
P00107,5787.783117675781,True,42.26879911029722,,
P00107,5800.710823567709,True,39.33058081999735,,
P00107,5813.638529459636,True,37.139004958315056,,
P00107,5826.566235351563,True,35.39047820786547,,
P00107,5839.49394124349,True,33.935643142447674,,
P00107,5839.49394124349,True,33.935643142447674,,
P00107,5854.45908630494,True,32.14589994523425,,
P00107,5869.42423136639,True,29.10697273326697,,
P00107,5884.38937642784,True,26.461621298919624,,
P00107,5899.35452148929,True,24.31681036476425,,
P00107,5914.31966655074,True,22.55276137987363,,
P00107,5929.28481161219,True,21.066756818924972,,
P00107,5944.24995667364,True,19.78776882371247,,
P00107,5959.21510173509,True,18.66729258246052,,
P00107,5974.18024679654,True,17.671442754957027,,
P00107,5989.14539185799,True,16.775859936685293,,
P00107,6004.11053691944,True,15.962545596409768,,
P00107,6019.07568198089,True,15.217870093475298,,
P00107,6034.04082704234,True,14.53128702263976,,
P00107,6049.005972103791,True,3.894480385868789,,
P00107,6063.971117165241,True,3.3007837701822353,,
P00107,6078.936262226691,True,2.7447750467609353,,
P00107,6093.901407288141,True,2.2219872466411488,,
P00107,6108.866552349591,True,1.728698170288311,,
P00107,6123.831697411041,True,1.2617745231288495,,
P00107,6138.796842472491,True,0.8185545640553613,,
P00107,6153.761987533941,True,0.39675844921642067,,
P00107,6168.727132595391,False,-0.0055811799177831745,16.622674197716094,2.1919480879780053
P00107,6183.692277656841,False,-0.39017358840024485,18.421773999489844,2.1919480879780053
P00107,6198.657422718291,False,-0.7585130424916855,20.634401293347125,2.1919480879780053
P00107,6213.622567779741,False,-1.1119133005542494,23.429351620792787,2.1919480879780053
P00107,6228.587712841191,False,-1.4515354754997958,26.82016844024554,2.1919480879780053
P00107,6243.552857902641,False,-1.7784107363408879,28.998150370674807,2.1919480879780053
P00107,6243.552857902641,False,-1.7784107363408879,28.998150370674807,2.1919480879780053
P00107,6253.049222648735,False,-1.7763141857138152,28.117645231249554,2.1919480879780053
P00107,6262.5455873948285,False,-1.7744244961812399,27.318240311947264,2.1919480879780053
P00107,6262.5455873948285,False,-1.7744244961812399,27.318240311947264,2.1919480879780053
P00107,6277.5455873948285,False,-1.7744244961812399,27.318240311947264,2.1919480879780053
P00107,6292.5455873948285,False,-1.7744244961812399,27.318240311947264,2.1919480879780053
P00107,6307.5455873948285,False,-1.7744244961812399,27.318240311947264,2.1919480879780053
P00107,6322.5455873948285,False,-1.7744244961812399,27.318240311947264,2.1919480879780053
P00107,6337.5455873948285,False,-1.7744244961812399,27.318240311947264,2.1919480879780053
P00107,6352.5455873948285,False,-1.7744244961812399,27.318240311947264,2.1919480879780053
P00107,6367.5455873948285,False,-1.7744244961812399,27.318240311947264,2.1919480879780053
P00107,6382.5455873948285,False,-1.7744244961812399,27.318240311947264,2.1919480879780053
P00107,6397.5455873948285,False,-1.7744244961812399,27.318240311947264,2.1919480879780053
P00107,6412.5455873948285,False,-1.7744244961812399,27.318240311947264,2.1919480879780053
P00107,6427.5455873948285,False,-1.7744244961812399,27.318240311947264,2.1919480879780053
P00107,6442.5455873948285,False,-1.7744244961812399,27.318240311947264,2.1919480879780053
P00107,6442.5455873948285,False,-1.7744244961812399,27.318240311947264,2.1919480879780053
P00107,6455.243118522758,False,-1.7775568677296576,28.63918057383448,2.1919480879780053
P00107,6467.940649650688,False,-1.7812213275362438,30.197674223909303,2.1919480879780053
P00107,6480.638180778618,False,-1.7854165278959897,32.0983133916865,2.1919480879780053
P00107,6493.335711906548,False,-1.7901409291652044,34.534845016164894,2.1919480879780053
P00107,6493.335711906548,False,-1.7901409291652044,34.534845016164894,2.1919480879780053
P00107,6507.7456464150155,False,-1.7358011024992521,29.537045410377957,2.1919480879780053
P00107,6522.155580923483,False,-1.6920282774403859,24.692851943309705,2.1919480879780053
P00107,6536.565515431951,False,-1.6591509901574,21.42873334490224,2.1919480879780053
P00107,6550.975449940419,False,-1.637421141825385,19.023890873726472,2.1919480879780053
P00107,6565.385384448887,False,-1.6270076932911053,17.129862406261054,2.1919480879780053
P00107,6579.7953189573545,False,-1.6279923371562006,15.570419196172153,2.1919480879780053
P00107,6594.205253465822,False,-1.6403673768361102,14.2461273758652,2.1919480879780053
P00107,6608.61518797429,False,-1.664035927169536,13.095817504529606,2.1919480879780053
P00107,6608.61518797429,False,-1.664035927169536,13.095817504529606,2.1919480879780053
P00107,6620.812817857102,False,-1.6600990041826549,13.077595436409396,2.1919480879780053
P00107,6633.010447739915,False,-1.656510907749933,13.055296093230211,2.1919480879780053
P00107,6645.208077622728,False,-1.6532725059516622,13.02898235349457,2.1919480879780053
P00107,6657.405707505541,False,-1.6503845837043087,12.998727450852599,2.1919480879780053
P00107,6669.603337388353,False,-1.6478478421293659,2.964614313839263,2.1919480879780053
P00107,6669.603337388353,False,-1.6478478421293659,2.964614313839263,2.1919480879780053
P00107,6684.603337388353,False,-1.6478478421293659,2.964614313839263,2.1919480879780053
P00107,6699.603337388353,False,-1.6478478421293659,2.964614313839263,2.1919480879780053
P00107,6714.603337388353,False,-1.6478478421293659,2.964614313839263,2.1919480879780053
P00107,6729.603337388353,False,-1.6478478421293659,2.964614313839263,2.1919480879780053
P00107,6744.603337388353,False,-1.6478478421293659,2.964614313839263,2.1919480879780053
P00107,6759.603337388353,False,-1.6478478421293659,2.964614313839263,2.1919480879780053
P00107,6774.603337388353,False,-1.6478478421293659,2.964614313839263,2.1919480879780053
P00107,6789.603337388353,False,-1.6478478421293659,2.964614313839263,2.1919480879780053
P00107,6804.603337388353,False,-1.6478478421293659,2.964614313839263,2.1919480879780053
P00107,6819.603337388353,False,-1.6478478421293659,2.964614313839263,2.1919480879780053
P00107,6834.603337388353,False,-1.6478478421293659,2.964614313839263,2.1919480879780053
P00107,6849.603337388353,False,-1.6478478421293659,2.964614313839263,2.1919480879780053
P00107,6849.603337388353,False,-1.6478478421293659,2.964614313839263,2.1919480879780053
P00107,6863.609426662441,False,-1.651434730718833,13.010619465245071,2.1919480879780053
P00107,6877.61551593653,False,-1.6556878929227423,13.04923890580649,2.1919480879780053
P00107,6877.61551593653,False,-1.6556878929227423,13.04923890580649,2.1919480879780053
P00107,6892.3637872378295,False,-1.3291233622680778,13.081511186668195,2.1919480879780053
P00107,6907.112058539128,False,-0.9898506849864646,12.974574059992506,2.1919480879780053
P00107,6921.860329840428,False,-0.6368452440466683,12.738253580599633,2.1919480879780053
P00107,6936.608601141727,False,-0.2689539212998824,12.39242016945694,2.1919480879780053
P00107,6951.356872443026,True,0.11512720594339498,11.962024215735497,2.1919480879780053
P00107,6966.105143744326,True,0.5168801952764284,11.47225286257813,2.1919480879780053
P00107,6980.853415045624,True,0.9379990097999098,10.945285088385006,2.1919480879780053
P00107,6995.601686346924,True,1.3804316246648938,10.398881625869109,2.1919480879780053
P00107,7010.349957648224,True,1.8464330427564164,9.846302576102872,2.1919480879780053
P00107,7025.098228949522,True,2.33863275885426,9.296911553777463,2.1919480879780053
P00107,7039.846500250822,True,2.860121608755634,8.756997661201666,2.1919480879780053
P00107,7054.5947715521215,True,3.4145649941260814,8.230562354862982,2.1919480879780053
P00107,7069.34304285342,True,4.006352544346015,7.71997147597375,2.1919480879780053
P00107,7084.09131415472,True,4.640798949715773,7.226455447901017,2.1919480879780053
P00107,7098.8395854560185,True,5.324417941914959,6.750475803085777,2.1919480879780053
P00107,7113.587856757318,True,6.065302825161652,6.291986088247199,2.1919480879780053
P00107,7128.336128058618,True,16.87366528828261,5.850614011152942,2.1919480879780053
P00107,7143.0843993599165,True,17.762613944734852,,
P00107,7157.832670661216,True,18.74930209850494,,
P00107,7172.580941962516,True,19.85664887635268,,
P00107,7187.329213263814,True,21.115935757385813,,
P00107,7202.077484565114,True,22.57061086590764,,
P00107,7216.825755866414,True,24.281005578061368,,
P00107,7231.574027167712,True,26.324973358481373,,
P00107,7246.322298469012,True,28.76090863140719,,
P00107,7261.070569770311,True,31.367920758125223,,
P00107,7275.81884107161,True,32.7598396645181,,
P00107,7275.81884107161,True,32.7598396645181,,
P00107,7289.504909322478,True,33.85863438117002,,
P00107,7303.190977573347,True,35.11683955789347,,
P00107,7316.877045824214,True,36.58868754837127,,
P00107,7330.563114075082,True,38.361874057396534,,
P00107,7344.249182325951,True,40.59240679739571,,
P00107,7357.935250576818,True,43.60138968771983,,
P00107,7371.621318827686,True,48.243424581304126,,
P00107,7385.307387078555,True,58.89073362636651,,
P00107,7398.993455329422,True,55.92517525248826,,
P00272,2511.0,True,55.92517525248826,,
P00272,2525.232339816623,True,54.826398569449964,,
P00272,2539.4646796332463,True,45.635011939631866,,
P00272,2553.69701944987,True,41.26997978254613,,
P00272,2567.929359266493,True,38.37843506593953,0.33221476498849256,0.3138012759656732
P00272,2582.161699083116,True,36.212824763849554,0.33645676802399294,0.3138012759656732
P00272,2596.3940388997394,True,34.48083495583843,0.34026732599069476,0.3138012759656732
P00272,2610.626378716363,True,33.03745467566071,0.3436452988450469,0.3138012759656732
P00272,2624.858718532986,True,31.800098386360844,0.3465896740099055,0.3138012759656732
P00272,2639.0910583496093,True,30.717231343301734,0.34909956738205494,0.3138012759656732
P00272,2639.0910583496093,True,30.717231343301734,0.34909956738205494,0.3138012759656732
P00272,2653.622558022646,True,29.821076520763214,0.5906357074947977,0.3138012759656732
P00272,2668.1540576956827,True,27.891653799931362,0.8382438528529548,0.3138012759656732
P00272,2682.6855573687194,True,25.856326008165425,1.0921792733106201,0.3138012759656732
P00272,2697.217057041756,True,24.027010104869433,1.3527066256708622,0.3138012759656732
P00272,2711.748556714793,True,22.437468485801105,1.6200989696586987,0.3138012759656732
P00272,2726.2800563878295,True,21.055673891800012,1.8946362493596212,0.3138012759656732
P00272,2740.811556060866,True,19.843135965110577,2.176603064379748,0.3138012759656732
P00272,2755.343055733903,True,18.76735396040003,2.466285500919426,0.3138012759656732
P00272,2769.8745554069396,True,17.802893039966733,2.7639667225865026,0.3138012759656732
P00272,2784.4060550799763,True,16.930147439063575,3.0699209292575915,0.3138012759656732
P00272,2798.937554753013,True,16.133941512753054,3.3844051741064476,0.3138012759656732
P00272,2813.4690544260498,True,15.402400821542159,3.7076483769287876,0.3138012759656732
P00272,2828.0005540990865,True,14.72611386013972,4.039836678590703,0.3138012759656732
P00272,2842.5320537721236,True,14.09752347988885,4.38109403914072,0.3138012759656732
P00272,2857.0635534451603,True,13.510485588266661,4.7314566849090625,0.3138012759656732
P00272,2871.595053118197,True,12.95994675802369,5.090839657812495,0.3138012759656732
P00272,2886.1265527912337,True,12.441706108233518,5.458993325470502,0.3138012759656732
P00272,2900.6580524642704,True,11.952237264708558,5.8354473116855985,0.3138012759656732
P00272,2915.189552137307,True,11.488553577319891,6.219438987693707,0.3138012759656732
P00272,2929.721051810344,True,11.048104842199905,6.6098235899088,0.3138012759656732
P00272,2944.2525514833806,True,10.628697246140447,7.004963493057986,0.3138012759656732
P00272,2958.7840511564173,True,10.228430632596854,7.402595652889303,0.3138012759656732
P00272,2973.315550829454,True,9.845648837536984,7.7996794712580595,0.3138012759656732
P00272,2987.8470505024907,False,-0.5211000042769314,8.192233306371435,0.3138012759656732
P00272,3002.3785501755274,False,-0.8730954675247915,8.57517759890139,0.3138012759656732
P00272,3016.910049848564,False,-1.2114708620936199,8.94221667037371,0.3138012759656732
P00272,3016.910049848564,False,-1.2114708620936199,8.94221667037371,0.3138012759656732
P00272,3029.9879038524705,False,-1.2066923597081,8.928616119827325,0.3138012759656732
P00272,3043.0657578563764,False,-1.2023583492332932,8.913218935703654,0.3138012759656732
P00272,3056.143611860283,False,-1.1984701676494751,8.896044314270156,0.3138012759656732
P00272,3069.2214658641888,False,-1.1950290170591416,8.877113480765644,0.3138012759656732
P00272,3082.299319868095,False,-1.1920359634548134,8.856449604250713,0.3138012759656732
P00272,3082.299319868095,False,-1.1920359634548134,8.856449604250713,0.3138012759656732
P00272,3097.299319868095,False,-1.1920359634548134,8.856449604250713,0.3138012759656732
P00272,3112.299319868095,False,-1.1920359634548134,8.856449604250713,0.3138012759656732
P00272,3127.299319868095,False,-1.1920359634548134,8.856449604250713,0.3138012759656732
P00272,3142.299319868095,False,-1.1920359634548134,8.856449604250713,0.3138012759656732
P00272,3157.299319868095,False,-1.1920359634548134,8.856449604250713,0.3138012759656732
P00272,3172.299319868095,False,-1.1920359634548134,8.856449604250713,0.3138012759656732
P00272,3187.299319868095,False,-1.1920359634548134,8.856449604250713,0.3138012759656732
P00272,3202.299319868095,False,-1.1920359634548134,8.856449604250713,0.3138012759656732
P00272,3217.299319868095,False,-1.1920359634548134,8.856449604250713,0.3138012759656732
P00272,3232.299319868095,False,-1.1920359634548134,8.856449604250713,0.3138012759656732
P00272,3247.299319868095,False,-1.1920359634548134,8.856449604250713,0.3138012759656732
P00272,3262.299319868095,False,-1.1920359634548134,8.856449604250713,0.3138012759656732
P00272,3262.299319868095,False,-1.1920359634548134,8.856449604250713,0.3138012759656732
P00272,3275.9220844554975,False,-1.1958473349177297,8.882009599346006,0.3138012759656732
P00272,3289.5448490429,False,-1.2003584515223054,8.904852524662147,0.3138012759656732
P00272,3303.167613630302,False,-1.205567131454302,8.924934543775109,0.3138012759656732
P00272,3316.7903782177045,False,-1.2114708620936199,8.94221667037371,0.3138012759656732
P00272,3316.7903782177045,False,-1.2114708620936199,8.94221667037371,0.3138012759656732
P00272,3331.3218778907412,False,-0.8730954675247915,8.57517759890139,0.3138012759656732
P00272,3345.853377563778,False,-0.5211000042769314,8.192233306371435,0.3138012759656732
P00272,3360.3848772368146,True,9.845648837536984,7.7996794712580595,0.3138012759656732
P00272,3374.9163769098514,True,10.228430632596854,7.402595652889303,0.3138012759656732
P00272,3389.447876582888,True,10.628697246140447,7.004963493057986,0.3138012759656732
P00272,3403.9793762559248,True,11.048104842199905,6.6098235899088,0.3138012759656732
P00272,3418.5108759289615,True,11.488553577319891,6.219438987693707,0.3138012759656732
P00272,3433.042375601998,True,11.952237264708558,5.8354473116855985,0.3138012759656732
P00272,3447.573875275035,True,12.441706108233518,5.458993325470502,0.3138012759656732
P00272,3462.1053749480716,True,12.95994675802369,5.090839657812495,0.3138012759656732
P00272,3476.6368746211083,True,13.510485588266661,4.7314566849090625,0.3138012759656732
P00272,3491.168374294145,True,14.09752347988885,4.38109403914072,0.3138012759656732
P00272,3505.6998739671817,True,14.726113860139051,4.039836678591371,0.3138012759656732
P00272,3520.231373640219,True,15.402400821542159,3.7076483769287876,0.3138012759656732
P00272,3534.7628733132556,True,16.133941512753054,3.3844051741064476,0.3138012759656732
P00272,3549.2943729862923,True,16.930147439063575,3.0699209292575915,0.3138012759656732
P00272,3563.825872659329,True,17.802893039966733,2.7639667225865026,0.3138012759656732
P00272,3578.3573723323657,True,18.76735396040003,2.466285500919426,0.3138012759656732
P00272,3592.8888720054024,True,19.843135965110577,2.176603064379748,0.3138012759656732
P00272,3607.420371678439,True,21.055673891800012,1.8946362493596212,0.3138012759656732
P00272,3621.951871351476,True,22.437468485801105,1.6200989696586987,0.3138012759656732
P00272,3636.4833710245125,True,24.027010104869433,1.3527066256708622,0.3138012759656732
P00272,3651.014870697549,True,25.856326008165425,,
P00272,3665.546370370586,True,27.891653799931362,,
P00272,3680.0778700436226,True,29.821076520763214,,
P00272,3694.6093697166593,True,30.717231343301734,,
P00272,3694.6093697166593,True,30.717231343301734,,
P00272,3708.582939718435,True,31.592905321533223,,
P00272,3722.5565097202107,True,32.566861945491866,,
P00272,3736.530079721986,True,33.66398526244599,,
P00272,3750.5036497237616,True,34.91999847359368,,
P00272,3764.4772197255375,True,36.38884587465691,,
P00272,3778.450789727313,True,38.15767451304703,,
P00272,3792.424359729089,True,40.38130201409322,,
P00272,3806.3979297308642,True,43.37767631157206,,
P00272,3820.3714997326397,True,47.989362274794786,,
P00272,3834.3450697344156,True,58.462295844833434,,
P00272,3848.318639736191,True,55.92517525248826,,
P00275,5133.0,True,55.92517525248826,,
P00275,5147.232339816624,True,54.82639856944951,,
P00275,5161.464679633246,True,45.63501193963191,,
P00275,5175.69701944987,True,41.26997978254616,,
P00275,5189.9293592664935,True,38.3784350659395,,
P00275,5204.161699083116,True,36.212824763849596,,
P00275,5218.39403889974,True,34.48083495583842,,
P00275,5232.626378716363,True,33.03745467566071,,
P00275,5246.858718532986,True,31.800098386360872,,
P00275,5261.09105834961,True,30.717231343301734,,
P00275,5261.09105834961,True,30.717231343301734,,
P00275,5275.622558022646,True,29.821076520763214,,
P00275,5290.154057695683,True,27.891653799931362,,
P00275,5304.68555736872,True,25.856326008165425,,
P00275,5319.217057041757,True,24.027010104869433,,
P00275,5333.748556714793,True,22.437468485801105,,
P00275,5348.28005638783,True,21.055673891800012,,
P00275,5362.811556060867,True,19.843135965110577,,
P00275,5377.343055733903,True,18.76735396040003,,
P00275,5391.87455540694,True,17.802893039966733,,
P00275,5406.406055079977,True,16.930147439063575,,
P00275,5420.9375547530135,True,16.133941512753054,,
P00275,5435.46905442605,True,15.402400821542159,,
P00275,5450.000554099087,True,14.726113860139051,,
P00275,5464.532053772124,True,14.09752347988885,,
P00275,5479.06355344516,True,13.510485588266661,,
P00275,5493.595053118197,True,12.95994675802369,,
P00275,5508.126552791234,True,12.441706108233518,,
P00275,5522.65805246427,True,11.952237264708558,,
P00275,5537.189552137307,True,11.488553577319891,,
P00275,5551.721051810344,True,11.048104842199905,,
P00275,5566.252551483381,True,10.628697246140447,3.295851754823346,8.79982038702893
P00275,5580.784051156417,True,10.228430632596854,3.5131287595446565,8.79982038702893
P00275,5595.315550829454,True,9.845648837536984,3.7259840404407356,8.79982038702893
P00275,5609.847050502491,False,-0.5211000042769314,3.9331680529542723,8.79982038702893
P00275,5624.378550175527,False,-0.8730954675247915,4.133303221035163,8.79982038702893
P00275,5638.910049848564,False,-1.2114708620936199,4.324891010960414,8.79982038702893
P00275,5638.910049848564,False,-1.2114708620936199,4.324891010960414,8.79982038702893
P00275,5651.9879038524705,False,-1.2066923597081,4.314333889021398,8.79982038702893
P00275,5665.065757856377,False,-1.2023583492332932,4.303166249058123,8.79982038702893
P00275,5678.143611860282,False,-1.1984701676494751,4.291392855912292,8.79982038702893
P00275,5691.221465864189,False,-1.1950290170591416,4.2790187018792665,8.79982038702893
P00275,5704.299319868095,False,-1.1920359634548134,4.266048999899738,8.79982038702893
P00275,5704.299319868095,False,-1.1920359634548134,4.266048999899738,8.79982038702893
P00275,5719.299319868095,False,-1.1920359634548134,4.266048999899738,8.79982038702893
P00275,5734.299319868095,False,-1.1920359634548134,4.266048999899738,8.79982038702893
P00275,5749.299319868095,False,-1.1920359634548134,4.266048999899738,8.79982038702893
P00275,5764.299319868095,False,-1.1920359634548134,4.266048999899738,8.79982038702893
P00275,5779.299319868095,False,-1.1920359634548134,4.266048999899738,8.79982038702893
P00275,5794.299319868095,False,-1.1920359634548134,4.266048999899738,8.79982038702893
P00275,5809.299319868095,False,-1.1920359634548134,4.266048999899738,8.79982038702893
P00275,5824.299319868095,False,-1.1920359634548134,4.266048999899738,8.79982038702893
P00275,5839.299319868095,False,-1.1920359634548134,4.266048999899738,8.79982038702893
P00275,5854.299319868095,False,-1.1920359634548134,4.266048999899738,8.79982038702893
P00275,5869.299319868095,False,-1.1920359634548134,4.266048999899738,8.79982038702893
P00275,5884.299319868095,False,-1.1920359634548134,4.266048999899738,8.79982038702893
P00275,5884.299319868095,False,-1.1920359634548134,4.266048999899738,8.79982038702893
P00275,5897.9220844554975,False,-1.1958473349177297,4.282168280343441,8.79982038702893
P00275,5911.5448490429,False,-1.2003584515223054,4.297354964866884,8.79982038702893
P00275,5925.167613630302,False,-1.205567131454302,4.3115990329184655,8.79982038702893
P00275,5938.7903782177045,False,-1.2114708620936199,4.324891010960414,8.79982038702893
P00275,5938.7903782177045,False,-1.2114708620936199,4.324891010960414,8.79982038702893
P00275,5953.321877890741,False,-0.8730954675247915,4.133303221035163,8.79982038702893
P00275,5967.853377563778,False,-0.5211000042769314,3.9331680529542723,8.79982038702893
P00275,5982.384877236815,True,9.845648837536984,3.7259840404407356,8.79982038702893
P00275,5996.916376909851,True,10.228430632596854,3.5131287595446565,8.79982038702893
P00275,6011.447876582888,True,10.628697246140447,3.295851754823346,8.79982038702893
P00275,6025.979376255925,True,11.048104842199905,3.0752730967145396,8.79982038702893
P00275,6040.5108759289615,True,11.488553577319891,2.8523862142317853,8.79982038702893
P00275,6055.042375601998,True,11.952237264708558,2.6280637794080093,8.79982038702893
P00275,6069.573875275035,True,12.441706108233518,2.4030656036705125,8.79982038702893
P00275,6084.105374948072,True,12.95994675802369,2.1780477057078116,8.79982038702893
P00275,6098.636874621108,True,13.510485588266661,1.9535719017448514,8.79982038702893
P00275,6113.168374294145,True,14.09752347988885,1.7301154393030629,8.79982038702893
P00275,6127.699873967182,True,14.726113860139051,1.508080338410565,8.79982038702893
P00275,6142.231373640218,True,15.402400821542159,1.2878022190167826,8.79982038702893
P00275,6156.762873313255,True,16.133941512753054,1.0695584820644086,8.79982038702893
P00275,6171.294372986292,True,16.930147439063575,0.8535757777194988,8.79982038702893
P00275,6185.8258726593285,True,17.802893039966733,0.640036741651528,8.79982038702893
P00275,6200.357372332365,True,18.76735396040003,0.4290860128355689,8.79982038702893
P00275,6214.888872005402,True,19.843135965110577,0.22083556750301625,8.79982038702893
P00275,6229.420371678439,True,21.055673891800012,0.015369416603022046,8.79982038702893
P00275,6243.951871351475,True,22.437468485801105,-0.1872522792993152,8.79982038702893
P00275,6258.483371024512,True,24.027010104869433,-0.386989621521451,8.79982038702893
P00275,6273.014870697549,True,25.856326008165425,-0.5838198555678105,8.79982038702893
P00275,6287.5463703705855,True,27.891653799931362,-0.7777346711858399,8.79982038702893
P00275,6302.077870043622,True,29.821076520763214,-0.9687378706889263,8.79982038702893
P00275,6316.609369716659,True,30.717231343301734,-1.1568433602350439,8.79982038702893
P00275,6316.609369716659,True,30.717231343301734,-1.1568433602350439,8.79982038702893
P00275,6330.582939718434,True,31.592905321533223,-1.1600452723139085,8.79982038702893
P00275,6344.55650972021,True,32.56686194549184,-1.1634510767983102,8.79982038702893
P00275,6358.530079721986,True,33.66398526244603,-1.167060292484578,8.79982038702893
P00275,6372.503649723762,True,34.91999847359372,-1.1708724103904729,8.79982038702893
P00275,6386.477219725537,True,36.38884587465691,-1.1748868939921095,8.79982038702893
P00275,6400.450789727312,True,38.15767451304703,-1.1791031794728752,8.79982038702893
P00275,6414.424359729088,True,40.38130201409314,-1.1835206759841412,8.79982038702893
P00275,6428.397929730863,True,43.377676311571946,-1.1881387659174436,8.79982038702893
P00275,6442.37149973264,True,47.989362274795,-1.1929568051881176,8.79982038702893
P00275,6456.345069734415,True,58.462295844833434,-1.1979741235297752,8.79982038702893
P00275,6470.318639736191,True,55.92517525248826,-11.203190024799554,8.79982038702893
P00278,5133.0,True,55.92517525248826,,
P00278,5147.232339816624,True,54.82639856944951,,
P00278,5161.464679633246,True,45.63501193963191,,
P00278,5175.69701944987,True,41.26997978254616,,
P00278,5189.9293592664935,True,38.3784350659395,,
P00278,5204.161699083116,True,36.212824763849596,,
P00278,5218.39403889974,True,34.48083495583842,,
P00278,5232.626378716363,True,33.03745467566071,,
P00278,5246.858718532986,True,31.800098386360872,,
P00278,5261.09105834961,True,30.717231343301734,,
P00278,5261.09105834961,True,30.717231343301734,,
P00278,5275.622558022646,True,29.821076520763214,,
P00278,5290.154057695683,True,27.891653799931362,,
P00278,5304.68555736872,True,25.856326008165425,,
P00278,5319.217057041757,True,24.027010104869433,,
P00278,5333.748556714793,True,22.437468485801105,,
P00278,5348.28005638783,True,21.055673891800012,,
P00278,5362.811556060867,True,19.843135965110577,,
P00278,5377.343055733903,True,18.76735396040003,,
P00278,5391.87455540694,True,17.802893039966733,,
P00278,5406.406055079977,True,16.930147439063575,,
P00278,5420.9375547530135,True,16.133941512753054,,
P00278,5435.46905442605,True,15.402400821542159,,
P00278,5450.000554099087,True,14.726113860139051,,
P00278,5464.532053772124,True,14.09752347988885,,
P00278,5479.06355344516,True,13.510485588266661,,
P00278,5493.595053118197,True,12.95994675802369,,
P00278,5508.126552791234,True,12.441706108233518,,
P00278,5522.65805246427,True,11.952237264708558,,
P00278,5537.189552137307,True,11.488553577319891,,
P00278,5551.721051810344,True,11.048104842199905,,
P00278,5566.252551483381,True,10.628697246140447,3.295851754823346,8.79982038702893
P00278,5580.784051156417,True,10.228430632596854,3.5131287595446565,8.79982038702893
P00278,5595.315550829454,True,9.845648837536984,3.7259840404407356,8.79982038702893
P00278,5609.847050502491,False,-0.5211000042769314,3.9331680529542723,8.79982038702893
P00278,5624.378550175527,False,-0.8730954675247915,4.133303221035163,8.79982038702893
P00278,5638.910049848564,False,-1.2114708620936199,4.324891010960414,8.79982038702893
P00278,5638.910049848564,False,-1.2114708620936199,4.324891010960414,8.79982038702893
P00278,5651.9879038524705,False,-1.2066923597081,4.314333889021398,8.79982038702893
P00278,5665.065757856377,False,-1.2023583492332932,4.303166249058123,8.79982038702893
P00278,5678.143611860282,False,-1.1984701676494751,4.291392855912292,8.79982038702893
P00278,5691.221465864189,False,-1.1950290170591416,4.2790187018792665,8.79982038702893
P00278,5704.299319868095,False,-1.1920359634548134,4.266048999899738,8.79982038702893
P00278,5704.299319868095,False,-1.1920359634548134,4.266048999899738,8.79982038702893
P00278,5719.299319868095,False,-1.1920359634548134,4.266048999899738,8.79982038702893
P00278,5734.299319868095,False,-1.1920359634548134,4.266048999899738,8.79982038702893
P00278,5749.299319868095,False,-1.1920359634548134,4.266048999899738,8.79982038702893
P00278,5764.299319868095,False,-1.1920359634548134,4.266048999899738,8.79982038702893
P00278,5779.299319868095,False,-1.1920359634548134,4.266048999899738,8.79982038702893
P00278,5794.299319868095,False,-1.1920359634548134,4.266048999899738,8.79982038702893
P00278,5809.299319868095,False,-1.1920359634548134,4.266048999899738,8.79982038702893
P00278,5824.299319868095,False,-1.1920359634548134,4.266048999899738,8.79982038702893
P00278,5839.299319868095,False,-1.1920359634548134,4.266048999899738,8.79982038702893
P00278,5854.299319868095,False,-1.1920359634548134,4.266048999899738,8.79982038702893
P00278,5869.299319868095,False,-1.1920359634548134,4.266048999899738,8.79982038702893
P00278,5884.299319868095,False,-1.1920359634548134,4.266048999899738,8.79982038702893
P00278,5884.299319868095,False,-1.1920359634548134,4.266048999899738,8.79982038702893
P00278,5897.9220844554975,False,-1.1958473349177297,4.282168280343441,8.79982038702893
P00278,5911.5448490429,False,-1.2003584515223054,4.297354964866884,8.79982038702893
P00278,5925.167613630302,False,-1.205567131454302,4.3115990329184655,8.79982038702893
P00278,5938.7903782177045,False,-1.2114708620936199,4.324891010960414,8.79982038702893
P00278,5938.7903782177045,False,-1.2114708620936199,4.324891010960414,8.79982038702893
P00278,5953.321877890741,False,-0.8730954675247915,4.133303221035163,8.79982038702893
P00278,5967.853377563778,False,-0.5211000042769314,3.9331680529542723,8.79982038702893
P00278,5982.384877236815,True,9.845648837536984,3.7259840404407356,8.79982038702893
P00278,5996.916376909851,True,10.228430632596854,3.5131287595446565,8.79982038702893
P00278,6011.447876582888,True,10.628697246140447,3.295851754823346,8.79982038702893
P00278,6025.979376255925,True,11.048104842199905,3.0752730967145396,8.79982038702893
P00278,6040.5108759289615,True,11.488553577319891,2.8523862142317853,8.79982038702893
P00278,6055.042375601998,True,11.952237264708558,2.6280637794080093,8.79982038702893
P00278,6069.573875275035,True,12.441706108233518,2.4030656036705125,8.79982038702893
P00278,6084.105374948072,True,12.95994675802369,2.1780477057078116,8.79982038702893
P00278,6098.636874621108,True,13.510485588266661,1.9535719017448514,8.79982038702893
P00278,6113.168374294145,True,14.09752347988885,1.7301154393030629,8.79982038702893
P00278,6127.699873967182,True,14.726113860139051,1.508080338410565,8.79982038702893
P00278,6142.231373640218,True,15.402400821542159,1.2878022190167826,8.79982038702893
P00278,6156.762873313255,True,16.133941512753054,1.0695584820644086,8.79982038702893
P00278,6171.294372986292,True,16.930147439063575,0.8535757777194988,8.79982038702893
P00278,6185.8258726593285,True,17.802893039966733,0.640036741651528,8.79982038702893
P00278,6200.357372332365,True,18.76735396040003,0.4290860128355689,8.79982038702893
P00278,6214.888872005402,True,19.843135965110577,0.22083556750301625,8.79982038702893
P00278,6229.420371678439,True,21.055673891800012,0.015369416603022046,8.79982038702893
P00278,6243.951871351475,True,22.437468485801105,-0.1872522792993152,8.79982038702893
P00278,6258.483371024512,True,24.027010104869433,-0.386989621521451,8.79982038702893
P00278,6273.014870697549,True,25.856326008165425,-0.5838198555678105,8.79982038702893
P00278,6287.5463703705855,True,27.891653799931362,-0.7777346711858399,8.79982038702893
P00278,6302.077870043622,True,29.821076520763214,-0.9687378706889263,8.79982038702893
P00278,6316.609369716659,True,30.717231343301734,-1.1568433602350439,8.79982038702893
P00278,6316.609369716659,True,30.717231343301734,-1.1568433602350439,8.79982038702893
P00278,6330.582939718434,True,31.592905321533223,-1.1600452723139085,8.79982038702893
P00278,6344.55650972021,True,32.56686194549184,-1.1634510767983102,8.79982038702893
P00278,6358.530079721986,True,33.66398526244603,-1.167060292484578,8.79982038702893
P00278,6372.503649723762,True,34.91999847359372,-1.1708724103904729,8.79982038702893
P00278,6386.477219725537,True,36.38884587465691,-1.1748868939921095,8.79982038702893
P00278,6400.450789727312,True,38.15767451304703,-1.1791031794728752,8.79982038702893
P00278,6414.424359729088,True,40.38130201409314,-1.1835206759841412,8.79982038702893
P00278,6428.397929730863,True,43.377676311571946,-1.1881387659174436,8.79982038702893
P00278,6442.37149973264,True,47.989362274795,-1.1929568051881176,8.79982038702893
P00278,6456.345069734415,True,58.462295844833434,-1.1979741235297752,8.79982038702893
P00278,6470.318639736191,True,55.92517525248826,-11.203190024799554,8.79982038702893
