运输架次编号,通信阶段,开始时刻（s）,结束时刻（s）,保障方式,中继架次编号,直连路径损耗（dB）,直连门限（dB）
P00137,leg1-climb,330.0,339.6904406738281,直连,,54.80497750786803,122.0
P00146,leg1-climb,330.0,339.6904406738281,直连,,54.80497750786803,122.0
P00137,leg1-climb,339.6904406738281,349.38088134765627,直连,,67.51503459175112,122.0
P00146,leg1-climb,339.6904406738281,349.38088134765627,直连,,67.51503459175112,122.0
P00137,leg1-climb,349.38088134765627,359.0713220214844,直连,,74.48686069242545,122.0
P00146,leg1-climb,349.38088134765627,359.0713220214844,直连,,74.48686069242545,122.0
P00137,leg1-climb,359.0713220214844,368.76176269531254,直连,,78.30394043774606,122.0
P00146,leg1-climb,359.0713220214844,368.76176269531254,直连,,78.30394043774606,122.0
P00137,leg1-climb,368.76176269531254,378.45220336914065,直连,,80.94666213903065,122.0
P00146,leg1-climb,368.76176269531254,378.45220336914065,直连,,80.94666213903065,122.0
P00137,leg1-cruise,378.45220336914065,388.2708294149384,直连,,82.88383902694989,122.0
P00146,leg1-cruise,378.45220336914065,388.2708294149384,直连,,82.88383902694989,122.0
P00107,leg1-climb,383.0,392.04939412434896,直连,,56.2129160027533,122.0
P00137,leg1-cruise,388.2708294149384,398.0894554607362,直连,,86.77063365844988,122.0
P00146,leg1-cruise,388.2708294149384,398.0894554607362,直连,,86.77063365844988,122.0
P00024,leg1-climb,390.0,399.6718205769857,直连,,54.84926104563459,122.0
P00107,leg1-climb,392.04939412434896,401.09878824869793,直连,,66.38297288678419,122.0
P00137,leg1-cruise,398.0894554607362,407.90808150653396,直连,,90.16068595088801,122.0
P00146,leg1-cruise,398.0894554607362,407.90808150653396,直连,,90.16068595088801,122.0
P00024,leg1-climb,399.6718205769857,409.34364115397136,直连,,67.48415012187199,122.0
P00107,leg1-climb,401.09878824869793,410.1481823730469,直连,,73.65557611128986,122.0
P00137,leg1-cruise,407.90808150653396,417.72670755233173,直连,,92.74417043864779,122.0
P00146,leg1-cruise,407.90808150653396,417.72670755233173,直连,,92.74417043864779,122.0
P00024,leg1-climb,409.34364115397136,419.01546173095704,直连,,74.46380373438195,122.0
P00107,leg1-climb,410.1481823730469,419.19757649739586,直连,,77.55760837078127,122.0
P00137,leg1-cruise,417.72670755233173,427.5453335981295,直连,,94.77944721369933,122.0
P00146,leg1-cruise,417.72670755233173,427.5453335981295,直连,,94.77944721369933,122.0
P00024,leg1-climb,419.01546173095704,428.6872823079427,直连,,78.283142532026,122.0
P00107,leg1-climb,419.19757649739586,428.2469706217448,直连,,80.24042241053876,122.0
P00137,leg1-cruise,427.5453335981295,437.3639596439273,直连,,96.44576962711744,122.0
P00146,leg1-cruise,427.5453335981295,437.3639596439273,直连,,96.44576962711744,122.0
P00057,leg1-climb,428.0,437.8531583345853,直连,,54.40807167059783,122.0
P00107,leg1-climb,428.2469706217448,437.29636474609373,直连,,82.2872031221879,122.0
P00024,leg1-climb,428.6872823079427,438.3591028849284,直连,,80.92693785901753,122.0
P00107,leg1-climb,437.29636474609373,446.3457588704427,直连,,83.94246818974946,122.0
P00137,leg1-cruise,437.3639596439273,447.1825856897251,直连,,97.8520566432842,122.0
P00146,leg1-cruise,437.3639596439273,447.1825856897251,直连,,97.8520566432842,122.0
P00057,leg1-climb,437.8531583345853,447.7063166691707,直连,,67.78035528500507,122.0
P00024,leg1-climb,438.3591028849284,448.0309234619141,直连,,82.95100231144117,122.0
P00107,leg1-climb,446.3457588704427,455.39515299479166,直连,,85.33221615138905,122.0
P00020,leg1-climb,447.0,456.5200331624349,直连,,55.20206987342256,122.0
P00137,leg1-cruise,447.1825856897251,457.0012117355228,直连,,99.06671421641943,122.0
P00146,leg1-cruise,447.1825856897251,457.0012117355228,直连,,99.06671421641943,122.0
P00057,leg1-climb,447.7063166691707,457.559475003756,直连,,74.68578862985206,122.0
P00024,leg1-climb,448.0309234619141,457.70274403889977,直连,,84.59140206329432,122.0
P00107,leg1-climb,455.39515299479166,464.4445471191406,直连,,86.52997009376686,122.0
P00020,leg1-climb,456.5200331624349,466.0400663248698,直连,,67.22820357699511,122.0
P00137,leg1-cruise,457.0012117355228,466.81983778132064,直连,,100.13484872048119,122.0
P00146,leg1-cruise,457.0012117355228,466.81983778132064,直连,,100.13484872048119,122.0
P00057,leg1-climb,457.559475003756,467.4126333383414,直连,,78.48360120781685,122.0
P00024,leg1-climb,457.70274403889977,467.37456461588545,直连,,85.9706652946353,122.0
P00107,leg1-climb,464.4445471191406,473.4939412434896,直连,,87.58239599079008,122.0
P00020,leg1-climb,466.0400663248698,475.5600994873047,直连,,74.27352924398483,122.0
P00137,leg1-cruise,466.81983778132064,476.6384638271184,直连,,101.08755538491656,122.0
P00146,leg1-cruise,466.81983778132064,476.6384638271184,直连,,101.08755538491656,122.0
P00024,leg1-climb,467.37456461588545,477.0463851928711,直连,,87.16062741373639,122.0
P00057,leg1-climb,467.4126333383414,477.2657916729267,直连,,81.11714932841986,122.0
P00107,leg1-cruise,473.4939412434896,478.4142380981743,直连,,88.12380432370699,122.0
P00020,leg1-climb,475.5600994873047,485.0801326497396,直连,,78.11171836792278,122.0
P00137,leg1-cruise,476.6384638271184,486.4570898729162,直连,,101.94709420372484,122.0
P00146,leg1-cruise,476.6384638271184,486.4570898729162,直连,,101.94709420372484,122.0
P00024,leg1-climb,477.0463851928711,486.7182057698568,直连,,88.20703498957403,122.0
P00057,leg1-climb,477.2657916729267,487.118950007512,直连,,83.1352211364492,122.0
P00107,leg1-cruise,478.4142380981743,483.334534952859,直连,,88.57217993310326,122.0
P00011,leg1-climb,480.0,489.53591357421874,直连,,58.20256818211547,122.0
P00107,leg1-cruise,483.334534952859,488.25483180754367,直连,,89.35015528216078,122.0
P00020,leg1-climb,485.0801326497396,494.6001658121745,直连,,80.76445636907572,122.0
P00137,leg1-cruise,486.4570898729162,496.27571591871396,直连,,102.72991147153638,122.0
P00146,leg1-cruise,486.4570898729162,496.27571591871396,直连,,102.72991147153638,122.0
P00024,leg1-climb,486.7182057698568,496.3900263468425,直连,,89.14082538467477,122.0
P00057,leg1-climb,487.118950007512,496.9721083420974,直连,,84.77168861744347,122.0
P00107,leg1-cruise,488.25483180754367,493.17512866222836,直连,,90.30537218151284,122.0
P00011,leg1-climb,489.53591357421874,499.0718271484375,直连,,64.0051704744007,122.0
P00107,leg1-cruise,493.17512866222836,498.0954255169131,直连,,91.32026792635504,122.0
P00020,leg1-climb,494.6001658121745,504.1201989746094,直连,,82.79374142065463,122.0
P00137,leg1-cruise,496.27571591871396,506.0943419645117,直连,,103.44848484892461,122.0
P00146,leg1-cruise,496.27571591871396,506.0943419645117,直连,,103.44848484892461,122.0
P00024,leg1-climb,496.3900263468425,506.06184692382817,直连,,89.98390077552928,122.0
P00057,leg1-climb,496.9721083420974,506.8252666766827,直连,,86.1481732358717,122.0
P00107,leg1-cruise,498.0954255169131,503.0157223715978,直连,,92.32565800233198,122.0
P00011,leg1-climb,499.0718271484375,508.6077407226563,直连,,72.0080100726417,122.0
P00107,leg1-cruise,503.0157223715978,507.9360192262825,直连,,93.28776157618421,122.0
P00020,leg1-climb,504.1201989746094,513.6402321370443,直连,,84.43756318095366,122.0
P00024,leg1-climb,506.06184692382817,515.7336675008139,直连,,90.7523363876894,122.0
P00137,leg1-cruise,506.0943419645117,515.9129680103094,直连,,104.11249625163042,122.0
P00146,leg1-cruise,506.0943419645117,515.9129680103094,直连,,104.11249625163042,122.0
P00057,leg1-climb,506.8252666766827,516.678425011268,直连,,87.33606765300618,122.0
P00107,leg1-cruise,507.9360192262825,512.8563160809672,直连,,94.19326225080984,122.0
P00011,leg1-climb,508.6077407226563,518.143654296875,直连,,76.10138478115555,122.0
P00107,leg1-cruise,512.8563160809672,517.7766129356519,直连,,95.03932292083138,122.0
P00020,leg1-climb,513.6402321370443,523.1602652994792,直连,,85.81924271851256,122.0
P00024,leg1-climb,515.7336675008139,525.4054880777995,直连,,91.45828013518559,122.0
P00137,leg1-cruise,515.9129680103094,525.7315940561073,直连,,114.72960412724932,122.0
P00146,leg1-cruise,515.9129680103094,525.7315940561073,直连,,114.72960412724932,122.0
P00057,leg1-climb,516.678425011268,526.5315833458534,直连,,88.3808765504114,122.0
P00107,leg1-cruise,517.7766129356519,522.6969097903366,直连,,95.82801145571483,122.0
P00011,leg1-climb,518.143654296875,527.6795678710937,直连,,78.87242282539997,122.0
P00107,leg1-cruise,522.6969097903366,527.6172066450213,直连,,96.56342995365443,122.0
P00020,leg1-climb,523.1602652994792,532.6802984619142,直连,,87.01100199192072,122.0
P00024,leg1-climb,525.4054880777995,535.0773086547852,直连,,92.11113613912283,122.0
P00137,leg1-cruise,525.7315940561073,535.5502201019051,直连,,115.30596777067473,122.0
P00146,leg1-cruise,525.7315940561073,535.5502201019051,直连,,115.30596777067473,122.0
P00057,leg1-climb,526.5315833458534,536.3847416804388,直连,,89.31339396132414,122.0
P00107,leg1-cruise,527.6172066450213,532.537503499706,直连,,97.2503050852953,122.0
P00011,leg1-climb,527.6795678710937,537.2154814453125,直连,,80.96997659851404,122.0
P00107,leg1-cruise,532.537503499706,537.4578003543907,直连,,97.89332794592443,122.0
P00020,leg1-climb,532.6802984619142,542.200331624349,直连,,88.05879851973764,122.0
P00024,leg1-climb,535.0773086547852,544.7491292317709,直连,,92.7183334879742,122.0
P00137,leg1-cruise,535.5502201019051,545.3688461477028,直连,,115.84661294571715,122.0
P00146,leg1-cruise,535.5502201019051,545.3688461477028,直连,,115.84661294571715,122.0
P00057,leg1-climb,536.3847416804388,546.237900015024,直连,,90.15543173420713,122.0
P00011,leg1-climb,537.2154814453125,546.7513950195313,直连,,82.65823583839473,122.0
P00107,leg1-cruise,537.4578003543907,542.3780972090753,直连,,98.49686866019309,122.0
P00035,leg1-climb,540.0,549.6904406738281,直连,,57.99240565837262,122.0
P00020,leg1-cruise,542.200331624349,547.1240470479707,直连,,88.62198471173477,122.0
P00107,leg1-cruise,542.3780972090753,547.29839406376,直连,,99.06487460405103,122.0
P00024,leg1-cruise,544.7491292317709,549.6238293167884,直连,,93.0360365402118,122.0
P00137,leg1-cruise,545.3688461477028,555.1874721935006,直连,,116.35569290258537,122.0
P00146,leg1-cruise,545.3688461477028,555.1874721935006,直连,,116.35569290258537,122.0
P00057,leg1-climb,546.237900015024,556.0910583496094,直连,,90.92300534208043,122.0
P00011,leg1-climb,546.7513950195313,556.28730859375,直连,,84.07114615995937,122.0
P00020,leg1-cruise,547.1240470479707,552.0477624715925,直连,,89.23552724584604,122.0
P00107,leg1-cruise,547.29839406376,552.2186909184447,直连,,99.60085595401826,122.0
P00024,leg1-cruise,549.6238293167884,554.4985294018059,直连,,93.26368717694945,122.0
P00035,leg1-climb,549.6904406738281,559.3808813476562,直连,,64.31881537331904,122.0
P00020,leg1-cruise,552.0477624715925,556.9714778952143,直连,,90.25126427322756,122.0
P00107,leg1-cruise,552.2186909184447,557.1389877731294,直连,,100.10791038419579,122.0
P00024,leg1-cruise,554.4985294018059,559.3732294868233,直连,,93.68604193512624,122.0
P00137,leg1-cruise,555.1874721935006,565.0060982392984,直连,,116.83667862143926,122.0
P00146,leg1-cruise,555.1874721935006,565.0060982392984,直连,,116.83667862143926,122.0
P00057,leg1-cruise,556.0910583496094,560.9339078556708,直连,,91.3103176355578,122.0
P00011,leg1-climb,556.28730859375,565.8232221679688,直连,,85.2860554619344,122.0
P00020,leg1-cruise,556.9714778952143,561.895193318836,直连,,91.43330448908927,122.0
P00107,leg1-cruise,557.1389877731294,562.0592846278141,直连,,100.58876304448218,122.0
P00024,leg1-cruise,559.3732294868233,564.2479295718408,直连,,94.25130741798029,122.0
P00035,leg1-climb,559.3808813476562,569.0713220214843,直连,,72.21730887279031,122.0
P00057,leg1-cruise,560.9339078556708,565.7767573617322,直连,,91.52463536681064,122.0
P00020,leg1-cruise,561.895193318836,566.8189087424578,直连,,92.63148437054804,122.0
P00107,leg1-cruise,562.0592846278141,566.9795814824988,直连,,101.04581025075291,122.0
P00024,leg1-cruise,564.2479295718408,569.1226296568583,直连,,94.90607201217567,122.0
P00137,leg1-cruise,565.0060982392984,574.8247242850962,直连,,117.29250004795173,122.0
P00146,leg1-cruise,565.0060982392984,574.8247242850962,直连,,117.29250004795173,122.0
P00057,leg1-cruise,565.7767573617322,570.6196068677937,直连,,91.92393369503965,122.0
P00011,leg1-climb,565.8232221679688,575.3591357421875,直连,,86.35169831831641,122.0
P00020,leg1-cruise,566.8189087424578,571.7426241660795,直连,,93.77552481544294,122.0
P00107,leg1-cruise,566.9795814824988,571.8998783371836,直连,,101.48116153564706,122.0
P00035,leg1-climb,569.0713220214843,578.7617626953125,直连,,76.28456620563054,122.0
P00024,leg1-cruise,569.1226296568583,573.9973297418758,直连,,95.60622144255834,122.0
P00057,leg1-cruise,570.6196068677937,575.462456373855,直连,,92.4614863596582,122.0
P00020,leg1-cruise,571.7426241660795,576.6663395897012,直连,,94.84049692442179,122.0
P00107,leg1-cruise,571.8998783371836,576.8201751918683,直连,,101.89667783438875,122.0
P00024,leg1-cruise,573.9973297418758,578.8720298268933,直连,,96.32014220885044,122.0
P00137,leg1-cruise,574.8247242850962,584.6433503308939,直连,,117.72565268316322,122.0
P00146,leg1-cruise,574.8247242850962,584.6433503308939,直连,,117.72565268316322,122.0
P00011,leg1-cruise,575.3591357421875,580.1788831789388,直连,,86.95656621762812,122.0
P00057,leg1-cruise,575.462456373855,580.3053058799164,直连,,93.0881688014709,122.0
P00020,leg1-cruise,576.6663395897012,581.590055013323,直连,,95.82246974798406,122.0
P00107,leg1-cruise,576.8201751918683,581.740472046553,直连,,102.29400512371163,122.0
P00035,leg1-climb,578.7617626953125,588.4522033691406,直连,,79.04372855980824,122.0
P00024,leg1-cruise,578.8720298268933,583.7467299119107,直连,,97.02735406116749,122.0
P00011,leg1-cruise,580.1788831789388,584.9986306156902,直连,,87.79630729934682,122.0
P00057,leg1-cruise,580.3053058799164,585.1481553859778,直连,,93.76246146069435,122.0
P00020,leg1-cruise,581.590055013323,586.5137704369447,直连,,96.72602666393831,122.0
P00107,leg1-cruise,581.740472046553,586.6607689012377,直连,,102.67460356567112,122.0
P00024,leg1-cruise,583.7467299119107,588.6214299969282,直连,,97.71567405136183,122.0
P00137,leg1-cruise,584.6433503308939,594.4619763766917,直连,,118.13827922218648,122.0
P00146,leg1-cruise,584.6433503308939,594.4619763766917,直连,,118.13827922218648,122.0
P00011,leg1-cruise,584.9986306156902,589.8183780524416,直连,,89.10487128297872,122.0
P00057,leg1-cruise,585.1481553859778,589.9910048920392,直连,,94.45385014680885,122.0
P00020,leg1-cruise,586.5137704369447,591.4374858605664,直连,,97.55859306490177,122.0
P00107,leg1-cruise,586.6607689012377,591.5810657559224,直连,,103.03977252825308,122.0
P00035,leg1-climb,588.4522033691406,598.1426440429688,直连,,81.13449505143436,122.0
P00024,leg1-cruise,588.6214299969282,593.4961300819457,直连,,98.37852739616784,122.0
P00011,leg1-cruise,589.8183780524416,594.6381254891929,直连,,90.53572307542221,122.0
P00057,leg1-cruise,589.9910048920392,594.8338543981007,直连,,95.14201823311429,122.0
P00020,leg1-cruise,591.4374858605664,596.3612012841882,直连,,98.32802836080697,122.0
P00107,leg1-cruise,591.5810657559224,596.5013626106071,直连,,103.39067196706955,122.0
P00024,leg1-cruise,593.4961300819457,598.3708301669632,直连,,99.01290662296678,122.0
P00137,leg1-cruise,594.4619763766917,604.2806024224894,直连,,118.53223292042574,122.0
P00146,leg1-cruise,594.4619763766917,604.2806024224894,直连,,118.53223292042574,122.0
P00011,leg1-cruise,594.6381254891929,599.4578729259442,直连,,91.91640021547957,122.0
P00057,leg1-cruise,594.8338543981007,599.6767039041621,直连,,95.81448993756564,122.0
P00020,leg1-cruise,596.3612012841882,601.28491670781,直连,,99.04168356528591,122.0
P00107,leg1-cruise,596.5013626106071,601.4216594652918,直连,,103.72834066379176,122.0
P00035,leg1-cruise,598.1426440429688,602.9067128432,直连,,82.35641157923097,122.0
P00024,leg1-cruise,598.3708301669632,603.2455302519807,直连,,99.61797481713529,122.0
P00011,leg1-cruise,599.4578729259442,604.2776203626956,直连,,93.18879995114173,122.0
P00057,leg1-cruise,599.6767039041621,604.5195534102235,直连,,96.46423580242434,122.0
P00020,leg1-cruise,601.28491670781,606.2086321314317,直连,,99.70609569429806,122.0
P00107,leg1-cruise,601.4216594652918,606.3419563199765,直连,,104.05371178239427,122.0
P00035,leg1-cruise,602.9067128432,607.6707816434312,直连,,84.40065793113601,122.0
P00024,leg1-cruise,603.2455302519807,608.1202303369981,直连,,100.19416132710785,122.0
P00011,leg1-cruise,604.2776203626956,609.097367799447,直连,,94.34409418631064,122.0
P00137,leg1-cruise,604.2806024224894,614.0992284682873,直连,,118.90912737422013,122.0
P00146,leg1-cruise,604.2806024224894,614.0992284682873,直连,,118.90912737422013,122.0
P00057,leg1-cruise,604.5195534102235,609.3624029162849,直连,,97.08778041880088,122.0
P00020,leg1-cruise,606.2086321314317,611.1323475550535,直连,,100.32694889762074,122.0
P00107,leg1-cruise,606.3419563199765,611.2622531746612,直连,,104.36762615221676,122.0
P00035,leg1-cruise,607.6707816434312,612.4348504436623,直连,,86.83321121338078,122.0
P00024,leg1-cruise,608.1202303369981,612.9949304220156,直连,,100.74259526296086,122.0
P00011,leg1-cruise,609.097367799447,613.9171152361984,直连,,95.39068008118143,122.0
P00057,leg1-cruise,609.3624029162849,614.2052524223462,直连,,97.68386761502691,122.0
P00020,leg1-cruise,611.1323475550535,616.0560629786752,直连,,100.90913909946501,122.0
P00107,leg1-cruise,611.2622531746612,616.1825500293459,直连,,104.67084363100315,122.0
P00035,leg1-cruise,612.4348504436623,617.1989192438936,直连,,88.99034055194161,122.0
P00024,leg1-cruise,612.9949304220156,617.8696305070331,直连,,101.26475854972117,122.0
P00011,leg1-cruise,613.9171152361984,618.7368626729497,直连,,96.34146403181907,122.0
P00137,leg1-cruise,614.0992284682873,623.917854514085,直连,,119.27037606062905,122.0
P00146,leg1-cruise,614.0992284682873,623.917854514085,直连,,119.27037606062905,122.0
P00057,leg1-cruise,614.2052524223462,619.0481019284077,直连,,98.25257425414124,122.0
P00020,leg1-cruise,616.0560629786752,620.9797784022969,直连,,101.45687119047822,122.0
P00107,leg1-cruise,616.1825500293459,621.1028468840306,直连,,104.96405284831314,122.0
P00035,leg1-cruise,617.1989192438936,621.9629880441248,直连,,90.81434424740748,122.0
P00024,leg1-cruise,617.8696305070331,622.7443305920506,直连,,101.76227764659731,122.0
P00011,leg1-cruise,618.7368626729497,623.5566101097011,直连,,97.20931889527535,122.0
P00057,leg1-cruise,619.0481019284077,623.8909514344691,直连,,98.79474238907048,122.0
P00020,leg1-cruise,620.9797784022969,625.9034938259186,直连,,101.9737589591038,122.0
P00107,leg1-cruise,621.1028468840306,626.0231437387152,直连,,105.24787958237036,122.0
P00035,leg1-cruise,621.9629880441248,626.7270568443561,直连,,92.36370829218657,122.0
P00024,leg1-cruise,622.7443305920506,627.619030677068,直连,,102.23680143569497,122.0
P00011,leg1-cruise,623.5566101097011,628.3763575464525,直连,,98.00567651892642,122.0
P00057,leg1-cruise,623.8909514344691,628.7338009405305,直连,,99.31162381643054,122.0
P00137,leg1-cruise,623.917854514085,633.7364805598828,直连,,119.61722406001047,122.0
P00146,leg1-cruise,623.917854514085,633.7364805598828,直连,,119.61722406001047,122.0
P00020,leg1-cruise,625.9034938259186,630.8272092495404,直连,,102.46291626197336,122.0
P00107,leg1-cruise,626.0231437387152,630.9434405933999,直连,,105.52289398259825,122.0
P00035,leg1-cruise,626.7270568443561,631.4911256445873,直连,,93.69930883148665,122.0
P00024,leg1-cruise,627.619030677068,632.4937307620855,直连,,102.68993210329549,122.0
P00011,leg1-cruise,628.3763575464525,633.1961049832038,直连,,98.74026527216103,122.0
P00057,leg1-cruise,628.7338009405305,633.5766504465919,直连,,99.80466174140301,122.0
P00020,leg1-cruise,630.8272092495404,635.7509246731622,直连,,102.92703597028986,122.0
P00107,leg1-cruise,630.9434405933999,635.8637374480846,直连,,105.78961681535357,122.0
P00035,leg1-cruise,631.4911256445873,636.2551944448185,直连,,94.86825722135188,122.0
P00024,leg1-cruise,632.4937307620855,637.368430847103,直连,,103.12318832482917,122.0
P00011,leg1-cruise,633.1961049832038,638.0158524199551,直连,,99.42123497195162,122.0
P00057,leg1-cruise,633.5766504465919,638.4194999526533,直连,,100.27535932986879,122.0
P00137,leg1-descent,633.7364805598828,642.642141570625,直连,,119.78436490661834,122.0
P00146,leg1-descent,633.7364805598828,642.642141570625,直连,,119.78436490661834,122.0
P00020,leg1-cruise,635.7509246731622,640.674640096784,直连,,103.36845662125342,122.0
P00107,leg1-cruise,635.8637374480846,640.7840343027693,直连,,106.04852488119448,122.0
P00035,leg1-cruise,636.2551944448185,641.0192632450496,直连,,95.90523509176163,122.0
P00024,leg1-cruise,637.368430847103,642.2431309321205,直连,,103.53798793617418,122.0
P00011,leg1-cruise,638.0158524199551,642.8355998567065,直连,,100.05538640038218,122.0
P00057,leg1-cruise,638.4194999526533,643.2623494587148,直连,,100.7252027007363,122.0
P00020,leg1-cruise,640.674640096784,645.5983555204057,直连,,103.78921799825149,122.0
P00107,leg1-cruise,640.7840343027693,645.7043311574541,直连,,106.3000557277498,122.0
P00035,leg1-cruise,641.0192632450496,645.7833320452809,直连,,96.83579695185522,122.0
P00024,leg1-cruise,642.2431309321205,647.117831017138,直连,,103.93564217801412,122.0
P00137,leg1-descent,642.642141570625,651.5478025813673,直连,,119.78224293556472,122.0
P00146,leg1-descent,642.642141570625,651.5478025813673,直连,,119.78224293556472,122.0
P00011,leg1-cruise,642.8355998567065,647.6553472934579,直连,,100.6484041591911,122.0
P00057,leg1-cruise,643.2623494587148,648.1051989647762,直连,,101.1556177415279,122.0
P00020,leg1-cruise,645.5983555204057,650.5220709440274,直连,,104.19110723049741,122.0
P00107,leg1-cruise,645.7043311574541,650.6246280121388,直连,,106.54461176201875,122.0
P00035,leg1-cruise,645.7833320452809,650.5474008455121,直连,,97.67905365527662,122.0
P00024,leg1-cruise,647.117831017138,651.9925311021555,直连,,104.31735664029945,122.0
P00011,leg1-cruise,647.6553472934579,652.4750947302092,直连,,101.20506078815782,122.0
P00057,leg1-cruise,648.1051989647762,652.9480484708375,直连,,101.56794775553351,122.0
P00020,leg1-cruise,650.5220709440274,655.4457863676491,直连,,104.57569697612263,122.0
P00035,leg1-cruise,650.5474008455121,655.3114696457433,直连,,98.44956033224287,122.0
P00107,leg1-cruise,650.6246280121388,655.5449248668235,直连,,106.78256384919625,122.0
P00137,leg1-descent,651.5478025813673,660.4534635921094,直连,,119.78057850625036,122.0
P00146,leg1-descent,651.5478025813673,660.4534635921094,直连,,119.78057850625036,122.0
P00024,leg1-cruise,651.9925311021555,656.8672311871729,直连,,104.68423591721071,122.0
P00011,leg1-cruise,652.4750947302092,657.2948421669605,直连,,101.72938586964953,122.0
P00057,leg1-cruise,652.9480484708375,657.7908979768989,直连,,101.96344378915799,122.0
P00035,leg1-cruise,655.3114696457433,660.0755384459745,直连,,99.15860579024496,122.0
P00020,leg1-cruise,655.4457863676491,660.3695017912709,直连,,104.94437707955188,122.0
P00107,leg1-cruise,655.5449248668235,660.4652217215082,直连,,107.01425447120762,122.0
P00024,leg1-cruise,656.8672311871729,661.7419312721904,直连,,105.03729015055049,122.0
P00011,leg1-cruise,657.2948421669605,662.1145896037119,直连,,102.22480278927797,122.0
P00057,leg1-cruise,657.7908979768989,662.6337474829603,直连,,102.34326253765958,122.0
P00035,leg1-cruise,660.0755384459745,664.8396072462058,直连,,99.81509528441953,122.0
P00020,leg1-cruise,660.3695017912709,665.2932172148926,直连,,105.29838088191356,122.0
P00137,leg1-descent,660.4534635921094,669.3591246028516,直连,,119.77937214525187,122.0
P00146,leg1-descent,660.4534635921094,669.3591246028516,直连,,119.77937214525187,122.0
P00107,leg1-cruise,660.4652217215082,665.3855185761929,直连,,107.24000050661802,122.0
P00024,leg1-cruise,661.7419312721904,666.6166313572079,直连,,105.37744236349562,122.0
P00011,leg1-cruise,662.1145896037119,666.9343370404633,直连,,102.69423829058734,122.0
P00057,leg1-cruise,662.6337474829603,667.4765969890218,直连,,102.70846864488723,122.0
P00035,leg1-cruise,664.8396072462058,669.6036760464369,直连,,100.42616299857106,122.0
P00020,leg1-cruise,665.2932172148926,670.2169326385144,直连,,105.63880715935692,122.0
P00107,leg1-cruise,665.3855185761929,670.3058154308776,直连,,107.46009568400885,122.0
P00024,leg1-cruise,666.6166313572079,671.4913314422254,直连,,105.70553593631527,122.0
P00011,leg1-cruise,666.9343370404633,671.7540844772147,直连,,103.14021004513,122.0
P00057,leg1-cruise,667.4765969890218,672.3194464950832,直连,,103.06003941840554,122.0
P00137,S001-handoff,669.3591246028516,679.2725406836076,直连,,119.77894086539243,122.0
P00146,S001-handoff,669.3591246028516,679.2725406836076,直连,,119.77894086539243,122.0
P00035,leg1-cruise,669.6036760464369,674.3677448466682,直连,,100.99760423115117,122.0
P00020,leg1-cruise,670.2169326385144,675.1406480621362,直连,,105.96663848528591,122.0
P00107,leg1-cruise,670.3058154308776,675.2261122855623,直连,,107.67481275291166,122.0
P00024,leg1-cruise,671.4913314422254,676.3660315272429,直连,,106.02234185389838,122.0
P00011,leg1-cruise,671.7540844772147,676.573831913966,直连,,103.56489677245986,122.0
P00057,leg1-cruise,672.3194464950832,677.1622960011446,直连,,103.39887073943557,122.0
P00035,leg1-cruise,674.3677448466682,679.1318136468994,直连,,101.5341857658569,122.0
P00020,leg1-cruise,675.1406480621362,680.0643634857579,直连,,106.28275666183367,122.0
P00107,leg1-cruise,675.2261122855623,680.146409140247,直连,,117.88440540979497,122.0
P00024,leg1-cruise,676.3660315272429,681.2407316122603,直连,,106.3285655265788,122.0
P00011,leg1-cruise,676.573831913966,681.3935793507173,直连,,113.97019460696286,122.0
P00057,leg1-cruise,677.1622960011446,682.005145507206,直连,,103.72578342524092,122.0
P00035,leg1-cruise,679.1318136468994,683.8958824471306,直连,,102.03987259967228,122.0
P00137,S001-handoff,679.2725406836076,689.1859567643636,直连,,119.77894086539243,122.0
P00146,S001-handoff,679.2725406836076,689.1859567643636,直连,,119.77894086539243,122.0
P00020,leg1-cruise,680.0643634857579,684.9880789093796,直连,,106.58795574294608,122.0
P00107,leg1-cruise,680.146409140247,685.0667059949317,直连,,118.08911001097975,122.0
P00024,leg1-cruise,681.2407316122603,686.1154316972778,直连,,106.62485309073344,122.0
P00011,leg1-cruise,681.3935793507173,686.2133267874688,直连,,114.35776263932149,122.0
P00057,leg1-cruise,682.005145507206,686.8479950132673,直连,,104.0415296017515,122.0
P00035,leg1-cruise,683.8958824471306,688.6599512473617,直连,,102.51799625698101,122.0
P00020,leg1-cruise,684.9880789093796,689.9117943330014,直连,,106.88295307128577,122.0
P00107,leg1-cruise,685.0667059949317,689.9870028496164,直连,,118.28914709975093,122.0
P00024,leg1-cruise,686.1154316972778,690.9901317822953,直连,,106.91179715843165,122.0
P00011,leg1-cruise,686.2133267874688,691.0330742242202,直连,,114.72905992071485,122.0
P00057,leg1-cruise,686.8479950132673,691.6908445193287,直连,,104.34679883350444,122.0
P00035,leg1-cruise,688.6599512473617,693.424020047593,直连,,102.9713816232917,122.0
P00137,S001-handoff,689.1859567643636,699.0993728451197,直连,,119.77894086539243,122.0
P00146,S001-handoff,689.1859567643636,699.0993728451197,直连,,119.77894086539243,122.0
P00020,leg1-cruise,689.9117943330014,694.8355097566231,直连,,107.16839867124017,122.0
P00107,leg1-cruise,689.9870028496164,694.9072997043011,直连,,118.48472277100367,122.0
P00024,leg1-cruise,690.9901317822953,695.8648318673128,直连,,107.18994202249661,122.0
P00011,leg1-cruise,691.0330742242202,695.8528216609716,直连,,115.0853757085894,122.0
P00057,leg1-cruise,691.6908445193287,696.5336940253901,直连,,104.64222387561735,122.0
P00035,leg1-cruise,693.424020047593,698.1880888478242,直连,,103.40244385108105,122.0
P00020,leg1-cruise,694.8355097566231,699.7592251802448,直连,,107.44488327568266,122.0
P00107,leg1-cruise,694.9072997043011,699.8275965589858,直连,,118.67602989344675,122.0
P00011,leg1-cruise,695.8528216609716,700.6725690977229,直连,,115.42785433653322,122.0
P00024,leg1-cruise,695.8648318673128,700.7395319523303,直连,,107.45978834373801,122.0
P00057,leg1-cruise,696.5336940253901,701.3765435314516,直连,,104.92838598548218,122.0
P00035,leg1-cruise,698.1880888478242,702.9521576480555,直连,,103.81326334777602,122.0
P00137,S001-handoff,699.0993728451197,709.0127889258756,直连,,119.77894086539243,122.0
P00146,S001-handoff,699.0993728451197,709.0127889258756,直连,,119.77894086539243,122.0
P00020,leg1-cruise,699.7592251802448,704.6829406038665,直连,,107.71294521284072,122.0
P00107,leg1-cruise,699.8275965589858,704.7478934136705,直连,,118.8632492066477,122.0
P00011,leg1-cruise,700.6725690977229,705.4923165344742,直连,,115.7575157846188,122.0
P00024,leg1-cruise,700.7395319523303,705.6142320373476,直连,,107.72179735761392,122.0
P00057,leg1-cruise,701.3765435314516,706.2193930375131,直连,,105.20581977638406,122.0
P00035,leg1-cruise,702.9521576480555,707.7162264482868,直连,,104.20564448683105,122.0
P00020,leg1-cruise,704.6829406038665,709.6066560274883,直连,,107.97307633815477,122.0
P00107,leg1-cruise,704.7478934136705,709.6681902683551,直连,,119.04655030778994,122.0
P00011,leg1-cruise,705.4923165344742,710.3120639712256,直连,,116.07527279164911,122.0
P00024,leg1-cruise,705.6142320373476,710.4889321223651,直连,,107.97639464181229,122.0
P00057,leg1-cruise,706.2193930375131,711.0622425435745,直连,,105.47501762110147,122.0
P00035,leg1-cruise,707.7162264482868,712.4802952485179,直连,,114.58116207356566,122.0
P00137,S001-handoff,709.0127889258756,718.9262050066317,直连,,119.77894086539243,122.0
P00146,S001-handoff,709.0127889258756,718.9262050066317,直连,,119.77894086539243,122.0
P00020,leg1-cruise,709.6066560274883,714.5303714511101,直连,,108.22572716273153,122.0
P00107,leg1-cruise,709.6681902683551,714.5884871230398,直连,,119.22609254104289,122.0
P00011,leg1-cruise,710.3120639712256,715.131811407977,直连,,116.38194516997879,122.0
P00024,leg1-cruise,710.4889321223651,715.3636322073826,直连,,108.22397348696293,122.0
P00057,leg1-cruise,711.0622425435745,715.9050920496359,直连,,105.73643362860886,122.0
P00035,leg1-cruise,712.4802952485179,717.244364048749,直连,,114.94119848734347,122.0
P00020,leg1-cruise,714.5303714511101,719.4540868747318,直连,,108.47131130343149,122.0
P00107,leg1-cruise,714.5884871230398,719.5087839777245,直连,,119.40202580077461,122.0
P00011,leg1-cruise,715.131811407977,719.9515588447283,直连,,116.67827184437911,122.0
P00024,leg1-cruise,715.3636322073826,720.2383322924002,直连,,108.46489791099853,122.0
P00057,leg1-cruise,715.9050920496359,720.7479415556973,直连,,105.99048722415839,122.0
P00035,leg1-cruise,717.244364048749,722.0084328489803,直连,,115.28697364511959,122.0
P00137,S001-handoff,718.9262050066317,728.8396210873876,直连,,119.77894086539243,122.0
P00146,S001-handoff,718.9262050066317,728.8396210873876,直连,,119.77894086539243,122.0
P00020,leg1-cruise,719.4540868747318,724.3778022983536,直连,,108.7102093576946,122.0
P00107,leg1-cruise,719.5087839777245,724.4290808324092,直连,,119.57449125827293,122.0
P00011,leg1-cruise,719.9515588447283,724.7713062814796,直连,,116.96492102877114,122.0
P00024,leg1-cruise,720.2383322924002,725.1130323774175,直连,,108.69950535523606,122.0
P00057,leg1-cruise,720.7479415556973,725.5907910617586,直连,,106.23756636639936,122.0
P00035,leg1-cruise,722.0084328489803,726.7725016492116,直连,,115.61956938031517,122.0
P00020,leg1-cruise,724.3778022983536,729.3015177219753,直连,,108.94277228895544,122.0
P00107,leg1-cruise,724.4290808324092,729.3493776870939,直连,,119.7436220205243,122.0
P00011,leg1-cruise,724.7713062814796,729.591053718231,直连,,117.24249887105061,122.0
P00024,leg1-cruise,725.1130323774175,729.987732462435,直连,,108.92810909697873,122.0
P00057,leg1-cruise,725.5907910617586,730.43364056782,直连,,106.47803043536723,122.0
P00035,leg1-cruise,726.7725016492116,731.5365704494427,直连,,115.93994943505902,122.0
P00137,S001-handoff,728.8396210873876,738.7530371681437,直连,,119.77894086539243,122.0
P00146,S001-handoff,728.8396210873876,738.7530371681437,直连,,119.77894086539243,122.0
P00020,leg1-cruise,729.3015177219753,734.225233145597,直连,,109.16932439389207,122.0
P00107,leg1-cruise,729.3493776870939,734.2696745417786,直连,,119.9095437284423,122.0
P00011,leg1-cruise,729.591053718231,734.4108011549824,直连,,117.51155683097625,122.0
P00024,leg1-cruise,729.987732462435,734.8624325474525,直连,,109.15100041013234,122.0
P00057,leg1-cruise,730.43364056782,735.2764900738814,直连,,106.71221282401507,122.0
P00035,leg1-cruise,731.5365704494427,736.300639249674,直连,,116.24897597581452,122.0
P00020,leg1-cruise,734.225233145597,739.1489485692189,直连,,109.39016591136323,122.0
P00107,leg1-cruise,734.2696745417786,739.1899713964633,直连,,120.0723751010566,122.0
P00011,leg1-cruise,734.4108011549824,739.2305485917337,直连,,117.7725980048999,122.0
P00024,leg1-cruise,734.8624325474525,739.7371326324701,直连,,109.368450502156,122.0
P00057,leg1-cruise,735.2764900738814,740.1193395799428,直连,,106.94042326403995,122.0
P00035,leg1-cruise,736.300639249674,741.0647080499052,直连,,116.54742333051065,122.0
P00137,S001-handoff,738.7530371681437,748.6664532488996,直连,,119.77894086539243,122.0
P00146,S001-handoff,738.7530371681437,748.6664532488996,直连,,119.77894086539243,122.0
P00020,leg1-cruise,739.1489485692189,744.0726639928406,直连,,109.60557532303996,122.0
P00107,leg1-cruise,739.1899713964633,744.110268251148,直连,,120.23222843136183,122.0
P00011,leg1-cruise,739.2305485917337,744.050296028485,直连,,118.02608257073483,122.0
P00024,leg1-cruise,739.7371326324701,744.6118327174875,直连,,109.58071225243344,122.0
P00057,leg1-cruise,740.1193395799428,744.9621890860042,直连,,107.16294991408184,122.0
P00035,leg1-cruise,741.0647080499052,745.8287768501364,直连,,116.83598948769679,122.0
P00011,leg1-cruise,744.050296028485,748.8700434652364,直连,,118.27243249454028,122.0
P00020,leg1-cruise,744.0726639928406,748.9963794164623,直连,,109.81581138805714,122.0
P00107,leg1-cruise,744.110268251148,749.0305651058327,直连,,120.389210038862,122.0
P00024,leg1-cruise,744.6118327174875,749.4865328025049,直连,,109.78802177447011,122.0
P00057,leg1-cruise,744.9621890860042,749.8050385920657,直连,,107.38006123603937,122.0
P00035,leg1-cruise,745.8287768501364,750.5928456503676,直连,,117.11530577988991,122.0
P00137,S001-handoff,748.6664532488996,758.5798693296557,直连,,119.77894086539243,122.0
P00146,S001-handoff,748.6664532488996,758.5798693296557,直连,,119.77894086539243,122.0
P00011,leg1-cruise,748.8700434652364,753.6897909019879,直连,,118.512035614574,122.0
P00020,leg1-cruise,748.9963794164623,753.9200948400841,直连,,110.02111494735544,122.0
P00107,leg1-cruise,749.0305651058327,753.9508619605174,直连,,120.54342068322761,122.0
P00024,leg1-cruise,749.4865328025049,754.3612328875224,直连,,109.99059982165394,122.0
P00057,leg1-cruise,749.8050385920657,754.6478880981272,直连,,107.59200768244702,122.0
P00035,leg1-cruise,750.5928456503676,755.3569144505989,直连,,117.38594508354979,122.0
P00011,leg1-cruise,753.6897909019879,758.5095383387392,直连,,118.74524919821248,122.0
P00020,leg1-cruise,753.9200948400841,758.8438102637058,直连,,120.22171052798463,122.0
P00107,leg1-cruise,753.9508619605174,758.8711588152021,直连,,120.6949559429817,122.0
P00024,leg1-cruise,754.3612328875224,759.2359329725399,直连,,120.18865305401175,122.0
P00057,leg1-cruise,754.6478880981272,759.4907376041886,直连,,107.7990232156357,122.0
P00035,leg1-cruise,755.3569144505989,760.12098325083,直连,,117.64842879939488,122.0
P00011,leg1-cruise,758.5095383387392,763.3292857754905,直连,,118.97240305066312,122.0
P00137,S001-handoff,758.5798693296557,768.4932854104117,直连,,119.77894086539243,122.0
P00146,S001-handoff,758.5798693296557,768.4932854104117,直连,,119.77894086539243,122.0
P00020,leg1-cruise,758.8438102637058,763.7675256873275,直连,,120.41780777325442,122.0
P00107,leg1-cruise,758.8711588152021,763.7914556698868,直连,,120.84390656269136,122.0
P00024,leg1-cruise,759.2359329725399,764.1106330575574,直连,,120.38237518141696,122.0
P00057,leg1-cruise,759.4907376041886,764.3335871102499,直连,,108.00132667704747,122.0
P00035,leg1-cruise,760.12098325083,764.8850520510612,直连,,117.90323282387465,122.0
P00011,leg1-cruise,763.3292857754905,768.1490332122419,直连,,119.19380224106185,122.0
P00020,leg1-cruise,763.7675256873275,768.6912411109492,直连,,120.60960272064335,122.0
P00107,leg1-cruise,763.7914556698868,768.7117525245716,直连,,120.99035877171707,122.0
P00024,leg1-cruise,764.1106330575574,768.9853331425749,直连,,120.57194799674338,122.0
P00057,leg1-cruise,764.3335871102499,769.1764366163113,直连,,108.19912302297004,122.0
P00035,leg1-cruise,764.8850520510612,769.6491208512924,直连,,118.15079268135315,122.0
P00011,leg1-cruise,768.1490332122419,772.9687806489933,直连,,119.40972950070528,122.0
P00137,S001-handoff,768.4932854104117,778.4067014911677,直连,,119.77894086539243,122.0
P00146,S001-handoff,768.4932854104117,778.4067014911677,直连,,119.77894086539243,122.0
P00020,leg1-cruise,768.6912411109492,773.614956534571,直连,,120.79727894646493,122.0
P00107,leg1-cruise,768.7117525245716,773.6320493792562,直连,,121.13439457727324,122.0
P00024,leg1-cruise,768.9853331425749,773.8600332275923,直连,,120.757542310995,122.0
P00057,leg1-cruise,769.1764366163113,774.0192861223727,直连,,108.39260444131858,122.0
P00035,leg1-cruise,769.6491208512924,774.4131896515237,直连,,118.39150795434897,122.0
P00011,leg1-cruise,772.9687806489933,777.7885280857446,直连,,119.62044733930797,122.0
P00020,leg1-cruise,773.614956534571,778.5386719581927,直连,,120.98100859339533,122.0
P00107,leg1-cruise,773.6320493792562,778.5523462339409,直连,,121.276092034215,122.0
P00024,leg1-cruise,773.8600332275923,778.7347333126098,直连,,120.93931880094544,122.0
P00057,leg1-cruise,774.0192861223727,778.8621356284341,直连,,108.58195136212905,122.0
P00035,leg1-cruise,774.4131896515237,779.1772584517548,直连,,118.62574612370084,122.0
P00011,leg1-cruise,777.7885280857446,782.6082755224959,直连,,119.8261999179041,122.0
P00137,S001-handoff,778.4067014911677,788.3201175719237,直连,,119.77894086539243,122.0
P00146,S001-handoff,778.4067014911677,788.3201175719237,直连,,119.77894086539243,122.0
P00020,leg1-cruise,778.5386719581927,783.4623873818144,直连,,121.16095329496306,122.0
P00107,leg1-cruise,778.5523462339409,783.4726430886255,直连,,121.41552549373289,122.0
P00024,leg1-cruise,778.7347333126098,783.6094333976273,直连,,121.117428778612,122.0
P00057,leg1-cruise,778.8621356284341,783.7049851344955,直连,,108.76733337328845,122.0
P00035,leg1-cruise,779.1772584517548,783.9413272519861,直连,,118.8538459103046,122.0
P00011,leg1-cruise,782.6082755224959,787.4280229592473,直连,,120.02721471102086,122.0
P00020,leg1-cruise,783.4623873818144,788.3861028054362,直连,,121.33726500897174,122.0
P00107,leg1-cruise,783.4726430886255,788.3929399433104,直连,,121.55276583288895,122.0
P00024,leg1-cruise,783.6094333976273,788.4841334826448,直连,,121.29201489077371,122.0
P00057,leg1-cruise,783.7049851344955,788.5478346405569,直连,,108.94891005139644,122.0
P00035,leg1-cruise,783.9413272519861,788.7053960522173,直连,,119.07612019392897,122.0
P00011,leg1-descent,787.4280229592473,792.8307783059636,直连,,120.12501659370395,122.0
P00137,S001-handoff,788.3201175719237,798.2335336526797,直连,,119.77894086539243,122.0
P00146,S001-handoff,788.3201175719237,798.2335336526797,直连,,119.77894086539243,122.0
P00020,leg1-cruise,788.3861028054362,793.309818229058,直连,,121.51008677042853,122.0
P00107,leg1-cruise,788.3929399433104,793.313236797995,直连,,121.68788066672522,122.0
P00024,leg1-cruise,788.4841334826448,793.3588335676623,直连,,121.46321175586226,122.0
P00057,leg1-cruise,788.5478346405569,793.3906841466182,直连,,109.12683171681799,122.0
P00035,leg1-cruise,788.7053960522173,793.4694648524485,直连,,119.2928585716259,122.0
P00011,leg1-descent,792.8307783059636,798.2335336526797,直连,,120.12309930466239,122.0
P00020,leg1-cruise,793.309818229058,798.2335336526797,直连,,121.67955337302966,122.0
P00107,leg1-cruise,793.313236797995,798.2335336526797,直连,,121.82093454451065,122.0
P00024,leg1-cruise,793.3588335676623,798.2335336526797,直连,,121.63114654459368,122.0
P00057,leg1-cruise,793.3906841466182,798.2335336526797,直连,,109.30124012065704,122.0
P00035,leg1-cruise,793.4694648524485,798.2335336526797,直连,,119.50432960775404,122.0
P00011,leg1-descent,798.2335336526797,798.6799164156444,直连,,120.12210275351073,122.0
P00020,leg1-cruise,798.2335336526797,798.6799164156444,直连,,121.77060060922932,122.0
P00024,leg1-cruise,798.2335336526797,798.6799164156444,直连,,121.72147020413217,122.0
P00035,leg1-cruise,798.2335336526797,798.6799164156444,直连,,119.61783482268564,122.0
P00057,leg1-cruise,798.2335336526797,798.6799164156444,直连,,109.39504737294381,122.0
P00107,leg1-cruise,798.2335336526797,798.6799164156444,直连,,121.89265068169291,122.0
P00137,S001-handoff,798.2335336526797,798.6799164156444,直连,,119.77894086539243,122.0
P00146,S001-handoff,798.2335336526797,798.6799164156444,直连,,119.77894086539243,122.0
P00011,leg1-descent,798.6799164156444,798.7120936764658,直连,,120.12202250313086,122.0
P00020,leg1-cruise,798.6799164156444,798.7120936764658,直连,,121.77866843871891,122.0
P00024,leg1-cruise,798.6799164156444,798.7120936764658,直连,,121.72954838448777,122.0
P00035,leg1-cruise,798.6799164156444,798.7120936764658,直连,,119.62818597860088,122.0
P00057,leg1-cruise,798.6799164156444,798.7120936764658,直连,,109.40348589234823,122.0
P00107,leg1-cruise,798.6799164156444,798.7120936764658,直连,,121.89901724043183,122.0
P00137,S001-handoff,798.6799164156444,798.7120936764658,直连,,119.77894086539243,122.0
P00146,S001-handoff,798.6799164156444,798.7120936764658,直连,,119.77894086539243,122.0
P00011,leg1-descent,798.7120936764658,805.8945181567237,直连,,120.12083623491004,122.0
P00020,leg1-cruise,798.7120936764658,803.4612565084028,直连,,121.85886799816528,122.0
P00024,leg1-cruise,798.7120936764658,803.4612565084028,直连,,121.80985394245185,122.0
P00035,leg1-cruise,798.7120936764658,802.3700657955625,直连,,119.70759224349553,122.0
P00057,leg1-cruise,798.7120936764658,803.4612565084028,直连,,109.48735574668568,122.0
P00107,leg1-cruise,798.7120936764658,803.6396414406017,中继,RU-001,121.9647270600281,122.0
P00137,S001-handoff,798.7120936764658,807.1532654975301,直连,,119.77894086539243,122.0
P00146,S001-handoff,798.7120936764658,807.1532654975301,直连,,119.77894086539243,122.0
P00035,leg1-descent,802.3700657955625,811.2757268063046,直连,,119.78460224394392,122.0
P00020,leg1-cruise,803.4612565084028,808.21041934034,中继,RU-001,122.01603376711978,122.0
P00024,leg1-cruise,803.4612565084028,808.21041934034,中继,RU-001,121.96724328817636,122.0
P00057,leg1-cruise,803.4612565084028,808.21041934034,直连,,109.6516373976556,122.0
P00107,leg1-cruise,803.6396414406017,808.5671892047378,中继,RU-001,122.09384282490484,122.0
P00011,leg1-descent,805.8945181567237,813.0769426369817,直连,,120.11860596075678,122.0
P00137,S001-handoff,807.1532654975301,815.5944373185944,直连,,119.77894086539243,122.0
P00146,S001-handoff,807.1532654975301,815.5944373185944,直连,,119.77894086539243,122.0
P00020,leg1-cruise,808.21041934034,812.959582172277,中继,RU-001,122.17041830616701,122.0
P00024,leg1-cruise,808.21041934034,812.959582172277,中继,RU-001,122.12186687624505,122.0
P00057,leg1-cruise,808.21041934034,812.959582172277,直连,,109.81291349109536,122.0
P00107,leg1-cruise,808.5671892047378,813.4947369688738,中继,RU-001,122.22107457355541,122.0
P00035,leg1-descent,811.2757268063046,820.1813878170468,直连,,119.78283151273233,122.0
P00020,leg1-cruise,812.959582172277,817.708745004214,中继,RU-001,122.32211791631265,122.0
P00024,leg1-cruise,812.959582172277,817.708745004214,中继,RU-001,122.2738190229457,122.0
P00057,leg1-cruise,812.959582172277,817.708745004214,直连,,109.97129044578718,122.0
P00011,S006-handoff,813.0769426369817,821.9669528887756,直连,,120.11755663365312,122.0
P00107,leg1-cruise,813.4947369688738,818.4222847330097,中继,RU-001,122.34647628701813,122.0
P00137,S001-handoff,815.5944373185944,824.0356091396586,直连,,119.77894086539243,122.0
P00146,S001-handoff,815.5944373185944,824.0356091396586,直连,,119.77894086539243,122.0
P00020,leg1-cruise,817.708745004214,822.4579078361512,中继,RU-001,122.47122400293831,122.0
P00024,leg1-cruise,817.708745004214,822.4579078361512,中继,RU-001,122.4231893628102,122.0
P00057,leg1-cruise,817.708745004214,822.4579078361512,直连,,110.12686921093265,122.0
P00107,leg1-cruise,818.4222847330097,823.3498324971458,中继,RU-001,122.47009966776534,122.0
P00035,leg1-descent,820.1813878170468,829.0870488277891,直连,,119.78135349189522,122.0
P00011,S006-handoff,821.9669528887756,830.8569631405696,直连,,120.11755663365312,122.0
P00020,leg1-cruise,822.4579078361512,827.2070706680882,中继,RU-001,122.61782340072317,122.0
P00024,leg1-cruise,822.4579078361512,827.2070706680882,中继,RU-001,122.57006314923478,122.0
P00057,leg1-cruise,822.4579078361512,827.2070706680882,直连,,110.2797456286765,122.0
P00107,leg1-cruise,823.3498324971458,828.2773802612818,中继,RU-001,122.59199426569134,122.0
P00137,S001-handoff,824.0356091396586,832.476780960723,直连,,119.77894086539243,122.0
P00146,S001-handoff,824.0356091396586,832.476780960723,直连,,119.77894086539243,122.0
P00020,leg1-cruise,827.2070706680882,831.9562335000253,中继,RU-001,122.7619986721629,122.0
P00024,leg1-cruise,827.2070706680882,831.9562335000253,中继,RU-001,122.71452153170696,122.0
P00057,leg1-cruise,827.2070706680882,831.9562335000253,直连,,110.43001076764202,122.0
P00107,leg1-cruise,828.2773802612818,833.2049280254178,中继,RU-001,122.71220759553424,122.0
P00035,leg1-descent,829.0870488277891,837.9927098385313,直连,,119.78016848059796,122.0
P00011,S006-handoff,830.8569631405696,839.7469733923635,直连,,120.11755663365312,122.0
P00020,leg1-cruise,831.9562335000253,836.7053963319624,中继,RU-001,122.90382838220798,122.0
P00024,leg1-cruise,831.9562335000253,836.7053963319624,中继,RU-001,122.85664181175618,122.0
P00057,leg1-cruise,831.9562335000253,836.7053963319624,直连,,110.57775123012185,122.0
P00137,S001-handoff,832.476780960723,840.9179527817873,直连,,119.77894086539243,122.0
P00146,S001-handoff,832.476780960723,840.9179527817873,直连,,119.77894086539243,122.0
P00107,leg1-cruise,833.2049280254178,838.1324757895538,中继,RU-001,122.83078524643142,122.0
P00020,leg1-cruise,836.7053963319624,841.4545591638995,中继,RU-001,123.04338735126767,122.0
P00024,leg1-cruise,836.7053963319624,841.4545591638995,中继,RU-001,122.99649767952515,122.0
P00057,leg1-cruise,836.7053963319624,841.4545591638995,直连,,110.7230494353413,122.0
P00035,leg1-descent,837.9927098385313,846.8983708492734,直连,,119.77927671886977,122.0
P00107,leg1-cruise,838.1324757895538,843.0600235536898,中继,RU-001,122.94777098422713,122.0
P00011,S006-handoff,839.7469733923635,848.6369836441575,直连,,120.11755663365312,122.0
P00137,S001-handoff,840.9179527817873,849.3591246028516,直连,,119.77894086539243,122.0
P00146,S001-handoff,840.9179527817873,849.3591246028516,直连,,119.77894086539243,122.0
P00020,leg1-cruise,841.4545591638995,846.2037219958365,中继,RU-001,123.18074688858786,122.0
P00024,leg1-cruise,841.4545591638995,846.2037219958365,中继,RU-001,123.13415943267124,122.0
P00057,leg1-cruise,841.4545591638995,846.2037219958365,直连,,110.86598388096043,122.0
P00107,leg1-cruise,843.0600235536898,847.9875713178258,中继,RU-001,123.0632068470944,122.0
P00020,leg1-cruise,846.2037219958365,850.9528848277737,中继,RU-001,123.31597500778844,122.0
P00024,leg1-cruise,846.2037219958365,850.9528848277737,中继,RU-001,123.26969417913631,122.0
P00057,leg1-cruise,846.2037219958365,850.9528848277737,直连,,111.00662938477015,122.0
P00035,S001-handoff,846.8983708492734,856.2230342997884,直连,,119.77894086539243,122.0
P00107,leg1-cruise,847.9875713178258,852.9151190819618,中继,RU-001,123.17713323500165,122.0
P00011,S006-handoff,848.6369836441575,857.5269938959514,直连,,120.11755663365312,122.0
P00137,leg2-climb,849.3591246028516,859.2543035036763,直连,,119.77954137711585,122.0
P00146,leg2-climb,849.3591246028516,859.2543035036763,直连,,119.77954137711585,122.0
P00020,leg1-cruise,850.9528848277737,855.7020476597107,中继,RU-001,123.44913662617226,122.0
P00024,leg1-cruise,850.9528848277737,855.7020476597107,中继,RU-001,123.4031660251695,122.0
P00057,leg1-cruise,850.9528848277737,855.7020476597107,直连,,111.14505730827719,122.0
P00107,leg1-cruise,852.9151190819618,857.8426668460978,中继,RU-001,123.2895889934614,122.0
P00020,leg1-cruise,855.7020476597107,860.4512104916478,中继,RU-001,123.58029374924513,122.0
P00024,leg1-cruise,855.7020476597107,860.4512104916478,中继,RU-001,123.53463624985716,122.0
P00057,leg1-cruise,855.7020476597107,860.4512104916478,直连,,111.2813357638275,122.0
P00035,S001-handoff,856.2230342997884,865.5476977503033,直连,,119.77894086539243,122.0
P00011,S006-handoff,857.5269938959514,866.4170041477453,直连,,120.11755663365312,122.0
P00107,leg1-cruise,857.8426668460978,862.7702146102338,中继,RU-001,123.4006114920295,122.0
P00137,leg2-climb,859.2543035036763,869.1494824045009,直连,,119.78135349189522,122.0
P00146,leg2-climb,859.2543035036763,869.1494824045009,直连,,119.78135349189522,122.0
P00020,leg1-cruise,860.4512104916478,865.2003733235849,中继,RU-001,123.7095056417337,122.0
P00024,leg1-cruise,860.4512104916478,865.2003733235849,中继,RU-001,123.66416346728619,122.0
P00057,leg1-cruise,860.4512104916478,865.2003733235849,直连,,111.41552980661858,122.0
P00107,leg1-cruise,862.7702146102338,867.6977623743697,中继,RU-001,123.51023669791851,122.0
P00020,leg1-cruise,865.2003733235849,869.949536155522,中继,RU-001,123.8368289862715,122.0
P00024,leg1-cruise,865.2003733235849,869.949536155522,中继,RU-001,123.79180377738128,122.0
P00057,leg1-cruise,865.2003733235849,869.949536155522,直连,,111.54770161292079,122.0
P00035,S001-handoff,865.5476977503033,874.8723612008182,直连,,119.77894086539243,122.0
P00011,S006-handoff,866.4170041477453,875.3070143995393,直连,,120.11755663365312,122.0
P00107,leg1-cruise,867.6977623743697,872.6253101385057,中继,RU-001,123.6184992450937,122.0
P00137,leg2-climb,869.1494824045009,879.0446613053256,直连,,119.78397949772656,122.0
P00146,leg2-climb,869.1494824045009,879.0446613053256,直连,,119.78397949772656,122.0
P00020,leg1-cruise,869.949536155522,874.698698987459,中继,RU-001,123.96231803080141,122.0
P00024,leg1-cruise,869.949536155522,874.698698987459,中继,RU-001,123.91761090630446,122.0
P00057,leg1-cruise,869.949536155522,874.698698987459,直连,,111.67791064565824,122.0
P00107,leg1-cruise,872.6253101385057,877.5528579026418,中继,RU-001,123.72543249917615,122.0
P00020,leg1-cruise,874.698698987459,879.4478618193962,中继,RU-001,124.08602472563538,122.0
P00024,leg1-cruise,874.698698987459,879.4478618193962,中继,RU-001,124.0416363373097,122.0
P00057,leg1-cruise,874.698698987459,879.4478618193962,直连,,121.80621380837036,122.0
P00035,S001-handoff,874.8723612008182,884.1970246513332,直连,,119.77894086539243,122.0
P00011,S006-handoff,875.3070143995393,884.1970246513332,直连,,120.11755663365312,122.0
P00107,leg1-descent,877.5528579026418,884.1970246513332,中继,RU-001,123.77765379970364,122.0
P00137,leg2-cruise,879.0446613053256,884.1970246513332,直连,,119.69764917578811,122.0
P00146,leg2-cruise,879.0446613053256,884.1970246513332,直连,,119.69764917578811,122.0
P00020,leg1-cruise,879.4478618193962,884.1970246513332,中继,RU-001,124.207998851037,122.0
P00024,leg1-cruise,879.4478618193962,884.1970246513332,中继,RU-001,124.16392943277737,122.0
P00057,leg1-cruise,879.4478618193962,884.1970246513332,直连,,121.93266558854688,122.0
P00011,S006-handoff,884.1970246513332,894.0418706508983,直连,,120.11755663365312,122.0
P00020,leg1-cruise,884.1970246513332,888.9230645802553,中继,RU-001,124.32799730999066,122.0
P00024,leg1-cruise,884.1970246513332,891.2903282752435,中继,RU-001,124.31404908773493,122.0
P00035,S001-handoff,884.1970246513332,894.1808939249054,直连,,119.77894086539243,122.0
P00057,leg1-cruise,884.1970246513332,889.1683271710563,中继,RU-002,122.06021234947812,122.0
P00107,leg1-descent,884.1970246513332,890.3713060230813,中继,RU-001,123.77626493750543,122.0
P00137,leg2-cruise,884.1970246513332,893.8174828761307,直连,,119.44044166768884,122.0
P00146,leg2-cruise,884.1970246513332,893.8174828761307,直连,,119.44044166768884,122.0
P00020,leg1-cruise,888.9230645802553,893.6491045091774,中继,RU-001,124.44607767103881,122.0
P00057,leg1-cruise,889.1683271710563,894.1396296907794,中继,RU-002,122.1887803740812,122.0
P00107,leg1-descent,890.3713060230813,896.5455873948293,中继,RU-001,123.77501609850212,122.0
P00024,leg1-cruise,891.2903282752435,898.3836318991539,中继,RU-001,124.49055820207235,122.0
P00020,leg1-cruise,893.6491045091774,898.3751444380995,中继,RU-001,124.56257811707144,122.0
P00137,leg2-cruise,893.8174828761307,903.4379411009281,直连,,119.09361967490722,122.0
P00146,leg2-cruise,893.8174828761307,903.4379411009281,直连,,119.09361967490722,122.0
P00011,S006-handoff,894.0418706508983,903.8867166504634,直连,,120.11755663365312,122.0
P00057,leg1-cruise,894.1396296907794,899.1109322105025,中继,RU-002,122.31548800592746,122.0
P00035,S001-handoff,894.1808939249054,904.1647631984775,直连,,119.77894086539243,122.0
P00107,S013-handoff,896.5455873948293,906.0192716053557,中继,RU-001,123.77442449618124,122.0
P00020,leg1-cruise,898.3751444380995,903.1011843670216,中继,RU-001,124.67754026248684,122.0
P00024,leg1-cruise,898.3836318991539,905.4769355230642,中继,RU-001,124.66357648785109,122.0
P00057,leg1-cruise,899.1109322105025,904.0822347302255,中继,RU-002,122.44038788928073,122.0
P00020,leg1-cruise,903.1011843670216,907.8272242959437,中继,RU-001,124.79100410285972,122.0
P00137,leg2-cruise,903.4379411009281,913.0583993257256,直连,,118.73240038996451,122.0
P00146,leg2-cruise,903.4379411009281,913.0583993257256,直连,,118.73240038996451,122.0
P00011,S006-handoff,903.8867166504634,913.7315626500285,直连,,120.11755663365312,122.0
P00057,leg1-cruise,904.0822347302255,909.0535372499487,中继,RU-002,122.56353048289833,122.0
P00035,S001-handoff,904.1647631984775,914.1486324720497,直连,,119.77894086539243,122.0
P00024,leg1-descent,905.4769355230642,915.1148310308766,中继,RU-001,124.7472628546417,122.0
P00107,S013-handoff,906.0192716053557,915.4929558158819,中继,RU-001,123.77442449618124,122.0
P00020,leg1-cruise,907.8272242959437,912.5532642248658,中继,RU-001,124.90300809762573,122.0
P00057,leg1-cruise,909.0535372499487,914.0248397696718,中继,RU-002,122.68496417837505,122.0
P00020,leg1-cruise,912.5532642248658,917.2793041537878,中继,RU-001,125.0135892475718,122.0
P00137,leg2-cruise,913.0583993257256,922.6788575505232,直连,,118.35553934700744,122.0
P00146,leg2-cruise,913.0583993257256,922.6788575505232,直连,,118.35553934700744,122.0
P00011,S006-handoff,913.7315626500285,923.5764086495936,直连,,120.11755663365312,122.0
P00057,leg1-cruise,914.0248397696718,918.9961422893948,中继,RU-002,122.80473541061757,122.0
P00035,S001-handoff,914.1486324720497,924.1325017456218,直连,,119.77894086539243,122.0
P00024,leg1-descent,915.1148310308766,924.7527265386892,中继,RU-001,124.74427754701925,122.0
P00107,S013-handoff,915.4929558158819,924.9666400264083,中继,RU-001,123.77442449618124,122.0
P00020,leg1-cruise,917.2793041537878,922.0053440827099,中继,RU-001,125.12278316750994,122.0
P00057,leg1-cruise,918.9961422893948,923.9674448091179,中继,RU-002,122.92288876113606,122.0
P00020,leg1-cruise,922.0053440827099,926.731384011632,中继,RU-001,125.23062415449346,122.0
P00137,leg2-cruise,922.6788575505232,932.2993157753206,直连,,117.96162382897404,122.0
P00146,leg2-cruise,922.6788575505232,932.2993157753206,直连,,117.96162382897404,122.0
P00011,S006-handoff,923.5764086495936,933.4212546491588,直连,,120.11755663365312,122.0
P00057,leg1-cruise,923.9674448091179,928.9387473288409,中继,RU-002,123.03946705462482,122.0
P00035,S001-handoff,924.1325017456218,934.1163710191939,直连,,119.77894086539243,122.0
P00024,leg1-descent,924.7527265386892,934.3906220465017,中继,RU-001,124.74146155939958,122.0
P00107,S013-handoff,924.9666400264083,934.4403242369347,中继,RU-001,123.77442449618124,122.0
P00020,leg1-cruise,926.731384011632,931.4574239405541,中继,RU-001,125.33714525189089,122.0
P00057,leg1-cruise,928.9387473288409,933.9100498485641,中继,RU-002,123.15451144941713,122.0
P00020,leg1-cruise,931.4574239405541,936.1834638694762,中继,RU-001,125.44237830962895,122.0
P00137,leg2-cruise,932.2993157753206,941.9197740001181,直连,,117.54904118832374,122.0
P00146,leg2-cruise,932.2993157753206,941.9197740001181,直连,,117.54904118832374,122.0
P00011,S006-handoff,933.4212546491588,943.2661006487239,直连,,120.11755663365312,122.0
P00057,leg1-descent,933.9100498485641,943.2513741370685,中继,RU-002,123.20971331785198,122.0
P00035,S001-handoff,934.1163710191939,944.1002402927661,直连,,119.77894086539243,122.0
P00024,leg1-descent,934.3906220465017,944.0285175543142,中继,RU-001,124.7388152226457,122.0
P00107,S013-handoff,934.4403242369347,943.9140084474609,中继,RU-001,123.77442449618124,122.0
P00020,leg1-cruise,936.1834638694762,945.6355437273203,中继,RU-001,125.54635404086119,122.0
P00137,leg2-cruise,941.9197740001181,951.5402322249156,直连,,117.1159393664183,122.0
P00146,leg2-cruise,941.9197740001181,951.5402322249156,直连,,117.1159393664183,122.0
P00057,leg1-descent,943.2513741370685,952.5926984255731,中继,RU-002,123.20636803012714,122.0
P00011,S006-handoff,943.2661006487239,953.110946648289,直连,,120.11755663365312,122.0
P00107,S013-handoff,943.9140084474609,953.3876926579873,中继,RU-001,123.77442449618124,122.0
P00024,leg1-descent,944.0285175543142,953.6664130621267,中继,RU-001,124.73633884814457,122.0
P00035,S001-handoff,944.1002402927661,954.0841095663383,直连,,119.77894086539243,122.0
P00020,leg1-cruise,945.6355437273203,955.0876235851645,中继,RU-001,125.75065100958234,122.0
P00137,leg2-cruise,951.5402322249156,961.160690449713,直连,,116.66017719482304,122.0
P00146,leg2-cruise,951.5402322249156,961.160690449713,直连,,116.66017719482304,122.0
P00057,leg1-descent,952.5926984255731,961.9340227140775,中继,RU-002,123.20324957776361,122.0
P00011,S006-handoff,953.110946648289,962.955792647854,直连,,120.11755663365312,122.0
P00107,S013-handoff,953.3876926579873,962.8613768685136,中继,RU-001,123.77442449618124,122.0
P00024,leg1-descent,953.6664130621267,963.3043085699392,中继,RU-001,124.73403272768576,122.0
P00035,S001-handoff,954.0841095663383,964.0679788399104,直连,,119.77894086539243,122.0
P00020,leg1-cruise,955.0876235851645,964.5397034430086,中继,RU-001,125.95026107972572,122.0
P00137,leg2-cruise,961.160690449713,970.7811486745105,直连,,116.17926114437657,122.0
P00146,leg2-cruise,961.160690449713,970.7811486745105,直连,,116.17926114437657,122.0
P00057,leg1-descent,961.9340227140775,971.275347002582,中继,RU-002,123.2003584515223,122.0
P00107,S013-handoff,962.8613768685136,972.3350610790399,中继,RU-001,123.77442449618124,122.0
P00011,S006-handoff,962.955792647854,972.8006386474191,直连,,120.11755663365312,122.0
P00024,leg1-descent,963.3043085699392,972.9422040777517,中继,RU-001,124.73189713334747,122.0
P00035,S001-handoff,964.0679788399104,974.0518481134826,直连,,119.77894086539243,122.0
P00020,leg1-cruise,964.5397034430086,973.9917833008528,中继,RU-001,126.145394096039,122.0
P00137,leg2-cruise,970.7811486745105,980.401606899308,直连,,115.67026385167308,122.0
P00146,leg2-cruise,970.7811486745105,980.401606899308,直连,,115.67026385167308,122.0
P00057,leg1-descent,971.275347002582,980.6166712910864,中继,RU-002,123.19769510712479,122.0
P00107,S013-handoff,972.3350610790399,981.8087452895662,中继,RU-001,123.77442449618124,122.0
P00011,S006-handoff,972.8006386474191,982.6454846469842,直连,,120.11755663365312,122.0
P00024,leg1-descent,972.9422040777517,982.5800995855642,中继,RU-001,124.72993231739008,122.0
P00020,leg1-cruise,973.9917833008528,978.7178232297749,中继,RU-001,126.33624614216161,122.0
P00035,S001-handoff,974.0518481134826,984.0357173870548,直连,,119.77894086539243,122.0
P00020,leg1-cruise,978.7178232297749,983.443863158697,中继,RU-001,126.43012460661583,122.0
P00137,leg2-cruise,980.401606899308,990.0220651241054,直连,,115.12971777033309,122.0
P00146,leg2-cruise,980.401606899308,990.0220651241054,直连,,115.12971777033309,122.0
P00057,leg1-descent,980.6166712910864,989.9579955795909,中继,RU-002,123.1952599650152,122.0
P00107,S013-handoff,981.8087452895662,991.2824295000926,中继,RU-001,123.77442449618124,122.0
P00024,leg1-descent,982.5800995855642,992.2179950933768,中继,RU-001,124.72813851215723,122.0
P00011,S006-handoff,982.6454846469842,992.4903306465493,直连,,120.11755663365312,122.0
P00020,leg1-cruise,983.443863158697,988.1699030876191,中继,RU-001,126.52300071617361,122.0
P00035,S001-handoff,984.0357173870548,994.0195866606268,直连,,119.77894086539243,122.0
P00020,leg1-cruise,988.1699030876191,992.8959430165412,中继,RU-001,126.6148956142948,122.0
P00057,leg1-descent,989.9579955795909,999.2993198680954,中继,RU-002,123.1930534101401,122.0
P00137,leg2-cruise,990.0220651241054,999.642523348903,直连,,114.55347429539745,122.0
P00146,leg2-cruise,990.0220651241054,999.642523348903,直连,,114.55347429539745,122.0
P00107,S013-handoff,991.2824295000926,1000.7561137106189,中继,RU-001,123.77442449618124,122.0
P00024,leg1-descent,992.2179950933768,1001.8558906011892,中继,RU-001,124.72651592998452,122.0
P00011,S006-handoff,992.4903306465493,1002.3351766461144,直连,,120.11755663365312,122.0
P00020,leg1-cruise,992.8959430165412,997.6219829454633,中继,RU-001,126.7058297834567,122.0
P00035,S001-handoff,994.0195866606268,1004.003455934199,直连,,119.77894086539243,122.0
P00020,leg1-cruise,997.6219829454633,1002.3480228743854,中继,RU-001,126.79582307238059,122.0
P00057,S007-handoff,999.2993198680954,1009.2993198680954,中继,RU-002,123.19203596345481,122.0
P00137,leg2-cruise,999.642523348903,1009.2629815737005,直连,,103.93651407003549,122.0
P00146,leg2-cruise,999.642523348903,1009.2629815737005,直连,,103.93651407003549,122.0
P00107,S013-handoff,1000.7561137106189,1010.2297979211452,中继,RU-001,123.77442449618124,122.0
P00024,S014-handoff,1001.8558906011892,1011.8558906011892,中继,RU-001,124.72576890840894,122.0
P00011,S006-handoff,1002.3351766461144,1012.1800226456795,直连,,120.11755663365312,122.0
P00020,leg1-cruise,1002.3480228743854,1007.0740628033075,中继,RU-001,126.88489472186961,122.0
P00035,S001-handoff,1004.003455934199,1013.9873252077712,直连,,119.77894086539243,122.0
P00020,leg1-cruise,1007.0740628033075,1011.8001027322296,中继,RU-001,126.973063389348,122.0
P00137,leg2-cruise,1009.2629815737005,1018.8834397984979,直连,,103.27268683285988,122.0
P00146,leg2-cruise,1009.2629815737005,1018.8834397984979,直连,,103.27268683285988,122.0
P00057,S007-handoff,1009.2993198680954,1019.2993198680954,中继,RU-002,123.19203596345481,122.0
P00107,S013-handoff,1010.2297979211452,1019.7034821316715,中继,RU-001,123.77442449618124,122.0
P00020,leg1-cruise,1011.8001027322296,1016.5261426611517,中继,RU-001,127.06034717217645,122.0
P00024,S014-handoff,1011.8558906011892,1021.8558906011892,中继,RU-001,124.72576890840894,122.0
P00011,S006-handoff,1012.1800226456795,1022.0248686452446,直连,,120.11755663365312,122.0
P00035,S001-handoff,1013.9873252077712,1023.9711944813433,直连,,119.77894086539243,122.0
P00020,leg1-cruise,1016.5261426611517,1021.2521825900737,中继,RU-001,127.14676362981162,122.0
P00137,leg2-cruise,1018.8834397984979,1028.5038980232953,直连,,102.55434719834662,122.0
P00146,leg2-cruise,1018.8834397984979,1028.5038980232953,直连,,102.55434719834662,122.0
P00057,S007-handoff,1019.2993198680954,1029.2993198680954,中继,RU-002,123.19203596345481,122.0
P00107,S013-handoff,1019.7034821316715,1029.1771663421978,中继,RU-001,123.77442449618124,122.0
P00020,leg1-cruise,1021.2521825900737,1025.9782225189958,中继,RU-001,127.23232980488899,122.0
P00024,S014-handoff,1021.8558906011892,1031.8558906011892,中继,RU-001,124.72576890840894,122.0
P00011,S006-handoff,1022.0248686452446,1031.8697146448098,直连,,120.11755663365312,122.0
P00035,S001-handoff,1023.9711944813433,1033.9550637549155,直连,,119.77894086539243,122.0
P00020,leg1-cruise,1025.9782225189958,1030.704262447918,中继,RU-001,127.31706224327739,122.0
P00137,leg2-cruise,1028.5038980232953,1038.124356248093,直连,,101.77183269745672,122.0
P00146,leg2-cruise,1028.5038980232953,1038.124356248093,直连,,101.77183269745672,122.0
P00107,S013-handoff,1029.1771663421978,1038.6508505527243,中继,RU-001,123.77442449618124,122.0
P00057,S007-handoff,1029.2993198680954,1039.2993198680954,中继,RU-002,123.19203596345481,122.0
P00020,leg1-cruise,1030.704262447918,1035.43030237684,中继,RU-001,127.40097701317532,122.0
P00024,S014-handoff,1031.8558906011892,1041.8558906011892,中继,RU-001,124.72576890840894,122.0
P00011,S006-handoff,1031.8697146448098,1041.7145606443748,直连,,120.11755663365312,122.0
P00035,S001-handoff,1033.9550637549155,1043.9389330284876,直连,,119.77894086539243,122.0
P00020,leg1-descent,1035.43030237684,1044.3303687017099,中继,RU-001,127.4421741698095,122.0
P00137,leg2-cruise,1038.124356248093,1047.7448144728903,直连,,100.91269562778332,122.0
P00146,leg2-cruise,1038.124356248093,1047.7448144728903,直连,,100.91269562778332,122.0
P00107,S013-handoff,1038.6508505527243,1048.1245347632505,中继,RU-001,123.77442449618124,122.0
P00057,S007-handoff,1039.2993198680954,1049.2993198680954,中继,RU-002,123.19203596345481,122.0
P00011,S006-handoff,1041.7145606443748,1051.5594066439398,直连,,120.11755663365312,122.0
P00024,S014-handoff,1041.8558906011892,1051.8558906011892,中继,RU-001,124.72576890840894,122.0
P00035,S001-handoff,1043.9389330284876,1053.9228023020598,直连,,119.77894086539243,122.0
P00020,leg1-descent,1044.3303687017099,1053.2304350265797,中继,RU-001,127.44131589104262,122.0
P00137,leg2-cruise,1047.7448144728903,1057.3652726976877,直连,,99.96053775371531,122.0
P00146,leg2-cruise,1047.7448144728903,1057.3652726976877,直连,,99.96053775371531,122.0
P00107,S013-handoff,1048.1245347632505,1057.5982189737767,中继,RU-001,123.77442449618124,122.0
P00057,S007-handoff,1049.2993198680954,1059.2993198680954,中继,RU-002,123.19203596345481,122.0
P00011,S006-handoff,1051.5594066439398,1061.404252643505,直连,,120.11755663365312,122.0
P00024,S014-handoff,1051.8558906011892,1061.8558906011892,中继,RU-001,124.72576890840894,122.0
P00020,leg1-descent,1053.2304350265797,1062.1305013514493,中继,RU-001,127.44053593972625,122.0
P00035,S001-handoff,1053.9228023020598,1063.906671575632,直连,,119.77894086539243,122.0
P00137,leg2-cruise,1057.3652726976877,1066.9857309224853,直连,,98.89318002892658,122.0
P00146,leg2-cruise,1057.3652726976877,1066.9857309224853,直连,,98.89318002892658,122.0
P00107,S013-handoff,1057.5982189737767,1067.0719031843032,中继,RU-001,123.77442449618124,122.0
P00057,S007-handoff,1059.2993198680954,1069.2993198680954,中继,RU-002,123.19203596345481,122.0
P00011,S006-handoff,1061.404252643505,1071.2490986430703,直连,,120.11755663365312,122.0
P00024,S014-handoff,1061.8558906011892,1071.8558906011892,中继,RU-001,124.72576890840894,122.0
P00020,leg1-descent,1062.1305013514493,1071.0305676763192,中继,RU-001,127.43983435809713,122.0
P00035,S001-handoff,1063.906671575632,1073.8905408492042,直连,,119.77894086539243,122.0
P00137,leg2-cruise,1066.9857309224853,1076.6061891472827,直连,,97.6796719557113,122.0
P00146,leg2-cruise,1066.9857309224853,1076.6061891472827,直连,,97.6796719557113,122.0
P00107,S013-handoff,1067.0719031843032,1076.5455873948295,中继,RU-001,123.77442449618124,122.0
P00057,S007-handoff,1069.2993198680954,1079.2993198680954,中继,RU-002,123.19203596345481,122.0
P00020,leg1-descent,1071.0305676763192,1079.930634001189,中继,RU-001,127.43921118416316,122.0
P00011,S006-handoff,1071.2490986430703,1081.0939446426353,直连,,120.11755663365312,122.0
P00024,S014-handoff,1071.8558906011892,1081.8558906011892,中继,RU-001,124.72576890840894,122.0
P00035,S001-handoff,1073.8905408492042,1083.8744101227762,直连,,119.77894086539243,122.0
P00107,leg2-climb,1076.5455873948295,1085.0106081467825,中继,RU-001,123.77540942387138,122.0
P00137,leg2-cruise,1076.6061891472827,1086.2266473720802,直连,,96.27518598498251,122.0
P00146,leg2-cruise,1076.6061891472827,1086.2266473720802,直连,,96.27518598498251,122.0
P00057,S007-handoff,1079.2993198680954,1089.2993198680954,中继,RU-002,123.19203596345481,122.0
P00020,leg1-descent,1079.930634001189,1088.8307003260588,中继,RU-001,127.43866645169653,122.0
P00011,S006-handoff,1081.0939446426353,1090.9387906422003,直连,,120.11755663365312,122.0
P00024,S014-handoff,1081.8558906011892,1091.8558906011892,中继,RU-001,124.72576890840894,122.0
P00035,S001-handoff,1083.8744101227762,1093.8582793963485,直连,,119.77894086539243,122.0
P00107,leg2-climb,1085.0106081467825,1093.4756288987357,中继,RU-001,123.77755686772966,122.0
P00137,leg2-cruise,1086.2266473720802,1095.8471055968778,直连,,94.6119070737411,122.0
P00146,leg2-cruise,1086.2266473720802,1095.8471055968778,直连,,94.6119070737411,122.0
P00020,S012-handoff,1088.8307003260588,1098.5990787212274,中继,RU-001,127.43842351040759,122.0
P00057,S007-handoff,1089.2993198680954,1099.2993198680954,中继,RU-002,123.19203596345481,122.0
P00011,S006-handoff,1090.9387906422003,1100.7836366417655,直连,,120.11755663365312,122.0
P00024,S014-handoff,1091.8558906011892,1101.8558906011892,中继,RU-001,124.72576890840894,122.0
P00107,leg2-climb,1093.4756288987357,1101.9406496506888,中继,RU-001,123.77994079924201,122.0
P00035,S001-handoff,1093.8582793963485,1103.8421486699206,直连,,119.77894086539243,122.0
P00137,leg2-cruise,1095.8471055968778,1105.4675638216752,直连,,92.5823344913062,122.0
P00146,leg2-cruise,1095.8471055968778,1105.4675638216752,直连,,92.5823344913062,122.0
P00020,S012-handoff,1098.5990787212274,1108.367457116396,中继,RU-001,127.43842351040759,122.0
P00057,S007-handoff,1099.2993198680954,1109.2993198680954,中继,RU-002,123.19203596345481,122.0
P00011,S006-handoff,1100.7836366417655,1110.6284826413305,直连,,120.11755663365312,122.0
P00024,S014-handoff,1101.8558906011892,1111.8558906011892,中继,RU-001,124.72576890840894,122.0
P00107,leg2-climb,1101.9406496506888,1110.4056704026418,中继,RU-001,123.78256082858304,122.0
P00035,S001-handoff,1103.8421486699206,1113.8260179434926,直连,,119.77894086539243,122.0
P00137,leg2-cruise,1105.4675638216752,1115.0880220464726,直连,,90.01121611819676,122.0
P00146,leg2-cruise,1105.4675638216752,1115.0880220464726,直连,,90.01121611819676,122.0
P00020,S012-handoff,1108.367457116396,1118.1358355115644,中继,RU-001,127.43842351040759,122.0
P00057,S007-handoff,1109.2993198680954,1119.2993198680954,中继,RU-002,123.19203596345481,122.0
P00107,leg2-climb,1110.4056704026418,1118.870691154595,中继,RU-001,123.78541652789599,122.0
P00011,S006-handoff,1110.6284826413305,1120.4733286408957,直连,,120.11755663365312,122.0
P00024,S014-handoff,1111.8558906011892,1121.8558906011892,中继,RU-001,124.72576890840894,122.0
P00035,S001-handoff,1113.8260179434926,1123.809887217065,直连,,119.77894086539243,122.0
P00137,leg2-cruise,1115.0880220464726,1124.7084802712702,直连,,86.65361699628761,122.0
P00146,leg2-cruise,1115.0880220464726,1124.7084802712702,直连,,86.65361699628761,122.0
P00020,S012-handoff,1118.1358355115644,1127.904213906733,中继,RU-001,127.43842351040759,122.0
P00107,leg2-climb,1118.870691154595,1127.335711906548,中继,RU-001,123.78850743152448,122.0
P00057,S007-handoff,1119.2993198680954,1129.2993198680954,中继,RU-002,123.19203596345481,122.0
P00011,S006-handoff,1120.4733286408957,1130.3181746404607,直连,,120.11755663365312,122.0
P00024,S014-handoff,1121.8558906011892,1131.8558906011892,中继,RU-001,124.72576890840894,122.0
P00035,S001-handoff,1123.809887217065,1133.793756490637,直连,,119.77894086539243,122.0
P00137,leg2-cruise,1124.7084802712702,1134.3289384960676,直连,,82.85233092767896,122.0
P00146,leg2-cruise,1124.7084802712702,1134.3289384960676,直连,,82.85233092767896,122.0
P00107,leg2-cruise,1127.335711906548,1136.9423349121932,中继,RU-001,123.77087674525487,122.0
P00020,S012-handoff,1127.904213906733,1137.6725923019017,中继,RU-001,127.43842351040759,122.0
P00057,S007-handoff,1129.2993198680954,1139.2993198680954,中继,RU-002,123.19203596345481,122.0
P00011,S006-handoff,1130.3181746404607,1140.163020640026,直连,,120.11755663365312,122.0
P00024,S014-handoff,1131.8558906011892,1141.8558906011892,中继,RU-001,124.72576890840894,122.0
P00035,S001-handoff,1133.793756490637,1143.7776257642092,直连,,119.77894086539243,122.0
P00137,leg2-descent,1134.3289384960676,1144.0193791698957,直连,,81.13449505143436,122.0
P00146,leg2-descent,1134.3289384960676,1144.0193791698957,直连,,81.13449505143436,122.0
P00107,leg2-cruise,1136.9423349121932,1146.5489579178386,中继,RU-001,123.73580110249925,122.0
P00020,S012-handoff,1137.6725923019017,1147.4409706970703,中继,RU-001,127.43842351040759,122.0
P00057,S007-handoff,1139.2993198680954,1149.2993198680954,中继,RU-002,123.19203596345481,122.0
P00011,S006-handoff,1140.163020640026,1150.007866639591,直连,,120.11755663365312,122.0
P00024,S014-handoff,1141.8558906011892,1151.8558906011892,中继,RU-001,124.72576890840894,122.0
P00035,S001-handoff,1143.7776257642092,1153.7614950377813,直连,,119.77894086539243,122.0
P00137,leg2-descent,1144.0193791698957,1153.7098198437238,直连,,79.04372855980824,122.0
P00146,leg2-descent,1144.0193791698957,1153.7098198437238,直连,,79.04372855980824,122.0
P00107,leg2-cruise,1146.5489579178386,1156.1555809234837,中继,RU-001,123.7054233210859,122.0
P00020,S012-handoff,1147.4409706970703,1157.2093490922389,中继,RU-001,127.43842351040759,122.0
P00057,S007-handoff,1149.2993198680954,1159.2993198680954,中继,RU-002,123.19203596345481,122.0
P00011,S006-handoff,1150.007866639591,1159.8527126391562,直连,,120.11755663365312,122.0
P00024,S014-handoff,1151.8558906011892,1161.8558906011892,中继,RU-001,124.72576890840894,122.0
P00137,leg2-descent,1153.7098198437238,1163.400260517552,直连,,76.28456620563057,122.0
P00146,leg2-descent,1153.7098198437238,1163.400260517552,直连,,76.28456620563057,122.0
P00035,S001-handoff,1153.7614950377813,1163.7453643113536,直连,,119.77894086539243,122.0
P00107,leg2-cruise,1156.1555809234837,1165.7622039291289,中继,RU-001,123.67984448161991,122.0
P00020,S012-handoff,1157.2093490922389,1166.9777274874073,中继,RU-001,127.43842351040759,122.0
P00057,S007-handoff,1159.2993198680954,1169.2993198680954,中继,RU-002,123.19203596345481,122.0
P00011,S006-handoff,1159.8527126391562,1169.6975586387211,直连,,120.11755663365312,122.0
P00024,S014-handoff,1161.8558906011892,1171.8558906011892,中继,RU-001,124.72576890840894,122.0
P00137,leg2-descent,1163.400260517552,1173.09070119138,直连,,72.21730887279034,122.0
P00146,leg2-descent,1163.400260517552,1173.09070119138,直连,,72.21730887279034,122.0
P00035,S001-handoff,1163.7453643113536,1173.7292335849256,直连,,119.77894086539243,122.0
P00107,leg2-cruise,1165.7622039291289,1175.3688269347742,中继,RU-001,123.6591509901574,122.0
P00020,S012-handoff,1166.9777274874073,1176.7461058825759,中继,RU-001,127.43842351040759,122.0
P00057,S007-handoff,1169.2993198680954,1179.2993198680954,中继,RU-002,123.19203596345481,122.0
P00011,S006-handoff,1169.6975586387211,1179.5424046382864,直连,,120.11755663365312,122.0
P00024,S014-handoff,1171.8558906011892,1181.8558906011892,中继,RU-001,124.72576890840894,122.0
P00137,leg2-descent,1173.09070119138,1182.7811418652082,直连,,64.31881537331907,122.0
P00146,leg2-descent,1173.09070119138,1182.7811418652082,直连,,64.31881537331907,122.0
P00035,S001-handoff,1173.7292335849256,1183.7131028584977,直连,,119.77894086539243,122.0
P00107,leg2-cruise,1175.3688269347742,1184.9754499404194,中继,RU-001,123.64341362745654,122.0
P00020,S012-handoff,1176.7461058825759,1186.5144842777445,中继,RU-001,127.43842351040759,122.0
P00057,S007-handoff,1179.2993198680954,1189.2993198680954,中继,RU-002,123.19203596345481,122.0
P00011,S006-handoff,1179.5424046382864,1189.3872506378514,直连,,120.11755663365312,122.0
P00024,S014-handoff,1181.8558906011892,1191.8558906011892,中继,RU-001,124.72576890840894,122.0
P00137,leg2-descent,1182.7811418652082,1192.4715825390363,直连,,57.9924056583726,122.0
P00146,leg2-descent,1182.7811418652082,1192.4715825390363,直连,,57.9924056583726,122.0
P00035,S001-handoff,1183.7131028584977,1193.69697213207,直连,,119.77894086539243,122.0
P00107,leg2-cruise,1184.9754499404194,1194.5820729460645,中继,RU-001,123.63268675458113,122.0
P00020,S012-handoff,1186.5144842777445,1196.282862672913,中继,RU-001,127.43842351040759,122.0
P00057,S007-handoff,1189.2993198680954,1199.2993198680954,中继,RU-002,123.19203596345481,122.0
P00011,S006-handoff,1189.3872506378514,1199.2320966374164,直连,,120.11755663365312,122.0
P00024,S014-handoff,1191.8558906011892,1201.8558906011892,中继,RU-001,124.72576890840894,122.0
P00035,S001-handoff,1193.69697213207,1203.680841405642,直连,,119.77894086539243,122.0
P00107,leg2-cruise,1194.5820729460645,1204.1886959517099,中继,RU-001,123.6270076932911,122.0
P00020,S012-handoff,1196.282862672913,1206.0512410680815,中继,RU-001,127.43842351040759,122.0
P00011,S006-handoff,1199.2320966374164,1209.0769426369816,直连,,120.11755663365312,122.0
P00057,S007-handoff,1199.2993198680954,1209.2993198680954,中继,RU-002,123.19203596345481,122.0
P00024,S014-handoff,1201.8558906011892,1211.8558906011892,中继,RU-001,124.72576890840894,122.0
P00035,S001-handoff,1203.680841405642,1213.6647106792143,直连,,119.77894086539243,122.0
P00107,leg2-cruise,1204.1886959517099,1213.795318957355,中继,RU-001,123.62639629583686,122.0
P00020,S012-handoff,1206.0512410680815,1215.81961946325,中继,RU-001,127.43842351040759,122.0
P00011,leg2-climb,1209.0769426369816,1215.916654551044,直连,,120.11881067904758,122.0
P00057,leg2-climb,1209.2993198680954,1218.3811629263637,中继,RU-002,123.1932285501916,122.0
P00024,S014-handoff,1211.8558906011892,1221.8558906011892,中继,RU-001,124.72576890840894,122.0
P00035,S001-handoff,1213.6647106792143,1223.6485799527863,直连,,119.77894086539243,122.0
P00107,leg2-cruise,1213.795318957355,1223.4019419630001,中继,RU-001,123.63085471455942,122.0
P00020,S012-handoff,1215.81961946325,1225.5879978584187,中继,RU-001,127.43842351040759,122.0
P00011,leg2-climb,1215.916654551044,1222.7563664651066,直连,,120.12150523207133,122.0
P00057,leg2-climb,1218.3811629263637,1227.4630059846318,中继,RU-002,123.19584733491773,122.0
P00024,S014-handoff,1221.8558906011892,1231.8558906011892,中继,RU-001,124.72576890840894,122.0
P00011,leg2-climb,1222.7563664651066,1229.596078379169,直连,,120.12444801078281,122.0
P00107,leg2-cruise,1223.4019419630001,1233.0085649686455,中继,RU-001,123.64036737683611,122.0
P00035,S001-handoff,1223.6485799527863,1233.6324492263584,直连,,119.77894086539243,122.0
P00020,S012-handoff,1225.5879978584187,1235.3563762535873,中继,RU-001,127.43842351040759,122.0
P00057,leg2-climb,1227.4630059846318,1236.5448490429,中继,RU-002,123.19877712436461,122.0
P00011,leg2-cruise,1229.596078379169,1234.2575964367115,直连,,120.03047599484579,122.0
P00024,S014-handoff,1231.8558906011892,1241.8558906011892,中继,RU-001,124.72576890840894,122.0
P00107,leg2-cruise,1233.0085649686455,1242.6151879742906,中继,RU-001,123.65490116601309,122.0
P00035,S001-handoff,1233.6324492263584,1243.6163184999307,直连,,119.77894086539243,122.0
P00011,leg2-cruise,1234.2575964367115,1238.9191144942542,直连,,119.83620782122023,122.0
P00020,S012-handoff,1235.3563762535873,1245.1247546487557,中继,RU-001,127.43842351040759,122.0
P00057,leg2-climb,1236.5448490429,1245.6266921011684,中继,RU-002,123.2020172884396,122.0
P00011,leg2-cruise,1238.9191144942542,1243.580632551797,直连,,119.63751800942455,122.0
P00024,leg2-climb,1241.8558906011892,1250.8118297029075,中继,RU-001,124.72660465547072,122.0
P00107,leg2-descent,1242.6151879742906,1251.3277807477282,中继,RU-001,123.66258989738601,122.0
P00011,leg2-cruise,1243.580632551797,1248.2421506093394,直连,,119.43420171446164,122.0
P00035,S001-handoff,1243.6163184999307,1253.600187773503,直连,,119.77894086539243,122.0
P00020,S012-handoff,1245.1247546487557,1254.8931330439243,中继,RU-001,127.43842351040759,122.0
P00057,leg2-climb,1245.6266921011684,1254.7085351594365,中继,RU-002,123.2055671314543,122.0
P00011,leg2-cruise,1248.2421506093394,1252.903668666882,直连,,119.22603960415074,122.0
P00024,leg2-climb,1250.8118297029075,1259.7677688046258,中继,RU-001,124.72843596494394,122.0
P00107,leg2-descent,1251.3277807477282,1260.0403735211655,中继,RU-001,123.65983113259854,122.0
P00011,leg2-cruise,1252.903668666882,1257.5651867244246,直连,,119.01279646900427,122.0
P00035,S001-handoff,1253.600187773503,1263.584057047075,直连,,119.77894086539243,122.0
P00057,leg2-climb,1254.7085351594365,1263.7903782177048,中继,RU-002,123.20942589261979,122.0
P00020,S012-handoff,1254.8931330439243,1264.661511439093,中继,RU-001,127.43842351040759,122.0
P00011,leg2-cruise,1257.5651867244246,1262.2267047819673,直连,,118.79421966247604,122.0
P00024,leg2-climb,1259.7677688046258,1268.723707906344,中继,RU-001,124.73048013350538,122.0
P00107,leg2-descent,1260.0403735211655,1268.752966294603,中继,RU-001,123.65725037529671,122.0
P00011,leg2-cruise,1262.2267047819673,1266.8882228395098,直连,,118.57003734635491,122.0
P00035,S001-handoff,1263.584057047075,1273.567926320647,直连,,119.77894086539243,122.0
P00057,leg2-cruise,1263.7903782177048,1268.761680737428,中继,RU-002,123.15451144941713,122.0
P00020,S012-handoff,1264.661511439093,1274.4298898342615,中继,RU-001,127.43842351040759,122.0
P00011,leg2-cruise,1266.8882228395098,1271.5497408970523,直连,,118.33995651152256,122.0
P00024,leg2-climb,1268.723707906344,1277.6796470080626,中继,RU-001,124.73273686035185,122.0
P00107,leg2-descent,1268.752966294603,1277.4655590680406,中继,RU-001,123.65484794400734,122.0
P00057,leg2-cruise,1268.761680737428,1273.7329832571509,中继,RU-002,123.03946705462482,122.0
P00011,leg2-cruise,1271.5497408970523,1276.211258954595,直连,,118.1036607390864,122.0
P00035,S001-handoff,1273.567926320647,1283.5517955942191,直连,,119.77894086539243,122.0
P00057,leg2-cruise,1273.7329832571509,1278.704285776874,中继,RU-002,122.92288876113606,122.0
P00020,S012-handoff,1274.4298898342615,1284.1982682294301,中继,RU-001,127.43842351040759,122.0
P00011,leg2-cruise,1276.211258954595,1280.8727770121377,直连,,117.86080766024345,122.0
P00107,leg2-descent,1277.4655590680406,1286.1781518414782,中继,RU-001,123.65262413564508,122.0
P00024,leg2-climb,1277.6796470080626,1286.635586109781,中继,RU-001,124.7352058137854,122.0
P00057,leg2-cruise,1278.704285776874,1283.6755882965972,中继,RU-002,122.80473541061757,122.0
P00011,leg2-cruise,1280.8727770121377,1285.5342950696802,直连,,117.61102606544,122.0
P00035,S001-handoff,1283.5517955942191,1293.5356648677914,直连,,119.77894086539243,122.0
P00057,leg2-cruise,1283.6755882965972,1288.6468908163201,中继,RU-002,122.68496417837505,122.0
P00020,S012-handoff,1284.1982682294301,1293.9666466245985,中继,RU-001,127.43842351040759,122.0
P00011,leg2-cruise,1285.5342950696802,1290.1958131272227,直连,,117.3539126037314,122.0
P00107,leg2-descent,1286.1781518414782,1294.8907446149155,中继,RU-001,123.65057922539064,122.0
P00024,leg2-climb,1286.635586109781,1295.5915252114992,中继,RU-001,124.73788663137519,122.0
P00057,leg2-cruise,1288.6468908163201,1293.6181933360433,中继,RU-002,122.56353048289833,122.0
P00011,leg2-cruise,1290.1958131272227,1294.8573311847654,直连,,117.08902800150226,122.0
P00035,S001-handoff,1293.5356648677914,1303.5195341413637,直连,,119.77894086539243,122.0
P00057,leg2-cruise,1293.6181933360433,1298.5894958557665,中继,RU-002,122.44038788928073,122.0
P00020,S012-handoff,1293.9666466245985,1303.7350250197671,中继,RU-001,127.43842351040759,122.0
P00011,leg2-cruise,1294.8573311847654,1299.518849242308,直连,,116.81589271508264,122.0
P00107,leg2-descent,1294.8907446149155,1303.603337388353,中继,RU-001,123.64871346657789,122.0
P00024,leg2-climb,1295.5915252114992,1304.5474643132175,中继,RU-001,124.74077892013416,122.0
P00057,leg2-cruise,1298.5894958557665,1303.5607983754896,中继,RU-002,122.31548800592746,122.0
P00011,leg2-cruise,1299.518849242308,1304.1803672998506,直连,,116.53398191404136,122.0
P00035,S001-handoff,1303.5195341413637,1313.5034034149357,直连,,119.77894086539243,122.0
P00057,leg2-cruise,1303.5607983754896,1308.5321008952128,中继,RU-002,122.1887803740812,122.0
P00107,S010-handoff,1303.603337388353,1313.5034034149357,中继,RU-001,123.64784784212937,122.0
P00020,S012-handoff,1303.7350250197671,1313.5034034149357,中继,RU-001,127.43842351040759,122.0
P00011,leg2-cruise,1304.1803672998506,1308.841885357393,直连,,116.24271966945268,122.0
P00024,leg2-climb,1304.5474643132175,1313.5034034149357,中继,RU-001,124.74388225670992,122.0
P00057,leg2-cruise,1308.5321008952128,1313.5034034149357,中继,RU-002,122.0602123494754,122.0
P00011,leg2-cruise,1308.841885357393,1318.3330569547306,直连,,115.94147219370429,122.0
P00020,S012-handoff,1313.5034034149357,1321.1670518704973,中继,RU-001,127.43842351040759,122.0
P00024,leg2-climb,1313.5034034149357,1322.1716864996267,中继,RU-001,124.74714130610103,122.0
P00035,S001-handoff,1313.5034034149357,1314.8983708492733,直连,,119.77894086539243,122.0
P00057,leg2-cruise,1313.5034034149357,1318.3330569547306,直连,,121.93160164178722,122.0
P00107,S010-handoff,1313.5034034149357,1323.1627104945253,中继,RU-001,123.64784784212937,122.0
P00035,leg2-climb,1314.8983708492733,1323.8040318600156,直连,,119.77937214525187,122.0
P00011,leg2-cruise,1318.3330569547306,1323.1627104945253,直连,,115.28830868569204,122.0
P00057,leg2-cruise,1318.3330569547306,1323.1627104945253,直连,,121.80297516956237,122.0
P00020,S012-handoff,1321.1670518704973,1328.8307003260588,中继,RU-001,127.43842351040759,122.0
P00024,leg2-cruise,1322.1716864996267,1327.046386584644,中继,RU-001,124.69032752883741,122.0
P00011,leg2-cruise,1323.1627104945253,1327.9923640343202,直连,,114.93952756325353,122.0
P00057,leg2-cruise,1323.1627104945253,1327.9923640343202,直连,,111.67243261756485,122.0
P00107,S010-handoff,1323.1627104945253,1332.822017574115,中继,RU-001,123.64784784212937,122.0
P00035,leg2-climb,1323.8040318600156,1332.7096928707576,直连,,119.78057850625036,122.0
P00024,leg2-cruise,1327.046386584644,1331.9210866696617,中继,RU-001,124.57215803855641,122.0
P00011,leg2-cruise,1327.9923640343202,1332.822017574115,直连,,114.57639259646699,122.0
P00057,leg2-cruise,1327.9923640343202,1332.822017574115,直连,,111.53991659628082,122.0
P00020,leg2-climb,1328.8307003260588,1337.7307666509287,中继,RU-001,127.43871739420227,122.0
P00024,leg2-cruise,1331.9210866696617,1336.7957867546793,中继,RU-001,124.45237032504099,122.0
P00035,leg2-climb,1332.7096928707576,1341.6153538814997,直连,,119.78224293556472,122.0
P00011,leg2-cruise,1332.822017574115,1337.6516711139097,直连,,114.19769455938889,122.0
P00057,leg2-cruise,1332.822017574115,1337.6516711139097,直连,,111.40536712580631,122.0
P00107,S010-handoff,1332.822017574115,1342.4813246537046,中继,RU-001,123.64784784212937,122.0
P00024,leg2-cruise,1336.7957867546793,1341.6704868396967,中继,RU-001,124.33091978753089,122.0
P00011,leg2-cruise,1337.6516711139097,1342.4813246537046,直连,,113.80206824888944,122.0
P00057,leg2-cruise,1337.6516711139097,1342.4813246537046,直连,,111.26872147937536,122.0
P00020,leg2-climb,1337.7307666509287,1346.6308329757985,中继,RU-001,127.43938990144393,122.0
P00035,leg2-climb,1341.6153538814997,1350.521014892242,直连,,119.78436490661834,122.0
P00024,leg2-cruise,1341.6704868396967,1346.545186924714,中继,RU-001,124.2077599704854,122.0
P00011,leg2-cruise,1342.4813246537046,1347.3109781934995,直连,,103.38796523877225,122.0
P00057,leg2-cruise,1342.4813246537046,1347.3109781934995,直连,,111.12991401507166,122.0
P00107,S010-handoff,1342.4813246537046,1352.1406317332942,中继,RU-001,123.64784784212937,122.0
P00024,leg2-cruise,1346.545186924714,1351.4198870097316,中继,RU-001,124.08284246019122,122.0
P00020,leg2-climb,1346.6308329757985,1355.5308993006681,中继,RU-001,127.44017535022608,122.0
P00011,leg2-cruise,1347.3109781934995,1352.1406317332942,直连,,102.95362064798506,122.0
P00057,leg2-cruise,1347.3109781934995,1352.1406317332942,直连,,110.98887599460447,122.0
P00035,leg2-cruise,1350.521014892242,1355.4518944846027,直连,,119.68028305738244,122.0
P00024,leg2-cruise,1351.4198870097316,1356.2945870947492,中继,RU-001,123.956116774147,122.0
P00011,leg2-cruise,1352.1406317332942,1356.970285273089,直连,,102.4970123641265,122.0
P00057,leg2-cruise,1352.1406317332942,1356.970285273089,直连,,110.84553538798977,122.0
P00107,S010-handoff,1352.1406317332942,1361.799938812884,中继,RU-001,123.64784784212937,122.0
P00035,leg2-cruise,1355.4518944846027,1360.3827740769632,直连,,119.46575150512946,122.0
P00020,leg2-climb,1355.5308993006681,1364.430965625538,中继,RU-001,127.44107367926193,122.0
P00024,leg2-cruise,1356.2945870947492,1361.1692871797666,中继,RU-001,123.82753024257711,122.0
P00011,leg2-cruise,1356.970285273089,1361.799938812884,直连,,102.0158107149305,122.0
P00057,leg2-cruise,1356.970285273089,1361.799938812884,直连,,110.69981666282105,122.0
P00035,leg2-cruise,1360.3827740769632,1365.3136536693237,直连,,119.24579666958098,122.0
P00024,leg2-cruise,1361.1692871797666,1366.043987264784,中继,RU-001,123.69702788145534,122.0
P00011,leg2-cruise,1361.799938812884,1366.6295923526786,直连,,101.50731600840186,122.0
P00057,leg2-cruise,1361.799938812884,1366.6295923526786,直连,,110.55164055664133,122.0
P00107,S010-handoff,1361.799938812884,1371.4592458924735,中继,RU-001,123.64784784212937,122.0
P00020,leg2-climb,1364.430965625538,1373.3310319504078,中继,RU-001,127.44208481848855,122.0
P00035,leg2-cruise,1365.3136536693237,1370.2445332616844,直连,,119.02013778141264,122.0
P00024,leg2-cruise,1366.043987264784,1370.9186873498015,中继,RU-001,123.56455225626361,122.0
P00011,leg2-cruise,1366.6295923526786,1371.4592458924735,直连,,100.96838065373736,122.0
P00057,leg2-cruise,1366.6295923526786,1371.4592458924735,直连,,110.40092383085941,122.0
P00035,leg2-cruise,1370.2445332616844,1375.175412854045,直连,,118.78847173362034,122.0
P00024,leg2-cruise,1370.9186873498015,1375.7933874348191,中继,RU-001,123.43004333569071,122.0
P00011,leg2-cruise,1371.4592458924735,1376.2888994322684,直连,,100.39531175036218,122.0
P00057,leg2-cruise,1371.4592458924735,1376.2888994322684,直连,,110.24757900433814,122.0
P00107,S010-handoff,1371.4592458924735,1381.118552972063,中继,RU-001,123.64784784212937,122.0
P00020,leg2-cruise,1373.3310319504078,1378.004703318708,中继,RU-001,127.40143968845952,122.0
P00035,leg2-cruise,1375.175412854045,1380.1062924464054,直连,,118.55047065271467,122.0
P00024,leg2-cruise,1375.7933874348191,1380.6680875198365,中继,RU-001,123.29343833437102,122.0
P00011,leg2-cruise,1376.2888994322684,1381.118552972063,直连,,99.78374920382595,122.0
P00057,leg2-cruise,1376.2888994322684,1381.118552972063,直连,,110.09151406470887,122.0
P00020,leg2-cruise,1378.004703318708,1382.6783746870083,中继,RU-001,127.31846365285925,122.0
P00035,leg2-cruise,1380.1062924464054,1385.0371720387661,直连,,118.30577913135821,122.0
P00024,leg2-cruise,1380.6680875198365,1385.5427876048539,中继,RU-001,123.1546715436945,122.0
P00011,leg2-cruise,1381.118552972063,1385.948206511858,直连,,99.12851395168,122.0
P00057,leg2-cruise,1381.118552972063,1385.948206511858,直连,,109.93263215516012,122.0
P00107,S010-handoff,1381.118552972063,1390.7778600516529,中继,RU-001,123.64784784212937,122.0
P00020,leg2-cruise,1382.6783746870083,1387.3520460553086,中继,RU-001,127.23468822746928,122.0
P00035,leg2-cruise,1385.0371720387661,1389.9680516311266,直连,,118.05401106435801,122.0
P00024,leg2-cruise,1385.5427876048539,1390.4174876898715,中继,RU-001,123.01367414955548,122.0
P00011,leg2-cruise,1385.948206511858,1390.7778600516529,直连,,98.42342172054619,122.0
P00057,leg2-cruise,1385.948206511858,1390.7778600516529,直连,,109.77083123422963,122.0
P00020,leg2-cruise,1387.3520460553086,1392.025717423609,中继,RU-001,127.15009788242756,122.0
P00035,leg2-cruise,1389.9680516311266,1394.8989312234871,直连,,117.7947460179854,122.0
P00024,leg2-cruise,1390.4174876898715,1395.292187774889,中继,RU-001,122.87037403588931,122.0
P00011,leg2-cruise,1390.7778600516529,1395.6075135914475,直连,,97.66106236051745,122.0
P00057,leg2-cruise,1390.7778600516529,1395.6075135914475,直连,,109.60600370579087,122.0
P00107,S010-handoff,1390.7778600516529,1400.4371671312424,中继,RU-001,123.64784784212937,122.0
P00020,leg2-cruise,1392.025717423609,1396.6993887919093,中继,RU-001,127.0646766315177,122.0
P00035,leg2-cruise,1394.8989312234871,1399.8298108158478,直连,,117.52752504771122,122.0
P00024,leg2-cruise,1395.292187774889,1400.1668878599064,中继,RU-001,122.72469557262055,122.0
P00011,leg2-cruise,1395.6075135914475,1400.4371671312424,直连,,96.8325594790894,122.0
P00057,leg2-cruise,1395.6075135914475,1400.4371671312424,直连,,109.43803601619813,122.0
P00020,leg2-cruise,1396.6993887919093,1401.3730601602097,中继,RU-001,126.9784080141442,122.0
P00035,leg2-cruise,1399.8298108158478,1404.7606904082083,直连,,117.25184586103256,122.0
P00024,leg2-cruise,1400.1668878599064,1405.0415879449238,中继,RU-001,122.57655938655368,122.0
P00011,leg2-cruise,1400.4371671312424,1405.2668206710373,直连,,95.92736577585461,122.0
P00057,leg2-cruise,1400.4371671312424,1405.2668206710373,直连,,109.26680821502916,122.0
P00107,S010-handoff,1400.4371671312424,1410.096474210832,中继,RU-001,123.64784784212937,122.0
P00020,leg2-cruise,1401.3730601602097,1406.04673152851,中继,RU-001,126.89127507639999,122.0
P00035,leg2-cruise,1404.7606904082083,1409.6915700005688,直连,,116.96715719871396,122.0
P00024,leg2-cruise,1405.0415879449238,1409.9162880299414,中继,RU-001,122.42588211357567,122.0
P00011,leg2-cruise,1405.2668206710373,1410.096474210832,直连,,94.93325734481714,122.0
P00057,leg2-cruise,1405.2668206710373,1410.096474210832,直连,,109.09219347559798,122.0
P00020,leg2-cruise,1406.04673152851,1410.7204028968101,中继,RU-001,126.80326035118311,122.0
P00035,leg2-cruise,1409.6915700005688,1414.6224495929296,直连,,116.67285227841766,122.0
P00024,leg2-cruise,1409.9162880299414,1414.790988114959,中继,RU-001,122.27257613029585,122.0
P00011,leg2-cruise,1410.096474210832,1414.9261277506268,直连,,93.8369731317309,122.0
P00057,leg2-cruise,1410.096474210832,1414.9261277506268,直连,,108.9140575708357,122.0
P00107,S010-handoff,1410.096474210832,1419.7557812904217,中继,RU-001,123.64784784212937,122.0
P00020,leg2-cruise,1410.7204028968101,1415.3940742651102,中继,RU-001,126.71434583731207,122.0
P00035,leg2-cruise,1414.6224495929296,1419.55332918529,直连,,116.36826110725438,122.0
P00024,leg2-cruise,1414.790988114959,1419.6656881999763,中继,RU-001,122.11654926314404,122.0
P00011,leg2-cruise,1414.9261277506268,1419.7557812904217,直连,,92.62668619897194,122.0
P00057,leg2-cruise,1414.9261277506268,1419.7557812904217,直连,,108.73225829961086,122.0
P00020,leg2-cruise,1415.3940742651102,1420.0677456334106,中继,RU-001,126.62451297755368,122.0
P00035,leg2-cruise,1419.55332918529,1424.4842087776506,直连,,116.05264142168187,122.0
P00024,leg2-cruise,1419.6656881999763,1424.5403882849937,中继,RU-001,121.95770447261006,122.0
P00011,leg2-cruise,1419.7557812904217,1424.5854348302164,直连,,91.29939435833882,122.0
P00057,leg2-cruise,1419.7557812904217,1424.5854348302164,直连,,108.54664485802658,122.0
P00107,S010-handoff,1419.7557812904217,1429.4150883700113,中继,RU-001,123.64784784212937,122.0
P00020,leg2-cruise,1420.0677456334106,1424.741417001711,中继,RU-001,126.53374263553034,122.0
P00035,leg2-cruise,1424.4842087776506,1429.4150883700113,直连,,115.72516795118749,122.0
P00024,leg2-cruise,1424.5403882849937,1429.4150883700113,直连,,121.7959395101008,122.0
P00011,leg2-cruise,1424.5854348302164,1429.4150883700113,直连,,89.88075358313345,122.0
P00057,leg2-cruise,1424.5854348302164,1429.4150883700113,直连,,108.35705714937843,122.0
P00020,leg2-cruise,1424.741417001711,1429.4150883700113,中继,RU-001,126.44201507139523,122.0
P00011,leg2-cruise,1429.4150883700113,1435.54002698312,直连,,88.29479382960677,122.0
P00020,leg2-cruise,1429.4150883700113,1434.1615261657976,中继,RU-001,126.34858434323674,122.0
P00024,leg2-cruise,1429.4150883700113,1434.1615261657976,直连,,121.63333468556223,122.0
P00035,leg2-cruise,1429.4150883700113,1434.2356017651969,直连,,115.3888018098032,122.0
P00057,leg2-cruise,1429.4150883700113,1434.1615261657976,直连,,108.16501224785162,122.0
P00107,S010-handoff,1429.4150883700113,1438.4464632064016,中继,RU-001,123.64784784212937,122.0
P00020,leg2-cruise,1434.1615261657976,1438.9079639615836,中继,RU-001,126.25340566599637,122.0
P00024,leg2-cruise,1434.1615261657976,1438.9079639615836,直连,,121.46990078509896,122.0
P00057,leg2-cruise,1434.1615261657976,1438.9079639615836,直连,,107.97044232451908,122.0
P00035,leg2-cruise,1434.2356017651969,1439.0561151603824,直连,,115.04298721966478,122.0
P00011,leg2-cruise,1435.54002698312,1441.6649655962287,直连,,87.02719978887833,122.0
P00107,S010-handoff,1438.4464632064016,1447.477838042792,中继,RU-001,123.64784784212937,122.0
P00020,leg2-cruise,1438.9079639615836,1443.6544017573697,中继,RU-001,126.15717411076025,122.0
P00024,leg2-cruise,1438.9079639615836,1443.6544017573697,直连,,121.3033788614071,122.0
P00057,leg2-cruise,1438.9079639615836,1443.6544017573697,直连,,107.77151347448681,122.0
P00035,leg2-cruise,1439.0561151603824,1443.876628555568,直连,,114.68290626506658,122.0
P00011,leg2-descent,1441.6649655962287,1451.5982089027066,直连,,86.43487100401201,122.0
P00020,leg2-cruise,1443.6544017573697,1448.400839553156,中继,RU-001,126.05986616595402,122.0
P00024,leg2-cruise,1443.6544017573697,1448.400839553156,直连,,121.13365187125295,122.0
P00057,leg2-cruise,1443.6544017573697,1448.400839553156,直连,,107.56803092799065,122.0
P00035,leg2-cruise,1443.876628555568,1448.6971419507536,直连,,114.30733810985231,122.0
P00107,S010-handoff,1447.477838042792,1456.509212879182,中继,RU-001,123.64784784212937,122.0
P00020,leg2-cruise,1448.400839553156,1453.1472773489422,中继,RU-001,125.96145752500897,122.0
P00024,leg2-cruise,1448.400839553156,1453.1472773489422,直连,,120.96059611023121,122.0
P00057,leg2-cruise,1448.400839553156,1453.1472773489422,直连,,107.35978695760109,122.0
P00035,leg2-cruise,1448.6971419507536,1453.5176553459391,直连,,103.91489923950384,122.0
P00011,leg2-descent,1451.5982089027066,1461.5314522091844,直连,,85.56497153273415,122.0
P00020,leg2-cruise,1453.1472773489422,1457.8937151447285,中继,RU-001,125.86192305016709,122.0
P00024,leg2-cruise,1453.1472773489422,1457.8937151447285,直连,,120.78408070829587,122.0
P00057,leg2-cruise,1453.1472773489422,1457.8937151447285,直连,,107.14655974647465,122.0
P00035,leg2-cruise,1453.5176553459391,1458.3381687411247,直连,,103.50401343390132,122.0
P00107,S010-handoff,1456.509212879182,1465.5405877155724,中继,RU-001,123.64784784212937,122.0
P00020,leg2-cruise,1457.8937151447285,1462.6401529405148,中继,RU-001,125.7612367342315,122.0
P00024,leg2-cruise,1457.8937151447285,1462.6401529405148,直连,,120.60396707788215,122.0
P00057,leg2-cruise,1457.8937151447285,1462.6401529405148,直连,,106.92811213677311,122.0
P00035,leg2-cruise,1458.3381687411247,1463.1586821363103,直连,,103.07287453843317,122.0
P00011,leg2-descent,1461.5314522091844,1471.4646955156622,直连,,84.59815450386203,122.0
P00020,leg2-cruise,1462.6401529405148,1467.3865907363008,中继,RU-001,125.65937166007802,122.0
P00024,leg2-cruise,1462.6401529405148,1467.3865907363008,直连,,120.42010830930127,122.0
P00057,leg2-cruise,1462.6401529405148,1467.3865907363008,直连,,106.70419024373855,122.0
P00035,leg2-cruise,1463.1586821363103,1467.9791955314956,直连,,102.61939987857107,122.0
P00107,S010-handoff,1465.5405877155724,1474.5719625519628,中继,RU-001,123.64784784212937,122.0
P00020,leg2-cruise,1467.3865907363008,1472.1330285320869,中继,RU-001,125.55629995778682,122.0
P00024,leg2-cruise,1467.3865907363008,1472.1330285320869,直连,,120.23234850753005,122.0
P00057,leg2-cruise,1467.3865907363008,1472.1330285320869,直连,,106.47452191946107,122.0
P00035,leg2-cruise,1467.9791955314956,1472.7997089266812,直连,,102.14117138109108,122.0
P00011,leg2-descent,1471.4646955156622,1481.3979388221403,直连,,83.5100848168874,122.0
P00020,leg2-cruise,1472.1330285320869,1476.8794663278732,中继,RU-001,125.45199275924472,122.0
P00024,leg2-cruise,1472.1330285320869,1476.8794663278732,直连,,110.04052206362803,122.0
P00057,leg2-cruise,1472.1330285320869,1476.8794663278732,直连,,106.23881504810197,122.0
P00035,leg2-cruise,1472.7997089266812,1477.6202223218668,直连,,101.63536034719748,122.0
P00107,S010-handoff,1474.5719625519628,1483.603337388353,中继,RU-001,123.64784784212937,122.0
P00020,leg2-cruise,1476.8794663278732,1481.6259041236594,中继,RU-001,125.3464201499853,122.0
P00024,leg2-cruise,1476.8794663278732,1481.6259041236594,直连,,109.8444528532622,122.0
P00057,leg2-cruise,1476.8794663278732,1481.6259041236594,直连,,105.99675565261643,122.0
P00035,leg2-cruise,1477.6202223218668,1482.4407357170523,直连,,101.0986301997878,122.0
P00011,leg2-descent,1481.3979388221403,1491.3311821286181,直连,,82.26592811377245,122.0
P00020,leg2-cruise,1481.6259041236594,1486.3723419194457,中继,RU-001,125.23955111812997,122.0
P00024,leg2-cruise,1481.6259041236594,1486.3723419194457,直连,,109.64395335384323,122.0
P00057,leg2-cruise,1481.6259041236594,1486.3723419194457,直连,,105.7480057905055,122.0
P00035,leg2-cruise,1482.4407357170523,1487.261249112238,直连,,100.52700913567882,122.0
P00107,leg3-climb,1483.603337388353,1492.9407302377456,中继,RU-001,123.64896933281241,122.0
P00020,leg2-cruise,1486.3723419194457,1491.118779715232,中继,RU-001,125.13135350015654,122.0
P00024,leg2-cruise,1486.3723419194457,1491.118779715232,直连,,109.43882367056747,122.0
P00057,leg2-cruise,1486.3723419194457,1491.118779715232,直连,,105.4922012142496,122.0
P00035,leg2-cruise,1487.261249112238,1492.0817625074235,直连,,99.91572103194736,122.0
P00020,leg2-cruise,1491.118779715232,1495.865217511018,中继,RU-001,125.02179392329204,122.0
P00024,leg2-cruise,1491.118779715232,1495.865217511018,直连,,109.22885046050175,122.0
P00057,leg2-cruise,1491.118779715232,1495.865217511018,直连,,105.2289487696461,122.0
P00011,leg2-descent,1491.3311821286181,1501.264425435096,直连,,80.81328009311835,122.0
P00035,leg2-cruise,1492.0817625074235,1496.902275902609,直连,,99.25895750523877,122.0
P00107,leg3-climb,1492.9407302377456,1502.2781230871378,中继,RU-001,123.65143473071883,122.0
P00020,leg2-cruise,1495.865217511018,1500.611655306804,中继,RU-001,124.91083774427919,122.0
P00024,leg2-cruise,1495.865217511018,1500.611655306804,直连,,109.01380574243697,122.0
P00057,leg2-cruise,1495.865217511018,1500.611655306804,直连,,104.95782350386283,122.0
P00035,leg2-cruise,1496.902275902609,1501.7227892977946,直连,,98.54956559947797,122.0
P00020,leg2-cruise,1500.611655306804,1505.3580931025904,中继,RU-001,124.79844898419944,122.0
P00024,leg2-cruise,1500.611655306804,1505.3580931025904,直连,,108.7934455785198,122.0
P00057,leg2-cruise,1500.611655306804,1505.3580931025904,直连,,104.67836545360755,122.0
P00011,leg2-descent,1501.264425435096,1511.1976687415738,直连,,79.06791483438533,122.0
P00035,leg2-cruise,1501.7227892977946,1506.5433026929802,直连,,97.77861238765264,122.0
P00107,leg3-climb,1502.2781230871378,1511.6155159365303,中继,RU-001,123.65419625647414,122.0
P00020,leg2-cruise,1505.3580931025904,1510.1045308983767,中继,RU-001,124.68459025910697,122.0
P00024,leg2-cruise,1505.3580931025904,1510.1045308983767,直连,,108.56750861198236,122.0
P00057,leg2-cruise,1505.3580931025904,1510.1045308983767,直连,,104.3900760843446,122.0
P00035,leg2-cruise,1506.5433026929802,1511.3638160881658,直连,,96.93476697571742,122.0
P00020,leg2-cruise,1510.1045308983767,1514.8509686941627,中继,RU-001,124.56922270608409,122.0
P00024,leg2-cruise,1510.1045308983767,1514.8509686941627,直连,,108.33571444329766,122.0
P00057,leg2-cruise,1510.1045308983767,1514.8509686941627,直连,,104.09241435350413,122.0
P00011,leg2-descent,1511.1976687415738,1521.1309120480516,直连,,76.88131283538885,122.0
P00035,leg2-cruise,1511.3638160881658,1516.1843294833513,直连,,96.00340785205798,122.0
P00107,leg3-cruise,1511.6155159365303,1516.5930575007187,中继,RU-001,123.60143102243215,122.0
P00020,leg2-cruise,1514.8509686941627,1519.5974064899488,中继,RU-001,124.4523059043896,122.0
P00024,leg2-cruise,1514.8509686941627,1519.5974064899488,直连,,108.09776182474175,122.0
P00057,leg2-cruise,1514.8509686941627,1519.5974064899488,直连,,103.78479237686771,122.0
P00035,leg2-cruise,1516.1843294833513,1521.0048428785367,直连,,94.96531490304368,122.0
P00107,leg3-cruise,1516.5930575007187,1521.5705990649074,中继,RU-001,123.49189357264294,122.0
P00020,leg2-cruise,1519.5974064899488,1524.343844285735,中继,RU-001,124.33379779130692,122.0
P00024,leg2-cruise,1519.5974064899488,1524.343844285735,直连,,107.85332665109328,122.0
P00057,leg2-cruise,1519.5974064899488,1524.343844285735,直连,,103.46657068846585,122.0
P00035,leg2-cruise,1521.0048428785367,1525.8253562737223,直连,,93.7947445229385,122.0
P00011,leg2-descent,1521.1309120480516,1531.0641553545297,直连,,73.95206542136899,122.0
P00107,leg3-cruise,1521.5705990649074,1526.548140629096,中继,RU-001,123.38096232626489,122.0
P00020,leg2-cruise,1524.343844285735,1529.0902820815213,中继,RU-001,124.21365457222561,122.0
P00024,leg2-cruise,1524.343844285735,1529.0902820815213,直连,,107.60205972148918,122.0
P00057,leg2-cruise,1524.343844285735,1529.0902820815213,直连,,103.1370531052624,122.0
P00035,leg2-cruise,1525.8253562737223,1530.6458696689078,直连,,92.45666789982575,122.0
P00107,leg3-cruise,1526.548140629096,1531.5256821932844,中继,RU-001,123.26860149900536,122.0
P00020,leg2-cruise,1529.0902820815213,1533.8367198773076,中继,RU-001,124.09183062452773,122.0
P00024,leg2-cruise,1529.0902820815213,1533.8367198773076,直连,,107.34358424491663,122.0
P00057,leg2-cruise,1529.0902820815213,1533.8367198773076,直连,,102.79548124203112,122.0
P00035,leg2-cruise,1530.6458696689078,1535.4663830640934,直连,,90.90329141914187,122.0
P00011,leg2-descent,1531.0641553545297,1540.9973986610075,直连,,69.49946808016458,122.0
P00107,leg3-cruise,1531.5256821932844,1536.5032237574728,中继,RU-001,123.15477391634374,122.0
P00020,leg2-cruise,1533.8367198773076,1538.5831576730939,中继,RU-001,123.96827839470518,122.0
P00024,leg2-cruise,1533.8367198773076,1538.5831576730939,直连,,107.07749305900244,122.0
P00057,leg2-cruise,1533.8367198773076,1538.5831576730939,直连,,102.44102877888675,122.0
P00035,leg2-cruise,1535.4663830640934,1540.286896459279,直连,,89.07229917128119,122.0
P00107,leg3-cruise,1536.5032237574728,1541.4807653216615,中继,RU-001,123.03944094088233,122.0
P00020,leg2-cruise,1538.5831576730939,1543.32959546888,中继,RU-001,123.84294828818503,122.0
P00024,leg2-cruise,1538.5831576730939,1543.32959546888,直连,,106.8033455294922,122.0
P00057,leg2-cruise,1538.5831576730939,1543.32959546888,直连,,102.07279567426298,122.0
P00035,leg2-cruise,1540.286896459279,1545.1074098544645,直连,,86.90203060745199,122.0
P00011,leg2-descent,1540.9973986610075,1550.9306419674854,直连,,59.87850696825343,122.0
P00107,leg3-cruise,1541.4807653216615,1546.4583068858499,中继,RU-001,122.92256239491209,122.0
P00020,leg2-cruise,1543.32959546888,1548.076033264666,中继,RU-001,123.71578855118837,122.0
P00024,leg2-cruise,1543.32959546888,1548.076033264666,直连,,106.52066409603333,122.0
P00057,leg2-cruise,1543.32959546888,1548.076033264666,直连,,101.68980266102459,122.0
P00035,leg2-cruise,1545.1074098544645,1549.9279232496501,直连,,84.44416277508053,122.0
P00107,leg3-cruise,1546.4583068858499,1551.4358484500383,中继,RU-001,122.8040964778351,122.0
P00020,leg2-cruise,1548.076033264666,1552.8224710604522,中继,RU-001,123.58674514394993,122.0
P00024,leg2-cruise,1548.076033264666,1552.8224710604522,直连,,106.22893042910856,122.0
P00057,leg2-cruise,1548.076033264666,1552.8224710604522,直连,,101.29098659084849,122.0
P00035,leg2-cruise,1549.9279232496501,1554.7484366448357,直连,,82.36418314718875,122.0
P00011,leg2-descent,1550.9306419674854,1560.8638852739632,直连,,60.11201627711117,122.0
P00107,leg3-cruise,1551.4358484500383,1556.413390014227,中继,RU-001,122.68399967797983,122.0
P00020,leg2-cruise,1552.8224710604522,1557.5689088562385,中继,RU-001,123.45576160453638,122.0
P00024,leg2-cruise,1552.8224710604522,1557.5689088562385,直连,,105.92758116460254,122.0
P00057,leg2-cruise,1552.8224710604522,1557.5689088562385,直连,,100.87519755146657,122.0
P00037,leg1-climb,1553.0,1562.43369927839,直连,,55.39652710266759,122.0
P00071,leg1-climb,1553.0,1562.43369927839,直连,,55.39652710266759,122.0
P00035,leg2-descent,1554.7484366448357,1563.5993237082803,直连,,81.38117002394007,122.0
P00107,leg3-cruise,1556.413390014227,1561.3909315784153,中继,RU-001,122.56222667838946,122.0
P00020,leg2-cruise,1557.5689088562385,1562.3153466520248,中继,RU-001,123.32277890238865,122.0
P00024,leg2-cruise,1557.5689088562385,1562.3153466520248,直连,,105.61600318751971,122.0
P00057,leg2-cruise,1557.5689088562385,1562.3153466520248,直连,,100.44119924558463,122.0
P00107,leg3-cruise,1561.3909315784153,1566.3684731426038,中继,RU-001,122.43873025605421,122.0
P00020,leg2-cruise,1562.3153466520248,1567.061784447811,中继,RU-001,123.18773528068412,122.0
P00024,leg2-cruise,1562.3153466520248,1567.061784447811,直连,,105.29352844703635,122.0
P00057,leg2-cruise,1562.3153466520248,1567.061784447811,直连,,99.98767500989881,122.0
P00037,leg1-climb,1562.43369927839,1571.8673985567796,直连,,67.07918884516661,122.0
P00071,leg1-climb,1562.43369927839,1571.8673985567796,直连,,67.07918884516658,122.0
P00035,leg2-descent,1563.5993237082803,1572.4502107717249,直连,,79.94971088360182,122.0
P00107,leg3-cruise,1566.3684731426038,1571.3460147067924,中继,RU-001,122.31346117408187,122.0
P00020,leg2-cruise,1567.061784447811,1571.8082222435971,中继,RU-001,123.05056608645214,122.0
P00024,leg2-cruise,1567.061784447811,1571.8082222435971,直连,,104.95942830543382,122.0
P00057,leg2-cruise,1567.061784447811,1571.8082222435971,直连,,99.5132432527255,122.0
P00107,leg3-cruise,1571.3460147067924,1576.323556270981,中继,RU-001,122.18636806614626,122.0
P00020,leg2-cruise,1571.8082222435971,1576.5546600393832,中继,RU-001,122.91120358729496,122.0
P00024,leg2-cruise,1571.8082222435971,1576.5546600393832,直连,,104.61290745829956,122.0
P00057,leg2-cruise,1571.8082222435971,1576.5546600393832,直连,,99.01648829739273,122.0
P00037,leg1-climb,1571.8673985567796,1581.3010978351695,直连,,74.16341549092647,122.0
P00071,leg1-climb,1571.8673985567796,1581.3010978351695,直连,,74.16341549092644,122.0
P00035,leg2-descent,1572.4502107717249,1581.3010978351695,直连,,78.23487483749815,122.0
P00107,leg3-cruise,1576.323556270981,1581.3010978351695,中继,RU-001,122.05739731259445,122.0
P00020,leg2-cruise,1576.5546600393832,1581.3010978351695,中继,RU-001,122.76957677345605,122.0
P00024,leg2-cruise,1576.5546600393832,1581.3010978351695,直连,,104.25309752206678,122.0
P00057,leg2-cruise,1576.5546600393832,1581.3010978351695,直连,,98.49601609410477,122.0
P00020,leg2-cruise,1581.3010978351695,1586.0978178479086,中继,RU-001,122.62484221678902,122.0
P00024,leg2-cruise,1581.3010978351695,1586.0978178479086,直连,,103.87702950791054,122.0
P00035,leg2-descent,1581.3010978351695,1590.8945378606475,直连,,75.99373428973155,122.0
P00037,leg1-climb,1581.3010978351695,1590.8945378606475,直连,,78.0389715043685,122.0
P00057,leg2-cruise,1581.3010978351695,1586.0978178479086,直连,,97.94759195708589,122.0
P00071,leg1-climb,1581.3010978351695,1590.8945378606475,直连,,78.03897150436849,122.0
P00107,leg3-cruise,1581.3010978351695,1586.0978178479086,直连,,121.92888820423622,122.0
P00020,leg2-cruise,1586.0978178479086,1590.8945378606475,中继,RU-001,122.47688242894489,122.0
P00024,leg2-cruise,1586.0978178479086,1590.8945378606475,直连,,103.48341662996367,122.0
P00057,leg2-cruise,1586.0978178479086,1590.8945378606475,直连,,97.36979378356591,122.0
P00107,leg3-cruise,1586.0978178479086,1590.8945378606475,直连,,121.80089034448999,122.0
P00020,leg2-cruise,1590.8945378606475,1595.6912578733863,中继,RU-001,122.32636879368667,122.0
P00024,leg2-cruise,1590.8945378606475,1595.6912578733863,直连,,103.07303865330807,122.0
P00035,leg2-descent,1590.8945378606475,1600.4879778861255,直连,,72.81821098542285,122.0
P00037,leg1-climb,1590.8945378606475,1600.4879778861255,直连,,80.72863115475221,122.0
P00057,leg2-cruise,1590.8945378606475,1595.6912578733863,直连,,96.76496953215532,122.0
P00071,leg1-climb,1590.8945378606475,1600.4879778861255,直连,,80.7286311547522,122.0
P00107,leg3-cruise,1590.8945378606475,1595.6912578733863,直连,,121.6709887403907,122.0
P00020,leg2-cruise,1595.6912578733863,1600.4879778861255,中继,RU-001,122.17321199201879,122.0
P00024,leg2-cruise,1595.6912578733863,1600.4879778861255,直连,,102.64463341706231,122.0
P00057,leg2-cruise,1595.6912578733863,1600.4879778861255,直连,,96.13364104488709,122.0
P00107,leg3-cruise,1595.6912578733863,1600.4879778861255,直连,,121.53912624895875,122.0
P00020,leg2-cruise,1600.4879778861255,1605.2846978988646,中继,RU-001,122.01731795744413,122.0
P00024,leg2-cruise,1600.4879778861255,1605.2846978988646,直连,,102.19683903019727,122.0
P00035,leg2-descent,1600.4879778861255,1610.0814179116035,直连,,67.76066065069301,122.0
P00037,leg1-climb,1600.4879778861255,1610.0814179116035,直连,,82.77938069279406,122.0
P00057,leg2-cruise,1600.4879778861255,1605.2846978988646,直连,,95.47801230533639,122.0
P00071,leg1-climb,1600.4879778861255,1610.0814179116035,直连,,82.77938069279405,122.0
P00107,leg3-cruise,1600.4879778861255,1605.2846978988646,直连,,121.40524313161082,122.0
P00020,leg2-cruise,1605.2846978988646,1610.0814179116035,直连,,121.85858753511755,122.0
P00024,leg2-cruise,1605.2846978988646,1610.0814179116035,直连,,101.72820006548586,122.0
P00057,leg2-cruise,1605.2846978988646,1610.0814179116035,直连,,94.80301942855841,122.0
P00107,leg3-cruise,1605.2846978988646,1610.0814179116035,直连,,121.26927689559191,122.0
P00020,leg2-cruise,1610.0814179116035,1615.0137176191283,直连,,121.69460968188186,122.0
P00024,leg2-cruise,1610.0814179116035,1614.6325475915608,直连,,101.25004669120169,122.0
P00035,leg2-descent,1610.0814179116035,1618.754079805075,直连,,55.643247834569664,122.0
P00037,leg1-climb,1610.0814179116035,1613.4180847167968,直连,,83.93058388135307,122.0
P00057,leg2-cruise,1610.0814179116035,1617.9634058628676,直连,,93.89769354845276,122.0
P00071,leg1-climb,1610.0814179116035,1619.194236705585,直连,,84.3993480607227,122.0
P00107,leg3-cruise,1610.0814179116035,1615.077041630937,直连,,121.12827533000504,122.0
P00037,leg1-cruise,1613.4180847167968,1618.4149116780459,直连,,84.35204666325848,122.0
P00024,leg2-cruise,1614.6325475915608,1619.183677271518,直连,,100.7626546048675,122.0
P00020,leg2-cruise,1615.0137176191283,1619.9460173266532,直连,,121.52514017657715,122.0
P00107,leg3-cruise,1615.077041630937,1620.0726653502704,直连,,120.9820268080768,122.0
P00057,leg2-cruise,1617.9634058628676,1625.8453938141315,直连,,92.80996783729307,122.0
P00037,leg1-cruise,1618.4149116780459,1623.4117386392952,直连,,85.38090121222332,122.0
P00035,leg2-descent,1618.754079805075,1627.4267416985467,直连,,61.136782110989344,122.0
P00024,leg2-cruise,1619.183677271518,1623.7348069514753,直连,,100.25241424500813,122.0
P00071,leg1-climb,1619.194236705585,1628.3070554995663,直连,,85.73163937635235,122.0
P00020,leg2-cruise,1619.9460173266532,1624.878317034178,直连,,121.3523153351365,122.0
P00107,leg3-cruise,1620.0726653502704,1625.068289069604,直连,,120.83329063054079,122.0
P00037,leg1-cruise,1623.4117386392952,1628.4085656005443,直连,,86.90947953901195,122.0
P00024,leg2-cruise,1623.7348069514753,1628.2859366314326,直连,,99.71810421248874,122.0
P00020,leg2-cruise,1624.878317034178,1629.8106167417031,直连,,121.17600034922124,122.0
P00107,leg3-cruise,1625.068289069604,1630.0639127889374,直连,,120.68198132808193,122.0
P00057,leg2-cruise,1625.8453938141315,1633.7273817653954,直连,,91.89619479763485,122.0
P00024,leg2-cruise,1628.2859366314326,1632.83706631139,直连,,99.15874855593646,122.0
P00071,leg1-climb,1628.3070554995663,1637.4198742935475,直连,,86.88649162042097,122.0
P00037,leg1-cruise,1628.4085656005443,1633.4053925617934,直连,,88.50829590438593,122.0
P00020,leg2-cruise,1629.8106167417031,1634.742916449228,直连,,120.99605216764888,122.0
P00107,leg3-cruise,1630.0639127889374,1635.0595365082709,直连,,120.52800898436988,122.0
P00024,leg2-cruise,1632.83706631139,1637.3881959913472,直连,,98.57384509556893,122.0
P00037,leg1-cruise,1633.4053925617934,1638.4022195230427,直连,,90.0024586867557,122.0
P00057,leg2-cruise,1633.7273817653954,1641.6093697166596,直连,,91.35536557203422,122.0
P00020,leg2-cruise,1634.742916449228,1639.6752161567529,直连,,120.81231881469286,122.0
P00107,leg3-cruise,1635.0595365082709,1640.0551602276041,直连,,120.37127892476289,122.0
P00024,leg2-cruise,1637.3881959913472,1641.9393256713045,直连,,97.9637276370926,122.0
P00071,leg1-climb,1637.4198742935475,1646.532693087529,直连,,87.9056615481546,122.0
P00037,leg1-cruise,1638.4022195230427,1643.3990464842918,直连,,91.35021159595654,122.0
P00020,leg2-cruise,1639.6752161567529,1644.607515864278,直连,,120.62463863695051,122.0
P00107,leg3-cruise,1640.0551602276041,1645.0507839469376,直连,,120.21169137753157,122.0
P00057,leg2-descent,1641.6093697166596,1651.2161990928803,直连,,90.99160581880099,122.0
P00024,leg2-cruise,1641.9393256713045,1646.4904553512617,直连,,97.33013006264055,122.0
P00037,leg1-cruise,1643.3990464842918,1648.395873445541,直连,,92.55646143319692,122.0
P00020,leg2-cruise,1644.607515864278,1649.5398155718028,直连,,120.43283946962308,122.0
P00107,leg3-cruise,1645.0507839469376,1650.046407666271,直连,,120.0491411047288,122.0
P00024,leg2-cruise,1646.4904553512617,1651.041585031219,直连,,96.67704318699636,122.0
P00071,leg1-climb,1646.532693087529,1655.6455118815104,直连,,88.81770569367272,122.0
P00037,leg1-cruise,1648.395873445541,1653.3927004067903,直连,,93.63849763135569,122.0
P00020,leg2-cruise,1649.5398155718028,1654.4721152793277,直连,,120.23673771175591,122.0
P00107,leg3-cruise,1650.046407666271,1655.0420313856046,直连,,119.88351699933176,122.0
P00024,leg2-cruise,1651.041585031219,1655.5927147111763,直连,,96.01196632498427,122.0
P00057,leg2-descent,1651.2161990928803,1660.823028469101,直连,,90.37825509323233,122.0
P00037,leg1-cruise,1653.3927004067903,1658.3895273680394,直连,,94.61468066589326,122.0
P00020,leg2-cruise,1654.4721152793277,1659.4044149868525,直连,,110.03613729832006,122.0
P00107,leg3-cruise,1655.0420313856046,1660.037655104938,直连,,119.71470164500873,122.0
P00024,leg2-cruise,1655.5927147111763,1660.1438443911336,直连,,95.34761602709956,122.0
P00071,leg1-cruise,1655.6455118815104,1660.6021100664252,直连,,89.28624822986896,122.0
P00037,leg1-cruise,1658.3895273680394,1663.3863543292885,直连,,95.50123732278145,122.0
P00020,leg2-cruise,1659.4044149868525,1664.3367146943774,直连,,109.83082855515633,122.0
P00107,leg3-cruise,1660.037655104938,1665.0332788242715,直连,,119.54257083428463,122.0
P00024,leg2-cruise,1660.1438443911336,1664.6949740710909,直连,,94.70397897163716,122.0
P00071,leg1-cruise,1660.6021100664252,1665.5587082513402,直连,,89.6383358299977,122.0
P00057,leg2-descent,1660.823028469101,1670.4298578453217,直连,,89.71827961395948,122.0
P00037,leg1-cruise,1663.3863543292885,1668.3831812905378,直连,,96.31170589374798,122.0
P00020,leg2-cruise,1664.3367146943774,1669.2690144019025,直连,,109.6205869205571,122.0
P00024,leg2-cruise,1664.6949740710909,1669.2461037510482,直连,,94.11014727408649,122.0
P00107,leg3-cruise,1665.0332788242715,1670.028902543605,直连,,119.36699304037502,122.0
P00071,leg1-cruise,1665.5587082513402,1670.515306436255,直连,,90.26695102548479,122.0
P00037,leg1-cruise,1668.3831812905378,1673.3800082517869,直连,,97.05717335595426,122.0
P00024,leg2-cruise,1669.2461037510482,1673.7972334310055,直连,,93.60456949461579,122.0
P00020,leg2-cruise,1669.2690144019025,1674.2013141094274,直连,,109.4051715145692,122.0
P00107,leg3-cruise,1670.028902543605,1675.0245262629385,直连,,119.18782883730272,122.0
P00057,leg2-descent,1670.4298578453217,1680.0366872215423,直连,,89.00400338661979,122.0
P00071,leg1-cruise,1670.515306436255,1675.4719046211699,直连,,91.0664800663519,122.0
P00037,leg1-cruise,1673.3800082517869,1678.376835213036,直连,,97.74668991008993,122.0
P00024,leg2-cruise,1673.7972334310055,1678.3483631109627,直连,,93.23154410326111,122.0
P00020,leg2-cruise,1674.2013141094274,1679.1336138169522,直连,,109.18432353398661,122.0
P00107,leg3-cruise,1675.0245262629385,1680.020149982272,直连,,119.00493026220015,122.0
P00071,leg1-cruise,1675.4719046211699,1680.428502806085,直连,,91.94498390458459,122.0
P00024,leg2-cruise,1678.3483631109627,1682.89949279092,直连,,93.03228515947518,122.0
P00037,leg1-cruise,1678.376835213036,1683.3736621742853,直连,,98.38766864709545,122.0
P00020,leg2-cruise,1679.1336138169522,1684.065913524477,直连,,108.95776444721754,122.0
P00107,leg3-cruise,1680.020149982272,1685.0157737016054,直连,,118.81814011283498,122.0
P00057,leg2-descent,1680.0366872215423,1689.643516597763,直连,,88.22568341219542,122.0
P00071,leg1-cruise,1680.428502806085,1685.3851009909997,直连,,92.84022005774797,122.0
P00024,leg2-descent,1682.89949279092,1692.673122005558,直连,,92.76450999671903,122.0
P00037,leg1-cruise,1683.3736621742853,1688.3704891355344,直连,,98.98622060967399,122.0
P00020,leg2-cruise,1684.065913524477,1688.998213232002,直连,,108.7251939586935,122.0
P00107,leg3-cruise,1685.0157737016054,1690.011397420939,直连,,118.62729117244491,122.0
P00071,leg1-cruise,1685.3851009909997,1690.3416991759145,直连,,93.71637533546424,122.0
P00037,leg1-cruise,1688.3704891355344,1693.3673160967835,直连,,99.54742184672878,122.0
P00020,leg2-cruise,1688.998213232002,1693.930512939527,直连,,108.48628770706401,122.0
P00057,leg2-descent,1689.643516597763,1699.2503459739837,直连,,87.37069370408005,122.0
P00107,leg3-cruise,1690.011397420939,1695.0070211402724,直连,,118.43220535281701,122.0
P00071,leg1-cruise,1690.3416991759145,1695.2982973608296,直连,,94.55549591702885,122.0
P00024,leg2-descent,1692.673122005558,1702.4467512201963,直连,,92.25882902833608,122.0
P00037,leg1-cruise,1693.3673160967835,1698.3641430580328,直连,,100.07552224587755,122.0
P00020,leg2-cruise,1693.930512939527,1698.862812647052,直连,,108.24069465493777,122.0
P00107,leg3-cruise,1695.0070211402724,1700.0026448596059,直连,,118.2326927452366,122.0
P00071,leg1-cruise,1695.2982973608296,1700.2548955457444,直连,,95.35018095933036,122.0
P00037,leg1-cruise,1698.3641430580328,1703.360970019282,直连,,100.57410797502952,122.0
P00020,leg2-cruise,1698.862812647052,1703.7951123545768,直连,,107.98803411993887,122.0
P00057,leg2-descent,1699.2503459739837,1708.8571753502044,直连,,86.42226212088201,122.0
P00107,leg3-cruise,1700.0026448596059,1704.9982685789391,直连,,118.02855056740604,122.0
P00071,leg1-cruise,1700.2548955457444,1705.2114937306592,直连,,96.09878265991749,122.0
P00024,leg2-descent,1702.4467512201963,1712.2203804348344,直连,,91.72187811353312,122.0
P00037,leg1-cruise,1703.360970019282,1708.357796980531,直连,,101.04622801116368,122.0
P00020,leg2-cruise,1703.7951123545768,1708.7274120621016,直连,,107.72789238733434,122.0
P00107,leg3-cruise,1704.9982685789391,1709.9938922982726,直连,,117.81956199263158,122.0
P00071,leg1-cruise,1705.2114937306592,1710.1680919155742,直连,,96.80258376730526,122.0
P00037,leg1-cruise,1708.357796980531,1713.3546239417803,直连,,101.49449316363382,122.0
P00020,leg2-cruise,1708.7274120621016,1713.6597117696265,直连,,107.45981883273829,122.0
P00057,leg2-descent,1708.8571753502044,1718.4640047264252,直连,,85.35742931796284,122.0
P00107,leg3-cruise,1709.9938922982726,1714.989516017606,直连,,117.60549484549654,122.0
P00071,leg1-cruise,1710.1680919155742,1715.124690100489,直连,,97.46422859958501,122.0
P00024,leg2-descent,1712.2203804348344,1721.9940096494727,直连,,91.14953355662722,122.0
P00037,leg1-cruise,1713.3546239417803,1718.3514509030294,直连,,101.9211540706564,122.0
P00020,leg2-cruise,1713.6597117696265,1718.5920114771516,直连,,107.1833214690749,122.0
P00107,leg3-cruise,1714.989516017606,1719.9851397369396,直连,,117.38610014578443,122.0
P00071,leg1-cruise,1715.124690100489,1720.0812882854038,直连,,98.0868814980909,122.0
P00037,leg1-cruise,1718.3514509030294,1723.3482778642785,直连,,102.32816307881228,122.0
P00057,leg2-descent,1718.4640047264252,1728.070834102646,直连,,84.14357317684741,122.0
P00020,leg2-cruise,1718.5920114771516,1723.5243111846764,直连,,106.89786181441903,122.0
P00107,leg3-cruise,1719.9851397369396,1724.980763456273,直连,,117.16111047951024,122.0
P00071,leg1-cruise,1720.0812882854038,1725.0378864703189,直连,,98.6737906372332,122.0
P00024,leg2-descent,1721.9940096494727,1731.7676388641107,直连,,90.53679800454358,122.0
P00037,leg1-cruise,1723.3482778642785,1728.3451048255279,直连,,102.71722370549934,122.0
P00020,leg2-cruise,1723.5243111846764,1728.4566108922013,直连,,106.60284895558364,122.0
P00107,leg3-cruise,1724.980763456273,1729.9763871756065,直连,,116.93023817262801,122.0
P00071,leg1-cruise,1725.0378864703189,1729.9944846552337,直连,,99.22807302452274,122.0
P00057,leg2-descent,1728.070834102646,1737.6776634788666,直连,,82.73208788439439,122.0
P00037,leg1-cruise,1728.3451048255279,1733.341931786777,直连,,103.08983047387699,122.0
P00020,leg2-cruise,1728.4566108922013,1733.3889105997262,直连,,106.29763265559704,122.0
P00107,leg3-cruise,1729.9763871756065,1734.97201089494,直连,,116.69317323883638,122.0
P00071,leg1-cruise,1729.9944846552337,1734.9510828401485,直连,,99.75261841157953,122.0
P00024,leg2-descent,1731.7676388641107,1741.541268078749,直连,,89.877534772442,122.0
P00037,leg1-cruise,1733.341931786777,1738.338758748026,直连,,103.44730123058325,122.0
P00020,leg2-cruise,1733.3889105997262,1738.321210307251,直连,,105.98149531973655,122.0
P00071,leg1-cruise,1734.9510828401485,1739.9076810250635,直连,,100.25005600909508,122.0
P00107,leg3-cruise,1734.97201089494,1739.9676346142735,直连,,116.4495810683551,122.0
P00057,leg2-descent,1737.6776634788666,1747.2844928550874,直连,,81.04586472849084,122.0
P00020,leg2-cruise,1738.321210307251,1743.253510014776,直连,,105.65364259351668,122.0
P00037,leg1-cruise,1738.338758748026,1743.3355857092752,直连,,103.79080355146273,122.0
P00071,leg1-cruise,1739.9076810250635,1744.8642792099783,直连,,100.72275340127514,122.0
P00107,leg3-cruise,1739.9676346142735,1744.963258333607,直连,,116.1990998189184,122.0
P00024,leg2-descent,1741.541268078749,1751.314897293387,直连,,89.16409281131553,122.0
P00020,leg2-cruise,1743.253510014776,1748.185809722301,直连,,105.31319231417945,122.0
P00037,leg1-cruise,1743.3355857092752,1748.3324126705243,直连,,104.12137646393332,122.0
P00071,leg1-cruise,1744.8642792099783,1749.8208773948932,直连,,101.17283105148775,122.0
P00107,leg3-cruise,1744.963258333607,1749.9588820529405,直连,,115.9413374636919,122.0
P00057,leg2-descent,1747.2844928550874,1756.891322231308,直连,,78.9514583902147,122.0
P00020,leg2-cruise,1748.185809722301,1753.1181094298258,直连,,104.95916147279964,122.0
P00037,leg1-cruise,1748.3324126705243,1753.3292396317736,直连,,104.43994843279977,122.0
P00071,leg1-cruise,1749.8208773948932,1754.777475579808,直连,,101.60218346755302,122.0
P00107,leg3-cruise,1749.9588820529405,1754.954505772274,直连,,115.67586844308633,122.0
P00024,leg2-descent,1751.314897293387,1761.0885265080253,直连,,88.38676341526991,122.0
P00020,leg2-cruise,1753.1181094298258,1758.0504091373507,直连,,104.59045076345461,122.0
P00037,leg1-cruise,1753.3292396317736,1758.326066593023,直连,,104.74735234428996,122.0
P00071,leg1-cruise,1754.777475579808,1759.7340737647228,直连,,102.01250231034768,122.0
P00107,leg3-cruise,1754.954505772274,1759.9501294916072,直连,,115.402229858335,122.0
P00057,leg2-descent,1756.891322231308,1766.4981516075286,直连,,76.185930578063,122.0
P00020,leg2-cruise,1758.0504091373507,1762.9827088448756,直连,,104.20582619572986,122.0
P00037,leg1-cruise,1758.326066593023,1763.322893554272,直连,,105.04433806241555,122.0
P00071,leg1-cruise,1759.7340737647228,1764.6906719496378,直连,,102.4052990443755,122.0
P00107,leg3-cruise,1759.9501294916072,1764.9457532109407,直连,,105.1199171339649,122.0
P00024,leg2-descent,1761.0885265080253,1770.8621557226634,直连,,87.53296906979926,122.0
P00020,leg2-cruise,1762.9827088448756,1767.9150085524006,直连,,103.80389712289337,122.0
P00037,leg1-cruise,1763.322893554272,1768.319720515521,直连,,105.33158300949884,122.0
P00071,leg1-cruise,1764.6906719496378,1769.6472701345529,直连,,102.78192599361442,122.0
P00107,leg3-cruise,1764.9457532109407,1769.9413769302741,直连,,104.8283790637613,122.0
P00057,leg2-descent,1766.4981516075286,1776.1049809837493,直连,,72.10468834535058,122.0
P00020,leg2-cruise,1767.9150085524006,1772.8473082599255,直连,,103.38308988669345,122.0
P00037,leg1-cruise,1768.319720515521,1773.3165474767702,直连,,105.60970112861773,122.0
P00071,leg1-cruise,1769.6472701345529,1774.6038683194677,直连,,103.14359535005019,122.0
P00107,leg3-cruise,1769.9413769302741,1774.9370006496076,直连,,104.52701214023936,122.0
P00024,leg2-descent,1770.8621557226634,1780.6357849373017,直连,,86.58600845751735,122.0
P00020,leg2-cruise,1772.8473082599255,1777.7796079674504,直连,,102.94161609934362,122.0
P00037,leg1-cruise,1773.3165474767702,1778.3133744380193,直连,,105.87925051335681,122.0
P00071,leg1-cruise,1774.6038683194677,1779.5604665043825,直连,,103.4913960430528,122.0
P00107,leg3-cruise,1774.9370006496076,1779.932624368941,直连,,104.21515405090406,122.0
P00057,leg2-descent,1776.1049809837493,1785.71181035997,直连,,64.15051631185389,122.0
P00020,leg2-cruise,1777.7796079674504,1782.7119076749755,直连,,102.4774343772927,122.0
P00037,leg1-cruise,1778.3133744380193,1783.3102013992686,直连,,106.14073993361987,122.0
P00071,leg1-cruise,1779.5604665043825,1784.5170646892973,直连,,103.82630855906089,122.0
P00107,leg3-cruise,1779.932624368941,1784.9282480882746,直连,,103.8920762056947,122.0
P00024,leg2-descent,1780.6357849373017,1790.4094141519397,直连,,85.52302997242185,122.0
P00020,leg2-cruise,1782.7119076749755,1787.6442073825003,直连,,101.98820412629082,122.0
P00037,leg1-cruise,1783.3102013992686,1788.307028360518,直连,,106.39463444235393,122.0
P00071,leg1-cruise,1784.5170646892973,1789.473662874212,直连,,104.14921788440633,122.0
P00107,leg3-cruise,1784.9282480882746,1789.923871807608,直连,,103.55697513933495,122.0
P00057,leg2-descent,1785.71181035997,1795.3186397361908,直连,,58.106750999047655,122.0
P00020,leg2-cruise,1787.6442073825003,1792.5765070900252,直连,,101.47122979875627,122.0
P00037,leg1-cruise,1788.307028360518,1793.303855321767,直连,,106.64136021299004,122.0
P00071,leg1-cruise,1789.473662874212,1794.4302610591271,直连,,104.4609247730716,122.0
P00107,leg3-cruise,1789.923871807608,1794.9194955269415,直连,,103.20896261082994,122.0
P00024,leg2-descent,1790.4094141519397,1800.183043366578,直连,,84.31158380339167,122.0
P00020,leg2-cruise,1792.5765070900252,1797.50880679755,直连,,100.92339401054052,122.0
P00037,leg1-cruise,1793.303855321767,1798.3006822830162,直连,,106.88130873008978,122.0
P00071,leg1-cruise,1794.4302610591271,1799.3868592440422,直连,,104.76215554305895,122.0
P00107,leg3-cruise,1794.9194955269415,1799.915119246275,直连,,102.84705420197061,122.0
P00020,leg2-cruise,1797.50880679755,1802.441106505075,直连,,100.34107825811586,122.0
P00037,leg1-cruise,1798.3006822830162,1803.2975092442653,直连,,107.11484043352687,122.0
P00071,leg1-cruise,1799.3868592440422,1804.343457428957,直连,,105.05357059215012,122.0
P00107,leg3-cruise,1799.915119246275,1804.9107429656085,直连,,102.47015620190426,122.0
P00024,leg2-descent,1800.183043366578,1809.956672581216,直连,,82.90335790859126,122.0
P00020,leg2-cruise,1802.441106505075,1807.3734062126,直连,,99.72007125269687,122.0
P00037,leg1-cruise,1803.2975092442653,1808.2943362055144,直连,,117.34228789908612,122.0
P00071,leg1-cruise,1804.343457428957,1809.3000556138718,直连,,115.33577180566594,122.0
P00107,leg3-cruise,1804.9107429656085,1809.906366684942,直连,,102.07705056228514,122.0
P00020,leg2-cruise,1807.3734062126,1812.3057059201249,直连,,99.05546824709224,122.0
P00037,leg1-cruise,1808.2943362055144,1813.2911631667637,直连,,117.56395862403724,122.0
P00071,leg1-cruise,1809.3000556138718,1814.2566537987866,直连,,115.60930900865566,122.0
P00107,leg3-cruise,1809.906366684942,1814.9019904042755,直连,,101.66637773221356,122.0
P00024,leg2-descent,1809.956672581216,1819.7303017958543,直连,,81.22178873719963,122.0
P00020,leg2-cruise,1812.3057059201249,1817.2380056276497,直连,,98.341572716978,122.0
P00037,leg1-cruise,1813.2911631667637,1818.287990128013,直连,,117.78013747484873,122.0
P00071,leg1-cruise,1814.2566537987866,1819.2132519837014,直连,,115.87468559499001,122.0
P00107,leg3-cruise,1814.9019904042755,1819.897614123609,直连,,101.23661725764943,122.0
P00020,leg2-cruise,1817.2380056276497,1822.1703053351746,直连,,97.57182998805544,122.0
P00037,leg1-cruise,1818.287990128013,1823.284817089262,直连,,117.99108884480519,122.0
P00071,leg1-cruise,1819.2132519837014,1824.1698501686164,直连,,116.13236344806052,122.0
P00024,leg2-descent,1819.7303017958543,1829.5039310104924,直连,,79.13456960953215,122.0
P00107,leg3-cruise,1819.897614123609,1824.8932378429422,直连,,100.78606620131505,122.0
P00020,leg2-cruise,1822.1703053351746,1827.1026050426995,直连,,96.73886342643146,122.0
P00037,leg1-cruise,1823.284817089262,1828.2816440505112,直连,,118.19705856159273,122.0
P00071,leg1-cruise,1824.1698501686164,1829.1264483535315,直连,,116.38276725119331,122.0
P00107,leg3-cruise,1824.8932378429422,1829.8888615622757,直连,,100.31281578501287,122.0
P00020,leg2-cruise,1827.1026050426995,1832.0349047502245,直连,,95.83477593680335,122.0
P00037,leg1-cruise,1828.2816440505112,1833.2784710117603,直连,,118.39827557875374,122.0
P00071,leg1-cruise,1829.1264483535315,1834.0830465384463,直连,,116.62628827194396,122.0
P00024,leg2-descent,1829.5039310104924,1839.2775602251306,直连,,76.38160392843318,122.0
P00107,leg3-cruise,1829.8888615622757,1834.8844852816092,直连,,99.81472731883491,122.0
P00020,leg2-cruise,1832.0349047502245,1836.9672044577494,直连,,94.85208635389075,122.0
P00037,leg1-cruise,1833.2784710117603,1838.2752979730094,直连,,118.59495347953576,122.0
P00071,leg1-cruise,1834.0830465384463,1839.039644723361,直连,,116.86328769217528,122.0
P00107,leg3-cruise,1834.8844852816092,1839.8801090009426,直连,,99.28940971685641,122.0
P00020,leg2-cruise,1836.9672044577494,1841.8995041652743,直连,,93.7861297584424,122.0
P00037,leg1-cruise,1838.2752979730094,1843.2721249342587,直连,,118.78729181753326,122.0
P00071,leg1-cruise,1839.039644723361,1843.996242908276,直连,,117.09409954513545,122.0
P00024,leg2-descent,1839.2775602251306,1849.0511894397687,直连,,72.32792926249374,122.0
P00107,leg3-cruise,1839.8801090009426,1844.8757327202761,直连,,98.73420317150261,122.0
P00020,leg2-cruise,1841.8995041652743,1846.8318038727991,直连,,92.6407245722975,122.0
P00037,leg1-cruise,1843.2721249342587,1848.268951895508,直连,,118.97547731479243,122.0
P00071,leg1-cruise,1843.996242908276,1848.9528410931907,直连,,117.31903331210755,122.0
P00107,leg3-cruise,1844.8757327202761,1849.8713564396096,直连,,98.14617771908983,122.0
P00020,leg2-cruise,1846.8318038727991,1851.764103580324,直连,,91.44067173795399,122.0
P00037,leg1-cruise,1848.268951895508,1853.2657788567572,直连,,119.15968493515018,122.0
P00071,leg1-cruise,1848.9528410931907,1853.9094392781058,直连,,117.53837622326388,122.0
P00024,leg2-descent,1849.0511894397687,1858.824818654407,直连,,64.48308839890122,122.0
P00107,leg3-cruise,1849.8713564396096,1854.866980158943,直连,,97.5221630402067,122.0
P00020,leg2-cruise,1851.764103580324,1856.696403287849,直连,,90.25620028335653,122.0
P00037,leg1-cruise,1853.2657788567572,1858.2626058180063,直连,,119.34007884801538,122.0
P00071,leg1-cruise,1853.9094392781058,1858.8660374630206,直连,,117.75239530124833,122.0
P00107,leg3-cruise,1854.866980158943,1859.8626038782766,直连,,96.85883977895242,122.0
P00020,leg2-cruise,1856.696403287849,1861.628702995374,直连,,89.23777313299067,122.0
P00037,leg1-cruise,1858.2626058180063,1863.2594327792553,直连,,119.51681329569675,122.0
P00024,leg2-descent,1858.824818654407,1868.598447869045,直连,,57.87712468840295,122.0
P00071,leg1-cruise,1858.8660374630206,1863.8226356479354,直连,,117.9613391802252,122.0
P00107,leg3-cruise,1859.8626038782766,1864.85822759761,直连,,96.15294819311056,122.0
P00020,leg2-cruise,1861.628702995374,1866.5610027028988,直连,,88.62227218585926,122.0
P00037,leg1-cruise,1863.2594327792553,1868.2562597405044,直连,,119.6900333755984,122.0
P00071,leg1-cruise,1863.8226356479354,1868.7792338328504,直连,,118.16543972870026,122.0
P00107,leg3-cruise,1864.85822759761,1869.8538513169435,直连,,95.40171642663586,122.0
P00020,leg2-descent,1866.5610027028988,1876.0830037791625,直连,,88.14058260164332,122.0
P00037,leg1-cruise,1868.2562597405044,1873.2530867017538,直连,,119.85987574709802,122.0
P00071,leg1-cruise,1868.7792338328504,1873.7358320177652,直连,,118.36491350045945,122.0
P00107,leg3-cruise,1869.8538513169435,1874.849475036277,直连,,94.60369371709255,122.0
P00037,leg1-cruise,1873.2530867017538,1878.249913663003,直连,,120.02646927159147,122.0
P00071,leg1-cruise,1873.7358320177652,1878.69243020268,直连,,118.55996303445482,122.0
P00107,leg3-cruise,1874.849475036277,1879.8450987556103,直连,,93.76031506259248,122.0
P00020,leg2-descent,1876.0830037791625,1885.605004855426,直连,,87.28475833238264,122.0
P00037,leg1-cruise,1878.249913663003,1883.2467406242522,直连,,120.18993559317144,122.0
P00071,leg1-cruise,1878.69243020268,1883.649028387595,直连,,118.75077802190216,122.0
P00107,leg3-cruise,1879.8450987556103,1884.8407224749437,直连,,92.87873628743101,122.0
P00037,leg1-cruise,1883.2467406242522,1888.2435675855013,直连,,120.35038966634637,122.0
P00071,leg1-cruise,1883.649028387595,1888.60562657251,直连,,118.93753635613729,122.0
P00107,leg3-cruise,1884.8407224749437,1889.8363461942772,直连,,91.97669479030753,122.0
P00020,leg2-descent,1885.605004855426,1895.1270059316896,直连,,86.33529950008065,122.0
P00037,leg1-cruise,1888.2435675855013,1893.2403945467504,直连,,120.50794023655487,122.0
P00071,leg1-cruise,1888.60562657251,1893.5622247574247,直连,,119.12040507889601,122.0
P00107,leg3-cruise,1889.8363461942772,1894.8319699136107,直连,,91.08998619479341,122.0
P00037,leg1-cruise,1893.2403945467504,1898.2372215079995,直连,,120.66269027836121,122.0
P00071,leg1-cruise,1893.5622247574247,1898.5188229423397,直连,,119.29954123489476,122.0
P00107,leg3-cruise,1894.8319699136107,1899.8275936329442,直连,,90.28138322682366,122.0
P00020,leg2-descent,1895.1270059316896,1904.649007007953,直连,,85.26917131755367,122.0
P00037,leg1-cruise,1898.2372215079995,1903.2340484692488,直连,,120.8147373957791,122.0
P00071,leg1-cruise,1898.5188229423397,1903.4754211272545,直连,,119.475092644911,122.0
P00107,leg3-cruise,1899.8275936329442,1904.8232173522777,直连,,89.6443464387488,122.0
P00037,leg1-cruise,1903.2340484692488,1908.2308754304981,直连,,120.96417418854027,122.0
P00071,leg1-cruise,1903.4754211272545,1908.4320193121694,直连,,119.64719860651283,122.0
P00020,leg2-descent,1904.649007007953,1914.1710080842167,直连,,84.05363092861944,122.0
P00107,leg3-cruise,1904.8232173522777,1909.8188410716111,直连,,89.28697291550661,122.0
P00037,leg1-cruise,1908.2308754304981,1913.2277023917472,直连,,121.11108858772876,122.0
P00071,leg1-cruise,1908.4320193121694,1913.3886174970844,直连,,119.81599053018425,122.0
P00107,leg3-descent,1909.8188410716111,1917.6175641266555,直连,,88.94099679433018,122.0
P00037,leg1-cruise,1913.2277023917472,1918.2245293529963,直连,,121.25556416381204,122.0
P00071,leg1-cruise,1913.3886174970844,1918.3452156819992,直连,,119.98159251789046,122.0
P00020,leg2-descent,1914.1710080842167,1923.6930091604802,直连,,82.63986649015078,122.0
P00107,leg3-descent,1917.6175641266555,1925.4162871816995,直连,,88.30986211204896,122.0
P00037,leg1-cruise,1918.2245293529963,1923.2213563142454,直连,,121.39768040970274,122.0
P00071,leg1-cruise,1918.3452156819992,1923.301813866914,直连,,120.14412189005792,122.0
P00037,leg1-cruise,1923.2213563142454,1928.2181832754945,直连,,121.53751300130178,122.0
P00071,leg1-cruise,1923.301813866914,1928.258412051829,直连,,120.30368966637053,122.0
P00020,leg2-descent,1923.6930091604802,1933.2150102367439,直连,,80.95038649764511,122.0
P00107,leg3-descent,1925.4162871816995,1933.2150102367439,直连,,87.6292492219012,122.0
P00037,leg1-cruise,1928.2181832754945,1933.2150102367439,直连,,121.67513403755547,122.0
P00071,leg1-cruise,1928.258412051829,1933.2150102367439,直连,,120.4604010051323,122.0
P00020,leg2-descent,1933.2150102367439,1942.7322883198185,直连,,78.8515337173603,122.0
P00037,leg1-cruise,1933.2150102367439,1941.706384383612,直连,,121.85749239379079,122.0
P00071,leg1-cruise,1933.2150102367439,1941.706384383612,直连,,120.66860300674604,122.0
P00107,leg3-descent,1933.2150102367439,1941.706384383612,直连,,86.8564372600271,122.0
P00037,leg1-cruise,1941.706384383612,1950.1977585304799,中继,RU-002,122.08179079878326,122.0
P00071,leg1-cruise,1941.706384383612,1950.1977585304799,直连,,120.92464309715798,122.0
P00107,leg3-descent,1941.706384383612,1950.1977585304799,直连,,85.97011571489082,122.0
P00020,leg2-descent,1942.7322883198185,1952.2495664028934,直连,,76.07903033331466,122.0
P00037,leg1-cruise,1950.1977585304799,1958.689132677348,中继,RU-002,122.3004513827916,122.0
P00071,leg1-cruise,1950.1977585304799,1958.689132677348,直连,,121.17339963212467,122.0
P00107,leg3-descent,1950.1977585304799,1958.689132677348,直连,,84.98296656685366,122.0
P00020,leg2-descent,1952.2495664028934,1961.766844485968,直连,,71.98242507545733,122.0
P00037,leg1-cruise,1958.689132677348,1967.180506824216,中继,RU-002,122.51375020191148,122.0
P00071,leg1-cruise,1958.689132677348,1967.180506824216,直连,,121.41527297209012,122.0
P00107,leg3-descent,1958.689132677348,1967.180506824216,直连,,83.86906946673798,122.0
P00020,leg2-descent,1961.766844485968,1971.284122569043,直连,,63.96656900692273,122.0
P00037,leg1-cruise,1967.180506824216,1975.671880971084,中继,RU-002,122.72194354913903,122.0
P00071,leg1-cruise,1967.180506824216,1975.671880971084,直连,,121.65063154965344,122.0
P00107,leg3-descent,1967.180506824216,1975.671880971084,直连,,82.59101388977983,122.0
P00020,leg2-descent,1971.284122569043,1980.8014006521175,直连,,58.22757294420555,122.0
P00037,leg1-cruise,1975.671880971084,1984.163255117952,中继,RU-002,122.92526979436626,122.0
P00071,leg1-cruise,1975.671880971084,1979.917568044518,直连,,121.82308056929867,122.0
P00107,leg3-descent,1975.671880971084,1984.163255117952,直连,,81.09191069244275,122.0
P00071,leg1-cruise,1979.917568044518,1984.163255117952,直连,,121.93618354731306,122.0
P00037,leg1-cruise,1984.163255117952,1989.1404825738268,中继,RU-002,123.08320977119895,122.0
P00071,leg1-cruise,1984.163255117952,1989.1407966821407,中继,RU-001,122.05739731259445,122.0
P00107,leg3-descent,1984.163255117952,1993.9292951602463,直连,,79.12632158031921,122.0
P00037,leg1-cruise,1989.1404825738268,1994.1177100297018,中继,RU-002,123.19812486519534,122.0
P00071,leg1-cruise,1989.1407966821407,1994.1183382463291,中继,RU-001,122.18636806614626,122.0
P00107,leg3-descent,1993.9292951602463,2003.6953352025407,直连,,76.37279611722062,122.0
P00037,leg1-cruise,1994.1177100297018,1999.0949374855768,中继,RU-002,123.31154126189276,122.0
P00071,leg1-cruise,1994.1183382463291,1999.0958798105175,中继,RU-001,122.31346117408187,122.0
P00037,leg1-cruise,1999.0949374855768,2004.0721649414515,中继,RU-002,123.42349750212082,122.0
P00071,leg1-cruise,1999.0958798105175,2004.0734213747062,中继,RU-001,122.43873025605421,122.0
P00107,leg3-descent,2003.6953352025407,2013.461375244835,直连,,72.31789571911234,122.0
P00037,leg1-cruise,2004.0721649414515,2009.0493923973263,中继,RU-002,123.53403066063237,122.0
P00071,leg1-cruise,2004.0734213747062,2009.0509629388948,中继,RU-001,122.56222667838946,122.0
P00037,leg1-cruise,2009.0493923973263,2014.026619853201,中继,RU-002,123.64317641944443,122.0
P00071,leg1-cruise,2009.0509629388948,2014.0285045030832,中继,RU-001,122.68399967797983,122.0
P00107,leg3-descent,2013.461375244835,2023.2274152871294,直连,,64.46823012993818,122.0
P00037,leg1-cruise,2014.026619853201,2019.0038473090758,中继,RU-002,123.75096913665172,122.0
P00071,leg1-cruise,2014.0285045030832,2019.0060460672717,中继,RU-001,122.8040964778351,122.0
P00037,leg1-cruise,2019.0038473090758,2023.9810747649508,中继,RU-002,123.85744191106204,122.0
P00071,leg1-cruise,2019.0060460672717,2023.9835876314603,中继,RU-001,122.92256239491209,122.0
P00107,leg3-descent,2023.2274152871294,2032.9934553294236,直连,,57.88770526173303,122.0
P00037,leg1-cruise,2023.9810747649508,2028.9583022208258,中继,RU-002,123.96262664291326,122.0
P00071,leg1-cruise,2023.9835876314603,2028.961129195649,中继,RU-001,123.03944094088233,122.0
P00037,leg1-cruise,2028.9583022208258,2033.9355296767005,中继,RU-002,124.06655409100662,122.0
P00071,leg1-cruise,2028.961129195649,2033.9386707598374,中继,RU-001,123.15477391634374,122.0
P00037,leg1-cruise,2033.9355296767005,2038.9127571325753,中继,RU-002,124.16925392645572,122.0
P00071,leg1-cruise,2033.9386707598374,2038.9162123240258,中继,RU-001,123.26860149900536,122.0
P00037,leg1-cruise,2038.9127571325753,2043.8899845884503,中继,RU-002,124.27075478333025,122.0
P00071,leg1-cruise,2038.9162123240258,2043.8937538882144,中继,RU-001,123.38096232626489,122.0
P00040,leg1-climb,2041.0,2050.0627127075195,直连,,58.81621869882936,122.0
P00037,leg1-cruise,2043.8899845884503,2048.8672120443252,中继,RU-002,124.37108430637124,122.0
P00071,leg1-cruise,2043.8937538882144,2048.871295452403,中继,RU-001,123.49189357264294,122.0
P00037,leg1-cruise,2048.8672120443252,2053.8444395001998,中继,RU-002,124.47026919601464,122.0
P00071,leg1-cruise,2048.871295452403,2053.8488370165915,中继,RU-001,123.60143102243215,122.0
P00040,leg1-climb,2050.0627127075195,2059.125425415039,直连,,62.967581480229086,122.0
P00037,leg1-cruise,2053.8444395001998,2058.8216669560748,中继,RU-002,124.56833525087134,122.0
P00071,leg1-descent,2053.8488370165915,2062.2524905810446,中继,RU-001,123.65456224117123,122.0
P00037,leg1-cruise,2058.8216669560748,2063.7988944119497,中继,RU-002,124.66530740784653,122.0
P00040,leg1-climb,2059.125425415039,2068.1881381225585,直连,,71.33379743766989,122.0
P00071,leg1-descent,2062.2524905810446,2070.656144145498,中继,RU-001,123.65243562946183,122.0
P00037,leg1-cruise,2063.7988944119497,2068.7761218678243,中继,RU-002,124.76120978007108,122.0
P00040,leg1-climb,2068.1881381225585,2077.250850830078,直连,,75.51513358475091,122.0
P00037,leg1-cruise,2068.7761218678243,2073.7533493236992,中继,RU-002,124.85606569274434,122.0
P00071,leg1-descent,2070.656144145498,2079.059797709951,中继,RU-001,123.65047547555812,122.0
P00037,leg1-cruise,2073.7533493236992,2078.730576779574,中继,RU-002,124.9498977170791,122.0
P00040,leg1-climb,2077.250850830078,2086.313563537598,直连,,78.32578882182625,122.0
P00037,leg1-cruise,2078.730576779574,2083.7078042354487,中继,RU-002,125.04272770241143,122.0
P00071,leg1-descent,2079.059797709951,2087.463451274404,中继,RU-001,123.64868200539627,122.0
P00037,leg1-cruise,2083.7078042354487,2088.6850316913237,中继,RU-002,125.1345768066436,122.0
P00040,leg1-climb,2086.313563537598,2095.3762762451174,直连,,80.44587982316204,122.0
P00071,S010-handoff,2087.463451274404,2097.463451274404,中继,RU-001,123.64784784212937,122.0
P00037,leg1-cruise,2088.6850316913237,2098.6394866030732,中继,RU-002,125.22546552508712,122.0
P00040,leg1-climb,2095.3762762451174,2104.438988952637,直连,,82.14868303046629,122.0
P00071,S010-handoff,2097.463451274404,2107.463451274404,中继,RU-001,123.64784784212937,122.0
P00037,leg1-cruise,2098.6394866030732,2108.593941514823,中继,RU-002,125.40444063566045,122.0
P00040,leg1-climb,2104.438988952637,2113.5017016601564,直连,,83.57175599751194,122.0
P00071,S010-handoff,2107.463451274404,2117.463451274404,中继,RU-001,123.64784784212937,122.0
P00010,leg1-climb,2108.0,2117.935544433594,直连,,57.648261461862106,122.0
P00037,leg1-cruise,2108.593941514823,2113.5711689706977,中继,RU-002,125.57980475022596,122.0
P00040,leg1-cruise,2113.5017016601564,2118.4585540057155,直连,,84.42936978408049,122.0
P00037,leg1-cruise,2113.5711689706977,2118.5483964265727,中继,RU-002,125.66617761799819,122.0
P00071,S010-handoff,2117.463451274404,2127.463451274404,中继,RU-001,123.64784784212937,122.0
P00010,leg1-climb,2117.935544433594,2127.8710888671876,直连,,64.79418090036516,122.0
P00040,leg1-cruise,2118.4585540057155,2123.4154063512747,直连,,85.90234206338606,122.0
P00037,leg1-cruise,2118.5483964265727,2123.5256238824477,中继,RU-002,125.75170059638964,122.0
P00040,leg1-cruise,2123.4154063512747,2128.372258696834,直连,,87.87588877116872,122.0
P00037,leg1-cruise,2123.5256238824477,2128.502851338322,中继,RU-002,125.83639023603386,122.0
P00071,S010-handoff,2127.463451274404,2137.463451274404,中继,RU-001,123.64784784212937,122.0
P00010,leg1-climb,2127.8710888671876,2137.8066333007814,直连,,72.53927929053258,122.0
P00040,leg1-cruise,2128.372258696834,2133.329111042393,直连,,89.7729839341502,122.0
P00037,leg1-cruise,2128.502851338322,2133.480078794197,中继,RU-002,125.92026260909444,122.0
P00040,leg1-cruise,2133.329111042393,2138.2859633879525,直连,,91.45172143330682,122.0
P00037,leg1-cruise,2133.480078794197,2138.457306250072,中继,RU-002,126.00333332751866,122.0
P00071,S010-handoff,2137.463451274404,2147.463451274404,中继,RU-001,123.64784784212937,122.0
P00010,leg1-climb,2137.8066333007814,2147.742177734375,直连,,76.5674217437439,122.0
P00040,leg1-cruise,2138.2859633879525,2143.2428157335116,直连,,92.9153222185702,122.0
P00037,leg1-cruise,2138.457306250072,2143.434533705947,中继,RU-002,126.08561756043053,122.0
P00040,leg1-cruise,2143.2428157335116,2148.1996680790708,直连,,94.19709972496159,122.0
P00037,leg1-cruise,2143.434533705947,2148.411761161822,中继,RU-002,126.16713005070936,122.0
P00071,S010-handoff,2147.463451274404,2157.463451274404,中继,RU-001,123.64784784212937,122.0
P00010,leg1-climb,2147.742177734375,2157.6777221679686,直连,,79.30870085577784,122.0
P00040,leg1-cruise,2148.1996680790708,2153.15652042463,直连,,95.3304085084208,122.0
P00037,leg1-cruise,2148.411761161822,2153.3889886176967,中继,RU-002,126.24788513080534,122.0
P00040,leg1-cruise,2153.15652042463,2158.113372770189,直连,,96.34270629921781,122.0
P00037,leg1-cruise,2153.3889886176967,2158.366216073571,中继,RU-002,126.3278967378174,122.0
P00071,S010-handoff,2157.463451274404,2167.463451274404,中继,RU-001,123.64784784212937,122.0
P00010,leg1-climb,2157.6777221679686,2167.6132666015624,直连,,81.3892190161248,122.0
P00040,leg1-cruise,2158.113372770189,2163.070225115748,直连,,97.25553184242507,122.0
P00037,leg1-cruise,2158.366216073571,2163.343443529446,中继,RU-002,126.40717842790221,122.0
P00040,leg1-cruise,2163.070225115748,2168.0270774613073,直连,,98.08564295868295,122.0
P00037,leg1-cruise,2163.343443529446,2168.320670985321,中继,RU-002,126.4857433900158,122.0
P00071,S010-handoff,2167.463451274404,2177.463451274404,中继,RU-001,123.64784784212937,122.0
P00010,leg1-climb,2167.6132666015624,2177.548811035156,直连,,83.06644334302956,122.0
P00040,leg1-cruise,2168.0270774613073,2172.9839298068664,直连,,98.84615079370035,122.0
P00037,leg1-cruise,2168.320670985321,2173.297898441196,中继,RU-002,126.56360445905156,122.0
P00040,leg1-cruise,2172.9839298068664,2177.9407821524255,直连,,99.54742184672878,122.0
P00037,leg1-cruise,2173.297898441196,2178.275125897071,中继,RU-002,126.64077412839674,122.0
P00071,S010-handoff,2177.463451274404,2187.463451274404,中继,RU-001,123.64784784212937,122.0
P00010,leg1-climb,2177.548811035156,2187.48435546875,直连,,84.47162366320066,122.0
P00040,leg1-cruise,2177.9407821524255,2182.8976344979847,直连,,100.19775153281839,122.0
P00037,leg1-cruise,2178.275125897071,2183.2523533529456,中继,RU-002,126.71726456193001,122.0
P00040,leg1-cruise,2182.8976344979847,2187.854486843544,直连,,100.80385851146326,122.0
P00037,leg1-cruise,2183.2523533529456,2188.22958080882,中继,RU-002,126.79308760550552,122.0
P00071,S010-handoff,2187.463451274404,2197.463451274404,中继,RU-001,123.64784784212937,122.0
P00010,leg1-cruise,2187.48435546875,2192.320504630868,直连,,85.27255626151124,122.0
P00040,leg1-cruise,2187.854486843544,2192.8113391891034,直连,,101.37124743929772,122.0
P00037,leg1-cruise,2188.22958080882,2193.206808264695,中继,RU-002,126.86825479793444,122.0
P00010,leg1-cruise,2192.320504630868,2197.156653792986,直连,,86.46677786692618,122.0
P00040,leg1-cruise,2192.8113391891034,2197.7681915346625,直连,,101.90447707530214,122.0
P00037,leg1-cruise,2193.206808264695,2198.18403572057,中继,RU-002,126.94277738150396,122.0
P00010,leg1-cruise,2197.156653792986,2201.992802955104,直连,,88.17181491095486,122.0
P00071,S010-handoff,2197.463451274404,2207.463451274404,中继,RU-001,123.64784784212937,122.0
P00040,leg1-cruise,2197.7681915346625,2202.7250438802216,直连,,102.40736046494779,122.0
P00037,leg1-cruise,2198.18403572057,2203.161263176445,中继,RU-002,127.01666631203885,122.0
P00010,leg1-cruise,2201.992802955104,2206.828952117222,直连,,89.89507369288339,122.0
P00040,leg1-cruise,2202.7250438802216,2207.6818962257807,直连,,102.88311611439504,122.0
P00037,leg1-cruise,2203.161263176445,2208.13849063232,中继,RU-002,127.08993226855654,122.0
P00010,leg1-cruise,2206.828952117222,2211.66510127934,直连,,91.4687472052675,122.0
P00071,S010-handoff,2207.463451274404,2217.463451274404,中继,RU-001,123.64784784212937,122.0
P00040,leg1-cruise,2207.6818962257807,2212.63874857134,直连,,103.33448347839128,122.0
P00037,leg1-cruise,2208.13849063232,2213.1157180881946,中继,RU-002,127.16258566249876,122.0
P00010,leg1-cruise,2211.66510127934,2216.501250441458,直连,,92.86739046244304,122.0
P00040,leg1-cruise,2212.63874857134,2217.595600916899,直连,,103.76381218663542,122.0
P00037,leg1-cruise,2213.1157180881946,2218.0929455440696,中继,RU-002,127.23463664660117,122.0
P00010,leg1-cruise,2216.501250441458,2221.337399603576,直连,,94.10722987040333,122.0
P00071,S010-handoff,2217.463451274404,2227.463451274404,中继,RU-001,123.64784784212937,122.0
P00040,leg1-cruise,2217.595600916899,2222.552453262458,直连,,104.17313172844253,122.0
P00037,leg1-cruise,2218.0929455440696,2223.0701729999446,中继,RU-002,127.30609512338653,122.0
P00010,leg1-cruise,2221.337399603576,2226.173548765694,直连,,95.21225445596531,122.0
P00040,leg1-cruise,2222.552453262458,2227.5093056080173,直连,,104.56420643427464,122.0
P00037,leg1-cruise,2223.0701729999446,2228.047400455819,中继,RU-002,127.37697075331249,122.0
P00010,leg1-cruise,2226.173548765694,2231.009697927812,直连,,96.20472045695026,122.0
P00071,S010-handoff,2227.463451274404,2237.463451274404,中继,RU-001,123.64784784212937,122.0
P00040,leg1-cruise,2227.5093056080173,2232.4661579535764,直连,,104.93857927510673,122.0
P00037,leg1-cruise,2228.047400455819,2233.024627911694,中继,RU-002,127.44727296260064,122.0
P00010,leg1-cruise,2231.009697927812,2235.84584708993,直连,,97.10316833655807,122.0
P00040,leg1-cruise,2232.4661579535764,2237.423010299136,直连,,105.2976070692678,122.0
P00037,leg1-descent,2233.024627911694,2241.9700533267333,中继,RU-002,127.48193856321288,122.0
P00010,leg1-cruise,2235.84584708993,2240.6819962520476,直连,,97.9225549471707,122.0
P00040,leg1-cruise,2237.423010299136,2242.379862644695,直连,,105.64248902174391,122.0
P00071,S010-handoff,2237.463451274404,2247.463451274404,中继,RU-001,123.64784784212937,122.0
P00010,leg1-cruise,2240.6819962520476,2245.5181454141657,直连,,98.67486648206338,122.0
P00037,leg1-descent,2241.9700533267333,2250.915478741772,中继,RU-002,127.48145071864766,122.0
P00040,leg1-cruise,2242.379862644695,2247.336714990254,直连,,105.97429004159913,122.0
P00010,leg1-cruise,2245.5181454141657,2250.354294576284,直连,,99.36974143888108,122.0
P00040,leg1-cruise,2247.336714990254,2252.2935673358133,直连,,106.29395993380777,122.0
P00071,S010-handoff,2247.463451274404,2257.463451274404,中继,RU-001,123.64784784212937,122.0
P00010,leg1-cruise,2250.354294576284,2255.190443738402,直连,,100.0149890594714,122.0
P00037,leg1-descent,2250.915478741772,2259.860904156811,中继,RU-002,127.48104138237362,122.0
P00040,leg1-cruise,2252.2935673358133,2257.2504196813725,直连,,106.60234930479344,122.0
P00010,leg1-cruise,2255.190443738402,2260.02659290052,直连,,100.6169941702558,122.0
P00040,leg1-cruise,2257.2504196813725,2262.2072720269316,直连,,106.90022282979645,122.0
P00071,S010-handoff,2257.463451274404,2267.463451274404,中继,RU-001,123.64784784212937,122.0
P00014,leg1-climb,2259.0,2268.1960506863065,直连,,55.910353848052935,122.0
P00037,leg1-descent,2259.860904156811,2268.8063295718503,中继,RU-002,127.48071057659628,122.0
P00010,leg1-cruise,2260.02659290052,2264.8627420626376,直连,,101.18102648987362,122.0
P00040,leg1-cruise,2262.2072720269316,2267.1641243724907,直连,,107.18827038698302,122.0
P00010,leg1-cruise,2264.8627420626376,2269.6988912247557,直连,,101.71147578907957,122.0
P00040,leg1-cruise,2267.1641243724907,2272.12097671805,直连,,117.4671164546464,122.0
P00071,S010-handoff,2267.463451274404,2277.463451274404,中继,RU-001,123.64784784212937,122.0
P00014,leg1-climb,2268.1960506863065,2277.392101372613,直连,,66.65528399300678,122.0
P00037,S002-handoff,2268.8063295718503,2278.1201199407033,中继,RU-002,127.4805746284193,122.0
P00010,leg1-cruise,2269.6988912247557,2274.535040386874,直连,,102.21203117602158,122.0
P00040,leg1-cruise,2272.12097671805,2277.077829063609,直连,,117.73732808499174,122.0
P00010,leg1-cruise,2274.535040386874,2279.3711895489914,直连,,102.68581866576339,122.0
P00040,leg1-cruise,2277.077829063609,2282.034681409168,直连,,117.99942170438437,122.0
P00014,leg1-climb,2277.392101372613,2286.588152058919,直连,,73.85289434168777,122.0
P00071,S010-handoff,2277.463451274404,2287.463451274404,中继,RU-001,123.64784784212937,122.0
P00037,S002-handoff,2278.1201199407033,2287.4339103095563,中继,RU-002,127.4805746284193,122.0
P00010,leg1-cruise,2279.3711895489914,2284.2073387111095,直连,,103.13550760242691,122.0
P00040,leg1-cruise,2282.034681409168,2286.9915337547272,直连,,118.25386894037278,122.0
P00010,leg1-cruise,2284.2073387111095,2289.0434878732276,直连,,103.56339371526973,122.0
P00014,leg1-climb,2286.588152058919,2295.7842027452257,直连,,77.73409680378472,122.0
P00040,leg1-cruise,2286.9915337547272,2291.9483861002864,直连,,118.50110163725203,122.0
P00037,S002-handoff,2287.4339103095563,2296.7477006784093,中继,RU-002,127.4805746284193,122.0
P00071,S010-handoff,2287.463451274404,2297.463451274404,中继,RU-001,123.64784784212937,122.0
P00010,leg1-cruise,2289.0434878732276,2293.8796370353457,直连,,103.97146452234072,122.0
P00040,leg1-cruise,2291.9483861002864,2296.9052384458455,直连,,118.74151619156223,122.0
P00010,leg1-cruise,2293.8796370353457,2298.715786197464,直连,,104.36145128953396,122.0
P00014,leg1-climb,2295.7842027452257,2304.980253431532,直连,,80.40713379023336,122.0
P00037,S002-handoff,2296.7477006784093,2306.0614910472623,中继,RU-002,127.4805746284193,122.0
P00040,leg1-cruise,2296.9052384458455,2301.862090791405,直连,,118.97547731479243,122.0
P00071,leg2-climb,2297.463451274404,2306.8008441237967,中继,RU-001,123.64896933281241,122.0
P00010,leg1-cruise,2298.715786197464,2303.5519353595814,直连,,104.73487066164921,122.0
P00040,leg1-cruise,2301.862090791405,2306.818943136964,直连,,119.2033213114766,122.0
P00010,leg1-cruise,2303.5519353595814,2308.3880845216995,直连,,105.09305829083397,122.0
P00014,leg1-climb,2304.980253431532,2314.1763041178388,直连,,82.44823755787544,122.0
P00037,S002-handoff,2306.0614910472623,2315.3752814161153,中继,RU-002,127.4805746284193,122.0
P00071,leg2-climb,2306.8008441237967,2316.1382369731887,中继,RU-001,123.65143473071883,122.0
P00040,leg1-cruise,2306.818943136964,2311.7757954825233,直连,,119.42535894539617,122.0
P00010,leg1-cruise,2308.3880845216995,2313.2242336838176,直连,,105.43719621141047,122.0
P00040,leg1-cruise,2311.7757954825233,2316.7326478280825,直连,,119.64187795430895,122.0
P00010,leg1-cruise,2313.2242336838176,2318.0603828459352,直连,,105.76833528748612,122.0
P00014,leg1-cruise,2314.1763041178388,2318.933114077122,直连,,83.56668286156173,122.0
P00037,S002-handoff,2315.3752814161153,2324.6890717849683,中继,RU-002,127.4805746284193,122.0
P00071,leg2-climb,2316.1382369731887,2325.475629822581,中继,RU-001,123.65419625647414,122.0
P00040,leg1-cruise,2316.7326478280825,2321.6895001736416,直连,,119.8531452635254,122.0
P00010,leg1-cruise,2318.0603828459352,2322.8965320080533,直连,,106.08741374760555,122.0
P00014,leg1-cruise,2318.933114077122,2323.6899240364046,直连,,85.19097874970913,122.0
P00040,leg1-cruise,2321.6895001736416,2326.6463525192007,直连,,120.05940894044411,122.0
P00010,leg1-cruise,2322.8965320080533,2327.7326811701714,直连,,106.39527258847859,122.0
P00014,leg1-cruise,2323.6899240364046,2328.4467339956873,直连,,87.2969899347192,122.0
P00037,S002-handoff,2324.6890717849683,2334.0028621538213,中继,RU-002,127.4805746284193,122.0
P00071,leg2-cruise,2325.475629822581,2334.6321085839118,中继,RU-001,123.55561697513943,122.0
P00040,leg1-cruise,2326.6463525192007,2331.60320486476,直连,,120.26089992552389,122.0
P00010,leg1-cruise,2327.7326811701714,2332.5688303322895,直连,,106.6926684554259,122.0
P00014,leg1-cruise,2328.4467339956873,2333.2035439549704,直连,,89.27361601320396,122.0
P00040,leg1-cruise,2331.60320486476,2336.560057210319,直连,,120.45783356960882,122.0
P00010,leg1-cruise,2332.5688303322895,2337.4049794944076,直连,,106.98028447535141,122.0
P00014,leg1-cruise,2333.2035439549704,2337.9603539142536,直连,,90.9982334512089,122.0
P00037,S002-handoff,2334.0028621538213,2343.3166525226743,中继,RU-002,127.4805746284193,122.0
P00071,leg2-cruise,2334.6321085839118,2343.788587345242,中继,RU-001,123.35196169852178,122.0
P00040,leg1-cruise,2336.560057210319,2341.516909555878,直连,,120.65041100294316,122.0
P00010,leg1-cruise,2337.4049794944076,2342.2411286565252,直连,,107.25873941759623,122.0
P00014,leg1-cruise,2337.9603539142536,2342.7171638735363,直连,,92.48941614256766,122.0
P00040,leg1-cruise,2341.516909555878,2346.4737619014377,直连,,120.83882035748952,122.0
P00010,leg1-cruise,2342.2411286565252,2347.0772778186433,直连,,107.52859548074078,122.0
P00014,leg1-cruise,2342.7171638735363,2347.473973832819,直连,,93.78869252453919,122.0
P00037,S002-handoff,2343.3166525226743,2352.6304428915273,中继,RU-002,127.4805746284193,122.0
P00071,leg2-cruise,2343.788587345242,2352.9450661065725,中继,RU-001,123.14343564586547,122.0
P00040,leg1-cruise,2346.4737619014377,2351.430614246997,直连,,121.02323786097466,122.0
P00010,leg1-cruise,2347.0772778186433,2351.9134269807614,直连,,107.79036494379547,122.0
P00014,leg1-cruise,2347.473973832819,2352.2307837921016,直连,,94.93366900068473,122.0
P00040,leg1-cruise,2351.430614246997,2356.387466592556,直连,,121.20382881843098,122.0
P00010,leg1-cruise,2351.9134269807614,2356.749576142879,直连,,108.04451587357295,122.0
P00014,leg1-cruise,2352.2307837921016,2356.9875937513843,直连,,95.95408425812276,122.0
P00037,S002-handoff,2352.6304428915273,2361.9442332603803,中继,RU-002,127.4805746284193,122.0
P00071,leg2-cruise,2352.9450661065725,2362.1015448679027,中继,RU-001,122.92980113097488,122.0
P00040,leg1-cruise,2356.387466592556,2361.344318938115,直连,,121.38074849482098,122.0
P00010,leg1-cruise,2356.749576142879,2361.585725304997,直连,,108.29147704356788,122.0
P00014,leg1-cruise,2356.9875937513843,2361.7444037106675,直连,,96.87276247140609,122.0
P00040,leg1-cruise,2361.344318938115,2366.301171283674,直连,,121.55414291044859,122.0
P00010,leg1-cruise,2361.585725304997,2366.4218744671152,直连,,108.53164219082974,122.0
P00014,leg1-cruise,2361.7444037106675,2366.5012136699506,直连,,97.70722167088667,122.0
P00037,S002-handoff,2361.9442332603803,2371.2580236292333,中继,RU-002,127.4805746284193,122.0
P00071,leg2-cruise,2362.1015448679027,2371.2580236292333,中继,RU-001,122.71080271466944,122.0
P00040,leg1-cruise,2366.301171283674,2371.2580236292333,直连,,121.72414955927545,122.0
P00010,leg1-cruise,2366.4218744671152,2371.2580236292333,直连,,108.76537371438155,122.0
P00014,leg1-cruise,2366.5012136699506,2371.2580236292333,直连,,98.47104259848798,122.0
P00028,leg1-climb,2371.0,2371.2580236292333,直连,,75.90508970408794,122.0
P00010,leg1-cruise,2371.2580236292333,2379.225752993229,直连,,109.06545079072986,122.0
P00014,leg1-cruise,2371.2580236292333,2375.2418883112314,直连,,99.11973164841582,122.0
P00028,leg1-climb,2371.2580236292333,2379.225752993229,直连,,57.29009086235433,122.0
P00037,S002-handoff,2371.2580236292333,2379.225752993229,中继,RU-002,127.4805746284193,122.0
P00040,leg1-cruise,2371.2580236292333,2375.2418883112314,直连,,121.87467311639301,122.0
P00071,leg2-cruise,2371.2580236292333,2379.225752993229,中继,RU-001,122.50092411274946,122.0
P00014,leg1-cruise,2375.2418883112314,2379.225752993229,直连,,99.67261045348515,122.0
P00040,leg1-cruise,2375.2418883112314,2379.225752993229,中继,RU-002,122.00665586235654,122.0
P00010,leg1-cruise,2379.225752993229,2387.193482357224,直连,,109.42505160286065,122.0
P00014,leg1-cruise,2379.225752993229,2383.2096176752266,直连,,100.19313338055505,122.0
P00028,leg1-climb,2379.225752993229,2387.193482357224,直连,,64.47147073047239,122.0
P00037,S002-handoff,2379.225752993229,2387.193482357224,中继,RU-002,127.4805746284193,122.0
P00040,leg1-cruise,2379.225752993229,2383.2096176752266,中继,RU-002,122.13666626592304,122.0
P00071,leg2-cruise,2379.225752993229,2387.193482357224,中继,RU-001,122.30097428270047,122.0
P00014,leg1-cruise,2383.2096176752266,2387.193482357224,直连,,100.6848025339131,122.0
P00040,leg1-cruise,2383.2096176752266,2387.193482357224,中继,RU-002,122.26476231554875,122.0
P00010,leg1-cruise,2387.193482357224,2395.16121172122,直连,,109.77040566352734,122.0
P00014,leg1-cruise,2387.193482357224,2391.177347039222,直连,,101.15059205400786,122.0
P00028,leg1-climb,2387.193482357224,2395.16121172122,直连,,72.21019432521143,122.0
P00037,S002-handoff,2387.193482357224,2395.16121172122,中继,RU-002,127.4805746284193,122.0
P00040,leg1-cruise,2387.193482357224,2391.177347039222,中继,RU-002,122.39099948327032,122.0
P00071,leg2-cruise,2387.193482357224,2395.16121172122,中继,RU-001,122.0963365691722,122.0
P00014,leg1-cruise,2391.177347039222,2395.16121172122,直连,,101.59304692012068,122.0
P00040,leg1-cruise,2391.177347039222,2395.16121172122,中继,RU-002,122.51543086802234,122.0
P00010,leg1-cruise,2395.16121172122,2399.9217711718807,直连,,110.03674893946501,122.0
P00014,leg1-cruise,2395.16121172122,2399.9217711718807,直连,,102.05437229079375,122.0
P00028,leg1-climb,2395.16121172122,2404.6823306225415,直连,,76.5452426881732,122.0
P00037,S002-handoff,2395.16121172122,2404.6823306225415,中继,RU-002,127.4805746284193,122.0
P00040,leg1-cruise,2395.16121172122,2399.9217711718807,中继,RU-002,122.64997380532576,122.0
P00071,leg2-cruise,2395.16121172122,2399.9217711718807,直连,,121.92936713511938,122.0
P00010,leg1-cruise,2399.9217711718807,2404.6823306225415,直连,,110.23079071583331,122.0
P00014,leg1-cruise,2399.9217711718807,2404.6823306225415,直连,,102.53062592906277,122.0
P00040,leg1-cruise,2399.9217711718807,2404.6823306225415,中继,RU-002,122.79413854528548,122.0
P00071,leg2-cruise,2399.9217711718807,2404.6823306225415,直连,,121.80234826848832,122.0
P00010,leg1-cruise,2404.6823306225415,2409.4428900732023,直连,,110.42060493977783,122.0
P00014,leg1-cruise,2404.6823306225415,2409.4428900732023,直连,,102.98240321086604,122.0
P00028,leg1-climb,2404.6823306225415,2414.203449523863,直连,,79.63869553233079,122.0
P00037,S002-handoff,2404.6823306225415,2414.203449523863,中继,RU-002,127.4805746284193,122.0
P00040,leg1-cruise,2404.6823306225415,2409.4428900732023,中继,RU-002,122.93595263225305,122.0
P00071,leg2-cruise,2404.6823306225415,2409.4428900732023,直连,,121.67345487787621,122.0
P00089,leg1-climb,2407.0,2415.941701556957,直连,,56.428568391946214,122.0
P00010,leg1-cruise,2409.4428900732023,2414.203449523863,直连,,110.6063713754808,122.0
P00014,leg1-cruise,2409.4428900732023,2414.203449523863,直连,,103.41207160811786,122.0
P00040,leg1-cruise,2409.4428900732023,2414.203449523863,中继,RU-002,123.07549139290946,122.0
P00071,leg2-cruise,2409.4428900732023,2414.203449523863,直连,,121.54263114032386,122.0
P00010,leg1-cruise,2414.203449523863,2418.964008974524,直连,,110.78825859130257,122.0
P00014,leg1-cruise,2414.203449523863,2418.964008974524,直连,,103.82167429437732,122.0
P00028,leg1-climb,2414.203449523863,2423.7245684251848,直连,,81.91509199895856,122.0
P00037,S002-handoff,2414.203449523863,2423.7245684251848,中继,RU-002,127.4805746284193,122.0
P00040,leg1-cruise,2414.203449523863,2418.964008974524,中继,RU-002,123.21282659480116,122.0
P00071,leg2-cruise,2414.203449523863,2418.964008974524,直连,,121.40981871746273,122.0
P00089,leg1-climb,2415.941701556957,2424.883403113914,直连,,66.17742945595417,122.0
P00010,leg1-cruise,2418.964008974524,2423.7245684251848,直连,,110.96642486808413,122.0
P00014,leg1-cruise,2418.964008974524,2423.7245684251848,直连,,104.21298621880211,122.0
P00040,leg1-cruise,2418.964008974524,2423.7245684251848,中继,RU-002,123.34802666681213,122.0
P00071,leg2-cruise,2418.964008974524,2423.7245684251848,直连,,121.27495660311733,122.0
P00010,leg1-cruise,2423.7245684251848,2428.4851278758456,直连,,111.14101901742691,122.0
P00014,leg1-cruise,2423.7245684251848,2428.4851278758456,直连,,104.58755868037024,122.0
P00028,leg1-climb,2423.7245684251848,2433.2456873265064,直连,,83.71708013682021,122.0
P00037,S002-handoff,2423.7245684251848,2433.2456873265064,中继,RU-002,127.4805746284193,122.0
P00040,leg1-cruise,2423.7245684251848,2428.4851278758456,中继,RU-002,123.48115690284111,122.0
P00071,leg2-cruise,2423.7245684251848,2428.4851278758456,直连,,121.13798095927658,122.0
P00089,leg1-climb,2424.883403113914,2433.825104670871,直连,,73.50777300032586,122.0
P00010,leg1-cruise,2428.4851278758456,2433.2456873265064,直连,,111.31218112038869,122.0
P00014,leg1-cruise,2428.4851278758456,2433.2456873265064,直连,,104.94675509265795,122.0
P00040,leg1-cruise,2428.4851278758456,2433.2456873265064,中继,RU-002,123.61227965020774,122.0
P00071,leg2-cruise,2428.4851278758456,2433.2456873265064,直连,,120.99882493935797,122.0
P00010,leg1-cruise,2433.2456873265064,2438.0062467771672,直连,,111.48004319571385,122.0
P00014,leg1-cruise,2433.2456873265064,2438.0062467771672,直连,,105.29177993038488,122.0
P00028,leg1-climb,2433.2456873265064,2442.766806227828,直连,,85.20869560247236,122.0
P00037,S002-handoff,2433.2456873265064,2442.766806227828,中继,RU-002,127.4805746284193,122.0
P00040,leg1-cruise,2433.2456873265064,2438.0062467771672,中继,RU-002,123.7414544841165,122.0
P00071,leg2-cruise,2433.2456873265064,2438.0062467771672,直连,,120.85741849757811,122.0
P00089,leg1-climb,2433.825104670871,2442.766806227828,直连,,77.4256873475301,122.0
P00032,leg1-climb,2437.0,2442.766806227828,直连,,61.15398185899666,122.0
P00010,leg1-cruise,2438.0062467771672,2442.766806227828,直连,,121.64472980547215,122.0
P00014,leg1-cruise,2438.0062467771672,2442.766806227828,直连,,115.62370234782703,122.0
P00040,leg1-cruise,2438.0062467771672,2442.766806227828,中继,RU-002,123.8687383694247,122.0
P00071,leg2-cruise,2438.0062467771672,2442.766806227828,直连,,120.71368818310668,122.0
P00010,leg1-cruise,2442.766806227828,2447.676084127041,直连,,121.80885956922042,122.0
P00014,leg1-cruise,2442.766806227828,2447.6033773316567,直连,,115.94598197461687,122.0
P00028,leg1-climb,2442.766806227828,2452.736444091797,直连,,86.50914633806792,122.0
P00032,leg1-climb,2442.766806227828,2451.3038856560906,直连,,60.1458432227442,122.0
P00037,S002-handoff,2442.766806227828,2451.7766870638334,中继,RU-002,127.4805746284193,122.0
P00040,leg1-cruise,2442.766806227828,2447.6033773316567,中继,RU-002,123.99518007070736,122.0
P00071,leg2-cruise,2442.766806227828,2447.6033773316567,直连,,120.56638040584457,122.0
P00089,leg1-climb,2442.766806227828,2451.887995397105,直连,,80.13912160407907,122.0
P00014,leg1-cruise,2447.6033773316567,2452.439948435486,直连,,116.25920926420683,122.0
P00040,leg1-cruise,2447.6033773316567,2452.439948435486,中继,RU-002,124.12078931859668,122.0
P00071,leg2-cruise,2447.6033773316567,2452.439948435486,直连,,120.41535327559232,122.0
P00010,leg1-cruise,2447.676084127041,2452.585362026254,中继,RU-002,121.97240613400788,122.0
P00032,leg1-climb,2451.3038856560906,2459.8409650843532,直连,,71.11179145602361,122.0
P00037,S002-handoff,2451.7766870638334,2460.786567899839,中继,RU-002,127.4805746284193,122.0
P00089,leg1-climb,2451.887995397105,2461.009184566382,直连,,82.22185602718733,122.0
P00014,leg1-cruise,2452.439948435486,2457.276519539315,直连,,116.56158665078415,122.0
P00040,leg1-cruise,2452.439948435486,2457.276519539315,中继,RU-002,124.24460967895727,122.0
P00071,leg2-cruise,2452.439948435486,2457.276519539315,直连,,120.2616743731696,122.0
P00010,leg1-cruise,2452.585362026254,2457.4946399254673,中继,RU-002,122.13293621124726,122.0
P00028,leg1-cruise,2452.736444091797,2457.5606612099464,直连,,87.21662865587065,122.0
P00014,leg1-cruise,2457.276519539315,2462.1130906431436,直连,,116.8538372936065,122.0
P00040,leg1-cruise,2457.276519539315,2462.1130906431436,中继,RU-002,124.36669134028467,122.0
P00071,leg2-cruise,2457.276519539315,2462.1130906431436,直连,,120.10524970016985,122.0
P00010,leg1-cruise,2457.4946399254673,2462.4039178246803,中继,RU-002,122.29055884803452,122.0
P00028,leg1-cruise,2457.5606612099464,2462.3848783280955,直连,,88.01313306772214,122.0
P00032,leg1-climb,2459.8409650843532,2468.3780445126154,直连,,75.80747372600216,122.0
P00037,S002-handoff,2460.786567899839,2469.796448735845,中继,RU-002,127.4805746284193,122.0
P00089,leg1-climb,2461.009184566382,2470.130373735659,直连,,83.9005179696982,122.0
P00014,leg1-cruise,2462.1130906431436,2466.949661746972,直连,,117.13661469223067,122.0
P00040,leg1-cruise,2462.1130906431436,2466.949661746972,中继,RU-002,124.4870824101488,122.0
P00071,leg2-cruise,2462.1130906431436,2466.949661746972,直连,,119.9459802154829,122.0
P00028,leg1-cruise,2462.3848783280955,2467.2090954462446,直连,,89.26837786951506,122.0
P00010,leg1-cruise,2462.4039178246803,2467.313195723893,中继,RU-002,122.4453772942486,122.0
P00014,leg1-cruise,2466.949661746972,2471.7862328508013,直连,,117.4105113179855,122.0
P00040,leg1-cruise,2466.949661746972,2471.7862328508013,中继,RU-002,124.60582902855647,122.0
P00071,leg2-cruise,2466.949661746972,2471.7862328508013,直连,,119.78376147161728,122.0
P00028,leg1-cruise,2467.2090954462446,2472.033312564394,直连,,90.65619099865441,122.0
P00010,leg1-cruise,2467.313195723893,2472.222473623106,中继,RU-002,122.59748940558434,122.0
P00032,leg1-climb,2468.3780445126154,2476.915123940878,直连,,78.83859284238905,122.0
P00037,S002-handoff,2469.796448735845,2478.8063295718503,中继,RU-002,127.4805746284193,122.0
P00089,leg1-climb,2470.130373735659,2479.251562904936,直连,,85.30670629189783,122.0
P00014,leg1-cruise,2471.7862328508013,2476.6228039546304,直连,,117.67606595416842,122.0
P00040,leg1-cruise,2471.7862328508013,2476.6228039546304,中继,RU-002,124.72297547371393,122.0
P00071,leg2-cruise,2471.7862328508013,2476.6228039546304,直连,,119.61848321804422,122.0
P00028,leg1-cruise,2472.033312564394,2476.857529682543,直连,,92.0065765902256,122.0
P00010,leg1-cruise,2472.222473623106,2477.131751522319,中继,RU-002,122.74698801221301,122.0
P00014,leg1-cruise,2476.6228039546304,2481.459375058459,直连,,117.93376996904118,122.0
P00040,leg1-cruise,2476.6228039546304,2481.459375058459,中继,RU-002,124.83856426077112,122.0
P00071,leg2-cruise,2476.6228039546304,2481.459375058459,直连,,119.45002896789148,122.0
P00028,leg1-cruise,2476.857529682543,2481.681746800692,直连,,93.25829941372618,122.0
P00032,leg1-climb,2476.915123940878,2485.4522033691405,直连,,81.08121129697334,122.0
P00010,leg1-cruise,2477.131751522319,2482.041029421532,中继,RU-002,122.89396125653258,122.0
P00037,leg2-climb,2478.8063295718503,2488.745691144116,中继,RU-002,127.48076025657136,122.0
P00089,leg1-climb,2479.251562904936,2488.3727520742127,直连,,86.51664509701881,122.0
P00014,leg1-cruise,2481.459375058459,2486.2959461622877,直连,,118.1840727019347,122.0
P00040,leg1-cruise,2481.459375058459,2486.2959461622877,中继,RU-002,124.95263623412667,122.0
P00071,leg2-cruise,2481.459375058459,2486.2959461622877,直连,,119.27827552394845,122.0
P00028,leg1-cruise,2481.681746800692,2486.505963918841,直连,,94.39934868849753,122.0
P00010,leg1-cruise,2482.041029421532,2486.950307320745,中继,RU-002,123.03849290306478,122.0
P00032,leg1-cruise,2485.4522033691405,2494.6816979867226,直连,,82.79140827420409,122.0
P00014,leg1-cruise,2486.2959461622877,2491.132517266117,直连,,118.42738610820115,122.0
P00040,leg1-cruise,2486.2959461622877,2491.132517266117,中继,RU-002,125.06523065376203,122.0
P00071,leg2-cruise,2486.2959461622877,2491.132517266117,直连,,119.10309245931306,122.0
P00028,leg1-cruise,2486.505963918841,2491.330181036991,直连,,95.4358963571135,122.0
P00010,leg1-cruise,2486.950307320745,2491.8595852199583,中继,RU-002,123.18066262319356,122.0
P00089,leg1-climb,2488.3727520742127,2497.4939412434896,直连,,87.57846330007021,122.0
P00037,leg2-climb,2488.745691144116,2498.6850527163815,中继,RU-002,127.48123623548668,122.0
P00014,leg1-cruise,2491.132517266117,2495.969088369946,直连,,118.66408878177326,122.0
P00040,leg1-cruise,2491.132517266117,2495.969088369946,中继,RU-002,125.17638527607862,122.0
P00071,leg2-cruise,2491.132517266117,2495.969088369946,直连,,118.92434154753049,122.0
P00028,leg1-cruise,2491.330181036991,2496.1543981551404,直连,,96.37942249656352,122.0
P00010,leg1-cruise,2491.8595852199583,2496.7688631191713,中继,RU-002,123.32054625716532,122.0
P00032,leg1-cruise,2494.6816979867226,2503.9111926043047,直连,,86.42056663099358,122.0
P00014,leg1-cruise,2495.969088369946,2500.8056594737745,直连,,118.89452945244106,122.0
P00040,leg1-cruise,2495.969088369946,2500.8056594737745,中继,RU-002,125.28613642965263,122.0
P00071,leg2-cruise,2495.969088369946,2500.8056594737745,直连,,118.74187613624699,122.0
P00028,leg1-cruise,2496.1543981551404,2500.9786152732895,直连,,97.24189760948373,122.0
P00010,leg1-cruise,2496.7688631191713,2501.6781410183844,中继,RU-002,123.45821605548987,122.0
P00089,leg1-cruise,2497.4939412434896,2506.3719054539756,直连,,88.25498488554035,122.0
P00037,leg2-climb,2498.6850527163815,2508.624414288647,中继,RU-002,127.4818518048909,122.0
P00014,leg1-cruise,2500.8056594737745,2505.642230577603,直连,,119.11903003783893,122.0
P00040,leg1-cruise,2500.8056594737745,2505.642230577603,中继,RU-002,125.39451908627552,122.0
P00071,leg2-cruise,2500.8056594737745,2505.642230577603,直连,,118.55554045765909,122.0
P00028,leg1-cruise,2500.9786152732895,2505.8028323914386,直连,,98.03417565531623,122.0
P00010,leg1-cruise,2501.6781410183844,2506.5874189175975,中继,RU-002,123.59374090164397,122.0
P00032,leg1-cruise,2503.9111926043047,2513.1406872218868,直连,,89.71008491267878,122.0
P00014,leg1-cruise,2505.642230577603,2510.4788016814323,直连,,119.337888316326,122.0
P00040,leg1-cruise,2505.642230577603,2510.4788016814323,中继,RU-002,125.5015669276375,122.0
P00071,leg2-cruise,2505.642230577603,2510.4788016814323,直连,,118.36516886810779,122.0
P00028,leg1-cruise,2505.8028323914386,2510.627049509588,直连,,98.7656070216623,122.0
P00089,leg1-cruise,2506.3719054539756,2515.249869664462,直连,,89.53753504518033,122.0
P00010,leg1-cruise,2506.5874189175975,2511.4966968168105,中继,RU-002,123.72718651780004,122.0
P00037,leg2-cruise,2508.624414288647,2513.615517675208,中继,RU-002,127.44717536022172,122.0
P00014,leg1-cruise,2510.4788016814323,2515.3153727852614,直连,,119.55138027569198,122.0
P00040,leg1-cruise,2510.4788016814323,2515.3153727852614,中继,RU-002,125.60731240796717,122.0
P00071,leg2-cruise,2510.4788016814323,2515.3153727852614,直连,,118.17058500799853,122.0
P00028,leg1-cruise,2510.627049509588,2515.451266627737,直连,,99.44408840749664,122.0
P00010,leg1-cruise,2511.4966968168105,2516.4059747160236,中继,RU-002,123.85861565509138,122.0
P00032,leg1-cruise,2513.1406872218868,2522.370181839469,直连,,92.2548419595325,122.0
P00037,leg2-cruise,2513.615517675208,2518.606621061769,中继,RU-002,127.37667556425387,122.0
P00089,leg1-cruise,2515.249869664462,2524.127833874948,直连,,91.33135343044765,122.0
P00014,leg1-cruise,2515.3153727852614,2520.15194388909,直连,,119.75976218371495,122.0
P00040,leg1-cruise,2515.3153727852614,2520.15194388909,中继,RU-002,125.71178681291768,122.0
P00071,leg2-cruise,2515.3153727852614,2520.15194388909,直连,,117.9716008721195,122.0
P00028,leg1-cruise,2515.451266627737,2520.275483745886,直连,,100.07624708893471,122.0
P00010,leg1-cruise,2516.4059747160236,2521.315252615236,中继,RU-002,123.98808826980303,122.0
P00037,leg2-cruise,2518.606621061769,2523.59772444833,中继,RU-002,127.30559910666567,122.0
P00014,leg1-cruise,2520.15194388909,2524.9885149929187,直连,,119.96327241901258,122.0
P00040,leg1-cruise,2520.15194388909,2524.9885149929187,中继,RU-002,125.81502031496213,122.0
P00071,leg2-cruise,2520.15194388909,2524.9885149929187,直连,,117.76801577881822,122.0
P00028,leg1-cruise,2520.275483745886,2525.099700864035,直连,,100.66764607871546,122.0
P00010,leg1-cruise,2521.315252615236,2526.2245305144493,中继,RU-002,124.11566168670136,122.0
P00032,leg1-cruise,2522.370181839469,2531.5996764570505,直连,,94.27217507416239,122.0
P00037,leg2-cruise,2523.59772444833,2528.588827834891,中继,RU-002,127.23393648087799,122.0
P00089,leg1-cruise,2524.127833874948,2533.0057980854344,直连,,93.11405969585923,122.0
P00014,leg1-cruise,2524.9885149929187,2529.825086096748,直连,,120.16213309472437,122.0
P00040,leg1-cruise,2524.9885149929187,2529.825086096748,中继,RU-002,125.91704202555331,122.0
P00071,leg2-cruise,2524.9885149929187,2529.825086096748,直连,,117.55961522487348,122.0
P00028,leg1-cruise,2525.099700864035,2529.923917982185,直连,,101.22297095094889,122.0
P00010,leg1-cruise,2526.2245305144493,2531.1338084136623,中继,RU-002,124.24139075062705,122.0
P00037,leg2-cruise,2528.588827834891,2533.579931221452,中继,RU-002,127.16167794339594,122.0
P00014,leg1-cruise,2529.825086096748,2534.661657200577,直连,,120.35655150243025,122.0
P00040,leg1-cruise,2529.825086096748,2534.661657200577,中继,RU-002,126.01788004426145,122.0
P00071,leg2-cruise,2529.825086096748,2534.661657200577,直连,,117.3461696109341,122.0
P00028,leg1-cruise,2529.923917982185,2534.7481351003344,直连,,101.74618791104027,122.0
P00010,leg1-cruise,2531.1338084136623,2536.0430863128754,中继,RU-002,124.36532796733609,122.0
P00032,leg1-cruise,2531.5996764570505,2540.8291710746325,直连,,95.92890280414846,122.0
P00089,leg1-cruise,2533.0057980854344,2541.8837622959204,直连,,94.72442006579561,122.0
P00037,leg2-cruise,2533.579931221452,2538.571034608013,中继,RU-002,127.08881350587191,122.0
P00014,leg1-cruise,2534.661657200577,2539.4982283044055,直连,,120.54672139963795,122.0
P00040,leg1-cruise,2534.661657200577,2539.4982283044055,中继,RU-002,126.11756150510223,122.0
P00071,leg2-cruise,2534.661657200577,2539.4982283044055,直连,,117.1274328199543,122.0
P00028,leg1-cruise,2534.7481351003344,2539.5723522184835,直连,,102.24067336250289,122.0
P00010,leg1-cruise,2536.0430863128754,2540.9523642120885,中继,RU-002,124.48752363449132,122.0
P00037,leg2-cruise,2538.571034608013,2543.562137994574,中继,RU-002,127.01533292683742,122.0
P00014,leg1-cruise,2539.4982283044055,2544.334799408234,直连,,120.73282416072107,122.0
P00040,leg1-cruise,2539.4982283044055,2544.334799408234,中继,RU-002,126.21611262024615,122.0
P00071,leg2-cruise,2539.4982283044055,2544.334799408234,直连,,116.90314062852508,122.0
P00028,leg1-cruise,2539.5723522184835,2544.3965693366326,直连,,102.70931867417985,122.0
P00032,leg1-cruise,2540.8291710746325,2550.0586656922146,直连,,97.32950516491634,122.0
P00010,leg1-descent,2540.9523642120885,2550.1407944505186,中继,RU-002,124.54748973855341,122.0
P00089,leg1-cruise,2541.8837622959204,2550.7617265064064,直连,,96.14603088550102,122.0
P00037,leg2-cruise,2543.562137994574,2548.5532413811347,中继,RU-002,126.94122570308303,122.0
P00014,leg1-cruise,2544.334799408234,2549.1713705120633,直连,,120.91502980825348,122.0
P00040,leg1-cruise,2544.334799408234,2549.1713705120633,中继,RU-002,126.31355872128427,122.0
P00071,leg2-cruise,2544.334799408234,2549.1713705120633,直连,,116.67300892764356,122.0
P00028,leg1-cruise,2544.3965693366326,2549.220786454782,直连,,103.15461450188867,122.0
P00037,leg2-cruise,2548.5532413811347,2553.5443447676957,中继,RU-002,126.86648106066501,122.0
P00014,leg1-cruise,2549.1713705120633,2554.0079416158924,直连,,121.09349793937926,122.0
P00040,leg1-cruise,2549.1713705120633,2554.0079416158924,中继,RU-002,126.40992429821166,122.0
P00071,leg2-cruise,2549.1713705120633,2554.0079416158924,直连,,116.43673172581832,122.0
P00028,leg1-cruise,2549.220786454782,2554.045003572931,直连,,103.57871866406786,122.0
P00032,leg1-cruise,2550.0586656922146,2559.2881603097967,直连,,98.54053189411904,122.0
P00010,leg1-descent,2550.1407944505186,2559.3292246889487,中继,RU-002,124.5465801807263,122.0
P00089,leg1-cruise,2550.7617265064064,2559.639690716893,直连,,97.40081287034829,122.0
P00037,leg2-cruise,2553.5443447676957,2558.5354481542568,中继,RU-002,126.79108794552931,122.0
P00014,leg1-cruise,2554.0079416158924,2558.844512719721,直连,,121.26837855970203,122.0
P00040,leg1-cruise,2554.0079416158924,2558.844512719721,中继,RU-002,126.50523303627531,122.0
P00071,leg2-cruise,2554.0079416158924,2558.844512719721,直连,,116.19397890302633,122.0
P00028,leg1-cruise,2554.045003572931,2558.86922069108,直连,,103.98351093169494,122.0
P00037,leg2-cruise,2558.5354481542568,2563.5265515408178,中继,RU-002,126.71503501371684,122.0
P00014,leg1-cruise,2558.844512719721,2563.6810838235497,直连,,121.43981283558979,122.0
P00040,leg1-cruise,2558.844512719721,2563.6810838235497,中继,RU-002,126.59950785083421,122.0
P00071,leg2-cruise,2558.844512719721,2563.6810838235497,直连,,115.94439367877831,122.0
P00028,leg1-cruise,2558.86922069108,2563.693437809229,直连,,104.3706374444494,122.0
P00032,leg1-cruise,2559.2881603097967,2568.5176549273788,直连,,99.60621165859277,122.0
P00010,leg1-descent,2559.3292246889487,2568.5176549273788,中继,RU-002,124.54577471384337,122.0
P00089,leg1-cruise,2559.639690716893,2568.5176549273788,直连,,98.51596404439462,122.0
P00037,leg2-cruise,2563.5265515408178,2568.5176549273788,中继,RU-002,126.63831062114639,122.0
P00014,leg1-cruise,2563.6810838235497,2568.5176549273788,直连,,121.60793377423845,122.0
P00040,leg1-cruise,2563.6810838235497,2568.5176549273788,中继,RU-002,126.6927709203473,122.0
P00071,leg2-cruise,2563.6810838235497,2568.5176549273788,直连,,115.68758975168457,122.0
P00028,leg1-cruise,2563.693437809229,2568.5176549273788,直连,,104.74154690016975,122.0
P00010,leg1-descent,2568.5176549273788,2578.0526933325405,中继,RU-002,124.54506116926706,122.0
P00014,leg1-cruise,2568.5176549273788,2573.4088347506395,直连,,121.77378913094003,122.0
P00028,leg1-cruise,2568.5176549273788,2573.4964507713557,直连,,105.1031081273293,122.0
P00032,leg1-cruise,2568.5176549273788,2573.4964507713557,直连,,100.34710310308537,122.0
P00037,leg2-cruise,2568.5176549273788,2573.4964507713557,中继,RU-002,126.56099867853766,122.0
P00040,leg1-cruise,2568.5176549273788,2572.5845830562484,中继,RU-002,126.77773780740377,122.0
P00071,leg2-cruise,2568.5176549273788,2573.3664455533253,直连,,115.42280898836906,122.0
P00089,leg1-cruise,2568.5176549273788,2573.4964507713557,直连,,99.30488316149629,122.0
P00040,leg1-cruise,2572.5845830562484,2576.6515111851177,中继,RU-002,126.85464041064341,122.0
P00071,leg2-cruise,2573.3664455533253,2578.2152361792714,直连,,105.14956426621171,122.0
P00014,leg1-cruise,2573.4088347506395,2578.3000145738997,中继,RU-002,121.93744609050815,122.0
P00028,leg1-cruise,2573.4964507713557,2578.4752466153327,直连,,105.45581131403863,122.0
P00032,leg1-cruise,2573.4964507713557,2578.4752466153327,直连,,100.8315787974181,122.0
P00037,leg2-cruise,2573.4964507713557,2578.4752466153327,中继,RU-002,126.48308950217037,122.0
P00089,leg1-cruise,2573.4964507713557,2578.4752466153327,直连,,99.83379978991833,122.0
P00040,leg1-cruise,2576.6515111851177,2580.7184393139873,中继,RU-002,126.93086843138988,122.0
P00010,leg1-descent,2578.0526933325405,2587.5877317377026,中继,RU-002,124.5444456059959,122.0
P00071,leg2-cruise,2578.2152361792714,2583.0640268052175,直连,,104.86768472433106,122.0
P00014,leg1-cruise,2578.3000145738997,2583.19119439716,中继,RU-002,122.09808037525721,122.0
P00028,leg1-cruise,2578.4752466153327,2583.4540424593097,直连,,105.79494623374754,122.0
P00032,leg1-cruise,2578.4752466153327,2583.4540424593097,直连,,101.2907771547612,122.0
P00037,leg2-cruise,2578.4752466153327,2583.4540424593097,中继,RU-002,126.40447555896839,122.0
P00089,leg1-cruise,2578.4752466153327,2583.4540424593097,直连,,100.33440454143603,122.0
P00040,leg1-cruise,2580.7184393139873,2584.785367442857,中继,RU-002,127.00643359497491,122.0
P00071,leg2-cruise,2583.0640268052175,2587.912817431164,直连,,104.57662451252614,122.0
P00014,leg1-cruise,2583.19119439716,2588.08237422042,中继,RU-002,122.25580147297396,122.0
P00028,leg1-cruise,2583.4540424593097,2588.4328383032866,直连,,106.12150433767714,122.0
P00032,leg1-cruise,2583.4540424593097,2588.4328383032866,直连,,101.72717574960448,122.0
P00037,leg2-cruise,2583.4540424593097,2588.4328383032866,中继,RU-002,126.32514399003011,122.0
P00089,leg1-cruise,2583.4540424593097,2588.4328383032866,直连,,100.80935920996954,122.0
P00040,leg1-cruise,2584.785367442857,2588.8522955717262,中继,RU-002,127.08134732381176,122.0
P00010,leg1-descent,2587.5877317377026,2597.1227701428643,中继,RU-002,124.54394230028569,122.0
P00071,leg2-cruise,2587.912817431164,2592.7616080571106,直连,,104.27578641248049,122.0
P00014,leg1-cruise,2588.08237422042,2592.9735540436805,中继,RU-002,122.41071303569954,122.0
P00028,leg1-cruise,2588.4328383032866,2593.4116341472636,直连,,106.4363736740286,122.0
P00032,leg1-cruise,2588.4328383032866,2593.4116341472636,直连,,102.1429088337748,122.0
P00037,leg2-cruise,2588.4328383032866,2593.4116341472636,中继,RU-002,126.24508158150421,122.0
P00089,leg1-cruise,2588.4328383032866,2593.4116341472636,直连,,101.26100171128861,122.0
P00040,leg1-cruise,2588.8522955717262,2592.919223700596,中继,RU-002,127.15562074773877,122.0
P00071,leg2-cruise,2592.7616080571106,2597.6103986830567,直连,,103.96451553357309,122.0
P00040,leg1-cruise,2592.919223700596,2596.9861518294656,中继,RU-002,127.22926471391638,122.0
P00014,leg1-cruise,2592.9735540436805,2597.864733866941,中继,RU-002,122.56291328673377,122.0
P00028,leg1-cruise,2593.4116341472636,2598.390429991241,直连,,106.74035258850647,122.0
P00032,leg1-cruise,2593.4116341472636,2598.390429991241,直连,,102.53982729027585,122.0
P00037,leg2-cruise,2593.4116341472636,2598.390429991241,中继,RU-002,126.16427475141334,122.0
P00089,leg1-cruise,2593.4116341472636,2598.390429991241,直连,,101.69138892486593,122.0
P00040,leg1-cruise,2596.9861518294656,2601.0530799583353,中继,RU-002,127.30228979631997,122.0
P00010,leg1-descent,2597.1227701428643,2606.657808548026,中继,RU-002,124.5435512911782,122.0
P00071,leg2-cruise,2597.6103986830567,2602.4591893090032,直连,,103.64209209056553,122.0
P00014,leg1-cruise,2597.864733866941,2602.7559136902014,中继,RU-002,122.71249539279307,122.0
P00028,leg1-cruise,2598.390429991241,2603.369225835218,直连,,107.03416126116767,122.0
P00032,leg1-cruise,2598.390429991241,2603.369225835218,直连,,102.91954619001096,122.0
P00037,leg2-cruise,2598.390429991241,2603.369225835218,中继,RU-002,126.08270953586103,122.0
P00089,leg1-cruise,2598.390429991241,2603.369225835218,直连,,102.10233490475875,122.0
P00040,leg1-cruise,2601.0530799583353,2605.120008087205,中继,RU-002,127.37470630482859,122.0
P00071,leg2-cruise,2602.4591893090032,2607.30797993495,直连,,103.30772312219824,122.0
P00014,leg1-cruise,2602.7559136902014,2607.6470935134616,中继,RU-002,122.85954780486459,122.0
P00028,leg1-cruise,2603.369225835218,2608.348021679195,直连,,107.31845147063824,122.0
P00032,leg1-cruise,2603.369225835218,2608.348021679195,直连,,103.28348287052395,122.0
P00037,leg2-cruise,2603.369225835218,2608.348021679195,中继,RU-002,126.00037157458463,122.0
P00089,leg1-cruise,2603.369225835218,2608.348021679195,直连,,102.49544417554233,122.0
P00040,leg1-cruise,2605.120008087205,2609.186936216074,中继,RU-002,127.44652429394755,122.0
P00010,S005-handoff,2606.657808548026,2616.0248731962097,中继,RU-002,124.54339790767136,122.0
P00071,leg2-cruise,2607.30797993495,2612.156770560896,直连,,102.9605329928917,122.0
P00014,leg1-cruise,2607.6470935134616,2612.5382733367223,中继,RU-002,123.00415457083115,122.0
P00028,leg1-cruise,2608.348021679195,2613.326817523172,直连,,107.59381489816398,122.0
P00032,leg1-cruise,2608.348021679195,2613.326817523172,直连,,103.63288769387617,122.0
P00037,leg2-cruise,2608.348021679195,2613.326817523172,中继,RU-002,125.91724609582424,122.0
P00089,leg1-cruise,2608.348021679195,2613.326817523172,直连,,102.87214037839205,122.0
P00040,leg1-descent,2609.186936216074,2618.1323616311133,中继,RU-002,127.48199166464359,122.0
P00071,leg2-cruise,2612.156770560896,2617.0055611868424,直连,,102.59955250680095,122.0
P00014,leg1-cruise,2612.5382733367223,2617.4294531599826,中继,RU-002,123.14639562265594,122.0
P00028,leg1-cruise,2613.326817523172,2618.305613367149,直连,,107.86079022258224,122.0
P00032,leg1-cruise,2613.326817523172,2618.305613367149,直连,,103.96886909503533,122.0
P00037,leg2-cruise,2613.326817523172,2618.305613367149,中继,RU-002,125.83331790045551,122.0
P00089,leg1-cruise,2613.326817523172,2618.305613367149,直连,,103.23369075101705,122.0
P00010,S005-handoff,2616.0248731962097,2625.3919378443934,中继,RU-002,124.54339790767136,122.0
P00071,leg2-cruise,2617.0055611868424,2621.854351812789,直连,,102.22370645823678,122.0
P00014,leg1-cruise,2617.4294531599826,2622.320632983243,中继,RU-002,123.28634704053479,122.0
P00040,leg1-descent,2618.1323616311133,2627.0777870461525,中继,RU-002,127.4815888297683,122.0
P00028,leg1-cruise,2618.305613367149,2623.284409211126,直连,,108.11986920896554,122.0
P00032,leg1-cruise,2618.305613367149,2623.284409211126,直连,,114.29241413680056,122.0
P00037,leg2-cruise,2618.305613367149,2623.284409211126,中继,RU-002,125.74857134536036,122.0
P00089,leg1-cruise,2618.305613367149,2623.284409211126,直连,,103.58122698248471,122.0
P00071,leg2-cruise,2621.854351812789,2626.703142438735,直连,,101.83179945371872,122.0
P00014,leg1-cruise,2622.320632983243,2627.2118128065035,中继,RU-002,123.42408129623246,122.0
P00028,leg1-cruise,2623.284409211126,2628.263205055103,直连,,108.37150195569384,122.0
P00032,leg1-cruise,2623.284409211126,2628.263205055103,直连,,114.60440549805888,122.0
P00037,leg2-cruise,2623.284409211126,2628.263205055103,中继,RU-002,125.66299032597183,122.0
P00089,leg1-cruise,2623.284409211126,2628.263205055103,直连,,103.91576296509207,122.0
P00010,S005-handoff,2625.3919378443934,2634.759002492577,中继,RU-002,124.54339790767136,122.0
P00071,leg2-cruise,2626.703142438735,2631.551933064681,直连,,101.42249988512668,122.0
P00040,leg1-descent,2627.0777870461525,2636.023212461191,中继,RU-002,127.48123623548668,122.0
P00014,leg1-cruise,2627.2118128065035,2632.102992629764,中继,RU-002,123.55966747750654,122.0
P00028,leg1-cruise,2628.263205055103,2633.24200089908,直连,,108.61610143435016,122.0
P00032,leg1-cruise,2628.263205055103,2633.24200089908,直连,,114.90563560818589,122.0
P00037,leg2-cruise,2628.263205055103,2633.24200089908,中继,RU-002,125.57655825795815,122.0
P00089,leg1-cruise,2628.263205055103,2633.24200089908,直连,,104.2382099144338,122.0
P00071,leg2-cruise,2631.551933064681,2636.4007236906277,直连,,100.99432203604387,122.0
P00014,leg1-cruise,2632.102992629764,2636.994172453024,中继,RU-002,123.69317149536668,122.0
P00028,leg1-cruise,2633.24200089908,2638.220796743057,直连,,108.85404743280841,122.0
P00032,leg1-cruise,2633.24200089908,2638.220796743057,直连,,115.19681848073101,122.0
P00037,leg2-cruise,2633.24200089908,2638.220796743057,中继,RU-002,125.48925805799206,122.0
P00089,leg1-cruise,2633.24200089908,2638.220796743057,直连,,104.5493892683274,122.0
P00010,S005-handoff,2634.759002492577,2644.1260671407604,中继,RU-002,124.54339790767136,122.0
P00040,leg1-descent,2636.023212461191,2644.9686378762303,中继,RU-002,127.48093389403924,122.0
P00071,leg2-cruise,2636.4007236906277,2641.2495143165743,直连,,100.54560651439981,122.0
P00014,leg1-cruise,2636.994172453024,2641.8853522762847,中继,RU-002,123.82465627572984,122.0
P00028,leg1-cruise,2638.220796743057,2643.1995925870337,直连,,109.08568999240634,122.0
P00032,leg1-cruise,2638.220796743057,2643.1995925870337,直连,,115.4785996790799,122.0
P00037,leg2-cruise,2638.220796743057,2643.1995925870337,中继,RU-002,125.40107212354064,122.0
P00089,leg1-cruise,2638.220796743057,2643.1995925870337,直连,,104.85004371527582,122.0
P00071,leg2-cruise,2641.2495143165743,2646.0983049425204,直连,,100.07449960573607,122.0
P00014,leg1-cruise,2641.8853522762847,2646.776532099545,中继,RU-002,123.95418193683868,122.0
P00028,leg1-cruise,2643.1995925870337,2648.1783884310107,直连,,109.3113524145346,122.0
P00032,leg1-cruise,2643.1995925870337,2648.1783884310107,直连,,115.75156475532131,122.0
P00037,leg2-cruise,2643.1995925870337,2648.1783884310107,中继,RU-002,125.31198231163035,122.0
P00089,leg1-cruise,2643.1995925870337,2648.1783884310107,直连,,105.14084664816137,122.0
P00010,S005-handoff,2644.1260671407604,2653.493131788944,中继,RU-002,124.54339790767136,122.0
P00040,leg1-descent,2644.9686378762303,2653.9140632912695,中继,RU-002,127.48068181592379,122.0
P00071,leg2-cruise,2646.0983049425204,2650.9470955684665,直连,,99.57893288426811,122.0
P00014,leg1-cruise,2646.776532099545,2651.667711922805,中继,RU-002,124.08180595371152,122.0
P00028,leg1-cruise,2648.1783884310107,2653.157184274988,直连,,109.5313338993358,122.0
P00032,leg1-cruise,2648.1783884310107,2653.157184274988,直连,,116.0162464333113,122.0
P00037,leg2-cruise,2648.1783884310107,2653.157184274988,中继,RU-002,125.22196991650738,122.0
P00089,leg1-cruise,2648.1783884310107,2653.157184274988,直连,,105.42241029121224,122.0
P00071,leg2-cruise,2650.9470955684665,2655.795886194413,直连,,99.05660576552353,122.0
P00014,leg1-cruise,2651.667711922805,2656.558891746066,中继,RU-002,124.20758331073095,122.0
P00028,leg1-cruise,2653.157184274988,2658.135980118965,直连,,109.74591186880915,122.0
P00032,leg1-cruise,2653.157184274988,2658.135980118965,直连,,116.27313075273537,122.0
P00037,leg2-cruise,2653.157184274988,2658.135980118965,中继,RU-002,125.13101564614294,122.0
P00089,leg1-cruise,2653.157184274988,2658.135980118965,直连,,105.69529270743853,122.0
P00010,S005-handoff,2653.493131788944,2662.860196437128,中继,RU-002,124.54339790767136,122.0
P00040,S002-handoff,2653.9140632912695,2663.2343577725283,中继,RU-002,127.4805746284193,122.0
P00071,leg2-cruise,2655.795886194413,2660.6446768203596,直连,,98.50497611188544,122.0
P00014,leg1-cruise,2656.558891746066,2661.450071569326,中继,RU-002,124.33156664338517,122.0
P00028,leg1-cruise,2658.135980118965,2663.114775962942,直连,,109.95534401831802,122.0
P00032,leg1-cruise,2658.135980118965,2663.114775962942,直连,,116.52266234866994,122.0
P00037,leg2-cruise,2658.135980118965,2663.114775962942,中继,RU-002,125.03909959749026,122.0
P00089,leg1-cruise,2658.135980118965,2663.114775962942,直连,,105.96000385919311,122.0
P00071,leg2-cruise,2660.6446768203596,2665.4934674463057,直连,,97.92126836300054,122.0
P00014,leg1-cruise,2661.450071569326,2666.3412513925864,中继,RU-002,124.45380637008202,122.0
P00010,S005-handoff,2662.860196437128,2672.2272610853115,中继,RU-002,124.54339790767136,122.0
P00028,leg1-cruise,2663.114775962942,2668.093571806919,直连,,110.15987013345773,122.0
P00032,leg1-cruise,2663.114775962942,2668.093571806919,直连,,116.76524900807172,122.0
P00037,leg2-cruise,2663.114775962942,2668.093571806919,中继,RU-002,124.94620123042856,122.0
P00089,leg1-cruise,2663.114775962942,2668.093571806919,直连,,106.21701086602239,122.0
P00040,S002-handoff,2663.2343577725283,2672.5546522537866,中继,RU-002,127.4805746284193,122.0
P00071,leg2-cruise,2665.4934674463057,2670.3422580722518,直连,,97.30251650512803,122.0
P00014,leg1-cruise,2666.3412513925864,2671.232431215847,中继,RU-002,124.57435081484768,122.0
P00028,leg1-cruise,2668.093571806919,2673.072367650896,直连,,110.35971370359847,122.0
P00032,leg1-cruise,2668.093571806919,2673.072367650896,直连,,117.00126561841388,122.0
P00037,leg2-cruise,2668.093571806919,2673.072367650896,中继,RU-002,124.85229934030711,122.0
P00089,leg1-cruise,2668.093571806919,2673.072367650896,直连,,106.46674258019792,122.0
P00071,leg2-cruise,2670.3422580722518,2675.1910486981983,直连,,96.64567330763799,122.0
P00014,leg1-cruise,2671.232431215847,2676.1236110391073,中继,RU-002,124.69324632165586,122.0
P00010,S005-handoff,2672.2272610853115,2681.594325733495,中继,RU-002,124.54339790767136,122.0
P00040,S002-handoff,2672.5546522537866,2681.8749467350453,中继,RU-002,127.4805746284193,122.0
P00028,leg1-cruise,2673.072367650896,2678.051163494873,直连,,110.55508335865562,122.0
P00032,leg1-cruise,2673.072367650896,2678.051163494873,直连,,117.23105760293708,122.0
P00037,leg2-cruise,2673.072367650896,2678.051163494873,中继,RU-002,124.75737202898799,122.0
P00089,leg1-cruise,2673.072367650896,2678.051163494873,直连,,106.70959358043855,122.0
P00071,leg2-cruise,2675.1910486981983,2680.039839324145,直连,,95.94784261800925,122.0
P00014,leg1-cruise,2676.1236110391073,2681.0147908623676,中继,RU-002,124.81053736107583,122.0
P00028,leg1-cruise,2678.051163494873,2683.02995933885,直连,,110.74617415170266,122.0
P00032,leg1-cruise,2678.051163494873,2683.02995933885,直连,,117.45494392030164,122.0
P00037,leg2-cruise,2678.051163494873,2683.02995933885,中继,RU-002,124.66139667430353,122.0
P00089,leg1-cruise,2678.051163494873,2683.02995933885,直连,,106.94592766821624,122.0
P00071,leg2-cruise,2680.039839324145,2684.888629950091,直连,,95.20673668703876,122.0
P00014,leg1-cruise,2681.0147908623676,2685.905970685628,中继,RU-002,124.92626662982772,122.0
P00010,S005-handoff,2681.594325733495,2690.961390381679,中继,RU-002,124.54339790767136,122.0
P00040,S002-handoff,2681.8749467350453,2691.195241216304,中继,RU-002,127.4805746284193,122.0
P00028,leg1-cruise,2683.02995933885,2688.008755182827,直连,,110.93316870677235,122.0
P00032,leg1-cruise,2683.02995933885,2688.008755182827,直连,,117.67321969310203,122.0
P00037,leg2-cruise,2683.02995933885,2688.008755182827,中继,RU-002,124.56434989780931,122.0
P00089,leg1-cruise,2683.02995933885,2688.008755182827,直连,,107.17608093753695,122.0
P00071,leg2-cruise,2684.888629950091,2689.7374205760375,直连,,94.42153899671045,122.0
P00014,leg1-cruise,2685.905970685628,2690.797150508888,中继,RU-002,125.04047514382842,122.0
P00028,leg1-cruise,2688.008755182827,2692.987551026804,直连,,111.1162382484035,122.0
P00032,leg1-cruise,2688.008755182827,2692.987551026804,直连,,117.88615851884305,122.0
P00037,leg2-cruise,2688.008755182827,2692.987551026804,中继,RU-002,124.46620753072608,122.0
P00089,leg1-cruise,2688.008755182827,2692.987551026804,直连,,107.40036447773693,122.0
P00071,leg2-cruise,2689.7374205760375,2694.586211201984,直连,,93.59448148030069,122.0
P00014,leg1-cruise,2690.797150508888,2695.688330332149,中继,RU-002,125.15320232520963,122.0
P00010,S005-handoff,2690.961390381679,2700.3284550298627,中继,RU-002,124.54339790767136,122.0
P00040,S002-handoff,2691.195241216304,2700.5155356975624,中继,RU-002,127.4805746284193,122.0
P00028,leg1-cruise,2692.987551026804,2697.966346870781,直连,,111.29554352720466,122.0
P00032,leg1-cruise,2692.987551026804,2697.966346870781,直连,,118.09401450821824,122.0
P00037,leg2-cruise,2692.987551026804,2697.966346870781,中继,RU-002,124.36694457794451,122.0
P00089,leg1-cruise,2692.987551026804,2697.966346870781,直连,,107.61906675982699,122.0
P00071,leg2-cruise,2694.586211201984,2699.43500182793,直连,,92.73362550768591,122.0
P00014,leg1-descent,2695.688330332149,2704.118851979284,中继,RU-002,125.20863053121289,122.0
P00028,leg1-cruise,2697.966346870781,2702.945142714758,直连,,111.47123565372961,122.0
P00032,leg1-cruise,2697.966346870781,2702.945142714758,直连,,118.29702408829296,122.0
P00037,leg2-cruise,2697.966346870781,2702.945142714758,中继,RU-002,124.26653517995632,122.0
P00089,leg1-cruise,2697.966346870781,2702.945142714758,直连,,117.83245574895308,122.0
P00071,leg2-cruise,2699.43500182793,2704.2837924538767,直连,,91.85748397669221,122.0
P00010,S005-handoff,2700.3284550298627,2709.695519678046,中继,RU-002,124.54339790767136,122.0
P00040,S002-handoff,2700.5155356975624,2709.835830178821,中继,RU-002,127.4805746284193,122.0
P00028,leg1-cruise,2702.945142714758,2707.9239385587352,直连,,111.64345685130459,122.0
P00032,leg1-cruise,2702.945142714758,2707.9239385587352,直连,,118.49540760233575,122.0
P00037,leg2-cruise,2702.945142714758,2707.9239385587352,中继,RU-002,124.1649525725756,122.0
P00089,leg1-cruise,2702.945142714758,2707.9239385587352,直连,,118.04078077926948,122.0
P00014,leg1-descent,2704.118851979284,2712.5493736264198,中继,RU-002,125.20793517560105,122.0
P00071,leg2-cruise,2704.2837924538767,2709.1325830798232,直连,,91.00185075127706,122.0
P00028,leg1-cruise,2707.9239385587352,2712.902734402712,直连,,111.81234113705406,122.0
P00032,leg1-cruise,2707.9239385587352,2712.902734402712,直连,,118.68937073313202,122.0
P00037,leg2-cruise,2707.9239385587352,2712.902734402712,中继,RU-002,124.06216904428355,122.0
P00089,leg1-cruise,2707.9239385587352,2712.902734402712,直连,,118.24427422212257,122.0
P00071,leg2-cruise,2709.1325830798232,2713.9813737057693,直连,,90.22742580547765,122.0
P00010,S005-handoff,2709.695519678046,2719.0625843262296,中继,RU-002,124.54339790767136,122.0
P00040,S002-handoff,2709.835830178821,2719.15612466008,中继,RU-002,127.4805746284193,122.0
P00014,leg1-descent,2712.5493736264198,2720.979895273555,中继,RU-002,125.20735749522541,122.0
P00028,leg1-cruise,2712.902734402712,2717.881530246689,直连,,111.97801493914375,122.0
P00032,leg1-cruise,2712.902734402712,2717.881530246689,直连,,118.87910577261216,122.0
P00037,leg2-cruise,2712.902734402712,2717.881530246689,中继,RU-002,123.9581558910314,122.0
P00089,leg1-cruise,2712.902734402712,2717.881530246689,直连,,118.44315297386377,122.0
P00071,leg2-cruise,2713.9813737057693,2718.8301643317154,直连,,89.62193431454436,122.0
P00028,leg1-cruise,2717.881530246689,2722.860326090666,直连,,112.14059765726296,122.0
P00032,leg1-cruise,2717.881530246689,2722.860326090666,直连,,119.0647927572244,122.0
P00037,leg2-cruise,2717.881530246689,2722.860326090666,中继,RU-002,123.85288336832721,122.0
P00089,leg1-cruise,2717.881530246689,2722.860326090666,直连,,118.63761978591003,122.0
P00071,leg2-cruise,2718.8301643317154,2723.678954957662,直连,,89.28427521815472,122.0
P00010,S005-handoff,2719.0625843262296,2728.4296489744133,中继,RU-002,124.54339790767136,122.0
P00040,S002-handoff,2719.15612466008,2728.4764191413383,中继,RU-002,127.4805746284193,122.0
P00014,S009-handoff,2720.979895273555,2729.3883044480763,中继,RU-002,125.20711279830486,122.0
P00028,leg1-cruise,2722.860326090666,2727.839121934643,直连,,112.30020217247129,122.0
P00032,leg1-cruise,2722.860326090666,2727.839121934643,直连,,119.24660048571748,122.0
P00037,leg2-cruise,2722.860326090666,2727.839121934643,中继,RU-002,123.74632064038445,122.0
P00089,leg1-cruise,2722.860326090666,2727.839121934643,直连,,118.82786445649168,122.0
P00071,leg2-descent,2723.678954957662,2730.7378342901293,直连,,88.96982415169528,122.0
P00028,leg1-cruise,2727.839121934643,2732.81791777862,直连,,112.45693531177982,122.0
P00032,leg1-cruise,2727.839121934643,2732.81791777862,直连,,119.42468743360972,122.0
P00037,leg2-cruise,2727.839121934643,2732.81791777862,中继,RU-002,123.63843572614427,122.0
P00089,leg1-cruise,2727.839121934643,2732.81791777862,直连,,119.01406490073863,122.0
P00010,S005-handoff,2728.4296489744133,2737.796713622597,中继,RU-002,124.54339790767136,122.0
P00040,S002-handoff,2728.4764191413383,2737.796713622597,中继,RU-002,127.4805746284193,122.0
P00014,S009-handoff,2729.3883044480763,2737.796713622597,中继,RU-002,125.20711279830486,122.0
P00071,leg2-descent,2730.7378342901293,2737.796713622597,直连,,88.40252059441885,122.0
P00028,leg1-cruise,2732.81791777862,2737.796713622597,直连,,112.61089827220496,122.0
P00032,leg1-cruise,2732.81791777862,2737.796713622597,直连,,119.5992025766715,122.0
P00037,leg2-cruise,2732.81791777862,2737.796713622597,中继,RU-002,123.5291954419132,122.0
P00089,leg1-cruise,2732.81791777862,2737.796713622597,直连,,119.19638811357359,122.0
P00010,S005-handoff,2737.796713622597,2746.626378415222,中继,RU-002,124.54339790767136,122.0
P00014,S009-handoff,2737.796713622597,2746.626378415222,中继,RU-002,125.20711279830486,122.0
P00028,leg1-cruise,2737.796713622597,2742.2115460189098,中继,RU-002,112.75368838222231,122.0
P00032,leg1-cruise,2737.796713622597,2740.7364805598827,直连,,119.73552598143206,122.0
P00037,leg2-cruise,2737.796713622597,2746.626378415222,中继,RU-002,123.3754014440191,122.0
P00040,S002-handoff,2737.796713622597,2746.626378415222,中继,RU-002,127.4805746284193,122.0
P00071,leg2-descent,2737.796713622597,2746.626378415222,直连,,87.71634527384033,122.0
P00089,leg1-cruise,2737.796713622597,2746.626378415222,直连,,119.44309582345412,122.0
P00032,leg1-descent,2740.7364805598827,2749.642141570625,直连,,119.78436490661834,122.0
P00028,leg1-cruise,2742.2115460189098,2746.626378415222,中继,RU-002,122.88580447142661,122.0
P00010,S005-handoff,2746.626378415222,2755.456043207847,中继,RU-002,124.54339790767136,122.0
P00014,S009-handoff,2746.626378415222,2755.456043207847,中继,RU-002,125.20711279830486,122.0
P00028,leg1-cruise,2746.626378415222,2751.0412108115343,中继,RU-002,123.0159462279126,122.0
P00037,leg2-cruise,2746.626378415222,2755.456043207847,中继,RU-002,123.17466922095201,122.0
P00040,S002-handoff,2746.626378415222,2755.456043207847,中继,RU-002,127.4805746284193,122.0
P00071,leg2-descent,2746.626378415222,2755.456043207847,直连,,86.88413783352593,122.0
P00089,leg1-cruise,2746.626378415222,2755.456043207847,直连,,119.74879452891797,122.0
P00032,leg1-descent,2749.642141570625,2758.5478025813673,直连,,119.78224293556472,122.0
P00028,leg1-cruise,2751.0412108115343,2755.456043207847,中继,RU-002,123.14417164351804,122.0
P00010,S005-handoff,2755.456043207847,2764.2857080004724,中继,RU-002,124.54339790767136,122.0
P00014,S009-handoff,2755.456043207847,2764.2857080004724,中继,RU-002,125.20711279830486,122.0
P00028,leg1-cruise,2755.456043207847,2759.8708756041597,中继,RU-002,123.27053619826647,122.0
P00037,leg2-cruise,2755.456043207847,2764.2857080004724,中继,RU-002,122.96919405673927,122.0
P00040,S002-handoff,2755.456043207847,2764.2857080004724,中继,RU-002,127.4805746284193,122.0
P00071,leg2-descent,2755.456043207847,2764.2857080004724,直连,,85.96366382272377,122.0
P00089,leg1-cruise,2755.456043207847,2764.2857080004724,直连,,120.044166911054,122.0
P00032,leg1-descent,2758.5478025813673,2767.453463592109,直连,,119.78057850625036,122.0
P00028,leg1-cruise,2759.8708756041597,2764.2857080004724,中继,RU-002,123.39509300300878,122.0
P00010,S005-handoff,2764.2857080004724,2773.1153727930973,中继,RU-002,124.54339790767136,122.0
P00014,S009-handoff,2764.2857080004724,2773.1153727930973,中继,RU-002,125.20711279830486,122.0
P00028,leg1-cruise,2764.2857080004724,2768.700540396785,中继,RU-002,123.51789293210669,122.0
P00037,leg2-cruise,2764.2857080004724,2773.1153727930973,中继,RU-002,122.75874670094849,122.0
P00040,S002-handoff,2764.2857080004724,2773.1153727930973,中继,RU-002,127.4805746284193,122.0
P00071,leg2-descent,2764.2857080004724,2773.1153727930973,直连,,84.93395353159545,122.0
P00089,leg1-cruise,2764.2857080004724,2773.1153727930973,直连,,120.32988358556607,122.0
P00032,leg1-descent,2767.453463592109,2776.3591246028514,直连,,119.77937214525187,122.0
P00028,leg1-cruise,2768.700540396785,2773.1153727930973,中继,RU-002,123.63898474697439,122.0
P00010,S005-handoff,2773.1153727930973,2781.9450375857223,中继,RU-002,124.54339790767136,122.0
P00014,S009-handoff,2773.1153727930973,2781.9450375857223,中继,RU-002,125.20711279830486,122.0
P00028,leg1-cruise,2773.1153727930973,2777.5302051894096,中继,RU-002,123.75841521123411,122.0
P00037,leg2-cruise,2773.1153727930973,2781.9450375857223,中继,RU-002,122.54308089403477,122.0
P00040,S002-handoff,2773.1153727930973,2781.9450375857223,中继,RU-002,127.4805746284193,122.0
P00071,leg2-descent,2773.1153727930973,2781.9450375857223,直连,,83.76554442769395,122.0
P00089,leg1-cruise,2773.1153727930973,2781.9450375857223,直连,,120.6065522771471,122.0
P00032,S001-handoff,2776.3591246028514,2784.377851443038,直连,,119.77894086539243,122.0
P00028,leg1-cruise,2777.5302051894096,2781.9450375857223,中继,RU-002,123.87622919813803,122.0
P00010,S005-handoff,2781.9450375857223,2790.7747023783477,中继,RU-002,124.54339790767136,122.0
P00014,S009-handoff,2781.9450375857223,2790.7747023783477,中继,RU-002,125.20711279830486,122.0
P00028,leg1-cruise,2781.9450375857223,2786.359869982035,中继,RU-002,123.9924697908893,122.0
P00037,leg2-cruise,2781.9450375857223,2790.7747023783477,中继,RU-002,122.32193164459943,122.0
P00040,S002-handoff,2781.9450375857223,2790.7747023783477,中继,RU-002,127.4805746284193,122.0
P00071,leg2-descent,2781.9450375857223,2790.7747023783477,直连,,82.41516857965283,122.0
P00089,leg1-cruise,2781.9450375857223,2790.7747023783477,直连,,120.87472539990966,122.0
P00032,S001-handoff,2784.377851443038,2792.3965782832247,直连,,119.77894086539243,122.0
P00028,leg1-cruise,2786.359869982035,2790.7747023783477,中继,RU-002,124.10717837640877,122.0
P00010,S005-handoff,2790.7747023783477,2799.6043671709726,中继,RU-002,124.54339790767136,122.0
P00014,S009-handoff,2790.7747023783477,2799.6043671709726,中继,RU-002,125.20711279830486,122.0
P00028,leg1-cruise,2790.7747023783477,2795.1895347746604,中继,RU-002,124.2203947330487,122.0
P00037,leg2-cruise,2790.7747023783477,2799.6043671709726,中继,RU-002,122.09501328321167,122.0
P00040,S002-handoff,2790.7747023783477,2799.6043671709726,中继,RU-002,127.4805746284193,122.0
P00071,leg2-descent,2790.7747023783477,2799.6043671709726,直连,,80.81550222534798,122.0
P00089,leg1-cruise,2790.7747023783477,2799.6043671709726,直连,,121.13490653564388,122.0
P00032,S001-handoff,2792.3965782832247,2800.415305123411,直连,,119.77894086539243,122.0
P00028,leg1-cruise,2795.1895347746604,2799.6043671709726,中继,RU-002,124.33215711272626,122.0
P00010,S005-handoff,2799.6043671709726,2808.4340319635976,中继,RU-002,124.54339790767136,122.0
P00014,S009-handoff,2799.6043671709726,2808.4340319635976,中继,RU-002,125.20711279830486,122.0
P00028,leg1-cruise,2799.6043671709726,2804.019199567285,中继,RU-002,124.44250231788824,122.0
P00037,leg2-cruise,2799.6043671709726,2808.4340319635976,直连,,121.86201725718058,122.0
P00040,S002-handoff,2799.6043671709726,2808.4340319635976,中继,RU-002,127.4805746284193,122.0
P00071,leg2-descent,2799.6043671709726,2808.4340319635976,直连,,78.85318412937642,122.0
P00089,leg1-cruise,2799.6043671709726,2808.4340319635976,直连,,121.38755599566818,122.0
P00032,S001-handoff,2800.415305123411,2808.4340319635976,直连,,119.77894086539243,122.0
P00028,leg1-cruise,2804.019199567285,2808.4340319635976,中继,RU-002,124.55146577369494,122.0
P00010,S005-handoff,2808.4340319635976,2815.5730628200317,中继,RU-002,124.54339790767136,122.0
P00014,S009-handoff,2808.4340319635976,2815.5730628200317,中继,RU-002,125.20711279830486,122.0
P00028,leg1-cruise,2808.4340319635976,2815.5730628200317,中继,RU-002,124.69201719222006,122.0
P00032,S001-handoff,2808.4340319635976,2815.5730628200317,直连,,119.77894086539243,122.0
P00037,leg2-cruise,2808.4340319635976,2815.5730628200317,直连,,121.64581681153815,122.0
P00040,S002-handoff,2808.4340319635976,2815.5730628200317,中继,RU-002,127.4805746284193,122.0
P00071,leg2-descent,2808.4340319635976,2815.5730628200317,直连,,76.5919178682661,122.0
P00089,leg1-cruise,2808.4340319635976,2815.5730628200317,直连,,121.6098854932213,122.0
P00010,S005-handoff,2815.5730628200317,2822.712093676466,中继,RU-002,124.54339790767136,122.0
P00014,S009-handoff,2815.5730628200317,2822.712093676466,中继,RU-002,125.20711279830486,122.0
P00028,leg1-cruise,2815.5730628200317,2822.712093676466,中继,RU-002,124.86262910732862,122.0
P00032,S001-handoff,2815.5730628200317,2822.712093676466,直连,,119.77894086539243,122.0
P00037,leg2-cruise,2815.5730628200317,2822.712093676466,直连,,121.44784922770047,122.0
P00040,S002-handoff,2815.5730628200317,2822.712093676466,中继,RU-002,127.4805746284193,122.0
P00071,leg2-descent,2815.5730628200317,2822.712093676466,直连,,73.907194186087,122.0
P00089,leg1-cruise,2815.5730628200317,2822.712093676466,直连,,121.8039893609716,122.0
P00010,S005-handoff,2822.712093676466,2832.709077835997,中继,RU-002,124.54339790767136,122.0
P00014,S009-handoff,2822.712093676466,2832.588365219115,中继,RU-002,125.20711279830486,122.0
P00028,leg1-cruise,2822.712093676466,2827.4525352341657,中继,RU-002,125.00207350191826,122.0
P00032,S001-handoff,2822.712093676466,2832.394445222785,直连,,119.77894086539243,122.0
P00037,leg2-cruise,2822.712093676466,2827.652003695771,直连,,121.27678279019966,122.0
P00040,S002-handoff,2822.712093676466,2832.5904401814573,中继,RU-002,127.4805746284193,122.0
P00071,leg2-descent,2822.712093676466,2830.759252189469,直连,,69.68156962837168,122.0
P00089,leg1-cruise,2822.712093676466,2827.6396414406017,中继,RU-001,121.9647270600281,122.0
P00028,leg1-cruise,2827.4525352341657,2832.1929767918655,中继,RU-002,125.11178084838429,122.0
P00089,leg1-cruise,2827.6396414406017,2832.567189204738,中继,RU-001,122.09384282490484,122.0
P00037,leg2-cruise,2827.652003695771,2832.5919137150763,直连,,121.1343170910489,122.0
P00071,leg2-descent,2830.759252189469,2838.8064107024716,直连,,60.206487541994726,122.0
P00028,leg1-cruise,2832.1929767918655,2836.9334183495653,中继,RU-002,125.22012191567384,122.0
P00032,S001-handoff,2832.394445222785,2842.0767967691045,直连,,119.77894086539243,122.0
P00089,leg1-cruise,2832.567189204738,2837.494736968874,中继,RU-001,122.22107457355541,122.0
P00014,S009-handoff,2832.588365219115,2842.4646367617643,中继,RU-002,125.20711279830486,122.0
P00040,S002-handoff,2832.5904401814573,2842.4687866864488,中继,RU-002,127.4805746284193,122.0
P00037,leg2-cruise,2832.5919137150763,2837.5318237343813,直连,,120.98948048405815,122.0
P00010,S005-handoff,2832.709077835997,2842.706061995528,中继,RU-002,124.54339790767136,122.0
P00028,leg1-cruise,2836.9334183495653,2841.673859907265,中继,RU-002,125.32713026458545,122.0
P00089,leg1-cruise,2837.494736968874,2842.4222847330097,中继,RU-001,122.34647628701813,122.0
P00037,leg2-cruise,2837.5318237343813,2842.4717337536863,直连,,120.84219289261043,122.0
P00071,leg2-descent,2838.8064107024716,2846.8535692154746,直连,,60.00287162133395,122.0
P00028,leg1-cruise,2841.673859907265,2846.414301464965,中继,RU-002,125.43283823618415,122.0
P00032,S001-handoff,2842.0767967691045,2851.7591483154238,直连,,119.77894086539243,122.0
P00089,leg1-cruise,2842.4222847330097,2847.349832497146,中继,RU-001,122.47009966776534,122.0
P00014,S009-handoff,2842.4646367617643,2852.3409083044135,中继,RU-002,125.20711279830486,122.0
P00040,S002-handoff,2842.4687866864488,2852.34713319144,中继,RU-002,127.4805746284193,122.0
P00037,leg2-cruise,2842.4717337536863,2847.4116437729917,直连,,120.69237012273706,122.0
P00010,S005-handoff,2842.706061995528,2852.7030461550594,中继,RU-002,124.54339790767136,122.0
P00028,leg1-cruise,2846.414301464965,2851.1547430226647,中继,RU-002,125.53727701011816,122.0
P00089,leg1-cruise,2847.349832497146,2852.277380261282,中继,RU-001,122.59199426569134,122.0
P00037,leg2-cruise,2847.4116437729917,2852.3515537922967,直连,,120.53992357660105,122.0
P00028,leg1-cruise,2851.1547430226647,2855.8951845803645,中继,RU-002,125.64047665948898,122.0
P00032,S001-handoff,2851.7591483154238,2861.441499861743,直连,,119.77894086539243,122.0
P00089,leg1-cruise,2852.277380261282,2857.2049280254178,中继,RU-001,122.71220759553424,122.0
P00014,S009-handoff,2852.3409083044135,2862.2171798470627,中继,RU-002,125.20711279830486,122.0
P00040,S002-handoff,2852.34713319144,2862.2254796964316,中继,RU-002,127.4805746284193,122.0
P00037,leg2-cruise,2852.3515537922967,2857.2914638116017,直连,,120.38475994066306,122.0
P00010,S005-handoff,2852.7030461550594,2862.7000303145905,中继,RU-002,124.54339790767136,122.0
P00028,leg1-cruise,2855.8951845803645,2860.6356261380643,中继,RU-002,125.7424662025312,122.0
P00089,leg1-cruise,2857.2049280254178,2862.1324757895536,中继,RU-001,122.83078524643142,122.0
P00037,leg2-cruise,2857.2914638116017,2862.2313738309067,直连,,120.22678084583927,122.0
P00028,leg1-cruise,2860.6356261380643,2865.376067695764,中继,RU-002,125.8432736513066,122.0
P00032,S001-handoff,2861.441499861743,2871.1238514080624,直连,,119.77894086539243,122.0
P00089,leg1-cruise,2862.1324757895536,2867.0600235536895,中继,RU-001,122.94777098422713,122.0
P00014,S009-handoff,2862.2171798470627,2872.093451389712,中继,RU-002,125.20711279830486,122.0
P00040,S002-handoff,2862.2254796964316,2872.103826201423,中继,RU-002,127.4805746284193,122.0
P00037,leg2-cruise,2862.2313738309067,2867.1712838502117,直连,,120.0658824965584,122.0
P00010,S005-handoff,2862.7000303145905,2872.6970144741213,中继,RU-002,124.54339790767136,122.0
P00028,leg1-cruise,2865.376067695764,2870.116509253464,中继,RU-002,125.9429260576313,122.0
P00089,leg1-cruise,2867.0600235536895,2871.9875713178258,中继,RU-001,123.0632068470944,122.0
P00037,leg2-cruise,2867.1712838502117,2872.111193869517,直连,,119.9019552652492,122.0
P00028,leg1-cruise,2870.116509253464,2874.8569508111636,中继,RU-002,126.04144955641146,122.0
P00032,S001-handoff,2871.1238514080624,2880.8062029543817,直连,,119.77894086539243,122.0
P00089,leg1-cruise,2871.9875713178258,2876.915119081962,中继,RU-001,123.17713323500165,122.0
P00014,S009-handoff,2872.093451389712,2881.969722932361,中继,RU-002,125.20711279830486,122.0
P00040,S002-handoff,2872.103826201423,2881.9821727064145,中继,RU-002,127.4805746284193,122.0
P00037,leg2-cruise,2872.111193869517,2877.0511038888226,直连,,119.73488324835786,122.0
P00010,S005-handoff,2872.6970144741213,2882.6939986336524,中继,RU-002,124.54339790767136,122.0
P00028,leg1-cruise,2874.8569508111636,2879.5973923688634,中继,RU-002,126.13886940656192,122.0
P00089,leg1-cruise,2876.915119081962,2881.842666846098,中继,RU-001,123.2895889934614,122.0
P00037,leg2-cruise,2877.0511038888226,2881.9910139081276,直连,,119.56454377940905,122.0
P00028,leg1-cruise,2879.5973923688634,2884.3378339265632,中继,RU-002,126.23521002968148,122.0
P00032,S001-handoff,2880.8062029543817,2890.488554500701,直连,,119.77894086539243,122.0
P00089,leg1-cruise,2881.842666846098,2886.770214610234,中继,RU-001,123.4006114920295,122.0
P00014,S009-handoff,2881.969722932361,2891.8459944750102,中继,RU-002,125.20711279830486,122.0
P00040,S002-handoff,2881.9821727064145,2891.860519211406,中继,RU-002,127.4805746284193,122.0
P00037,leg2-cruise,2881.9910139081276,2886.9309239274326,直连,,119.39080689407331,122.0
P00010,S005-handoff,2882.6939986336524,2892.6909827931836,中继,RU-002,124.54339790767136,122.0
P00028,leg1-cruise,2884.3378339265632,2889.078275484263,中继,RU-002,126.33049504660424,122.0
P00089,leg1-cruise,2886.770214610234,2891.6977623743696,中继,RU-001,123.51023669791851,122.0
P00037,leg2-cruise,2886.9309239274326,2891.8708339467375,直连,,119.2135347414372,122.0
P00028,leg1-cruise,2889.078275484263,2893.818717041963,中继,RU-002,126.42474731199444,122.0
P00032,S001-handoff,2890.488554500701,2900.1709060470203,直连,,119.77894086539243,122.0
P00089,leg1-cruise,2891.6977623743696,2896.6253101385055,中继,RU-001,123.6184992450937,122.0
P00014,S009-handoff,2891.8459944750102,2901.72226601766,中继,RU-002,125.20711279830486,122.0
P00040,S002-handoff,2891.860519211406,2901.7388657163974,中继,RU-002,127.4805746284193,122.0
P00037,leg2-cruise,2891.8708339467375,2896.8107439660425,直连,,119.032580934904,122.0
P00010,S005-handoff,2892.6909827931836,2902.6879669527148,中继,RU-002,124.54339790767136,122.0
P00028,leg1-cruise,2893.818717041963,2898.5591585996626,中继,RU-002,126.51798894708344,122.0
P00089,leg1-cruise,2896.6253101385055,2901.552857902642,中继,RU-001,123.72543249917615,122.0
P00037,leg2-cruise,2896.8107439660425,2901.750653985348,直连,,118.84778983516314,122.0
P00028,leg1-cruise,2898.5591585996626,2903.2996001573624,中继,RU-002,126.61024137068992,122.0
P00032,S001-handoff,2900.1709060470203,2909.8532575933395,直连,,119.77894086539243,122.0
P00089,leg1-descent,2901.552857902642,2911.049222648736,中继,RU-001,123.77733662144614,122.0
P00014,S009-handoff,2901.72226601766,2911.598537560309,中继,RU-002,125.20711279830486,122.0
P00040,S002-handoff,2901.7388657163974,2911.617212221389,中继,RU-002,127.4805746284193,122.0
P00037,leg2-cruise,2901.750653985348,2906.6905640046534,直连,,118.65899575652315,122.0
P00010,S005-handoff,2902.6879669527148,2912.684951112246,中继,RU-002,124.54339790767136,122.0
P00028,leg1-cruise,2903.2996001573624,2908.040041715062,中继,RU-002,126.70152532861056,122.0
P00037,leg2-cruise,2906.6905640046534,2911.6304740239584,直连,,118.46602208663552,122.0
P00028,leg1-cruise,2908.040041715062,2912.7804832727625,中继,RU-002,126.79186092149376,122.0
P00032,S001-handoff,2909.8532575933395,2919.535609139659,直连,,119.77894086539243,122.0
P00089,leg1-descent,2911.049222648736,2920.5455873948295,中继,RU-001,123.77534346571288,122.0
P00014,S009-handoff,2911.598537560309,2921.4748091029583,中继,RU-002,125.20711279830486,122.0
P00040,S002-handoff,2911.617212221389,2921.4955587263803,中继,RU-002,127.4805746284193,122.0
P00037,leg2-cruise,2911.6304740239584,2916.5703840432634,直连,,118.26868030806446,122.0
P00010,S005-handoff,2912.684951112246,2922.681935271777,中继,RU-002,124.54339790767136,122.0
P00028,leg1-cruise,2912.7804832727625,2917.5209248304623,中继,RU-002,126.88126763128764,122.0
P00037,leg2-cruise,2916.5703840432634,2921.5102940625684,直连,,118.06676890828929,122.0
P00028,leg1-cruise,2917.5209248304623,2922.261366388162,中继,RU-002,126.9697643463478,122.0
P00032,S001-handoff,2919.535609139659,2929.2179606859777,直连,,119.77894086539243,122.0
P00089,S013-handoff,2920.5455873948295,2930.476181468584,中继,RU-001,123.77442449618124,122.0
P00014,S009-handoff,2921.4748091029583,2931.3510806456075,中继,RU-002,125.20711279830486,122.0
P00040,S002-handoff,2921.4955587263803,2931.3739052313717,中继,RU-002,127.4805746284193,122.0
P00037,leg2-cruise,2921.5102940625684,2926.4502040818734,直连,,117.86007216266151,122.0
P00028,leg1-cruise,2922.261366388162,2927.001807945862,中继,RU-002,127.05736938528625,122.0
P00010,S005-handoff,2922.681935271777,2932.6789194313083,中继,RU-002,124.54339790767136,122.0
P00037,leg2-cruise,2926.4502040818734,2931.390114101179,直连,,117.64835877214033,122.0
P00028,leg1-cruise,2927.001807945862,2931.7422495035617,中继,RU-002,127.14410051962923,122.0
P00032,S001-handoff,2929.2179606859777,2938.900312232297,直连,,119.77894086539243,122.0
P00089,S013-handoff,2930.476181468584,2940.4067755423384,中继,RU-001,123.77442449618124,122.0
P00014,S009-handoff,2931.3510806456075,2941.2273521882566,中继,RU-002,125.20711279830486,122.0
P00040,S002-handoff,2931.3739052313717,2941.2522517363636,中继,RU-002,127.4805746284193,122.0
P00037,leg2-cruise,2931.390114101179,2936.330024120484,直连,,117.43138033466369,122.0
P00028,leg1-cruise,2931.7422495035617,2936.4826910612614,中继,RU-002,127.22997499537291,122.0
P00010,S005-handoff,2932.6789194313083,2942.6759035908394,中继,RU-002,124.54339790767136,122.0
P00037,leg2-cruise,2936.330024120484,2941.269934139789,直连,,107.208869625308,122.0
P00028,leg1-cruise,2936.4826910612614,2941.2231326189612,中继,RU-002,127.31500955347744,122.0
P00032,S001-handoff,2938.900312232297,2948.5826637786163,直连,,119.77894086539243,122.0
P00089,S013-handoff,2940.4067755423384,2950.337369616093,中继,RU-001,123.77442449618124,122.0
P00028,leg1-cruise,2941.2231326189612,2945.963574176661,中继,RU-002,127.3992204493787,122.0
P00014,S009-handoff,2941.2273521882566,2951.103623730906,中继,RU-002,125.20711279830486,122.0
P00040,S002-handoff,2941.2522517363636,2951.130598241355,中继,RU-002,127.4805746284193,122.0
P00037,leg2-cruise,2941.269934139789,2946.2098441590942,直连,,106.98053865593388,122.0
P00010,S005-handoff,2942.6759035908394,2952.6728877503706,中继,RU-002,124.54339790767136,122.0
P00028,leg1-cruise,2945.963574176661,2950.704015734361,中继,RU-002,127.48262347156705,122.0
P00037,leg2-cruise,2946.2098441590942,2951.1497541783992,直连,,106.74607647977399,122.0
P00032,S001-handoff,2948.5826637786163,2958.2650153249356,直连,,119.77894086539243,122.0
P00089,S013-handoff,2950.337369616093,2960.267963689847,中继,RU-001,123.77442449618124,122.0
P00028,leg1-cruise,2950.704015734361,2955.4444572920606,中继,RU-002,127.56523395928542,122.0
P00014,S009-handoff,2951.103623730906,2960.979895273555,中继,RU-002,125.20711279830486,122.0
P00040,S002-handoff,2951.130598241355,2961.0089447463465,中继,RU-002,127.4805746284193,122.0
P00037,leg2-cruise,2951.1497541783992,2956.089664197704,直连,,106.50514669986576,122.0
P00010,S005-handoff,2952.6728877503706,2962.6698719099013,中继,RU-002,124.54339790767136,122.0
P00028,leg1-cruise,2955.4444572920606,2960.1848988497604,中继,RU-002,127.64706681939525,122.0
P00037,leg2-cruise,2956.089664197704,2961.0295742170097,直连,,106.25738463245793,122.0
P00032,S001-handoff,2958.2650153249356,2967.947366871255,直连,,119.77894086539243,122.0
P00028,leg1-cruise,2960.1848988497604,2964.92534040746,中继,RU-002,127.72813654246615,122.0
P00089,S013-handoff,2960.267963689847,2970.1985577636015,中继,RU-001,123.77442449618124,122.0
P00014,leg2-climb,2960.979895273555,2968.0053299795013,中继,RU-002,125.20735749522541,122.0
P00040,S002-handoff,2961.0089447463465,2970.887291251338,中继,RU-002,127.4805746284193,122.0
P00037,leg2-cruise,2961.0295742170097,2965.9694842363147,直连,,106.00239406689481,122.0
P00010,S005-handoff,2962.6698719099013,2972.6668560694325,中继,RU-002,124.54339790767136,122.0
P00028,leg1-cruise,2964.92534040746,2969.66578196516,中继,RU-002,127.80845721811731,122.0
P00037,leg2-cruise,2965.9694842363147,2970.9093942556196,直连,,105.73974355158781,122.0
P00032,S001-handoff,2967.947366871255,2977.629718417574,直连,,119.77894086539243,122.0
P00014,leg2-climb,2968.0053299795013,2975.030764685447,中继,RU-002,125.20793517560105,122.0
P00028,leg1-cruise,2969.66578196516,2974.40622352286,中继,RU-002,127.88804254966327,122.0
P00089,S013-handoff,2970.1985577636015,2980.129151837356,中继,RU-001,123.77442449618124,122.0
P00040,S002-handoff,2970.887291251338,2980.7656377563294,中继,RU-002,127.4805746284193,122.0
P00037,leg2-cruise,2970.9093942556196,2975.849304274925,直连,,105.46896212125888,122.0
P00010,S005-handoff,2972.6668560694325,2982.6638402289636,中继,RU-002,124.54339790767136,122.0
P00028,leg1-cruise,2974.40622352286,2979.1466650805596,中继,RU-002,127.96690586809532,122.0
P00014,leg2-climb,2975.030764685447,2982.0561993913934,中继,RU-002,125.20863053121289,122.0
P00037,leg2-cruise,2975.849304274925,2980.78921429423,直连,,105.18953436241532,122.0
P00032,S001-handoff,2977.629718417574,2987.3120699638935,直连,,119.77894086539243,122.0
P00028,leg1-cruise,2979.1466650805596,2983.8871066382594,中继,RU-002,128.04506014543807,122.0
P00089,S013-handoff,2980.129151837356,2990.0597459111104,中继,RU-001,123.77442449618124,122.0
P00040,S002-handoff,2980.7656377563294,2990.643984261321,中继,RU-002,127.4805746284193,122.0
P00037,leg2-cruise,2980.78921429423,2985.729124313535,直连,,104.90089469147306,122.0
P00014,leg2-cruise,2982.0561993913934,2986.9473792146537,中继,RU-002,125.15320232520963,122.0
P00010,S005-handoff,2982.6638402289636,2992.660824388495,中继,RU-002,124.54339790767136,122.0
P00028,leg1-cruise,2983.8871066382594,2988.627548195959,中继,RU-002,128.1225180075154,122.0
P00037,leg2-cruise,2985.729124313535,2990.6690343328405,直连,,104.60242069157194,122.0
P00014,leg2-cruise,2986.9473792146537,2991.8385590379144,中继,RU-002,125.04047514382842,122.0
P00032,S001-handoff,2987.3120699638935,2996.9944215102128,直连,,119.77894086539243,122.0
P00028,leg1-cruise,2988.627548195959,2993.367989753659,中继,RU-002,128.1992917461456,122.0
P00089,S013-handoff,2990.0597459111104,2999.990339984865,中继,RU-001,123.77442449618124,122.0
P00040,S002-handoff,2990.643984261321,3000.5223307663123,中继,RU-002,127.4805746284193,122.0
P00037,leg2-cruise,2990.6690343328405,2995.6089443521455,直连,,104.2934253183907,122.0
P00014,leg2-cruise,2991.8385590379144,2996.7297388611746,中继,RU-002,124.92626662982772,122.0
P00010,S005-handoff,2992.660824388495,3002.657808548026,中继,RU-002,124.54339790767136,122.0
P00028,leg1-descent,2993.367989753659,3001.52873633569,中继,RU-002,128.23712948451592,122.0
P00037,leg2-cruise,2995.6089443521455,3000.5488543714505,直连,,103.97314773970336,122.0
P00014,leg2-cruise,2996.7297388611746,3001.620918684435,中继,RU-002,124.81053736107583,122.0
P00032,S001-handoff,2996.9944215102128,3006.676773056532,直连,,119.77894086539243,122.0
P00089,S013-handoff,2999.990339984865,3009.9209340586194,中继,RU-001,123.77442449618124,122.0
P00040,S002-handoff,3000.5223307663123,3010.4006772713037,中继,RU-002,127.4805746284193,122.0
P00037,leg2-cruise,3000.5488543714505,3005.488764390756,直连,,103.64074251539105,122.0
P00028,leg1-descent,3001.52873633569,3009.6894829177213,中继,RU-002,128.23657795710423,122.0
P00014,leg2-cruise,3001.620918684435,3006.5120985076956,中继,RU-002,124.69324632165586,122.0
P00010,leg2-climb,3002.657808548026,3011.4185344594844,中继,RU-002,124.54357646190562,122.0
P00037,leg2-cruise,3005.488764390756,3010.428674410061,直连,,103.29526674985546,122.0
P00014,leg2-cruise,3006.5120985076956,3011.403278330956,中继,RU-002,124.57435081484768,122.0
P00032,S001-handoff,3006.676773056532,3016.3591246028514,直连,,119.77894086539243,122.0
P00028,leg1-descent,3009.6894829177213,3017.850229499753,中继,RU-002,128.2360813100873,122.0
P00089,S013-handoff,3009.9209340586194,3019.8515281323735,中继,RU-001,123.77442449618124,122.0
P00040,S002-handoff,3010.4006772713037,3020.279023776295,中继,RU-002,127.4805746284193,122.0
P00037,leg2-cruise,3010.428674410061,3015.368584429366,直连,,102.93566475195259,122.0
P00014,leg2-cruise,3011.403278330956,3016.294458154216,中继,RU-002,124.45380637008202,122.0
P00010,leg2-climb,3011.4185344594844,3020.1792603709428,中继,RU-002,124.5440446855257,122.0
P00037,leg2-cruise,3015.368584429366,3020.308494448671,直连,,102.5607496115542,122.0
P00014,leg2-cruise,3016.294458154216,3021.1856379774763,中继,RU-002,124.33156664338517,122.0
P00032,leg2-climb,3016.3591246028514,3026.254303503676,直连,,119.77954137711585,122.0
P00028,leg1-descent,3017.850229499753,3026.010976081784,中继,RU-002,128.23563956230262,122.0
P00089,S013-handoff,3019.8515281323735,3029.782122206128,中继,RU-001,123.77442449618124,122.0
P00010,leg2-climb,3020.1792603709428,3028.939986282401,中继,RU-002,124.54466102117179,122.0
P00040,S002-handoff,3020.279023776295,3030.1573702812866,中继,RU-002,127.4805746284193,122.0
P00037,leg2-cruise,3020.308494448671,3025.248404467976,直连,,102.1691809363008,122.0
P00014,leg2-cruise,3021.1856379774763,3026.0768178007365,中继,RU-002,124.20758331073095,122.0
P00037,leg2-cruise,3025.248404467976,3030.1883144872813,直连,,101.75943777377354,122.0
P00028,leg1-descent,3026.010976081784,3034.171722663815,中继,RU-002,128.23525273050964,122.0
P00014,leg2-cruise,3026.0768178007365,3030.9679976239972,中继,RU-002,124.08180595371152,122.0
P00032,leg2-climb,3026.254303503676,3036.1494824045008,直连,,119.78135349189522,122.0
P00010,leg2-climb,3028.939986282401,3037.700712193859,中继,RU-002,124.54542540578734,122.0
P00089,S013-handoff,3029.782122206128,3039.7127162798824,中继,RU-001,123.77442449618124,122.0
P00040,S002-handoff,3030.1573702812866,3040.035716786278,中继,RU-002,127.4805746284193,122.0
P00037,leg2-cruise,3030.1883144872813,3035.128224506587,直连,,101.3297854544017,122.0
P00014,leg2-cruise,3030.9679976239972,3035.859177447258,中继,RU-002,123.95418193683868,122.0
P00028,S008-handoff,3034.171722663815,3043.5536166803586,中继,RU-002,128.23507991277862,122.0
P00037,leg2-cruise,3035.128224506587,3040.0681345258918,直连,,100.87823470341704,122.0
P00014,leg2-cruise,3035.859177447258,3040.750357270518,中继,RU-002,123.82465627572984,122.0
P00032,leg2-climb,3036.1494824045008,3046.0446613053255,直连,,119.78397949772656,122.0
P00010,leg2-climb,3037.700712193859,3046.4614381053175,中继,RU-002,124.5463377611981,122.0
P00089,S013-handoff,3039.7127162798824,3049.643310353637,中继,RU-001,123.77442449618124,122.0
P00040,S002-handoff,3040.035716786278,3049.9140632912695,中继,RU-002,127.4805746284193,122.0
P00037,leg2-cruise,3040.0681345258918,3045.0080445451968,直连,,100.40249085248972,122.0
P00014,leg2-cruise,3040.750357270518,3045.6415370937784,中继,RU-002,123.69317149536668,122.0
P00028,S008-handoff,3043.5536166803586,3052.9355106969024,中继,RU-002,128.23507991277862,122.0
P00037,leg2-cruise,3045.0080445451968,3049.9479545645017,直连,,99.89989028793465,122.0
P00014,leg2-cruise,3045.6415370937784,3050.5327169170387,中继,RU-002,123.55966747750654,122.0
P00032,leg2-cruise,3046.0446613053255,3055.0706918040164,直连,,119.63093731670862,122.0
P00010,leg2-climb,3046.4614381053175,3055.222164016776,中继,RU-002,124.54739799413875,122.0
P00089,S013-handoff,3049.643310353637,3059.5739044273914,中继,RU-001,123.77442449618124,122.0
P00040,leg2-climb,3049.9140632912695,3058.8594887063086,中继,RU-002,127.48071057659628,122.0
P00037,leg2-cruise,3049.9479545645017,3054.8878645838067,直连,,99.36732034748299,122.0
P00014,leg2-cruise,3050.5327169170387,3055.423896740299,中继,RU-002,123.42408129623246,122.0
P00028,S008-handoff,3052.9355106969024,3062.3174047134457,中继,RU-002,128.23507991277862,122.0
P00037,leg2-cruise,3054.8878645838067,3059.827774603112,直连,,98.80111766090799,122.0
P00032,leg2-cruise,3055.0706918040164,3064.096722302708,直连,,119.31311745218966,122.0
P00010,leg2-cruise,3055.222164016776,3059.722556581725,中继,RU-002,124.49257531419484,122.0
P00014,leg2-cruise,3055.423896740299,3060.3150765635596,中继,RU-002,123.28634704053479,122.0
P00040,leg2-climb,3058.8594887063086,3067.804914121348,中继,RU-002,127.48104138237362,122.0
P00089,S013-handoff,3059.5739044273914,3069.504498501146,中继,RU-001,123.77442449618124,122.0
P00010,leg2-cruise,3059.722556581725,3064.2229491466737,中继,RU-002,124.38068835766504,122.0
P00037,leg2-cruise,3059.827774603112,3064.7676846224176,直连,,98.19693837701234,122.0
P00014,leg2-cruise,3060.3150765635596,3065.2062563868203,中继,RU-002,123.14639562265594,122.0
P00028,S008-handoff,3062.3174047134457,3071.699298729989,中继,RU-002,128.23507991277862,122.0
P00032,leg2-cruise,3064.096722302708,3073.1227528013987,直连,,118.98324836778251,122.0
P00010,leg2-cruise,3064.2229491466737,3068.7233417116227,中继,RU-002,124.26734305050866,122.0
P00037,leg2-cruise,3064.7676846224176,3069.7075946417226,直连,,97.54959187423722,122.0
P00014,leg2-cruise,3065.2062563868203,3070.0974362100806,中继,RU-002,123.00415457083115,122.0
P00040,leg2-climb,3067.804914121348,3076.7503395363865,中继,RU-002,127.48145071864766,122.0
P00010,leg2-cruise,3068.7233417116227,3073.2237342765716,中继,RU-002,124.15250092090326,122.0
P00089,S013-handoff,3069.504498501146,3079.4350925749004,中继,RU-001,123.77442449618124,122.0
P00037,leg2-cruise,3069.7075946417226,3074.6475046610276,直连,,96.85282773432752,122.0
P00014,leg2-cruise,3070.0974362100806,3074.988616033341,中继,RU-002,122.85954780486459,122.0
P00028,S008-handoff,3071.699298729989,3081.081192746533,中继,RU-002,128.23507991277862,122.0
P00032,leg2-cruise,3073.1227528013987,3082.14878330009,直连,,118.64038233500774,122.0
P00010,leg2-cruise,3073.2237342765716,3077.724126841521,中继,RU-002,124.03612195626702,122.0
P00037,leg2-cruise,3074.6475046610276,3079.5874146803326,直连,,96.09906508565498,122.0
P00014,leg2-cruise,3074.988616033341,3079.879795856601,中继,RU-002,122.71249539279307,122.0
P00040,leg2-climb,3076.7503395363865,3085.6957649514256,中继,RU-002,127.48193856321288,122.0
P00010,leg2-cruise,3077.724126841521,3082.22451940647,中继,RU-002,123.91816451998356,122.0
P00089,S013-handoff,3079.4350925749004,3089.3656866486544,中继,RU-001,123.77442449618124,122.0
P00037,leg2-cruise,3079.5874146803326,3084.5273246996376,直连,,95.27905721904847,122.0
P00014,leg2-cruise,3079.879795856601,3084.7709756798613,中继,RU-002,122.56291328673377,122.0
P00028,S008-handoff,3081.081192746533,3090.4630867630763,中继,RU-002,128.23507991277862,122.0
P00032,leg2-cruise,3082.14878330009,3091.174813798781,直连,,118.28345548577384,122.0
P00010,leg2-cruise,3082.22451940647,3086.724911971419,中继,RU-002,123.7985852624244,122.0
P00037,leg2-cruise,3084.5273246996376,3089.467234718943,直连,,94.3815020465512,122.0
P00014,leg2-cruise,3084.7709756798613,3089.662155503122,中继,RU-002,122.41071303569954,122.0
P00040,leg2-cruise,3085.6957649514256,3089.617616592215,中继,RU-002,127.44779987608177,122.0
P00010,leg2-cruise,3086.724911971419,3091.2253045363677,中继,RU-002,123.6773390258064,122.0
P00089,S013-handoff,3089.3656866486544,3099.296280722409,中继,RU-001,123.77442449618124,122.0
P00037,leg2-cruise,3089.467234718943,3094.407144738248,直连,,93.3926669224992,122.0
P00040,leg2-cruise,3089.617616592215,3093.5394682330048,中继,RU-002,127.37856423682604,122.0
P00014,leg2-cruise,3089.662155503122,3094.5533353263822,中继,RU-002,122.25580147297396,122.0
P00028,S008-handoff,3090.4630867630763,3099.84498077962,中继,RU-002,128.23507991277862,122.0
P00032,leg2-cruise,3091.174813798781,3100.2008442974725,直连,,117.91126807529136,122.0
P00010,leg2-cruise,3091.2253045363677,3095.7256971013167,中继,RU-002,123.5543787423584,122.0
P00040,leg2-cruise,3093.5394682330048,3101.3831715145843,中继,RU-002,127.27366531477904,122.0
P00037,leg2-cruise,3094.407144738248,3099.347054757553,直连,,92.2962696371293,122.0
P00014,leg2-cruise,3094.5533353263822,3099.4445151496425,中继,RU-002,122.09808037525721,122.0
P00010,leg2-cruise,3095.7256971013167,3100.2260896662656,中继,RU-002,123.42965532522791,122.0
P00089,S013-handoff,3099.296280722409,3109.2268747961634,中继,RU-001,123.77442449618124,122.0
P00037,leg2-cruise,3099.347054757553,3104.2869647768584,直连,,91.07436314651915,122.0
P00014,leg2-cruise,3099.4445151496425,3104.335694972903,中继,RU-002,121.93744609050815,122.0
P00028,S008-handoff,3099.84498077962,3109.2268747961634,中继,RU-002,128.23507991277862,122.0
P00032,leg2-cruise,3100.2008442974725,3109.2268747961634,直连,,117.52246037795449,122.0
P00010,leg2-cruise,3100.2260896662656,3104.7264822312145,中继,RU-002,123.30311755149816,122.0
P00040,leg2-cruise,3101.3831715145843,3109.2268747961634,中继,RU-002,127.13180072308343,122.0
P00037,leg2-cruise,3104.2869647768584,3109.2268747961634,直连,,89.71144023304224,122.0
P00014,leg2-cruise,3104.335694972903,3109.2268747961634,直连,,121.77378913094003,122.0
P00010,leg2-cruise,3104.7264822312145,3113.6449595166505,中继,RU-002,123.17471193662227,122.0
P00014,leg2-cruise,3109.2268747961634,3113.6449595166505,直连,,121.61513432444549,122.0
P00028,S008-handoff,3109.2268747961634,3118.063044237138,中继,RU-002,128.23507991277862,122.0
P00032,leg2-cruise,3109.2268747961634,3118.063044237138,直连,,117.11986381012814,122.0
P00037,leg2-cruise,3109.2268747961634,3118.728916139854,直连,,87.47820850976231,122.0
P00040,leg2-cruise,3109.2268747961634,3113.6449595166505,中继,RU-002,127.01927928447734,122.0
P00089,S013-handoff,3109.2268747961634,3116.3331123290523,中继,RU-001,123.77442449618124,122.0
P00010,leg2-cruise,3113.6449595166505,3118.063044237138,中继,RU-002,122.91572786430295,122.0
P00014,leg2-cruise,3113.6449595166505,3118.063044237138,直连,,121.46181730842538,122.0
P00040,leg2-cruise,3113.6449595166505,3118.063044237138,中继,RU-002,126.93728044472229,122.0
P00089,S013-handoff,3116.3331123290523,3123.4393498619406,中继,RU-001,123.77442449618124,122.0
P00010,leg2-cruise,3118.063044237138,3122.4811289576255,中继,RU-002,122.78390489113785,122.0
P00014,leg2-cruise,3118.063044237138,3122.4811289576255,直连,,121.30574954393325,122.0
P00028,S008-handoff,3118.063044237138,3126.8992136781126,中继,RU-002,128.23507991277862,122.0
P00032,leg2-cruise,3118.063044237138,3126.8992136781126,直连,,116.70235490556877,122.0
P00040,leg2-cruise,3118.063044237138,3122.4811289576255,中继,RU-002,126.85450048552059,122.0
P00037,leg2-cruise,3118.728916139854,3128.2309574835444,直连,,84.71600999831759,122.0
P00010,leg2-cruise,3122.4811289576255,3126.8992136781126,中继,RU-002,122.65005393091147,122.0
P00014,leg2-cruise,3122.4811289576255,3126.8992136781126,直连,,121.14683068495708,122.0
P00040,leg2-cruise,3122.4811289576255,3126.8992136781126,中继,RU-002,126.77092439050676,122.0
P00089,S013-handoff,3123.4393498619406,3130.5455873948295,中继,RU-001,123.77442449618124,122.0
P00010,leg2-cruise,3126.8992136781126,3131.3172983986,中继,RU-002,122.51411172351249,122.0
P00014,leg2-cruise,3126.8992136781126,3131.3172983986,直连,,120.98495480197279,122.0
P00028,S008-handoff,3126.8992136781126,3135.7353831190876,中继,RU-002,128.23507991277862,122.0
P00032,leg2-cruise,3126.8992136781126,3135.7353831190876,直连,,116.26383480807776,122.0
P00040,leg2-cruise,3126.8992136781126,3131.3172983986,中继,RU-002,126.68653670634075,122.0
P00037,leg2-descent,3128.2309574835444,3136.6232123227087,直连,,83.6201741526433,122.0
P00089,leg2-climb,3130.5455873948295,3138.459224683241,中继,RU-001,123.77534346571288,122.0
P00010,leg2-cruise,3131.3172983986,3135.7353831190876,中继,RU-002,122.37601200753525,122.0
P00014,leg2-cruise,3131.3172983986,3135.7353831190876,直连,,120.82000996060735,122.0
P00040,leg2-cruise,3131.3172983986,3135.7353831190876,中继,RU-002,126.60132152559564,122.0
P00010,leg2-cruise,3135.7353831190876,3140.1534678395747,中继,RU-002,122.23568532774331,122.0
P00014,leg2-cruise,3135.7353831190876,3140.1534678395747,直连,,120.65187775988335,122.0
P00028,S008-handoff,3135.7353831190876,3144.571552560062,中继,RU-002,128.23507991277862,122.0
P00032,leg2-cruise,3135.7353831190876,3144.571552560062,直连,,115.80208515069405,122.0
P00040,leg2-cruise,3135.7353831190876,3140.1534678395747,中继,RU-002,126.51526246879978,122.0
P00037,leg2-descent,3136.6232123227087,3145.0154671618725,直连,,82.31860098945941,122.0
P00089,leg2-climb,3138.459224683241,3146.3728619716526,中继,RU-001,123.77733662144614,122.0
P00010,leg2-cruise,3140.1534678395747,3144.571552560062,中继,RU-002,122.09305882688143,122.0
P00014,leg2-cruise,3140.1534678395747,3144.571552560062,直连,,120.48043282530067,122.0
P00040,leg2-cruise,3140.1534678395747,3144.571552560062,中继,RU-002,126.42834266558859,122.0
P00010,leg2-cruise,3144.571552560062,3148.9896372805497,中继,RU-002,121.94805602027013,122.0
P00014,leg2-cruise,3144.571552560062,3148.9896372805497,直连,,120.30554225133163,122.0
P00028,S008-handoff,3144.571552560062,3153.4077220010367,中继,RU-002,128.23507991277862,122.0
P00032,leg2-cruise,3144.571552560062,3153.4077220010367,直连,,115.31451826822777,122.0
P00040,leg2-cruise,3144.571552560062,3148.9896372805497,中继,RU-002,126.3405447348986,122.0
P00037,leg2-descent,3145.0154671618725,3153.4077220010367,直连,,80.78701520832021,122.0
P00089,leg2-cruise,3146.3728619716526,3153.4077220010367,中继,RU-001,123.70267709622868,122.0
P00010,leg2-cruise,3148.9896372805497,3153.4077220010367,直连,,121.80059655146549,122.0
P00014,leg2-cruise,3148.9896372805497,3153.4077220010367,直连,,120.12706498721154,122.0
P00040,leg2-cruise,3148.9896372805497,3153.4077220010367,中继,RU-002,126.25185076415741,122.0
P00010,leg2-cruise,3153.4077220010367,3157.8955910133363,直连,,121.64940093863434,122.0
P00014,leg2-cruise,3153.4077220010367,3157.8955910133363,直连,,119.9433968224509,122.0
P00028,S008-handoff,3153.4077220010367,3162.383460025636,中继,RU-002,128.23507991277862,122.0
P00032,leg2-cruise,3153.4077220010367,3162.383460025636,直连,,114.79388826669793,122.0
P00037,leg2-descent,3153.4077220010367,3162.8727094295696,直连,,78.79264979522311,122.0
P00040,leg2-cruise,3153.4077220010367,3157.8955910133363,中继,RU-002,126.16153090788974,122.0
P00089,leg2-cruise,3153.4077220010367,3162.383460025636,中继,RU-001,123.52782000630913,122.0
P00010,leg2-cruise,3157.8955910133363,3162.383460025636,直连,,111.49431634081942,122.0
P00014,leg2-cruise,3157.8955910133363,3162.383460025636,直连,,119.75428325670863,122.0
P00040,leg2-cruise,3157.8955910133363,3162.383460025636,中继,RU-002,126.06954359492987,122.0
P00010,leg2-cruise,3162.383460025636,3166.8713290379355,直连,,111.3364189222523,122.0
P00014,leg2-cruise,3162.383460025636,3166.8713290379355,直连,,119.56097005105289,122.0
P00028,S008-handoff,3162.383460025636,3171.3591980502347,中继,RU-002,128.23507991277862,122.0
P00032,leg2-cruise,3162.383460025636,3171.3591980502347,直连,,114.23575842329666,122.0
P00040,leg2-cruise,3162.383460025636,3166.8713290379355,中继,RU-002,125.97657225153495,122.0
P00089,leg2-cruise,3162.383460025636,3171.3591980502347,中继,RU-001,123.32749859555666,122.0
P00037,leg2-descent,3162.8727094295696,3172.3376968581024,直连,,76.01599543121714,122.0
P00010,leg2-cruise,3166.8713290379355,3171.3591980502347,直连,,111.17560501513752,122.0
P00014,leg2-cruise,3166.8713290379355,3171.3591980502347,直连,,119.3632669091447,122.0
P00040,leg2-cruise,3166.8713290379355,3171.3591980502347,中继,RU-002,125.88259561155404,122.0
P00010,leg2-cruise,3171.3591980502347,3175.847067062534,直连,,111.01176512782727,122.0
P00014,leg2-cruise,3171.3591980502347,3175.847067062534,直连,,119.16097033437406,122.0
P00028,S008-handoff,3171.3591980502347,3180.3349360748334,中继,RU-002,128.23507991277862,122.0
P00032,leg2-cruise,3171.3591980502347,3180.3349360748334,直连,,103.63953461740797,122.0
P00040,leg2-cruise,3171.3591980502347,3175.847067062534,中继,RU-002,125.78759171239787,122.0
P00089,leg2-cruise,3171.3591980502347,3180.3349360748334,中继,RU-001,123.12246180928493,122.0
P00037,leg2-descent,3172.3376968581024,3181.802684286635,直连,,71.91022925842937,122.0
P00010,leg2-cruise,3175.847067062534,3180.3349360748334,直连,,110.84478350145494,122.0
P00014,leg2-cruise,3175.847067062534,3180.3349360748334,直连,,118.95386238347909,122.0
P00040,leg2-cruise,3175.847067062534,3180.3349360748334,中继,RU-002,125.69153786431623,122.0
P00272,leg1-climb,3177.0,3186.6427252395656,直连,,54.91800861229106,122.0
P00010,leg2-cruise,3180.3349360748334,3184.822805087133,直连,,110.67453762369716,122.0
P00014,leg2-cruise,3180.3349360748334,3184.822805087133,直连,,118.74170926996129,122.0
P00028,S008-handoff,3180.3349360748334,3189.3106740994326,中继,RU-002,128.23507991277862,122.0
P00032,leg2-cruise,3180.3349360748334,3189.3106740994326,直连,,102.99967599849792,122.0
P00040,leg2-cruise,3180.3349360748334,3184.822805087133,中继,RU-002,125.59441061795627,122.0
P00089,leg2-cruise,3180.3349360748334,3189.3106740994326,中继,RU-001,122.91248304362733,122.0
P00037,leg2-descent,3181.802684286635,3191.267671715168,直连,,63.8573292877791,122.0
P00010,leg2-cruise,3184.822805087133,3189.3106740994326,直连,,110.5008976945708,122.0
P00014,leg2-cruise,3184.822805087133,3189.3106740994326,直连,,118.52425979506118,122.0
P00040,leg2-cruise,3184.822805087133,3189.3106740994326,中继,RU-002,125.49618573010508,122.0
P00272,leg1-climb,3186.6427252395656,3196.285450479131,直连,,67.4356698107223,122.0
P00010,leg2-cruise,3189.3106740994326,3193.798543111732,直连,,110.32372603852241,122.0
P00014,leg2-cruise,3189.3106740994326,3193.798543111732,直连,,118.30124358024925,122.0
P00028,S008-handoff,3189.3106740994326,3198.286412124032,中继,RU-002,128.23507991277862,122.0
P00032,leg2-cruise,3189.3106740994326,3198.286412124032,直连,,102.3093493639901,122.0
P00040,leg2-cruise,3189.3106740994326,3193.798543111732,中继,RU-002,125.39683812747177,122.0
P00089,leg2-cruise,3189.3106740994326,3198.286412124032,中继,RU-001,122.69731901486513,122.0
P00037,leg2-descent,3191.267671715168,3200.732659143701,直连,,58.297353641871496,122.0
P00010,leg2-cruise,3193.798543111732,3198.286412124032,直连,,110.1428764562177,122.0
P00014,leg2-cruise,3193.798543111732,3198.286412124032,直连,,118.07236907038357,122.0
P00040,leg2-cruise,3193.798543111732,3198.286412124032,中继,RU-002,125.29634186838182,122.0
P00272,leg1-climb,3196.285450479131,3205.9281757186973,直连,,74.4276524699716,122.0
P00010,leg2-cruise,3198.286412124032,3202.7742811363314,直连,,109.95819350844904,122.0
P00014,leg2-cruise,3198.286412124032,3202.7742811363314,直连,,117.83732127101406,122.0
P00028,S008-handoff,3198.286412124032,3207.2621501486306,中继,RU-002,128.23507991277862,122.0
P00032,leg2-cruise,3198.286412124032,3207.2621501486306,直连,,101.5599981421408,122.0
P00040,leg2-cruise,3198.286412124032,3202.7742811363314,中继,RU-002,125.19467010224304,122.0
P00089,leg2-cruise,3198.286412124032,3207.2621501486306,中继,RU-001,122.47670808737702,122.0
P00010,leg2-cruise,3202.7742811363314,3207.2621501486306,直连,,109.7695117235269,122.0
P00014,leg2-cruise,3202.7742811363314,3207.2621501486306,直连,,117.59575917639806,122.0
P00040,leg2-cruise,3202.7742811363314,3207.2621501486306,中继,RU-002,125.09179502661294,122.0
P00272,leg1-climb,3205.9281757186973,3215.570900958263,直连,,78.25054416662806,122.0
P00010,leg2-cruise,3207.2621501486306,3211.7500191609297,直连,,109.57665471813301,122.0
P00014,leg2-cruise,3207.2621501486306,3211.7500191609297,直连,,117.34731283629594,122.0
P00028,S008-handoff,3207.2621501486306,3216.2378881732293,中继,RU-002,128.23507991277862,122.0
P00032,leg2-cruise,3207.2621501486306,3216.2378881732293,直连,,100.74071815965144,122.0
P00040,leg2-cruise,3207.2621501486306,3211.7500191609297,中继,RU-002,124.98768784171635,122.0
P00089,leg2-cruise,3207.2621501486306,3216.2378881732293,中继,RU-001,122.2503683875302,122.0
P00010,leg2-cruise,3211.7500191609297,3216.2378881732293,直连,,109.3794342200952,122.0
P00014,leg2-cruise,3211.7500191609297,3216.2378881732293,直连,,117.09157999912713,122.0
P00040,leg2-cruise,3211.7500191609297,3216.2378881732293,中继,RU-002,124.88231870219423,122.0
P00272,leg1-climb,3215.570900958263,3225.2136261978285,直连,,80.89602719320754,122.0
P00010,leg2-cruise,3216.2378881732293,3220.725757185529,直连,,109.17764897973841,122.0
P00014,leg2-cruise,3216.2378881732293,3220.725757185529,直连,,116.82812225634164,122.0
P00028,S008-handoff,3216.2378881732293,3225.2136261978285,中继,RU-002,128.23507991277862,122.0
P00032,leg2-cruise,3216.2378881732293,3225.2136261978285,直连,,99.83732830120239,122.0
P00040,leg2-cruise,3216.2378881732293,3220.725757185529,中继,RU-002,124.77565666592679,122.0
P00089,leg2-cruise,3216.2378881732293,3225.2136261978285,中继,RU-001,122.01799566993488,122.0
P00010,leg2-cruise,3220.725757185529,3225.2136261978285,直连,,108.97108355424464,122.0
P00014,leg2-cruise,3220.725757185529,3225.2136261978285,直连,,116.55646059677008,122.0
P00040,leg2-cruise,3220.725757185529,3225.2136261978285,中继,RU-002,124.66766963966914,122.0
P00010,leg2-cruise,3225.2136261978285,3230.1341787648503,直连,,108.74917689387338,122.0
P00014,leg2-cruise,3225.2136261978285,3230.1341787648503,直连,,116.26232354652804,122.0
P00028,S008-handoff,3225.2136261978285,3235.005245491026,中继,RU-002,128.23507991277862,122.0
P00032,leg2-cruise,3225.2136261978285,3234.7280402351084,直连,,98.79890438768028,122.0
P00040,leg2-cruise,3225.2136261978285,3230.1341787648503,中继,RU-002,124.5530183234718,122.0
P00089,leg2-cruise,3225.2136261978285,3230.1341787648503,直连,,121.83376461032887,122.0
P00272,leg1-climb,3225.2136261978285,3235.198305216801,直连,,82.95304668466109,122.0
P00010,leg2-cruise,3230.1341787648503,3235.054731331872,直连,,108.5108619486637,122.0
P00014,leg2-cruise,3230.1341787648503,3235.054731331872,直连,,115.94367271973115,122.0
P00040,leg2-cruise,3230.1341787648503,3235.054731331872,中继,RU-002,124.4314540471276,122.0
P00089,leg2-cruise,3230.1341787648503,3235.054731331872,直连,,121.70090084062114,122.0
P00032,leg2-cruise,3234.7280402351084,3244.2424542723884,直连,,97.58604019555493,122.0
P00028,S008-handoff,3235.005245491026,3244.796864784223,中继,RU-002,128.23507991277862,122.0
P00010,leg2-cruise,3235.054731331872,3239.9752838988943,直连,,108.26585510542067,122.0
P00014,leg2-cruise,3235.054731331872,3239.9752838988943,直连,,115.61295414915992,122.0
P00040,leg2-cruise,3235.054731331872,3239.9752838988943,中继,RU-002,124.30816580719352,122.0
P00089,leg2-cruise,3235.054731331872,3239.9752838988943,直连,,121.56598201787637,122.0
P00272,leg1-climb,3235.198305216801,3245.182984235774,直连,,84.64130431152805,122.0
P00010,leg2-cruise,3239.9752838988943,3244.895836465916,直连,,108.0137716176587,122.0
P00014,leg2-cruise,3239.9752838988943,3244.895836465916,直连,,105.26922365746314,122.0
P00040,leg2-cruise,3239.9752838988943,3244.895836465916,中继,RU-002,124.18310405314978,122.0
P00089,leg2-cruise,3239.9752838988943,3244.895836465916,直连,,121.42894387075492,122.0
P00032,leg2-cruise,3244.2424542723884,3253.7568683096683,直连,,96.18256252672043,122.0
P00028,S008-handoff,3244.796864784223,3254.5884840774206,中继,RU-002,128.23507991277862,122.0
P00010,leg2-cruise,3244.895836465916,3249.816389032938,直连,,107.75419276102828,122.0
P00014,leg2-cruise,3244.895836465916,3249.816389032938,直连,,104.91142253988065,122.0
P00040,leg2-cruise,3244.895836465916,3249.816389032938,中继,RU-002,124.05621706923998,122.0
P00089,leg2-cruise,3244.895836465916,3249.816389032938,直连,,121.28971907979066,122.0
P00272,leg1-climb,3245.182984235774,3255.1676632547465,直连,,86.05421350438988,122.0
P00010,leg2-cruise,3249.816389032938,3254.7369415999597,直连,,107.48666173573221,122.0
P00014,leg2-cruise,3249.816389032938,3254.7369415999597,直连,,104.53835841220176,122.0
P00040,leg2-cruise,3249.816389032938,3254.7369415999597,中继,RU-002,123.9274508465727,122.0
P00089,leg2-cruise,3249.816389032938,3254.7369415999597,直连,,121.14823708253527,122.0
P00032,leg2-cruise,3253.7568683096683,3263.2712823469483,直连,,94.52098601415766,122.0
P00028,S008-handoff,3254.5884840774206,3264.3801033706177,中继,RU-002,128.23507991277862,122.0
P00010,leg2-cruise,3254.7369415999597,3259.6574941669815,直连,,107.2106789363412,122.0
P00014,leg2-cruise,3254.7369415999597,3259.6574941669815,直连,,104.14868191869488,122.0
P00040,leg2-cruise,3254.7369415999597,3259.6574941669815,中继,RU-002,123.7967489456729,122.0
P00089,leg2-cruise,3254.7369415999597,3259.6574941669815,直连,,121.00442386302223,122.0
P00272,leg1-climb,3255.1676632547465,3265.152342273719,直连,,87.26912197232139,122.0
P00010,leg2-cruise,3259.6574941669815,3264.5780467340037,直连,,106.92569646894658,122.0
P00014,leg2-cruise,3259.6574941669815,3264.5780467340037,直连,,103.74085818987615,122.0
P00040,leg2-cruise,3259.6574941669815,3264.5780467340037,中继,RU-002,123.6640523485761,122.0
P00089,leg2-cruise,3259.6574941669815,3264.5780467340037,直连,,120.85820172391283,122.0
P00032,leg2-cruise,3263.2712823469483,3272.785696384228,直连,,92.49459909396883,122.0
P00028,S008-handoff,3264.3801033706177,3274.171722663815,中继,RU-002,128.23507991277862,122.0
P00010,leg2-cruise,3264.5780467340037,3269.4985993010255,直连,,106.6311117684718,122.0
P00014,leg2-cruise,3264.5780467340037,3269.4985993010255,直连,,103.3131315811042,122.0
P00040,leg2-cruise,3264.5780467340037,3269.4985993010255,中继,RU-002,123.52929929951236,122.0
P00089,leg2-cruise,3264.5780467340037,3269.4985993010255,直连,,120.70948903969786,122.0
P00272,leg1-climb,3265.152342273719,3275.1370212926913,直连,,88.33476418725589,122.0
P00010,leg2-cruise,3269.4985993010255,3274.4191518680473,直连,,106.3262601345539,122.0
P00014,leg2-cruise,3269.4985993010255,3274.4191518680473,直连,,102.86348172795567,122.0
P00040,leg2-cruise,3269.4985993010255,3274.4191518680473,中继,RU-002,123.39242513311757,122.0
P00089,leg2-cruise,3269.4985993010255,3274.4191518680473,直连,,120.55819998896337,122.0
P00032,leg2-cruise,3272.785696384228,3282.3001104215077,直连,,89.93036457559494,122.0
P00028,leg2-climb,3274.171722663815,3282.672500353431,中继,RU-002,128.23529808074372,122.0
P00010,leg2-cruise,3274.4191518680473,3279.339704435069,直连,,106.01040596062552,122.0
P00014,leg2-cruise,3274.4191518680473,3279.339704435069,直连,,102.38956826260782,122.0
P00040,leg2-cruise,3274.4191518680473,3279.339704435069,中继,RU-002,123.25336208896006,122.0
P00089,leg2-cruise,3274.4191518680473,3279.339704435069,直连,,120.40424426360549,122.0
P00272,leg1-climb,3275.1370212926913,3285.121700311664,直连,,89.28383767454679,122.0
P00010,leg2-cruise,3279.339704435069,3284.260257002091,直连,,105.68273237471766,122.0
P00014,leg2-cruise,3279.339704435069,3284.260257002091,直连,,101.88866055773548,122.0
P00040,leg2-cruise,3279.339704435069,3284.260257002091,中继,RU-002,123.1120391110788,122.0
P00089,leg2-cruise,3279.339704435069,3284.260257002091,直连,,120.24752675261603,122.0
P00032,leg2-cruise,3282.3001104215077,3291.8145244587877,直连,,86.59068697244338,122.0
P00028,leg2-climb,3282.672500353431,3291.173278043047,中继,RU-002,128.2357987831089,122.0
P00010,leg2-cruise,3284.260257002091,3289.180809569113,直连,,105.34232893814455,122.0
P00014,leg2-cruise,3284.260257002091,3289.180809569113,直连,,101.3575474651323,122.0
P00040,leg2-cruise,3284.260257002091,3289.180809569113,中继,RU-002,122.96838163103912,122.0
P00089,leg2-cruise,3284.260257002091,3289.180809569113,直连,,120.08794719766445,122.0
P00272,leg1-climb,3285.121700311664,3295.1063793306366,直连,,90.13934890149335,122.0
P00010,leg2-cruise,3289.180809569113,3294.101362136135,直连,,104.98817695399006,122.0
P00014,leg2-cruise,3289.180809569113,3294.101362136135,直连,,100.79241998811317,122.0
P00040,leg2-cruise,3289.180809569113,3294.101362136135,中继,RU-002,122.8223113328656,122.0
P00089,leg2-cruise,3289.180809569113,3294.101362136135,直连,,119.92539981751885,122.0
P00028,leg2-climb,3291.173278043047,3299.674055732663,中继,RU-002,128.23638528211953,122.0
P00032,leg2-cruise,3291.8145244587877,3301.3289384960676,直连,,82.83564169910697,122.0
P00010,leg2-cruise,3294.101362136135,3299.0219147031567,直连,,104.61913181401981,122.0
P00014,leg2-cruise,3294.101362136135,3299.0219147031567,直连,,100.18871685225028,122.0
P00040,leg2-cruise,3294.101362136135,3299.0219147031567,中继,RU-002,122.673745898013,122.0
P00089,leg2-cruise,3294.101362136135,3299.0219147031567,直连,,119.75977289781787,122.0
P00272,leg1-climb,3295.1063793306366,3305.0910583496093,直连,,90.91810097233986,122.0
P00010,leg2-cruise,3299.0219147031567,3303.9424672701784,直连,,104.23390164963556,122.0
P00014,leg2-cruise,3299.0219147031567,3303.9424672701784,直连,,99.54091853072097,122.0
P00040,leg2-cruise,3299.0219147031567,3303.9424672701784,中继,RU-002,122.52259872827969,122.0
P00089,leg2-cruise,3299.0219147031567,3303.9424672701784,直连,,119.59094834234085,122.0
P00028,leg2-climb,3299.674055732663,3308.174833422279,中继,RU-002,128.23705754301272,122.0
P00032,leg2-descent,3301.3289384960676,3308.7608515101338,直连,,81.3483789798619,122.0
P00010,leg2-cruise,3303.9424672701784,3308.8630198372,直连,,103.83102133550554,122.0
P00014,leg2-cruise,3303.9424672701784,3308.8630198372,直连,,98.84226870031196,122.0
P00040,leg2-cruise,3303.9424672701784,3308.8630198372,中继,RU-002,122.36877864437889,122.0
P00089,leg2-cruise,3303.9424672701784,3308.8630198372,直连,,119.41880118144441,122.0
P00272,leg1-cruise,3305.0910583496093,3314.357867943938,直连,,91.38279878338759,122.0
P00028,leg2-cruise,3308.174833422279,3315.8997554802727,中继,RU-002,128.1751972454283,122.0
P00032,leg2-descent,3308.7608515101338,3316.1927645242,直连,,79.83315327724623,122.0
P00010,leg2-cruise,3308.8630198372,3313.7835724042225,直连,,103.4088206031767,122.0
P00014,leg2-cruise,3308.8630198372,3313.7835724042225,直连,,98.08439228704634,122.0
P00040,leg2-cruise,3308.8630198372,3313.7835724042225,中继,RU-002,122.21218955753366,122.0
P00089,leg2-cruise,3308.8630198372,3313.7835724042225,直连,,119.24319903260354,122.0
P00010,leg2-cruise,3313.7835724042225,3318.7041249712443,直连,,102.96538462761757,122.0
P00014,leg2-cruise,3313.7835724042225,3318.7041249712443,直连,,97.25676485687625,122.0
P00040,leg2-cruise,3313.7835724042225,3318.7041249712443,中继,RU-002,122.05273011114215,122.0
P00089,leg2-cruise,3313.7835724042225,3318.7041249712443,直连,,119.06400150753852,122.0
P00272,leg1-cruise,3314.357867943938,3323.624677538266,直连,,92.10954628830287,122.0
P00028,leg2-cruise,3315.8997554802727,3323.624677538266,中继,RU-002,128.04938746916667,122.0
P00032,leg2-descent,3316.1927645242,3323.624677538266,直连,,77.99655240204136,122.0
P00010,leg2-cruise,3318.7041249712443,3323.624677538266,直连,,102.49850491130346,122.0
P00014,leg2-cruise,3318.7041249712443,3323.624677538266,直连,,96.34596816348615,122.0
P00040,leg2-cruise,3318.7041249712443,3323.624677538266,直连,,121.89029328922425,122.0
P00089,leg2-cruise,3318.7041249712443,3323.624677538266,直连,,118.8810595593994,122.0
P00010,leg2-cruise,3323.624677538266,3328.3505383839242,直连,,102.01563915876629,122.0
P00014,leg2-cruise,3323.624677538266,3328.6176210466956,直连,,95.32677970602153,122.0
P00028,leg2-cruise,3323.624677538266,3328.4271061785676,中继,RU-002,127.94602195102735,122.0
P00032,leg2-descent,3323.624677538266,3332.5864037884585,直连,,75.3847280213362,122.0
P00040,leg2-cruise,3323.624677538266,3328.4271061785676,直连,,121.72677161967162,122.0
P00089,leg2-cruise,3323.624677538266,3328.5552666924514,直连,,118.69402215777001,122.0
P00272,leg1-cruise,3323.624677538266,3328.4271061785676,直连,,92.97262325293721,122.0
P00010,leg2-cruise,3328.3505383839242,3333.0763992295824,直连,,101.51557010603153,122.0
P00028,leg2-cruise,3328.4271061785676,3333.229534818869,中继,RU-002,127.86592957411173,122.0
P00040,leg2-cruise,3328.4271061785676,3333.229534818869,直连,,121.56216180510498,122.0
P00272,leg1-cruise,3328.4271061785676,3333.229534818869,直连,,93.63531895279891,122.0
P00089,leg2-cruise,3328.5552666924514,3333.485855846637,直连,,118.50270796350915,122.0
P00014,leg2-cruise,3328.6176210466956,3333.610564555125,直连,,94.17341103078749,122.0
P00032,leg2-descent,3332.5864037884585,3341.548130038651,直连,,71.1828775878217,122.0
P00010,leg2-cruise,3333.0763992295824,3337.8022600752406,直连,,100.98570110765856,122.0
P00028,leg2-cruise,3333.229534818869,3338.0319634591706,中继,RU-002,127.78509240088388,122.0
P00040,leg2-cruise,3333.229534818869,3338.0319634591706,直连,,121.39437790124518,122.0
P00272,leg1-cruise,3333.229534818869,3338.0319634591706,直连,,94.31956392156965,122.0
P00089,leg2-cruise,3333.485855846637,3338.416445000823,直连,,118.30712473237136,122.0
P00014,leg2-cruise,3333.610564555125,3338.6035080635547,直连,,92.86147533468,122.0
P00010,leg2-cruise,3337.8022600752406,3342.528120920899,直连,,100.42236864418189,122.0
P00028,leg2-cruise,3338.0319634591706,3342.834392099472,中继,RU-002,127.70349646147505,122.0
P00040,leg2-cruise,3338.0319634591706,3342.834392099472,直连,,121.22329533570445,122.0
P00272,leg1-cruise,3338.0319634591706,3342.834392099472,直连,,95.0038227500746,122.0
P00089,leg2-cruise,3338.416445000823,3343.3470341550087,直连,,118.10707954992867,122.0
P00014,leg2-cruise,3338.6035080635547,3343.5964515719847,直连,,91.35015925393279,122.0
P00032,leg2-descent,3341.548130038651,3350.509856288844,直连,,62.729136398136475,122.0
P00010,leg2-cruise,3342.528120920899,3347.2539817665574,直连,,99.82121775732931,122.0
P00028,leg2-cruise,3342.834392099472,3347.6368207397736,中继,RU-002,127.62112738960258,122.0
P00040,leg2-cruise,3342.834392099472,3347.6368207397736,直连,,121.04878207091667,122.0
P00272,leg1-cruise,3342.834392099472,3347.6368207397736,直连,,95.67461658057721,122.0
P00089,leg2-cruise,3343.3470341550087,3348.2776233091945,直连,,117.9023662701067,122.0
P00014,leg2-cruise,3343.5964515719847,3348.5893950804148,直连,,89.59155627845938,122.0
P00010,leg2-cruise,3347.2539817665574,3351.9798426122156,直连,,99.1770269953567,122.0
P00028,leg2-cruise,3347.6368207397736,3352.439249380075,中继,RU-002,127.53797040744327,122.0
P00040,leg2-cruise,3347.6368207397736,3352.439249380075,直连,,120.8706979967898,122.0
P00272,leg1-cruise,3347.6368207397736,3352.439249380075,直连,,96.32416837181559,122.0
P00089,leg2-cruise,3348.2776233091945,3353.20821246338,直连,,107.69276429218425,122.0
P00014,leg2-cruise,3348.5893950804148,3353.5823385888443,直连,,87.55450761743563,122.0
P00032,leg2-descent,3350.509856288844,3359.4715825390363,直连,,58.941748183873045,122.0
P00010,leg2-cruise,3351.9798426122156,3356.705703457874,直连,,98.48347988516251,122.0
P00028,leg2-cruise,3352.439249380075,3357.2416780203766,中继,RU-002,127.45401030977504,122.0
P00040,leg2-cruise,3352.439249380075,3357.2416780203766,直连,,120.68889426047686,122.0
P00272,leg1-cruise,3352.439249380075,3357.2416780203766,直连,,96.94847486099661,122.0
P00089,leg2-cruise,3353.20821246338,3358.138801617565,直连,,107.47803719519031,122.0
P00014,leg2-cruise,3353.5823385888443,3358.575282097274,直连,,85.34338682994023,122.0
P00010,leg2-cruise,3356.705703457874,3361.431564303532,直连,,97.73286630771739,122.0
P00028,leg2-cruise,3357.2416780203766,3362.044106660678,中继,RU-002,127.36923144735414,122.0
P00040,leg2-cruise,3357.2416780203766,3362.044106660678,直连,,120.50321252526062,122.0
P00272,leg1-cruise,3357.2416780203766,3362.044106660678,直连,,97.54591851955611,122.0
P00089,leg2-cruise,3358.138801617565,3363.069390771751,直连,,107.25793120971966,122.0
P00014,leg2-cruise,3358.575282097274,3363.5682256057034,直连,,83.591662645303,122.0
P00010,leg2-cruise,3361.431564303532,3366.15742514919,直连,,96.9156953836769,122.0
P00028,leg2-cruise,3362.044106660678,3366.8465353009797,中继,RU-002,127.28361770946874,122.0
P00040,leg2-cruise,3362.044106660678,3366.8465353009797,直连,,120.31348414943724,122.0
P00272,leg1-cruise,3362.044106660678,3366.8465353009797,直连,,98.11633341612972,122.0
P00089,leg2-cruise,3363.069390771751,3367.9999799259367,直连,,107.03217350368536,122.0
P00014,leg2-descent,3363.5682256057034,3373.027020597333,直连,,82.57720499539775,122.0
P00010,leg2-cruise,3366.15742514919,3370.8832859948484,直连,,96.02020739404875,122.0
P00028,leg2-cruise,3366.8465353009797,3371.648963941281,中继,RU-002,127.19715250563858,122.0
P00040,leg2-cruise,3366.8465353009797,3371.648963941281,直连,,120.11952927457986,122.0
P00272,leg1-cruise,3366.8465353009797,3371.648963941281,直连,,98.66040053927111,122.0
P00089,leg2-cruise,3367.9999799259367,3372.9305690801225,直连,,106.80047025478038,122.0
P00010,leg2-cruise,3370.8832859948484,3375.6091468405066,直连,,95.0318045474918,122.0
P00028,leg2-cruise,3371.648963941281,3376.4513925815827,中继,RU-002,127.10981874638854,122.0
P00040,leg2-cruise,3371.648963941281,3376.4513925815827,直连,,119.92115581098128,122.0
P00272,leg1-cruise,3371.648963941281,3376.4513925815827,直连,,99.17926600848554,122.0
P00089,leg2-cruise,3372.9305690801225,3377.8611582343083,直连,,106.56250447770509,122.0
P00014,leg2-descent,3373.027020597333,3382.4858155889624,直连,,80.88669118866858,122.0
P00010,leg2-cruise,3375.6091468405066,3380.3350076861648,直连,,93.93253607751484,122.0
P00028,leg2-cruise,3376.4513925815827,3381.253821221884,中继,RU-002,127.02159882305996,122.0
P00040,leg2-cruise,3376.4513925815827,3381.253821221884,直连,,119.71815830607076,122.0
P00272,leg1-cruise,3376.4513925815827,3381.253821221884,直连,,99.67430456184609,122.0
P00089,leg2-cruise,3377.8611582343083,3382.7917473884936,直连,,106.3179335685589,122.0
P00010,leg2-cruise,3380.3350076861648,3385.060868531823,直连,,92.70114865443391,122.0
P00028,leg2-cruise,3381.253821221884,3386.0562498621857,中继,RU-002,126.93247458658013,122.0
P00040,leg2-cruise,3381.253821221884,3386.0562498621857,直连,,119.51031667927825,122.0
P00272,leg1-cruise,3381.253821221884,3386.0562498621857,直连,,100.14697578763213,122.0
P00014,leg2-descent,3382.4858155889624,3391.944610580592,直连,,78.7856500512816,122.0
P00089,leg2-cruise,3382.7917473884936,3387.722336542679,直连,,106.06638652227076,122.0
P00010,leg2-cruise,3385.060868531823,3389.7867293774816,直连,,91.31540445891127,122.0
P00028,leg2-cruise,3386.0562498621857,3390.858678502487,中继,RU-002,126.84242732515213,122.0
P00040,leg2-cruise,3386.0562498621857,3390.858678502487,直连,,119.29739480403295,122.0
P00272,leg1-cruise,3386.0562498621857,3390.858678502487,直连,,100.59873883409513,122.0
P00089,leg2-cruise,3387.722336542679,3392.6529256968647,直连,,105.80746077081281,122.0
P00010,leg2-cruise,3389.7867293774816,3394.51259022314,直连,,89.76211148183705,122.0
P00028,leg2-cruise,3390.858678502487,3395.6611071427883,中继,RU-002,126.75143774076685,122.0
P00040,leg2-cruise,3390.858678502487,3395.6611071427883,直连,,119.07913891426362,122.0
P00272,leg1-cruise,3390.858678502487,3395.6611071427883,直连,,101.03100367223482,122.0
P00014,leg2-descent,3391.944610580592,3401.4034055722213,直连,,76.00850023879948,122.0
P00089,leg2-cruise,3392.6529256968647,3397.5835148510505,直连,,105.54071858047601,122.0
P00010,leg2-cruise,3394.51259022314,3399.238451068798,直连,,88.07131113201675,122.0
P00028,leg2-cruise,3395.6611071427883,3400.46353578309,中继,RU-002,126.65948592448942,122.0
P00040,leg2-cruise,3395.6611071427883,3400.46353578309,直连,,118.85527580876068,122.0
P00272,leg1-cruise,3395.6611071427883,3400.46353578309,直连,,101.4451050197071,122.0
P00089,leg2-cruise,3397.5835148510505,3402.514104005236,直连,,105.26568293476473,122.0
P00010,leg2-cruise,3399.238451068798,3403.964311914456,直连,,86.41348920504711,122.0
P00028,leg2-cruise,3400.46353578309,3405.2659644233913,中继,RU-002,126.56655133042344,122.0
P00040,leg2-cruise,3400.46353578309,3405.2659644233913,直连,,118.62551082199697,122.0
P00272,leg1-cruise,3400.46353578309,3405.2659644233913,直连,,101.84229016770645,122.0
P00014,leg2-descent,3401.4034055722213,3410.862200563851,直连,,71.90163970838591,122.0
P00089,leg2-cruise,3402.514104005236,3407.4446931594216,直连,,104.98183281561424,122.0
P00010,leg2-cruise,3403.964311914456,3408.6901727601144,直连,,85.26480200041445,122.0
P00028,leg2-cruise,3405.2659644233913,3410.068393063693,中继,RU-002,126.47261274827991,122.0
P00040,leg2-cruise,3405.2659644233913,3410.068393063693,直连,,118.38952552406172,122.0
P00272,leg1-cruise,3405.2659644233913,3410.068393063693,直连,,102.22371520420052,122.0
P00089,leg2-cruise,3407.4446931594216,3412.3752823136074,直连,,104.68859777886605,122.0
P00010,leg2-descent,3408.6901727601144,3418.625717193708,直连,,84.60040488341826,122.0
P00028,leg2-cruise,3410.068393063693,3414.8708217039944,中继,RU-002,126.37764827445247,122.0
P00040,leg2-cruise,3410.068393063693,3414.8708217039944,直连,,118.146975105385,122.0
P00272,leg1-cruise,3410.068393063693,3414.8708217039944,直连,,102.59044618010887,122.0
P00014,leg2-descent,3410.862200563851,3420.3209955554803,直连,,63.8443012922359,122.0
P00089,leg2-cruise,3412.3752823136074,3417.3058714677927,直连,,104.38535169945602,122.0
P00028,leg2-cruise,3414.8708217039944,3419.673250344296,中继,RU-002,126.28163528150571,122.0
P00040,leg2-cruise,3414.8708217039944,3419.673250344296,直连,,117.89748539317068,122.0
P00272,leg1-cruise,3414.8708217039944,3419.673250344296,直连,,102.94346306026297,122.0
P00089,leg2-cruise,3417.3058714677927,3422.2364606219785,直连,,104.07140553753962,122.0
P00010,leg2-descent,3418.625717193708,3428.561261627302,直连,,83.51236701731824,122.0
P00028,leg2-cruise,3419.673250344296,3424.4756789845974,中继,RU-002,126.18455038596389,122.0
P00040,leg2-cruise,3419.673250344296,3424.4756789845974,直连,,117.6406494358265,122.0
P00272,leg1-cruise,3419.673250344296,3424.4756789845974,直连,,103.28366511906822,122.0
P00014,leg2-descent,3420.3209955554803,3429.7797905471098,直连,,58.30558030638234,122.0
P00089,leg2-cruise,3422.2364606219785,3427.1670497761643,直连,,103.7459989473119,122.0
P00028,leg2-cruise,3424.4756789845974,3429.278107624899,中继,RU-002,126.08636941429685,122.0
P00040,leg2-cruise,3424.4756789845974,3429.278107624899,直连,,117.3760235784964,122.0
P00272,leg1-cruise,3424.4756789845974,3429.278107624899,直连,,103.61187695807412,122.0
P00089,leg2-cruise,3427.1670497761643,3432.0976389303496,直连,,103.40829051547952,122.0
P00010,leg2-descent,3428.561261627302,3438.496806060896,直连,,82.26825193607381,122.0
P00028,leg2-cruise,3429.278107624899,3434.0805362652004,中继,RU-002,125.98706736696451,122.0
P00040,leg2-cruise,3429.278107624899,3434.0805362652004,直连,,107.10312293644128,122.0
P00272,leg1-cruise,3429.278107624899,3434.0805362652004,直连,,103.92885464934841,122.0
P00089,leg2-cruise,3432.0976389303496,3437.0282280845354,直连,,103.05734637494385,122.0
P00028,leg2-cruise,3434.0805362652004,3438.882964905502,中继,RU-002,125.88661838040714,122.0
P00040,leg2-cruise,3434.0805362652004,3438.882964905502,直连,,106.82141615262172,122.0
P00272,leg1-cruise,3434.0805362652004,3438.882964905502,直连,,104.2352917147611,122.0
P00089,leg2-cruise,3437.0282280845354,3441.958817238721,直连,,102.69212689172832,122.0
P00010,leg2-descent,3438.496806060896,3448.4323504944896,直连,,80.81566069071106,122.0
P00028,leg2-cruise,3438.882964905502,3443.6853935458034,中继,RU-002,125.78499568681467,122.0
P00040,leg2-cruise,3438.882964905502,3443.6853935458034,直连,,106.53031930010114,122.0
P00272,leg1-cruise,3438.882964905502,3443.6853935458034,直连,,104.53182478117677,122.0
P00089,leg2-cruise,3441.958817238721,3446.8894063929065,直连,,102.31147106973005,122.0
P00028,leg2-cruise,3443.6853935458034,3448.487822186105,中继,RU-002,125.68217157154068,122.0
P00040,leg2-cruise,3443.6853935458034,3448.487822186105,直连,,106.22918875751537,122.0
P00272,leg1-cruise,3443.6853935458034,3448.487822186105,直连,,104.81903883216354,122.0
P00089,leg2-cruise,3446.8894063929065,3451.8199955470923,直连,,101.91407826099294,122.0
P00010,leg2-descent,3448.4323504944896,3458.367894928083,直连,,79.07037747781774,122.0
P00028,leg2-cruise,3448.487822186105,3453.2902508264065,中继,RU-002,125.57811732797298,122.0
P00040,leg2-cruise,3448.487822186105,3453.2902508264065,直连,,105.91731284446934,122.0
P00272,leg1-cruise,3448.487822186105,3453.2902508264065,直连,,105.09747202645791,122.0
P00089,leg2-cruise,3451.8199955470923,3456.750584701278,直连,,101.49848671599487,122.0
P00028,leg2-cruise,3453.2902508264065,3458.092679466708,中继,RU-002,125.47280320969702,122.0
P00040,leg2-cruise,3453.2902508264065,3458.092679466708,直连,,105.5939019507957,122.0
P00272,leg1-cruise,3453.2902508264065,3458.092679466708,直连,,105.36762008349183,122.0
P00089,leg2-cruise,3456.750584701278,3461.6811738554634,直连,,101.06304847199496,122.0
P00028,leg2-cruise,3458.092679466708,3462.8951081070095,中继,RU-002,125.36619837973973,122.0
P00040,leg2-cruise,3458.092679466708,3462.8951081070095,直连,,105.25807682524675,122.0
P00272,leg1-cruise,3458.092679466708,3462.8951081070095,直连,,105.62994025326287,122.0
P00010,leg2-descent,3458.367894928083,3468.3034393616767,直连,,76.88390449662678,122.0
P00089,leg2-cruise,3461.6811738554634,3466.611763009649,直连,,100.60590008591048,122.0
P00028,leg2-cruise,3462.8951081070095,3467.697536747311,中继,RU-002,125.25827085668051,122.0
P00040,leg2-cruise,3462.8951081070095,3467.697536747311,直连,,104.90885460021252,122.0
P00272,leg1-cruise,3462.8951081070095,3467.697536747311,直连,,105.88485489708724,122.0
P00089,leg2-cruise,3466.611763009649,3471.542352163835,直连,,100.12492882665232,122.0
P00028,leg2-cruise,3467.697536747311,3472.4999653876125,中继,RU-002,125.14898745740524,122.0
P00040,leg2-cruise,3467.697536747311,3472.4999653876125,直连,,104.54513201231427,122.0
P00272,leg1-cruise,3467.697536747311,3472.4999653876125,直连,,106.13275471020906,122.0
P00010,leg2-descent,3468.3034393616767,3478.2389837952705,直连,,73.95488958802805,122.0
P00089,leg2-cruise,3471.542352163835,3476.4729413180203,直连,,99.61773425573453,122.0
P00028,leg2-cruise,3472.4999653876125,3477.302394027914,中继,RU-002,125.0383137362303,122.0
P00040,leg2-cruise,3472.4999653876125,3477.302394027914,直连,,104.16566512443772,122.0
P00272,leg1-cruise,3472.4999653876125,3477.302394027914,直连,,106.37400161825126,122.0
P00089,leg2-cruise,3476.4729413180203,3481.403530472206,直连,,99.08158584958264,122.0
P00028,leg2-cruise,3477.302394027914,3482.1048226682155,中继,RU-002,124.92621392014291,122.0
P00040,leg2-cruise,3477.302394027914,3482.1048226682155,直连,,103.76904464861438,122.0
P00272,leg1-cruise,3477.302394027914,3482.1048226682155,直连,,106.60893137891372,122.0
P00010,leg2-descent,3478.2389837952705,3488.1745282288643,直连,,69.50283613035805,122.0
P00089,leg2-cruise,3481.403530472206,3486.334119626392,直连,,98.51337884670762,122.0
P00028,leg2-cruise,3482.1048226682155,3486.907251308517,中继,RU-002,124.81265083982863,122.0
P00040,leg2-cruise,3482.1048226682155,3486.907251308517,直连,,103.35366569184315,122.0
P00272,leg1-cruise,3482.1048226682155,3486.907251308517,直连,,106.83785591879419,122.0
P00089,leg2-cruise,3486.334119626392,3491.264708780577,直连,,97.90959360804027,122.0
P00028,leg2-cruise,3486.907251308517,3491.7096799488186,中继,RU-002,124.6975858561793,122.0
P00040,leg2-cruise,3486.907251308517,3491.7096799488186,直连,,102.9176903694659,122.0
P00272,leg1-cruise,3486.907251308517,3491.7096799488186,直连,,107.06106543293258,122.0
P00010,leg2-descent,3488.1745282288643,3498.110072662458,直连,,59.884623555029435,122.0
P00089,leg2-cruise,3491.264708780577,3496.195297934763,直连,,97.26626996712295,122.0
P00028,leg2-cruise,3491.7096799488186,3496.51210858912,中继,RU-002,124.58097878190146,122.0
P00040,leg2-cruise,3491.7096799488186,3496.51210858912,直连,,102.45900121292345,122.0
P00272,leg1-cruise,3491.7096799488186,3496.51210858912,直连,,107.27883027223841,122.0
P00089,leg2-cruise,3496.195297934763,3501.1258870889487,直连,,96.57902030309408,122.0
P00028,leg2-cruise,3496.51210858912,3501.314537229421,中继,RU-002,124.46278779784403,122.0
P00040,leg2-cruise,3496.51210858912,3501.314537229421,直连,,101.9751425806656,122.0
P00272,leg1-cruise,3496.51210858912,3501.314537229421,直连,,107.49140264172205,122.0
P00010,leg2-descent,3498.110072662458,3508.045617096052,直连,,60.11003057093535,122.0
P00089,leg2-cruise,3501.1258870889487,3506.056476243134,直连,,95.84312933670395,122.0
P00028,leg2-cruise,3501.314537229421,3506.1169658697227,中继,RU-002,124.34296936360357,122.0
P00040,leg2-cruise,3501.314537229421,3506.1169658697227,直连,,101.46324627638563,122.0
P00272,leg1-cruise,3501.314537229421,3506.1169658697227,直连,,107.69901812998046,122.0
P00089,leg2-cruise,3506.056476243134,3510.98706539732,直连,,95.05383673671756,122.0
P00028,leg2-cruise,3506.1169658697227,3510.919394510024,中继,RU-002,124.22147812193894,122.0
P00040,leg2-cruise,3506.1169658697227,3510.919394510024,直连,,100.91993616097315,122.0
P00272,leg1-cruise,3506.1169658697227,3510.919394510024,直连,,107.9018970881776,122.0
P00028,leg2-cruise,3510.919394510024,3515.7218231503257,中继,RU-002,124.09826679646523,122.0
P00040,leg2-cruise,3510.919394510024,3515.7218231503257,直连,,100.34120453010617,122.0
P00272,leg1-cruise,3510.919394510024,3515.7218231503257,直连,,108.10024587491228,122.0
P00089,leg2-cruise,3510.98706539732,3515.9176545515056,直连,,94.20699357656162,122.0
P00028,leg2-cruise,3515.7218231503257,3520.524251790627,中继,RU-002,123.97328608206526,122.0
P00040,leg2-cruise,3515.7218231503257,3520.524251790627,直连,,99.7222501580041,122.0
P00272,leg1-cruise,3515.7218231503257,3520.524251790627,直连,,108.29425798141875,122.0
P00089,leg2-cruise,3515.9176545515056,3520.848243705691,直连,,93.30046787237292,122.0
P00028,leg2-cruise,3520.524251790627,3525.3266804309287,中继,RU-002,123.84648452737929,122.0
P00040,leg2-cruise,3520.524251790627,3525.3266804309287,直连,,99.05726383008137,122.0
P00272,leg1-cruise,3520.524251790627,3525.3266804309287,直连,,108.4841150498791,122.0
P00089,leg2-cruise,3520.848243705691,3525.7788328598763,直连,,92.33701324851282,122.0
P00028,leg2-cruise,3525.3266804309287,3530.1291090712302,中继,RU-002,123.7178084086843,122.0
P00040,leg2-cruise,3525.3266804309287,3530.1291090712302,直连,,98.3391414996022,122.0
P00272,leg1-cruise,3525.3266804309287,3530.1291090712302,直连,,108.66998779633609,122.0
P00089,leg2-cruise,3525.7788328598763,3530.709422014062,直连,,91.32985144086653,122.0
P00028,leg2-cruise,3530.1291090712302,3534.9315377115317,中继,RU-002,123.5872015943861,122.0
P00040,leg2-cruise,3530.1291090712302,3534.9315377115317,直连,,97.55909766467859,122.0
P00272,leg1-cruise,3530.1291090712302,3534.9315377115317,直连,,108.85203684821312,122.0
P00089,leg2-cruise,3530.709422014062,3535.640011168248,直连,,90.3126977165243,122.0
P00140,leg1-climb,3531.0,3539.186527388335,直连,,57.806805894026304,122.0
P00028,leg2-cruise,3534.9315377115317,3539.7339663518333,中继,RU-002,123.45460539929284,122.0
P00040,leg2-cruise,3534.9315377115317,3539.7339663518333,直连,,96.70614291479123,122.0
P00272,leg1-cruise,3534.9315377115317,3539.7339663518333,直连,,109.03041350542287,122.0
P00089,leg2-cruise,3535.640011168248,3540.5706003224336,直连,,89.354813709509,122.0
P00140,leg1-climb,3539.186527388335,3547.3730547766704,直连,,64.58074329934102,122.0
P00028,leg2-cruise,3539.7339663518333,3544.536394992135,中继,RU-002,123.31995842770559,122.0
P00040,leg2-cruise,3539.7339663518333,3544.536394992135,直连,,95.76638440836666,122.0
P00272,leg1-cruise,3539.7339663518333,3544.536394992135,直连,,109.2052604329338,122.0
P00089,leg2-cruise,3540.5706003224336,3545.5011894766194,直连,,88.5741865891575,122.0
P00028,leg2-cruise,3544.536394992135,3549.3388236324363,中继,RU-002,123.18319640432408,122.0
P00040,leg2-cruise,3544.536394992135,3549.3388236324363,直连,,94.72212426042745,122.0
P00272,leg1-cruise,3544.536394992135,3549.3388236324363,直连,,109.3767122918851,122.0
P00089,leg2-cruise,3545.5011894766194,3550.4317786308047,直连,,88.12405158545536,122.0
P00140,leg1-climb,3547.3730547766704,3555.559582165006,直连,,72.39401249515035,122.0
P00028,leg2-cruise,3549.3388236324363,3554.141252272738,中继,RU-002,123.04425199176836,122.0
P00040,leg2-cruise,3549.3388236324363,3554.141252272738,直连,,93.55083248791483,122.0
P00272,leg1-cruise,3549.3388236324363,3554.141252272738,直连,,109.54489631545545,122.0
P00089,leg2-descent,3550.4317786308047,3557.088944092073,直连,,87.77208063460058,122.0
P00028,leg2-cruise,3554.141252272738,3558.9436809130393,中继,RU-002,122.9030545934719,122.0
P00040,leg2-cruise,3554.141252272738,3558.9436809130393,直连,,92.22448432669815,122.0
P00272,leg1-cruise,3554.141252272738,3558.9436809130393,直连,,109.70993283497981,122.0
P00140,leg1-climb,3555.559582165006,3563.746109553341,直连,,76.43964519361683,122.0
P00089,leg2-descent,3557.088944092073,3563.746109553341,直连,,87.15625823789377,122.0
P00028,leg2-cruise,3558.9436809130393,3563.746109553341,中继,RU-002,112.75953014048518,122.0
P00040,leg2-cruise,3558.9436809130393,3563.746109553341,直连,,90.71128939187064,122.0
P00272,leg1-cruise,3558.9436809130393,3563.746109553341,直连,,109.87193576132748,122.0
P00028,leg2-cruise,3563.746109553341,3568.7068892031975,直连,,112.61117438442582,122.0
P00040,leg2-cruise,3563.746109553341,3568.1548320418415,直连,,89.06221881794863,122.0
P00089,leg2-descent,3563.746109553341,3573.6676688530542,直连,,86.32288100249077,122.0
P00140,leg1-climb,3563.746109553341,3571.5991564612405,直连,,79.14080228380732,122.0
P00272,leg1-cruise,3563.746109553341,3568.7068892031975,直连,,110.03361173120591,122.0
P00040,leg2-cruise,3568.1548320418415,3572.563554530342,直连,,87.32457289508518,122.0
P00028,leg2-cruise,3568.7068892031975,3573.6676688530542,直连,,112.45777839197113,122.0
P00272,leg1-cruise,3568.7068892031975,3573.6676688530542,直连,,110.19492372384498,122.0
P00140,leg1-climb,3571.5991564612405,3579.4522033691405,直连,,81.16003573644461,122.0
P00040,leg2-cruise,3572.563554530342,3576.9722770188428,直连,,85.59832639060802,122.0
P00028,leg2-cruise,3573.6676688530542,3578.628448502911,直连,,112.30163276652544,122.0
P00089,leg2-descent,3573.6676688530542,3583.589228152767,直连,,85.20732358801762,122.0
P00272,leg1-cruise,3573.6676688530542,3578.628448502911,直连,,110.35333178114766,122.0
P00040,leg2-cruise,3576.9722770188428,3581.3809995073434,直连,,84.38332939612587,122.0
P00028,leg2-cruise,3578.628448502911,3583.589228152767,直连,,112.14263744488608,122.0
P00272,leg1-cruise,3578.628448502911,3583.589228152767,直连,,110.50893728943332,122.0
P00140,leg1-cruise,3579.4522033691405,3588.4096735828393,直连,,82.75002570057207,122.0
P00040,leg2-descent,3581.3809995073434,3590.0170036980085,直连,,83.72635421996472,122.0
P00028,leg2-cruise,3583.589228152767,3588.550007802624,直连,,111.98068681855229,122.0
P00089,leg2-descent,3583.589228152767,3593.5107874524806,直连,,83.9270808329825,122.0
P00272,leg1-cruise,3583.589228152767,3588.550007802624,直连,,110.66183648523064,122.0
P00140,leg1-cruise,3588.4096735828393,3597.367143796538,直连,,86.25679495323189,122.0
P00028,leg2-cruise,3588.550007802624,3593.5107874524806,直连,,111.81566931771775,122.0
P00272,leg1-cruise,3588.550007802624,3593.5107874524806,直连,,110.81212079347048,122.0
P00040,leg2-descent,3590.0170036980085,3598.6530078886735,直连,,82.6831488417669,122.0
P00028,leg2-cruise,3593.5107874524806,3598.471567102337,直连,,111.64746695563755,122.0
P00089,leg2-descent,3593.5107874524806,3603.4323467521936,直连,,82.42496551707083,122.0
P00272,leg1-cruise,3593.5107874524806,3598.471567102337,直连,,110.95987713875985,122.0
P00140,leg1-cruise,3597.367143796538,3606.324614010237,直连,,89.49554721938298,122.0
P00028,leg2-cruise,3598.471567102337,3603.4323467521936,直连,,111.47595482880394,122.0
P00272,leg1-cruise,3598.471567102337,3603.4323467521936,直连,,111.10518823228009,122.0
P00040,leg2-descent,3598.6530078886735,3607.289012079338,直连,,81.49732751109941,122.0
P00028,leg2-cruise,3603.4323467521936,3608.3931264020503,直连,,111.30100056767685,122.0
P00089,leg2-descent,3603.4323467521936,3613.353906051907,直连,,80.60761318257474,122.0
P00272,leg1-cruise,3603.4323467521936,3608.3931264020503,直连,,111.2481328364591,122.0
P00140,leg1-cruise,3606.324614010237,3615.2820842239357,直连,,92.0202698774551,122.0
P00040,leg2-descent,3607.289012079338,3615.925016270003,直连,,80.12362718565534,122.0
P00028,leg2-cruise,3608.3931264020503,3613.353906051907,直连,,111.12246373203043,122.0
P00272,leg1-cruise,3608.3931264020503,3613.353906051907,直连,,111.38878600945253,122.0
P00028,leg2-cruise,3613.353906051907,3618.3146857017637,直连,,110.94019514409803,122.0
P00089,leg2-descent,3613.353906051907,3623.27546535162,直连,,78.30658873536366,122.0
P00272,leg1-cruise,3613.353906051907,3618.3146857017637,直连,,111.52721933126202,122.0
P00140,leg1-cruise,3615.2820842239357,3624.2395544376345,直连,,94.02822797455548,122.0
P00040,leg2-descent,3615.925016270003,3624.5610204606683,直连,,78.4910969683103,122.0
P00028,leg2-cruise,3618.3146857017637,3623.27546535162,直连,,110.75403615170738,122.0
P00272,leg1-cruise,3618.3146857017637,3623.27546535162,直连,,111.66350111303193,122.0
P00028,leg2-cruise,3623.27546535162,3628.2362450014766,直连,,110.56381781244862,122.0
P00089,leg2-descent,3623.27546535162,3633.1970246513333,直连,,75.16724951436326,122.0
P00272,leg1-cruise,3623.27546535162,3628.2362450014766,直连,,121.79769659102297,122.0
P00140,leg1-cruise,3624.2395544376345,3633.1970246513333,直连,,95.679918495821,122.0
P00040,leg2-descent,3624.5610204606683,3633.1970246513333,直连,,76.47901855926978,122.0
P00028,leg2-cruise,3628.2362450014766,3633.1970246513333,直连,,110.36935998857123,122.0
P00272,leg1-cruise,3628.2362450014766,3633.1970246513333,直连,,121.92986810659191,122.0
P00028,leg2-cruise,3633.1970246513333,3638.097237252079,直连,,110.17169833255294,122.0
P00040,leg2-descent,3633.1970246513333,3642.8998001341347,直连,,73.66445741039561,122.0
P00089,leg2-descent,3633.1970246513333,3641.806185808553,直连,,70.63442359586192,122.0
P00140,leg1-cruise,3633.1970246513333,3642.7941415993596,直连,,97.12363341461248,122.0
P00272,leg1-cruise,3633.1970246513333,3638.1683271710563,中继,RU-002,122.0602123494754,122.0
P00028,leg2-cruise,3638.097237252079,3642.9974498528245,直连,,109.97071352693467,122.0
P00272,leg1-cruise,3638.1683271710563,3643.1396296907797,中继,RU-002,122.1887803740812,122.0
P00089,leg2-descent,3641.806185808553,3650.4153469657726,直连,,61.841271535895636,122.0
P00140,leg1-cruise,3642.7941415993596,3652.391258547386,直连,,98.40694539523366,122.0
P00040,leg2-descent,3642.8998001341347,3652.602575616936,直连,,69.1553503975438,122.0
P00028,leg2-cruise,3642.9974498528245,3647.89766245357,直连,,109.76499299314963,122.0
P00272,leg1-cruise,3643.1396296907797,3648.1109322105026,中继,RU-002,122.31548800592746,122.0
P00028,leg2-cruise,3647.89766245357,3652.7978750543157,直连,,109.5543094604617,122.0
P00272,leg1-cruise,3648.1109322105026,3653.0822347302255,中继,RU-002,122.44038788928073,122.0
P00089,leg2-descent,3650.4153469657726,3659.0245081229923,直连,,59.36629974623085,122.0
P00140,leg1-cruise,3652.391258547386,3661.9883754954117,直连,,99.528293452987,122.0
P00040,leg2-descent,3652.602575616936,3662.3053510997374,直连,,59.242996586664354,122.0
P00028,leg2-cruise,3652.7978750543157,3657.6980876550615,直连,,109.33841899744698,122.0
P00272,leg1-cruise,3653.0822347302255,3658.053537249949,中继,RU-002,122.56353048289833,122.0
P00028,leg2-cruise,3657.6980876550615,3662.5983002558073,直连,,109.11705935384046,122.0
P00272,leg1-cruise,3658.053537249949,3663.024839769672,中继,RU-002,122.68496417837505,122.0
P00140,leg1-cruise,3661.9883754954117,3671.585492443438,直连,,100.52337464581018,122.0
P00040,leg2-descent,3662.3053510997374,3672.008126582539,直连,,60.30862847533077,122.0
P00028,leg2-cruise,3662.5983002558073,3667.498512856553,直连,,108.88994809240013,122.0
P00272,leg1-cruise,3663.024839769672,3667.996142289395,中继,RU-002,122.80473541061757,122.0
P00028,leg2-cruise,3667.498512856553,3672.3987254572985,直连,,108.65678047832661,122.0
P00272,leg1-cruise,3667.996142289395,3672.9674448091178,中继,RU-002,122.92288876113606,122.0
P00140,leg1-cruise,3671.585492443438,3681.182609391464,直连,,101.41741458821151,122.0
P00028,leg2-cruise,3672.3987254572985,3677.298938058044,直连,,108.41722708782204,122.0
P00272,leg1-cruise,3672.9674448091178,3677.9387473288407,中继,RU-002,123.03946705462482,122.0
P00028,leg2-cruise,3677.298938058044,3682.1991506587897,直连,,108.17093109014877,122.0
P00272,leg1-cruise,3677.9387473288407,3682.910049848564,中继,RU-002,123.15451144941713,122.0
P00140,leg1-cruise,3681.182609391464,3690.7797263394905,直连,,102.22884607361574,122.0
P00028,leg2-cruise,3682.1991506587897,3687.0993632595355,直连,,107.91750514877825,122.0
P00272,leg1-descent,3682.910049848564,3692.2513741370685,中继,RU-002,123.20971331785198,122.0
P00028,leg2-cruise,3687.0993632595355,3691.999575860281,直连,,107.65652787643063,122.0
P00140,leg1-cruise,3690.7797263394905,3700.3768432875163,直连,,102.97152292637885,122.0
P00028,leg2-cruise,3691.999575860281,3696.899788461026,直连,,107.38753976561735,122.0
P00272,leg1-descent,3692.2513741370685,3701.592698425573,中继,RU-002,123.20636803012714,122.0
P00028,leg2-cruise,3696.899788461026,3701.800001061772,直连,,107.11003849998482,122.0
P00140,leg1-cruise,3700.3768432875163,3709.9739602355426,直连,,103.65610851792974,122.0
P00272,leg1-descent,3701.592698425573,3710.9340227140774,中继,RU-002,123.20324957776361,122.0
P00028,leg2-cruise,3701.800001061772,3711.600426263263,直连,,106.82347353146208,122.0
P00140,leg1-cruise,3709.9739602355426,3719.571077183569,直连,,114.29097907431863,122.0
P00272,leg1-descent,3710.9340227140774,3720.275347002582,中继,RU-002,123.2003584515223,122.0
P00028,leg2-cruise,3711.600426263263,3721.400851464755,直连,,106.2206703053317,122.0
P00140,leg1-cruise,3719.571077183569,3729.168194131595,直连,,114.88283043727955,122.0
P00272,leg1-descent,3720.275347002582,3729.6166712910863,中继,RU-002,123.19769510712479,122.0
P00028,leg2-cruise,3721.400851464755,3731.201276666246,直连,,105.57349387324581,122.0
P00140,leg1-cruise,3729.168194131595,3738.765311079621,直连,,115.4370971962525,122.0
P00272,leg1-descent,3729.6166712910863,3738.9579955795907,中继,RU-002,123.1952599650152,122.0
P00028,leg2-cruise,3731.201276666246,3741.001701867737,直连,,104.87500363706482,122.0
P00140,leg1-cruise,3738.765311079621,3748.362428027647,直连,,115.95824940707277,122.0
P00272,leg1-descent,3738.9579955795907,3748.299319868095,中继,RU-002,123.1930534101401,122.0
P00028,leg2-cruise,3741.001701867737,3750.8021270692284,直连,,104.1165281026094,122.0
P00272,S007-handoff,3748.299319868095,3758.299319868095,中继,RU-002,123.19203596345481,122.0
P00140,leg1-cruise,3748.362428027647,3757.9595449756735,直连,,116.45000724620837,122.0
P00028,leg2-cruise,3750.8021270692284,3760.6025522707196,直连,,103.28705444428057,122.0
P00140,leg1-cruise,3757.9595449756735,3767.5566619236997,直连,,116.9154993065791,122.0
P00272,S007-handoff,3758.299319868095,3768.299319868095,中继,RU-002,123.19203596345481,122.0
P00028,leg2-cruise,3760.6025522707196,3770.402977472211,直连,,102.37233504602,122.0
P00140,leg1-cruise,3767.5566619236997,3777.1537788717255,直连,,117.35738134684986,122.0
P00272,S007-handoff,3768.299319868095,3778.299319868095,中继,RU-002,123.19203596345481,122.0
P00028,leg2-cruise,3770.402977472211,3780.2034026737024,直连,,101.35354945759995,122.0
P00140,leg1-cruise,3777.1537788717255,3786.750895819752,直连,,117.7779267510119,122.0
P00272,S007-handoff,3778.299319868095,3788.299319868095,中继,RU-002,123.19203596345481,122.0
P00028,leg2-cruise,3780.2034026737024,3790.0038278751936,直连,,100.20525825593259,122.0
P00140,leg1-cruise,3786.750895819752,3796.348012767778,直连,,118.17909639654472,122.0
P00272,S007-handoff,3788.299319868095,3798.299319868095,中继,RU-002,123.19203596345481,122.0
P00028,leg2-cruise,3790.0038278751936,3799.8042530766847,直连,,98.89223782965747,122.0
P00140,leg1-cruise,3796.348012767778,3805.9451297158043,直连,,118.5625932976748,122.0
P00272,S007-handoff,3798.299319868095,3808.299319868095,中继,RU-002,123.19203596345481,122.0
P00028,leg2-cruise,3799.8042530766847,3809.604678278176,直连,,97.36468541587908,122.0
P00140,leg1-cruise,3805.9451297158043,3815.54224666383,直连,,118.92990583008302,122.0
P00272,S007-handoff,3808.299319868095,3818.299319868095,中继,RU-002,123.19203596345481,122.0
P00028,leg2-cruise,3809.604678278176,3819.405103479667,直连,,95.55197913498249,122.0
P00140,leg1-cruise,3815.54224666383,3825.1393636118564,直连,,119.28234227993133,122.0
P00272,S007-handoff,3818.299319868095,3828.299319868095,中继,RU-002,123.19203596345481,122.0
P00028,leg2-cruise,3819.405103479667,3829.2055286811587,直连,,93.36152238517802,122.0
P00140,leg1-cruise,3825.1393636118564,3834.7364805598827,直连,,119.62105872237056,122.0
P00272,S007-handoff,3828.299319868095,3838.299319868095,中继,RU-002,123.19203596345481,122.0
P00028,leg2-cruise,3829.2055286811587,3839.00595388265,直连,,90.73253010203189,122.0
P00140,leg1-descent,3834.7364805598827,3843.642141570625,直连,,119.78436490661834,122.0
P00272,S007-handoff,3838.299319868095,3848.299319868095,中继,RU-002,123.19203596345481,122.0
P00028,leg2-cruise,3839.00595388265,3843.9061664833953,直连,,88.03905250264613,122.0
P00140,leg1-descent,3843.642141570625,3852.5478025813673,直连,,119.78224293556472,122.0
P00028,leg2-cruise,3843.9061664833953,3848.806379084141,直连,,87.22009727644314,122.0
P00272,S007-handoff,3848.299319868095,3858.299319868095,中继,RU-002,123.19203596345481,122.0
P00028,leg2-descent,3848.806379084141,3858.614752375157,直连,,86.61973145445748,122.0
P00026,leg1-climb,3852.0,3861.86887234158,直连,,54.36876353013951,122.0
P00140,leg1-descent,3852.5478025813673,3861.453463592109,直连,,119.78057850625036,122.0
P00272,S007-handoff,3858.299319868095,3868.299319868095,中继,RU-002,123.19203596345481,122.0
P00028,leg2-descent,3858.614752375157,3868.4231256661724,直连,,85.55713048944199,122.0
P00140,leg1-descent,3861.453463592109,3870.3591246028514,直连,,119.77937214525187,122.0
P00026,leg1-climb,3861.86887234158,3871.7377446831597,直连,,67.80555392616304,122.0
P00272,S007-handoff,3868.299319868095,3878.299319868095,中继,RU-002,123.19203596345481,122.0
P00028,leg2-descent,3868.4231256661724,3878.231498957188,直连,,84.34617482106334,122.0
P00140,S001-handoff,3870.3591246028514,3879.8970233565033,直连,,119.77894086539243,122.0
P00026,leg1-climb,3871.7377446831597,3881.6066170247395,直连,,74.70476049110366,122.0
P00028,leg2-descent,3878.231498957188,3888.0398722482037,直连,,82.93861204965941,122.0
P00272,S007-handoff,3878.299319868095,3888.299319868095,中继,RU-002,123.19203596345481,122.0
P00140,S001-handoff,3879.8970233565033,3889.434922110155,直连,,119.77894086539243,122.0
P00026,leg1-climb,3881.6066170247395,3891.4754893663194,直连,,78.50075628916746,122.0
P00028,leg2-descent,3888.0398722482037,3897.8482455392195,直连,,81.25798921101305,122.0
P00272,S007-handoff,3888.299319868095,3898.299319868095,中继,RU-002,123.19203596345481,122.0
P00140,S001-handoff,3889.434922110155,3898.9728208638076,直连,,119.77894086539243,122.0
P00026,leg1-climb,3891.4754893663194,3901.344361707899,直连,,81.13343784432793,122.0
P00028,leg2-descent,3897.8482455392195,3907.656618830235,直连,,79.17223031957153,122.0
P00272,S007-handoff,3898.299319868095,3908.299319868095,中继,RU-002,123.19203596345481,122.0
P00140,S001-handoff,3898.9728208638076,3908.5107196174595,直连,,119.77894086539243,122.0
P00026,leg1-climb,3901.344361707899,3911.213234049479,直连,,83.15100236420906,122.0
P00028,leg2-descent,3907.656618830235,3917.4649921212504,直连,,76.42181341719171,122.0
P00272,S007-handoff,3908.299319868095,3918.299319868095,中继,RU-002,123.19203596345481,122.0
P00140,S001-handoff,3908.5107196174595,3918.0486183711114,直连,,119.77894086539243,122.0
P00026,leg1-climb,3911.213234049479,3921.082106391059,直连,,84.78713676504627,122.0
P00028,leg2-descent,3917.4649921212504,3927.2733654122662,直连,,72.37371652610497,122.0
P00140,S001-handoff,3918.0486183711114,3927.5865171247633,直连,,119.77894086539243,122.0
P00272,S007-handoff,3918.299319868095,3928.299319868095,中继,RU-002,123.19203596345481,122.0
P00026,leg1-climb,3921.082106391059,3930.950978732639,直连,,86.16338592443432,122.0
P00028,leg2-descent,3927.2733654122662,3937.081738703282,直连,,64.55078853857813,122.0
P00140,S001-handoff,3927.5865171247633,3937.1244158784157,直连,,119.77894086539243,122.0
P00272,leg2-climb,3928.299319868095,3937.3811629263632,中继,RU-002,123.1932285501916,122.0
P00026,leg1-climb,3930.950978732639,3940.819851074219,直连,,87.35110507193245,122.0
P00028,leg2-descent,3937.081738703282,3946.8901119942975,直连,,57.828520394417566,122.0
P00140,S001-handoff,3937.1244158784157,3946.6623146320676,直连,,119.77894086539243,122.0
P00272,leg2-climb,3937.3811629263632,3946.4630059846318,中继,RU-002,123.19584733491773,122.0
P00026,leg1-climb,3940.819851074219,3950.688723415799,直连,,88.39577842565211,122.0
P00272,leg2-climb,3946.4630059846318,3955.5448490429,中继,RU-002,123.19877712436461,122.0
P00140,S001-handoff,3946.6623146320676,3956.2002133857195,直连,,119.77894086539243,122.0
P00026,leg1-climb,3950.688723415799,3960.5575957573787,直连,,89.32818788745577,122.0
P00272,leg2-climb,3955.5448490429,3964.626692101168,中继,RU-002,123.2020172884396,122.0
P00140,S001-handoff,3956.2002133857195,3965.7381121393714,直连,,119.77894086539243,122.0
P00026,leg1-climb,3960.5575957573787,3970.4264680989586,直连,,90.17013765759722,122.0
P00272,leg2-climb,3964.626692101168,3973.7085351594365,中继,RU-002,123.2055671314543,122.0
P00140,S001-handoff,3965.7381121393714,3975.276010893024,直连,,119.77894086539243,122.0
P00026,leg1-climb,3970.4264680989586,3980.2953404405384,直连,,90.93763814825219,122.0
P00272,leg2-climb,3973.7085351594365,3982.7903782177045,中继,RU-002,123.20942589261979,122.0
P00140,S001-handoff,3975.276010893024,3984.8139096466757,直连,,119.77894086539243,122.0
P00026,leg1-climb,3980.2953404405384,3990.1642127821183,直连,,91.6427926864653,122.0
P00272,leg2-cruise,3982.7903782177045,3987.761680737428,中继,RU-002,123.15451144941713,122.0
P00140,S001-handoff,3984.8139096466757,3994.3518084003276,直连,,119.77894086539243,122.0
P00272,leg2-cruise,3987.761680737428,3992.732983257151,中继,RU-002,123.03946705462482,122.0
P00026,leg1-climb,3990.1642127821183,4000.033085123698,直连,,92.29497371367032,122.0
P00272,leg2-cruise,3992.732983257151,3997.704285776874,中继,RU-002,122.92288876113606,122.0
P00140,S001-handoff,3994.3518084003276,4003.8897071539795,直连,,119.77894086539243,122.0
P00272,leg2-cruise,3997.704285776874,4002.675588296597,中继,RU-002,122.80473541061757,122.0
P00026,leg1-cruise,4000.033085123698,4004.091874910103,直连,,92.62589556680427,122.0
P00272,leg2-cruise,4002.675588296597,4007.64689081632,中继,RU-002,122.68496417837505,122.0
P00140,S001-handoff,4003.8897071539795,4013.427605907632,直连,,119.77894086539243,122.0
P00026,leg1-cruise,4004.091874910103,4008.1506646965076,直连,,92.80044627291615,122.0
P00272,leg2-cruise,4007.64689081632,4012.618193336043,中继,RU-002,122.56353048289833,122.0
P00026,leg1-cruise,4008.1506646965076,4016.2682442693167,直连,,93.12981325299576,122.0
P00272,leg2-cruise,4012.618193336043,4017.5894958557665,中继,RU-002,122.44038788928073,122.0
P00140,S001-handoff,4013.427605907632,4022.965504661284,直连,,119.77894086539243,122.0
P00026,leg1-cruise,4016.2682442693167,4020.3270340557215,直连,,94.11840233278257,122.0
P00272,leg2-cruise,4017.5894958557665,4022.5607983754894,中继,RU-002,122.31548800592746,122.0
P00026,leg1-cruise,4020.3270340557215,4024.3858238421262,直连,,94.70803203477503,122.0
P00272,leg2-cruise,4022.5607983754894,4027.5321008952124,中继,RU-002,122.1887803740812,122.0
P00140,S001-handoff,4022.965504661284,4032.5034034149357,直连,,119.77894086539243,122.0
P00026,leg1-cruise,4024.3858238421262,4028.444613628531,直连,,95.32385625316553,122.0
P00272,leg2-cruise,4027.5321008952124,4032.5034034149357,中继,RU-002,122.0602123494754,122.0
P00026,leg1-cruise,4028.444613628531,4037.329409668484,直连,,95.94680937031312,122.0
P00140,S001-handoff,4032.5034034149357,4041.431264008894,直连,,119.77894086539243,122.0
P00272,leg2-cruise,4032.5034034149357,4037.329409668484,直连,,121.93164985534449,122.0
P00026,leg1-cruise,4037.329409668484,4042.1554159220323,直连,,97.33523434037788,122.0
P00272,leg2-cruise,4037.329409668484,4042.1554159220323,直连,,121.80312194832828,122.0
P00140,S001-handoff,4041.431264008894,4050.3591246028514,直连,,119.77894086539243,122.0
P00026,leg1-cruise,4042.1554159220323,4046.9814221755805,直连,,98.0211878420408,122.0
P00272,leg2-cruise,4042.1554159220323,4046.9814221755805,直连,,111.67268091824769,122.0
P00026,leg1-cruise,4046.9814221755805,4051.8074284291283,直连,,98.6764011059803,122.0
P00272,leg2-cruise,4046.9814221755805,4051.8074284291283,直连,,111.54026950933098,122.0
P00140,leg2-climb,4050.3591246028514,4060.254303503676,直连,,119.77954137711585,122.0
P00026,leg1-cruise,4051.8074284291283,4056.6334346826766,直连,,99.30009213590579,122.0
P00272,leg2-cruise,4051.8074284291283,4056.6334346826766,直连,,111.40582788350788,122.0
P00026,leg1-cruise,4056.6334346826766,4061.459440936225,直连,,99.89286188518342,122.0
P00272,leg2-cruise,4056.6334346826766,4061.459440936225,直连,,111.26929346458195,122.0
P00140,leg2-climb,4060.254303503676,4070.1494824045008,直连,,119.78135349189522,122.0
P00026,leg1-cruise,4061.459440936225,4066.285447189773,直连,,100.45605252488647,122.0
P00272,leg2-cruise,4061.459440936225,4066.285447189773,直连,,111.13060077058503,122.0
P00026,leg1-cruise,4066.285447189773,4071.1114534433214,直连,,100.99136254113893,122.0
P00272,leg2-cruise,4066.285447189773,4071.1114534433214,直连,,110.98968123330366,122.0
P00140,leg2-climb,4070.1494824045008,4080.0446613053255,直连,,119.78397949772656,122.0
P00026,leg1-cruise,4071.1114534433214,4075.937459696869,直连,,101.50062084715873,122.0
P00272,leg2-cruise,4071.1114534433214,4075.937459696869,直连,,110.8464630037611,122.0
P00026,leg1-cruise,4075.937459696869,4080.7634659504174,直连,,101.98565776951129,122.0
P00272,leg2-cruise,4075.937459696869,4080.7634659504174,直连,,110.70087074235428,122.0
P00140,leg2-cruise,4080.0446613053255,4089.736607403816,直连,,119.61941729115607,122.0
P00026,leg1-cruise,4080.7634659504174,4085.5894722039657,直连,,102.44823442718533,122.0
P00272,leg2-cruise,4080.7634659504174,4085.5894722039657,直连,,110.55282539222175,122.0
P00026,leg1-cruise,4085.5894722039657,4090.415478457514,直连,,102.89000696913588,122.0
P00272,leg2-cruise,4085.5894722039657,4090.415478457514,直连,,110.4022439341865,122.0
P00140,leg2-cruise,4089.736607403816,4099.428553502306,直连,,119.27722149591403,122.0
P00026,leg1-cruise,4090.415478457514,4095.241484711062,直连,,103.31251136306395,122.0
P00272,leg2-cruise,4090.415478457514,4095.241484711062,直连,,110.24903912153123,122.0
P00026,leg1-cruise,4095.241484711062,4100.06749096461,直连,,103.71716006613602,122.0
P00272,leg2-cruise,4095.241484711062,4100.06749096461,直连,,110.09311919257411,122.0
P00140,leg2-cruise,4099.428553502306,4109.120499600796,直连,,118.9210165412824,122.0
P00026,leg1-cruise,4100.06749096461,4104.893497218159,直连,,104.10524534048008,122.0
P00272,leg2-cruise,4100.06749096461,4104.893497218159,直连,,109.93438755889869,122.0
P00026,leg1-cruise,4104.893497218159,4109.719503471707,直连,,104.47794606532507,122.0
P00272,leg2-cruise,4104.893497218159,4109.719503471707,直连,,109.77274246667969,122.0
P00140,leg2-cruise,4109.120499600796,4118.812445699287,直连,,118.54960882869109,122.0
P00026,leg1-cruise,4109.719503471707,4114.545509725254,直连,,104.83633616997272,122.0
P00272,leg2-cruise,4109.719503471707,4114.545509725254,直连,,109.60807662842183,122.0
P00026,leg1-cruise,4114.545509725254,4119.371515978803,直连,,105.18139358784626,122.0
P00272,leg2-cruise,4114.545509725254,4119.371515978803,直连,,109.44027682198883,122.0
P00140,leg2-cruise,4118.812445699287,4128.504391797777,直连,,118.16164577912089,122.0
P00026,leg1-cruise,4119.371515978803,4124.197522232351,直连,,105.51400910422895,122.0
P00272,leg2-cruise,4119.371515978803,4124.197522232351,直连,,109.26922345347032,122.0
P00026,leg1-cruise,4124.197522232351,4129.023528485899,直连,,105.83499475750996,122.0
P00272,leg2-cruise,4124.197522232351,4129.023528485899,直连,,109.09479008005778,122.0
P00140,leg2-cruise,4128.504391797777,4138.196337896267,直连,,117.75558636031346,122.0
P00026,leg1-cruise,4129.023528485899,4133.849534739447,直连,,106.14509162662237,122.0
P00272,leg2-cruise,4129.023528485899,4133.849534739447,直连,,108.91684288852299,122.0
P00026,leg1-cruise,4133.849534739447,4138.675540992996,直连,,106.44497694032198,122.0
P00272,leg2-cruise,4133.849534739447,4138.675540992996,直连,,108.73524012447177,122.0
P00140,leg2-cruise,4138.196337896267,4147.888283994758,直连,,117.32966447210227,122.0
P00026,leg1-cruise,4138.675540992996,4143.501547246544,直连,,106.73527050348208,122.0
P00272,leg2-cruise,4138.675540992996,4143.501547246544,直连,,108.54983146684441,122.0
P00026,leg1-cruise,4143.501547246544,4148.327553500092,直连,,107.01654046894467,122.0
P00272,leg2-cruise,4143.501547246544,4148.327553500092,直连,,108.36045734154334,122.0
P00140,leg2-cruise,4147.888283994758,4157.580230093248,直连,,116.88184301425204,122.0
P00026,leg1-cruise,4148.327553500092,4153.15355975364,直连,,107.28930850036116,122.0
P00272,leg2-cruise,4148.327553500092,4153.15355975364,直连,,108.16694816713708,122.0
P00026,leg1-cruise,4153.15355975364,4157.979566007189,直连,,107.55405437884446,122.0
P00272,leg2-cruise,4153.15355975364,4157.979566007189,直连,,107.969123524861,122.0
P00044,leg1-climb,4154.0,4163.136335552559,直连,,58.72354596362182,122.0
P00140,leg2-cruise,4157.580230093248,4167.272176191738,直连,,116.40975564960426,122.0
P00026,leg1-cruise,4157.979566007189,4162.805572260737,直连,,107.81122010787897,122.0
P00272,leg2-cruise,4157.979566007189,4162.805572260737,直连,,107.76679124400104,122.0
P00026,leg1-cruise,4162.805572260737,4167.631578514285,直连,,108.06121356922557,122.0
P00272,leg2-cruise,4162.805572260737,4167.631578514285,直连,,107.55974639265706,122.0
P00044,leg1-climb,4163.136335552559,4172.272671105118,直连,,63.13738176563361,122.0
P00140,leg2-cruise,4167.272176191738,4176.964122290229,直连,,115.91063209983352,122.0
P00026,leg1-cruise,4167.631578514285,4172.457584767833,直连,,108.30441177918709,122.0
P00272,leg2-cruise,4167.631578514285,4172.457584767833,直连,,107.34777016261546,122.0
P00044,leg1-climb,4172.272671105118,4181.409006657678,直连,,71.44219401206614,122.0
P00026,leg1-cruise,4172.457584767833,4177.283591021381,直连,,108.54116379045101,122.0
P00272,leg2-cruise,4172.457584767833,4177.283591021381,直连,,107.13062863550095,122.0
P00140,leg2-cruise,4176.964122290229,4186.656068388719,直连,,115.3812010782355,122.0
P00026,leg1-cruise,4177.283591021381,4182.109597274929,直连,,108.77179328023823,122.0
P00272,leg2-cruise,4177.283591021381,4182.109597274929,直连,,106.90807141585114,122.0
P00044,leg1-climb,4181.409006657678,4190.545342210237,直连,,75.60898506329448,122.0
P00026,leg1-cruise,4182.109597274929,4186.935603528477,直连,,108.99660086118766,122.0
P00272,leg2-cruise,4182.109597274929,4186.935603528477,直连,,106.67983011484029,122.0
P00140,leg2-cruise,4186.656068388719,4196.34801448721,直连,,114.81756235968791,122.0
P00026,leg1-cruise,4186.935603528477,4191.7616097820255,直连,,109.21586614723758,122.0
P00272,leg2-cruise,4186.935603528477,4191.7616097820255,直连,,106.44561666646807,122.0
P00044,leg1-climb,4190.545342210237,4199.681677762796,直连,,78.41312936386952,122.0
P00026,leg1-cruise,4191.7616097820255,4196.587616035574,直连,,109.42984960306615,122.0
P00272,leg2-cruise,4191.7616097820255,4196.587616035574,直连,,106.20512145562607,122.0
P00140,leg2-cruise,4196.34801448721,4206.0399605857,直连,,104.21501548949286,122.0
P00026,leg1-cruise,4196.587616035574,4201.413622289122,直连,,109.63879420213169,122.0
P00272,leg2-cruise,4196.587616035574,4201.413622289122,直连,,105.95801123529804,122.0
P00044,leg1-climb,4199.681677762796,4208.8180133153555,直连,,80.52952751876009,122.0
P00026,leg1-cruise,4201.413622289122,4206.23962854267,直连,,109.84292691546483,122.0
P00272,leg2-cruise,4201.413622289122,4206.23962854267,直连,,105.70392680745206,122.0
P00140,leg2-cruise,4206.0399605857,4215.73190668419,直连,,103.56782634884013,122.0
P00026,leg1-cruise,4206.23962854267,4211.065634796219,直连,,110.04246005051952,122.0
P00272,leg2-cruise,4206.23962854267,4211.065634796219,直连,,105.44248043987929,122.0
P00044,leg1-climb,4208.8180133153555,4217.954348867915,直连,,82.22995186907923,122.0
P00026,leg1-cruise,4211.065634796219,4215.891641049767,直连,,110.23759245713042,122.0
P00272,leg2-cruise,4211.065634796219,4215.891641049767,直连,,105.17325298864215,122.0
P00140,leg2-cruise,4215.73190668419,4225.423852782681,直连,,102.86890265777187,122.0
P00026,leg1-cruise,4215.891641049767,4220.717647303315,直连,,110.42851061547411,122.0
P00272,leg2-cruise,4215.891641049767,4220.717647303315,直连,,104.89579069410127,122.0
P00044,leg1-climb,4217.954348867915,4227.090684420474,直连,,83.65136457842434,122.0
P00026,leg1-cruise,4220.717647303315,4225.543653556863,直连,,120.61538961916334,122.0
P00272,leg2-cruise,4220.717647303315,4225.543653556863,直连,,104.60960161734945,122.0
P00140,leg2-cruise,4225.423852782681,4235.115798881171,直连,,102.10933266703384,122.0
P00026,leg1-cruise,4225.543653556863,4230.369659810411,直连,,120.79839406496436,122.0
P00272,leg2-cruise,4225.543653556863,4230.369659810411,直连,,104.31415168451352,122.0
P00044,leg1-climb,4227.090684420474,4236.227019973034,直连,,84.872551289611,122.0
P00026,leg1-cruise,4230.369659810411,4235.195666063959,直连,,120.97767885930185,122.0
P00272,leg2-cruise,4230.369659810411,4235.195666063959,直连,,104.0088603098607,122.0
P00140,leg2-cruise,4235.115798881171,4244.807744979662,直连,,101.27771243966875,122.0
P00026,leg1-cruise,4235.195666063959,4240.021672317507,直连,,121.15338995041053,122.0
P00272,leg2-cruise,4235.195666063959,4240.021672317507,直连,,103.69309557642195,122.0
P00044,leg1-climb,4236.227019973034,4245.363355525593,直连,,85.94301890118565,122.0
P00026,leg1-cruise,4240.021672317507,4244.847678571055,直连,,121.32566499406337,122.0
P00272,leg2-cruise,4240.021672317507,4244.847678571055,直连,,103.36616896834343,122.0
P00140,leg2-cruise,4244.807744979662,4254.499691078152,直连,,100.35913588158061,122.0
P00026,leg1-cruise,4244.847678571055,4249.673684824604,直连,,121.49463395975648,122.0
P00272,leg2-cruise,4244.847678571055,4249.673684824604,直连,,103.02732967596478,122.0
P00044,leg1-climb,4245.363355525593,4254.499691078152,直连,,86.89591694413566,122.0
P00026,leg1-cruise,4249.673684824604,4254.499691078152,直连,,121.66041968351803,122.0
P00272,leg2-cruise,4249.673684824604,4254.499691078152,直连,,102.67575854033127,122.0
P00026,leg1-cruise,4254.499691078152,4259.393279654199,直连,,121.82426716127327,122.0
P00044,leg1-climb,4254.499691078152,4263.642436602562,直连,,87.75482079279259,122.0
P00140,leg2-cruise,4254.499691078152,4263.4807185690315,直连,,99.37341723579878,122.0
P00272,leg2-cruise,4254.499691078152,4264.146025499835,直连,,102.31067129372516,122.0
P00026,leg1-cruise,4259.393279654199,4264.286868230246,中继,RU-002,121.9862250229657,122.0
P00140,leg2-cruise,4263.4807185690315,4272.461746059911,直连,,98.30891643682901,122.0
P00044,leg1-climb,4263.642436602562,4272.785182126973,直连,,88.53664471000744,122.0
P00272,leg2-cruise,4264.146025499835,4268.969192710676,直连,,101.53589986207089,122.0
P00026,leg1-cruise,4264.286868230246,4269.1804568062935,中继,RU-002,122.1452519096755,122.0
P00272,leg2-cruise,4268.969192710676,4273.792359921516,直连,,101.12390081122447,122.0
P00026,leg1-cruise,4269.1804568062935,4274.074045382341,中继,RU-002,122.30145082678676,122.0
P00041,leg1-climb,4272.0,4281.6467586263025,直连,,54.90851079815346,122.0
P00140,leg2-cruise,4272.461746059911,4281.442773550791,直连,,97.09963171757543,122.0
P00044,leg1-climb,4272.785182126973,4281.927927651384,直连,,89.25387055591489,122.0
P00272,leg2-cruise,4273.792359921516,4278.615527132358,直连,,100.69386643552035,122.0
P00026,leg1-cruise,4274.074045382341,4278.9676339583875,中继,RU-002,122.4549195057162,122.0
P00272,leg2-cruise,4278.615527132358,4283.438694343199,直连,,100.24446332479896,122.0
P00026,leg1-cruise,4278.9676339583875,4283.861222534435,中继,RU-002,122.60575075359309,122.0
P00140,leg2-cruise,4281.442773550791,4290.42380104167,直连,,95.70175241196259,122.0
P00041,leg1-climb,4281.6467586263025,4291.293517252604,直连,,67.44240664720115,122.0
P00044,leg1-climb,4281.927927651384,4291.070673175795,直连,,89.91636322869813,122.0
P00272,leg2-cruise,4283.438694343199,4288.2618615540405,直连,,99.7742778797808,122.0
P00026,leg1-cruise,4283.861222534435,4288.7548111104825,中继,RU-002,122.75403277480734,122.0
P00272,leg2-cruise,4288.2618615540405,4293.085028764882,直连,,99.28183931128453,122.0
P00026,leg1-cruise,4288.7548111104825,4293.648399686529,中继,RU-002,122.89984946704642,122.0
P00140,leg2-cruise,4290.42380104167,4299.40482853255,直连,,94.04960876426223,122.0
P00044,leg1-climb,4291.070673175795,4300.213418700205,直连,,90.53188732107171,122.0
P00041,leg1-climb,4291.293517252604,4300.9402758789065,直连,,74.43267298805122,122.0
P00272,leg2-cruise,4293.085028764882,4297.908195975723,直连,,98.765663636757,122.0
P00026,leg1-cruise,4293.648399686529,4298.5419882625765,中继,RU-002,123.0432806941992,122.0
P00272,leg2-cruise,4297.908195975723,4302.7313631865645,直连,,98.22433168113935,122.0
P00026,leg1-cruise,4298.5419882625765,4303.435576838624,中继,RU-002,123.18440253821892,122.0
P00140,leg2-cruise,4299.40482853255,4308.385856023429,直连,,92.04080860235138,122.0
P00044,leg1-climb,4300.213418700205,4309.356164224616,直连,,91.10666403943104,122.0
P00041,leg1-climb,4300.9402758789065,4310.587034505208,直连,,78.25507047712536,122.0
P00272,leg2-cruise,4302.7313631865645,4307.554530397405,直连,,97.65662167780238,122.0
P00026,leg1-cruise,4303.435576838624,4308.329165414671,中继,RU-002,123.3232875318403,122.0
P00272,leg2-cruise,4307.554530397405,4312.377697608246,直连,,97.06172880174832,122.0
P00026,leg1-cruise,4308.329165414671,4313.222753990718,中继,RU-002,123.4600048738723,122.0
P00140,leg2-cruise,4308.385856023429,4317.366883514309,直连,,89.51429199151863,122.0
P00044,leg1-climb,4309.356164224616,4318.498909749027,直连,,91.6457549520195,122.0
P00041,leg1-climb,4310.587034505208,4320.2337931315105,直连,,80.9003188059744,122.0
P00272,leg2-cruise,4312.377697608246,4317.200864819088,直连,,96.43962153502734,122.0
P00026,leg1-cruise,4313.222753990718,4318.1163425667655,中继,RU-002,123.59462062855012,122.0
P00272,leg2-cruise,4317.200864819088,4322.024032029929,直连,,95.79160938615544,122.0
P00140,leg2-cruise,4317.366883514309,4326.3479110051885,直连,,86.27102755744171,122.0
P00026,leg1-cruise,4318.1163425667655,4323.009931142812,中继,RU-002,123.72719791037015,122.0
P00044,leg1-climb,4318.498909749027,4327.641655273437,直连,,92.15333341606878,122.0
P00041,leg1-climb,4320.2337931315105,4329.880551757813,直连,,82.92523207845943,122.0
P00272,leg2-cruise,4322.024032029929,4326.84719924077,直连,,95.1212262965699,122.0
P00026,leg1-cruise,4323.009931142812,4327.90351971886,中继,RU-002,123.85779705561251,122.0
P00140,leg2-cruise,4326.3479110051885,4335.328938496068,直连,,82.7535759087426,122.0
P00272,leg2-cruise,4326.84719924077,4331.670366451612,直连,,94.4355568470838,122.0
P00044,leg1-cruise,4327.641655273437,4332.581162464161,直连,,92.4310420742167,122.0
P00026,leg1-cruise,4327.90351971886,4332.797108294907,中继,RU-002,123.98647578169346,122.0
P00041,leg1-climb,4329.880551757813,4339.527310384115,直连,,84.56618844836736,122.0
P00272,leg2-cruise,4331.670366451612,4336.493533662453,直连,,93.74710880185869,122.0
P00044,leg1-cruise,4332.581162464161,4337.520669654886,直连,,92.6985371240184,122.0
P00026,leg1-cruise,4332.797108294907,4337.690696870954,中继,RU-002,124.11328933535273,122.0
P00140,leg2-descent,4335.328938496068,4345.019379169897,直连,,81.13449505143431,122.0
P00272,leg2-cruise,4336.493533662453,4341.316700873294,直连,,93.07616977886798,122.0
P00044,leg1-cruise,4337.520669654886,4342.4601768456105,直连,,93.18865672612196,122.0
P00026,leg1-cruise,4337.690696870954,4342.584285447001,中继,RU-002,124.23829063058868,122.0
P00041,leg1-climb,4339.527310384115,4349.174069010417,直连,,85.9458448225713,122.0
P00272,leg2-cruise,4341.316700873294,4346.139868084136,直连,,92.45310440425081,122.0
P00044,leg1-cruise,4342.4601768456105,4347.399684036334,直连,,93.83352953747098,122.0
P00026,leg1-cruise,4342.584285447001,4347.477874023049,中继,RU-002,124.36153037718569,122.0
P00140,leg2-descent,4345.019379169897,4354.709819843724,直连,,79.04372855980807,122.0
P00272,leg2-cruise,4346.139868084136,4350.963035294976,直连,,91.91909566743662,122.0
P00044,leg1-cruise,4347.399684036334,4352.339191227058,直连,,94.56699178321797,122.0
P00026,leg1-cruise,4347.477874023049,4352.371462599095,中继,RU-002,124.4830572005653,122.0
P00041,leg1-climb,4349.174069010417,4358.820827636719,直连,,87.1360994053847,122.0
P00272,leg2-cruise,4350.963035294976,4355.7862025058175,直连,,91.52272658985994,122.0
P00044,leg1-cruise,4352.339191227058,4357.278698417783,直连,,95.33791849339684,122.0
P00026,leg1-cruise,4352.371462599095,4357.265051175143,中继,RU-002,124.60291775367939,122.0
P00009,leg1-climb,4354.0,4363.837787863991,直连,,57.787157993525476,122.0
P00140,leg2-descent,4354.709819843724,4364.400260517552,直连,,76.2845662056308,122.0
P00272,leg2-cruise,4355.7862025058175,4360.609369716659,直连,,91.31009486330109,122.0
P00026,leg1-cruise,4357.265051175143,4362.15863975119,中继,RU-002,124.7211568215386,122.0
P00044,leg1-cruise,4357.278698417783,4362.218205608508,直连,,96.1122471601137,122.0
P00041,leg1-climb,4358.820827636719,4368.467586263021,直连,,88.18273304997624,122.0
P00272,leg2-descent,4360.609369716659,4370.21619909288,直连,,90.991605818801,122.0
P00026,leg1-cruise,4362.15863975119,4367.052228327237,中继,RU-002,124.83781741895513,122.0
P00044,leg1-cruise,4362.218205608508,4367.157712799231,直连,,96.86962165946659,122.0
P00009,leg1-climb,4363.837787863991,4373.675575727983,直连,,64.60769433629494,122.0
P00140,leg2-descent,4364.400260517552,4374.0907011913805,直连,,72.21730887279045,122.0
P00026,leg1-cruise,4367.052228327237,4371.945816903284,中继,RU-002,124.95294088202546,122.0
P00044,leg1-cruise,4367.157712799231,4372.097219989955,直连,,97.59907860617432,122.0
P00041,leg1-climb,4368.467586263021,4378.114344889324,直连,,89.11670342352008,122.0
P00272,leg2-descent,4370.21619909288,4379.8230284691,直连,,90.37825509323234,122.0
P00026,leg1-cruise,4371.945816903284,4376.839405479332,中继,RU-002,125.06656695381159,122.0
P00044,leg1-cruise,4372.097219989955,4377.03672718068,直连,,98.2955446640295,122.0
P00009,leg1-climb,4373.675575727983,4383.513363591975,直连,,72.41229255603317,122.0
P00140,leg2-descent,4374.0907011913805,4383.781141865209,直连,,64.31881537331876,122.0
P00026,leg1-cruise,4376.839405479332,4381.732994055378,中继,RU-002,125.17873386466391,122.0
P00044,leg1-cruise,4377.03672718068,4381.976234371405,直连,,98.95743137329424,122.0
P00041,leg1-climb,4378.114344889324,4387.761103515625,直连,,89.95992549374427,122.0
P00272,leg2-descent,4379.8230284691,4389.429857845321,直连,,89.71827961395948,122.0
P00026,leg1-cruise,4381.732994055378,4386.626582631426,中继,RU-002,125.28947840757816,122.0
P00044,leg1-cruise,4381.976234371405,4386.9157415621285,直连,,99.58511249189763,122.0
P00009,leg1-climb,4383.513363591975,4393.351151455966,直连,,76.45571014570139,122.0
P00140,leg2-descent,4383.781141865209,4393.471582539037,直连,,57.992405658374466,122.0
P00026,leg1-cruise,4386.626582631426,4391.520171207473,中继,RU-002,125.3988360089334,122.0
P00044,leg1-cruise,4386.9157415621285,4391.855248752852,直连,,100.18000205224538,122.0
P00041,leg1-climb,4387.761103515625,4397.407862141928,直连,,90.72848294502944,122.0
P00272,leg2-descent,4389.429857845321,4399.036687221542,直连,,89.00400338661983,122.0
P00026,leg1-cruise,4391.520171207473,4396.41375978352,中继,RU-002,125.50684079498008,122.0
P00044,leg1-cruise,4391.855248752852,4396.794755943577,直连,,100.74401180984714,122.0
P00009,leg1-climb,4393.351151455966,4403.188939319957,直连,,79.20398698872124,122.0
P00026,leg1-cruise,4396.41375978352,4401.307348359567,中继,RU-002,125.61352565433381,122.0
P00044,leg1-cruise,4396.794755943577,4401.734263134302,直连,,101.27923950748433,122.0
P00041,leg1-climb,4397.407862141928,4407.054620768229,直连,,91.43452950887679,122.0
P00272,leg2-descent,4399.036687221542,4408.643516597763,直连,,88.22568341219537,122.0
P00026,leg1-descent,4401.307348359567,4411.037273896676,中继,RU-002,125.6651700292926,122.0
P00044,leg1-cruise,4401.734263134302,4406.6737703250255,直连,,101.78779478290846,122.0
P00009,leg1-climb,4403.188939319957,4413.026727183949,直连,,81.28851928514266,122.0
P00044,leg1-cruise,4406.6737703250255,4411.613277515749,直连,,102.27170614710434,122.0
P00041,leg1-climb,4407.054620768229,4416.701379394532,直连,,92.08747343883735,122.0
P00272,leg2-descent,4408.643516597763,4418.250345973984,直连,,87.37069370408004,122.0
P00026,leg1-descent,4411.037273896676,4420.767199433786,中继,RU-002,125.66284889434968,122.0
P00044,leg1-cruise,4411.613277515749,4416.552784706474,直连,,102.73287520539814,122.0
P00009,leg1-climb,4413.026727183949,4422.864515047941,直连,,82.96834700383263,122.0
P00044,leg1-cruise,4416.552784706474,4421.492291897199,直连,,103.1730580376498,122.0
P00041,leg1-cruise,4416.701379394532,4421.636516153254,直连,,92.41856940479049,122.0
P00272,leg2-descent,4418.250345973984,4427.857175350204,直连,,86.42226212088201,122.0
P00026,leg1-descent,4420.767199433786,4430.497124970896,中继,RU-002,125.66066786177842,122.0
P00044,leg1-cruise,4421.492291897199,4426.431799087923,直连,,103.59386185812552,122.0
P00041,leg1-cruise,4421.636516153254,4426.571652911976,直连,,92.59184023039315,122.0
P00009,leg1-climb,4422.864515047941,4432.702302911932,直连,,84.37535251611905,122.0
P00044,leg1-cruise,4426.431799087923,4431.371306278646,直连,,103.99674995281624,122.0
P00041,leg1-cruise,4426.571652911976,4431.506789670699,直连,,92.91892687903989,122.0
P00272,leg2-descent,4427.857175350204,4437.464004726425,直连,,85.35742931796278,122.0
P00026,leg1-descent,4430.497124970896,4440.227050508005,中继,RU-002,125.65862714336379,122.0
P00044,leg1-cruise,4431.371306278646,4436.310813469371,直连,,104.38305078993213,122.0
P00041,leg1-cruise,4431.506789670699,4436.441926429422,直连,,93.3675456381069,122.0
P00009,leg1-climb,4432.702302911932,4442.540090775923,直连,,85.58589593940131,122.0
P00044,leg1-cruise,4436.310813469371,4441.250320660096,直连,,104.75396892352825,122.0
P00041,leg1-cruise,4436.441926429422,4441.377063188144,直连,,93.9016180108216,122.0
P00272,leg2-descent,4437.464004726425,4447.070834102646,直连,,84.14357317684747,122.0
P00026,S015-handoff,4440.227050508005,4449.844982420212,中继,RU-002,125.65765946448572,122.0
P00044,leg1-cruise,4441.250320660096,4446.18982785082,直连,,105.11059633616159,122.0
P00041,leg1-cruise,4441.377063188144,4446.312199946867,直连,,94.48831534978504,122.0
P00009,leg1-climb,4442.540090775923,4452.377878639915,直连,,86.64817958554174,122.0
P00044,leg1-cruise,4446.18982785082,4451.1293350415435,直连,,105.45392347680246,122.0
P00041,leg1-cruise,4446.312199946867,4451.24733670559,直连,,95.10147176399737,122.0
P00272,leg2-descent,4447.070834102646,4456.677663478866,直连,,82.73208788439439,122.0
P00026,S015-handoff,4449.844982420212,4459.462914332417,中继,RU-002,125.65765946448572,122.0
P00044,leg1-cruise,4451.1293350415435,4456.068842232268,直连,,105.78484961100172,122.0
P00041,leg1-cruise,4451.24733670559,4456.182473464312,直连,,95.72208336547813,122.0
P00009,leg1-climb,4452.377878639915,4462.2156665039065,直连,,87.59458885927577,122.0
P00044,leg1-cruise,4456.068842232268,4461.008349422993,直连,,106.10419231216724,122.0
P00041,leg1-cruise,4456.182473464312,4461.117610223035,直连,,96.33729708934356,122.0
P00272,leg2-descent,4456.677663478866,4466.284492855087,直连,,81.04586472849084,122.0
P00026,S015-handoff,4459.462914332417,4469.080846244624,中继,RU-002,125.65765946448572,122.0
P00044,leg1-cruise,4461.008349422993,4465.947856613717,直连,,106.41269604434403,122.0
P00041,leg1-cruise,4461.117610223035,4466.052746981757,直连,,96.93895524770745,122.0
P00009,leg1-cruise,4462.2156665039065,4466.91875737649,直连,,88.11697972185121,122.0
P00030,leg1-climb,4463.0,4472.081827121311,直连,,56.146906374860976,122.0
P00044,leg1-cruise,4465.947856613717,4470.887363804441,直连,,106.71103985469973,122.0
P00041,leg1-cruise,4466.052746981757,4470.987883740479,直连,,97.52223931951268,122.0
P00272,leg2-descent,4466.284492855087,4475.891322231308,直连,,78.95145839021484,122.0
P00009,leg1-cruise,4466.91875737649,4471.621848249075,直连,,88.74464615716593,122.0
P00026,S015-handoff,4469.080846244624,4478.6987781568305,中继,RU-002,125.65765946448572,122.0
P00044,leg1-cruise,4470.887363804441,4475.826870995165,直连,,106.99984422948273,122.0
P00041,leg1-cruise,4470.987883740479,4475.923020499203,直连,,98.08459715015309,122.0
P00009,leg1-cruise,4471.621848249075,4476.32493912166,直连,,89.77972218300283,122.0
P00030,leg1-climb,4472.081827121311,4481.163654242621,直连,,66.44393381693273,122.0
P00044,leg1-cruise,4475.826870995165,4480.76637818589,直连,,107.2796771834049,122.0
P00272,leg2-descent,4475.891322231308,4485.498151607529,直连,,76.18593057806281,122.0
P00041,leg1-cruise,4475.923020499203,4480.858157257925,直连,,98.62496245625793,122.0
P00009,leg1-cruise,4476.32493912166,4481.028029994244,直连,,90.97917949823922,122.0
P00026,S015-handoff,4478.6987781568305,4488.316710069036,中继,RU-002,125.65765946448572,122.0
P00044,leg1-cruise,4480.76637818589,4485.705885376614,直连,,107.551059657916,122.0
P00041,leg1-cruise,4480.858157257925,4485.793294016647,直连,,99.14321356875666,122.0
P00009,leg1-cruise,4481.028029994244,4485.731120866829,直连,,92.19073889922322,122.0
P00030,leg1-climb,4481.163654242621,4490.245481363932,直连,,73.69960056864704,122.0
P00272,leg2-descent,4485.498151607529,4495.10498098375,直连,,72.10468834535067,122.0
P00044,leg1-cruise,4485.705885376614,4490.645392567338,直连,,107.81447030270064,122.0
P00009,leg1-cruise,4485.731120866829,4490.434211739413,直连,,93.34450881722215,122.0
P00041,leg1-cruise,4485.793294016647,4490.728430775371,直连,,99.63980900571534,122.0
P00026,S015-handoff,4488.316710069036,4497.934641981243,中继,RU-002,125.65765946448572,122.0
P00030,leg1-climb,4490.245481363932,4499.3273084852435,直连,,77.59694866756877,122.0
P00009,leg1-cruise,4490.434211739413,4495.137302611996,直连,,94.4164903792846,122.0
P00044,leg1-cruise,4490.645392567338,4495.584899758062,直连,,108.07034971057516,122.0
P00041,leg1-cruise,4490.728430775371,4495.663567534093,直连,,100.11554693533705,122.0
P00272,leg2-descent,4495.10498098375,4504.71181035997,直连,,64.15051631185352,122.0
P00009,leg1-cruise,4495.137302611996,4499.840393484581,直连,,95.4035626758529,122.0
P00044,leg1-cruise,4495.584899758062,4500.524406948787,直连,,108.31910416993198,122.0
P00041,leg1-cruise,4495.663567534093,4500.5987042928155,直连,,100.57140885608591,122.0
P00026,S015-handoff,4497.934641981243,4507.552573893449,中继,RU-002,125.65765946448572,122.0
P00030,leg1-climb,4499.3273084852435,4508.409135606554,直连,,80.27756706568827,122.0
P00009,leg1-cruise,4499.840393484581,4504.543484357166,直连,,96.31089326686946,122.0
P00044,leg1-cruise,4500.524406948787,4505.463914139511,直连,,108.56110899263089,122.0
P00041,leg1-cruise,4500.5987042928155,4505.533841051538,直连,,101.0084595186776,122.0
P00009,leg1-cruise,4504.543484357166,4509.24657522975,直连,,97.1463059252271,122.0
P00272,leg2-descent,4504.71181035997,4514.318639736191,直连,,58.106750999048344,122.0
P00044,leg1-cruise,4505.463914139511,4510.403421330235,直连,,108.79671146875785,122.0
P00041,leg1-cruise,4505.533841051538,4510.46897781026,直连,,101.42778399810983,122.0
P00026,S015-handoff,4507.552573893449,4517.170505805655,中继,RU-002,125.65765946448572,122.0
P00030,leg1-climb,4508.409135606554,4517.490962727865,直连,,82.32307378017035,122.0
P00009,leg1-cruise,4509.24657522975,4513.949666102335,直连,,97.91792869978973,122.0
P00044,leg1-cruise,4510.403421330235,4515.3429285209595,直连,,109.02623349362409,122.0
P00041,leg1-cruise,4510.46897781026,4515.4041145689835,直连,,101.83044911997224,122.0
P00009,leg1-cruise,4513.949666102335,4518.652756974919,直连,,98.63329497127054,122.0
P00044,leg1-cruise,4515.3429285209595,4520.282435711684,直连,,109.24997390695533,122.0
P00041,leg1-cruise,4515.4041145689835,4520.339251327706,直连,,102.21748074961393,122.0
P00026,S015-handoff,4517.170505805655,4526.788437717862,中继,RU-002,125.65765946448572,122.0
P00030,leg1-climb,4517.490962727865,4526.572789849176,直连,,83.97750685635842,122.0
P00009,leg1-cruise,4518.652756974919,4523.355847847502,直连,,99.2990673137877,122.0
P00044,leg1-cruise,4520.282435711684,4525.221942902408,直连,,109.46821057908699,122.0
P00041,leg1-cruise,4520.339251327706,4525.274388086428,直连,,102.58985133895466,122.0
P00009,leg1-cruise,4523.355847847502,4528.058938720087,直连,,99.9210177926201,122.0
P00044,leg1-cruise,4525.221942902408,4530.161450093132,直连,,109.68120227469504,122.0
P00041,leg1-cruise,4525.274388086428,4530.2095248451515,直连,,102.94847404162326,122.0
P00030,leg1-climb,4526.572789849176,4535.654616970486,直连,,85.36666880989418,122.0
P00026,S015-handoff,4526.788437717862,4536.406369630068,中继,RU-002,125.65765946448572,122.0
P00009,leg1-cruise,4528.058938720087,4532.762029592672,直连,,100.50410497502914,122.0
P00044,leg1-cruise,4530.161450093132,4535.100957283857,直连,,109.88919032062746,122.0
P00041,leg1-cruise,4530.2095248451515,4535.144661603874,直连,,103.29420097276544,122.0
P00009,leg1-cruise,4532.762029592672,4537.4651204652555,直连,,101.05257915538598,122.0
P00044,leg1-cruise,4535.100957283857,4540.040464474581,直连,,110.092400101072,122.0
P00041,leg1-cruise,4535.144661603874,4540.079798362596,直连,,103.6278240246687,122.0
P00030,leg1-climb,4535.654616970486,4544.736444091797,直连,,86.56398768736533,122.0
P00026,S015-handoff,4536.406369630068,4546.024301542274,中继,RU-002,125.65765946448572,122.0
P00009,leg1-cruise,4537.4651204652555,4542.16821133784,直连,,101.57008756839728,122.0
P00044,leg1-cruise,4540.040464474581,4544.979971665305,直连,,110.29104240023011,122.0
P00041,leg1-cruise,4540.079798362596,4545.014935121319,直连,,103.95007719991266,122.0
P00009,leg1-cruise,4542.16821133784,4546.871302210425,直连,,102.05976908490213,122.0
P00030,leg1-cruise,4544.736444091797,4549.70639222921,直连,,87.2233253870954,122.0
P00044,leg1-cruise,4544.979971665305,4549.919478856029,直连,,110.48531461018925,122.0
P00041,leg1-cruise,4545.014935121319,4549.950071880041,直连,,104.26163978715638,122.0
P00026,S015-handoff,4546.024301542274,4555.64223345448,中继,RU-002,125.65765946448572,122.0
P00009,leg1-cruise,4546.871302210425,4551.5743930830085,直连,,102.52433554928635,122.0
P00030,leg1-cruise,4549.70639222921,4554.676340366623,直连,,88.06305497486689,122.0
P00044,leg1-cruise,4549.919478856029,4554.858986046754,直连,,110.67540181940774,122.0
P00041,leg1-cruise,4549.950071880041,4554.885208638764,直连,,104.56313994473027,122.0
P00009,leg1-cruise,4551.5743930830085,4556.277483955593,直连,,102.96614007835609,122.0
P00030,leg1-cruise,4554.676340366623,4559.6462885040355,直连,,89.37160431335604,122.0
P00044,leg1-cruise,4554.858986046754,4559.798493237478,直连,,110.86147779527839,122.0
P00041,leg1-cruise,4554.885208638764,4559.820345397487,直连,,104.85515841580198,122.0
P00026,S015-handoff,4555.64223345448,4565.260165366687,中继,RU-002,125.65765946448572,122.0
P00009,leg1-cruise,4556.277483955593,4560.980574828178,直连,,103.38723379454905,122.0
P00275,leg1-climb,4557.0,4566.1653430637,直连,,55.97458394358694,122.0
P00030,leg1-cruise,4559.6462885040355,4564.616236641448,直连,,90.80244371814936,122.0
P00044,leg1-cruise,4559.798493237478,4564.738000428202,直连,,111.04370587261057,122.0
P00041,leg1-cruise,4559.820345397487,4564.755482156209,直连,,105.13823220353147,122.0
P00009,leg1-cruise,4560.980574828178,4565.683665700762,直连,,103.78941274427196,122.0
P00030,leg1-cruise,4564.616236641448,4569.586184778861,直连,,92.18311153213459,122.0
P00044,leg1-cruise,4564.738000428202,4569.677507618926,直连,,111.22223975832514,122.0
P00041,leg1-cruise,4564.755482156209,4569.690618914932,直连,,105.41285810354367,122.0
P00026,S015-handoff,4565.260165366687,4574.878097278893,中继,RU-002,125.65765946448572,122.0
P00009,leg1-cruise,4565.683665700762,4570.386756573346,直连,,104.17425667063932,122.0
P00275,leg1-climb,4566.1653430637,4575.3306861273995,直连,,66.59896859190464,122.0
P00030,leg1-cruise,4569.586184778861,4574.556132916274,直连,,93.4555043025731,122.0
P00044,leg1-cruise,4569.677507618926,4574.617014809651,直连,,111.39722426149402,122.0
P00041,leg1-cruise,4569.690618914932,4574.625755673655,直连,,105.67949603615513,122.0
P00009,leg1-cruise,4570.386756573346,4575.089847445931,直连,,104.54316110104686,122.0
P00030,leg1-cruise,4574.556132916274,4579.5260810536865,直连,,94.6107931722213,122.0
P00044,leg1-cruise,4574.617014809651,4579.5565220003755,直连,,111.56879595667058,122.0
P00041,leg1-cruise,4574.625755673655,4579.560892432377,直连,,105.93857215004046,122.0
P00026,S015-handoff,4574.878097278893,4584.496029191099,中继,RU-002,125.65765946448572,122.0
P00009,leg1-cruise,4575.089847445931,4579.792938318515,直连,,104.89736397529235,122.0
P00275,leg1-climb,4575.3306861273995,4584.496029191099,直连,,73.8119483364625,122.0
P00030,leg1-cruise,4579.5260810536865,4584.496029191099,直连,,95.6573747587663,122.0
P00044,leg1-cruise,4579.5565220003755,4584.496029191099,直连,,121.73708378759194,122.0
P00041,leg1-cruise,4579.560892432377,4584.496029191099,直连,,106.19048168779106,122.0
P00009,leg1-cruise,4579.792938318515,4589.481932972304,直连,,105.23796782134639,122.0
P00026,S015-handoff,4584.496029191099,4594.06913132279,中继,RU-002,125.65765946448572,122.0
P00030,leg1-cruise,4584.496029191099,4589.481932972304,直连,,96.60961136229737,122.0
P00041,leg1-cruise,4584.496029191099,4589.481932972304,直连,,106.43683534352834,122.0
P00044,leg1-cruise,4584.496029191099,4589.481932972304,直连,,121.90297785171992,122.0
P00275,leg1-climb,4584.496029191099,4593.641031841873,直连,,77.69396160747614,122.0
P00009,leg1-cruise,4589.481932972304,4594.467836753509,直连,,105.91019779164908,122.0
P00030,leg1-cruise,4589.481932972304,4594.467836753509,直连,,97.48000464020997,122.0
P00041,leg1-cruise,4589.481932972304,4594.467836753509,直连,,106.67787658541899,122.0
P00044,leg1-cruise,4589.481932972304,4594.467836753509,中继,RU-002,122.06655109954144,122.0
P00275,leg1-climb,4593.641031841873,4602.786034492647,直连,,80.36482316357261,122.0
P00026,S015-handoff,4594.06913132279,4603.64223345448,中继,RU-002,125.65765946448572,122.0
P00009,leg1-cruise,4594.467836753509,4599.453740534715,直连,,106.23254969124686,122.0
P00030,leg1-cruise,4594.467836753509,4599.453740534715,直连,,98.27849151350102,122.0
P00041,leg1-cruise,4594.467836753509,4599.453740534715,直连,,106.91265450433256,122.0
P00044,leg1-cruise,4594.467836753509,4599.453740534715,中继,RU-002,122.22713286846512,122.0
P00009,leg1-cruise,4599.453740534715,4604.439644315919,直连,,106.54353650875768,122.0
P00030,leg1-cruise,4599.453740534715,4604.439644315919,直连,,99.01488353254625,122.0
P00041,leg1-cruise,4599.453740534715,4604.439644315919,直连,,107.14147359861768,122.0
P00044,leg1-cruise,4599.453740534715,4604.439644315919,中继,RU-002,122.38482946298979,122.0
P00275,leg1-climb,4602.786034492647,4611.93103714342,直连,,82.40466241574896,122.0
P00026,S015-handoff,4603.64223345448,4613.215335586171,中继,RU-002,125.65765946448572,122.0
P00009,leg1-cruise,4604.439644315919,4609.425548097124,直连,,106.84392120229558,122.0
P00030,leg1-cruise,4604.439644315919,4609.425548097124,直连,,99.69739511117156,122.0
P00041,leg1-cruise,4604.439644315919,4609.425548097124,直连,,107.36461769497,122.0
P00044,leg1-cruise,4604.439644315919,4609.425548097124,中继,RU-002,122.539741680437,122.0
P00009,leg1-cruise,4609.425548097124,4614.41145187833,直连,,107.13439347405969,122.0
P00030,leg1-cruise,4609.425548097124,4614.41145187833,直连,,100.33287697055505,122.0
P00041,leg1-cruise,4609.425548097124,4614.41145187833,直连,,107.58235167043624,122.0
P00044,leg1-cruise,4609.425548097124,4614.41145187833,中继,RU-002,122.69196518068149,122.0
P00275,leg1-climb,4611.93103714342,4621.076039794194,直连,,84.05539187610324,122.0
P00026,S015-handoff,4613.215335586171,4622.788437717862,中继,RU-002,125.65765946448572,122.0
P00009,leg1-cruise,4614.41145187833,4619.397355659535,直连,,107.41557872119529,122.0
P00030,leg1-cruise,4614.41145187833,4619.397355659535,直连,,100.92705245656815,122.0
P00041,leg1-cruise,4614.41145187833,4619.397355659535,直连,,107.79492301353852,122.0
P00044,leg1-cruise,4614.41145187833,4619.397355659535,中继,RU-002,122.84159082573208,122.0
P00009,leg1-cruise,4619.397355659535,4624.3832594407395,直连,,107.68804568140078,122.0
P00030,leg1-cruise,4619.397355659535,4624.3832594407395,直连,,101.48472438574846,122.0
P00041,leg1-cruise,4619.397355659535,4624.3832594407395,直连,,108.00256323963264,122.0
P00044,leg1-cruise,4619.397355659535,4624.3832594407395,中继,RU-002,122.98870499203042,122.0
P00275,leg1-climb,4621.076039794194,4630.221042444968,直连,,85.44194404892606,122.0
P00026,S015-handoff,4622.788437717862,4632.361539849552,中继,RU-002,125.65765946448572,122.0
P00009,leg1-cruise,4624.3832594407395,4629.369163221944,直连,,107.9523129912661,122.0
P00030,leg1-cruise,4624.3832594407395,4629.369163221944,直连,,102.00994621022902,122.0
P00041,leg1-cruise,4624.3832594407395,4629.369163221944,直连,,108.20548917467407,122.0
P00044,leg1-cruise,4624.3832594407395,4629.369163221944,中继,RU-002,123.13338985801371,122.0
P00009,leg1-cruise,4629.369163221944,4634.355067003149,直连,,108.20885483487712,122.0
P00030,leg1-cruise,4629.369163221944,4634.355067003149,直连,,102.50616031169537,122.0
P00041,leg1-cruise,4629.369163221944,4634.355067003149,直连,,108.40390412025586,122.0
P00044,leg1-cruise,4629.369163221944,4634.355067003149,中继,RU-002,123.27572366925583,122.0
P00275,leg1-climb,4630.221042444968,4639.366045095741,直连,,86.63732474832693,122.0
P00026,S015-handoff,4632.361539849552,4641.934641981243,中继,RU-002,125.65765946448572,122.0
P00009,leg1-cruise,4634.355067003149,4639.340970784355,直连,,108.45810582784753,122.0
P00030,leg1-cruise,4634.355067003149,4639.340970784355,直连,,102.97630869392866,122.0
P00041,leg1-cruise,4634.355067003149,4639.340970784355,直连,,108.59799891169591,122.0
P00044,leg1-cruise,4634.355067003149,4639.340970784355,中继,RU-002,123.41578098317889,122.0
P00009,leg1-cruise,4639.340970784355,4644.32687456556,直连,,108.70046525609298,122.0
P00030,leg1-cruise,4639.340970784355,4644.32687456556,直连,,103.42292140003183,122.0
P00041,leg1-cruise,4639.340970784355,4644.32687456556,直连,,108.78795287979706,122.0
P00044,leg1-cruise,4639.340970784355,4644.32687456556,中继,RU-002,123.55363289523264,122.0
P00275,leg1-climb,4639.366045095741,4648.511047746515,直连,,87.68791859103393,122.0
P00026,S015-handoff,4641.934641981243,4651.507744112933,中继,RU-002,125.65765946448572,122.0
P00009,leg1-cruise,4644.32687456556,4649.312778346764,直连,,108.93630076777576,122.0
P00030,leg1-cruise,4644.32687456556,4649.312778346764,直连,,103.84818726710223,122.0
P00041,leg1-cruise,4644.32687456556,4649.312778346764,直连,,108.9739347258703,122.0
P00044,leg1-cruise,4644.32687456556,4649.312778346764,中继,RU-002,123.68934724814396,122.0
P00275,leg1-climb,4648.511047746515,4657.656050397289,直连,,88.62504040370169,122.0
P00009,leg1-cruise,4649.312778346764,4654.29868212797,直连,,109.1659515999844,122.0
P00030,leg1-cruise,4649.312778346764,4654.29868212797,直连,,104.25401077228287,122.0
P00041,leg1-cruise,4649.312778346764,4654.29868212797,直连,,109.15610331865506,122.0
P00044,leg1-cruise,4649.312778346764,4654.29868212797,中继,RU-002,123.82298882573627,122.0
P00026,S015-handoff,4651.507744112933,4661.080846244624,中继,RU-002,125.65765946448572,122.0
P00009,leg1-cruise,4654.29868212797,4659.284585909175,直连,,109.38973140807337,122.0
P00030,leg1-cruise,4654.29868212797,4659.284585909175,直连,,104.64205793921187,122.0
P00041,leg1-cruise,4654.29868212797,4659.284585909175,直连,,109.33460842085745,122.0
P00044,leg1-cruise,4654.29868212797,4659.284585909175,中继,RU-002,123.95461953264481,122.0
P00275,leg1-climb,4657.656050397289,4666.801053048062,直连,,89.4708299495441,122.0
P00009,leg1-cruise,4659.284585909175,4664.27048969038,直连,,109.60793075438332,122.0
P00030,leg1-cruise,4659.284585909175,4664.27048969038,直连,,105.01379362256917,122.0
P00041,leg1-cruise,4659.284585909175,4664.27048969038,直连,,109.50959135225953,122.0
P00044,leg1-cruise,4659.284585909175,4664.27048969038,中继,RU-002,124.08429856113624,122.0
P00026,S015-handoff,4661.080846244624,4670.6539483763145,中继,RU-002,125.65765946448572,122.0
P00009,leg1-cruise,4664.27048969038,4669.2563934715845,直连,,109.82081930396834,122.0
P00030,leg1-cruise,4664.27048969038,4669.2563934715845,直连,,105.37051197117412,122.0
P00041,leg1-cruise,4664.27048969038,4669.2563934715845,直连,,109.68118559561688,122.0
P00044,leg1-cruise,4664.27048969038,4669.2563934715845,中继,RU-002,124.21208254611109,122.0
P00275,leg1-climb,4666.801053048062,4675.946055698836,直连,,90.24151946299762,122.0
P00009,leg1-cruise,4669.2563934715845,4674.242297252789,直连,,110.0286477673908,122.0
P00030,leg1-cruise,4669.2563934715845,4674.242297252789,直连,,105.71336146762332,122.0
P00041,leg1-cruise,4669.2563934715845,4674.242297252789,直连,,109.84951735087044,122.0
P00044,leg1-cruise,4669.2563934715845,4674.242297252789,中继,RU-002,124.33802570928727,122.0
P00026,S015-handoff,4670.6539483763145,4680.227050508005,中继,RU-002,125.65765946448572,122.0
P00009,leg1-cruise,4674.242297252789,4679.228201033995,直连,,110.2316496245161,122.0
P00030,leg1-cruise,4674.242297252789,4679.228201033995,直连,,106.04336563245326,122.0
P00041,leg1-cruise,4674.242297252789,4679.228201033995,直连,,110.01470604273281,122.0
P00044,leg1-cruise,4674.242297252789,4679.228201033995,中继,RU-002,124.46217999341378,122.0
P00275,leg1-climb,4675.946055698836,4685.09105834961,直连,,90.94936477927324,122.0
P00009,leg1-cruise,4679.228201033995,4684.2141048152,直连,,110.43004265803796,122.0
P00030,leg1-cruise,4679.228201033995,4684.2141048152,直连,,106.36144024264374,122.0
P00041,leg1-cruise,4679.228201033995,4684.2141048152,直连,,110.17686478602073,122.0
P00044,leg1-cruise,4679.228201033995,4684.2141048152,中继,RU-002,124.58459518737563,122.0
P00026,leg2-climb,4680.227050508005,4688.33532178893,中继,RU-002,125.65862714336379,122.0
P00009,leg1-cruise,4684.2141048152,4689.200008596405,直连,,110.62403032121011,122.0
P00030,leg1-cruise,4684.2141048152,4689.200008596405,直连,,106.66840773145974,122.0
P00041,leg1-cruise,4684.2141048152,4689.200008596405,直连,,110.33610081278579,122.0
P00044,leg1-cruise,4684.2141048152,4689.200008596405,中继,RU-002,124.70531904287313,122.0
P00275,leg1-cruise,4685.09105834961,4690.0038826696145,直连,,91.31111689124668,122.0
P00026,leg2-climb,4688.33532178893,4696.443593069855,中继,RU-002,125.66066786177842,122.0
P00009,leg1-cruise,4689.200008596405,4694.18591237761,直连,,110.8138029607132,122.0
P00030,leg1-cruise,4689.200008596405,4694.18591237761,直连,,106.96500929581303,122.0
P00041,leg1-cruise,4689.200008596405,4694.18591237761,直连,,110.49251586482012,122.0
P00044,leg1-cruise,4689.200008596405,4694.18591237761,中继,RU-002,124.82439738336527,122.0
P00275,leg1-cruise,4690.0038826696145,4694.916706989618,直连,,91.53147752833866,122.0
P00009,leg1-cruise,4694.18591237761,4699.171816158815,直连,,110.99953891255838,122.0
P00030,leg1-cruise,4694.18591237761,4699.171816158815,直连,,107.25191512859077,122.0
P00041,leg1-cruise,4694.18591237761,4699.171816158815,直连,,110.64620655473153,122.0
P00044,leg1-cruise,4694.18591237761,4699.171816158815,中继,RU-002,124.9418742058721,122.0
P00275,leg1-cruise,4694.916706989618,4699.829531309622,直连,,91.94124923808464,122.0
P00026,leg2-climb,4696.443593069855,4704.5518643507785,中继,RU-002,125.66284889434968,122.0
P00009,leg1-cruise,4699.171816158815,4704.15771994002,直连,,111.18140548642427,122.0
P00030,leg1-cruise,4699.171816158815,4704.15771994002,直连,,107.52973310884929,122.0
P00041,leg1-cruise,4699.171816158815,4704.15771994002,直连,,110.79726469848877,122.0
P00044,leg1-cruise,4699.171816158815,4704.15771994002,中继,RU-002,125.05779177618781,122.0
P00275,leg1-cruise,4699.829531309622,4704.742355629626,直连,,92.49142995777518,122.0
P00009,leg1-cruise,4704.15771994002,4709.143623721225,直连,,111.35955985172549,122.0
P00030,leg1-cruise,4704.15771994002,4709.143623721225,直连,,107.79901621699189,122.0
P00041,leg1-cruise,4704.15771994002,4709.143623721225,直连,,110.94577762202755,122.0
P00044,leg1-cruise,4704.15771994002,4709.143623721225,中继,RU-002,125.17219071801605,122.0
P00026,leg2-climb,4704.5518643507785,4712.660135631703,中继,RU-002,125.6651700292926,122.0
P00275,leg1-cruise,4704.742355629626,4709.65517994963,直连,,93.1309527443747,122.0
P00009,leg1-cruise,4709.143623721225,4714.1295275024295,直连,,111.53414983687297,122.0
P00030,leg1-cruise,4709.143623721225,4714.1295275024295,直连,,108.06026889029567,122.0
P00041,leg1-cruise,4709.143623721225,4714.1295275024295,直连,,111.09182844423302,122.0
P00044,leg1-cruise,4709.143623721225,4714.1295275024295,中继,RU-002,125.28511009645527,122.0
P00275,leg1-cruise,4709.65517994963,4714.568004269635,直连,,93.81710725329265,122.0
P00026,leg2-cruise,4712.660135631703,4716.583237451448,中继,RU-002,125.62403370749345,122.0
P00009,leg1-cruise,4714.1295275024295,4719.115431283635,直连,,111.70531465169546,122.0
P00030,leg1-cruise,4714.1295275024295,4719.115431283635,直连,,108.31395249347189,122.0
P00041,leg1-cruise,4714.1295275024295,4719.115431283635,直连,,111.23549633841648,122.0
P00044,leg1-cruise,4714.1295275024295,4719.115431283635,中继,RU-002,125.39658749629751,122.0
P00275,leg1-cruise,4714.568004269635,4719.48082858964,直连,,94.51886292052853,122.0
P00026,leg2-cruise,4716.583237451448,4720.506339271193,中继,RU-002,125.53871355562015,122.0
P00009,leg1-cruise,4719.115431283635,4724.10133506484,直连,,111.873185541662,122.0
P00030,leg1-cruise,4719.115431283635,4724.10133506484,直连,,108.56049004661595,122.0
P00041,leg1-cruise,4719.115431283635,4724.10133506484,直连,,111.37685677416425,122.0
P00044,leg1-cruise,4719.115431283635,4724.10133506484,中继,RU-002,125.50665909548815,122.0
P00275,leg1-cruise,4719.48082858964,4724.393652909644,直连,,95.21581483733308,122.0
P00026,leg2-cruise,4720.506339271193,4724.429441090937,中继,RU-002,125.45255125700278,122.0
P00009,leg1-cruise,4724.10133506484,4729.087238846045,直连,,112.03788638147134,122.0
P00030,leg1-cruise,4724.10133506484,4729.087238846045,直连,,108.80027032720092,122.0
P00041,leg1-cruise,4724.10133506484,4729.087238846045,直连,,111.51598174124504,122.0
P00044,leg1-cruise,4724.10133506484,4729.087238846045,中继,RU-002,125.61535973410842,122.0
P00275,leg1-cruise,4724.393652909644,4729.3064772296475,直连,,95.8956114867042,122.0
P00026,leg2-cruise,4724.429441090937,4732.2756447304255,中继,RU-002,125.36553011198748,122.0
P00009,leg1-cruise,4729.087238846045,4734.0731426272505,直连,,112.19953421458064,122.0
P00030,leg1-cruise,4729.087238846045,4734.0731426272505,直连,,109.03365144212086,122.0
P00041,leg1-cruise,4729.087238846045,4734.0731426272505,直连,,111.65293995717091,122.0
P00044,leg1-cruise,4729.087238846045,4734.0731426272505,中继,RU-002,125.72272297920932,122.0
P00275,leg1-cruise,4729.3064772296475,4734.219301549651,直连,,96.55142559716452,122.0
P00026,leg2-cruise,4732.2756447304255,4736.198746550171,中继,RU-002,125.18884196970946,122.0
P00009,leg1-cruise,4734.0731426272505,4739.059046408455,直连,,112.35823974445694,122.0
P00030,leg1-cruise,4734.0731426272505,4739.059046408455,直连,,109.26096394920293,122.0
P00041,leg1-cruise,4734.0731426272505,4739.059046408455,直连,,121.78779705972755,122.0
P00044,leg1-cruise,4734.0731426272505,4739.059046408455,中继,RU-002,125.82878118577877,122.0
P00275,leg1-cruise,4734.219301549651,4739.132125869655,直连,,97.17999288186485,122.0
P00026,leg2-cruise,4736.198746550171,4740.121848369916,中继,RU-002,125.09913899784445,122.0
P00009,leg1-cruise,4739.059046408455,4744.04495018966,直连,,112.51410778262682,122.0
P00030,leg1-cruise,4739.059046408455,4744.04495018966,直连,,109.48251359420544,122.0
P00041,leg1-cruise,4739.059046408455,4744.04495018966,直连,,121.92061578578536,122.0
P00044,leg1-cruise,4739.059046408455,4744.04495018966,中继,RU-002,125.93356555412934,122.0
P00275,leg1-cruise,4739.132125869655,4744.04495018966,直连,,97.78024782830836,122.0
P00026,leg2-cruise,4740.121848369916,4744.04495018966,中继,RU-002,125.00850518740685,122.0
P00009,leg1-cruise,4744.04495018966,4748.800126048682,直连,,112.66372476913509,122.0
P00026,leg2-cruise,4744.04495018966,4748.800126048682,中继,RU-002,124.90715228351517,122.0
P00030,leg1-cruise,4744.04495018966,4748.800126048682,直连,,109.69364421307215,122.0
P00041,leg1-cruise,4744.04495018966,4748.800126048682,中继,RU-002,122.0484506762031,122.0
P00044,leg1-cruise,4744.04495018966,4748.878408030714,中继,RU-002,126.03553250215411,122.0
P00275,leg1-cruise,4744.04495018966,4748.800126048682,直连,,98.34346521082715,122.0
P00009,leg1-cruise,4748.800126048682,4753.555301907704,直连,,112.80736125887736,122.0
P00026,leg2-cruise,4748.800126048682,4753.555301907704,中继,RU-002,124.79471446292659,122.0
P00030,leg1-cruise,4748.800126048682,4753.555301907704,直连,,109.89496447002279,122.0
P00041,leg1-cruise,4748.800126048682,4753.555301907704,中继,RU-002,122.17148760327629,122.0
P00275,leg1-cruise,4748.800126048682,4753.555301907704,直连,,98.87187324706065,122.0
P00044,leg1-cruise,4748.878408030714,4753.711865871768,中继,RU-002,126.13476531600381,122.0
P00009,leg1-cruise,4753.555301907704,4758.310477766727,直连,,112.94866873146722,122.0
P00026,leg2-cruise,4753.555301907704,4758.310477766727,中继,RU-002,124.68081093768933,122.0
P00030,leg1-cruise,4753.555301907704,4758.310477766727,直连,,110.09174760683841,122.0
P00041,leg1-cruise,4753.555301907704,4758.310477766727,中继,RU-002,122.29282388042716,122.0
P00275,leg1-cruise,4753.555301907704,4758.310477766727,直连,,99.37609711635126,122.0
P00044,leg1-cruise,4753.711865871768,4758.545323712822,中继,RU-002,126.23288175978713,122.0
P00009,leg1-cruise,4758.310477766727,4763.065653625748,直连,,113.08772127271563,122.0
P00026,leg2-cruise,4758.310477766727,4763.065653625748,中继,RU-002,124.56540324109562,122.0
P00030,leg1-cruise,4758.310477766727,4763.065653625748,直连,,110.28419262278385,122.0
P00041,leg1-cruise,4758.310477766727,4763.065653625748,中继,RU-002,122.41250538999485,122.0
P00275,leg1-cruise,4758.310477766727,4763.065653625748,直连,,99.85751729341652,122.0
P00044,leg1-cruise,4758.545323712822,4763.378781553876,中继,RU-002,126.32990656746853,122.0
P00009,leg1-cruise,4763.065653625748,4767.820829484771,直连,,113.22458949972692,122.0
P00026,leg2-cruise,4763.065653625748,4767.820829484771,中继,RU-002,124.44845138244318,122.0
P00030,leg1-cruise,4763.065653625748,4767.820829484771,直连,,110.47248576857442,122.0
P00041,leg1-cruise,4763.065653625748,4767.820829484771,中继,RU-002,122.53057620200411,122.0
P00275,leg1-cruise,4763.065653625748,4767.820829484771,直连,,100.31755820245401,122.0
P00044,leg1-cruise,4763.378781553876,4768.21223939493,中继,RU-002,126.42586366339003,122.0
P00009,leg1-cruise,4767.820829484771,4772.576005343793,直连,,113.35934077345293,122.0
P00026,leg2-cruise,4767.820829484771,4772.576005343793,中继,RU-002,124.32991376603809,122.0
P00030,leg1-cruise,4767.820829484771,4772.576005343793,直连,,110.65680160737968,122.0
P00041,leg1-cruise,4767.820829484771,4772.576005343793,中继,RU-002,122.64707866731119,122.0
P00275,leg1-cruise,4767.820829484771,4772.576005343793,直连,,100.7576225600516,122.0
P00044,leg1-cruise,4768.21223939493,4773.045697235984,中继,RU-002,126.52077619707278,122.0
P00009,leg1-cruise,4772.576005343793,4777.331181202815,直连,,113.4920393952526,122.0
P00026,leg2-cruise,4772.576005343793,4777.331181202815,中继,RU-002,124.20974710480692,122.0
P00030,leg1-cruise,4772.576005343793,4777.331181202815,直连,,110.8373039682296,122.0
P00041,leg1-cruise,4772.576005343793,4777.331181202815,中继,RU-002,122.7620535048955,122.0
P00275,leg1-cruise,4772.576005343793,4777.331181202815,直连,,101.17905441129857,122.0
P00044,leg1-cruise,4773.045697235984,4777.879155077038,中继,RU-002,126.61466657619437,122.0
P00009,leg1-cruise,4777.331181202815,4782.086357061838,直连,,113.62274678888606,122.0
P00026,leg2-cruise,4777.331181202815,4782.086357061838,中继,RU-002,124.08790632806567,122.0
P00030,leg1-cruise,4777.331181202815,4782.086357061838,直连,,111.01414680457508,122.0
P00041,leg1-cruise,4777.331181202815,4782.086357061838,中继,RU-002,122.87553988377132,122.0
P00275,leg1-cruise,4777.331181202815,4782.086357061838,直连,,101.58311997566331,122.0
P00044,leg1-cruise,4777.879155077038,4782.7126129180915,中继,RU-002,126.7075564978175,122.0
P00009,leg1-cruise,4782.086357061838,4786.84153292086,直连,,113.75152166921947,122.0
P00026,leg2-cruise,4782.086357061838,4786.84153292086,中继,RU-002,123.9643444829502,122.0
P00030,leg1-cruise,4782.086357061838,4786.84153292086,直连,,111.18747496907804,122.0
P00041,leg1-cruise,4782.086357061838,4786.84153292086,中继,RU-002,122.98757549985665,122.0
P00275,leg1-cruise,4782.086357061838,4786.84153292086,直连,,101.97099941751354,122.0
P00044,leg1-cruise,4782.7126129180915,4787.546070759146,中继,RU-002,126.79946697801094,122.0
P00009,leg1-cruise,4786.84153292086,4791.596708779882,直连,,113.87842019876742,122.0
P00026,leg2-cruise,4786.84153292086,4791.596708779882,中继,RU-002,123.83901262902344,122.0
P00030,leg1-cruise,4786.84153292086,4791.596708779882,直连,,111.35742491419649,122.0
P00041,leg1-cruise,4786.84153292086,4791.596708779882,中继,RU-002,123.09819664820135,122.0
P00275,leg1-cruise,4786.84153292086,4791.596708779882,直连,,102.34378519670767,122.0
P00044,leg1-cruise,4787.546070759146,4792.3795286002,中继,RU-002,126.89041837994583,122.0
P00009,leg1-cruise,4791.596708779882,4796.351884638903,直连,,114.00349613313514,122.0
P00026,leg2-cruise,4791.596708779882,4796.351884638903,中继,RU-002,123.71185972546623,122.0
P00030,leg1-cruise,4791.596708779882,4796.351884638903,直连,,111.52412532689536,122.0
P00041,leg1-cruise,4791.596708779882,4796.351884638903,中继,RU-002,123.20743829087415,122.0
P00275,leg1-cruise,4791.596708779882,4796.351884638903,直连,,102.70248426460313,122.0
P00044,leg1-cruise,4792.3795286002,4797.212986441254,中继,RU-002,126.98043044055753,122.0
P00009,leg1-cruise,4796.351884638903,4801.107060497926,直连,,114.12680095625925,122.0
P00026,leg2-cruise,4796.351884638903,4801.107060497926,中继,RU-002,123.58283251021335,122.0
P00030,leg1-cruise,4796.351884638903,4801.107060497926,直连,,111.68769770474577,122.0
P00041,leg1-cruise,4796.351884638903,4801.107060497926,中继,RU-002,123.31533412085193,122.0
P00275,leg1-cruise,4796.351884638903,4801.107060497926,直连,,103.04802239174606,122.0
P00044,leg1-cruise,4797.212986441254,4802.046444282308,中继,RU-002,127.06952229588097,122.0
P00009,leg1-cruise,4801.107060497926,4805.862236356948,直连,,114.24838400631111,122.0
P00026,leg2-cruise,4801.107060497926,4805.862236356948,中继,RU-002,123.45187537036871,122.0
P00030,leg1-cruise,4801.107060497926,4805.862236356948,直连,,111.84825687978005,122.0
P00041,leg1-cruise,4801.107060497926,4805.862236356948,中继,RU-002,123.42191662214142,122.0
P00275,leg1-cruise,4801.107060497926,4805.862236356948,直连,,103.38124956162545,122.0
P00044,leg1-cruise,4802.046444282308,4806.879902123362,中继,RU-002,127.15771250510433,122.0
P00009,leg1-cruise,4805.862236356948,4810.617412215971,直连,,114.36829259302439,122.0
P00026,leg2-cruise,4805.862236356948,4810.617412215971,中继,RU-002,123.31893020312172,122.0
P00030,leg1-cruise,4805.862236356948,4810.617412215971,直连,,112.00591149564477,122.0
P00041,leg1-cruise,4805.862236356948,4810.617412215971,中继,RU-002,123.5272171264278,122.0
P00275,leg1-cruise,4805.862236356948,4810.617412215971,直连,,103.70294577584414,122.0
P00044,leg1-cruise,4806.879902123362,4811.713359964416,中继,RU-002,127.24501907344654,122.0
P00009,leg1-cruise,4810.617412215971,4815.3725880749935,直连,,114.48657210711653,122.0
P00026,leg2-cruise,4810.617412215971,4815.3725880749935,中继,RU-002,123.18393626634428,122.0
P00030,leg1-cruise,4810.617412215971,4815.3725880749935,直连,,112.16076444296058,122.0
P00041,leg1-cruise,4810.617412215971,4815.3725880749935,中继,RU-002,123.63126586647456,122.0
P00275,leg1-cruise,4810.617412215971,4815.3725880749935,直连,,104.01382687761784,122.0
P00044,leg1-descent,4811.713359964416,4820.6757378082375,中继,RU-002,127.28774358040808,122.0
P00009,leg1-cruise,4815.3725880749935,4820.127763934015,直连,,114.60326612246412,122.0
P00026,leg2-cruise,4815.3725880749935,4820.127763934015,中继,RU-002,123.04683001791518,122.0
P00030,leg1-cruise,4815.3725880749935,4820.127763934015,直连,,112.31291325717986,122.0
P00041,leg1-cruise,4815.3725880749935,4820.127763934015,中继,RU-002,123.73409202648267,122.0
P00275,leg1-cruise,4815.3725880749935,4820.127763934015,直连,,104.3145501656798,122.0
P00009,leg1-cruise,4820.127763934015,4824.882939793037,直连,,114.7184164915685,122.0
P00026,leg2-cruise,4820.127763934015,4824.882939793037,中继,RU-002,122.90754494278465,122.0
P00030,leg1-cruise,4820.127763934015,4824.882939793037,直连,,112.46245048274825,122.0
P00041,leg1-cruise,4820.127763934015,4824.882939793037,中继,RU-002,123.83572378964317,122.0
P00275,leg1-cruise,4820.127763934015,4824.882939793037,直连,,104.60571967487598,122.0
P00044,leg1-descent,4820.6757378082375,4829.638115652059,中继,RU-002,127.28657713110157,122.0
P00009,leg1-cruise,4824.882939793037,4829.638115652059,直连,,114.83206343485493,122.0
P00026,leg2-cruise,4824.882939793037,4829.638115652059,中继,RU-002,122.76601136664873,122.0
P00030,leg1-cruise,4824.882939793037,4829.638115652059,直连,,112.60946400691537,122.0
P00041,leg1-cruise,4824.882939793037,4829.638115652059,中继,RU-002,123.93618838303037,122.0
P00275,leg1-cruise,4824.882939793037,4829.638115652059,直连,,104.88789106504214,122.0
P00009,leg1-cruise,4829.638115652059,4829.796713622597,直连,,114.89020582789827,122.0
P00026,leg2-cruise,4829.638115652059,4829.796713622597,中继,RU-002,122.69197945116295,122.0
P00030,leg1-cruise,4829.638115652059,4829.796713622597,直连,,112.68446121561207,122.0
P00041,leg1-cruise,4829.638115652059,4829.796713622597,中继,RU-002,123.98764743164938,122.0
P00044,leg1-descent,4829.638115652059,4829.796713622597,中继,RU-002,127.28600373047259,122.0
P00275,leg1-cruise,4829.638115652059,4829.796713622597,直连,,105.03032658661668,122.0
P00009,leg1-cruise,4829.796713622597,4834.741893504351,中继,RU-003,114.9501880326289,122.0
P00026,leg2-cruise,4829.796713622597,4834.741893504351,中继,RU-002,122.61441760388232,122.0
P00030,leg1-cruise,4829.796713622597,4834.741893504351,中继,RU-003,112.76168066628803,122.0
P00041,leg1-cruise,4829.796713622597,4834.741893504351,中继,RU-002,124.04077763851711,122.0
P00044,leg1-descent,4829.796713622597,4839.687073386104,中继,RU-002,127.28538773096071,122.0
P00275,leg1-cruise,4829.796713622597,4834.741893504351,直连,,105.17594297404241,122.0
P00009,leg1-cruise,4834.741893504351,4839.687073386104,中继,RU-003,125.06526089967075,122.0
P00026,leg2-cruise,4834.741893504351,4839.687073386104,中继,RU-002,122.46213409967945,122.0
P00030,leg1-cruise,4834.741893504351,4839.687073386104,中继,RU-003,122.90939919349518,122.0
P00041,leg1-cruise,4834.741893504351,4839.687073386104,中继,RU-002,124.14282616409287,122.0
P00275,leg1-cruise,4834.741893504351,4839.687073386104,直连,,105.45163785522942,122.0
P00009,leg1-cruise,4839.687073386104,4844.632253267857,中继,RU-003,125.17883210510722,122.0
P00026,leg2-cruise,4839.687073386104,4844.632253267857,中继,RU-002,122.3071616290801,122.0
P00030,leg1-cruise,4839.687073386104,4844.632253267857,中继,RU-003,123.05465383128426,122.0
P00041,leg1-cruise,4839.687073386104,4844.632253267857,中继,RU-002,124.2436973957561,122.0
P00044,leg1-descent,4839.687073386104,4849.57743314961,中继,RU-002,127.28422341349959,122.0
P00275,leg1-cruise,4839.687073386104,4844.632253267857,直连,,105.71917825061472,122.0
P00009,leg1-cruise,4844.632253267857,4849.57743314961,中继,RU-003,125.290940262628,122.0
P00026,leg2-cruise,4844.632253267857,4849.57743314961,中继,RU-002,122.14940462454162,122.0
P00030,leg1-cruise,4844.632253267857,4849.57743314961,中继,RU-003,123.19752522158602,122.0
P00041,leg1-cruise,4844.632253267857,4849.57743314961,中继,RU-002,124.34341800806232,122.0
P00275,leg1-cruise,4844.632253267857,4849.57743314961,直连,,105.97901349096477,122.0
P00009,leg1-cruise,4849.57743314961,4854.522613031364,中继,RU-003,125.40162251821901,122.0
P00026,leg2-cruise,4849.57743314961,4854.522613031364,中继,RU-002,121.98876239604094,122.0
P00030,leg1-cruise,4849.57743314961,4854.522613031364,中继,RU-003,123.33809012058822,122.0
P00041,leg1-cruise,4849.57743314961,4854.522613031364,中继,RU-002,124.4420137851575,122.0
P00044,leg1-descent,4849.57743314961,4859.467792913118,中继,RU-002,127.28312311355852,122.0
P00275,leg1-cruise,4849.57743314961,4854.522613031364,直连,,106.23155847036708,122.0
P00009,leg1-cruise,4854.522613031364,4859.467792913118,中继,RU-003,125.51091462348,122.0
P00026,leg2-cruise,4854.522613031364,4859.467792913118,直连,,121.8251287635413,122.0
P00030,leg1-cruise,4854.522613031364,4859.467792913118,中继,RU-003,123.47642164383909,122.0
P00041,leg1-cruise,4854.522613031364,4859.467792913118,中继,RU-002,124.53950965970124,122.0
P00275,leg1-cruise,4854.522613031364,4859.467792913118,直连,,106.47719687242608,122.0
P00009,leg1-cruise,4859.467792913118,4864.431349983572,中继,RU-003,125.61905031896552,122.0
P00026,leg2-cruise,4859.467792913118,4864.271831404936,直连,,121.66079346699787,122.0
P00030,leg1-cruise,4859.467792913118,4864.271831404936,中继,RU-003,123.61066120011205,122.0
P00041,leg1-cruise,4859.467792913118,4864.271831404936,中继,RU-002,124.63456123390938,122.0
P00044,leg1-descent,4859.467792913118,4868.596026647845,中继,RU-002,127.28212561744328,122.0
P00275,leg1-cruise,4859.467792913118,4864.271831404936,直连,,106.71291665515872,122.0
P00026,leg2-cruise,4864.271831404936,4869.075869896756,直连,,121.49577659079847,122.0
P00030,leg1-cruise,4864.271831404936,4869.075869896756,中继,RU-003,123.74096246542338,122.0
P00041,leg1-cruise,4864.271831404936,4869.075869896756,中继,RU-002,124.72723579183268,122.0
P00275,leg1-cruise,4864.271831404936,4869.075869896756,直连,,106.93930356513067,122.0
P00009,leg1-cruise,4864.431349983572,4869.394907054026,中继,RU-003,125.7260554743993,122.0
P00044,leg1-descent,4868.596026647845,4877.724260382573,中继,RU-002,127.28122384385274,122.0
P00026,leg2-cruise,4869.075869896756,4873.879908388575,直连,,121.32760619960004,122.0
P00030,leg1-cruise,4869.075869896756,4873.879908388575,中继,RU-003,123.86934196962534,122.0
P00041,leg1-cruise,4869.075869896756,4873.879908388575,中继,RU-002,124.8189375470881,122.0
P00275,leg1-cruise,4869.075869896756,4873.879908388575,直连,,107.16009608698182,122.0
P00009,leg1-cruise,4869.394907054026,4874.35846412448,中继,RU-003,125.8317606009119,122.0
P00026,leg2-cruise,4873.879908388575,4878.683946880395,直连,,121.1561611894496,122.0
P00030,leg1-cruise,4873.879908388575,4878.683946880395,中继,RU-003,123.99585545888895,122.0
P00041,leg1-cruise,4873.879908388575,4878.683946880395,中继,RU-002,124.90968659212473,122.0
P00275,leg1-cruise,4873.879908388575,4878.683946880395,直连,,107.37555644146258,122.0
P00009,leg1-cruise,4874.35846412448,4879.322021194934,中继,RU-003,125.93619685678757,122.0
P00044,leg1-descent,4877.724260382573,4886.852494117301,中继,RU-002,127.28037671513829,122.0
P00278,leg1-climb,4878.0,4887.853158334586,直连,,54.408071670594474,122.0
P00026,leg2-cruise,4878.683946880395,4883.487985372214,直连,,120.98131345789389,122.0
P00030,leg1-cruise,4878.683946880395,4883.487985372214,中继,RU-003,124.12055629332568,122.0
P00041,leg1-cruise,4878.683946880395,4883.487985372214,中继,RU-002,124.99950240686337,122.0
P00275,leg1-cruise,4878.683946880395,4883.487985372214,直连,,107.58592939070313,122.0
P00009,leg1-cruise,4879.322021194934,4884.285578265388,中继,RU-003,126.03939429518489,122.0
P00026,leg2-cruise,4883.487985372214,4888.292023864033,直连,,120.80292736433103,122.0
P00030,leg1-cruise,4883.487985372214,4888.292023864033,中继,RU-003,124.24349558097443,122.0
P00041,leg1-cruise,4883.487985372214,4888.292023864033,中继,RU-002,125.08840388320115,122.0
P00275,leg1-cruise,4883.487985372214,4888.292023864033,直连,,107.79144369995856,122.0
P00009,leg1-cruise,4884.285578265388,4889.249135335842,中继,RU-003,126.14138191571169,122.0
P00044,leg1-descent,4886.852494117301,4895.980727852029,中继,RU-002,127.27958426331816,122.0
P00278,leg1-climb,4887.853158334586,4897.7063166691705,直连,,67.78035528500516,122.0
P00026,leg2-cruise,4888.292023864033,4893.096062355852,直连,,120.62085913849047,122.0
P00030,leg1-cruise,4888.292023864033,4893.096062355852,中继,RU-003,124.36472230253013,122.0
P00041,leg1-cruise,4888.292023864033,4893.096062355852,中继,RU-002,125.1764093482935,122.0
P00275,leg1-cruise,4888.292023864033,4893.096062355852,直连,,107.99231345628833,122.0
P00009,leg1-cruise,4889.249135335842,4894.212692406296,中继,RU-003,126.24218771302202,122.0
P00026,leg2-cruise,4893.096062355852,4897.900100847672,直连,,110.434956231152,122.0
P00030,leg1-cruise,4893.096062355852,4897.900100847672,中继,RU-003,124.48428342757171,122.0
P00041,leg1-cruise,4893.096062355852,4897.900100847672,中继,RU-002,125.26353658673028,122.0
P00275,leg1-cruise,4893.096062355852,4897.900100847672,直连,,108.1887392595417,122.0
P00009,leg1-cruise,4894.212692406296,4899.176249476749,中继,RU-003,126.34183872265199,122.0
P00044,leg1-descent,4895.980727852029,4905.108961586757,中继,RU-002,127.27884651835724,122.0
P00278,leg1-climb,4897.7063166691705,4907.559475003756,直连,,74.6857886298518,122.0
P00026,leg2-cruise,4897.900100847672,4902.70413933949,直连,,110.24505660037633,122.0
P00030,leg1-cruise,4897.900100847672,4902.70413933949,中继,RU-003,124.60222402297629,122.0
P00041,leg1-cruise,4897.900100847672,4902.70413933949,中继,RU-002,125.34980286160828,122.0
P00275,leg1-cruise,4897.900100847672,4902.70413933949,直连,,108.38090929944464,122.0
P00009,leg1-cruise,4899.176249476749,4904.139806547203,中继,RU-003,126.44036106427359,122.0
P00026,leg2-cruise,4902.70413933949,4907.50817783131,直连,,110.05098792565485,122.0
P00030,leg1-cruise,4902.70413933949,4907.50817783131,中继,RU-003,124.71858735413876,122.0
P00041,leg1-cruise,4902.70413933949,4907.50817783131,中继,RU-002,125.43522493462767,122.0
P00275,leg1-cruise,4902.70413933949,4907.50817783131,直连,,108.56900033101729,122.0
P00009,leg1-cruise,4904.139806547203,4909.103363617657,中继,RU-003,126.53777998254058,122.0
P00044,leg1-descent,4905.108961586757,4914.237195321485,中继,RU-002,127.27816350816325,122.0
P00026,leg2-cruise,4907.50817783131,4912.312216323129,直连,,109.85256674140037,122.0
P00030,leg1-cruise,4907.50817783131,4912.312216323129,中继,RU-003,124.8334149795561,122.0
P00041,leg1-cruise,4907.50817783131,4912.312216323129,中继,RU-002,125.51981908520733,122.0
P00275,leg1-cruise,4907.50817783131,4912.312216323129,直连,,108.75317855901793,122.0
P00278,leg1-climb,4907.559475003756,4917.412633338341,直连,,78.4836012078168,122.0
P00009,leg1-cruise,4909.103363617657,4914.066920688111,中继,RU-003,126.63411988568987,122.0
P00026,leg2-cruise,4912.312216323129,4917.116254814949,直连,,109.64959748001182,122.0
P00030,leg1-cruise,4912.312216323129,4917.116254814949,中继,RU-003,124.9467468392991,122.0
P00041,leg1-cruise,4912.312216323129,4917.116254814949,中继,RU-002,125.6036011287268,122.0
P00275,leg1-cruise,4912.312216323129,4917.116254814949,直连,,108.93360044111229,122.0
P00009,leg1-cruise,4914.066920688111,4919.030477758565,中继,RU-003,126.7294043820317,122.0
P00044,leg1-descent,4914.237195321485,4923.365429056213,中继,RU-002,127.27753525858324,122.0
P00026,leg2-cruise,4917.116254814949,4921.920293306768,直连,,109.44187141338733,122.0
P00030,leg1-cruise,4917.116254814949,4921.920293306768,中继,RU-003,125.05862133783823,122.0
P00041,leg1-cruise,4917.116254814949,4921.920293306768,中继,RU-002,125.6865864338966,122.0
P00275,leg1-cruise,4917.116254814949,4921.920293306768,直连,,109.11041341811438,122.0
P00278,leg1-climb,4917.412633338341,4927.265791672927,直连,,81.11714932841991,122.0
P00009,leg1-cruise,4919.030477758565,4923.994034829019,中继,RU-003,126.82365631448631,122.0
P00026,leg2-cruise,4921.920293306768,4926.724331798587,直连,,109.22916548030743,122.0
P00030,leg1-cruise,4921.920293306768,4926.724331798587,中继,RU-003,125.1690754216337,122.0
P00041,leg1-cruise,4921.920293306768,4926.724331798587,中继,RU-002,125.76878993934241,122.0
P00275,leg1-cruise,4921.920293306768,4926.724331798587,直连,,109.28375657895246,122.0
P00044,S003-handoff,4923.365429056213,4933.346717455671,中继,RU-002,127.27724167653642,122.0
P00009,leg1-cruise,4923.994034829019,4928.957591899473,中继,RU-003,126.91689779326539,122.0
P00026,leg2-cruise,4926.724331798587,4931.528370290406,直连,,109.0112409853186,122.0
P00030,leg1-cruise,4926.724331798587,4931.528370290406,中继,RU-003,125.2781446519114,122.0
P00041,leg1-cruise,4926.724331798587,4931.528370290406,中继,RU-002,125.85022616943252,122.0
P00275,leg1-cruise,4926.724331798587,4931.528370290406,直连,,109.45376126689324,122.0
P00278,leg1-climb,4927.265791672927,4937.1189500075125,直连,,83.13522113644913,122.0
P00009,leg1-cruise,4928.957591899473,4933.921148969927,中继,RU-003,127.00915022684232,122.0
P00026,leg2-cruise,4931.528370290406,4936.332408782226,直连,,108.78784215273143,122.0
P00030,leg1-cruise,4931.528370290406,4936.332408782226,中继,RU-003,125.38586327294624,122.0
P00041,leg1-cruise,4931.528370290406,4936.332408782226,中继,RU-002,125.93090924936753,122.0
P00275,leg1-cruise,4931.528370290406,4936.332408782226,直连,,109.6205516330728,122.0
P00044,S003-handoff,4933.346717455671,4943.328005855128,中继,RU-002,127.27724167653642,122.0
P00009,leg1-cruise,4933.921148969927,4938.884706040381,中继,RU-003,127.1004343512974,122.0
P00026,leg2-cruise,4936.332408782226,4941.136447274044,直连,,108.55869451715459,122.0
P00030,leg1-cruise,4936.332408782226,4941.136447274044,中继,RU-003,125.49226427620336,122.0
P00041,leg1-cruise,4936.332408782226,4941.136447274044,中继,RU-002,126.0108529196205,122.0
P00275,leg1-cruise,4936.332408782226,4941.136447274044,直连,,109.78424514249755,122.0
P00278,leg1-climb,4937.1189500075125,4946.972108342097,直连,,84.77168861744347,122.0
P00009,leg1-cruise,4938.884706040381,4943.8482631108345,中继,RU-003,127.19077025814909,122.0
P00026,leg2-cruise,4941.136447274044,4945.940485765864,直连,,108.32350312935723,122.0
P00030,leg1-cruise,4941.136447274044,4945.940485765864,中继,RU-003,125.59737946062621,122.0
P00041,leg1-cruise,4941.136447274044,4945.940485765864,中继,RU-002,126.09007054970596,122.0
P00275,leg1-cruise,4941.136447274044,4945.940485765864,直连,,109.94495303723608,122.0
P00044,S003-handoff,4943.328005855128,4953.309294254586,中继,RU-002,127.27724167653642,122.0
P00009,leg1-cruise,4943.8482631108345,4948.811820181289,中继,RU-003,127.2801774207631,122.0
P00026,leg2-cruise,4945.940485765864,4950.744524257683,直连,,108.08195055331673,122.0
P00030,leg1-cruise,4945.940485765864,4950.744524257683,中继,RU-003,125.70123948934437,122.0
P00041,leg1-cruise,4945.940485765864,4950.744524257683,中继,RU-002,126.168575151366,122.0
P00275,leg1-cruise,4945.940485765864,4950.744524257683,直连,,110.10278076100406,122.0
P00278,leg1-climb,4946.972108342097,4956.825266676683,直连,,86.14817323587174,122.0
P00009,leg1-cruise,4948.811820181289,4953.775377251743,中继,RU-003,127.36867471942251,122.0
P00026,leg2-cruise,4950.744524257683,4955.548562749502,直连,,107.83369462712787,122.0
P00030,leg1-cruise,4950.744524257683,4955.548562749502,中继,RU-003,125.80387394305447,122.0
P00041,leg1-cruise,4950.744524257683,4955.548562749502,中继,RU-002,126.2463793911539,122.0
P00275,leg1-cruise,4950.744524257683,4955.548562749502,直连,,110.25782834877158,122.0
P00044,S003-handoff,4953.309294254586,4963.290582654044,中继,RU-002,127.27724167653642,122.0
P00009,leg1-cruise,4953.775377251743,4958.738934322197,中继,RU-003,127.45628046514219,122.0
P00026,leg2-cruise,4955.548562749502,4960.352601241321,直连,,107.57836595679485,122.0
P00030,leg1-cruise,4955.548562749502,4960.352601241321,中继,RU-003,125.90531137031047,122.0
P00041,leg1-cruise,4955.548562749502,4960.352601241321,中继,RU-002,126.32349560249814,122.0
P00275,leg1-cruise,4955.548562749502,4960.352601241321,直连,,110.41019078481827,122.0
P00278,leg1-climb,4956.825266676683,4966.678425011269,直连,,87.33606765300615,122.0
P00009,leg1-cruise,4958.738934322197,4963.702491392651,中继,RU-003,127.54301242230054,122.0
P00026,leg2-cruise,4960.352601241321,4965.156639733141,直连,,107.31556510791475,122.0
P00030,leg1-cruise,4960.352601241321,4965.156639733141,中继,RU-003,126.0055793349242,122.0
P00041,leg1-cruise,4960.352601241321,4965.156639733141,中继,RU-002,126.39993579721806,122.0
P00275,leg1-cruise,4960.352601241321,4965.156639733141,直连,,110.55995833209211,122.0
P00044,S003-handoff,4963.290582654044,4973.271871053502,中继,RU-002,127.27724167653642,122.0
P00009,leg1-cruise,4963.702491392651,4968.666048463105,中继,RU-003,127.62888783015823,122.0
P00026,leg2-cruise,4965.156639733141,4969.960678224959,直连,,107.04485945624624,122.0
P00030,leg1-cruise,4965.156639733141,4969.960678224959,中继,RU-003,126.10470446068386,122.0
P00041,leg1-cruise,4965.156639733141,4969.960678224959,中继,RU-002,126.47571167657648,122.0
P00275,leg1-cruise,4965.156639733141,4969.960678224959,直连,,110.70721683563286,122.0
P00278,leg1-climb,4966.678425011269,4976.5315833458535,直连,,88.38087655041143,122.0
P00009,leg1-cruise,4968.666048463105,4973.629605533559,中继,RU-003,127.71392342333436,122.0
P00026,leg2-cruise,4969.960678224959,4974.764716716779,直连,,106.76577965373096,122.0
P00030,leg1-cruise,4969.960678224959,4974.764716716779,中继,RU-003,126.20271247356526,122.0
P00041,leg1-cruise,4969.960678224959,4974.764716716779,中继,RU-002,126.55083464183919,122.0
P00275,leg1-cruise,4969.960678224959,4974.764716716779,直连,,110.85204800233237,122.0
P00044,S003-handoff,4973.271871053502,4983.253159452959,中继,RU-002,127.27724167653642,122.0
P00009,leg1-cruise,4973.629605533559,4978.593162604013,中继,RU-003,127.79813545128508,122.0
P00026,leg2-cruise,4974.764716716779,4979.568755208598,直连,,106.47781566246881,122.0
P00030,leg1-cruise,4974.764716716779,4979.568755208598,中继,RU-003,126.29962824160138,122.0
P00041,leg1-cruise,4974.764716716779,4979.568755208598,中继,RU-002,126.62531580440539,122.0
P00275,leg1-cruise,4974.764716716779,4979.568755208598,直连,,110.99452965926517,122.0
P00278,leg1-climb,4976.5315833458535,4986.384741680439,直连,,89.31339396132417,122.0
P00009,leg1-descent,4978.593162604013,4987.244128115843,中继,RU-003,127.83962951825848,122.0
P00026,leg2-cruise,4979.568755208598,4984.372793700418,直连,,106.1804123058955,122.0
P00030,leg1-cruise,4979.568755208598,4984.372793700418,中继,RU-003,126.39547581256554,122.0
P00041,leg1-cruise,4979.568755208598,4984.372793700418,中继,RU-002,126.69916599551823,122.0
P00275,leg1-cruise,4979.568755208598,4984.372793700418,直连,,111.13473599242528,122.0
P00044,S003-handoff,4983.253159452959,4993.234447852417,中继,RU-002,127.27724167653642,122.0
P00026,leg2-cruise,4984.372793700418,4989.176832192237,直连,,105.8729642844645,122.0
P00030,leg1-cruise,4984.372793700418,4989.176832192237,中继,RU-003,126.49027844961238,122.0
P00041,leg1-cruise,4984.372793700418,4989.176832192237,中继,RU-002,126.77239577555633,122.0
P00275,leg1-cruise,4984.372793700418,4989.176832192237,直连,,111.2727377676252,122.0
P00278,leg1-climb,4986.384741680439,4996.237900015024,直连,,90.15543173420711,122.0
P00009,leg1-descent,4987.244128115843,4995.895093627672,中继,RU-003,127.83904581047474,122.0
P00026,leg2-cruise,4989.176832192237,4993.980870684056,直连,,105.55481060422849,122.0
P00030,leg1-cruise,4989.176832192237,4993.980870684056,中继,RU-003,126.58405866500699,122.0
P00041,leg1-cruise,4989.176832192237,4993.980870684056,中继,RU-002,126.84501544296987,122.0
P00275,leg1-cruise,4989.176832192237,4993.980870684056,直连,,111.40860253513867,122.0
P00044,S003-handoff,4993.234447852417,5003.215736251875,中继,RU-002,127.27724167653642,122.0
P00026,leg2-cruise,4993.980870684056,4998.784909175875,直连,,105.22522837313136,122.0
P00030,leg1-cruise,4993.980870684056,4998.784909175875,中继,RU-003,126.67683825205603,122.0
P00041,leg1-cruise,4993.980870684056,4998.784909175875,中继,RU-002,126.91703504282542,122.0
P00275,leg1-cruise,4993.980870684056,4998.784909175875,直连,,111.54239481941153,122.0
P00009,leg1-descent,4995.895093627672,5004.546059139503,中继,RU-003,127.83850533317008,122.0
P00278,leg1-climb,4996.237900015024,5006.09105834961,直连,,90.92300534208039,122.0
P00026,leg2-cruise,4998.784909175875,5003.588947667695,直连,,104.88342593475497,122.0
P00030,leg1-cruise,4998.784909175875,5003.588947667695,中继,RU-003,126.7686383153735,122.0
P00041,leg1-cruise,4998.784909175875,5003.588947667695,中继,RU-002,126.98846437503313,122.0
P00275,leg1-cruise,4998.784909175875,5003.588947667695,直连,,111.6741762951944,122.0
P00044,S003-handoff,5003.215736251875,5013.197024651333,中继,RU-002,127.27724167653642,122.0
P00026,leg2-cruise,5003.588947667695,5008.392986159513,直连,,104.52853533890783,122.0
P00030,leg1-cruise,5003.588947667695,5008.392986159513,中继,RU-003,126.85947929956026,122.0
P00041,leg1-cruise,5003.588947667695,5008.392986159513,中继,RU-002,127.05931300221943,122.0
P00275,leg1-cruise,5003.588947667695,5008.392986159513,直连,,121.80400595115091,122.0
P00009,leg1-descent,5004.546059139503,5013.197024651333,中继,RU-003,127.8380081024958,122.0
P00278,leg1-cruise,5006.09105834961,5013.197024651333,直连,,91.34186622964985,122.0
P00026,leg2-cruise,5008.392986159513,5013.197024651333,直连,,104.15960420217901,122.0
P00030,leg1-cruise,5008.392986159513,5013.197024651333,中继,RU-003,126.94938101641148,122.0
P00041,leg1-cruise,5008.392986159513,5013.197024651333,中继,RU-002,127.12959025730986,122.0
P00275,leg1-cruise,5008.392986159513,5013.197024651333,直连,,121.93194024205938,122.0
P00009,leg1-descent,5013.197024651333,5021.591311498427,中继,RU-003,127.83756055186198,122.0
P00026,leg2-cruise,5013.197024651333,5017.775996206617,直连,,103.7847636066761,122.0
P00030,leg1-cruise,5013.197024651333,5017.707709970228,中继,RU-003,127.03565932318804,122.0
P00041,leg1-cruise,5013.197024651333,5021.791010258255,中继,RU-002,127.22665195254062,122.0
P00044,S003-handoff,5013.197024651333,5023.073424793426,中继,RU-002,127.27724167653642,122.0
P00275,leg1-cruise,5013.197024651333,5018.168327171055,中继,RU-002,122.0602123494754,122.0
P00278,leg1-cruise,5013.197024651333,5018.06066101497,直连,,91.6916806000933,122.0
P00030,leg1-cruise,5017.707709970228,5022.218395289124,中继,RU-003,127.11841212766886,122.0
P00026,leg2-cruise,5017.775996206617,5022.3549677619,直连,,103.40402020551872,122.0
P00278,leg1-cruise,5018.06066101497,5022.924297378606,直连,,92.16446757738875,122.0
P00275,leg1-cruise,5018.168327171055,5023.139629690779,中继,RU-002,122.1887803740812,122.0
P00009,leg1-descent,5021.591311498427,5029.985598345521,中继,RU-003,127.83716079715305,122.0
P00041,leg1-descent,5021.791010258255,5031.715638621969,中继,RU-002,127.28751543078232,122.0
P00030,leg1-cruise,5022.218395289124,5026.729080608019,中继,RU-003,127.20038471212177,122.0
P00026,leg2-cruise,5022.3549677619,5026.933939317184,直连,,103.00747117945438,122.0
P00278,leg1-cruise,5022.924297378606,5027.787933742242,直连,,92.75274445916618,122.0
P00044,S003-handoff,5023.073424793426,5032.949824935518,中继,RU-002,127.27724167653642,122.0
P00275,leg1-cruise,5023.139629690779,5028.110932210502,中继,RU-002,122.31548800592746,122.0
P00030,leg1-cruise,5026.729080608019,5031.2397659269145,中继,RU-003,127.28159163720505,122.0
P00026,leg2-cruise,5026.933939317184,5031.512910872468,直连,,102.59393599205706,122.0
P00278,leg1-cruise,5027.787933742242,5032.651570105878,直连,,93.40960273586856,122.0
P00275,leg1-cruise,5028.110932210502,5033.0822347302255,中继,RU-002,122.44038788928073,122.0
P00009,leg1-descent,5029.985598345521,5038.379885192615,中继,RU-003,127.83680179870161,122.0
P00030,leg1-cruise,5031.2397659269145,5035.75045124581,中继,RU-003,127.36204706012819,122.0
P00026,leg2-cruise,5031.512910872468,5036.0918824277505,直连,,102.162134267861,122.0
P00041,leg1-descent,5031.715638621969,5041.640266985685,中继,RU-002,127.28592873030037,122.0
P00278,leg1-cruise,5032.651570105878,5037.515206469514,直连,,94.09824537003566,122.0
P00044,S003-handoff,5032.949824935518,5042.8262250776115,中继,RU-002,127.27724167653642,122.0
P00275,leg1-cruise,5033.0822347302255,5038.053537249949,中继,RU-002,122.56353048289833,122.0
P00030,leg1-cruise,5035.75045124581,5040.261136564705,中继,RU-003,127.4417647494086,122.0
P00026,leg2-cruise,5036.0918824277505,5040.670853983034,直连,,101.71068641978812,122.0
P00278,leg1-cruise,5037.515206469514,5042.378842833151,直连,,94.79301567632417,122.0
P00275,leg1-cruise,5038.053537249949,5043.024839769671,中继,RU-002,122.68496417837505,122.0
P00009,leg1-descent,5038.379885192615,5046.774172039708,中继,RU-003,127.83648356661836,122.0
P00030,leg1-cruise,5040.261136564705,5044.771821883601,中继,RU-003,127.52075809895261,122.0
P00026,leg2-cruise,5040.670853983034,5045.249825538318,直连,,101.23812143552452,122.0
P00041,leg1-descent,5041.640266985685,5051.5648953494,中继,RU-002,127.28444263256758,122.0
P00278,leg1-cruise,5042.378842833151,5047.242479196788,直连,,95.47753587259564,122.0
P00044,S003-handoff,5042.8262250776115,5052.702625219705,中继,RU-002,127.27724167653642,122.0
P00275,leg1-cruise,5043.024839769671,5047.996142289395,中继,RU-002,122.80473541061757,122.0
P00030,leg1-cruise,5044.771821883601,5049.282507202496,中继,RU-003,127.59904014151898,122.0
P00026,leg2-cruise,5045.249825538318,5049.828797093602,直连,,100.74289681831709,122.0
P00009,leg1-descent,5046.774172039708,5055.168458886802,中继,RU-003,127.83620610986748,122.0
P00278,leg1-cruise,5047.242479196788,5052.106115560424,直连,,96.14216300013338,122.0
P00275,leg1-cruise,5047.996142289395,5052.967444809118,中继,RU-002,122.92288876113606,122.0
P00030,leg1-cruise,5049.282507202496,5053.793192521392,中继,RU-003,127.67662356156795,122.0
P00026,leg2-cruise,5049.828797093602,5054.407768648885,直连,,100.2234387257823,122.0
P00041,leg1-descent,5051.5648953494,5061.489523713116,中继,RU-002,127.2830572410846,122.0
P00278,leg1-cruise,5052.106115560424,5056.96975192406,直连,,96.78176810950636,122.0
P00044,S003-handoff,5052.702625219705,5062.579025361797,中继,RU-002,127.27724167653642,122.0
P00275,leg1-cruise,5052.967444809118,5057.938747328841,中继,RU-002,123.03946705462482,122.0
P00030,leg1-cruise,5053.793192521392,5058.303877840287,中继,RU-003,127.7535207075579,122.0
P00026,leg2-cruise,5054.407768648885,5058.986740204169,直连,,99.67821522632612,122.0
P00009,leg1-descent,5055.168458886802,5063.562745733896,中继,RU-003,127.83596943626583,122.0
P00143,leg1-climb,5056.0,5065.690440673829,直连,,54.80497750786708,122.0
P00278,leg1-cruise,5056.96975192406,5061.833388287697,直连,,97.39409470166387,122.0
P00275,leg1-cruise,5057.938747328841,5062.910049848564,中继,RU-002,123.15451144941713,122.0
P00030,leg1-cruise,5058.303877840287,5062.814563159182,中继,RU-003,127.82974360369485,122.0
P00026,leg2-cruise,5058.986740204169,5063.565711759453,直连,,99.1058633454717,122.0
P00041,leg1-descent,5061.489523713116,5071.414152076831,中继,RU-002,127.28177265241285,122.0
P00278,leg1-cruise,5061.833388287697,5066.697024651333,直连,,97.97864183111304,122.0
P00044,S003-handoff,5062.579025361797,5072.45542550389,中继,RU-002,127.27724167653642,122.0
P00030,leg1-cruise,5062.814563159182,5067.325248478078,中继,RU-003,127.90530396117697,122.0
P00275,leg1-descent,5062.910049848564,5072.2513741370685,中继,RU-002,123.20971331785198,122.0
P00009,S004-handoff,5063.562745733896,5073.228255695233,中继,RU-003,127.83586639527485,122.0
P00026,leg2-cruise,5063.565711759453,5068.1446833147365,直连,,98.50540273361496,122.0
P00143,leg1-climb,5065.690440673829,5075.380881347656,直连,,67.51503459175177,122.0
P00278,leg1-cruise,5066.697024651333,5071.560661014969,直连,,98.5359385533238,122.0
P00030,leg1-cruise,5067.325248478078,5071.835933796973,中继,RU-003,127.98021318895994,122.0
P00026,leg2-cruise,5068.1446833147365,5072.72365487002,直连,,97.8765873250046,122.0
P00041,leg1-descent,5071.414152076831,5081.3387804405465,中继,RU-002,127.28058895615204,122.0
P00278,leg1-cruise,5071.560661014969,5076.424297378606,直连,,99.06708582669933,122.0
P00030,leg1-cruise,5071.835933796973,5076.346619115869,中继,RU-003,128.05448240405468,122.0
P00275,leg1-descent,5072.2513741370685,5081.592698425573,中继,RU-002,123.20636803012714,122.0
P00044,S003-handoff,5072.45542550389,5082.331825645983,中继,RU-002,127.27724167653642,122.0
P00026,leg2-cruise,5072.72365487002,5077.302626425304,直连,,97.22047304089197,122.0
P00009,S004-handoff,5073.228255695233,5082.89376565657,中继,RU-003,127.83586639527485,122.0
P00143,leg1-climb,5075.380881347656,5085.071322021485,直连,,74.48686069242545,122.0
P00030,leg1-cruise,5076.346619115869,5080.857304434764,中继,RU-003,128.12812244140156,122.0
P00278,leg1-cruise,5076.424297378606,5081.287933742242,直连,,99.57347314727835,122.0
P00026,leg2-cruise,5077.302626425304,5081.881597980588,直连,,96.5403134715261,122.0
P00030,leg1-cruise,5080.857304434764,5085.3679897536595,中继,RU-003,128.2011438633213,122.0
P00278,leg1-cruise,5081.287933742242,5086.151570105878,直连,,100.05660656326613,122.0
P00041,leg1-descent,5081.3387804405465,5091.263408804261,中继,RU-002,127.27950623491944,122.0
P00275,leg1-descent,5081.592698425573,5090.934022714077,中继,RU-002,123.20324957776361,122.0
P00026,leg2-cruise,5081.881597980588,5086.460569535871,直连,,95.84292551006686,122.0
P00044,S003-handoff,5082.331825645983,5092.208225788076,中继,RU-002,127.27724167653642,122.0
P00009,S004-handoff,5082.89376565657,5092.559275617907,中继,RU-003,127.83586639527485,122.0
P00143,leg1-climb,5085.071322021485,5094.761762695312,直连,,78.30394043774588,122.0
P00030,leg1-descent,5085.3679897536595,5093.528736335691,中继,RU-003,128.23712948451592,122.0
P00278,leg1-cruise,5086.151570105878,5091.015206469515,直连,,100.51800667968652,122.0
P00026,leg2-cruise,5086.460569535871,5091.039541091155,直连,,95.14065402030099,122.0
P00275,leg1-descent,5090.934022714077,5100.275347002582,中继,RU-002,123.2003584515223,122.0
P00278,leg1-cruise,5091.015206469515,5095.878842833152,直连,,100.95915022909453,122.0
P00026,leg2-cruise,5091.039541091155,5095.618512646438,直连,,94.45390772672546,122.0
P00041,leg1-descent,5091.263408804261,5101.188037167977,中继,RU-002,127.27852456433072,122.0
P00044,S003-handoff,5092.208225788076,5102.084625930169,中继,RU-002,127.27724167653642,122.0
P00009,S004-handoff,5092.559275617907,5102.224785579244,中继,RU-003,127.83586639527485,122.0
P00030,leg1-descent,5093.528736335691,5101.689482917722,中继,RU-003,128.23657795710423,122.0
P00143,leg1-climb,5094.761762695312,5104.452203369141,直连,,80.94666213903061,122.0
P00026,leg2-cruise,5095.618512646438,5100.197484201722,直连,,93.81374242736226,122.0
P00278,leg1-cruise,5095.878842833152,5100.742479196788,直连,,101.38143853567937,122.0
P00026,leg2-cruise,5100.197484201722,5104.776455757005,直连,,93.26292787277048,122.0
P00275,leg1-descent,5100.275347002582,5109.616671291086,中继,RU-002,123.19769510712479,122.0
P00278,leg1-cruise,5100.742479196788,5105.606115560424,直连,,101.78618241467075,122.0
P00041,leg1-descent,5101.188037167977,5111.112665531692,中继,RU-002,127.27764401298235,122.0
P00030,leg1-descent,5101.689482917722,5109.850229499753,中继,RU-003,128.2360813100873,122.0
P00044,S003-handoff,5102.084625930169,5111.961026072262,中继,RU-002,127.27724167653642,122.0
P00009,S004-handoff,5102.224785579244,5111.890295540581,中继,RU-003,127.83586639527485,122.0
P00143,leg1-cruise,5104.452203369141,5109.44665600571,直连,,82.25852563754111,122.0
P00026,leg2-cruise,5104.776455757005,5109.355427312289,直连,,92.85262900918751,122.0
P00278,leg1-cruise,5105.606115560424,5110.46975192406,直连,,102.17459696778289,122.0
P00026,leg2-cruise,5109.355427312289,5113.934398867573,直连,,92.63196360956947,122.0
P00143,leg1-cruise,5109.44665600571,5114.44110864228,直连,,83.81936770015452,122.0
P00275,leg1-descent,5109.616671291086,5118.957995579591,中继,RU-002,123.1952599650152,122.0
P00030,leg1-descent,5109.850229499753,5118.010976081784,中继,RU-003,128.23563956230262,122.0
P00278,leg1-cruise,5110.46975192406,5115.333388287696,直连,,102.54780219556717,122.0
P00041,S003-handoff,5111.112665531692,5121.112665531692,中继,RU-002,127.27724167653642,122.0
P00009,S004-handoff,5111.890295540581,5121.555805501918,中继,RU-003,127.83586639527485,122.0
P00044,S003-handoff,5111.961026072262,5121.837426214354,中继,RU-002,127.27724167653642,122.0
P00026,leg2-descent,5113.934398867573,5123.803271209153,直连,,92.34717470187232,122.0
P00143,leg1-cruise,5114.44110864228,5119.4355612788495,直连,,85.87088438439018,122.0
P00278,leg1-cruise,5115.333388287696,5120.197024651333,直连,,102.90682689121327,122.0
P00030,leg1-descent,5118.010976081784,5126.171722663816,中继,RU-003,128.23525273050964,122.0
P00275,leg1-descent,5118.957995579591,5128.299319868095,中继,RU-002,123.1930534101401,122.0
P00143,leg1-cruise,5119.4355612788495,5124.430013915418,直连,,87.81526157298512,122.0
P00278,leg1-cruise,5120.197024651333,5125.06066101497,直连,,103.25261424894951,122.0
P00041,S003-handoff,5121.112665531692,5131.112665531692,中继,RU-002,127.27724167653642,122.0
P00009,S004-handoff,5121.555805501918,5131.221315463255,中继,RU-003,127.83586639527485,122.0
P00044,S003-handoff,5121.837426214354,5131.7138263564475,中继,RU-002,127.27724167653642,122.0
P00026,leg2-descent,5123.803271209153,5133.6721435507325,直连,,91.81048595601354,122.0
P00143,leg1-cruise,5124.430013915418,5129.424466551987,直连,,89.52143490239652,122.0
P00278,leg1-cruise,5125.06066101497,5129.924297378606,直连,,103.58602822928812,122.0
P00030,S008-handoff,5126.171722663816,5136.077689425126,中继,RU-003,128.23507991277862,122.0
P00275,S007-handoff,5128.299319868095,5138.299319868095,中继,RU-002,123.19203596345481,122.0
P00143,leg1-cruise,5129.424466551987,5134.418919188557,直连,,91.00158565686965,122.0
P00278,leg1-cruise,5129.924297378606,5134.787933742242,直连,,103.90786010562552,122.0
P00041,S003-handoff,5131.112665531692,5141.112665531692,中继,RU-002,127.27724167653642,122.0
P00009,S004-handoff,5131.221315463255,5140.886825424593,中继,RU-003,127.83586639527485,122.0
P00044,S003-handoff,5131.7138263564475,5141.590226498541,中继,RU-002,127.27724167653642,122.0
P00026,leg2-descent,5133.6721435507325,5143.541015892312,直连,,91.23843927270997,122.0
P00143,leg1-cruise,5134.418919188557,5139.413371825127,直连,,92.29388495675677,122.0
P00278,leg1-cruise,5134.787933742242,5139.651570105878,直连,,104.21883485685252,122.0
P00030,S008-handoff,5136.077689425126,5145.983656186437,中继,RU-003,128.23507991277862,122.0
P00275,S007-handoff,5138.299319868095,5148.299319868095,中继,RU-002,123.19203596345481,122.0
P00143,leg1-cruise,5139.413371825127,5144.407824461696,直连,,93.43421886901466,122.0
P00278,leg1-cruise,5139.651570105878,5144.515206469514,直连,,104.5196172209299,122.0
P00009,S004-handoff,5140.886825424593,5150.552335385929,中继,RU-003,127.83586639527485,122.0
P00041,S003-handoff,5141.112665531692,5151.112665531692,中继,RU-002,127.27724167653642,122.0
P00044,S003-handoff,5141.590226498541,5151.466626640633,中继,RU-002,127.27724167653642,122.0
P00026,leg2-descent,5143.541015892312,5153.409888233892,直连,,90.62604512575511,122.0
P00143,leg1-cruise,5144.407824461696,5149.402277098265,直连,,94.45140875167684,122.0
P00278,leg1-cruise,5144.515206469514,5149.378842833151,直连,,104.81081731722611,122.0
P00030,S008-handoff,5145.983656186437,5155.889622947747,中继,RU-003,128.23507991277862,122.0
P00275,S007-handoff,5148.299319868095,5158.299319868095,中继,RU-002,123.19203596345481,122.0
P00278,leg1-cruise,5149.378842833151,5154.242479196788,直连,,105.09299580240747,122.0
P00143,leg1-cruise,5149.402277098265,5154.3967297348345,直连,,95.36776385005835,122.0
P00009,S004-handoff,5150.552335385929,5160.217845347266,中继,RU-003,127.83586639527485,122.0
P00041,S003-handoff,5151.112665531692,5161.112665531692,中继,RU-002,127.27724167653642,122.0
P00044,S003-handoff,5151.466626640633,5161.343026782726,中继,RU-002,127.27724167653642,122.0
P00026,leg2-descent,5153.409888233892,5163.278760575472,直连,,89.96717712516603,122.0
P00278,leg1-cruise,5154.242479196788,5159.106115560424,直连,,105.3666685588656,122.0
P00143,leg1-cruise,5154.3967297348345,5159.391182371404,直连,,96.20049848385361,122.0
P00030,S008-handoff,5155.889622947747,5165.795589709057,中继,RU-003,128.23507991277862,122.0
P00275,S007-handoff,5158.299319868095,5168.299319868095,中继,RU-002,123.19203596345481,122.0
P00278,leg1-cruise,5159.106115560424,5163.96975192406,直连,,105.63231093398508,122.0
P00143,leg1-cruise,5159.391182371404,5164.385635007974,直连,,96.96300614922686,122.0
P00009,S004-handoff,5160.217845347266,5169.883355308603,中继,RU-003,127.83586639527485,122.0
P00041,S003-handoff,5161.112665531692,5171.112665531692,中继,RU-002,127.27724167653642,122.0
P00044,S003-handoff,5161.343026782726,5171.219426924819,中继,RU-002,127.27724167653642,122.0
P00026,leg2-descent,5163.278760575472,5173.147632917052,直连,,89.25419804079414,122.0
P00278,leg1-cruise,5163.96975192406,5168.833388287697,直连,,105.89036155917641,122.0
P00143,leg1-cruise,5164.385635007974,5169.380087644544,直连,,97.66583473590383,122.0
P00030,S008-handoff,5165.795589709057,5175.701556470367,中继,RU-003,128.23507991277862,122.0
P00275,S007-handoff,5168.299319868095,5178.299319868095,中继,RU-002,123.19203596345481,122.0
P00278,leg1-cruise,5168.833388287697,5173.697024651333,直连,,106.14122578226275,122.0
P00143,leg1-cruise,5169.380087644544,5174.374540281113,直连,,98.31740012292596,122.0
P00009,S004-handoff,5169.883355308603,5179.5488652699405,中继,RU-003,127.83586639527485,122.0
P00041,S003-handoff,5171.112665531692,5181.112665531692,中继,RU-002,127.27724167653642,122.0
P00044,S003-handoff,5171.219426924819,5181.0958270669125,中继,RU-002,127.27724167653642,122.0
P00026,leg2-descent,5173.147632917052,5183.016505258632,直连,,88.47741815858137,122.0
P00278,leg1-cruise,5173.697024651333,5178.560661014969,直连,,106.38527874832178,122.0
P00143,leg1-cruise,5174.374540281113,5179.368992917682,直连,,98.92450332929236,122.0
P00030,S008-handoff,5175.701556470367,5185.607523231678,中继,RU-003,128.23507991277862,122.0
P00275,S007-handoff,5178.299319868095,5188.299319868095,中继,RU-002,123.19203596345481,122.0
P00278,leg1-cruise,5178.560661014969,5183.424297378606,直连,,106.62286816326302,122.0
P00143,leg1-cruise,5179.368992917682,5184.3634455542515,直连,,99.4927067737982,122.0
P00009,S004-handoff,5179.5488652699405,5189.214375231278,中继,RU-003,127.83586639527485,122.0
P00044,S003-handoff,5181.0958270669125,5190.972227209005,中继,RU-002,127.27724167653642,122.0
P00041,S003-handoff,5181.112665531692,5191.112665531692,中继,RU-002,127.27724167653642,122.0
P00026,leg2-descent,5183.016505258632,5192.8853776002115,直连,,87.62428679933393,122.0
P00278,leg1-cruise,5183.424297378606,5188.287933742242,直连,,106.8543167725923,122.0
P00143,leg1-cruise,5184.3634455542515,5189.357898190821,直连,,100.02661064790645,122.0
P00030,S008-handoff,5185.607523231678,5195.513489992988,中继,RU-003,128.23507991277862,122.0
P00278,leg1-cruise,5188.287933742242,5193.151570105878,直连,,107.07992458552663,122.0
P00275,S007-handoff,5188.299319868095,5198.299319868095,中继,RU-002,123.19203596345481,122.0
P00009,S004-handoff,5189.214375231278,5198.879885192615,中继,RU-003,127.83586639527485,122.0
P00143,leg1-cruise,5189.357898190821,5194.35235082739,直连,,100.53005831496287,122.0
P00044,S003-handoff,5190.972227209005,5200.848627351098,中继,RU-002,127.27724167653642,122.0
P00041,S003-handoff,5191.112665531692,5201.112665531692,中继,RU-002,127.27724167653642,122.0
P00026,leg2-descent,5192.8853776002115,5202.754249941791,直连,,86.67814183976634,122.0
P00278,leg1-cruise,5193.151570105878,5198.015206469515,直连,,107.29997087185093,122.0
P00143,leg1-cruise,5194.35235082739,5199.346803463959,直连,,101.00629086395553,122.0
P00030,S008-handoff,5195.513489992988,5205.419456754298,中继,RU-003,128.23507991277862,122.0
P00278,leg1-cruise,5198.015206469515,5202.878842833152,直连,,107.51471595621408,122.0
P00275,S007-handoff,5198.299319868095,5208.299319868095,中继,RU-002,123.19203596345481,122.0
P00009,S004-handoff,5198.879885192615,5208.545395153951,中继,RU-003,127.83586639527485,122.0
P00143,leg1-cruise,5199.346803463959,5204.341256100529,直连,,101.45806484097221,122.0
P00044,S003-handoff,5200.848627351098,5210.725027493191,中继,RU-002,127.27724167653642,122.0
P00041,S003-handoff,5201.112665531692,5211.112665531692,中继,RU-002,127.27724167653642,122.0
P00026,leg2-descent,5202.754249941791,5212.623122283371,直连,,85.61619126718043,122.0
P00278,leg1-cruise,5202.878842833152,5207.742479196788,直连,,107.7244028321739,122.0
P00143,leg1-cruise,5204.341256100529,5209.335708737099,直连,,101.88774299784245,122.0
P00030,S008-handoff,5205.419456754298,5215.325423515609,中继,RU-003,128.23507991277862,122.0
P00278,leg1-cruise,5207.742479196788,5212.606115560424,直连,,107.92925861568868,122.0
P00275,S007-handoff,5208.299319868095,5218.299319868095,中继,RU-002,123.19203596345481,122.0
P00009,S004-handoff,5208.545395153951,5218.210905115288,中继,RU-003,127.83586639527485,122.0
P00143,leg1-cruise,5209.335708737099,5214.330161373668,直连,,102.29736503016,122.0
P00044,S003-handoff,5210.725027493191,5220.6014276352835,中继,RU-002,127.27724167653642,122.0
P00041,S003-handoff,5211.112665531692,5221.112665531692,中继,RU-002,127.27724167653642,122.0
P00278,leg1-cruise,5212.606115560424,5217.46975192406,直连,,108.1294958556993,122.0
P00026,leg2-descent,5212.623122283371,5222.491994624951,直连,,84.40608051945526,122.0
P00143,leg1-cruise,5214.330161373668,5219.3246140102365,直连,,102.68870330091808,122.0
P00030,S008-handoff,5215.325423515609,5225.231390276919,中继,RU-003,128.23507991277862,122.0
P00278,leg1-cruise,5217.46975192406,5222.333388287696,直连,,108.3253137173517,122.0
P00009,S004-handoff,5218.210905115288,5227.876415076626,中继,RU-003,127.83586639527485,122.0
P00275,S007-handoff,5218.299319868095,5228.299319868095,中继,RU-002,123.19203596345481,122.0
P00143,leg1-cruise,5219.3246140102365,5224.319066646806,直连,,103.06330717119124,122.0
P00044,S003-handoff,5220.6014276352835,5230.477827777377,中继,RU-002,127.27724167653642,122.0
P00041,S003-handoff,5221.112665531692,5231.112665531692,中继,RU-002,127.27724167653642,122.0
P00278,leg1-cruise,5222.333388287696,5227.197024651333,直连,,108.51689905173096,122.0
P00026,leg2-descent,5222.491994624951,5232.360866966531,直连,,82.99965981660448,122.0
P00143,leg1-cruise,5224.319066646806,5229.313519283376,直连,,103.42253859310193,122.0
P00030,S008-handoff,5225.231390276919,5235.137357038229,中继,RU-003,128.23507991277862,122.0
P00278,leg1-cruise,5227.197024651333,5232.06066101497,直连,,108.70442736432018,122.0
P00009,S004-handoff,5227.876415076626,5237.541925037963,中继,RU-003,127.83586639527485,122.0
P00275,S007-handoff,5228.299319868095,5238.299319868095,中继,RU-002,123.19203596345481,122.0
P00143,leg1-cruise,5229.313519283376,5234.307971919945,直连,,103.76760093363018,122.0
P00044,S003-handoff,5230.477827777377,5240.35422791947,中继,RU-002,127.27724167653642,122.0
P00041,S003-handoff,5231.112665531692,5241.112665531692,中继,RU-002,127.27724167653642,122.0
P00278,leg1-cruise,5232.06066101497,5236.924297378606,直连,,108.88806369294561,122.0
P00026,leg2-descent,5232.360866966531,5242.229739308111,直连,,81.32066639467057,122.0
P00143,leg1-cruise,5234.307971919945,5239.302424556514,直连,,104.09956250422903,122.0
P00030,S008-handoff,5235.137357038229,5245.043323799539,中继,RU-003,128.23507991277862,122.0
P00278,leg1-cruise,5236.924297378606,5241.787933742242,直连,,109.06796340486484,122.0
P00009,S004-handoff,5237.541925037963,5247.2074349993,中继,RU-003,127.83586639527485,122.0
P00275,S007-handoff,5238.299319868095,5248.299319868095,中继,RU-002,123.19203596345481,122.0
P00143,leg1-cruise,5239.302424556514,5244.296877193084,直连,,114.41937591283981,122.0
P00044,S003-handoff,5240.35422791947,5250.230628061562,中继,RU-002,127.27724167653642,122.0
P00041,S003-handoff,5241.112665531692,5251.112665531692,中继,RU-002,127.27724167653642,122.0
P00278,leg1-cruise,5241.787933742242,5246.651570105878,直连,,109.24427292139642,122.0
P00026,leg2-descent,5242.229739308111,5252.098611649691,直连,,79.23742082262993,122.0
P00143,leg1-cruise,5244.296877193084,5249.2913298296535,直连,,114.72789409158614,122.0
P00030,S008-handoff,5245.043323799539,5254.94929056085,中继,RU-003,128.23507991277862,122.0
P00278,leg1-cruise,5246.651570105878,5251.515206469514,直连,,109.41713037764126,122.0
P00009,S004-handoff,5247.2074349993,5256.872944960636,中继,RU-003,127.83586639527485,122.0
P00275,S007-handoff,5248.299319868095,5258.299319868095,中继,RU-002,123.19203596345481,122.0
P00143,leg1-cruise,5249.2913298296535,5254.285782466222,直连,,115.0258836582991,122.0
P00044,S003-handoff,5250.230628061562,5260.107028203655,中继,RU-002,127.27724167653642,122.0
P00041,S003-handoff,5251.112665531692,5261.112665531692,中继,RU-002,127.27724167653642,122.0
P00278,leg1-cruise,5251.515206469514,5256.378842833151,直连,,109.58666622388982,122.0
P00026,leg2-descent,5252.098611649691,5261.9674839912705,直连,,76.49138805641117,122.0
P00143,leg1-cruise,5254.285782466222,5259.280235102791,直连,,115.31403612380066,122.0
P00030,S008-handoff,5254.94929056085,5264.8552573221605,中继,RU-003,128.23507991277862,122.0
P00278,leg1-cruise,5256.378842833151,5261.242479196788,直连,,109.75300377467192,122.0
P00009,S004-handoff,5256.872944960636,5266.538454921973,中继,RU-003,127.83586639527485,122.0
P00275,S007-handoff,5258.299319868095,5268.299319868095,中继,RU-002,123.19203596345481,122.0
P00143,leg1-cruise,5259.280235102791,5264.274687739361,直连,,115.59297734652236,122.0
P00044,S003-handoff,5260.107028203655,5269.9834283457485,中继,RU-002,127.27724167653642,122.0
P00041,S003-handoff,5261.112665531692,5271.112665531692,中继,RU-002,127.27724167653642,122.0
P00278,leg1-cruise,5261.242479196788,5266.106115560424,直连,,109.91625971066473,122.0
P00026,leg2-descent,5261.9674839912705,5271.83635633285,直连,,72.45287326204605,122.0
P00143,leg1-cruise,5264.274687739361,5269.269140375931,直连,,115.86327555168998,122.0
P00030,S008-handoff,5264.8552573221605,5274.761224083471,中继,RU-003,128.23507991277862,122.0
P00278,leg1-cruise,5266.106115560424,5270.96975192406,直连,,110.07654453807928,122.0
P00009,S004-handoff,5266.538454921973,5276.203964883311,中继,RU-003,127.83586639527485,122.0
P00275,S007-handoff,5268.299319868095,5278.299319868095,中继,RU-002,123.19203596345481,122.0
P00143,leg1-cruise,5269.269140375931,5274.2635930125,直连,,116.12544816771917,122.0
P00044,S003-handoff,5269.9834283457485,5279.859828487841,中继,RU-002,127.27724167653642,122.0
P00278,leg1-cruise,5270.96975192406,5275.833388287697,直连,,110.23396300973319,122.0
P00041,S003-handoff,5271.112665531692,5281.112665531692,中继,RU-002,127.27724167653642,122.0
P00026,leg2-descent,5271.83635633285,5281.70522867443,直连,,64.6674283183492,122.0
P00143,leg1-cruise,5274.2635930125,5279.25804564907,直连,,116.37996768227008,122.0
P00030,S008-handoff,5274.761224083471,5284.6671908447815,中继,RU-003,128.23507991277862,122.0
P00278,leg1-cruise,5275.833388287697,5280.697024651333,直连,,110.38861451147189,122.0
P00009,S004-handoff,5276.203964883311,5285.869474844648,中继,RU-003,127.83586639527485,122.0
P00275,S007-handoff,5278.299319868095,5288.299319868095,中继,RU-002,123.19203596345481,122.0
P00143,leg1-cruise,5279.25804564907,5284.252498285639,直连,,116.62726668123251,122.0
P00044,S003-handoff,5279.859828487841,5289.736228629934,中继,RU-002,127.27724167653642,122.0
P00278,leg1-cruise,5280.697024651333,5285.560661014969,直连,,110.54059341721108,122.0
P00041,S003-handoff,5281.112665531692,5291.112665531692,中继,RU-002,127.27724167653642,122.0
P00026,leg2-descent,5281.70522867443,5291.57410101601,直连,,57.74323227086145,122.0
P00143,leg1-cruise,5284.252498285639,5289.246950922208,直连,,116.86774220328118,122.0
P00030,S008-handoff,5284.6671908447815,5294.573157606092,中继,RU-003,128.23507991277862,122.0
P00278,leg1-cruise,5285.560661014969,5290.424297378606,直连,,110.68998941559742,122.0
P00009,S004-handoff,5285.869474844648,5295.534984805985,中继,RU-003,127.83586639527485,122.0
P00275,S007-handoff,5288.299319868095,5298.299319868095,中继,RU-002,123.19203596345481,122.0
P00143,leg1-cruise,5289.246950922208,5294.241403558778,直连,,117.10175951814874,122.0
P00044,S003-handoff,5289.736228629934,5299.612628772027,中继,RU-002,127.27724167653642,122.0
P00278,leg1-cruise,5290.424297378606,5295.287933742242,直连,,110.83688781087979,122.0
P00041,S003-handoff,5291.112665531692,5301.112665531692,中继,RU-002,127.27724167653642,122.0
P00143,leg1-cruise,5294.241403558778,5299.235856195348,直连,,117.3296554175176,122.0
P00030,S008-handoff,5294.573157606092,5304.479124367402,中继,RU-003,128.23507991277862,122.0
P00278,leg1-cruise,5295.287933742242,5300.151570105878,直连,,110.98136980038768,122.0
P00009,S004-handoff,5295.534984805985,5305.200494767322,中继,RU-003,127.83586639527485,122.0
P00275,S007-handoff,5298.299319868095,5308.299319868095,中继,RU-002,123.19203596345481,122.0
P00143,leg1-cruise,5299.235856195348,5304.230308831917,直连,,117.55174109181867,122.0
P00044,S003-handoff,5299.612628772027,5309.489028914119,中继,RU-002,127.27724167653642,122.0
P00278,leg1-cruise,5300.151570105878,5305.015206469515,直连,,111.12351273067289,122.0
P00041,S003-handoff,5301.112665531692,5311.112665531692,中继,RU-002,127.27724167653642,122.0
P00143,leg1-cruise,5304.230308831917,5309.224761468486,直连,,117.76830465374265,122.0
P00030,S008-handoff,5304.479124367402,5314.385091128712,中继,RU-003,128.23507991277862,122.0
P00278,leg1-cruise,5305.015206469515,5309.878842833152,直连,,111.26339033429215,122.0
P00009,S004-handoff,5305.200494767322,5314.8660047286585,中继,RU-003,127.83586639527485,122.0
P00275,leg2-climb,5308.299319868095,5316.931888129175,中继,RU-002,123.19316772154245,122.0
P00143,leg1-cruise,5309.224761468486,5314.2192141050555,直连,,117.97961335915494,122.0
P00044,S003-handoff,5309.489028914119,5319.365429056213,中继,RU-002,127.27724167653642,122.0
P00278,leg1-cruise,5309.878842833152,5314.742479196788,直连,,111.40107294890055,122.0
P00041,S003-handoff,5311.112665531692,5321.112665531692,中继,RU-002,127.27724167653642,122.0
P00143,leg1-cruise,5314.2192141050555,5319.213666741625,直连,,118.1859155677839,122.0
P00030,S008-handoff,5314.385091128712,5324.291057890023,中继,RU-003,128.23507991277862,122.0
P00278,leg1-cruise,5314.742479196788,5319.606115560424,直连,,111.53662772016723,122.0
P00009,S004-handoff,5314.8660047286585,5324.531514689996,中继,RU-003,127.83586639527485,122.0
P00275,leg2-climb,5316.931888129175,5325.564456390253,中继,RU-002,123.19564231967838,122.0
P00143,leg1-cruise,5319.213666741625,5324.208119378194,直连,,118.38744247937674,122.0
P00044,leg2-climb,5319.365429056213,5326.781226853773,中继,RU-002,127.27753991775526,122.0
P00278,leg1-cruise,5319.606115560424,5324.46975192406,直连,,111.67011878996526,122.0
P00041,leg2-climb,5321.112665531692,5327.6548450915125,中继,RU-002,127.27755784320428,122.0
P00143,leg1-cruise,5324.208119378194,5329.202572014763,直连,,118.58440967539248,122.0
P00030,S008-handoff,5324.291057890023,5334.197024651333,中继,RU-003,128.23507991277862,122.0
P00278,leg1-cruise,5324.46975192406,5329.333388287696,直连,,121.80160747104999,122.0
P00009,S004-handoff,5324.531514689996,5334.197024651333,中继,RU-003,127.83586639527485,122.0
P00275,leg2-climb,5325.564456390253,5334.197024651333,中继,RU-002,123.19839795345358,122.0
P00044,leg2-climb,5326.781226853773,5334.197024651333,中继,RU-002,127.2781787692497,122.0
P00041,leg2-climb,5327.6548450915125,5334.197024651333,中继,RU-002,127.27823765898363,122.0
P00143,leg1-cruise,5329.202572014763,5334.197024651333,直连,,118.77701849175081,122.0
P00278,leg1-cruise,5329.333388287696,5334.197024651333,直连,,121.9311524093384,122.0
P00009,S004-handoff,5334.197024651333,5343.985321996784,中继,RU-003,127.83586639527485,122.0
P00030,S008-handoff,5334.197024651333,5336.171722663816,中继,RU-003,128.23507991277862,122.0
P00041,leg2-climb,5334.197024651333,5342.961360881079,中继,RU-002,127.27911324697209,122.0
P00044,leg2-climb,5334.197024651333,5343.508282111123,中继,RU-002,127.27896702143595,122.0
P00143,leg1-cruise,5334.197024651333,5342.71017662085,直连,,119.0308769015483,122.0
P00275,leg2-climb,5334.197024651333,5343.72814250679,中继,RU-002,123.20159976865841,122.0
P00278,leg1-cruise,5334.197024651333,5339.168327171055,中继,RU-002,122.0602123494754,122.0
P00030,leg2-climb,5336.171722663816,5344.672500353432,中继,RU-003,128.23529808074372,122.0
P00278,leg1-cruise,5339.168327171055,5344.139629690779,中继,RU-002,122.1887803740812,122.0
P00143,leg1-cruise,5342.71017662085,5351.223328590366,直连,,119.34066340831977,122.0
P00041,leg2-climb,5342.961360881079,5351.725697110825,中继,RU-002,127.28022226087256,122.0
P00044,leg2-climb,5343.508282111123,5352.819539570912,中继,RU-002,127.27992904530217,122.0
P00275,leg2-climb,5343.72814250679,5353.259260362247,中继,RU-002,123.20529309690686,122.0
P00009,S004-handoff,5343.985321996784,5353.773619342233,中继,RU-003,127.83586639527485,122.0
P00278,leg1-cruise,5344.139629690779,5349.110932210502,中继,RU-002,122.31548800592746,122.0
P00030,leg2-climb,5344.672500353432,5353.1732780430475,中继,RU-003,128.2357987831089,122.0
P00278,leg1-cruise,5349.110932210502,5354.0822347302255,中继,RU-002,122.44038788928073,122.0
P00143,leg1-cruise,5351.223328590366,5359.736480559883,直连,,119.63979948715244,122.0
P00041,leg2-climb,5351.725697110825,5360.490033340571,中继,RU-002,127.28144469638937,122.0
P00044,leg2-climb,5352.819539570912,5362.130797030702,中继,RU-002,127.28097998940342,122.0
P00030,leg2-climb,5353.1732780430475,5361.674055732663,中继,RU-003,128.23638528211953,122.0
P00275,leg2-climb,5353.259260362247,5362.7903782177045,中继,RU-002,123.20932672741966,122.0
P00009,S004-handoff,5353.773619342233,5363.561916687684,中继,RU-003,127.83586639527485,122.0
P00278,leg1-cruise,5354.0822347302255,5364.024839769671,中继,RU-002,122.56353048289833,122.0
P00143,leg1-descent,5359.736480559883,5368.6421415706245,直连,,119.78436490661834,122.0
P00041,leg2-climb,5360.490033340571,5369.254369570318,中继,RU-002,127.28278045769089,122.0
P00030,leg2-climb,5361.674055732663,5370.174833422279,中继,RU-003,128.23705754301272,122.0
P00044,leg2-climb,5362.130797030702,5371.4420544904915,中继,RU-002,127.28211978914914,122.0
P00275,leg2-cruise,5362.7903782177045,5367.761680737427,中继,RU-002,123.15451144941713,122.0
P00009,S004-handoff,5363.561916687684,5373.350214033135,中继,RU-003,127.83586639527485,122.0
P00278,leg1-cruise,5364.024839769671,5368.996142289395,中继,RU-002,122.80473541061757,122.0
P00275,leg2-cruise,5367.761680737427,5372.73298325715,中继,RU-002,123.03946705462482,122.0
P00143,leg1-descent,5368.6421415706245,5377.547802581367,直连,,119.78224293556472,122.0
P00278,leg1-cruise,5368.996142289395,5373.967444809118,中继,RU-002,122.92288876113606,122.0
P00041,leg2-climb,5369.254369570318,5378.018705800064,中继,RU-002,127.28422944013346,122.0
P00030,leg2-cruise,5370.174833422279,5374.407690421545,中继,RU-003,128.20338297344793,122.0
P00044,leg2-climb,5371.4420544904915,5380.753311950281,中继,RU-002,127.28334837452901,122.0
P00275,leg2-cruise,5372.73298325715,5377.704285776874,中继,RU-002,122.92288876113606,122.0
P00009,S004-handoff,5373.350214033135,5383.138511378585,中继,RU-003,127.83586639527485,122.0
P00278,leg1-cruise,5373.967444809118,5378.938747328841,中继,RU-002,123.03946705462482,122.0
P00030,leg2-cruise,5374.407690421545,5378.64054742081,中继,RU-003,128.13489467243645,122.0
P00143,leg1-descent,5377.547802581367,5386.45346359211,直连,,119.78057850625036,122.0
P00275,leg2-cruise,5377.704285776874,5382.675588296597,中继,RU-002,122.80473541061757,122.0
P00041,leg2-climb,5378.018705800064,5386.7830420298105,中继,RU-002,127.28579153028853,122.0
P00030,leg2-cruise,5378.64054742081,5382.8734044200755,中继,RU-003,128.06586246416444,122.0
P00278,leg1-cruise,5378.938747328841,5383.910049848564,中继,RU-002,123.15451144941713,122.0
P00044,leg2-climb,5380.753311950281,5390.064569410071,中继,RU-002,127.28466567012717,122.0
P00275,leg2-cruise,5382.675588296597,5387.646890816321,中继,RU-002,122.68496417837505,122.0
P00030,leg2-cruise,5382.8734044200755,5387.1062614193415,中继,RU-003,127.99627764761094,122.0
P00009,S004-handoff,5383.138511378585,5392.926808724035,中继,RU-003,127.83586639527485,122.0
P00278,leg1-descent,5383.910049848564,5393.441167704022,中继,RU-002,123.20967819493264,122.0
P00143,leg1-descent,5386.45346359211,5395.359124602852,直连,,119.77937214525187,122.0
P00041,leg2-climb,5386.7830420298105,5395.547378259556,中继,RU-002,127.28746660597227,122.0
P00030,leg2-cruise,5387.1062614193415,5391.3391184186075,中继,RU-003,127.92613131145812,122.0
P00275,leg2-cruise,5387.646890816321,5392.618193336043,中继,RU-002,122.56353048289833,122.0
P00044,leg2-climb,5390.064569410071,5399.37582686986,中继,RU-002,127.28607159513768,122.0
P00030,leg2-cruise,5391.3391184186075,5395.571975417874,中继,RU-003,127.85541432726117,122.0
P00275,leg2-cruise,5392.618193336043,5397.5894958557665,中继,RU-002,122.44038788928073,122.0
P00009,S004-handoff,5392.926808724035,5402.715106069485,中继,RU-003,127.83586639527485,122.0
P00278,leg1-descent,5393.441167704022,5402.972285559478,中继,RU-002,123.20626963698564,122.0
P00143,S001-handoff,5395.359124602852,5403.931264008894,直连,,119.77894086539243,122.0
P00041,leg2-cruise,5395.547378259556,5404.025390837246,中继,RU-002,127.22748741440742,122.0
P00030,leg2-cruise,5395.571975417874,5399.80483241714,中继,RU-003,127.78411734234513,122.0
P00275,leg2-cruise,5397.5894958557665,5402.56079837549,中继,RU-002,122.31548800592746,122.0
P00044,leg2-climb,5399.37582686986,5408.68708432965,中继,RU-002,127.28756606338094,122.0
P00030,leg2-cruise,5399.80483241714,5404.037689416405,中继,RU-003,127.71223077240477,122.0
P00275,leg2-cruise,5402.56079837549,5407.532100895212,中继,RU-002,122.1887803740812,122.0
P00009,S004-handoff,5402.715106069485,5412.503403414936,中继,RU-003,127.83586639527485,122.0
P00278,leg1-descent,5402.972285559478,5412.503403414936,中继,RU-002,123.20309724153574,122.0
P00143,S001-handoff,5403.931264008894,5412.503403414936,直连,,119.77894086539243,122.0
P00041,leg2-cruise,5404.025390837246,5412.503403414936,中继,RU-002,127.10447901300486,122.0
P00030,leg2-cruise,5404.037689416405,5408.27054641567,中继,RU-003,127.63974479380093,122.0
P00275,leg2-cruise,5407.532100895212,5412.503403414936,中继,RU-002,122.0602123494754,122.0
P00030,leg2-cruise,5408.27054641567,5412.503403414936,中继,RU-003,127.56664933553216,122.0
P00044,leg2-cruise,5408.68708432965,5412.503403414936,中继,RU-002,127.25415468172305,122.0
P00009,S004-handoff,5412.503403414936,5421.915271878728,中继,RU-003,127.83586639527485,122.0
P00030,leg2-cruise,5412.503403414936,5417.349828554445,中继,RU-003,127.48756705056329,122.0
P00041,leg2-cruise,5412.503403414936,5417.349828554445,中继,RU-002,127.00658281573845,122.0
P00044,leg2-cruise,5412.503403414936,5417.349828554445,中继,RU-002,127.17604040633303,122.0
P00143,S001-handoff,5412.503403414936,5422.083151720108,直连,,119.77894086539243,122.0
P00275,leg2-cruise,5412.503403414936,5417.349828554445,直连,,121.93137993422545,122.0
P00278,leg1-descent,5412.503403414936,5421.702382528226,中继,RU-002,123.20021065115363,122.0
P00030,leg2-cruise,5417.349828554445,5422.1962536939545,中继,RU-003,127.40233890145493,122.0
P00041,leg2-cruise,5417.349828554445,5422.1962536939545,中继,RU-002,126.93467092206762,122.0
P00044,leg2-cruise,5417.349828554445,5422.1962536939545,中继,RU-002,127.08779913502612,122.0
P00275,leg2-cruise,5417.349828554445,5422.1962536939545,直连,,121.80230019371213,122.0
P00278,leg1-descent,5421.702382528226,5430.901361641516,中继,RU-002,123.19759815532738,122.0
P00009,S004-handoff,5421.915271878728,5431.32714034252,中继,RU-003,127.83586639527485,122.0
P00143,S001-handoff,5422.083151720108,5431.662900025279,直连,,119.77894086539243,122.0
P00030,leg2-cruise,5422.1962536939545,5427.0426788334635,中继,RU-003,127.31626695427099,122.0
P00041,leg2-cruise,5422.1962536939545,5427.0426788334635,中继,RU-002,126.86216071597508,122.0
P00044,leg2-cruise,5422.1962536939545,5427.0426788334635,中继,RU-002,126.99865515432957,122.0
P00275,leg2-cruise,5422.1962536939545,5427.0426788334635,直连,,111.67129074670423,122.0
P00030,leg2-cruise,5427.0426788334635,5431.889103972972,中继,RU-003,127.22933435033339,122.0
P00041,leg2-cruise,5427.0426788334635,5431.889103972972,中继,RU-002,126.78904219546227,122.0
P00044,leg2-cruise,5427.0426788334635,5431.889103972972,中继,RU-002,126.9085898716268,122.0
P00275,leg2-cruise,5427.0426788334635,5431.889103972972,直连,,111.53829358594176,122.0
P00278,leg1-descent,5430.901361641516,5440.100340754805,中继,RU-002,123.19520697492412,122.0
P00009,S004-handoff,5431.32714034252,5440.739008806312,中继,RU-003,127.83586639527485,122.0
P00143,S001-handoff,5431.662900025279,5441.242648330451,直连,,119.77894086539243,122.0
P00030,leg2-cruise,5431.889103972972,5436.735529112482,中继,RU-003,127.14152372112581,122.0
P00041,leg2-cruise,5431.889103972972,5436.735529112482,中继,RU-002,126.71530510656525,122.0
P00044,leg2-cruise,5431.889103972972,5436.735529112482,中继,RU-002,126.8175841160473,122.0
P00275,leg2-cruise,5431.889103972972,5436.735529112482,直连,,111.4032480762618,122.0
P00030,leg2-cruise,5436.735529112482,5441.581954251991,中继,RU-003,127.05281716754442,122.0
P00041,leg2-cruise,5436.735529112482,5441.581954251991,中继,RU-002,126.6409389348583,122.0
P00044,leg2-cruise,5436.735529112482,5441.581954251991,中继,RU-002,126.72561811432728,122.0
P00275,leg2-cruise,5436.735529112482,5441.581954251991,直连,,111.26609079528644,122.0
P00278,leg1-descent,5440.100340754805,5449.299319868095,中继,RU-002,123.19303747652393,122.0
P00009,S004-handoff,5440.739008806312,5450.150877270104,中继,RU-003,127.83586639527485,122.0
P00143,S001-handoff,5441.242648330451,5450.822396635622,直连,,119.77894086539243,122.0
P00030,leg2-cruise,5441.581954251991,5446.4283793915,中继,RU-003,126.96319623808962,122.0
P00041,leg2-cruise,5441.581954251991,5446.4283793915,中继,RU-002,126.56593289658541,122.0
P00044,leg2-cruise,5441.581954251991,5446.4283793915,中继,RU-002,126.63267146540727,122.0
P00275,leg2-cruise,5441.581954251991,5446.4283793915,直连,,111.12675536198317,122.0
P00030,leg2-cruise,5446.4283793915,5451.274804531009,中继,RU-003,126.87264190592015,122.0
P00041,leg2-cruise,5446.4283793915,5451.274804531009,中继,RU-002,126.49027592943074,122.0
P00044,leg2-cruise,5446.4283793915,5451.274804531009,中继,RU-002,126.5387231136782,122.0
P00275,leg2-cruise,5446.4283793915,5451.274804531009,直连,,110.98517225205482,122.0
P00278,S007-handoff,5449.299319868095,5459.101919295053,中继,RU-002,123.19203596345481,122.0
P00009,S004-handoff,5450.150877270104,5459.562745733896,中继,RU-003,127.83586639527485,122.0
P00143,S001-handoff,5450.822396635622,5460.402144940794,直连,,119.77894086539243,122.0
P00030,leg2-cruise,5451.274804531009,5456.121229670518,中继,RU-003,126.78113454471136,122.0
P00041,leg2-cruise,5451.274804531009,5456.121229670518,中继,RU-002,126.41395668287467,122.0
P00044,leg2-cruise,5451.274804531009,5456.121229670518,中继,RU-002,126.4437513207958,122.0
P00275,leg2-cruise,5451.274804531009,5456.121229670518,直连,,110.84126859888579,122.0
P00030,leg2-cruise,5456.121229670518,5460.967654810028,中继,RU-003,126.68865390322875,122.0
P00041,leg2-cruise,5456.121229670518,5460.967654810028,中继,RU-002,126.3369635081414,122.0
P00044,leg2-cruise,5456.121229670518,5460.967654810028,中继,RU-002,126.34773363596574,122.0
P00275,leg2-cruise,5456.121229670518,5460.967654810028,直连,,110.69496797872151,122.0
P00278,S007-handoff,5459.101919295053,5468.904518722012,中继,RU-002,123.19203596345481,122.0
P00009,leg2-climb,5459.562745733896,5469.273555234454,中继,RU-003,127.83601868585879,122.0
P00143,S001-handoff,5460.402144940794,5469.981893245965,直连,,119.77894086539243,122.0
P00030,leg2-cruise,5460.967654810028,5465.814079949538,中继,RU-003,126.59517907854493,122.0
P00041,leg2-cruise,5460.967654810028,5465.814079949538,中继,RU-002,126.25928444769451,122.0
P00044,leg2-cruise,5460.967654810028,5465.814079949538,中继,RU-002,126.25064686460249,122.0
P00275,leg2-cruise,5460.967654810028,5465.814079949538,直连,,110.54619017857266,122.0
P00030,leg2-cruise,5465.814079949538,5470.660505089047,中继,RU-003,126.50068848780788,122.0
P00041,leg2-cruise,5465.814079949538,5470.660505089047,中继,RU-002,126.18090722428919,122.0
P00044,leg2-cruise,5465.814079949538,5470.660505089047,中继,RU-002,126.15246703525617,122.0
P00275,leg2-cruise,5465.814079949538,5470.660505089047,直连,,110.39485094519871,122.0
P00278,S007-handoff,5468.904518722012,5478.707118148969,中继,RU-002,123.19203596345481,122.0
P00009,leg2-climb,5469.273555234454,5478.984364735012,中继,RU-003,127.83638723235934,122.0
P00143,S001-handoff,5469.981893245965,5479.561641551137,直连,,119.77894086539243,122.0
P00030,leg2-cruise,5470.660505089047,5475.506930228556,中继,RU-003,126.40515983846193,122.0
P00041,leg2-cruise,5470.660505089047,5475.506930228556,中继,RU-002,126.10181922951465,122.0
P00044,leg2-cruise,5470.660505089047,5475.506930228556,中继,RU-002,126.05316936468456,122.0
P00275,leg2-cruise,5470.660505089047,5475.506930228556,直连,,110.2408617132793,122.0
P00030,leg2-cruise,5475.506930228556,5480.3533553680645,中继,RU-003,126.30857009682413,122.0
P00041,leg2-cruise,5475.506930228556,5480.3533553680645,中继,RU-002,126.02200751183547,122.0
P00044,leg2-cruise,5475.506930228556,5480.3533553680645,中继,RU-002,125.95272822095299,122.0
P00275,leg2-cruise,5475.506930228556,5480.3533553680645,直连,,110.08412931077534,122.0
P00278,S007-handoff,5478.707118148969,5488.509717575927,中继,RU-002,123.19203596345481,122.0
P00009,leg2-climb,5478.984364735012,5488.6951742355695,中继,RU-003,127.8368410473528,122.0
P00143,S001-handoff,5479.561641551137,5489.141389856308,直连,,119.77894086539243,122.0
P00030,leg2-cruise,5480.3533553680645,5485.199780507573,中继,RU-003,126.21089545490851,122.0
P00041,leg2-cruise,5480.3533553680645,5485.199780507573,中继,RU-002,125.94145876407873,122.0
P00044,leg2-cruise,5480.3533553680645,5485.199780507573,中继,RU-002,125.85111708442244,122.0
P00275,leg2-cruise,5480.3533553680645,5485.199780507573,直连,,109.92455563914481,122.0
P00030,leg2-cruise,5485.199780507573,5490.046205647083,中继,RU-003,126.11211129536846,122.0
P00041,leg2-cruise,5485.199780507573,5490.046205647083,中继,RU-002,125.86015931036664,122.0
P00044,leg2-cruise,5485.199780507573,5490.046205647083,中继,RU-002,125.74830850648306,122.0
P00275,leg2-cruise,5485.199780507573,5490.046205647083,直连,,109.76203732587184,122.0
P00278,S007-handoff,5488.509717575927,5498.312317002886,中继,RU-002,123.19203596345481,122.0
P00009,leg2-climb,5488.6951742355695,5498.405983736128,中继,RU-003,127.83738010410832,122.0
P00143,S001-handoff,5489.141389856308,5498.72113816148,直连,,119.77894086539243,122.0
P00030,leg2-cruise,5490.046205647083,5494.892630786592,中继,RU-003,126.0121921544372,122.0
P00041,leg2-cruise,5490.046205647083,5494.892630786592,中继,RU-002,125.77809509242842,122.0
P00044,leg2-cruise,5490.046205647083,5494.892630786592,中继,RU-002,125.64427406587068,122.0
P00275,leg2-cruise,5490.046205647083,5494.892630786592,直连,,109.59646534644212,122.0
P00030,leg2-cruise,5494.892630786592,5499.739055926101,中继,RU-003,125.91111168272946,122.0
P00041,leg2-cruise,5494.892630786592,5499.739055926101,中继,RU-002,125.69525165528412,122.0
P00044,leg2-cruise,5494.892630786592,5499.739055926101,中继,RU-002,125.53898432240578,122.0
P00275,leg2-cruise,5494.892630786592,5499.739055926101,直连,,109.42772461259024,122.0
P00278,S007-handoff,5498.312317002886,5508.114916429844,中继,RU-002,123.19203596345481,122.0
P00009,leg2-climb,5498.405983736128,5508.116793236686,中继,RU-003,127.83800437088259,122.0
P00143,S001-handoff,5498.72113816148,5508.300886466651,直连,,119.77894086539243,122.0
P00030,leg2-cruise,5499.739055926101,5504.585481065611,中继,RU-003,125.80884260374383,122.0
P00041,leg2-cruise,5499.739055926101,5504.585481065611,中继,RU-002,125.61161413224733,122.0
P00044,leg2-cruise,5499.739055926101,5504.585481065611,中继,RU-002,125.43240876795085,122.0
P00275,leg2-cruise,5499.739055926101,5504.585481065611,直连,,109.2556935231892,122.0
P00030,leg2-cruise,5504.585481065611,5509.43190620512,中继,RU-003,125.70535666991421,122.0
P00041,leg2-cruise,5504.585481065611,5509.43190620512,中继,RU-002,125.52716722923229,122.0
P00044,leg2-cruise,5504.585481065611,5509.43190620512,中继,RU-002,125.32451577442025,122.0
P00275,leg2-cruise,5504.585481065611,5509.43190620512,直连,,109.08024347382712,122.0
P00278,S007-handoff,5508.114916429844,5517.917515856801,中继,RU-002,123.19203596345481,122.0
P00009,leg2-climb,5508.116793236686,5517.827602737244,中继,RU-003,127.83871381092604,122.0
P00143,S001-handoff,5508.300886466651,5517.880634771823,直连,,119.77894086539243,122.0
P00030,leg2-cruise,5509.43190620512,5514.278331344629,中继,RU-003,125.60062461602949,122.0
P00041,leg2-cruise,5509.43190620512,5514.278331344629,中继,RU-002,125.44189520829264,122.0
P00044,leg2-cruise,5509.43190620512,5514.278331344629,中继,RU-002,125.21527253858366,122.0
P00275,leg2-cruise,5509.43190620512,5514.278331344629,直连,,108.90123832050901,122.0
P00030,leg2-cruise,5514.278331344629,5519.124756484138,中继,RU-003,125.49461610982604,122.0
P00041,leg2-cruise,5514.278331344629,5519.124756484138,中继,RU-002,125.35578187037567,122.0
P00044,leg2-cruise,5514.278331344629,5519.124756484138,中继,RU-002,125.10464502345835,122.0
P00275,leg2-cruise,5514.278331344629,5519.124756484138,直连,,108.71853379244644,122.0
P00009,leg2-climb,5517.827602737244,5527.538412237802,中继,RU-003,127.83950838249001,122.0
P00143,S001-handoff,5517.880634771823,5527.460383076994,直连,,119.77894086539243,122.0
P00278,S007-handoff,5517.917515856801,5527.72011528376,中继,RU-002,123.19203596345481,122.0
P00030,leg2-cruise,5519.124756484138,5523.971181623647,中继,RU-003,125.387299699554,122.0
P00041,leg2-cruise,5519.124756484138,5523.971181623647,中继,RU-002,125.26881053722414,122.0
P00044,leg2-cruise,5519.124756484138,5523.971181623647,中继,RU-002,124.99259789602523,122.0
P00275,leg2-cruise,5519.124756484138,5523.971181623647,直连,,108.53197684819902,122.0
P00030,leg2-cruise,5523.971181623647,5528.817606763157,中继,RU-003,125.27864275828765,122.0
P00041,leg2-cruise,5523.971181623647,5528.817606763157,中继,RU-002,125.18096403240659,122.0
P00044,leg2-cruise,5523.971181623647,5528.817606763157,中继,RU-002,124.8790944609842,122.0
P00275,leg2-cruise,5523.971181623647,5528.817606763157,直连,,108.34140496877856,122.0
P00143,S001-handoff,5527.460383076994,5537.040131382166,直连,,119.77894086539243,122.0
P00009,leg2-cruise,5527.538412237802,5532.448797103579,中继,RU-003,127.79858432398575,122.0
P00278,S007-handoff,5527.72011528376,5537.522714710718,中继,RU-002,123.19203596345481,122.0
P00030,leg2-cruise,5528.817606763157,5533.6640319026665,中继,RU-003,125.16861142473213,122.0
P00041,leg2-cruise,5528.817606763157,5533.6640319026665,中继,RU-002,125.0922246613839,122.0
P00044,leg2-cruise,5528.817606763157,5533.6640319026665,中继,RU-002,124.76409659025467,122.0
P00275,leg2-cruise,5528.817606763157,5533.6640319026665,直连,,108.14664538039386,122.0
P00009,leg2-cruise,5532.448797103579,5537.359181969356,中继,RU-003,127.71528307554419,122.0
P00030,leg2-cruise,5533.6640319026665,5538.510457042175,中继,RU-003,125.05717054026204,122.0
P00041,leg2-cruise,5533.6640319026665,5538.510457042175,中继,RU-002,125.00257419058786,122.0
P00044,leg2-cruise,5533.6640319026665,5538.510457042175,中继,RU-002,124.64756464788485,122.0
P00275,leg2-cruise,5533.6640319026665,5538.510457042175,直连,,107.9475141987432,122.0
P00143,S001-handoff,5537.040131382166,5546.619879687337,直连,,119.77894086539243,122.0
P00009,leg2-cruise,5537.359181969356,5542.2695668351325,中继,RU-003,127.63117606486456,122.0
P00278,S007-handoff,5537.522714710718,5547.325314137676,中继,RU-002,123.19203596345481,122.0
P00030,leg2-cruise,5538.510457042175,5543.356882181684,中继,RU-003,124.94428358190554,122.0
P00041,leg2-cruise,5538.510457042175,5543.356882181684,中继,RU-002,124.9119938254372,122.0
P00044,leg2-cruise,5538.510457042175,5543.356882181684,中继,RU-002,124.52945741001186,122.0
P00275,leg2-cruise,5538.510457042175,5543.356882181684,直连,,107.74381548553745,122.0
P00009,leg2-cruise,5542.2695668351325,5547.179951700909,中继,RU-003,127.54624756904498,122.0
P00030,leg2-cruise,5543.356882181684,5548.203307321193,中继,RU-003,124.82991259094513,122.0
P00041,leg2-cruise,5543.356882181684,5548.203307321193,中继,RU-002,124.82046418721937,122.0
P00044,leg2-cruise,5543.356882181684,5548.203307321193,中继,RU-002,124.40973197947781,122.0
P00275,leg2-cruise,5543.356882181684,5548.203307321193,直连,,107.5353402068463,122.0
P00143,S001-handoff,5546.619879687337,5556.199627992509,直连,,119.77894086539243,122.0
P00009,leg2-cruise,5547.179951700909,5552.090336566686,中继,RU-003,127.46048140097233,122.0
P00278,S007-handoff,5547.325314137676,5557.127913564635,中继,RU-002,123.19203596345481,122.0
P00030,leg2-cruise,5548.203307321193,5553.049732460702,中继,RU-003,124.71401809679712,122.0
P00041,leg2-cruise,5548.203307321193,5553.049732460702,中继,RU-002,124.727965288798,122.0
P00044,leg2-cruise,5548.203307321193,5553.049732460702,中继,RU-002,124.28834369467198,122.0
P00275,leg2-cruise,5548.203307321193,5553.049732460702,直连,,107.32186508148696,122.0
P00009,leg2-cruise,5552.090336566686,5557.000721432463,中继,RU-003,127.37386089088685,122.0
P00030,leg2-cruise,5553.049732460702,5557.896157600212,中继,RU-003,124.59655903579353,122.0
P00041,leg2-cruise,5553.049732460702,5557.896157600212,中继,RU-002,124.63447650903186,122.0
P00044,leg2-cruise,5553.049732460702,5557.896157600212,中继,RU-002,124.16524603212753,122.0
P00275,leg2-cruise,5553.049732460702,5557.896157600212,直连,,107.10315130605832,122.0
P00143,S001-handoff,5556.199627992509,5565.77937629768,直连,,119.77894086539243,122.0
P00009,leg2-cruise,5557.000721432463,5561.91110629824,中继,RU-003,127.28636886702657,122.0
P00278,S007-handoff,5557.127913564635,5566.930512991592,中继,RU-002,123.19203596345481,122.0
P00030,leg2-cruise,5557.896157600212,5562.742582739721,中继,RU-003,124.47749266443526,122.0
P00041,leg2-cruise,5557.896157600212,5562.742582739721,中继,RU-002,124.539976565856,122.0
P00044,leg2-cruise,5557.896157600212,5562.742582739721,中继,RU-002,124.04039050235843,122.0
P00275,leg2-cruise,5557.896157600212,5562.742582739721,直连,,106.87894314167346,122.0
P00009,leg2-cruise,5561.91110629824,5566.821491164017,中继,RU-003,127.1979876352905,122.0
P00030,leg2-cruise,5562.742582739721,5567.58900787923,中继,RU-003,124.35677446667907,122.0
P00041,leg2-cruise,5562.742582739721,5567.58900787923,中继,RU-002,124.44444348791947,122.0
P00044,leg2-cruise,5562.742582739721,5567.58900787923,中继,RU-002,123.91372653836478,122.0
P00275,leg2-cruise,5562.742582739721,5567.58900787923,直连,,106.64896634535836,122.0
P00143,S001-handoff,5565.77937629768,5575.359124602852,直连,,119.77894086539243,122.0
P00009,leg2-cruise,5566.821491164017,5571.731876029794,中继,RU-003,127.10869895786122,122.0
P00278,S007-handoff,5566.930512991592,5576.73311241855,中继,RU-002,123.19203596345481,122.0
P00030,leg2-cruise,5567.58900787923,5572.43543301874,中继,RU-003,124.23435805475061,122.0
P00041,leg2-cruise,5567.58900787923,5572.43543301874,中继,RU-002,124.34785458471497,122.0
P00044,leg2-cruise,5567.58900787923,5572.43543301874,中继,RU-002,123.78520137619462,122.0
P00275,leg2-cruise,5567.58900787923,5572.43543301874,直连,,106.41292642707404,122.0
P00009,leg2-cruise,5571.731876029794,5576.642260895571,中继,RU-003,127.0184840307291,122.0
P00030,leg2-cruise,5572.43543301874,5577.281858158249,中继,RU-003,124.11019506293286,122.0
P00041,leg2-cruise,5572.43543301874,5577.281858158249,中继,RU-002,124.2501864150645,122.0
P00044,leg2-cruise,5572.43543301874,5577.281858158249,中继,RU-002,123.65475992686866,122.0
P00275,leg2-cruise,5572.43543301874,5577.281858158249,直连,,106.17050671095984,122.0
P00143,leg2-climb,5575.359124602852,5585.254303503676,直连,,119.77954137711585,122.0
P00009,leg2-cruise,5576.642260895571,5581.552645761349,中继,RU-003,126.92732346003787,122.0
P00278,S007-handoff,5576.73311241855,5586.535711845509,中继,RU-002,123.19203596345481,122.0
P00030,leg2-cruise,5577.281858158249,5582.128283297758,中继,RU-003,123.98423503372815,122.0
P00041,leg2-cruise,5577.281858158249,5582.128283297758,中继,RU-002,124.15141475388634,122.0
P00044,leg2-cruise,5577.281858158249,5582.128283297758,中继,RU-002,123.52234463892344,122.0
P00275,leg2-cruise,5577.281858158249,5582.128283297758,直连,,105.9213661769498,122.0
P00009,leg2-cruise,5581.552645761349,5586.463030627126,中继,RU-003,126.83519723718953,122.0
P00030,leg2-cruise,5582.128283297758,5586.9747084372675,中继,RU-003,123.8564252957351,122.0
P00041,leg2-cruise,5582.128283297758,5586.9747084372675,中继,RU-002,124.05151455710397,122.0
P00044,leg2-cruise,5582.128283297758,5586.9747084372675,中继,RU-002,123.38789535073785,122.0
P00275,leg2-cruise,5582.128283297758,5586.9747084372675,直连,,105.66513705624138,122.0
P00143,leg2-climb,5585.254303503676,5595.149482404501,直连,,119.78135349189522,122.0
P00009,leg2-cruise,5586.463030627126,5591.3734154929025,中继,RU-003,126.74208471262077,122.0
P00278,S007-handoff,5586.535711845509,5596.338311272467,中继,RU-002,123.19203596345481,122.0
P00030,leg2-cruise,5586.9747084372675,5591.821133576776,中继,RU-003,123.72671083249236,122.0
P00041,leg2-cruise,5586.9747084372675,5591.821133576776,中继,RU-002,123.95045992460646,122.0
P00044,leg2-cruise,5586.9747084372675,5591.821133576776,中继,RU-002,123.25134913173478,122.0
P00275,leg2-cruise,5586.9747084372675,5591.821133576776,直连,,105.40142215165606,122.0
P00009,leg2-cruise,5591.3734154929025,5596.283800358679,中继,RU-003,126.64796456816663,122.0
P00030,leg2-cruise,5591.821133576776,5596.667558716285,中继,RU-003,123.59503414149351,122.0
P00041,leg2-cruise,5591.821133576776,5596.667558716285,中继,RU-002,123.84822406108891,122.0
P00044,leg2-cruise,5591.821133576776,5596.667558716285,中继,RU-002,123.11264011143543,122.0
P00275,leg2-cruise,5591.821133576776,5596.667558716285,直连,,105.1297918513924,122.0
P00143,leg2-climb,5595.149482404501,5605.0446613053255,直连,,119.78397949772656,122.0
P00009,leg2-cruise,5596.283800358679,5601.194185224456,中继,RU-003,126.55281478792303,122.0
P00278,S007-handoff,5596.338311272467,5606.140910699424,中继,RU-002,123.19203596345481,122.0
P00030,leg2-cruise,5596.667558716285,5601.513983855795,中继,RU-003,123.46133508247047,122.0
P00041,leg2-cruise,5596.667558716285,5601.513983855795,中继,RU-002,123.74477923465801,122.0
P00044,leg2-cruise,5596.667558716285,5601.513983855795,中继,RU-002,122.97169929527487,122.0
P00275,leg2-cruise,5596.667558716285,5601.513983855795,直连,,104.84978080287576,122.0
P00009,leg2-cruise,5601.194185224456,5606.104570090233,中继,RU-003,126.45661262750943,122.0
P00030,leg2-cruise,5601.513983855795,5606.360408995304,中继,RU-003,123.32555071394725,122.0
P00041,leg2-cruise,5601.513983855795,5606.360408995304,中继,RU-002,123.64009673302611,122.0
P00044,leg2-cruise,5601.513983855795,5606.360408995304,中继,RU-002,122.82845436590429,122.0
P00275,leg2-cruise,5601.513983855795,5606.360408995304,直连,,104.56088421255852,122.0
P00143,leg2-cruise,5605.0446613053255,5611.945144054664,直连,,119.66760657673413,122.0
P00009,leg2-cruise,5606.104570090233,5611.01495495601,中继,RU-003,126.35933458161328,122.0
P00278,S007-handoff,5606.140910699424,5615.9435101263825,中继,RU-002,123.19203596345481,122.0
P00030,leg2-cruise,5606.360408995304,5611.206834134813,中继,RU-003,123.18761511697289,122.0
P00041,leg2-cruise,5606.360408995304,5611.206834134813,中继,RU-002,123.53414681716089,122.0
P00044,leg2-cruise,5606.360408995304,5611.206834134813,中继,RU-002,122.68282946863512,122.0
P00275,leg2-cruise,5606.360408995304,5611.206834134813,直连,,104.26255373850552,122.0
P00009,leg2-cruise,5611.01495495601,5615.925339821787,中继,RU-003,126.26095634972064,122.0
P00030,leg2-cruise,5611.206834134813,5616.053259274322,中继,RU-003,123.04745920480927,122.0
P00041,leg2-cruise,5611.206834134813,5616.053259274322,中继,RU-002,123.4268986721649,122.0
P00044,leg2-cruise,5611.206834134813,5616.053259274322,中继,RU-002,122.53474497949087,122.0
P00275,leg2-cruise,5611.206834134813,5616.053259274322,直连,,103.95419294663418,122.0
P00143,leg2-cruise,5611.945144054664,5618.845626804003,直连,,119.42671368982764,122.0
P00009,leg2-cruise,5615.925339821787,5620.835724687564,中继,RU-003,126.16145279989024,122.0
P00278,S007-handoff,5615.9435101263825,5625.746109553341,中继,RU-002,123.19203596345481,122.0
P00030,leg2-cruise,5616.053259274322,5620.899684413831,中继,RU-003,122.90501051719225,122.0
P00041,leg2-cruise,5616.053259274322,5620.899684413831,中继,RU-002,123.31832035522594,122.0
P00044,leg2-cruise,5616.053259274322,5620.899684413831,中继,RU-002,122.38411725416493,122.0
P00275,leg2-cruise,5616.053259274322,5620.899684413831,直连,,103.63515231091966,122.0
P00143,leg2-cruise,5618.845626804003,5625.746109553341,直连,,119.1789615357267,122.0
P00009,leg2-cruise,5620.835724687564,5625.746109553341,中继,RU-003,126.06079793045026,122.0
P00030,leg2-cruise,5620.899684413831,5625.746109553341,中继,RU-003,112.76019299768375,122.0
P00041,leg2-cruise,5620.899684413831,5625.746109553341,中继,RU-002,123.20837874039657,122.0
P00044,leg2-cruise,5620.899684413831,5625.746109553341,中继,RU-002,122.23085835600799,122.0
P00275,leg2-cruise,5620.899684413831,5625.746109553341,直连,,103.30472375513095,122.0
P00009,leg2-cruise,5625.746109553341,5630.825262328153,中继,RU-003,125.95720438840536,122.0
P00030,leg2-cruise,5625.746109553341,5630.825262328153,直连,,112.60936006381117,122.0
P00041,leg2-cruise,5625.746109553341,5630.825262328153,中继,RU-002,123.09434870232039,122.0
P00044,leg2-cruise,5625.746109553341,5630.825262328153,中继,RU-002,122.0710963006535,122.0
P00143,leg2-cruise,5625.746109553341,5630.825262328153,直连,,118.9580342330699,122.0
P00275,leg2-cruise,5625.746109553341,5630.825262328153,直连,,102.95375278628644,122.0
P00278,S007-handoff,5625.746109553341,5629.299319868095,中继,RU-002,123.19203596345481,122.0
P00278,leg2-climb,5629.299319868095,5635.904415102967,中继,RU-002,123.19289558732201,122.0
P00009,leg2-cruise,5630.825262328153,5635.904415102967,中继,RU-003,125.85058028639641,122.0
P00030,leg2-cruise,5630.825262328153,5635.904415102967,直连,,112.45223754647296,122.0
P00041,leg2-cruise,5630.825262328153,5635.904415102967,中继,RU-002,122.9760874309756,122.0
P00044,leg2-cruise,5630.825262328153,5635.904415102967,直连,,121.90452166452077,122.0
P00143,leg2-cruise,5630.825262328153,5635.904415102967,直连,,118.76619897969294,122.0
P00275,leg2-cruise,5630.825262328153,5635.904415102967,直连,,102.58040245290746,122.0
P00009,leg2-cruise,5635.904415102967,5640.578043006115,中继,RU-003,125.74696831221026,122.0
P00030,leg2-cruise,5635.904415102967,5640.578043006115,直连,,112.29867319178024,122.0
P00041,leg2-cruise,5635.904415102967,5645.251670909262,中继,RU-002,122.805346465856,122.0
P00044,leg2-cruise,5635.904415102967,5640.578043006115,直连,,121.74156878315466,122.0
P00143,leg2-cruise,5635.904415102967,5645.251670909262,直连,,118.4862851504797,122.0
P00275,leg2-cruise,5635.904415102967,5645.251670909262,直连,,102.02349496771738,122.0
P00278,leg2-climb,5635.904415102967,5645.251670909262,中继,RU-002,123.19514162123278,122.0
P00009,leg2-cruise,5640.578043006115,5645.251670909262,中继,RU-003,125.64649300883877,122.0
P00030,leg2-cruise,5640.578043006115,5645.251670909262,直连,,112.14890945463732,122.0
P00044,leg2-cruise,5640.578043006115,5645.251670909262,直连,,111.58250381605063,122.0
P00009,leg2-cruise,5645.251670909262,5649.92529881241,中继,RU-003,125.5448438869354,122.0
P00030,leg2-cruise,5645.251670909262,5649.92529881241,直连,,111.99652645447068,122.0
P00041,leg2-cruise,5645.251670909262,5654.598926715558,中继,RU-002,122.5790256665101,122.0
P00044,leg2-cruise,5645.251670909262,5649.92529881241,直连,,111.42050808437409,122.0
P00143,leg2-cruise,5645.251670909262,5654.598926715558,直连,,118.10963135632885,122.0
P00275,leg2-cruise,5645.251670909262,5654.598926715558,直连,,101.25007037252102,122.0
P00278,leg2-climb,5645.251670909262,5654.598926715558,中继,RU-002,123.19807914851619,122.0
P00009,leg2-cruise,5649.92529881241,5654.598926715558,中继,RU-003,125.44199324552865,122.0
P00030,leg2-cruise,5649.92529881241,5654.598926715558,直连,,111.84143125228486,122.0
P00044,leg2-cruise,5649.92529881241,5654.598926715558,直连,,111.25547303904844,122.0
P00009,leg2-cruise,5654.598926715558,5659.272554618707,中继,RU-003,125.33791239320092,122.0
P00030,leg2-cruise,5654.598926715558,5659.272554618707,直连,,111.68352589073162,122.0
P00041,leg2-cruise,5654.598926715558,5663.946182521854,中继,RU-002,122.34670925479861,122.0
P00044,leg2-cruise,5654.598926715558,5659.272554618707,直连,,111.08728407766563,122.0
P00143,leg2-cruise,5654.598926715558,5663.946182521854,直连,,117.71594471246172,122.0
P00275,leg2-cruise,5654.598926715558,5663.946182521854,直连,,100.41027479433872,122.0
P00278,leg2-climb,5654.598926715558,5663.946182521854,中继,RU-002,123.20134561519858,122.0
P00009,leg2-cruise,5659.272554618707,5663.946182521854,中继,RU-003,125.23257160040144,122.0
P00030,leg2-cruise,5659.272554618707,5663.946182521854,直连,,111.52270702756766,122.0
P00044,leg2-cruise,5659.272554618707,5663.946182521854,直连,,110.91582009364518,122.0
P00009,leg2-cruise,5663.946182521854,5668.619810425002,中继,RU-003,125.12594004884481,122.0
P00030,leg2-cruise,5663.946182521854,5668.619810425002,直连,,111.35886553513964,122.0
P00041,leg2-cruise,5663.946182521854,5673.29343832815,中继,RU-002,122.10807444500828,122.0
P00044,leg2-cruise,5663.946182521854,5668.619810425002,直连,,110.7409529834947,122.0
P00143,leg2-cruise,5663.946182521854,5673.29343832815,直连,,117.30361608372023,122.0
P00275,leg2-cruise,5663.946182521854,5673.29343832815,直连,,99.49432848611704,122.0
P00278,leg2-climb,5663.946182521854,5673.29343832815,中继,RU-002,123.20494027808178,122.0
P00009,leg2-cruise,5668.619810425002,5673.29343832815,中继,RU-003,115.01798577780762,122.0
P00030,leg2-cruise,5668.619810425002,5673.29343832815,直连,,111.19188606210558,122.0
P00044,leg2-cruise,5668.619810425002,5673.29343832815,直连,,110.56254710751237,122.0
P00009,leg2-cruise,5673.29343832815,5676.493459189755,中继,RU-003,114.92599993145618,122.0
P00030,leg2-cruise,5673.29343832815,5676.493459189755,直连,,111.04870667804404,122.0
P00041,leg2-cruise,5673.29343832815,5676.493459189755,直连,,121.94419214002504,122.0
P00044,leg2-cruise,5673.29343832815,5676.493459189755,直连,,110.4094158006168,122.0
P00143,leg2-cruise,5673.29343832815,5676.493459189755,直连,,117.01550532244738,122.0
P00275,leg2-cruise,5673.29343832815,5676.493459189755,直连,,98.83156260805933,122.0
P00278,leg2-climb,5673.29343832815,5676.493459189755,中继,RU-002,123.20753657946358,122.0
P00009,leg2-cruise,5676.493459189755,5681.244287875187,直连,,114.8321150449641,122.0
P00030,leg2-cruise,5676.493459189755,5681.244287875187,直连,,110.90169794988022,122.0
P00041,leg2-cruise,5676.493459189755,5681.244287875187,直连,,121.83873921398549,122.0
P00044,leg2-cruise,5676.493459189755,5681.244287875187,直连,,110.25203931842586,122.0
P00143,leg2-cruise,5676.493459189755,5685.995116560619,直连,,116.71381051768701,122.0
P00275,leg2-cruise,5676.493459189755,5681.244287875187,直连,,98.3898992443411,122.0
P00278,leg2-climb,5676.493459189755,5683.7903782177045,中继,RU-002,123.20982172801334,122.0
P00009,leg2-cruise,5681.244287875187,5685.995116560619,直连,,114.71857335572517,122.0
P00030,leg2-cruise,5681.244287875187,5685.995116560619,直连,,110.7227023156683,122.0
P00041,leg2-cruise,5681.244287875187,5685.995116560619,直连,,121.7110348944463,122.0
P00044,leg2-cruise,5681.244287875187,5685.995116560619,直连,,110.06021316438729,122.0
P00275,leg2-cruise,5681.244287875187,5685.995116560619,直连,,97.83882499235867,122.0
P00018,leg1-climb,5682.0,5690.583900569156,直连,,57.108884893746065,122.0
P00278,leg2-cruise,5683.7903782177045,5688.761680737427,中继,RU-002,123.15451144941713,122.0
P00009,leg2-cruise,5685.995116560619,5690.745945246051,直连,,114.60353104247993,122.0
P00030,leg2-cruise,5685.995116560619,5690.745945246051,直连,,110.53995700821098,122.0
P00041,leg2-cruise,5685.995116560619,5690.745945246051,直连,,111.58144768129019,122.0
P00044,leg2-cruise,5685.995116560619,5690.745945246051,直连,,109.86413155451362,122.0
P00143,leg2-cruise,5685.995116560619,5695.4967739314825,直连,,116.2419905123313,122.0
P00275,leg2-cruise,5685.995116560619,5690.745945246051,直连,,97.26156088137566,122.0
P00278,leg2-cruise,5688.761680737427,5693.73298325715,中继,RU-002,123.03946705462482,122.0
P00018,leg1-climb,5690.583900569156,5699.167801138312,直连,,65.45734078455781,122.0
P00009,leg2-cruise,5690.745945246051,5695.4967739314825,直连,,114.48694799792676,122.0
P00030,leg2-cruise,5690.745945246051,5695.4967739314825,直连,,110.35330231853328,122.0
P00041,leg2-cruise,5690.745945246051,5695.4967739314825,直连,,111.44992194572444,122.0
P00044,leg2-cruise,5690.745945246051,5695.4967739314825,直连,,109.6636051966523,122.0
P00275,leg2-cruise,5690.745945246051,5695.4967739314825,直连,,96.65778827704526,122.0
P00278,leg2-cruise,5693.73298325715,5698.704285776874,中继,RU-002,122.92288876113606,122.0
P00009,leg2-cruise,5695.4967739314825,5700.247602616913,直连,,114.36878248884682,122.0
P00030,leg2-cruise,5695.4967739314825,5700.247602616913,直连,,110.16256816411503,122.0
P00041,leg2-cruise,5695.4967739314825,5700.247602616913,直连,,111.31639959193045,122.0
P00044,leg2-cruise,5695.4967739314825,5700.247602616913,直连,,109.45843217285856,122.0
P00143,leg2-cruise,5695.4967739314825,5704.998431302345,直连,,115.74316998038762,122.0
P00275,leg2-cruise,5695.4967739314825,5700.247602616913,直连,,96.02824535112235,122.0
P00278,leg2-cruise,5698.704285776874,5703.675588296597,中继,RU-002,122.80473541061757,122.0
P00018,leg1-climb,5699.167801138312,5707.751701707468,直连,,72.99782483914478,122.0
P00009,leg2-cruise,5700.247602616913,5704.998431302345,直连,,114.2489910672299,122.0
P00030,leg2-cruise,5700.247602616913,5704.998431302345,直连,,109.96757317557628,122.0
P00041,leg2-cruise,5700.247602616913,5704.998431302345,直连,,111.18081991134652,122.0
P00044,leg2-cruise,5700.247602616913,5704.998431302345,直连,,109.24839682236488,122.0
P00275,leg2-cruise,5700.247602616913,5704.998431302345,直连,,95.37543393917919,122.0
P00278,leg2-cruise,5703.675588296597,5708.646890816321,中继,RU-002,122.68496417837505,122.0
P00009,leg2-cruise,5704.998431302345,5709.749259987777,直连,,114.12752847526323,122.0
P00030,leg2-cruise,5704.998431302345,5709.749259987777,直连,,109.7681236812156,122.0
P00041,leg2-cruise,5704.998431302345,5709.749259987777,直连,,111.0431194262609,122.0
P00044,leg2-cruise,5704.998431302345,5709.749259987777,直连,,109.03326850260757,122.0
P00143,leg2-cruise,5704.998431302345,5714.500088673209,直连,,115.2140851368181,122.0
P00275,leg2-cruise,5704.998431302345,5709.749259987777,直连,,94.70468972190056,122.0
P00018,leg1-climb,5707.751701707468,5716.335602276624,直连,,76.97242001298679,122.0
P00278,leg2-cruise,5708.646890816321,5713.618193336043,中继,RU-002,122.56353048289833,122.0
P00009,leg2-cruise,5709.749259987777,5714.500088673209,直连,,114.00434754366108,122.0
P00030,leg2-cruise,5709.749259987777,5714.500088673209,直连,,109.56401257545055,122.0
P00041,leg2-cruise,5709.749259987777,5714.500088673209,直连,,110.90323172170561,122.0
P00044,leg2-cruise,5709.749259987777,5714.500088673209,直连,,108.81280021283196,122.0
P00275,leg2-cruise,5709.749259987777,5714.500088673209,直连,,94.02572581948054,122.0
P00278,leg2-cruise,5713.618193336043,5718.5894958557665,中继,RU-002,122.44038788928073,122.0
P00009,leg2-cruise,5714.500088673209,5719.25091735864,直连,,113.87939908277656,122.0
P00030,leg2-cruise,5714.500088673209,5719.25091735864,直连,,109.35501805494779,122.0
P00041,leg2-cruise,5714.500088673209,5719.25091735864,直连,,110.76108726471278,122.0
P00044,leg2-cruise,5714.500088673209,5719.25091735864,直连,,108.58672706253236,122.0
P00143,leg2-cruise,5714.500088673209,5724.001746044072,直连,,114.6508454833275,122.0
P00275,leg2-cruise,5714.500088673209,5719.25091735864,直连,,93.35467393720816,122.0
P00018,leg1-climb,5716.335602276624,5724.91950284578,直连,,79.68902610102387,122.0
P00278,leg2-cruise,5718.5894958557665,5723.56079837549,中继,RU-002,122.31548800592746,122.0
P00009,leg2-cruise,5719.25091735864,5724.001746044072,直连,,113.75263176586623,122.0
P00030,leg2-cruise,5719.25091735864,5724.001746044072,直连,,109.14090220363742,122.0
P00041,leg2-cruise,5719.25091735864,5724.001746044072,直连,,110.61661320971308,122.0
P00044,leg2-cruise,5719.25091735864,5724.001746044072,直连,,108.35476456451772,122.0
P00275,leg2-cruise,5719.25091735864,5724.001746044072,直连,,92.71634895966264,122.0
P00278,leg2-cruise,5723.56079837549,5728.532100895212,中继,RU-002,122.1887803740812,122.0
P00009,leg2-cruise,5724.001746044072,5728.752574729504,直连,,113.62399200383095,122.0
P00030,leg2-cruise,5724.001746044072,5728.752574729504,直连,,108.92140940449733,122.0
P00041,leg2-cruise,5724.001746044072,5728.752574729504,直连,,110.46973318885445,122.0
P00044,leg2-cruise,5724.001746044072,5728.752574729504,直连,,108.1166067296148,122.0
P00143,leg2-cruise,5724.001746044072,5733.503403414936,直连,,104.04876339437038,122.0
P00275,leg2-cruise,5724.001746044072,5728.752574729504,直连,,92.1457861782235,122.0
P00018,leg1-climb,5724.91950284578,5733.503403414936,直连,,81.75535027805566,122.0
P00278,leg2-cruise,5728.532100895212,5733.503403414936,中继,RU-002,122.0602123494754,122.0
P00009,leg2-cruise,5728.752574729504,5733.503403414936,直连,,113.49342381066018,122.0
P00030,leg2-cruise,5728.752574729504,5733.503403414936,直连,,108.69626455229701,122.0
P00041,leg2-cruise,5728.752574729504,5733.503403414936,直连,,110.32036708589135,122.0
P00044,leg2-cruise,5728.752574729504,5733.503403414936,直连,,107.87192393668387,122.0
P00275,leg2-cruise,5728.752574729504,5733.503403414936,直连,,91.68707613383071,122.0
P00009,leg2-cruise,5733.503403414936,5738.353598804357,直连,,113.35947170708152,122.0
P00018,leg1-climb,5733.503403414936,5737.887251790365,直连,,83.04390219060103,122.0
P00030,leg2-cruise,5733.503403414936,5738.428486072414,直连,,108.4608754165674,122.0
P00041,leg2-cruise,5733.503403414936,5738.450322039164,直连,,110.1652675274645,122.0
P00044,leg2-cruise,5733.503403414936,5738.480134215113,直连,,107.61429279092674,122.0
P00143,leg2-cruise,5733.503403414936,5743.259213805792,直连,,103.39314141447376,122.0
P00275,leg2-cruise,5733.503403414936,5740.609369716659,直连,,91.34186622964985,122.0
P00278,leg2-cruise,5733.503403414936,5738.474705934659,直连,,121.92972897552966,122.0
P00018,leg1-cruise,5737.887251790365,5742.829623237999,直连,,83.70499362044997,122.0
P00009,leg2-cruise,5738.353598804357,5743.203794193779,直连,,113.22200851585768,122.0
P00030,leg2-cruise,5738.428486072414,5743.353568729892,直连,,108.21456054749385,122.0
P00041,leg2-cruise,5738.450322039164,5743.397240663393,直连,,110.00417514562761,122.0
P00278,leg2-cruise,5738.474705934659,5743.446008454382,直连,,121.79727284726863,122.0
P00044,leg2-cruise,5738.480134215113,5743.456865015291,直连,,107.34278295802626,122.0
P00275,leg2-descent,5740.609369716659,5750.21619909288,直连,,90.991605818801,122.0
P00018,leg1-cruise,5742.829623237999,5747.771994685633,直连,,85.39073584572444,122.0
P00009,leg2-cruise,5743.203794193779,5748.053989583201,直连,,113.08234161055114,122.0
P00143,leg2-cruise,5743.259213805792,5753.0150241966485,直连,,102.67464060504976,122.0
P00030,leg2-cruise,5743.353568729892,5748.27865138737,直连,,107.96111403775735,122.0
P00041,leg2-cruise,5743.397240663393,5748.344159287622,直连,,109.84009303778734,122.0
P00278,leg2-cruise,5743.446008454382,5748.417310974105,直连,,111.66278396522394,122.0
P00044,leg2-cruise,5743.456865015291,5748.43359581547,直连,,107.06281006410863,122.0
P00018,leg1-cruise,5747.771994685633,5752.714366133268,直连,,87.54813435010873,122.0
P00009,leg2-cruise,5748.053989583201,5752.904184972622,直连,,112.94039941267222,122.0
P00030,leg2-cruise,5748.27865138737,5753.203734044848,直连,,107.70011429104922,122.0
P00041,leg2-cruise,5748.344159287622,5753.29107791185,直连,,109.67291036255207,122.0
P00278,leg2-cruise,5748.417310974105,5753.388613493828,直连,,111.52619957840305,122.0
P00044,leg2-cruise,5748.43359581547,5753.410326615647,直连,,106.77385147820377,122.0
P00275,leg2-descent,5750.21619909288,5759.8230284691,直连,,90.37825509323234,122.0
P00018,leg1-cruise,5752.714366133268,5757.656737580903,直连,,89.55458861321385,122.0
P00009,leg2-cruise,5752.904184972622,5757.754380362043,直连,,112.79610681065645,122.0
P00143,leg2-cruise,5753.0150241966485,5762.770834587504,直连,,101.89191733866437,122.0
P00030,leg2-cruise,5753.203734044848,5758.128816702326,直连,,107.43110155776077,122.0
P00041,leg2-cruise,5753.29107791185,5758.237996536079,直连,,109.50251013933969,122.0
P00278,leg2-cruise,5753.388613493828,5758.359916013551,直连,,111.38745401531163,122.0
P00044,leg2-cruise,5753.410326615647,5758.3870574158245,直连,,106.47533720713608,122.0
P00018,leg1-cruise,5757.656737580903,5762.599109028537,直连,,91.29607589309886,122.0
P00009,leg2-cruise,5757.754380362043,5762.604575751465,直连,,112.64938492429738,122.0
P00030,leg2-cruise,5758.128816702326,5763.053899359804,直连,,107.15357323984895,122.0
P00041,leg2-cruise,5758.237996536079,5763.184915160307,直连,,109.32876879889011,122.0
P00278,leg2-cruise,5758.359916013551,5763.331218533274,直连,,111.24647850200823,122.0
P00044,leg2-cruise,5758.3870574158245,5763.363788216003,直连,,106.16664443692156,122.0
P00275,leg2-descent,5759.8230284691,5769.429857845321,直连,,89.71827961395948,122.0
P00018,leg1-cruise,5762.599109028537,5767.541480476171,直连,,92.79728400998879,122.0
P00009,leg2-cruise,5762.604575751465,5767.454771140886,直连,,112.50015084927628,122.0
P00143,leg2-cruise,5762.770834587504,5772.526644978361,直连,,101.03250325994844,122.0
P00030,leg2-cruise,5763.053899359804,5767.978982017281,直连,,106.86697846000756,122.0
P00041,leg2-cruise,5763.184915160307,5768.131833784536,直连,,109.1515556933752,122.0
P00278,leg2-cruise,5763.331218533274,5768.302521052998,直连,,111.10320096591084,122.0
P00044,leg2-cruise,5763.363788216003,5768.340519016181,直连,,105.84709136817582,122.0
P00009,leg2-cruise,5767.454771140886,5772.304966530307,直连,,112.34831737977622,122.0
P00018,leg1-cruise,5767.541480476171,5772.483851923806,直连,,94.10287622104532,122.0
P00030,leg2-cruise,5767.978982017281,5772.904064674759,直连,,106.57071175451038,122.0
P00041,leg2-cruise,5768.131833784536,5773.078752408765,直连,,108.97073256173165,122.0
P00278,leg2-cruise,5768.302521052998,5773.27382357272,直连,,110.957545824106,122.0
P00044,leg2-cruise,5768.340519016181,5773.3172498163585,直连,,105.51593026582562,122.0
P00275,leg2-descent,5769.429857845321,5779.036687221542,直连,,89.00400338661983,122.0
P00009,leg2-cruise,5772.304966530307,5777.155161919729,直连,,112.19379270686065,122.0
P00018,leg1-cruise,5772.483851923806,5777.42622337144,直连,,95.25204486937444,122.0
P00143,leg2-cruise,5772.526644978361,5782.282455369217,直连,,100.0799670039313,122.0
P00030,leg2-cruise,5772.904064674759,5777.829147332237,直连,,106.26410571731148,122.0
P00041,leg2-cruise,5773.078752408765,5778.025671032993,直连,,108.78615294561835,122.0
P00278,leg2-cruise,5773.27382357272,5778.245126092444,直连,,110.80943375459357,122.0
P00044,leg2-cruise,5773.3172498163585,5778.293980616537,直连,,105.17233964745604,122.0
P00009,leg2-cruise,5777.155161919729,5782.00535730915,直连,,112.03648009006511,122.0
P00018,leg1-cruise,5777.42622337144,5782.368594819074,直连,,96.27536785277545,122.0
P00030,leg2-cruise,5777.829147332237,5782.754229989715,直连,,105.9464223829341,122.0
P00041,leg2-cruise,5778.025671032993,5782.972589657222,直连,,108.59766155058269,122.0
P00278,leg2-cruise,5778.245126092444,5783.216428612167,直连,,110.65878144892437,122.0
P00044,leg2-cruise,5778.293980616537,5783.270711416715,直连,,104.81541554922893,122.0
P00275,leg2-descent,5779.036687221542,5788.643516597763,直连,,88.22568341219537,122.0
P00009,leg2-cruise,5782.00535730915,5786.855552698571,直连,,111.87627749929351,122.0
P00143,leg2-cruise,5782.282455369217,5792.038265760074,直连,,99.0120737282519,122.0
P00018,leg1-cruise,5782.368594819074,5787.310966266708,直连,,97.19613809538747,122.0
P00030,leg2-cruise,5782.754229989715,5787.679312647193,直连,,105.61684308493548,122.0
P00041,leg2-cruise,5782.972589657222,5787.91950828145,直连,,108.40509354666794,122.0
P00278,leg2-cruise,5783.216428612167,5788.187731131889,直连,,110.50550134430772,122.0
P00044,leg2-cruise,5783.270711416715,5788.2474422168925,直连,,104.44416184104718,122.0
P00009,leg2-cruise,5786.855552698571,5791.705748087993,直连,,111.71307722377661,122.0
P00018,leg1-cruise,5787.310966266708,5792.253337714343,直连,,98.03214916551154,122.0
P00030,leg2-cruise,5787.679312647193,5792.604395304671,直连,,105.27445646211217,122.0
P00041,leg2-cruise,5787.91950828145,5792.866426905679,直连,,108.2082738017581,122.0
P00278,leg2-cruise,5788.187731131889,5793.159033651613,直连,,110.34950133325508,122.0
P00044,leg2-cruise,5788.2474422168925,5793.224173017071,直连,,104.05747962722143,122.0
P00275,leg2-descent,5788.643516597763,5798.250345973984,直连,,87.37069370408004,122.0
P00009,leg2-cruise,5791.705748087993,5796.555943477415,直连,,111.54676544437136,122.0
P00143,leg2-cruise,5792.038265760074,5801.79407615093,直连,,97.79777318663326,122.0
P00018,leg1-cruise,5792.253337714343,5797.195709161978,直连,,98.79715127122678,122.0
P00030,leg2-cruise,5792.604395304671,5797.529477962149,直连,,104.91824420189582,122.0
P00041,leg2-cruise,5792.866426905679,5797.813345529908,直连,,108.00701604046354,122.0
P00278,leg2-cruise,5793.159033651613,5798.130336171336,直连,,110.19068444839675,122.0
P00044,leg2-cruise,5793.224173017071,5798.200903817249,直连,,103.65415588570775,122.0
P00009,leg2-cruise,5796.555943477415,5801.406138866836,直连,,111.3772217650562,122.0
P00018,leg1-cruise,5797.195709161978,5802.138080609612,直连,,99.50192072680863,122.0
P00030,leg2-cruise,5797.529477962149,5802.454560619627,直连,,104.54706400401318,122.0
P00041,leg2-cruise,5797.813345529908,5802.760264154136,直连,,107.80112192024318,122.0
P00278,leg2-cruise,5798.130336171336,5803.101638691059,直连,,110.02894852004808,122.0
P00044,leg2-cruise,5798.200903817249,5803.1776346174265,直连,,103.23285170439763,122.0
P00275,leg2-descent,5798.250345973984,5807.857175350204,直连,,86.42226212088201,122.0
P00009,leg2-cruise,5801.406138866836,5806.256334256257,直连,,111.20431869886403,122.0
P00143,leg2-cruise,5801.79407615093,5811.549886541787,直连,,96.39204570162998,122.0
P00018,leg1-cruise,5802.138080609612,5807.0804520572465,直连,,100.15502474011184,122.0
P00030,leg2-cruise,5802.454560619627,5807.379643277105,直连,,104.15962911009727,122.0
P00041,leg2-cruise,5802.760264154136,5807.707182778365,直连,,107.59038001585424,122.0
P00278,leg2-cruise,5803.101638691059,5808.072941210781,直连,,109.86418580359614,122.0
P00044,leg2-cruise,5803.1776346174265,5808.154365417604,直连,,102.79209082507062,122.0
P00009,leg2-cruise,5806.256334256257,5811.106529645679,直连,,111.02792110286806,122.0
P00018,leg1-cruise,5807.0804520572465,5812.022823504881,直连,,100.76336759457814,122.0
P00030,leg2-cruise,5807.379643277105,5812.304725934583,直连,,103.75448356690995,122.0
P00041,leg2-cruise,5807.707182778365,5812.654101402593,直连,,107.37456470191424,122.0
P00275,leg2-descent,5807.857175350204,5817.464004726425,直连,,85.35742931796278,122.0
P00278,leg2-cruise,5808.072941210781,5813.044243730505,直连,,109.69628257363783,122.0
P00044,leg2-cruise,5808.154365417604,5813.131096217782,直连,,102.33024980425851,122.0
P00009,leg2-cruise,5811.106529645679,5815.956725035101,直连,,110.84788555608117,122.0
P00143,leg2-cruise,5811.549886541787,5821.305696932643,直连,,94.72666917774688,122.0
P00018,leg1-cruise,5812.022823504881,5816.965194952515,直连,,101.3325840233935,122.0
P00030,leg2-cruise,5812.304725934583,5817.229808592061,直连,,103.32997215971038,122.0
P00041,leg2-cruise,5812.654101402593,5817.601020026822,直连,,107.15343492264525,122.0
P00278,leg2-cruise,5813.044243730505,5818.015546250228,直连,,109.52511868123364,122.0
P00044,leg2-cruise,5813.131096217782,5818.1078270179605,直连,,101.8455521113514,122.0
P00009,leg2-cruise,5815.956725035101,5820.806920424522,直连,,110.6640596732394,122.0
P00018,leg1-cruise,5816.965194952515,5821.907566400149,直连,,101.86732602558743,122.0
P00030,leg2-cruise,5817.229808592061,5822.154891249538,直连,,102.8842036524015,122.0
P00275,leg2-descent,5817.464004726425,5827.070834102646,直连,,84.14357317684747,122.0
P00041,leg2-cruise,5817.601020026822,5822.547938651051,直连,,106.92673283645567,122.0
P00278,leg2-cruise,5818.015546250228,5822.986848769951,直连,,109.35056707039129,122.0
P00044,leg2-cruise,5818.1078270179605,5823.084557818138,直连,,101.33607018925689,122.0
P00009,leg2-cruise,5820.806920424522,5825.657115813943,直连,,110.4762813464314,122.0
P00143,leg2-cruise,5821.305696932643,5831.061507323499,直连,,92.69316643918648,122.0
P00018,leg1-cruise,5821.907566400149,5826.849937847784,直连,,102.37147483658536,122.0
P00030,leg2-cruise,5822.154891249538,5827.079973907016,直连,,102.41500558365732,122.0
P00041,leg2-cruise,5822.547938651051,5827.494857275279,直连,,106.69418232222061,122.0
P00278,leg2-cruise,5822.986848769951,5827.958151289675,直连,,109.17249324920515,122.0
P00044,leg2-cruise,5823.084557818138,5828.061288618315,直连,,100.79974238078199,122.0
P00009,leg2-cruise,5825.657115813943,5830.507311203364,直连,,110.28437790533982,122.0
P00018,leg1-cruise,5826.849937847784,5831.792309295419,直连,,102.84829973179815,122.0
P00275,leg2-descent,5827.070834102646,5836.677663478866,直连,,82.73208788439439,122.0
P00030,leg2-cruise,5827.079973907016,5832.005056564494,直连,,101.91986837344237,122.0
P00041,leg2-cruise,5827.494857275279,5832.441775899508,直连,,106.45548733277883,122.0
P00278,leg2-cruise,5827.958151289675,5832.929453809397,直连,,108.99075471071328,122.0
P00044,leg2-cruise,5828.061288618315,5833.038019418494,直连,,100.23441648453695,122.0
P00009,leg2-cruise,5830.507311203364,5835.357506592785,直连,,110.08816518546884,122.0
P00143,leg2-cruise,5831.061507323499,5840.817317714355,直连,,90.11353339975419,122.0
P00018,leg1-cruise,5831.792309295419,5836.734680743053,直连,,103.30057857490301,122.0
P00030,leg2-cruise,5832.005056564494,5836.930139221972,直连,,101.39587587710979,122.0
P00041,leg2-cruise,5832.441775899508,5837.388694523736,直连,,106.2103300804406,122.0
P00278,leg2-cruise,5832.929453809397,5837.90075632912,直连,,108.80520029770669,122.0
P00044,leg2-cruise,5833.038019418494,5838.014750218672,直连,,99.63793991498122,122.0
P00009,leg2-cruise,5835.357506592785,5840.207701982207,直连,,109.88744649206491,122.0
P00275,leg2-descent,5836.677663478866,5846.284492855087,直连,,81.04586472849084,122.0
P00018,leg1-cruise,5836.734680743053,5841.677052190687,直连,,103.73069047503738,122.0
P00030,leg2-cruise,5836.930139221972,5841.85522187945,直连,,100.83961879171474,122.0
P00041,leg2-cruise,5837.388694523736,5842.335613147965,直连,,105.95836903858695,122.0
P00278,leg2-cruise,5837.90075632912,5842.872058848843,直连,,108.61566950516364,122.0
P00044,leg2-cruise,5838.014750218672,5842.991481018849,直连,,99.00833025890138,122.0
P00009,leg2-cruise,5840.207701982207,5845.057897371629,直连,,109.68201144554325,122.0
P00143,leg2-cruise,5840.817317714355,5850.573128105212,直连,,86.73362465757091,122.0
P00018,leg1-cruise,5841.677052190687,5846.619423638322,直连,,104.14068784403898,122.0
P00030,leg2-cruise,5841.85522187945,5846.780304536928,直连,,100.24708654158214,122.0
P00041,leg2-cruise,5842.335613147965,5847.282531772194,直连,,105.69923674315991,122.0
P00278,leg2-cruise,5842.872058848843,5847.843361368567,直连,,108.4219917130561,122.0
P00044,leg2-cruise,5842.991481018849,5847.968211819028,直连,,98.34408301398683,122.0
P00009,leg2-cruise,5845.057897371629,5849.90809276105,直连,,109.47163469189239,122.0
P00275,leg2-descent,5846.284492855087,5855.891322231308,直连,,78.95145839021484,122.0
P00018,leg1-cruise,5846.619423638322,5851.561795085956,直连,,104.53235304851825,122.0
P00030,leg2-cruise,5846.780304536928,5851.705387194406,直连,,99.61353268415012,122.0
P00041,leg2-cruise,5847.282531772194,5852.229450396422,直连,,105.43253737867268,122.0
P00278,leg2-cruise,5847.843361368567,5852.81466388829,直连,,108.22398534129283,122.0
P00044,leg2-cruise,5847.968211819028,5852.944942619206,直连,,97.64471055714093,122.0
P00009,leg2-cruise,5849.90809276105,5854.758288150471,直连,,109.25607445885842,122.0
P00143,leg2-cruise,5850.573128105212,5860.328938496068,直连,,82.87380679676593,122.0
P00018,leg1-cruise,5851.561795085956,5856.50416653359,直连,,104.90724340472845,122.0
P00030,leg2-cruise,5851.705387194406,5856.630469851884,直连,,98.93330913312761,122.0
P00041,leg2-cruise,5852.229450396422,5857.176369020651,直连,,105.15784413499203,122.0
P00278,leg2-cruise,5852.81466388829,5857.785966408013,直连,,108.02145691766964,122.0
P00044,leg2-cruise,5852.944942619206,5857.921673419383,直连,,96.91166337412405,122.0
P00009,leg2-cruise,5854.758288150471,5859.608483539893,直连,,109.0350709354529,122.0
P00275,leg2-descent,5855.891322231308,5865.498151607529,直连,,76.18593057806281,122.0
P00018,leg1-cruise,5856.50416653359,5861.4465379812245,直连,,105.26672725392801,122.0
P00030,leg2-cruise,5856.630469851884,5861.555552509362,直连,,98.19966726411445,122.0
P00041,leg2-cruise,5857.176369020651,5862.123287644879,直连,,104.8746963253187,122.0
P00278,leg2-cruise,5857.785966408013,5862.757268927736,直连,,107.81420004820781,122.0
P00044,leg2-cruise,5857.921673419383,5862.898404219562,直连,,96.14986076860701,122.0
P00009,leg2-cruise,5859.608483539893,5864.458678929315,直连,,108.80834444846087,122.0
P00143,leg2-descent,5860.328938496068,5870.019379169897,直连,,81.13449505143431,122.0
P00018,leg1-cruise,5861.4465379812245,5866.388909428859,直连,,115.61201314129171,122.0
P00030,leg2-cruise,5861.555552509362,5866.48063516684,直连,,97.40453344458028,122.0
P00041,leg2-cruise,5862.123287644879,5867.070206269107,直连,,104.58259626236448,122.0
P00278,leg2-cruise,5862.757268927736,5867.728571447458,直连,,107.601994278141,122.0
P00044,leg2-cruise,5862.898404219562,5867.87513501974,直连,,95.3701253567654,122.0
P00009,leg2-cruise,5864.458678929315,5869.308874318736,直连,,108.57559340500715,122.0
P00275,leg2-descent,5865.498151607529,5875.10498098375,直连,,72.10468834535067,122.0
P00018,leg1-cruise,5866.388909428859,5871.331280876493,直连,,115.9441736103502,122.0
P00030,leg2-cruise,5866.48063516684,5871.405717824318,直连,,96.53829325640672,122.0
P00041,leg2-cruise,5867.070206269107,5872.017124893336,直连,,104.28100590158569,122.0
P00278,leg2-cruise,5867.728571447458,5872.699873967182,直连,,107.38460382995805,122.0
P00044,leg2-cruise,5867.87513501974,5872.851865819917,直连,,94.59275880945339,122.0
P00009,leg2-cruise,5869.308874318736,5874.159069708157,直连,,108.33649196467047,122.0
P00143,leg2-descent,5870.019379169897,5879.709819843724,直连,,79.04372855980807,122.0
P00018,leg1-cruise,5871.331280876493,5876.273652324128,直连,,116.26416475474683,122.0
P00030,leg2-cruise,5871.405717824318,5876.330800481796,直连,,95.58968944960989,122.0
P00041,leg2-cruise,5872.017124893336,5876.964043517564,直连,,103.96934327848724,122.0
P00278,leg2-cruise,5872.699873967182,5877.671176486905,直连,,107.16177620339066,122.0
P00044,leg2-cruise,5872.851865819917,5877.828596620095,直连,,93.85200043084573,122.0
P00009,leg2-cruise,5874.159069708157,5879.009265097579,直连,,108.09068739786808,122.0
P00275,leg2-descent,5875.10498098375,5884.71181035997,直连,,64.15051631185352,122.0
P00018,leg1-cruise,5876.273652324128,5881.216023771763,直连,,116.57284239822326,122.0
P00030,leg2-cruise,5876.330800481796,5881.255883139274,直连,,94.54612261977609,122.0
P00041,leg2-cruise,5876.964043517564,5881.910962141793,直连,,103.64697879629409,122.0
P00278,leg2-cruise,5877.671176486905,5882.6424790066285,直连,,106.93324061992517,122.0
P00044,leg2-cruise,5877.828596620095,5882.805327420273,直连,,93.19959873258699,122.0
P00009,leg2-cruise,5879.009265097579,5883.859460487001,直连,,107.83779707914911,122.0
P00143,leg2-descent,5879.709819843724,5889.400260517552,直连,,76.2845662056308,122.0
P00018,leg1-cruise,5881.216023771763,5886.158395219397,直连,,116.87097557345402,122.0
P00030,leg2-cruise,5881.255883139274,5886.1809657967515,直连,,93.39512049920839,122.0
P00041,leg2-cruise,5881.910962141793,5886.8578807660215,直连,,103.31323146467304,122.0
P00278,leg2-cruise,5882.6424790066285,5887.613781526352,直连,,106.69870629243533,122.0
P00044,leg2-cruise,5882.805327420273,5887.782058220451,直连,,92.70295017729792,122.0
P00009,leg2-cruise,5883.859460487001,5888.709655876422,直连,,107.5774050540057,122.0
P00275,leg2-descent,5884.71181035997,5894.318639736191,直连,,58.106750999048344,122.0
P00018,leg1-cruise,5886.158395219397,5891.100766667031,直连,,117.1592578205096,122.0
P00030,leg2-cruise,5886.1809657967515,5891.1060484542295,直连,,92.12896779407299,122.0
P00041,leg2-cruise,5886.8578807660215,5891.80479939025,直连,,102.96736525895156,122.0
P00278,leg2-cruise,5887.613781526352,5892.585084046074,直连,,106.45786049771976,122.0
P00044,leg2-cruise,5887.782058220451,5892.758789020629,直连,,92.43156379957846,122.0
P00009,leg2-cruise,5888.709655876422,5893.5598512658435,直连,,107.3090581057529,122.0
P00143,leg2-descent,5889.400260517552,5899.0907011913805,直连,,72.21730887279045,122.0
P00018,leg1-cruise,5891.100766667031,5896.043138114665,直连,,117.43831671296462,122.0
P00030,leg2-cruise,5891.1060484542295,5896.0311311117075,直连,,90.7574793862526,122.0
P00041,leg2-cruise,5891.80479939025,5896.751718014479,直连,,102.60858587292172,122.0
P00278,leg2-cruise,5892.585084046074,5897.556386565797,直连,,106.210366427257,122.0
P00044,leg2-descent,5892.758789020629,5902.624792161165,直连,,92.18697046648366,122.0
P00009,leg2-cruise,5893.5598512658435,5898.4100466552645,直连,,107.03226123407596,122.0
P00030,leg2-cruise,5896.0311311117075,5900.9562137691855,直连,,89.33975931889364,122.0
P00018,leg1-cruise,5896.043138114665,5900.9855095623,直连,,117.70872193359484,122.0
P00041,leg2-cruise,5896.751718014479,5901.698636638707,直连,,102.23603829654284,122.0
P00278,leg2-cruise,5897.556386565797,5902.52768908552,直连,,105.95586078818044,122.0
P00009,leg2-cruise,5898.4100466552645,5903.260242044686,直连,,106.74647243854612,122.0
P00143,leg2-descent,5899.0907011913805,5908.781141865209,直连,,64.31881537331876,122.0
P00030,leg2-cruise,5900.9562137691855,5905.8812964266635,直连,,88.04758888339191,122.0
P00018,leg1-cruise,5900.9855095623,5905.927881009934,直连,,117.97099215579999,122.0
P00041,leg2-cruise,5901.698636638707,5906.645555262936,直连,,101.84880588857062,122.0
P00278,leg2-cruise,5902.52768908552,5907.498991605244,直连,,105.69395112363456,122.0
P00044,leg2-descent,5902.624792161165,5912.490795301701,直连,,91.75229016516307,122.0
P00009,leg2-cruise,5903.260242044686,5908.110437434108,直连,,106.45109667760183,122.0
P00030,leg2-cruise,5905.8812964266635,5910.806379084142,直连,,87.2212435717802,122.0
P00018,leg1-cruise,5905.927881009934,5910.870252457569,直连,,118.22560093573581,122.0
P00041,leg2-cruise,5906.645555262936,5911.5924738871645,直连,,101.44591197686125,122.0
P00278,leg2-cruise,5907.498991605244,5912.470294124966,直连,,105.42421281819357,122.0
P00009,leg2-cruise,5908.110437434108,5912.9606328235295,直连,,106.14547884538425,122.0
P00143,leg2-descent,5908.781141865209,5918.471582539037,直连,,57.992405658374466,122.0
P00030,leg2-descent,5910.806379084142,5920.614752375157,直连,,86.61973145445752,122.0
P00018,leg1-cruise,5910.870252457569,5915.8126239052035,直连,,118.47298178048294,122.0
P00041,leg2-cruise,5911.5924738871645,5916.539392511393,直连,,101.02632556820801,122.0
P00278,leg2-cruise,5912.470294124966,5917.4415966446895,直连,,105.14618575133915,122.0
P00044,leg2-descent,5912.490795301701,5922.356798442237,直连,,91.29470526165954,122.0
P00009,leg2-cruise,5912.9606328235295,5917.810828212951,直连,,105.82889557356158,122.0
P00018,leg1-cruise,5915.8126239052035,5920.754995352838,直连,,118.71353252627972,122.0
P00041,leg2-cruise,5916.539392511393,5921.486311135622,直连,,100.58897358387621,122.0
P00278,leg2-cruise,5917.4415966446895,5922.412899164413,直连,,104.85937055926817,122.0
P00009,leg2-cruise,5917.810828212951,5922.661023602372,直连,,105.50054562125356,122.0
P00030,leg2-descent,5920.614752375157,5930.423125666172,直连,,85.55713048944199,122.0
P00018,leg1-cruise,5920.754995352838,5925.697366800472,直连,,118.94761913616522,122.0
P00041,leg2-cruise,5921.486311135622,5926.43322975985,直连,,100.13276330224005,122.0
P00044,leg2-descent,5922.356798442237,5932.222801582773,直连,,90.81166700913789,122.0
P00278,leg2-cruise,5922.412899164413,5927.384201684135,直连,,104.56322446444655,122.0
P00009,leg2-cruise,5922.661023602372,5927.511218991794,直连,,105.15953856092806,122.0
P00018,leg1-descent,5925.697366800472,5934.023542337582,直连,,119.06072631383192,122.0
P00041,leg2-cruise,5926.43322975985,5931.380148384079,直连,,99.65662060843236,122.0
P00278,leg2-cruise,5927.384201684135,5932.355504203859,直连,,104.25715663295568,122.0
P00009,leg2-cruise,5927.511218991794,5932.361414381216,直连,,104.80488139851454,122.0
P00030,leg2-descent,5930.423125666172,5940.231498957189,直连,,84.34617482106333,122.0
P00041,leg2-cruise,5931.380148384079,5936.3270670083075,直连,,99.159552543339,122.0
P00044,leg2-descent,5932.222801582773,5942.088804723309,直连,,90.30017604230427,122.0
P00278,leg2-cruise,5932.355504203859,5937.326806723582,直连,,103.94052302480083,122.0
P00009,leg2-cruise,5932.361414381216,5937.211609770637,直连,,104.43546267834672,122.0
P00018,leg1-descent,5934.023542337582,5942.349717874691,直连,,119.05784246975782,122.0
P00041,leg2-cruise,5936.3270670083075,5941.273985632536,直连,,98.64074696587922,122.0
P00009,leg2-cruise,5937.211609770637,5942.061805160058,直连,,104.05003351308575,122.0
P00278,leg2-cruise,5937.326806723582,5942.298109243305,直连,,103.61262071327992,122.0
P00030,leg2-descent,5940.231498957189,5950.039872248204,直连,,82.93861204965945,122.0
P00041,leg2-cruise,5941.273985632536,5946.220904256765,直连,,98.09972847356556,122.0
P00009,leg2-cruise,5942.061805160058,5946.91200054948,直连,,103.64718484004803,122.0
P00044,leg2-descent,5942.088804723309,5951.954807863846,直连,,89.75666946253959,122.0
P00278,leg2-cruise,5942.298109243305,5947.269411763028,直连,,103.27268167093536,122.0
P00018,leg1-descent,5942.349717874691,5950.6758934118,直连,,119.05543039330306,122.0
P00041,leg2-cruise,5946.220904256765,5951.167822880993,直连,,97.53659868303268,122.0
P00009,leg2-cruise,5946.91200054948,5951.762195938901,直连,,103.22532003225763,122.0
P00278,leg2-cruise,5947.269411763028,5952.2407142827515,直连,,102.91986605790989,122.0
P00030,leg2-descent,5950.039872248204,5959.8482455392195,直连,,81.25798921101293,122.0
P00018,leg1-descent,5950.6758934118,5959.002068948909,直连,,119.05349087188549,122.0
P00041,leg2-cruise,5951.167822880993,5956.114741505222,直连,,96.95240080726305,122.0
P00009,leg2-cruise,5951.762195938901,5956.612391328322,直连,,102.78262177977575,122.0
P00044,leg2-descent,5951.954807863846,5961.820811004382,直连,,89.1768701780031,122.0
P00278,leg2-cruise,5952.2407142827515,5957.212016802474,直连,,102.55325511273897,122.0
P00041,leg2-cruise,5956.114741505222,5961.0616601294505,直连,,96.34966198208625,122.0
P00009,leg2-cruise,5956.612391328322,5961.462586717744,直连,,102.31701190191673,122.0
P00278,leg2-cruise,5957.212016802474,5962.183319322197,直连,,102.17184385309919,122.0
P00018,S011-handoff,5959.002068948909,5969.002068948909,直连,,119.05269852342448,122.0
P00030,leg2-descent,5959.8482455392195,5969.656618830235,直连,,79.1722303195717,122.0
P00041,leg2-cruise,5961.0616601294505,5966.008578753679,直连,,95.73317667078356,122.0
P00009,leg2-cruise,5961.462586717744,5966.312782107165,直连,,101.82610246100849,122.0
P00044,leg2-descent,5961.820811004382,5971.686814144919,直连,,88.55558226620917,122.0
P00278,leg2-cruise,5962.183319322197,5967.154621841921,直连,,101.77453396793706,122.0
P00041,leg2-cruise,5966.008578753679,5970.955497377908,直连,,95.11108570086468,122.0
P00009,leg2-cruise,5966.312782107165,5971.162977496586,直连,,101.30713625340276,122.0
P00278,leg2-cruise,5967.154621841921,5972.125924361643,直连,,101.36012756499717,122.0
P00018,S011-handoff,5969.002068948909,5979.002068948909,直连,,119.05269852342448,122.0
P00030,leg2-descent,5969.656618830235,5979.46499212125,直连,,76.42181341719161,122.0
P00041,leg2-cruise,5970.955497377908,5975.902416002136,直连,,94.49624402851758,122.0
P00009,leg2-cruise,5971.162977496586,5976.013172886008,直连,,100.75691453570555,122.0
P00044,leg2-descent,5971.686814144919,5981.552817285455,直连,,87.88640734906649,122.0
P00278,leg2-cruise,5972.125924361643,5977.097226881367,直连,,100.92732289130788,122.0
P00041,leg2-cruise,5975.902416002136,5980.849334626365,直连,,93.90769465470404,122.0
P00009,leg2-cruise,5976.013172886008,5980.86336827543,直连,,100.1717099044947,122.0
P00278,leg2-cruise,5977.097226881367,5982.06852940109,直连,,100.47471387485629,122.0
P00018,S011-handoff,5979.002068948909,5989.002068948909,直连,,119.05269852342448,122.0
P00030,leg2-descent,5979.46499212125,5989.273365412267,直连,,72.37371652610503,122.0
P00041,leg2-cruise,5980.849334626365,5985.7962532505935,直连,,93.37170358553686,122.0
P00009,leg2-cruise,5980.86336827543,5985.713563664851,直连,,99.54716304748771,122.0
P00044,leg2-descent,5981.552817285455,5991.418820425991,直连,,87.16134231098862,122.0
P00278,leg2-cruise,5982.06852940109,5987.0398319208125,直连,,100.00079650906126,122.0
P00009,leg2-cruise,5985.713563664851,5990.563759054272,直连,,98.8781646670307,122.0
P00041,leg2-cruise,5985.7962532505935,5990.743171874822,直连,,92.9212796303569,122.0
P00278,leg2-cruise,5987.0398319208125,5992.011134440536,直连,,99.50398699202663,122.0
P00018,S011-handoff,5989.002068948909,5999.002068948909,直连,,119.05269852342448,122.0
P00030,leg2-descent,5989.273365412267,5999.081738703282,直连,,64.55078853857822,122.0
P00009,leg2-cruise,5990.563759054272,5995.413954443694,直连,,98.15873059493157,122.0
P00041,leg2-cruise,5990.743171874822,5995.690090499051,直连,,92.59275362852668,122.0
P00044,leg2-descent,5991.418820425991,6001.284823566527,直连,,86.37019330661073,122.0
P00278,leg2-cruise,5992.011134440536,5996.982436960259,直连,,98.98265957548135,122.0
P00009,leg2-cruise,5995.413954443694,6000.264149833116,直连,,97.38189431162647,122.0
P00041,leg2-cruise,5995.690090499051,6000.637009123279,直连,,92.41867503448805,122.0
P00278,leg2-cruise,5996.982436960259,6001.953739479982,直连,,98.4352169752445,122.0
P00018,S011-handoff,5999.002068948909,6009.002068948909,直连,,119.05269852342448,122.0
P00030,leg2-descent,5999.081738703282,6008.8901119942975,直连,,57.82852039441878,122.0
P00009,leg2-cruise,6000.264149833116,6005.114345222537,直连,,96.53967901938816,122.0
P00041,leg2-descent,6000.637009123279,6010.283767749582,直连,,92.13973304737473,122.0
P00044,leg2-descent,6001.284823566527,6011.150826707063,直连,,85.4996951725188,122.0
P00278,leg2-cruise,6001.953739479982,6006.925041999704,直连,,97.86021403110033,122.0
P00009,leg2-cruise,6005.114345222537,6009.964540611958,直连,,95.62329961632543,122.0
P00278,leg2-cruise,6006.925041999704,6011.896344519428,直连,,97.25656769372105,122.0
P00018,S011-handoff,6009.002068948909,6019.002068948909,直连,,119.05269852342448,122.0
P00009,leg2-cruise,6009.964540611958,6014.814736001379,直连,,94.62394992376336,122.0
P00041,leg2-descent,6010.283767749582,6019.930526375883,直连,,91.60242445135648,122.0
P00044,leg2-descent,6011.150826707063,6021.016829847599,直连,,84.53213845054819,122.0
P00278,leg2-cruise,6011.896344519428,6016.867647039151,直连,,96.62390549692022,122.0
P00009,leg2-cruise,6014.814736001379,6019.6649313908,直连,,93.53500441541263,122.0
P00278,leg2-cruise,6016.867647039151,6021.838949558874,直连,,95.96313254142076,122.0
P00018,S011-handoff,6019.002068948909,6029.002068948909,直连,,119.05269852342448,122.0
P00009,leg2-cruise,6019.6649313908,6024.515126780222,直连,,92.35752325197709,122.0
P00041,leg2-descent,6019.930526375883,6029.577285002186,直连,,91.0296734698302,122.0
P00044,leg2-descent,6021.016829847599,6030.882832988135,直连,,83.44313155160735,122.0
P00278,leg2-cruise,6021.838949558874,6026.810252078598,直连,,95.2773332901668,122.0
P00009,leg2-cruise,6024.515126780222,6029.365322169644,直连,,91.11304776269117,122.0
P00278,leg2-cruise,6026.810252078598,6031.78155459832,直连,,94.57315890127902,122.0
P00018,S011-handoff,6029.002068948909,6039.002068948909,直连,,119.05269852342448,122.0
P00009,leg2-cruise,6029.365322169644,6034.215517559065,直连,,89.87020083917339,122.0
P00041,leg2-descent,6029.577285002186,6039.224043628487,直连,,90.4164720573186,122.0
P00044,leg2-descent,6030.882832988135,6040.748836128671,直连,,82.19774881248387,122.0
P00278,leg2-cruise,6031.78155459832,6036.752857118043,直连,,93.86284467063948,122.0
P00009,leg2-cruise,6034.215517559065,6039.065712948486,直连,,88.78621881299541,122.0
P00278,leg2-cruise,6036.752857118043,6041.724159637766,直连,,93.16685158391465,122.0
P00018,S011-handoff,6039.002068948909,6049.002068948909,直连,,119.05269852342448,122.0
P00009,leg2-cruise,6039.065712948486,6043.915908337908,直连,,88.12233946785088,122.0
P00041,leg2-descent,6039.224043628487,6048.87080225479,直连,,89.75666946253962,122.0
P00044,leg2-descent,6040.748836128671,6050.614839269208,直连,,80.7434281000231,122.0
P00278,leg2-cruise,6041.724159637766,6046.69546215749,直连,,92.51662300149978,122.0
P00009,leg2-descent,6043.915908337908,6053.578021418614,直连,,87.69013342428786,122.0
P00278,leg2-cruise,6046.69546215749,6051.666764677213,直连,,91.95585665080296,122.0
P00041,leg2-descent,6048.87080225479,6058.517560881091,直连,,89.04259575115437,122.0
P00018,S011-handoff,6049.002068948909,6059.002068948909,直连,,119.05269852342448,122.0
P00044,leg2-descent,6050.614839269208,6060.480842409745,直连,,78.99564504974275,122.0
P00278,leg2-cruise,6051.666764677213,6056.638067196936,直连,,91.53726242018533,122.0
P00009,leg2-descent,6053.578021418614,6063.2401344993195,直连,,86.9637707543838,122.0
P00278,leg2-cruise,6056.638067196936,6061.609369716659,直连,,91.31179351184717,122.0
P00041,leg2-descent,6058.517560881091,6068.164319507394,直连,,88.26451625618456,122.0
P00018,S011-handoff,6059.002068948909,6069.002068948909,直连,,119.05269852342448,122.0
P00044,leg2-descent,6060.480842409745,6070.346845550281,直连,,76.80523964423423,122.0
P00278,leg2-descent,6061.609369716659,6071.21619909288,直连,,90.991605818801,122.0
P00009,leg2-descent,6063.2401344993195,6072.902247580026,直连,,86.17107637719971,122.0
P00041,leg2-descent,6068.164319507394,6077.811078133695,直连,,87.4098167699784,122.0
P00018,S011-handoff,6069.002068948909,6079.002068948909,直连,,119.05269852342448,122.0
P00044,leg2-descent,6070.346845550281,6080.212848690817,直连,,73.86913368892887,122.0
P00278,leg2-descent,6071.21619909288,6080.8230284691,直连,,90.37825509323234,122.0
P00009,leg2-descent,6072.902247580026,6082.564360660732,直连,,85.29870669478304,122.0
P00041,leg2-descent,6077.811078133695,6087.457836759998,直连,,86.46174236508743,122.0
P00018,S011-handoff,6079.002068948909,6089.002068948909,直连,,119.05269852342448,122.0
P00044,leg2-descent,6080.212848690817,6090.078851831353,直连,,69.40047074408915,122.0
P00278,leg2-descent,6080.8230284691,6090.429857845321,直连,,89.71827961395948,122.0
P00009,leg2-descent,6082.564360660732,6092.226473741438,直连,,84.3288367982603,122.0
P00041,leg2-descent,6087.457836759998,6097.1045953863,直连,,85.39735988929216,122.0
P00018,S011-handoff,6089.002068948909,6099.002068948909,直连,,119.05269852342448,122.0
P00044,leg2-descent,6090.078851831353,6099.944854971889,直连,,59.69784827241676,122.0
P00278,leg2-descent,6090.429857845321,6100.036687221542,直连,,89.00400338661983,122.0
P00009,leg2-descent,6092.226473741438,6101.888586822143,直连,,83.23689787400157,122.0
P00041,leg2-descent,6097.1045953863,6106.751354012602,直连,,84.18408912653277,122.0
P00018,S011-handoff,6099.002068948909,6109.002068948909,直连,,119.05269852342448,122.0
P00044,leg2-descent,6099.944854971889,6109.810858112425,直连,,60.16984014155938,122.0
P00278,leg2-descent,6100.036687221542,6109.643516597763,直连,,88.22568341219537,122.0
P00009,leg2-descent,6101.888586822143,6111.550699902849,直连,,81.98767756376434,122.0
P00041,leg2-descent,6106.751354012602,6116.398112638904,直连,,82.7733957321784,122.0
P00018,S011-handoff,6109.002068948909,6119.002068948909,直连,,119.05269852342448,122.0
P00278,leg2-descent,6109.643516597763,6119.250345973984,直连,,87.37069370408004,122.0
P00009,leg2-descent,6111.550699902849,6121.2128129835555,直连,,80.52811760849026,122.0
P00041,leg2-descent,6116.398112638904,6126.044871265206,直连,,81.08830369097663,122.0
P00018,S011-handoff,6119.002068948909,6129.002068948909,直连,,119.05269852342448,122.0
P00278,leg2-descent,6119.250345973984,6128.857175350204,直连,,86.42226212088201,122.0
P00009,leg2-descent,6121.2128129835555,6130.874926064261,直连,,78.77275412196917,122.0
P00041,leg2-descent,6126.044871265206,6135.6916298915085,直连,,78.99564504974266,122.0
P00278,leg2-descent,6128.857175350204,6138.464004726425,直连,,85.35742931796278,122.0
P00018,S011-handoff,6129.002068948909,6139.002068948909,直连,,119.05269852342448,122.0
P00009,leg2-descent,6130.874926064261,6140.537039144967,直连,,76.57040631483436,122.0
P00041,leg2-descent,6135.6916298915085,6145.33838851781,直连,,76.23317457050304,122.0
P00278,leg2-descent,6138.464004726425,6148.070834102646,直连,,84.14357317684747,122.0
P00018,S011-handoff,6139.002068948909,6149.002068948909,直连,,119.05269852342448,122.0
P00009,leg2-descent,6140.537039144967,6150.199152225673,直连,,73.61271021863098,122.0
P00041,leg2-descent,6145.33838851781,6154.9851471441125,直连,,72.15865338221036,122.0
P00278,leg2-descent,6148.070834102646,6157.677663478866,直连,,82.73208788439439,122.0
P00018,S011-handoff,6149.002068948909,6159.002068948909,直连,,119.05269852342448,122.0
P00009,leg2-descent,6150.199152225673,6159.861265306379,直连,,69.09319569322693,122.0
P00041,leg2-descent,6154.9851471441125,6164.631905770414,直连,,64.23129580096838,122.0
P00278,leg2-descent,6157.677663478866,6167.284492855087,直连,,81.04586472849084,122.0
P00018,S011-handoff,6159.002068948909,6169.002068948909,直连,,119.05269852342448,122.0
P00009,leg2-descent,6159.861265306379,6169.523378387084,直连,,59.125881025445565,122.0
P00041,leg2-descent,6164.631905770414,6174.2786643967165,直连,,58.0523322035338,122.0
P00278,leg2-descent,6167.284492855087,6176.891322231308,直连,,78.95145839021484,122.0
P00018,S011-handoff,6169.002068948909,6179.002068948909,直连,,119.05269852342448,122.0
P00009,leg2-descent,6169.523378387084,6179.185491467791,直连,,60.34286038100888,122.0
P00278,leg2-descent,6176.891322231308,6186.498151607529,直连,,76.18593057806281,122.0
P00018,S011-handoff,6179.002068948909,6189.002068948909,直连,,119.05269852342448,122.0
P00278,leg2-descent,6186.498151607529,6196.10498098375,直连,,72.10468834535067,122.0
P00018,S011-handoff,6189.002068948909,6199.002068948909,直连,,119.05269852342448,122.0
P00278,leg2-descent,6196.10498098375,6205.71181035997,直连,,64.15051631185352,122.0
P00018,leg2-climb,6199.002068948909,6208.253375101253,直连,,119.05378128032615,122.0
P00278,leg2-descent,6205.71181035997,6215.318639736191,直连,,58.106750999048344,122.0
P00018,leg2-climb,6208.253375101253,6226.755987405941,直连,,119.05657740777539,122.0
P00018,leg2-cruise,6226.755987405941,6414.566102416048,直连,,118.94761913616522,122.0
P00018,leg2-descent,6414.566102416048,6481.6308045644855,直连,,82.70492023245703,122.0
