运输架次编号,通信阶段,开始时刻（s）,结束时刻（s）,保障方式,中继架次编号,直连路径损耗（dB）,直连门限（dB）
P00089,leg1-climb,360.0,387.1481823730469,直连,,56.2129160027533,122.0
P00107,leg1-climb,383.0,392.04939412434896,直连,,56.2129160027533,122.0
P00089,leg1-climb,387.1481823730469,396.19757649739586,直连,,77.55760837078127,122.0
P00024,leg1-climb,390.0,399.6718205769857,直连,,54.84926104563459,122.0
P00107,leg1-climb,392.04939412434896,401.09878824869793,直连,,66.38297288678419,122.0
P00089,leg1-climb,396.19757649739586,405.2469706217448,直连,,80.24042241053876,122.0
P00024,leg1-climb,399.6718205769857,409.34364115397136,直连,,67.48415012187199,122.0
P00107,leg1-climb,401.09878824869793,410.1481823730469,直连,,73.65557611128986,122.0
P00089,leg1-climb,405.2469706217448,414.29636474609373,直连,,82.2872031221879,122.0
P00024,leg1-climb,409.34364115397136,419.01546173095704,直连,,74.46380373438195,122.0
P00107,leg1-climb,410.1481823730469,419.19757649739586,直连,,77.55760837078127,122.0
P00089,leg1-climb,414.29636474609373,423.3457588704427,直连,,83.94246818974946,122.0
P00024,leg1-climb,419.01546173095704,428.6872823079427,直连,,78.283142532026,122.0
P00107,leg1-climb,419.19757649739586,428.2469706217448,直连,,80.24042241053876,122.0
P00089,leg1-climb,423.3457588704427,432.39515299479166,直连,,85.33221615138905,122.0
P00107,leg1-climb,428.2469706217448,437.29636474609373,直连,,82.2872031221879,122.0
P00024,leg1-climb,428.6872823079427,438.3591028849284,直连,,80.92693785901753,122.0
P00089,leg1-climb,432.39515299479166,441.4445471191406,直连,,86.52997009376686,122.0
P00107,leg1-climb,437.29636474609373,446.3457588704427,直连,,83.94246818974946,122.0
P00024,leg1-climb,438.3591028849284,448.0309234619141,直连,,82.95100231144117,122.0
P00089,leg1-climb,441.4445471191406,450.4939412434896,直连,,87.58239599079008,122.0
P00020,leg1-climb,445.0,454.5200331624349,直连,,55.20206987342256,122.0
P00107,leg1-climb,446.3457588704427,455.39515299479166,直连,,85.33221615138905,122.0
P00024,leg1-climb,448.0309234619141,457.70274403889977,直连,,84.59140206329432,122.0
P00089,leg1-cruise,450.4939412434896,460.3490367717616,直连,,88.2980839666622,122.0
P00020,leg1-climb,454.5200331624349,464.0400663248698,直连,,67.22820357699511,122.0
P00107,leg1-climb,455.39515299479166,464.4445471191406,直连,,86.52997009376686,122.0
P00024,leg1-climb,457.70274403889977,467.37456461588545,直连,,85.9706652946353,122.0
P00089,leg1-cruise,460.3490367717616,465.2765845358976,直连,,89.35343664420917,122.0
P00020,leg1-climb,464.0400663248698,473.5600994873047,直连,,74.27352924398483,122.0
P00107,leg1-climb,464.4445471191406,473.4939412434896,直连,,87.58239599079008,122.0
P00089,leg1-cruise,465.2765845358976,470.2041323000336,直连,,90.31053270295662,122.0
P00024,leg1-climb,467.37456461588545,477.0463851928711,直连,,87.16062741373639,122.0
P00089,leg1-cruise,470.2041323000336,480.0592278283056,直连,,91.83431351526824,122.0
P00107,leg1-cruise,473.4939412434896,483.24291390261783,直连,,88.29320697334505,122.0
P00020,leg1-climb,473.5600994873047,483.0801326497396,直连,,78.11171836792278,122.0
P00024,leg1-climb,477.0463851928711,486.7182057698568,直连,,88.20703498957403,122.0
P00089,leg1-cruise,480.0592278283056,489.9143233565776,直连,,93.75726646136364,122.0
P00020,leg1-climb,483.0801326497396,492.6001658121745,直连,,80.76445636907572,122.0
P00107,leg1-cruise,483.24291390261783,492.9918865617461,直连,,89.78737432333965,122.0
P00024,leg1-climb,486.7182057698568,496.3900263468425,直连,,89.14082538467477,122.0
P00089,leg1-cruise,489.9143233565776,499.76941888484964,直连,,95.45106173770394,122.0
P00020,leg1-climb,492.6001658121745,502.1201989746094,直连,,82.79374142065463,122.0
P00107,leg1-cruise,492.9918865617461,502.74085922087437,直连,,91.77999667135128,122.0
P00071,leg1-climb,495.0,504.3314101710464,直连,,55.62142493215843,122.0
P00024,leg1-climb,496.3900263468425,506.06184692382817,直连,,89.98390077552928,122.0
P00089,leg1-cruise,499.76941888484964,509.62451441312163,直连,,96.9237621166601,122.0
P00020,leg1-climb,502.1201989746094,511.64023213704434,直连,,84.43756318095366,122.0
P00107,leg1-cruise,502.74085922087437,512.4898318800026,直连,,93.68878072278217,122.0
P00071,leg1-climb,504.3314101710464,513.6628203420928,直连,,66.89926097440376,122.0
P00024,leg1-climb,506.06184692382817,515.7336675008139,直连,,90.7523363876894,122.0
P00089,leg1-cruise,509.62451441312163,519.4796099413936,直连,,98.2113289784828,122.0
P00001,leg1-climb,510.0,519.6904406738281,直连,,57.99240565837262,122.0
P00020,leg1-climb,511.64023213704434,521.1602652994792,直连,,85.81924271851256,122.0
P00107,leg1-cruise,512.4898318800026,522.2388045391309,直连,,95.37434002834235,122.0
P00071,leg1-climb,513.6628203420928,522.9942305131392,直连,,74.03111890316714,122.0
P00024,leg1-climb,515.7336675008139,525.4054880777995,直连,,91.45828013518559,122.0
P00089,leg1-cruise,519.4796099413936,529.3347054696657,直连,,99.34850316274539,122.0
P00001,leg1-climb,519.6904406738281,529.3808813476562,直连,,64.31881537331904,122.0
P00020,leg1-climb,521.1602652994792,530.6802984619142,直连,,87.01100199192072,122.0
P00107,leg1-cruise,522.2388045391309,531.9877771982592,直连,,96.84206729146845,122.0
P00071,leg1-climb,522.9942305131392,532.3256406841856,直连,,77.89386793099945,122.0
P00024,leg1-climb,525.4054880777995,535.0773086547852,直连,,92.11113613912283,122.0
P00089,leg1-cruise,529.3347054696657,539.1898009979376,直连,,100.36349118499189,122.0
P00001,leg1-climb,529.3808813476562,539.0713220214843,直连,,72.21730887279031,122.0
P00020,leg1-climb,530.6802984619142,540.200331624349,直连,,88.05879851973764,122.0
P00107,leg1-cruise,531.9877771982592,541.7367498573874,直连,,98.12647055986307,122.0
P00071,leg1-climb,532.3256406841856,541.657050855232,直连,,80.55821443491213,122.0
P00024,leg1-climb,535.0773086547852,544.7491292317709,直连,,92.7183334879742,122.0
P00001,leg1-climb,539.0713220214843,548.7617626953125,直连,,76.28456620563054,122.0
P00089,leg1-cruise,539.1898009979376,549.0448965262096,直连,,101.27825562886086,122.0
P00002,leg1-climb,540.0,549.6904406738281,直连,,57.99240565837262,122.0
P00020,leg1-cruise,540.200331624349,545.1068266671015,直连,,88.62140948107118,122.0
P00071,leg1-climb,541.657050855232,550.9884610262784,直连,,82.59426367590437,122.0
P00107,leg1-cruise,541.7367498573874,551.4857225165157,直连,,99.26153171562136,122.0
P00024,leg1-cruise,544.7491292317709,549.5608576577021,直连,,93.03528653976798,122.0
P00020,leg1-cruise,545.1068266671015,550.0133217098539,直连,,89.23103022190686,122.0
P00001,leg1-climb,548.7617626953125,558.4522033691406,直连,,79.04372855980824,122.0
P00089,leg1-cruise,549.0448965262096,558.8999920544817,直连,,102.10980572890007,122.0
P00024,leg1-cruise,549.5608576577021,554.3725860836332,直连,,93.2572777070433,122.0
P00002,leg1-climb,549.6904406738281,559.3808813476562,直连,,64.31881537331904,122.0
P00020,leg1-cruise,550.0133217098539,554.9198167526063,直连,,90.24137151144492,122.0
P00071,leg1-climb,550.9884610262784,560.3198711973248,直连,,84.24251418046586,122.0
P00107,leg1-cruise,551.4857225165157,561.234695175644,直连,,100.27504794895466,122.0
P00024,leg1-cruise,554.3725860836332,559.1843145095643,直连,,93.66986961684884,122.0
P00020,leg1-cruise,554.9198167526063,559.8263117953587,直连,,91.41852659375654,122.0
P00001,leg1-climb,558.4522033691406,568.1426440429688,直连,,81.13449505143436,122.0
P00089,leg1-cruise,558.8999920544817,568.7550875827536,直连,,102.87140826614471,122.0
P00024,leg1-cruise,559.1843145095643,563.9960429354954,直连,,94.22344067300355,122.0
P00002,leg1-climb,559.3808813476562,569.0713220214843,直连,,72.21730887279031,122.0
P00020,leg1-cruise,559.8263117953587,564.7328068381112,直连,,92.61293749708443,122.0
P00071,leg1-climb,560.3198711973248,569.6512813683712,直连,,85.62731847828361,122.0
P00107,leg1-cruise,561.234695175644,566.1091815052081,直连,,100.96868838565985,122.0
P00024,leg1-cruise,563.9960429354954,568.8077713614266,直连,,94.86639961409583,122.0
P00020,leg1-cruise,564.7328068381112,569.6393018808636,直连,,93.75422856119998,122.0
P00107,leg1-cruise,566.1091815052081,570.9836678347722,直连,,101.40364634817603,122.0
P00001,leg1-cruise,568.1426440429688,577.8677593645208,直连,,83.28353644380317,122.0
P00089,leg1-cruise,568.7550875827536,578.6101831110257,直连,,103.57352978727816,122.0
P00024,leg1-cruise,568.8077713614266,573.6194997873578,直连,,95.55571873608102,122.0
P00002,leg1-climb,569.0713220214843,578.7617626953125,直连,,76.28456620563054,122.0
P00020,leg1-cruise,569.6393018808636,574.5457969236161,直连,,94.81721572492971,122.0
P00071,leg1-climb,569.6512813683712,578.9826915394176,直连,,86.82140053434753,122.0
P00107,leg1-cruise,570.9836678347722,575.8581541643364,直连,,101.81882226734797,122.0
P00024,leg1-cruise,573.6194997873578,578.4312282132889,直连,,96.26023301836426,122.0
P00020,leg1-cruise,574.5457969236161,579.4522919663684,直连,,95.7977425469343,122.0
P00107,leg1-cruise,575.8581541643364,580.7326404939005,直连,,102.21585315018133,122.0
P00001,leg1-cruise,577.8677593645208,582.7303170252969,直连,,86.95310959683883,122.0
P00024,leg1-cruise,578.4312282132889,583.24295663922,直连,,96.95951752122055,122.0
P00089,leg1-cruise,578.6101831110257,588.4652786392976,直连,,104.22453218162372,122.0
P00002,leg1-climb,578.7617626953125,588.4522033691406,直连,,79.04372855980824,122.0
P00071,leg1-climb,578.9826915394176,588.314101710464,直连,,87.87099149767278,122.0
P00020,leg1-cruise,579.4522919663684,584.3587870091209,直连,,96.70022861114832,122.0
P00107,leg1-cruise,580.7326404939005,590.4816131530288,直连,,102.7805117624598,122.0
P00001,leg1-cruise,582.7303170252969,587.592874686073,直连,,89.13297145284443,122.0
P00024,leg1-cruise,583.24295663922,588.0546850651511,直连,,97.64125649942925,122.0
P00020,leg1-cruise,584.3587870091209,589.2652820518733,直连,,97.53198711040754,122.0
P00001,leg1-cruise,587.592874686073,592.455432346849,直连,,90.96904582032133,122.0
P00024,leg1-cruise,588.0546850651511,592.8664134910823,直连,,98.29867822847736,122.0
P00071,leg1-climb,588.314101710464,597.6455118815104,直连,,88.80731548479534,122.0
P00002,leg1-climb,588.4522033691406,598.1426440429688,直连,,81.13449505143436,122.0
P00089,leg1-cruise,588.4652786392976,598.3203741675696,直连,,104.83117957266947,122.0
P00020,leg1-cruise,589.2652820518733,594.1717770946258,直连,,98.3008015636837,122.0
P00107,leg1-cruise,590.4816131530288,600.230585812157,直连,,103.48216459173385,122.0
P00001,leg1-cruise,592.455432346849,597.317990007625,直连,,92.52533379544903,122.0
P00024,leg1-cruise,592.8664134910823,597.6781419170135,直连,,98.92857558240841,122.0
P00020,leg1-cruise,594.1717770946258,599.0782721373782,直连,,99.01397135245314,122.0
P00001,leg1-cruise,597.317990007625,602.180547668401,直连,,93.8652047943,122.0
P00071,leg1-cruise,597.6455118815104,607.5380997590079,直连,,89.42090966407845,122.0
P00024,leg1-cruise,597.6781419170135,602.4898703429446,直连,,99.5299342568529,122.0
P00002,leg1-cruise,598.1426440429688,608.0076134670519,直连,,83.31524046559186,122.0
P00089,leg1-cruise,598.3203741675696,608.1754696958417,直连,,105.39900851193102,122.0
P00020,leg1-cruise,599.0782721373782,603.9847671801306,直连,,99.67799788629672,122.0
P00107,leg1-cruise,600.230585812157,609.9795584712853,直连,,104.13279515717363,122.0
P00001,leg1-cruise,602.180547668401,607.043105329177,直连,,95.0369496468407,122.0
P00024,leg1-cruise,602.4898703429446,607.3015987688757,直连,,100.10303529757752,122.0
P00020,leg1-cruise,603.9847671801306,608.891262222883,直连,,100.29854035239957,122.0
P00001,leg1-cruise,607.043105329177,611.905662989953,直连,,96.0758495781406,122.0
P00024,leg1-cruise,607.3015987688757,612.1133271948069,直连,,100.64888753559696,122.0
P00071,leg1-cruise,607.5380997590079,612.4843936977567,直连,,90.26315128676143,122.0
P00002,leg1-cruise,608.0076134670519,612.9400981790934,直连,,87.03771253887555,122.0
P00089,leg1-cruise,608.1754696958417,613.1030174599777,直连,,105.80219160453298,122.0
P00020,leg1-cruise,608.891262222883,613.7977572656355,直连,,100.88047687089131,122.0
P00107,leg1-cruise,609.9795584712853,619.7285311304136,直连,,104.73914280116696,122.0
P00001,leg1-cruise,611.905662989953,616.7682206507292,直连,,97.00778546221129,122.0
P00024,leg1-cruise,612.1133271948069,616.925055620738,直连,,101.16887677502052,122.0
P00071,leg1-cruise,612.4843936977567,617.4306876365055,直连,,91.06028314298841,122.0
P00002,leg1-cruise,612.9400981790934,617.872582891135,直连,,89.233172482575,122.0
P00089,leg1-cruise,613.1030174599777,618.0305652241136,直连,,106.061112141155,122.0
P00020,leg1-cruise,613.7977572656355,618.7042523083879,直连,,101.427999417989,122.0
P00001,leg1-cruise,616.7682206507292,621.6307783115052,直连,,97.8520566432842,122.0
P00024,leg1-cruise,616.925055620738,621.7367840466692,直连,,101.66455312478529,122.0
P00071,leg1-cruise,617.4306876365055,622.3769815752541,直连,,91.93661395795728,122.0
P00002,leg1-cruise,617.872582891135,622.8050676031767,直连,,91.07747351150664,122.0
P00089,leg1-cruise,618.0305652241136,622.9581129882497,直连,,106.31265441075087,122.0
P00020,leg1-cruise,618.7042523083879,623.6107473511404,直连,,101.94471226296399,122.0
P00107,leg1-cruise,619.7285311304136,629.4775037895417,直连,,105.30672669292525,122.0
P00001,leg1-cruise,621.6307783115052,626.4933359722812,直连,,98.62333273407312,122.0
P00024,leg1-cruise,621.7367840466692,626.5485124726004,直连,,102.1375048799309,122.0
P00071,leg1-cruise,622.3769815752541,627.323275514003,直连,,92.83004377658054,122.0
P00002,leg1-cruise,622.8050676031767,627.7375523152183,直连,,92.63846311792658,122.0
P00089,leg1-cruise,622.9581129882497,627.8856607523857,直连,,106.55722093386963,122.0
P00020,leg1-cruise,623.6107473511404,628.5172423938928,直连,,102.43372213944495,122.0
P00001,leg1-cruise,626.4933359722812,631.3558936330573,直连,,99.33297510855927,122.0
P00024,leg1-cruise,626.5485124726004,631.3602408985315,直连,,102.58928604849142,122.0
P00071,leg1-cruise,627.323275514003,637.2158633915005,直连,,94.12898727503025,122.0
P00002,leg1-cruise,627.7375523152183,632.6700370272599,直连,,93.98122766587386,122.0
P00089,leg1-cruise,627.8856607523857,632.8132085165216,直连,,106.79518267433279,122.0
P00020,leg1-cruise,628.5172423938928,633.4237374366453,直连,,102.89771651363907,122.0
P00107,leg1-cruise,629.4775037895417,639.22647644867,直连,,105.8401160050762,122.0
P00001,leg1-cruise,631.3558936330573,636.2184512938334,直连,,99.98993672592563,122.0
P00024,leg1-cruise,631.3602408985315,636.1719693244627,直连,,103.02137684480684,122.0
P00002,leg1-cruise,632.6700370272599,637.6025217393014,直连,,95.15486474191391,122.0
P00089,leg1-cruise,632.8132085165216,637.7407562806577,直连,,107.02688220007099,122.0
P00020,leg1-cruise,633.4237374366453,638.3302324793976,直连,,103.33902976787128,122.0
P00024,leg1-cruise,636.1719693244627,640.9836977503937,直连,,103.43516424736735,122.0
P00001,leg1-cruise,636.2184512938334,645.9435666153854,直连,,100.89190152621748,122.0
P00071,leg1-cruise,637.2158633915005,647.108451268998,直连,,95.71619449483055,122.0
P00002,leg1-cruise,637.6025217393014,642.535006451343,直连,,96.1950640490562,122.0
P00089,leg1-cruise,637.7407562806577,647.5958518089296,直连,,107.36337677883004,122.0
P00020,leg1-cruise,638.3302324793976,643.2367275221501,直连,,103.7596984532379,122.0
P00107,leg1-cruise,639.22647644867,648.9754491077983,直连,,106.34313140544641,122.0
P00024,leg1-cruise,640.9836977503937,645.7954261763249,直连,,103.83193460105343,122.0
P00002,leg1-cruise,642.535006451343,647.4674911633846,直连,,97.12792822690456,122.0
P00020,leg1-cruise,643.2367275221501,648.1432225649025,直连,,104.16150715635438,122.0
P00024,leg1-cruise,645.7954261763249,650.6071546022561,直连,,104.2128732910832,122.0
P00001,leg1-cruise,645.9435666153854,650.8061242761614,直连,,101.70997271261015,122.0
P00071,leg1-cruise,647.108451268998,657.0010391464955,直连,,97.12334564617736,122.0
P00002,leg1-cruise,647.4674911633846,652.3999758754262,直连,,97.9728844750801,122.0
P00089,leg1-cruise,647.5958518089296,657.4509473372017,直连,,107.79288846933723,122.0
P00020,leg1-cruise,648.1432225649025,653.049717607655,直连,,104.54602651478461,122.0
P00107,leg1-cruise,648.9754491077983,658.7244217669266,直连,,106.81899707920866,122.0
P00024,leg1-cruise,650.6071546022561,655.4188830281872,直连,,104.5790684155523,122.0
P00001,leg1-cruise,650.8061242761614,655.6686819369374,直连,,102.2158735002532,122.0
P00002,leg1-cruise,652.3999758754262,657.3324605874677,直连,,98.74467996437774,122.0
P00020,leg1-cruise,653.049717607655,657.9562126504075,直连,,104.9146447519222,122.0
P00024,leg1-cruise,655.4188830281872,660.2306114541184,直连,,104.93151656748492,122.0
P00001,leg1-cruise,655.6686819369374,660.5312395977135,直连,,102.69417775738575,122.0
P00071,leg1-cruise,657.0010391464955,666.8936270239931,直连,,98.36873406721949,122.0
P00002,leg1-cruise,657.3324605874677,662.2649452995093,直连,,99.45472518506512,122.0
P00089,leg1-cruise,657.4509473372017,667.3060428654737,直连,,118.20236503571606,122.0
P00020,leg1-cruise,657.9562126504075,662.8627076931598,直连,,105.26859389693298,122.0
P00107,leg1-cruise,658.7244217669266,663.5989080964907,直连,,107.15974527614752,122.0
P00024,leg1-cruise,660.2306114541184,665.0423398800494,直连,,105.27112957672085,122.0
P00001,leg1-cruise,660.5312395977135,665.3937972584896,直连,,103.14771693998803,122.0
P00002,leg1-cruise,662.2649452995093,667.197430011551,直连,,100.11200536214083,122.0
P00020,leg1-cruise,662.8627076931598,667.7692027359122,直连,,105.60897165547667,122.0
P00107,leg1-cruise,663.5989080964907,668.4733944260549,直连,,107.37979152616298,122.0
P00024,leg1-cruise,665.0423398800494,669.8540683059806,直连,,105.5987415233152,122.0
P00001,leg1-cruise,665.3937972584896,670.2563549192656,直连,,103.57891123289369,122.0
P00071,leg1-cruise,666.8936270239931,676.7862149014906,直连,,99.47752478268627,122.0
P00002,leg1-cruise,667.197430011551,672.1299147235925,直连,,100.72370891090415,122.0
P00089,leg1-cruise,667.3060428654737,677.1611383937457,直连,,118.59357524794625,122.0
P00020,leg1-cruise,667.7692027359122,672.6756977786647,直连,,105.93675972081944,122.0
P00107,leg1-cruise,668.4733944260549,673.347880755619,直连,,107.59446319797382,122.0
P00024,leg1-cruise,669.8540683059806,674.6657967319118,直连,,105.91511562227319,122.0
P00001,leg1-cruise,670.2563549192656,675.1189125800416,直连,,103.98984494957003,122.0
P00002,leg1-cruise,672.1299147235925,677.0623994356341,直连,,101.29566892037373,122.0
P00020,leg1-cruise,672.6756977786647,677.5821928214172,直连,,106.25283916635148,122.0
P00107,leg1-cruise,673.347880755619,678.2223670851831,直连,,107.80401365796871,122.0
P00024,leg1-cruise,674.6657967319118,679.4775251578429,直连,,106.22095075816341,122.0
P00001,leg1-cruise,675.1189125800416,679.9814702408178,直连,,114.3823255321554,122.0
P00071,leg1-cruise,676.7862149014906,686.678802778988,直连,,100.47264178772683,122.0
P00002,leg1-cruise,677.0623994356341,681.9948841476757,直连,,101.83267914086115,122.0
P00089,leg1-cruise,677.1611383937457,687.0162339220177,直连,,118.9680656089786,122.0
P00020,leg1-cruise,677.5821928214172,682.4886878641696,直连,,106.55800343861907,122.0
P00107,leg1-cruise,678.2223670851831,687.9713397443114,直连,,118.10924911220339,122.0
P00024,leg1-cruise,679.4775251578429,684.2892535837741,直连,,106.51688755855056,122.0
P00001,leg1-cruise,679.9814702408178,684.8440279015938,直连,,114.75793022341097,122.0
P00002,leg1-cruise,681.9948841476757,686.9273688597173,直连,,102.33872421837034,122.0
P00020,leg1-cruise,682.4886878641696,687.395182906922,直连,,106.85296937089772,122.0
P00024,leg1-cruise,684.2892535837741,689.1009820097051,直连,,106.80351396255098,122.0
P00001,leg1-cruise,684.8440279015938,689.7065855623698,直连,,115.11804335831835,122.0
P00071,leg1-cruise,686.678802778988,696.5713906564856,直连,,101.37301599659484,122.0
P00002,leg1-cruise,686.9273688597173,691.8598535717588,直连,,102.81715026187211,122.0
P00089,leg1-cruise,687.0162339220177,696.8713294502897,直连,,119.32719577485537,122.0
P00020,leg1-cruise,687.395182906922,692.3016779496744,直连,,107.13838655788439,122.0
P00107,leg1-cruise,687.9713397443114,697.7203124034397,直连,,118.5003801524395,122.0
P00024,leg1-cruise,689.1009820097051,693.9127104356363,直连,,107.0813702806235,122.0
P00001,leg1-cruise,689.7065855623698,694.5691432231458,直连,,115.46388643738172,122.0
P00002,leg1-cruise,691.8598535717588,696.7923382838004,直连,,103.27079316248677,122.0
P00020,leg1-cruise,692.3016779496744,697.2081729924269,直连,,107.41484536804275,122.0
P00024,leg1-cruise,693.9127104356363,698.7244388615675,直连,,107.35095376462365,122.0
P00001,leg1-cruise,694.5691432231458,699.4317008839218,直连,,115.79654258722702,122.0
P00071,leg1-cruise,696.5713906564856,706.4639785339831,直连,,102.19384109272724,122.0
P00002,leg1-cruise,696.7923382838004,701.724822995842,直连,,103.70207650138505,122.0
P00089,leg1-cruise,696.8713294502897,706.7264249785617,直连,,119.67216725120647,122.0
P00020,leg1-cruise,697.2081729924269,702.1146680351793,直连,,107.68288381896491,122.0
P00107,leg1-cruise,697.7203124034397,707.4692850625679,直连,,118.87480113835628,122.0
P00024,leg1-cruise,698.7244388615675,703.5361672874986,直连,,107.61272271952048,122.0
P00001,leg1-cruise,699.4317008839218,704.2942585446979,直连,,116.11697661436108,122.0
P00002,leg1-cruise,701.724822995842,706.6573077078835,直连,,104.11308722785148,122.0
P00020,leg1-cruise,702.1146680351793,707.0211630779318,直连,,107.94299349999424,122.0
P00024,leg1-cruise,703.5361672874986,708.3478957134298,直连,,107.8671001936497,122.0
P00001,leg1-cruise,704.2942585446979,714.01937386625,直连,,116.57657470762791,122.0
P00071,leg1-cruise,706.4639785339831,716.3565664114807,直连,,102.94725223660784,122.0
P00002,leg1-cruise,706.6573077078835,711.5897924199252,直连,,114.50563485451633,122.0
P00089,leg1-cruise,706.7264249785617,716.5815205068338,直连,,120.00404682791655,122.0
P00020,leg1-cruise,707.0211630779318,711.9276581206841,直连,,108.19562469330381,122.0
P00107,leg1-cruise,707.4692850625679,717.2182577216962,直连,,119.23387018029037,122.0
P00024,leg1-cruise,708.3478957134298,713.1596241393609,直连,,108.1144772860172,122.0
P00002,leg1-cruise,711.5897924199252,716.5222771319668,直连,,114.88129826857494,122.0
P00020,leg1-cruise,711.9276581206841,716.8341531634366,直连,,108.4411908178914,122.0
P00024,leg1-cruise,713.1596241393609,717.971352565292,直连,,108.35521610858567,122.0
P00001,leg1-cruise,714.01937386625,718.881931527026,直连,,117.01314805332449,122.0
P00071,leg1-cruise,716.3565664114807,726.2491542889782,直连,,103.64298482533225,122.0
P00002,leg1-cruise,716.5222771319668,721.4547618440083,直连,,115.24146312424516,122.0
P00089,leg1-cruise,716.5815205068338,726.4366160351058,直连,,120.32378585947737,122.0
P00020,leg1-cruise,716.8341531634366,721.740648206189,直连,,108.68007229954713,122.0
P00107,leg1-cruise,717.2182577216962,726.9672303808245,直连,,119.5787875307213,122.0
P00024,leg1-cruise,717.971352565292,722.7830809912232,直连,,108.58965243926437,122.0
P00001,leg1-cruise,718.881931527026,723.7444891878021,直连,,117.29250004795173,122.0
P00002,leg1-cruise,721.4547618440083,726.38724655605,直连,,115.5873519902033,122.0
P00020,leg1-cruise,721.740648206189,726.6471432489415,直连,,108.9126199521791,122.0
P00024,leg1-cruise,722.7830809912232,727.5948094171544,直连,,108.81809809876238,122.0
P00001,leg1-cruise,723.7444891878021,728.6070468485782,直连,,117.56317181589064,122.0
P00071,leg1-cruise,726.2491542889782,736.1417421664758,直连,,104.28891306499227,122.0
P00002,leg1-cruise,726.38724655605,731.3197312680916,直连,,115.92004886531186,122.0
P00089,leg1-cruise,726.4366160351058,736.2917115633777,直连,,120.63223623801238,122.0
P00020,leg1-cruise,726.6471432489415,731.5536382916939,直连,,109.13915794177015,122.0
P00107,leg1-cruise,726.9672303808245,736.7162030399527,直连,,119.91061895508193,122.0
P00024,leg1-cruise,727.5948094171544,732.4065378430855,直连,,109.04084308137266,122.0
P00001,leg1-cruise,728.6070468485782,733.4696045093542,直连,,117.82568513692075,122.0
P00002,leg1-cruise,731.3197312680916,736.2522159801331,直连,,116.2405192739484,122.0
P00020,leg1-cruise,731.5536382916939,736.4601333344464,直连,,109.3599863925176,122.0
P00024,leg1-cruise,732.4065378430855,737.2182662690167,直连,,109.25815746694224,122.0
P00001,leg1-cruise,733.4696045093542,738.3321621701302,直连,,118.08051623270364,122.0
P00071,leg1-cruise,736.1417421664758,746.0343300439732,直连,,104.89146652541203,122.0
P00002,leg1-cruise,736.2522159801331,741.1847006921746,直连,,116.54962686012065,122.0
P00089,leg1-cruise,736.2917115633777,746.1468070916497,直连,,120.93016371268824,122.0
P00020,leg1-cruise,736.4601333344464,741.3666283771988,直连,,109.5753836852,122.0
P00107,leg1-cruise,736.7162030399527,746.465175699081,直连,,120.2303149638751,122.0
P00024,leg1-cruise,737.2182662690167,742.0299946949478,直连,,109.47029313828467,122.0
P00001,leg1-cruise,738.3321621701302,743.1947198309063,直连,,118.32810090789717,122.0
P00002,leg1-cruise,741.1847006921746,746.1171854042162,直连,,116.84814718496438,122.0
P00020,leg1-cruise,741.3666283771988,746.2731234199512,直连,,109.78560848986777,122.0
P00024,leg1-cruise,742.0299946949478,746.8417231208789,直连,,109.67748532563397,122.0
P00001,leg1-cruise,743.1947198309063,748.0572774916823,直连,,118.56883898762844,122.0
P00071,leg1-cruise,746.0343300439732,755.9269179214707,直连,,115.45594648942195,122.0
P00002,leg1-cruise,746.1171854042162,751.0496701162579,直连,,117.1367792727841,122.0
P00089,leg1-cruise,746.1468070916497,756.0019026199218,直连,,121.21825906428876,122.0
P00020,leg1-cruise,746.2731234199512,751.1796184627036,直连,,109.99090156857444,122.0
P00107,leg1-cruise,746.465175699081,756.2141483582093,直连,,120.53872674892474,122.0
P00024,leg1-cruise,746.8417231208789,751.6534515468101,直连,,109.87995399741185,122.0
P00001,leg1-cruise,748.0572774916823,752.9198351524583,直连,,118.80309816357895,122.0
P00002,leg1-cruise,751.0496701162579,755.9821548282994,直连,,117.41615533111762,122.0
P00020,leg1-cruise,751.1796184627036,756.0861135054561,直连,,110.19148737833142,122.0
P00024,leg1-cruise,751.6534515468101,756.4651799727412,直连,,110.0779051142599,122.0
P00001,leg1-cruise,752.9198351524583,757.7823928132343,直连,,119.03121734057424,122.0
P00071,leg1-cruise,755.9269179214707,765.8195057989683,直连,,115.98676547545384,122.0
P00002,leg1-cruise,755.9821548282994,760.914639540341,直连,,117.6868489797221,122.0
P00089,leg1-cruise,756.0019026199218,765.8569981481937,直连,,121.49714753411097,122.0
P00020,leg1-cruise,756.0861135054561,760.9926085482084,直连,,120.38757550007128,122.0
P00107,leg1-cruise,756.2141483582093,761.0886346877734,直连,,120.76309351906974,122.0
P00024,leg1-cruise,756.4651799727412,761.2769083986723,直连,,110.27153176132222,122.0
P00001,leg1-cruise,757.7823928132343,762.6449504740103,直连,,119.25350955942825,122.0
P00002,leg1-cruise,760.914639540341,765.8471242523826,直连,,117.94938225395774,122.0
P00020,leg1-cruise,760.9926085482084,765.8991035909609,直连,,110.57936191559602,122.0
P00107,leg1-cruise,761.0886346877734,765.9631210173375,直连,,120.90953145045202,122.0
P00024,leg1-cruise,761.2769083986723,766.0886368246034,直连,,120.46101517211932,122.0
P00001,leg1-cruise,762.6449504740103,767.5075081347863,直连,,119.47026455867514,122.0
P00071,leg1-cruise,765.8195057989683,775.7120936764658,直连,,116.48762930132361,122.0
P00002,leg1-cruise,765.8471242523826,770.7796089644241,直连,,118.20423159476539,122.0
P00089,leg1-cruise,765.8569981481937,775.7120936764658,直连,,121.76739682287322,122.0
P00020,leg1-cruise,765.8991035909609,770.8055986337133,直连,,120.76703015138409,122.0
P00107,leg1-cruise,765.9631210173375,770.8376073469017,直连,,121.05355367872532,122.0
P00024,leg1-cruise,766.0886368246034,770.9003652505346,直连,,120.64652565569449,122.0
P00001,leg1-cruise,767.5075081347863,772.3700657955625,直连,,119.68175102738253,122.0
P00002,leg1-cruise,770.7796089644241,775.7120936764658,直连,,118.45183299578265,122.0
P00020,leg1-cruise,770.8055986337133,775.7120936764658,直连,,120.95075230541357,122.0
P00107,leg1-cruise,770.8376073469017,775.7120936764658,直连,,121.19523821393472,122.0
P00024,leg1-cruise,770.9003652505346,775.7120936764658,直连,,120.82822343734975,122.0
P00001,leg1-descent,772.3700657955625,782.7013679228586,直连,,119.78521529975745,122.0
P00002,leg1-cruise,775.7120936764658,782.7013679228586,直连,,118.74195410321948,122.0
P00020,leg1-cruise,775.7120936764658,782.7013679228586,直连,,121.16840894504304,122.0
P00024,leg1-cruise,775.7120936764658,782.7013679228586,直连,,121.04605126313277,122.0
P00071,leg1-cruise,775.7120936764658,782.7013679228586,直连,,116.89368462038037,122.0
P00089,leg1-cruise,775.7120936764658,782.7013679228586,中继,RU-001,121.99189719974996,122.0
P00107,leg1-cruise,775.7120936764658,782.7013679228586,直连,,121.36461141410538,122.0
P00001,leg1-descent,782.7013679228586,789.6906421692515,直连,,119.78274665149318,122.0
P00002,leg1-cruise,782.7013679228586,789.6906421692515,直连,,119.07025145176726,122.0
P00020,leg1-cruise,782.7013679228586,789.6906421692515,直连,,121.41742878307372,122.0
P00024,leg1-cruise,782.7013679228586,789.6906421692515,直连,,121.29730509450229,122.0
P00071,leg1-cruise,782.7013679228586,789.6906421692515,直连,,117.21634294915779,122.0
P00089,leg1-cruise,782.7013679228586,789.6906421692515,中继,RU-001,122.17391172708881,122.0
P00107,leg1-cruise,782.7013679228586,789.6906421692515,直连,,121.56004708700273,122.0
P00001,leg1-descent,789.6906421692515,796.6799164156444,直连,,119.7815740130501,122.0
P00002,leg1-cruise,789.6906421692515,796.6799164156444,直连,,119.38661331539669,122.0
P00020,leg1-cruise,789.6906421692515,796.6799164156444,直连,,121.65954226475903,122.0
P00024,leg1-cruise,789.6906421692515,796.6799164156444,直连,,121.54159839305109,122.0
P00071,leg1-cruise,789.6906421692515,796.6799164156444,直连,,117.52762382622517,122.0
P00089,leg1-cruise,789.6906421692515,796.6799164156444,中继,RU-001,122.35220415222963,122.0
P00107,leg1-cruise,789.6906421692515,796.6799164156444,直连,,121.75120047947709,122.0
P00001,leg1-descent,796.6799164156444,798.2335336526797,直连,,119.78094619258842,122.0
P00002,leg1-cruise,796.6799164156444,798.2335336526797,直连,,119.57444145917509,122.0
P00020,leg1-cruise,796.6799164156444,798.2335336526797,直连,,121.8042682764209,122.0
P00024,leg1-cruise,796.6799164156444,798.2335336526797,直连,,121.68762941217778,122.0
P00071,leg1-cruise,796.6799164156444,798.2335336526797,直连,,117.71258981448399,122.0
P00089,leg1-cruise,796.6799164156444,798.2335336526797,中继,RU-001,122.45939790579416,122.0
P00107,leg1-cruise,796.6799164156444,798.2335336526797,直连,,121.86599312048784,122.0
P00001,leg1-descent,798.2335336526797,798.7120936764658,直连,,119.78080677337418,122.0
P00002,leg1-cruise,798.2335336526797,798.7120936764658,直连,,119.61853119658724,122.0
P00020,leg1-cruise,798.2335336526797,798.7120936764658,直连,,121.83834508095144,122.0
P00024,leg1-cruise,798.2335336526797,798.7120936764658,直连,,121.7220135946002,122.0
P00071,leg1-cruise,798.2335336526797,798.7120936764658,直连,,117.75602374612181,122.0
P00089,leg1-cruise,798.2335336526797,798.7120936764658,中继,RU-001,122.48470417199329,122.0
P00107,leg1-cruise,798.2335336526797,798.7120936764658,直连,,121.89307890003784,122.0
P00001,leg1-descent,798.7120936764658,807.8052322628696,直连,,119.78020141730943,122.0
P00002,leg1-cruise,798.7120936764658,802.3700657955625,直连,,119.70759224349553,122.0
P00020,leg1-cruise,798.7120936764658,803.6140614242153,中继,RU-002,121.9279316931054,122.0
P00024,leg1-cruise,798.7120936764658,803.5650410331293,直连,,121.81158897106747,122.0
P00071,leg1-cruise,798.7120936764658,808.5160291719648,直连,,117.97256837465397,122.0
P00089,leg1-cruise,798.7120936764658,808.0188877141618,中继,RU-001,122.60554088269745,122.0
P00107,leg1-cruise,798.7120936764658,808.5671892047378,中继,RU-002,122.02952391094661,122.0
P00002,leg1-descent,802.3700657955625,811.2757268063046,直连,,119.78460224394392,122.0
P00024,leg1-cruise,803.5650410331293,808.4179883897929,中继,RU-002,121.97235514112568,122.0
P00020,leg1-cruise,803.6140614242153,808.5160291719648,中继,RU-002,122.0888406139733,122.0
P00001,leg1-descent,807.8052322628696,816.8983708492734,直连,,119.779284577566,122.0
P00089,leg1-cruise,808.0188877141618,817.3256817518578,中继,RU-001,122.83087088001548,122.0
P00024,leg1-cruise,808.4179883897929,813.2709357464564,中继,RU-002,122.1302366412913,122.0
P00020,leg1-cruise,808.5160291719648,813.4179969197141,中继,RU-002,122.24683525439275,122.0
P00071,leg1-cruise,808.5160291719648,818.3199646674636,直连,,118.37129623903488,122.0
P00107,leg1-cruise,808.5671892047378,818.4222847330097,中继,RU-002,122.2840009013979,122.0
P00002,leg1-descent,811.2757268063046,820.1813878170468,直连,,119.78283151273233,122.0
P00024,leg1-cruise,813.2709357464564,818.1238831031201,中继,RU-002,122.28533388382424,122.0
P00020,leg1-cruise,813.4179969197141,818.3199646674636,中继,RU-002,122.4020188560376,122.0
P00001,S001-handoff,816.8983708492734,826.831542146426,直连,,119.77894086539243,122.0
P00089,leg1-cruise,817.3256817518578,826.6324757895538,中继,RU-001,123.05052085310282,122.0
P00024,leg1-cruise,818.1238831031201,822.9768304597836,中继,RU-002,122.43774219476418,122.0
P00020,leg1-cruise,818.3199646674636,823.2219324152131,中继,RU-002,122.55448929239526,122.0
P00071,leg1-cruise,818.3199646674636,828.1239001629626,直连,,118.7527277307486,122.0
P00107,leg1-cruise,818.4222847330097,823.3498324971458,中继,RU-002,122.47009966776534,122.0
P00002,leg1-descent,820.1813878170468,829.0870488277891,直连,,119.78135349189522,122.0
P00024,leg1-cruise,822.9768304597836,827.8297778164472,中继,RU-002,122.5875521471217,122.0
P00020,leg1-cruise,823.2219324152131,828.1239001629626,中继,RU-002,122.704339433078,122.0
P00107,leg1-cruise,823.3498324971458,828.2773802612818,中继,RU-002,122.59199426569134,122.0
P00089,leg1-cruise,826.6324757895538,835.9392698272497,中继,RU-001,123.26476924304751,122.0
P00001,S001-handoff,826.831542146426,836.7647134435787,直连,,119.77894086539243,122.0
P00024,leg1-cruise,827.8297778164472,832.6827251731107,中继,RU-002,122.73484986759745,122.0
P00020,leg1-cruise,828.1239001629626,833.0258679107121,中继,RU-002,122.85165747785591,122.0
P00071,leg1-cruise,828.1239001629626,837.9278356584615,直连,,119.11828499768754,122.0
P00107,leg1-cruise,828.2773802612818,833.2049280254178,中继,RU-002,122.71220759553424,122.0
P00002,leg1-descent,829.0870488277891,837.9927098385313,直连,,119.78016848059796,122.0
P00024,leg1-cruise,832.6827251731107,837.5356725297743,中继,RU-002,122.87971731931526,122.0
P00020,leg1-cruise,833.0258679107121,837.9278356584615,中继,RU-002,122.99652726340423,122.0
P00107,leg1-cruise,833.2049280254178,838.1324757895538,中继,RU-002,122.83078524643142,122.0
P00089,leg1-cruise,835.9392698272497,845.2460638649458,中继,RU-001,123.47387456629168,122.0
P00001,S001-handoff,836.7647134435787,846.6978847407312,直连,,119.77894086539243,122.0
P00024,leg1-cruise,837.5356725297743,842.3886198864378,中继,RU-002,123.0222325627178,122.0
P00020,leg1-cruise,837.9278356584615,842.829803406211,中继,RU-002,123.13902854536387,122.0
P00071,leg1-cruise,837.9278356584615,842.829803406211,直连,,119.38279629516506,122.0
P00002,leg1-descent,837.9927098385313,846.8983708492734,直连,,119.77927671886977,122.0
P00107,leg1-cruise,838.1324757895538,847.9875713178258,中继,RU-002,123.00568008764172,122.0
P00024,leg1-cruise,842.3886198864378,847.2415672431014,中继,RU-002,123.16246999663235,122.0
P00020,leg1-cruise,842.829803406211,847.7317711539605,中继,RU-002,123.2792372580376,122.0
P00071,leg1-cruise,842.829803406211,847.7317711539605,直连,,119.5548073322519,122.0
P00089,leg1-cruise,845.2460638649458,854.5528579026418,中继,RU-001,123.67807726594575,122.0
P00001,S001-handoff,846.6978847407312,856.6310560378838,直连,,119.77894086539243,122.0
P00002,S001-handoff,846.8983708492734,856.8064813828582,直连,,119.77894086539243,122.0
P00024,leg1-cruise,847.2415672431014,852.094514599765,中继,RU-002,123.30050058120871,122.0
P00020,leg1-cruise,847.7317711539605,852.63373890171,中继,RU-002,123.41722575384678,122.0
P00071,leg1-cruise,847.7317711539605,852.63373890171,直连,,119.72350860642996,122.0
P00107,leg1-cruise,847.9875713178258,857.8426668460978,中继,RU-002,123.2335425736094,122.0
P00024,leg1-cruise,852.094514599765,856.9474619564286,中继,RU-002,123.4363920443602,122.0
P00020,leg1-cruise,852.63373890171,857.5357066494595,中继,RU-002,123.55306302438147,122.0
P00071,leg1-cruise,852.63373890171,857.5357066494595,直连,,119.8890239448485,122.0
P00089,leg1-descent,854.5528579026418,864.0492226487356,中继,RU-001,123.77733662144614,122.0
P00001,S001-handoff,856.6310560378838,866.5642273350364,直连,,119.77894086539243,122.0
P00002,S001-handoff,856.8064813828582,866.714591916443,直连,,119.77894086539243,122.0
P00024,leg1-cruise,856.9474619564286,861.8004093130921,中继,RU-002,123.57020907310256,122.0
P00020,leg1-cruise,857.5357066494595,862.4376743972089,中继,RU-002,123.68681490469929,122.0
P00071,leg1-cruise,857.5357066494595,862.4376743972089,直连,,120.051470415719,122.0
P00107,leg1-cruise,857.8426668460978,867.6977623743697,中继,RU-002,123.45559656146685,122.0
P00024,leg1-cruise,861.8004093130921,866.6533566697557,中继,RU-002,123.70201349112068,122.0
P00020,leg1-cruise,862.4376743972089,867.3396421449584,中继,RU-002,123.81854426239845,122.0
P00071,leg1-cruise,862.4376743972089,867.3396421449584,直连,,120.21095880687814,122.0
P00089,leg1-descent,864.0492226487356,873.5455873948293,中继,RU-001,123.77534346571288,122.0
P00001,S001-handoff,866.5642273350364,876.4973986321891,直连,,119.77894086539243,122.0
P00024,leg1-cruise,866.6533566697557,871.5063040264192,中继,RU-002,123.8318644236748,122.0
P00002,S001-handoff,866.714591916443,876.6227024500279,直连,,119.77894086539243,122.0
P00020,leg1-cruise,867.3396421449584,872.2416098927079,中继,RU-002,123.94831117278791,122.0
P00071,leg1-cruise,867.3396421449584,877.1435776404574,直连,,120.4448730624562,122.0
P00107,leg1-cruise,867.6977623743697,877.5528579026418,中继,RU-002,123.6721299962704,122.0
P00024,leg1-cruise,871.5063040264192,876.3592513830828,中继,RU-002,123.95981845092346,122.0
P00020,leg1-cruise,872.2416098927079,877.1435776404574,中继,RU-002,124.07617308134066,122.0
P00089,S013-handoff,873.5455873948293,882.3151986820164,中继,RU-001,123.77442449618124,122.0
P00024,leg1-cruise,876.3592513830828,881.2121987397463,中继,RU-002,124.08592975063817,122.0
P00001,S001-handoff,876.4973986321891,886.4305699293417,直连,,119.77894086539243,122.0
P00002,S001-handoff,876.6227024500279,886.5308129836128,直连,,119.77894086539243,122.0
P00020,leg1-cruise,877.1435776404574,882.0455453882068,中继,RU-002,124.20218495455799,122.0
P00071,leg1-cruise,877.1435776404574,886.9475131359563,直连,,120.74734031322294,122.0
P00107,leg1-descent,877.5528579026418,887.0492226487356,中继,RU-002,123.77733662144614,122.0
P00024,leg1-cruise,881.2121987397463,886.06514609641,中继,RU-002,124.21025023112279,122.0
P00020,leg1-cruise,882.0455453882068,886.9475131359563,中继,RU-002,124.32639942018535,122.0
P00089,S013-handoff,882.3151986820164,891.0848099692035,中继,RU-001,123.77442449618124,122.0
P00024,leg1-cruise,886.06514609641,890.9180934530735,中继,RU-002,124.33282965516358,122.0
P00001,S001-handoff,886.4305699293417,896.3637412264943,直连,,119.77894086539243,122.0
P00002,S001-handoff,886.5308129836128,896.4389235171976,直连,,119.77894086539243,122.0
P00020,leg1-cruise,886.9475131359563,891.8494808837058,中继,RU-002,124.44886689769008,122.0
P00071,leg1-cruise,886.9475131359563,896.7514486314552,直连,,121.03969785875158,122.0
P00107,leg1-descent,887.0492226487356,896.5455873948293,中继,RU-002,123.77534346571288,122.0
P00024,leg1-cruise,890.9180934530735,895.7710408097371,中继,RU-002,124.45371575569197,122.0
P00089,S013-handoff,891.0848099692035,899.8544212563907,中继,RU-001,123.77442449618124,122.0
P00020,leg1-cruise,891.8494808837058,896.7514486314552,中继,RU-002,124.56963571977585,122.0
P00024,leg1-cruise,895.7710408097371,900.6239881664006,中继,RU-002,124.57295434384541,122.0
P00001,S001-handoff,896.3637412264943,906.2969125236468,直连,,119.77894086539243,122.0
P00002,S001-handoff,896.4389235171976,906.3470340507824,直连,,119.77894086539243,122.0
P00107,S013-handoff,896.5455873948293,906.4181433025369,中继,RU-002,123.77442449618124,122.0
P00020,leg1-cruise,896.7514486314552,901.6534163792047,中继,RU-002,124.68875224568711,122.0
P00071,leg1-cruise,896.7514486314552,906.5553841269542,直连,,121.32259538970693,122.0
P00089,S013-handoff,899.8544212563907,908.6240325435779,中继,RU-001,123.77442449618124,122.0
P00024,leg1-cruise,900.6239881664006,905.4769355230642,中继,RU-002,124.69058940996875,122.0
P00020,leg1-cruise,901.6534163792047,906.5553841269542,中继,RU-002,124.8062609669421,122.0
P00024,leg1-descent,905.4769355230642,912.3723753880269,中继,RU-002,124.74770132669872,122.0
P00001,S001-handoff,906.2969125236468,916.2300838207995,直连,,119.77894086539243,122.0
P00002,S001-handoff,906.3470340507824,916.2551445843673,直连,,119.77894086539243,122.0
P00107,S013-handoff,906.4181433025369,916.2906992102445,中继,RU-002,123.77442449618124,122.0
P00020,leg1-cruise,906.5553841269542,911.4573518747036,中继,RU-002,124.92220460608819,122.0
P00071,leg1-cruise,906.5553841269542,916.3593196224531,直连,,121.59662230185893,122.0
P00089,S013-handoff,908.6240325435779,917.393643830765,中继,RU-001,123.77442449618124,122.0
P00020,leg1-cruise,911.4573518747036,916.3593196224531,中继,RU-002,125.03662420903972,122.0
P00024,leg1-descent,912.3723753880269,919.2678152529894,中继,RU-002,124.74553105571562,122.0
P00001,S001-handoff,916.2300838207995,926.1632551179521,直连,,119.77894086539243,122.0
P00002,S001-handoff,916.2551445843673,926.1632551179521,直连,,119.77894086539243,122.0
P00107,S013-handoff,916.2906992102445,926.1632551179521,中继,RU-002,123.77442449618124,122.0
P00020,leg1-cruise,916.3593196224531,921.2612873702026,中继,RU-002,125.14955923148305,122.0
P00071,leg1-cruise,916.3593196224531,921.2612873702026,直连,,121.79664557366561,122.0
P00089,S013-handoff,917.393643830765,926.1632551179521,中继,RU-001,123.77442449618124,122.0
P00024,leg1-descent,919.2678152529894,926.1632551179521,中继,RU-002,124.74344737962753,122.0
P00020,leg1-cruise,921.2612873702026,926.1632551179521,中继,RU-002,125.26104761978809,122.0
P00071,leg1-cruise,921.2612873702026,926.1632551179521,直连,,121.92749409435692,122.0
P00001,S001-handoff,926.1632551179521,935.8575001594858,直连,,119.77894086539243,122.0
P00002,S001-handoff,926.1632551179521,935.8575001594858,直连,,119.77894086539243,122.0
P00020,leg1-cruise,926.1632551179521,931.039029993356,中继,RU-002,125.37083364133136,122.0
P00024,leg1-descent,926.1632551179521,935.6248345533568,中继,RU-002,124.74108841908969,122.0
P00071,leg1-cruise,926.1632551179521,931.1407966821406,中继,RU-002,122.05739731259445,122.0
P00089,S013-handoff,926.1632551179521,935.9996508852569,中继,RU-001,123.77442449618124,122.0
P00107,S013-handoff,926.1632551179521,935.5621508852569,中继,RU-002,123.77442449618124,122.0
P00020,leg1-cruise,931.039029993356,935.91480486876,中继,RU-002,125.47896330138785,122.0
P00071,leg1-cruise,931.1407966821406,936.1183382463291,中继,RU-002,122.18636806614626,122.0
P00107,S013-handoff,935.5621508852569,944.9610466525618,中继,RU-002,123.77442449618124,122.0
P00024,leg1-descent,935.6248345533568,945.0864139887614,中继,RU-002,124.73851184431734,122.0
P00001,S001-handoff,935.8575001594858,945.5517452010195,直连,,119.77894086539243,122.0
P00002,S001-handoff,935.8575001594858,945.5517452010195,直连,,119.77894086539243,122.0
P00020,leg1-cruise,935.91480486876,940.790579744164,中继,RU-002,125.58576587722504,122.0
P00089,S013-handoff,935.9996508852569,945.8360466525618,中继,RU-001,123.77442449618124,122.0
P00071,leg1-cruise,936.1183382463291,941.0958798105175,中继,RU-002,122.31346117408187,122.0
P00020,leg1-cruise,940.790579744164,945.6663546195681,中继,RU-002,125.69127348360432,122.0
P00071,leg1-cruise,941.0958798105175,946.0734213747061,中继,RU-002,122.43873025605421,122.0
P00107,S013-handoff,944.9610466525618,954.3599424198666,中继,RU-002,123.77442449618124,122.0
P00024,leg1-descent,945.0864139887614,954.547993424166,中继,RU-002,124.73609910457382,122.0
P00001,S001-handoff,945.5517452010195,955.2459902425531,直连,,119.77894086539243,122.0
P00002,S001-handoff,945.5517452010195,955.2459902425531,直连,,119.77894086539243,122.0
P00020,leg1-cruise,945.6663546195681,950.5421294949721,中继,RU-002,125.79551708570209,122.0
P00089,S013-handoff,945.8360466525618,955.6724424198666,中继,RU-001,123.77442449618124,122.0
P00071,leg1-cruise,946.0734213747061,951.0509629388946,中继,RU-002,122.56222667838946,122.0
P00020,leg1-cruise,950.5421294949721,955.417904370376,中继,RU-002,125.89852655322544,122.0
P00071,leg1-cruise,951.0509629388946,956.0285045030831,中继,RU-002,122.68399967797983,122.0
P00107,S013-handoff,954.3599424198666,963.7588381871715,中继,RU-002,123.77442449618124,122.0
P00024,leg1-descent,954.547993424166,964.0095728595707,中继,RU-002,124.73385047388444,122.0
P00001,S001-handoff,955.2459902425531,964.940235284087,直连,,119.77894086539243,122.0
P00002,S001-handoff,955.2459902425531,964.940235284087,直连,,119.77894086539243,122.0
P00020,leg1-cruise,955.417904370376,960.29367924578,中继,RU-002,126.00033071139188,122.0
P00089,S013-handoff,955.6724424198666,965.5088381871715,中继,RU-001,123.77442449618124,122.0
P00071,leg1-cruise,956.0285045030831,961.0060460672717,中继,RU-002,122.8040964778351,122.0
P00020,leg1-cruise,960.29367924578,965.169454121184,中继,RU-002,126.10095738897219,122.0
P00071,leg1-cruise,961.0060460672717,965.9835876314602,中继,RU-002,122.92256239491209,122.0
P00107,S013-handoff,963.7588381871715,973.1577339544763,中继,RU-002,123.77442449618124,122.0
P00024,leg1-descent,964.0095728595707,973.4711522949754,中继,RU-002,124.73176620795617,122.0
P00001,S001-handoff,964.940235284087,974.6344803256206,直连,,119.77894086539243,122.0
P00002,S001-handoff,964.940235284087,974.6344803256206,直连,,119.77894086539243,122.0
P00020,leg1-cruise,965.169454121184,970.0452289965881,中继,RU-002,126.20043346361942,122.0
P00089,S013-handoff,965.5088381871715,975.3452339544763,中继,RU-001,123.77442449618124,122.0
P00071,leg1-cruise,965.9835876314602,970.9611291956487,中继,RU-002,123.03944094088233,122.0
P00020,leg1-cruise,970.0452289965881,974.9210038719921,中继,RU-002,126.29878490464587,122.0
P00071,leg1-cruise,970.9611291956487,975.9386707598372,中继,RU-002,123.15477391634374,122.0
P00107,S013-handoff,973.1577339544763,982.5566297217811,中继,RU-002,123.77442449618124,122.0
P00024,leg1-descent,973.4711522949754,982.9327317303799,中继,RU-002,124.72984654408111,122.0
P00001,S001-handoff,974.6344803256206,984.3287253671543,直连,,119.77894086539243,122.0
P00002,S001-handoff,974.6344803256206,984.3287253671543,直连,,119.77894086539243,122.0
P00020,leg1-cruise,974.9210038719921,979.796778747396,中继,RU-002,126.39603681343564,122.0
P00089,S013-handoff,975.3452339544763,985.1816297217811,中继,RU-001,123.77442449618124,122.0
P00071,leg1-cruise,975.9386707598372,980.9162123240258,中继,RU-002,123.26860149900536,122.0
P00020,leg1-cruise,979.796778747396,984.6725536228,中继,RU-002,126.49221346162163,122.0
P00071,leg1-cruise,980.9162123240258,985.8937538882142,中继,RU-002,123.38096232626489,122.0
P00107,S013-handoff,982.5566297217811,991.955525489086,中继,RU-002,123.77442449618124,122.0
P00024,leg1-descent,982.9327317303799,992.3943111657845,中继,RU-002,124.72809170104689,122.0
P00001,S001-handoff,984.3287253671543,994.022970408688,直连,,119.77894086539243,122.0
P00002,S001-handoff,984.3287253671543,994.022970408688,直连,,119.77894086539243,122.0
P00020,leg1-cruise,984.6725536228,989.548328498204,中继,RU-002,126.58733832720588,122.0
P00089,S013-handoff,985.1816297217811,995.018025489086,中继,RU-001,123.77442449618124,122.0
P00071,leg1-cruise,985.8937538882142,995.8488370165912,中继,RU-002,123.54683433800565,122.0
P00020,leg1-cruise,989.548328498204,994.424103373608,中继,RU-002,126.68143412872963,122.0
P00107,S013-handoff,991.955525489086,1001.3544212563908,中继,RU-002,123.77442449618124,122.0
P00024,leg1-descent,992.3943111657845,1001.8558906011892,中继,RU-002,124.72650187905379,122.0
P00001,S001-handoff,994.022970408688,1003.7172154502217,直连,,119.77894086539243,122.0
P00002,S001-handoff,994.022970408688,1003.7172154502217,直连,,119.77894086539243,122.0
P00020,leg1-cruise,994.424103373608,999.299878249012,中继,RU-002,126.77452285763441,122.0
P00089,S013-handoff,995.018025489086,1004.8544212563908,中继,RU-001,123.77442449618124,122.0
P00071,leg1-descent,995.8488370165912,1004.2524905810444,中继,RU-002,123.65456224117123,122.0
P00020,leg1-cruise,999.299878249012,1004.175653124416,中继,RU-002,126.86662580890896,122.0
P00107,S013-handoff,1001.3544212563908,1010.7533170236956,中继,RU-002,123.77442449618124,122.0
P00024,S014-handoff,1001.8558906011892,1011.6535425787803,中继,RU-002,124.72576890840894,122.0
P00001,S001-handoff,1003.7172154502217,1013.4114604917554,直连,,119.77894086539243,122.0
P00002,S001-handoff,1003.7172154502217,1013.4114604917554,直连,,119.77894086539243,122.0
P00020,leg1-cruise,1004.175653124416,1009.05142799982,中继,RU-002,126.95776361015048,122.0
P00071,leg1-descent,1004.2524905810444,1012.6561441454975,中继,RU-002,123.65243562946183,122.0
P00089,S013-handoff,1004.8544212563908,1014.6908170236956,中继,RU-001,123.77442449618124,122.0
P00020,leg1-cruise,1009.05142799982,1013.927202875224,中继,RU-002,127.04795624912444,122.0
P00107,S013-handoff,1010.7533170236956,1020.1522127910005,中继,RU-002,123.77442449618124,122.0
P00024,S014-handoff,1011.6535425787803,1021.4511945563713,中继,RU-002,124.72576890840894,122.0
P00071,leg1-descent,1012.6561441454975,1021.0597977099505,中继,RU-002,123.65047547555812,122.0
P00001,S001-handoff,1013.4114604917554,1023.1057055332892,直连,,119.77894086539243,122.0
P00002,S001-handoff,1013.4114604917554,1023.1057055332892,直连,,119.77894086539243,122.0
P00020,leg1-cruise,1013.927202875224,1018.8029777506281,中继,RU-002,127.13722309991708,122.0
P00089,S013-handoff,1014.6908170236956,1024.5272127910005,中继,RU-001,123.77442449618124,122.0
P00020,leg1-cruise,1018.8029777506281,1023.6787526260321,中继,RU-002,127.22558294777312,122.0
P00107,S013-handoff,1020.1522127910005,1029.5511085583053,中继,RU-002,123.77442449618124,122.0
P00071,leg1-descent,1021.0597977099505,1029.4634512744037,中继,RU-002,123.64868200539627,122.0
P00024,S014-handoff,1021.4511945563713,1031.2488465339625,中继,RU-002,124.72576890840894,122.0
P00001,S001-handoff,1023.1057055332892,1032.7999505748228,直连,,119.77894086539243,122.0
P00002,S001-handoff,1023.1057055332892,1032.7999505748228,直连,,119.77894086539243,122.0
P00020,leg1-cruise,1023.6787526260321,1028.554527501436,中继,RU-002,127.31305401268081,122.0
P00089,S013-handoff,1024.5272127910005,1034.3636085583053,中继,RU-001,123.77442449618124,122.0
P00020,leg1-cruise,1028.554527501436,1033.43030237684,中继,RU-002,127.39965397179688,122.0
P00071,S010-handoff,1029.4634512744037,1039.380129602632,中继,RU-002,123.64784784212937,122.0
P00107,S013-handoff,1029.5511085583053,1038.95000432561,中继,RU-002,123.77442449618124,122.0
P00024,S014-handoff,1031.2488465339625,1041.0464985115534,中继,RU-002,124.72576890840894,122.0
P00001,S001-handoff,1032.7999505748228,1042.4941956163566,直连,,119.77894086539243,122.0
P00002,S001-handoff,1032.7999505748228,1042.4941956163566,直连,,119.77894086539243,122.0
P00020,leg1-descent,1033.43030237684,1042.3303687017099,中继,RU-002,127.4421741698095,122.0
P00089,S013-handoff,1034.3636085583053,1044.20000432561,中继,RU-001,123.77442449618124,122.0
P00107,S013-handoff,1038.95000432561,1048.3489000929148,中继,RU-002,123.77442449618124,122.0
P00071,S010-handoff,1039.380129602632,1049.2968079308603,中继,RU-002,123.64784784212937,122.0
P00024,S014-handoff,1041.0464985115534,1050.8441504891446,中继,RU-002,124.72576890840894,122.0
P00020,leg1-descent,1042.3303687017099,1051.2304350265797,中继,RU-002,127.44131589104262,122.0
P00001,S001-handoff,1042.4941956163566,1052.1884406578904,直连,,119.77894086539243,122.0
P00002,S001-handoff,1042.4941956163566,1052.1884406578904,直连,,119.77894086539243,122.0
P00089,S013-handoff,1044.20000432561,1054.0364000929148,中继,RU-001,123.77442449618124,122.0
P00107,S013-handoff,1048.3489000929148,1057.7477958602199,中继,RU-002,123.77442449618124,122.0
P00071,S010-handoff,1049.2968079308603,1059.2134862590888,中继,RU-002,123.64784784212937,122.0
P00024,S014-handoff,1050.8441504891446,1060.6418024667357,中继,RU-002,124.72576890840894,122.0
P00020,leg1-descent,1051.2304350265797,1060.1305013514493,中继,RU-002,127.44053593972625,122.0
P00001,S001-handoff,1052.1884406578904,1061.882685699424,直连,,119.77894086539243,122.0
P00002,S001-handoff,1052.1884406578904,1061.882685699424,直连,,119.77894086539243,122.0
P00089,S013-handoff,1054.0364000929148,1063.8727958602199,中继,RU-001,123.77442449618124,122.0
P00107,S013-handoff,1057.7477958602199,1067.1466916275247,中继,RU-002,123.77442449618124,122.0
P00071,S010-handoff,1059.2134862590888,1069.130164587317,中继,RU-002,123.64784784212937,122.0
P00020,leg1-descent,1060.1305013514493,1069.0305676763192,中继,RU-002,127.43983435809713,122.0
P00024,S014-handoff,1060.6418024667357,1070.4394544443267,中继,RU-002,124.72576890840894,122.0
P00001,S001-handoff,1061.882685699424,1071.5769307409578,直连,,119.77894086539243,122.0
P00002,S001-handoff,1061.882685699424,1071.5769307409578,直连,,119.77894086539243,122.0
P00089,S013-handoff,1063.8727958602199,1073.7091916275247,中继,RU-001,123.77442449618124,122.0
P00107,S013-handoff,1067.1466916275247,1076.5455873948295,中继,RU-002,123.77442449618124,122.0
P00020,leg1-descent,1069.0305676763192,1077.930634001189,中继,RU-002,127.43921118416316,122.0
P00071,S010-handoff,1069.130164587317,1079.0468429155453,中继,RU-002,123.64784784212937,122.0
P00024,S014-handoff,1070.4394544443267,1080.2371064219178,中继,RU-002,124.72576890840894,122.0
P00001,S001-handoff,1071.5769307409578,1081.2711757824914,直连,,119.77894086539243,122.0
P00002,S001-handoff,1071.5769307409578,1081.2711757824914,直连,,119.77894086539243,122.0
P00089,S013-handoff,1073.7091916275247,1083.5455873948295,中继,RU-001,123.77442449618124,122.0
P00107,leg2-climb,1076.5455873948295,1085.0106081467825,中继,RU-002,123.77540942387138,122.0
P00020,leg1-descent,1077.930634001189,1086.8307003260588,中继,RU-002,127.43866645169653,122.0
P00071,S010-handoff,1079.0468429155453,1088.9635212437736,中继,RU-002,123.64784784212937,122.0
P00024,S014-handoff,1080.2371064219178,1090.034758399509,中继,RU-002,124.72576890840894,122.0
P00001,S001-handoff,1081.2711757824914,1090.9654208240252,直连,,119.77894086539243,122.0
P00002,S001-handoff,1081.2711757824914,1090.9654208240252,直连,,119.77894086539243,122.0
P00089,leg2-climb,1083.5455873948295,1091.4592246832408,中继,RU-001,123.77534346571288,122.0
P00107,leg2-climb,1085.0106081467825,1093.4756288987357,中继,RU-002,123.77755686772966,122.0
P00020,S012-handoff,1086.8307003260588,1095.9689929132358,中继,RU-002,127.43842351040759,122.0
P00071,S010-handoff,1088.9635212437736,1098.8801995720019,中继,RU-002,123.64784784212937,122.0
P00024,S014-handoff,1090.034758399509,1099.8324103771,中继,RU-002,124.72576890840894,122.0
P00001,S001-handoff,1090.9654208240252,1100.659665865559,直连,,119.77894086539243,122.0
P00002,S001-handoff,1090.9654208240252,1100.659665865559,直连,,119.77894086539243,122.0
P00089,leg2-climb,1091.4592246832408,1099.3728619716524,中继,RU-001,123.77733662144614,122.0
P00107,leg2-climb,1093.4756288987357,1101.9406496506888,中继,RU-002,123.77994079924201,122.0
P00020,S012-handoff,1095.9689929132358,1105.1072855004127,中继,RU-002,127.43842351040759,122.0
P00071,S010-handoff,1098.8801995720019,1108.7968779002304,中继,RU-002,123.64784784212937,122.0
P00089,leg2-cruise,1099.3728619716524,1109.2279574999243,中继,RU-001,123.6721299962704,122.0
P00024,S014-handoff,1099.8324103771,1109.630062354691,中继,RU-002,124.72576890840894,122.0
P00001,S001-handoff,1100.659665865559,1110.3539109070925,直连,,119.77894086539243,122.0
P00002,S001-handoff,1100.659665865559,1110.3539109070925,直连,,119.77894086539243,122.0
P00107,leg2-climb,1101.9406496506888,1110.4056704026418,中继,RU-002,123.78256082858304,122.0
P00020,S012-handoff,1105.1072855004127,1114.2455780875898,中继,RU-002,127.43842351040759,122.0
P00071,S010-handoff,1108.7968779002304,1118.7135562284586,中继,RU-002,123.64784784212937,122.0
P00089,leg2-cruise,1109.2279574999243,1119.0830530281964,中继,RU-001,123.45559656146685,122.0
P00024,S014-handoff,1109.630062354691,1119.427714332282,中继,RU-002,124.72576890840894,122.0
P00001,S001-handoff,1110.3539109070925,1120.0481559486261,直连,,119.77894086539243,122.0
P00002,S001-handoff,1110.3539109070925,1120.0481559486261,直连,,119.77894086539243,122.0
P00107,leg2-climb,1110.4056704026418,1118.870691154595,中继,RU-002,123.78541652789599,122.0
P00020,S012-handoff,1114.2455780875898,1123.3838706747667,中继,RU-002,127.43842351040759,122.0
P00071,S010-handoff,1118.7135562284586,1128.630234556687,中继,RU-002,123.64784784212937,122.0
P00107,leg2-climb,1118.870691154595,1127.335711906548,中继,RU-002,123.78850743152448,122.0
P00089,leg2-cruise,1119.0830530281964,1128.9381485564684,中继,RU-001,123.2335425736094,122.0
P00024,S014-handoff,1119.427714332282,1129.2253663098732,中继,RU-002,124.72576890840894,122.0
P00001,S001-handoff,1120.0481559486261,1129.74240099016,直连,,119.77894086539243,122.0
P00002,S001-handoff,1120.0481559486261,1129.74240099016,直连,,119.77894086539243,122.0
P00020,S012-handoff,1123.3838706747667,1132.5221632619437,中继,RU-002,127.43842351040759,122.0
P00107,leg2-cruise,1127.335711906548,1135.815364288428,中继,RU-002,123.77307762100897,122.0
P00071,S010-handoff,1128.630234556687,1138.5469128849152,中继,RU-002,123.64784784212937,122.0
P00089,leg2-cruise,1128.9381485564684,1138.7932440847403,中继,RU-001,123.00568008764172,122.0
P00024,S014-handoff,1129.2253663098732,1139.0230182874643,中继,RU-002,124.72576890840894,122.0
P00001,S001-handoff,1129.74240099016,1139.4366460316937,直连,,119.77894086539243,122.0
P00002,S001-handoff,1129.74240099016,1139.4366460316937,直连,,119.77894086539243,122.0
P00020,S012-handoff,1132.5221632619437,1141.6604558491206,中继,RU-002,127.43842351040759,122.0
P00107,leg2-cruise,1135.815364288428,1144.2950166703083,中继,RU-002,123.74163577181784,122.0
P00071,S010-handoff,1138.5469128849152,1148.4635912131434,中继,RU-002,123.64784784212937,122.0
P00089,leg2-cruise,1138.7932440847403,1148.6483396130125,中继,RU-001,122.77169810390261,122.0
P00024,S014-handoff,1139.0230182874643,1148.8206702650552,中继,RU-002,124.72576890840894,122.0
P00001,S001-handoff,1139.4366460316937,1149.1308910732273,直连,,119.77894086539243,122.0
P00002,S001-handoff,1139.4366460316937,1149.1308910732273,直连,,119.77894086539243,122.0
P00020,S012-handoff,1141.6604558491206,1150.7987484362975,中继,RU-002,127.43842351040759,122.0
P00107,leg2-cruise,1144.2950166703083,1152.7746690521883,中继,RU-002,123.71383941942614,122.0
P00071,S010-handoff,1148.4635912131434,1158.380269541372,中继,RU-002,123.64784784212937,122.0
P00089,leg2-cruise,1148.6483396130125,1158.5034351412844,中继,RU-001,122.53126004853308,122.0
P00024,S014-handoff,1148.8206702650552,1158.6183222426464,中继,RU-002,124.72576890840894,122.0
P00001,S001-handoff,1149.1308910732273,1158.825136114761,直连,,119.77894086539243,122.0
P00002,S001-handoff,1149.1308910732273,1158.825136114761,直连,,119.77894086539243,122.0
P00020,S012-handoff,1150.7987484362975,1159.9370410234746,中继,RU-002,127.43842351040759,122.0
P00107,leg2-cruise,1152.7746690521883,1161.2543214340683,中继,RU-002,123.68976036466616,122.0
P00071,S010-handoff,1158.380269541372,1168.2969478696002,中继,RU-002,123.64784784212937,122.0
P00089,leg2-cruise,1158.5034351412844,1163.4309829054205,中继,RU-001,122.34647628701813,122.0
P00024,S014-handoff,1158.6183222426464,1168.4159742202373,中继,RU-002,124.72576890840894,122.0
P00001,S001-handoff,1158.825136114761,1168.519381156295,直连,,119.77894086539243,122.0
P00002,S001-handoff,1158.825136114761,1168.519381156295,直连,,119.77894086539243,122.0
P00020,S012-handoff,1159.9370410234746,1169.0753336106516,中继,RU-002,127.43842351040759,122.0
P00107,leg2-cruise,1161.2543214340683,1169.7339738159485,中继,RU-002,123.66946168263438,122.0
P00089,leg2-cruise,1163.4309829054205,1168.3585306695566,中继,RU-001,122.22107457355541,122.0
P00071,S010-handoff,1168.2969478696002,1178.2136261978285,中继,RU-002,123.64784784212937,122.0
P00089,leg2-cruise,1168.3585306695566,1173.2860784336926,中继,RU-001,122.09384282490484,122.0
P00024,S014-handoff,1168.4159742202373,1178.2136261978285,中继,RU-002,124.72576890840894,122.0
P00001,S001-handoff,1168.519381156295,1178.2136261978285,直连,,119.77894086539243,122.0
P00002,S001-handoff,1168.519381156295,1178.2136261978285,直连,,119.77894086539243,122.0
P00020,S012-handoff,1169.0753336106516,1178.2136261978285,中继,RU-002,127.43842351040759,122.0
P00107,leg2-cruise,1169.7339738159485,1178.2136261978285,中继,RU-002,123.65299718587265,122.0
P00089,leg2-cruise,1173.2860784336926,1178.2136261978285,中继,RU-001,121.9647270600281,122.0
P00001,S001-handoff,1178.2136261978285,1187.049219279259,直连,,119.77894086539243,122.0
P00002,S001-handoff,1178.2136261978285,1187.9768222443602,直连,,119.77894086539243,122.0
P00020,S012-handoff,1178.2136261978285,1188.1214311397105,中继,RU-002,127.43842351040759,122.0
P00024,S014-handoff,1178.2136261978285,1187.3053782554514,中继,RU-002,124.72576890840894,122.0
P00071,S010-handoff,1178.2136261978285,1186.9636012087678,中继,RU-002,123.64784784212937,122.0
P00089,leg2-cruise,1178.2136261978285,1183.1807382454344,直连,,121.83314075658548,122.0
P00107,leg2-cruise,1178.2136261978285,1187.4138493087517,中继,RU-002,123.63996263144094,122.0
P00089,leg2-cruise,1183.1807382454344,1188.1478502930404,直连,,121.69900041353772,122.0
P00071,S010-handoff,1186.9636012087678,1195.7135762197072,中继,RU-002,123.64784784212937,122.0
P00001,S001-handoff,1187.049219279259,1195.8848123606897,直连,,119.77894086539243,122.0
P00024,S014-handoff,1187.3053782554514,1196.3971303130745,中继,RU-002,124.72576890840894,122.0
P00107,leg2-cruise,1187.4138493087517,1196.6140724196748,中继,RU-002,123.63091376972281,122.0
P00002,S001-handoff,1187.9768222443602,1197.740018290892,直连,,119.77894086539243,122.0
P00020,S012-handoff,1188.1214311397105,1198.0292360815924,中继,RU-002,127.43842351040759,122.0
P00089,leg2-cruise,1188.1478502930404,1198.0820743882523,直连,,121.49384113971729,122.0
P00071,S010-handoff,1195.7135762197072,1204.4635512306465,中继,RU-002,123.64784784212937,122.0
P00001,S001-handoff,1195.8848123606897,1204.7204054421204,直连,,119.77894086539243,122.0
P00024,S014-handoff,1196.3971303130745,1205.4888823706974,中继,RU-002,124.72576890840894,122.0
P00107,leg2-cruise,1196.6140724196748,1205.814295530598,中继,RU-002,123.62650045551808,122.0
P00002,S001-handoff,1197.740018290892,1207.5032143374237,直连,,119.77894086539243,122.0
P00020,S012-handoff,1198.0292360815924,1207.9370410234746,中继,RU-002,127.43842351040759,122.0
P00089,leg2-cruise,1198.0820743882523,1208.0162984834644,直连,,121.21256866461246,122.0
P00071,S010-handoff,1204.4635512306465,1213.2135262415857,中继,RU-002,123.64784784212937,122.0
P00001,S001-handoff,1204.7204054421204,1213.555998523551,直连,,119.77894086539243,122.0
P00024,S014-handoff,1205.4888823706974,1214.5806344283203,中继,RU-002,124.72576890840894,122.0
P00107,leg2-cruise,1205.814295530598,1215.0145186415211,中继,RU-002,123.62673685064958,122.0
P00002,S001-handoff,1207.5032143374237,1217.2664103839556,直连,,119.77894086539243,122.0
P00020,S012-handoff,1207.9370410234746,1217.8448459653566,中继,RU-002,127.43842351040759,122.0
P00089,leg2-cruise,1208.0162984834644,1217.9505225786763,直连,,120.92192863498687,122.0
P00071,S010-handoff,1213.2135262415857,1221.963501252525,中继,RU-002,123.64784784212937,122.0
P00001,S001-handoff,1213.555998523551,1222.3915916049814,直连,,119.77894086539243,122.0
P00024,S014-handoff,1214.5806344283203,1223.6723864859432,中继,RU-002,124.72576890840894,122.0
P00107,leg2-cruise,1215.0145186415211,1224.2147417524443,中继,RU-002,123.63162220760097,122.0
P00002,S001-handoff,1217.2664103839556,1227.0296064304873,直连,,119.77894086539243,122.0
P00020,S012-handoff,1217.8448459653566,1227.7526509072386,中继,RU-002,127.43842351040759,122.0
P00089,leg2-cruise,1217.9505225786763,1227.8847466738882,直连,,120.62127909579574,122.0
P00071,S010-handoff,1221.963501252525,1230.7134762634644,中继,RU-002,123.64784784212937,122.0
P00001,S001-handoff,1222.3915916049814,1231.227184686412,直连,,119.77894086539243,122.0
P00024,S014-handoff,1223.6723864859432,1232.7641385435663,中继,RU-002,124.72576890840894,122.0
P00107,leg2-cruise,1224.2147417524443,1233.4149648633675,中继,RU-002,123.64114087748113,122.0
P00002,S001-handoff,1227.0296064304873,1236.7928024770192,直连,,119.77894086539243,122.0
P00020,S012-handoff,1227.7526509072386,1237.6604558491206,中继,RU-002,127.43842351040759,122.0
P00089,leg2-cruise,1227.8847466738882,1237.8189707691004,直连,,120.30991016607157,122.0
P00071,S010-handoff,1230.7134762634644,1239.4634512744037,中继,RU-002,123.64784784212937,122.0
P00001,S001-handoff,1231.227184686412,1240.0627777678428,直连,,119.77894086539243,122.0
P00024,S014-handoff,1232.7641385435663,1241.8558906011892,中继,RU-002,124.72576890840894,122.0
P00107,leg2-cruise,1233.4149648633675,1242.6151879742906,中继,RU-002,123.65526247675928,122.0
P00002,S001-handoff,1236.7928024770192,1246.555998523551,直连,,119.77894086539243,122.0
P00020,S012-handoff,1237.6604558491206,1247.5682607910026,中继,RU-002,127.43842351040759,122.0
P00089,leg2-cruise,1237.8189707691004,1247.7531948643123,直连,,119.9870341714026,122.0
P00071,leg2-climb,1239.4634512744037,1248.800844123796,中继,RU-002,123.64896933281241,122.0
P00001,S001-handoff,1240.0627777678428,1248.8983708492733,直连,,119.77894086539243,122.0
P00024,leg2-climb,1241.8558906011892,1250.7798679232378,中继,RU-002,124.7266015781163,122.0
P00107,leg2-descent,1242.6151879742906,1251.3277807477282,中继,RU-002,123.66258989738601,122.0
P00002,S001-handoff,1246.555998523551,1256.3191945700826,直连,,119.77894086539243,122.0
P00020,S012-handoff,1247.5682607910026,1257.4760657328848,中继,RU-002,127.43842351040759,122.0
P00089,leg2-cruise,1247.7531948643123,1257.6874189595242,直连,,119.65177393114192,122.0
P00071,leg2-climb,1248.800844123796,1258.1382369731884,中继,RU-002,123.65143473071883,122.0
P00001,leg2-climb,1248.8983708492733,1257.8040318600156,直连,,119.77937214525187,122.0
P00024,leg2-climb,1250.7798679232378,1259.7038452452864,中继,RU-002,124.72842559469186,122.0
P00107,leg2-descent,1251.3277807477282,1260.0403735211655,中继,RU-002,123.65983113259854,122.0
P00002,S001-handoff,1256.3191945700826,1266.0823906166145,直连,,119.77894086539243,122.0
P00020,S012-handoff,1257.4760657328848,1267.3838706747667,中继,RU-002,127.43842351040759,122.0
P00089,leg2-cruise,1257.6874189595242,1267.621643054736,直连,,119.30314877396876,122.0
P00001,leg2-climb,1257.8040318600156,1266.7096928707576,直连,,119.78057850625036,122.0
P00071,leg2-climb,1258.1382369731884,1267.4756298225807,中继,RU-002,123.65419625647414,122.0
P00024,leg2-climb,1259.7038452452864,1268.627822567335,中继,RU-002,124.73046095530628,122.0
P00107,leg2-descent,1260.0403735211655,1268.752966294603,中继,RU-002,123.65725037529671,122.0
P00002,S001-handoff,1266.0823906166145,1275.8455866631462,直连,,119.77894086539243,122.0
P00001,leg2-climb,1266.7096928707576,1275.6153538814997,直连,,119.78224293556472,122.0
P00020,S012-handoff,1267.3838706747667,1277.2916756166487,中继,RU-002,127.43842351040759,122.0
P00071,leg2-cruise,1267.4756298225807,1277.4307129509577,中继,RU-002,123.54683433800565,122.0
P00089,leg2-cruise,1267.621643054736,1277.555867149948,直连,,118.94005773711434,122.0
P00024,leg2-climb,1268.627822567335,1277.5517998893836,中继,RU-002,124.73270736258392,122.0
P00107,leg2-descent,1268.752966294603,1277.4655590680406,中继,RU-002,123.65484794400734,122.0
P00001,leg2-climb,1275.6153538814997,1284.521014892242,直连,,119.78436490661834,122.0
P00002,S001-handoff,1275.8455866631462,1285.608782709678,直连,,119.77894086539243,122.0
P00020,S012-handoff,1277.2916756166487,1287.1994805585307,中继,RU-002,127.43842351040759,122.0
P00071,leg2-cruise,1277.4307129509577,1282.4082545151464,中继,RU-002,123.38096232626489,122.0
P00107,leg2-descent,1277.4655590680406,1286.1781518414782,中继,RU-002,123.65262413564508,122.0
P00024,leg2-climb,1277.5517998893836,1286.4757772114324,中继,RU-002,124.73516448869171,122.0
P00089,leg2-cruise,1277.555867149948,1287.49009124516,直连,,118.56125924769623,122.0
P00071,leg2-cruise,1282.4082545151464,1287.3857960793348,中继,RU-002,123.26860149900536,122.0
P00001,leg2-cruise,1284.521014892242,1288.9076979613235,直连,,119.6919688388066,122.0
P00002,S001-handoff,1285.608782709678,1295.3719787562097,直连,,119.77894086539243,122.0
P00107,leg2-descent,1286.1781518414782,1294.8907446149155,中继,RU-002,123.65057922539064,122.0
P00024,leg2-climb,1286.4757772114324,1295.399754533481,中继,RU-002,124.73783197549803,122.0
P00020,S012-handoff,1287.1994805585307,1297.1072855004127,中继,RU-002,127.43842351040759,122.0
P00071,leg2-cruise,1287.3857960793348,1292.3633376435232,中继,RU-002,123.15477391634374,122.0
P00089,leg2-cruise,1287.49009124516,1297.424315340372,直连,,118.16534637478196,122.0
P00001,leg2-cruise,1288.9076979613235,1293.294381030405,直连,,119.50163402703866,122.0
P00071,leg2-cruise,1292.3633376435232,1297.3408792077119,中继,RU-002,123.03944094088233,122.0
P00001,leg2-cruise,1293.294381030405,1302.0677471685678,直连,,119.20809010825516,122.0
P00107,leg2-descent,1294.8907446149155,1303.603337388353,中继,RU-002,123.64871346657789,122.0
P00002,S001-handoff,1295.3719787562097,1305.1351748027416,直连,,119.77894086539243,122.0
P00024,leg2-climb,1295.399754533481,1304.3237318555296,中继,RU-002,124.74070943474587,122.0
P00020,S012-handoff,1297.1072855004127,1307.0150904422949,中继,RU-002,127.43842351040759,122.0
P00071,leg2-cruise,1297.3408792077119,1302.3184207719003,中继,RU-002,122.92256239491209,122.0
P00089,leg2-cruise,1297.424315340372,1307.358539435584,直连,,107.75071645704044,122.0
P00001,leg2-cruise,1302.0677471685678,1306.4544302376494,直连,,118.90429772514773,122.0
P00071,leg2-cruise,1302.3184207719003,1307.2959623360887,中继,RU-002,122.8040964778351,122.0
P00107,S010-handoff,1303.603337388353,1311.9928059715699,中继,RU-002,123.64784784212937,122.0
P00024,leg2-climb,1304.3237318555296,1313.2477091775781,中继,RU-002,124.74379644824026,122.0
P00002,S001-handoff,1305.1351748027416,1314.8983708492733,直连,,119.77894086539243,122.0
P00001,leg2-cruise,1306.4544302376494,1310.841113306731,直连,,118.6957137413633,122.0
P00020,S012-handoff,1307.0150904422949,1316.9228953841769,中继,RU-002,127.43842351040759,122.0
P00071,leg2-cruise,1307.2959623360887,1312.2735039002773,中继,RU-002,122.68399967797983,122.0
P00089,leg2-cruise,1307.358539435584,1317.292763530796,直连,,107.31553352382159,122.0
P00001,leg2-cruise,1310.841113306731,1319.614479444894,直连,,118.37315572916857,122.0
P00107,S010-handoff,1311.9928059715699,1320.3822745547864,中继,RU-002,123.64784784212937,122.0
P00071,leg2-cruise,1312.2735039002773,1317.2510454644657,中继,RU-002,122.56222667838946,122.0
P00024,leg2-climb,1313.2477091775781,1322.1716864996267,中继,RU-002,124.7470925680496,122.0
P00002,leg2-climb,1314.8983708492733,1322.3193178065887,直连,,119.77929228182799,122.0
P00020,S012-handoff,1316.9228953841769,1326.8307003260588,中继,RU-002,127.43842351040759,122.0
P00071,leg2-cruise,1317.2510454644657,1322.2285870286541,中继,RU-002,122.43873025605421,122.0
P00089,leg2-cruise,1317.292763530796,1327.226987626008,直连,,106.85768139335688,122.0
P00001,leg2-cruise,1319.614479444894,1328.3878455830568,直连,,117.92360237987788,122.0
P00107,S010-handoff,1320.3822745547864,1328.771743138003,中继,RU-002,123.64784784212937,122.0
P00024,leg2-cruise,1322.1716864996267,1329.6664491104234,中继,RU-002,124.65872710019516,122.0
P00071,leg2-cruise,1322.2285870286541,1327.2061285928428,中继,RU-002,122.31346117408187,122.0
P00002,leg2-climb,1322.3193178065887,1329.7402647639044,直连,,119.78023385742617,122.0
P00020,leg2-climb,1326.8307003260588,1331.9959560236393,中继,RU-002,127.43859062903324,122.0
P00071,leg2-cruise,1327.2061285928428,1332.1836701570314,中继,RU-002,122.18636806614626,122.0
P00089,leg2-cruise,1327.226987626008,1337.1612117212198,直连,,106.37470458712198,122.0
P00001,leg2-cruise,1328.3878455830568,1332.7745286521383,直连,,117.57051993769423,122.0
P00107,S010-handoff,1328.771743138003,1337.1612117212198,中继,RU-002,123.64784784212937,122.0
P00024,leg2-cruise,1329.6664491104234,1333.4138304158216,中继,RU-002,124.52182519688284,122.0
P00002,leg2-climb,1329.7402647639044,1337.1612117212198,直连,,119.78149357685356,122.0
P00020,leg2-climb,1331.9959560236393,1337.1612117212198,中继,RU-002,127.43895341173507,122.0
P00071,leg2-cruise,1332.1836701570314,1337.1612117212198,中继,RU-002,122.05739731259445,122.0
P00001,leg2-cruise,1332.7745286521383,1337.1612117212198,直连,,117.32692034200751,122.0
P00024,leg2-cruise,1333.4138304158216,1337.1612117212198,中继,RU-002,124.42935234226991,122.0
P00001,leg2-cruise,1337.1612117212198,1346.386599386099,直连,,116.93494910685253,122.0
P00002,leg2-climb,1337.1612117212198,1343.841113306731,直连,,119.78298486133691,122.0
P00020,leg2-climb,1337.1612117212198,1345.703666778517,中继,RU-002,127.43949353768099,122.0
P00024,leg2-cruise,1337.1612117212198,1341.7739055536595,中继,RU-002,124.32503659683222,122.0
P00071,leg2-cruise,1337.1612117212198,1341.7739055536595,直连,,121.93132527752768,122.0
P00089,leg2-cruise,1337.1612117212198,1346.386599386099,直连,,105.88248076904249,122.0
P00107,S010-handoff,1337.1612117212198,1346.386599386099,中继,RU-002,123.64784784212937,122.0
P00024,leg2-cruise,1341.7739055536595,1346.386599386099,中继,RU-002,124.20846179196957,122.0
P00071,leg2-cruise,1341.7739055536595,1346.386599386099,直连,,121.80830739359686,122.0
P00002,leg2-climb,1343.841113306731,1350.521014892242,直连,,119.78466220341656,122.0
P00020,leg2-climb,1345.703666778517,1354.246121835814,中继,RU-002,127.4402604901339,122.0
P00001,leg2-cruise,1346.386599386099,1350.9992932185387,直连,,116.51753167329672,122.0
P00024,leg2-cruise,1346.386599386099,1350.9992932185387,中继,RU-002,124.09031342829275,122.0
P00071,leg2-cruise,1346.386599386099,1355.611987050978,直连,,121.62046953827844,122.0
P00089,leg2-cruise,1346.386599386099,1355.611987050978,直连,,105.38104756973655,122.0
P00107,S010-handoff,1346.386599386099,1355.611987050978,中继,RU-002,123.64784784212937,122.0
P00002,leg2-cruise,1350.521014892242,1355.4518944846027,直连,,119.68028305738244,122.0
P00001,leg2-cruise,1350.9992932185387,1355.611987050978,直连,,116.22771748461064,122.0
P00024,leg2-cruise,1350.9992932185387,1355.611987050978,中继,RU-002,123.97054879352565,122.0
P00020,leg2-climb,1354.246121835814,1362.7885768931108,中继,RU-002,127.44113142779442,122.0
P00002,leg2-cruise,1355.4518944846027,1360.3827740769632,直连,,119.46575150512946,122.0
P00001,leg2-cruise,1355.611987050978,1360.2246808834177,直连,,115.92793777501782,122.0
P00024,leg2-cruise,1355.611987050978,1360.2246808834177,中继,RU-002,123.84912342774584,122.0
P00071,leg2-cruise,1355.611987050978,1364.8373747158573,直连,,121.36356678476734,122.0
P00089,leg2-cruise,1355.611987050978,1364.8373747158573,直连,,104.84950006980482,122.0
P00107,S010-handoff,1355.611987050978,1364.8373747158573,中继,RU-002,123.64784784212937,122.0
P00001,leg2-cruise,1360.2246808834177,1364.8373747158573,直连,,115.61748576360151,122.0
P00024,leg2-cruise,1360.2246808834177,1364.8373747158573,中继,RU-002,123.72599102763891,122.0
P00002,leg2-cruise,1360.3827740769632,1365.3136536693237,直连,,119.24579666958098,122.0
P00020,leg2-climb,1362.7885768931108,1371.3310319504078,中继,RU-002,127.44210628808727,122.0
P00001,leg2-cruise,1364.8373747158573,1374.0627623807363,直连,,115.13005729445116,122.0
P00024,leg2-cruise,1364.8373747158573,1369.4500685482967,中继,RU-002,123.60110334417435,122.0
P00071,leg2-cruise,1364.8373747158573,1374.0627623807363,直连,,121.09888277634532,122.0
P00089,leg2-cruise,1364.8373747158573,1374.0627623807363,直连,,104.2840820437618,122.0
P00107,S010-handoff,1364.8373747158573,1374.0627623807363,中继,RU-002,123.64784784212937,122.0
P00002,leg2-cruise,1365.3136536693237,1370.2445332616844,直连,,119.02013778141264,122.0
P00024,leg2-cruise,1369.4500685482967,1374.0627623807363,中继,RU-002,123.47441007316071,122.0
P00002,leg2-cruise,1370.2445332616844,1375.175412854045,直连,,118.78847173362034,122.0
P00020,leg2-cruise,1371.3310319504078,1376.171369985375,中继,RU-002,127.39996710597075,122.0
P00001,leg2-cruise,1374.0627623807363,1378.675456213176,直连,,114.61379148547361,122.0
P00024,leg2-cruise,1374.0627623807363,1378.675456213176,中继,RU-002,123.34585873808442,122.0
P00071,leg2-cruise,1374.0627623807363,1383.2881500456156,直连,,120.82593475076354,122.0
P00089,leg2-cruise,1374.0627623807363,1383.2881500456156,直连,,103.68031067734813,122.0
P00107,S010-handoff,1374.0627623807363,1383.2881500456156,中继,RU-002,123.64784784212937,122.0
P00002,leg2-cruise,1375.175412854045,1380.1062924464054,直连,,118.55047065271467,122.0
P00020,leg2-cruise,1376.171369985375,1381.0117080203418,中继,RU-002,127.31400278263317,122.0
P00001,leg2-cruise,1378.675456213176,1383.2881500456156,直连,,104.25184027096707,122.0
P00024,leg2-cruise,1378.675456213176,1383.2881500456156,中继,RU-002,123.21539456457744,122.0
P00002,leg2-cruise,1380.1062924464054,1385.0371720387661,直连,,118.30577913135821,122.0
P00020,leg2-cruise,1381.0117080203418,1385.8520460553086,中继,RU-002,127.22718015745384,122.0
P00001,leg2-cruise,1383.2881500456156,1392.5135377104948,直连,,103.67915223173586,122.0
P00024,leg2-cruise,1383.2881500456156,1387.9008438780552,中继,RU-002,123.08296034579713,122.0
P00071,leg2-cruise,1383.2881500456156,1392.5135377104948,直连,,120.54419392901433,122.0
P00089,leg2-cruise,1383.2881500456156,1392.5135377104948,直连,,103.03278475666355,122.0
P00107,S010-handoff,1383.2881500456156,1392.5135377104948,中继,RU-002,123.64784784212937,122.0
P00002,leg2-cruise,1385.0371720387661,1389.9680516311266,直连,,118.05401106435801,122.0
P00020,leg2-cruise,1385.8520460553086,1390.6923840902757,中继,RU-002,127.13948194351138,122.0
P00024,leg2-cruise,1387.9008438780552,1392.5135377104948,中继,RU-002,122.94849629792743,122.0
P00002,leg2-cruise,1389.9680516311266,1394.8989312234871,直连,,117.7947460179854,122.0
P00020,leg2-cruise,1390.6923840902757,1395.5327221252428,中继,RU-002,127.05089032705133,122.0
P00001,leg2-cruise,1392.5135377104948,1397.1262315429344,直连,,103.06632086715048,122.0
P00024,leg2-cruise,1392.5135377104948,1397.1262315429344,中继,RU-002,122.81193990493142,122.0
P00071,leg2-cruise,1392.5135377104948,1401.7389253753738,直连,,120.25307952601493,122.0
P00089,leg2-cruise,1392.5135377104948,1401.7389253753738,直连,,102.33492954305544,122.0
P00107,S010-handoff,1392.5135377104948,1401.7389253753738,中继,RU-002,123.64784784212937,122.0
P00002,leg2-cruise,1394.8989312234871,1399.8298108158478,直连,,117.52752504771122,122.0
P00020,leg2-cruise,1395.5327221252428,1400.3730601602097,中继,RU-002,126.96138694589061,122.0
P00001,leg2-cruise,1397.1262315429344,1401.7389253753738,直连,,102.63255549634759,122.0
P00024,leg2-cruise,1397.1262315429344,1401.7389253753738,中继,RU-002,122.67322575159747,122.0
P00002,leg2-cruise,1399.8298108158478,1404.7606904082083,直连,,117.25184586103256,122.0
P00020,leg2-cruise,1400.3730601602097,1405.2133981951765,中继,RU-002,126.87095286670541,122.0
P00001,leg2-cruise,1401.7389253753738,1406.3516192078134,直连,,102.17619467665641,122.0
P00024,leg2-cruise,1401.7389253753738,1406.3516192078134,中继,RU-002,122.53228534381864,122.0
P00071,leg2-cruise,1401.7389253753738,1410.964313040253,直连,,119.95195176385214,122.0
P00089,leg2-cruise,1401.7389253753738,1410.964313040253,直连,,101.57865471319514,122.0
P00107,S010-handoff,1401.7389253753738,1410.964313040253,中继,RU-002,123.64784784212937,122.0
P00002,leg2-cruise,1404.7606904082083,1409.6915700005688,直连,,116.96715719871396,122.0
P00020,leg2-cruise,1405.2133981951765,1410.0537362301434,中继,RU-002,126.7795685611314,122.0
P00001,leg2-cruise,1406.3516192078134,1410.964313040253,直连,,101.69478065709903,122.0
P00024,leg2-cruise,1406.3516192078134,1410.964313040253,中继,RU-002,122.3890469149374,122.0
P00002,leg2-cruise,1409.6915700005688,1414.6224495929296,直连,,116.67285227841766,122.0
P00020,leg2-cruise,1410.0537362301434,1414.8940742651102,中继,RU-002,126.68721388060582,122.0
P00001,leg2-cruise,1410.964313040253,1420.189700705132,直连,,100.91925379551347,122.0
P00024,leg2-cruise,1410.964313040253,1415.5770068726924,中继,RU-002,122.24343521686157,122.0
P00071,leg2-cruise,1410.964313040253,1420.189700705132,直连,,119.64010368371072,122.0
P00089,leg2-cruise,1410.964313040253,1420.189700705132,直连,,100.75389405341315,122.0
P00107,S010-handoff,1410.964313040253,1420.189700705132,中继,RU-002,123.64784784212937,122.0
P00002,leg2-cruise,1414.6224495929296,1419.55332918529,直连,,116.36826110725438,122.0
P00020,leg2-cruise,1414.8940742651102,1419.7344123000773,中继,RU-002,126.59386802986324,122.0
P00024,leg2-cruise,1415.5770068726924,1420.189700705132,中继,RU-002,122.09537129451397,122.0
P00002,leg2-cruise,1419.55332918529,1424.4842087776506,直连,,116.05264142168187,122.0
P00020,leg2-cruise,1419.7344123000773,1424.5747503350444,中继,RU-002,126.49950953901109,122.0
P00001,leg2-cruise,1420.189700705132,1424.8023945375717,直连,,100.06873119411867,122.0
P00024,leg2-cruise,1420.189700705132,1424.8023945375717,中继,RU-002,121.94477224204624,122.0
P00071,leg2-cruise,1420.189700705132,1429.4150883700113,直连,,119.31675150305858,122.0
P00089,leg2-cruise,1420.189700705132,1429.4150883700113,直连,,99.84798975335744,122.0
P00107,S010-handoff,1420.189700705132,1429.4150883700113,中继,RU-002,123.64784784212937,122.0
P00002,leg2-cruise,1424.4842087776506,1429.4150883700113,直连,,115.72516795118749,122.0
P00020,leg2-cruise,1424.5747503350444,1429.4150883700113,中继,RU-002,126.4041162340697,122.0
P00001,leg2-cruise,1424.8023945375717,1429.4150883700113,直连,,99.45246123193967,122.0
P00024,leg2-cruise,1424.8023945375717,1429.4150883700113,直连,,121.79155093900559,122.0
P00001,leg2-cruise,1429.4150883700113,1434.35953405958,直连,,98.76527126355373,122.0
P00002,leg2-cruise,1429.4150883700113,1434.2356017651969,直连,,115.3888018098032,122.0
P00020,leg2-cruise,1429.4150883700113,1434.1615261657976,中继,RU-002,126.30860591265736,122.0
P00024,leg2-cruise,1429.4150883700113,1434.1615261657976,直连,,121.63333468556223,122.0
P00071,leg2-cruise,1429.4150883700113,1438.9079639615836,直连,,118.97606033453889,122.0
P00089,leg2-cruise,1429.4150883700113,1438.6671746526104,直连,,98.84336116149792,122.0
P00107,S010-handoff,1429.4150883700113,1438.4464632064016,中继,RU-002,123.64784784212937,122.0
P00020,leg2-cruise,1434.1615261657976,1438.9079639615836,中继,RU-002,126.21298640235838,122.0
P00024,leg2-cruise,1434.1615261657976,1438.9079639615836,直连,,121.46990078509896,122.0
P00002,leg2-cruise,1434.2356017651969,1439.0561151603824,直连,,115.04298721966478,122.0
P00001,leg2-cruise,1434.35953405958,1439.3039797491488,直连,,97.99338906344029,122.0
P00107,S010-handoff,1438.4464632064016,1447.477838042792,中继,RU-002,123.64784784212937,122.0
P00089,leg2-cruise,1438.6671746526104,1447.9192609352096,直连,,97.71905619634246,122.0
P00020,leg2-cruise,1438.9079639615836,1443.6544017573697,中继,RU-002,126.1163042016994,122.0
P00024,leg2-cruise,1438.9079639615836,1443.6544017573697,直连,,121.3033788614071,122.0
P00071,leg2-cruise,1438.9079639615836,1448.400839553156,直连,,118.61644343325989,122.0
P00002,leg2-cruise,1439.0561151603824,1443.876628555568,直连,,114.68290626506658,122.0
P00001,leg2-cruise,1439.3039797491488,1444.2484254387173,直连,,97.1483184283791,122.0
P00020,leg2-cruise,1443.6544017573697,1448.400839553156,中继,RU-002,126.01853546840786,122.0
P00024,leg2-cruise,1443.6544017573697,1448.400839553156,直连,,121.13365187125295,122.0
P00002,leg2-cruise,1443.876628555568,1448.6971419507536,直连,,104.30733810985231,122.0
P00001,leg2-cruise,1444.2484254387173,1449.192871128286,直连,,96.21529921799835,122.0
P00107,S010-handoff,1447.477838042792,1456.509212879182,中继,RU-002,123.64784784212937,122.0
P00089,leg2-cruise,1447.9192609352096,1457.1713472178087,直连,,96.45069752809519,122.0
P00020,leg2-cruise,1448.400839553156,1453.1472773489422,中继,RU-002,125.9196555502029,122.0
P00024,leg2-cruise,1448.400839553156,1453.1472773489422,直连,,120.96059611023121,122.0
P00071,leg2-cruise,1448.400839553156,1453.1472773489422,直连,,118.33673105760214,122.0
P00002,leg2-cruise,1448.6971419507536,1453.5176553459391,直连,,103.91489923950384,122.0
P00001,leg2-cruise,1449.192871128286,1454.1373168178548,直连,,95.17488283957992,122.0
P00020,leg2-cruise,1453.1472773489422,1457.8937151447285,中继,RU-002,125.81963894776345,122.0
P00024,leg2-cruise,1453.1472773489422,1457.8937151447285,直连,,120.78408070829587,122.0
P00071,leg2-cruise,1453.1472773489422,1457.8937151447285,直连,,118.14518812474343,122.0
P00002,leg2-cruise,1453.5176553459391,1458.3381687411247,直连,,103.50401343390132,122.0
P00001,leg2-cruise,1454.1373168178548,1459.0817625074235,直连,,94.00092951655196,122.0
P00107,S010-handoff,1456.509212879182,1465.5405877155724,中继,RU-002,123.64784784212937,122.0
P00089,leg2-cruise,1457.1713472178087,1466.423433500408,直连,,95.0080494130326,122.0
P00020,leg2-cruise,1457.8937151447285,1462.6401529405148,中继,RU-002,125.71845927554753,122.0
P00024,leg2-cruise,1457.8937151447285,1462.6401529405148,直连,,120.60396707788215,122.0
P00071,leg2-cruise,1457.8937151447285,1467.3865907363008,直连,,117.84982329369821,122.0
P00002,leg2-cruise,1458.3381687411247,1463.1586821363103,直连,,103.07287453843317,122.0
P00001,leg2-cruise,1459.0817625074235,1464.0262081969922,直连,,92.6576810590466,122.0
P00020,leg2-cruise,1462.6401529405148,1467.3865907363008,中继,RU-002,125.61608922031735,122.0
P00024,leg2-cruise,1462.6401529405148,1467.3865907363008,直连,,120.42010830930127,122.0
P00002,leg2-cruise,1463.1586821363103,1467.9791955314956,直连,,102.61939987857107,122.0
P00001,leg2-cruise,1464.0262081969922,1468.970653886561,直连,,91.09590436095509,122.0
P00107,S010-handoff,1465.5405877155724,1474.5719625519628,中继,RU-002,123.64784784212937,122.0
P00089,leg2-cruise,1466.423433500408,1475.675519783007,直连,,93.36364536922237,122.0
P00020,leg2-cruise,1467.3865907363008,1472.1330285320869,中继,RU-002,125.51250049723967,122.0
P00024,leg2-cruise,1467.3865907363008,1472.1330285320869,直连,,110.23234850753005,122.0
P00071,leg2-cruise,1467.3865907363008,1476.8794663278732,直连,,117.43993820978395,122.0
P00002,leg2-cruise,1467.9791955314956,1472.7997089266812,直连,,102.14117138109108,122.0
P00001,leg2-cruise,1468.970653886561,1473.9150995761297,直连,,89.2502237255904,122.0
P00020,leg2-cruise,1472.1330285320869,1476.8794663278732,中继,RU-002,125.40766380333034,122.0
P00024,leg2-cruise,1472.1330285320869,1476.8794663278732,直连,,110.04052206362803,122.0
P00002,leg2-cruise,1472.7997089266812,1477.6202223218668,直连,,101.63536034719748,122.0
P00001,leg2-cruise,1473.9150995761297,1478.8595452656982,直连,,87.05213959618455,122.0
P00107,S010-handoff,1474.5719625519628,1483.603337388353,中继,RU-002,123.64784784212937,122.0
P00089,leg2-cruise,1475.675519783007,1484.9276060656061,直连,,91.52458480959902,122.0
P00020,leg2-cruise,1476.8794663278732,1481.6259041236594,中继,RU-002,125.30154876811434,122.0
P00024,leg2-cruise,1476.8794663278732,1481.6259041236594,直连,,109.8444528532622,122.0
P00071,leg2-cruise,1476.8794663278732,1486.3723419194457,直连,,117.01007587953846,122.0
P00002,leg2-cruise,1477.6202223218668,1482.4407357170523,直连,,101.0986301997878,122.0
P00001,leg2-cruise,1478.8595452656982,1488.7484366448357,直连,,83.32068542910591,122.0
P00020,leg2-cruise,1481.6259041236594,1486.3723419194457,中继,RU-002,125.19412390124708,122.0
P00024,leg2-cruise,1481.6259041236594,1486.3723419194457,直连,,109.64395335384323,122.0
P00002,leg2-cruise,1482.4407357170523,1487.261249112238,直连,,100.52700913567882,122.0
P00107,leg3-climb,1483.603337388353,1492.9407302377456,中继,RU-002,123.64896933281241,122.0
P00089,leg2-cruise,1484.9276060656061,1494.1796923482054,直连,,89.64373887100862,122.0
P00020,leg2-cruise,1486.3723419194457,1491.118779715232,中继,RU-002,125.08535653688874,122.0
P00024,leg2-cruise,1486.3723419194457,1491.118779715232,直连,,109.43882367056747,122.0
P00071,leg2-cruise,1486.3723419194457,1495.865217511018,直连,,116.55822720785336,122.0
P00002,leg2-cruise,1487.261249112238,1492.0817625074235,直连,,99.91572103194736,122.0
P00001,leg2-descent,1488.7484366448357,1497.8332247765495,直连,,81.3637143922226,122.0
P00020,leg2-cruise,1491.118779715232,1495.865217511018,中继,RU-002,124.97521277461419,122.0
P00024,leg2-cruise,1491.118779715232,1495.865217511018,直连,,109.22885046050175,122.0
P00002,leg2-cruise,1492.0817625074235,1496.902275902609,直连,,99.25895750523877,122.0
P00107,leg3-climb,1492.9407302377456,1502.2781230871378,中继,RU-002,123.65143473071883,122.0
P00089,leg2-cruise,1494.1796923482054,1503.4317786308045,直连,,88.27100531683145,122.0
P00020,leg2-cruise,1495.865217511018,1500.611655306804,中继,RU-002,124.8636574165364,122.0
P00024,leg2-cruise,1495.865217511018,1500.611655306804,直连,,109.01380574243697,122.0
P00071,leg2-cruise,1495.865217511018,1500.611655306804,直连,,116.20352942439042,122.0
P00002,leg2-cruise,1496.902275902609,1506.5433026929802,直连,,98.1724272976687,122.0
P00001,leg2-descent,1497.8332247765495,1506.9180129082633,直连,,79.88780381756774,122.0
P00020,leg2-cruise,1500.611655306804,1505.3580931025904,中继,RU-002,124.75065390041976,122.0
P00024,leg2-cruise,1500.611655306804,1505.3580931025904,直连,,108.7934455785198,122.0
P00071,leg2-cruise,1500.611655306804,1505.3580931025904,直连,,115.9589272573421,122.0
P00107,leg3-climb,1502.2781230871378,1511.6155159365303,中继,RU-002,123.65419625647414,122.0
P00089,leg2-descent,1503.4317786308045,1513.16544353135,直连,,87.63361390342453,122.0
P00020,leg2-cruise,1505.3580931025904,1510.1045308983767,中继,RU-002,124.63616422841363,122.0
P00024,leg2-cruise,1505.3580931025904,1510.1045308983767,直连,,108.56750861198236,122.0
P00071,leg2-cruise,1505.3580931025904,1514.8509686941627,直连,,115.57890869962905,122.0
P00002,leg2-cruise,1506.5433026929802,1511.3638160881658,直连,,96.93476697571742,122.0
P00001,leg2-descent,1506.9180129082633,1516.0028010399774,直连,,78.10871117433717,122.0
P00020,leg2-cruise,1510.1045308983767,1514.8509686941627,中继,RU-002,124.52014889109056,122.0
P00024,leg2-cruise,1510.1045308983767,1514.8509686941627,直连,,108.33571444329766,122.0
P00002,leg2-cruise,1511.3638160881658,1516.1843294833513,直连,,96.00340785205798,122.0
P00107,leg3-cruise,1511.6155159365303,1521.5705990649074,中继,RU-002,123.54683433800565,122.0
P00089,leg2-descent,1513.16544353135,1522.8991084318957,直连,,86.70220945335716,122.0
P00020,leg2-cruise,1514.8509686941627,1519.5974064899488,中继,RU-002,124.40256678641592,122.0
P00024,leg2-cruise,1514.8509686941627,1519.5974064899488,直连,,108.09776182474175,122.0
P00071,leg2-cruise,1514.8509686941627,1524.343844285735,直连,,105.04557879508451,122.0
P00001,leg2-descent,1516.0028010399774,1525.0875891716912,直连,,75.86880559364914,122.0
P00002,leg2-cruise,1516.1843294833513,1521.0048428785367,直连,,94.96531490304368,122.0
P00020,leg2-cruise,1519.5974064899488,1524.343844285735,中继,RU-002,124.2833751332127,122.0
P00024,leg2-cruise,1519.5974064899488,1524.343844285735,直连,,107.85332665109328,122.0
P00002,leg2-cruise,1521.0048428785367,1525.8253562737223,直连,,93.7947445229385,122.0
P00107,leg3-cruise,1521.5705990649074,1526.548140629096,中继,RU-002,123.38096232626489,122.0
P00089,leg2-descent,1522.8991084318957,1532.6327733324413,直连,,85.65879783595919,122.0
P00020,leg2-cruise,1524.343844285735,1529.0902820815213,中继,RU-002,124.16252937870581,122.0
P00024,leg2-cruise,1524.343844285735,1529.0902820815213,直连,,107.60205972148918,122.0
P00071,leg2-cruise,1524.343844285735,1533.8367198773076,直连,,104.47835122622415,122.0
P00001,leg2-descent,1525.0875891716912,1534.172377303405,直连,,72.84266297999261,122.0
P00002,leg2-cruise,1525.8253562737223,1530.6458696689078,直连,,92.45666789982575,122.0
P00107,leg3-cruise,1526.548140629096,1531.5256821932844,中继,RU-002,123.26860149900536,122.0
P00020,leg2-cruise,1529.0902820815213,1533.8367198773076,中继,RU-002,124.03998309960552,122.0
P00024,leg2-cruise,1529.0902820815213,1533.8367198773076,直连,,107.34358424491663,122.0
P00002,leg2-cruise,1530.6458696689078,1535.4663830640934,直连,,90.90329141914187,122.0
P00107,leg3-cruise,1531.5256821932844,1536.5032237574728,中继,RU-002,123.15477391634374,122.0
P00089,leg2-descent,1532.6327733324413,1542.366438232987,直连,,84.47270992111258,122.0
P00020,leg2-cruise,1533.8367198773076,1538.5831576730939,中继,RU-002,123.91568789624364,122.0
P00024,leg2-cruise,1533.8367198773076,1538.5831576730939,直连,,107.07749305900244,122.0
P00071,leg2-cruise,1533.8367198773076,1543.32959546888,直连,,103.87278811807855,122.0
P00001,leg2-descent,1534.172377303405,1543.257165435119,直连,,68.15908215798814,122.0
P00002,leg2-cruise,1535.4663830640934,1540.286896459279,直连,,89.07229917128119,122.0
P00107,leg3-cruise,1536.5032237574728,1541.4807653216615,中继,RU-002,123.03944094088233,122.0
P00020,leg2-cruise,1538.5831576730939,1543.32959546888,中继,RU-002,123.78959327910827,122.0
P00024,leg2-cruise,1538.5831576730939,1543.32959546888,直连,,106.8033455294922,122.0
P00002,leg2-cruise,1540.286896459279,1545.1074098544645,直连,,86.90203060745199,122.0
P00107,leg3-cruise,1541.4807653216615,1546.4583068858499,中继,RU-002,122.92256239491209,122.0
P00089,leg2-descent,1542.366438232987,1552.1001031335327,直连,,83.09865164261777,122.0
P00001,leg2-descent,1543.257165435119,1552.341953566833,直连,,57.266212172393985,122.0
P00020,leg2-cruise,1543.32959546888,1552.8224710604522,中继,RU-002,123.59696153238018,122.0
P00024,leg2-cruise,1543.32959546888,1548.076033264666,直连,,106.52066409603333,122.0
P00071,leg2-cruise,1543.32959546888,1548.076033264666,直连,,103.39029418073994,122.0
P00002,leg2-cruise,1545.1074098544645,1554.7484366448357,直连,,83.26458177181131,122.0
P00107,leg3-cruise,1546.4583068858499,1551.4358484500383,中继,RU-002,122.8040964778351,122.0
P00024,leg2-cruise,1548.076033264666,1552.8224710604522,直连,,106.22893042910856,122.0
P00071,leg2-cruise,1548.076033264666,1552.8224710604522,直连,,103.05370929803904,122.0
P00107,leg3-cruise,1551.4358484500383,1556.413390014227,中继,RU-002,122.68399967797983,122.0
P00089,leg2-descent,1552.1001031335327,1561.8337680340783,直连,,81.46561541516263,122.0
P00001,leg2-descent,1552.341953566833,1561.4267416985467,直连,,60.81486823309124,122.0
P00020,leg2-cruise,1552.8224710604522,1562.3153466520248,中继,RU-002,123.33330934745098,122.0
P00024,leg2-cruise,1552.8224710604522,1557.5689088562385,直连,,105.92758116460254,122.0
P00071,leg2-cruise,1552.8224710604522,1562.3153466520248,直连,,102.52423196193833,122.0
P00002,leg2-descent,1554.7484366448357,1563.5993237082803,直连,,81.38117002394007,122.0
P00107,leg3-cruise,1556.413390014227,1561.3909315784153,中继,RU-002,122.56222667838946,122.0
P00024,leg2-cruise,1557.5689088562385,1562.3153466520248,直连,,105.61600318751971,122.0
P00107,leg3-cruise,1561.3909315784153,1566.3684731426038,中继,RU-002,122.43873025605421,122.0
P00089,leg2-descent,1561.8337680340783,1571.5674329346239,直连,,79.45276712880762,122.0
P00020,leg2-cruise,1562.3153466520248,1567.061784447811,中继,RU-002,123.13019945030531,122.0
P00024,leg2-cruise,1562.3153466520248,1567.061784447811,直连,,105.29352844703635,122.0
P00071,leg2-cruise,1562.3153466520248,1571.8082222435971,直连,,101.76691571953765,122.0
P00002,leg2-descent,1563.5993237082803,1572.4502107717249,直连,,79.94971088360182,122.0
P00107,leg3-cruise,1566.3684731426038,1571.3460147067924,中继,RU-002,122.31346117408187,122.0
P00020,leg2-cruise,1567.061784447811,1571.8082222435971,中继,RU-002,122.99211450794961,122.0
P00024,leg2-cruise,1567.061784447811,1571.8082222435971,直连,,104.95942830543382,122.0
P00107,leg3-cruise,1571.3460147067924,1576.323556270981,中继,RU-002,122.18636806614626,122.0
P00089,leg2-descent,1571.5674329346239,1581.3010978351695,直连,,76.82813543577896,122.0
P00020,leg2-cruise,1571.8082222435971,1576.5546600393832,中继,RU-002,122.8518067509043,122.0
P00024,leg2-cruise,1571.8082222435971,1576.5546600393832,直连,,104.61290745829956,122.0
P00071,leg2-cruise,1571.8082222435971,1581.3010978351695,直连,,100.9419153841599,122.0
P00002,leg2-descent,1572.4502107717249,1581.3010978351695,直连,,78.23487483749815,122.0
P00107,leg3-cruise,1576.323556270981,1581.3010978351695,中继,RU-002,122.05739731259445,122.0
P00020,leg2-cruise,1576.5546600393832,1581.3010978351695,中继,RU-002,122.70920372531603,122.0
P00024,leg2-cruise,1576.5546600393832,1581.3010978351695,直连,,104.25309752206678,122.0
P00002,leg2-descent,1581.3010978351695,1590.2278711939807,直连,,76.08566219215142,122.0
P00020,leg2-cruise,1581.3010978351695,1585.764484514575,中继,RU-002,122.56858716923735,122.0
P00024,leg2-cruise,1581.3010978351695,1590.2278711939807,直连,,103.7095543300542,122.0
P00071,leg2-cruise,1581.3010978351695,1590.2278711939807,直连,,100.06547345159039,122.0
P00089,leg2-descent,1581.3010978351695,1590.2278711939807,直连,,73.24305170164789,122.0
P00107,leg3-cruise,1581.3010978351695,1585.764484514575,直连,,121.9333020643453,122.0
P00020,leg2-cruise,1585.764484514575,1590.2278711939807,中继,RU-002,122.43009330574195,122.0
P00107,leg3-cruise,1585.764484514575,1590.2278711939807,直连,,121.81432049124382,122.0
P00002,leg2-descent,1590.2278711939807,1599.1546445527922,直连,,73.20890876140581,122.0
P00020,leg2-cruise,1590.2278711939807,1599.1546445527922,中继,RU-002,122.21813930297529,122.0
P00024,leg2-cruise,1590.2278711939807,1594.6912578733863,直连,,103.14559070160746,122.0
P00071,leg2-cruise,1590.2278711939807,1599.1546445527922,直连,,99.131588838938,122.0
P00089,leg2-descent,1590.2278711939807,1599.1546445527922,直连,,67.41368321948462,122.0
P00107,leg3-cruise,1590.2278711939807,1599.1546445527922,直连,,121.63275273587239,122.0
P00024,leg2-cruise,1594.6912578733863,1599.1546445527922,直连,,102.75056173884109,122.0
P00002,leg2-descent,1599.1546445527922,1608.0814179116035,直连,,68.87788722060819,122.0
P00020,leg2-cruise,1599.1546445527922,1603.6180312321978,中继,RU-002,122.00090640427868,122.0
P00024,leg2-cruise,1599.1546445527922,1603.6180312321978,直连,,102.3390402951516,122.0
P00071,leg2-cruise,1599.1546445527922,1608.0814179116035,直连,,98.09948460292671,122.0
P00089,leg2-descent,1599.1546445527922,1608.0814179116035,直连,,40.19374220623356,122.0
P00107,leg3-cruise,1599.1546445527922,1608.0814179116035,直连,,121.38463902891604,122.0
P00020,leg2-cruise,1603.6180312321978,1608.0814179116035,直连,,121.85302004594855,122.0
P00024,leg2-cruise,1603.6180312321978,1608.0814179116035,直连,,101.90987361287534,122.0
P00002,leg2-descent,1608.0814179116035,1617.754079805075,直连,,59.15641566140182,122.0
P00020,leg2-cruise,1608.0814179116035,1613.0137176191283,直连,,121.69460968188186,122.0
P00024,leg2-cruise,1608.0814179116035,1612.7575475915608,直连,,101.45092847371137,122.0
P00071,leg2-cruise,1608.0814179116035,1617.68100741928,直连,,96.90580342510123,122.0
P00089,leg2-descent,1608.0814179116035,1612.024508122992,直连,,63.6171453238989,122.0
P00107,leg3-cruise,1608.0814179116035,1617.8148831748294,直连,,121.11755831641108,122.0
P00024,leg2-cruise,1612.7575475915608,1617.433677271518,直连,,100.95942479954867,122.0
P00020,leg2-cruise,1613.0137176191283,1617.9460173266532,直连,,121.52514017657715,122.0
P00024,leg2-cruise,1617.433677271518,1622.1098069514753,直连,,100.44435100321404,122.0
P00071,leg2-cruise,1617.68100741928,1627.2805969269562,直连,,95.51522149348722,122.0
P00002,leg2-descent,1617.754079805075,1627.4267416985467,直连,,60.3339927464832,122.0
P00107,leg3-cruise,1617.8148831748294,1627.5483484380557,直连,,120.82995273404255,122.0
P00020,leg2-cruise,1617.9460173266532,1622.878317034178,直连,,121.3523153351365,122.0
P00024,leg2-cruise,1622.1098069514753,1626.7859366314326,直连,,99.90432548611854,122.0
P00020,leg2-cruise,1622.878317034178,1627.8106167417031,直连,,121.17600034922124,122.0
P00024,leg2-cruise,1626.7859366314326,1631.46206631139,直连,,99.33817337502427,122.0
P00071,leg2-cruise,1627.2805969269562,1636.8801864346324,直连,,93.95429810260565,122.0
P00107,leg3-cruise,1627.5483484380557,1632.4150810696688,直连,,120.60786686888007,122.0
P00020,leg2-cruise,1627.8106167417031,1632.742916449228,直连,,120.99605216764888,122.0
P00024,leg2-cruise,1631.46206631139,1636.1381959913472,直连,,98.74514787618044,122.0
P00107,leg3-cruise,1632.4150810696688,1637.2818137012816,直连,,120.45661469998821,122.0
P00020,leg2-cruise,1632.742916449228,1637.6752161567529,直连,,120.81231881469286,122.0
P00024,leg2-cruise,1636.1381959913472,1640.8143256713045,直连,,98.12528799272037,122.0
P00071,leg2-cruise,1636.8801864346324,1646.4797759423088,直连,,92.2513859993321,122.0
P00107,leg3-cruise,1637.2818137012816,1642.1485463328945,直连,,120.3027025801804,122.0
P00020,leg2-cruise,1637.6752161567529,1642.607515864278,直连,,120.62463863695051,122.0
P00024,leg2-cruise,1640.8143256713045,1645.4904553512617,直连,,97.47998591832504,122.0
P00107,leg3-cruise,1642.1485463328945,1647.0152789645076,直连,,120.14603606072447,122.0
P00020,leg2-cruise,1642.607515864278,1647.5398155718028,直连,,120.43283946962308,122.0
P00024,leg2-cruise,1645.4904553512617,1650.166585031219,直连,,96.81286589391809,122.0
P00071,leg2-cruise,1646.4797759423088,1656.0793654499853,直连,,90.57604161818654,122.0
P00107,leg3-cruise,1647.0152789645076,1656.7487442277338,直连,,119.90565259402321,122.0
P00020,leg2-cruise,1647.5398155718028,1652.4721152793277,直连,,110.23673771175591,122.0
P00024,leg2-cruise,1650.166585031219,1654.8427147111763,直连,,96.1310967655078,122.0
P00020,leg2-cruise,1652.4721152793277,1657.4044149868525,直连,,110.03613729832006,122.0
P00024,leg2-cruise,1654.8427147111763,1659.5188443911336,直连,,95.44723360513474,122.0
P00071,leg2-cruise,1656.0793654499853,1665.6789549576615,直连,,89.41056555232755,122.0
P00107,leg3-cruise,1656.7487442277338,1666.4822094909598,直连,,119.5745252504382,122.0
P00020,leg2-cruise,1657.4044149868525,1662.3367146943774,直连,,109.83082855515633,122.0
P00024,leg2-cruise,1659.5188443911336,1664.1949740710909,直连,,94.78151560324916,122.0
P00020,leg2-cruise,1662.3367146943774,1667.2690144019025,直连,,109.6205869205571,122.0
P00024,leg2-cruise,1664.1949740710909,1668.8711037510482,直连,,94.16407157861853,122.0
P00071,leg2-descent,1665.6789549576615,1675.1539252851856,直连,,88.87532717295403,122.0
P00107,leg3-cruise,1666.4822094909598,1676.2156747541858,直连,,119.23039952296472,122.0
P00020,leg2-cruise,1667.2690144019025,1672.2013141094274,直连,,109.4051715145692,122.0
P00024,leg2-cruise,1668.8711037510482,1673.5472334310055,直连,,93.63556042351573,122.0
P00020,leg2-cruise,1672.2013141094274,1677.1336138169522,直连,,109.18432353398661,122.0
P00024,leg2-cruise,1673.5472334310055,1682.89949279092,直连,,93.1136580070103,122.0
P00071,leg2-descent,1675.1539252851856,1684.6288956127096,直连,,88.09619756880535,122.0
P00107,leg3-cruise,1676.2156747541858,1685.949140017412,直连,,118.87222462591154,122.0
P00020,leg2-cruise,1677.1336138169522,1686.998213232002,直连,,108.95776444721754,122.0
P00024,leg2-descent,1682.89949279092,1692.673122005558,直连,,92.76450999671903,122.0
P00071,leg2-descent,1684.6288956127096,1694.1038659402336,直连,,87.2402306311201,122.0
P00107,leg3-cruise,1685.949140017412,1695.682605280638,直连,,118.49881862071476,122.0
P00020,leg2-cruise,1686.998213232002,1696.862812647052,直连,,108.48628770706401,122.0
P00024,leg2-descent,1692.673122005558,1702.4467512201963,直连,,92.25882902833608,122.0
P00071,leg2-descent,1694.1038659402336,1703.5788362677577,直连,,86.29059616830176,122.0
P00107,leg3-cruise,1695.682605280638,1705.416070543864,直连,,118.10884597318365,122.0
P00020,leg2-cruise,1696.862812647052,1706.7274120621016,直连,,107.98803411993887,122.0
P00024,leg2-descent,1702.4467512201963,1712.2203804348344,直连,,91.72187811353312,122.0
P00071,leg2-descent,1703.5788362677577,1713.0538065952817,直连,,85.22424647785567,122.0
P00107,leg3-cruise,1705.416070543864,1715.1495358070902,直连,,117.70079018506976,122.0
P00020,leg2-cruise,1706.7274120621016,1716.5920114771516,直连,,107.45981883273829,122.0
P00024,leg2-descent,1712.2203804348344,1721.9940096494727,直连,,91.14953355662722,122.0
P00071,leg2-descent,1713.0538065952817,1722.5287769228057,直连,,84.0084180272839,122.0
P00107,leg3-cruise,1715.1495358070902,1720.0162684387033,直连,,117.3818491149097,122.0
P00020,leg2-cruise,1716.5920114771516,1721.5243111846764,直连,,106.89786181441903,122.0
P00107,leg3-cruise,1720.0162684387033,1724.8830010703161,直连,,117.16263013569188,122.0
P00020,leg2-cruise,1721.5243111846764,1726.4566108922013,直连,,106.60284895558364,122.0
P00024,leg2-descent,1721.9940096494727,1731.7676388641107,直连,,90.53679800454358,122.0
P00071,leg2-descent,1722.5287769228057,1732.0037472503298,直连,,82.59426367590439,122.0
P00107,leg3-cruise,1724.8830010703161,1729.749733701929,直连,,116.93783013197668,122.0
P00020,leg2-cruise,1726.4566108922013,1731.3889105997262,直连,,106.29763265559704,122.0
P00107,leg3-cruise,1729.749733701929,1734.6164663335421,直连,,116.7071629343268,122.0
P00020,leg2-cruise,1731.3889105997262,1736.321210307251,直连,,105.98149531973655,122.0
P00024,leg2-descent,1731.7676388641107,1741.541268078749,直连,,89.877534772442,122.0
P00071,leg2-descent,1732.0037472503298,1741.4787175778538,直连,,80.90422630065409,122.0
P00107,leg3-cruise,1734.6164663335421,1744.3499315967683,直连,,116.34948020005692,122.0
P00020,leg2-cruise,1736.321210307251,1746.185809722301,直连,,105.65364259351668,122.0
P00071,leg2-descent,1741.4787175778538,1750.9536879053778,直连,,78.80392229966583,122.0
P00024,leg2-descent,1741.541268078749,1751.314897293387,直连,,89.16409281131553,122.0
P00107,leg3-cruise,1744.3499315967683,1754.0833968599943,直连,,115.84894585039144,122.0
P00020,leg2-cruise,1746.185809722301,1751.1181094298258,直连,,104.95916147279964,122.0
P00071,leg2-descent,1750.9536879053778,1760.4286582329019,直连,,76.0280649160952,122.0
P00020,leg2-cruise,1751.1181094298258,1756.0504091373507,直连,,104.59045076345461,122.0
P00024,leg2-descent,1751.314897293387,1761.0885265080253,直连,,88.38676341526991,122.0
P00107,leg3-cruise,1754.0833968599943,1763.8168621232203,直连,,105.31852010347704,122.0
P00020,leg2-cruise,1756.0504091373507,1760.9827088448756,直连,,104.20582619572986,122.0
P00071,leg2-descent,1760.4286582329019,1769.903628560426,直连,,71.92405871127306,122.0
P00020,leg2-cruise,1760.9827088448756,1765.9150085524006,直连,,103.80389712289337,122.0
P00024,leg2-descent,1761.0885265080253,1770.8621557226634,直连,,87.53296906979926,122.0
P00107,leg3-cruise,1763.8168621232203,1773.5503273864465,直连,,104.75451453510753,122.0
P00020,leg2-cruise,1765.9150085524006,1770.8473082599255,直连,,103.38308988669345,122.0
P00071,leg2-descent,1769.903628560426,1779.37859888795,直连,,63.878290813259085,122.0
P00020,leg2-cruise,1770.8473082599255,1775.7796079674504,直连,,102.94161609934362,122.0
P00024,leg2-descent,1770.8621557226634,1780.6357849373017,直连,,86.58600845751735,122.0
P00107,leg3-cruise,1773.5503273864465,1783.2837926496725,直连,,104.15254030500026,122.0
P00020,leg2-cruise,1775.7796079674504,1780.7119076749755,直连,,102.4774343772927,122.0
P00071,leg2-descent,1779.37859888795,1788.853569215474,直连,,58.284074913643835,122.0
P00024,leg2-descent,1780.6357849373017,1790.4094141519397,直连,,85.52302997242185,122.0
P00020,leg2-cruise,1780.7119076749755,1785.6442073825003,直连,,101.98820412629082,122.0
P00107,leg3-cruise,1783.2837926496725,1793.0172579128985,直连,,103.50732898461067,122.0
P00020,leg2-cruise,1785.6442073825003,1790.5765070900252,直连,,101.47122979875627,122.0
P00024,leg2-descent,1790.4094141519397,1800.183043366578,直连,,84.31158380339167,122.0
P00020,leg2-cruise,1790.5765070900252,1795.50880679755,直连,,100.92339401054052,122.0
P00107,leg3-cruise,1793.0172579128985,1802.7507231761247,直连,,102.81249757474474,122.0
P00020,leg2-cruise,1795.50880679755,1800.441106505075,直连,,100.34107825811586,122.0
P00024,leg2-descent,1800.183043366578,1809.956672581216,直连,,82.90335790859126,122.0
P00020,leg2-cruise,1800.441106505075,1805.3734062126,直连,,99.72007125269687,122.0
P00107,leg3-cruise,1802.7507231761247,1812.4841884393506,直连,,102.06023948401537,122.0
P00020,leg2-cruise,1805.3734062126,1810.3057059201249,直连,,99.05546824709224,122.0
P00024,leg2-descent,1809.956672581216,1819.7303017958543,直连,,81.22178873719963,122.0
P00020,leg2-cruise,1810.3057059201249,1815.2380056276497,直连,,98.341572716978,122.0
P00107,leg3-cruise,1812.4841884393506,1817.3509210709635,直连,,101.45264650405586,122.0
P00020,leg2-cruise,1815.2380056276497,1820.1703053351746,直连,,97.57182998805544,122.0
P00107,leg3-cruise,1817.3509210709635,1822.2176537025766,直连,,101.02426820460094,122.0
P00024,leg2-descent,1819.7303017958543,1829.5039310104924,直连,,79.13456960953215,122.0
P00020,leg2-cruise,1820.1703053351746,1825.1026050426995,直连,,96.73886342643146,122.0
P00107,leg3-cruise,1822.2176537025766,1827.0843863341897,直连,,100.57532027987392,122.0
P00020,leg2-cruise,1825.1026050426995,1830.0349047502245,直连,,95.83477593680335,122.0
P00107,leg3-cruise,1827.0843863341897,1831.9511189658026,直连,,100.10394208335059,122.0
P00024,leg2-descent,1829.5039310104924,1839.2775602251306,直连,,76.38160392843318,122.0
P00020,leg2-cruise,1830.0349047502245,1834.9672044577494,直连,,94.85208635389075,122.0
P00107,leg3-cruise,1831.9511189658026,1841.6845842290288,直连,,99.3502102126434,122.0
P00020,leg2-cruise,1834.9672044577494,1839.8995041652743,直连,,93.7861297584424,122.0
P00024,leg2-descent,1839.2775602251306,1849.0511894397687,直连,,72.32792926249374,122.0
P00020,leg2-cruise,1839.8995041652743,1844.8318038727991,直连,,92.6407245722975,122.0
P00107,leg3-cruise,1841.6845842290288,1851.4180494922548,直连,,98.24534771859592,122.0
P00020,leg2-cruise,1844.8318038727991,1849.764103580324,直连,,91.44067173795399,122.0
P00024,leg2-descent,1849.0511894397687,1858.824818654407,直连,,64.48308839890122,122.0
P00020,leg2-cruise,1849.764103580324,1854.696403287849,直连,,90.25620028335653,122.0
P00107,leg3-cruise,1851.4180494922548,1861.151514755481,直连,,97.00574275539005,122.0
P00020,leg2-cruise,1854.696403287849,1859.628702995374,直连,,89.23777313299067,122.0
P00024,leg2-descent,1858.824818654407,1868.598447869045,直连,,57.87712468840295,122.0
P00020,leg2-cruise,1859.628702995374,1864.5610027028988,直连,,88.62227218585926,122.0
P00107,leg3-cruise,1861.151514755481,1870.884980018707,直连,,95.6074536264207,122.0
P00020,leg2-descent,1864.5610027028988,1874.0810358653337,直连,,88.14066682070603,122.0
P00107,leg3-cruise,1870.884980018707,1880.618445281933,直连,,94.03433653011258,122.0
P00020,leg2-descent,1874.0810358653337,1883.6010690277685,直连,,87.28503714858458,122.0
P00107,leg3-cruise,1880.618445281933,1890.351910545159,直连,,92.31196338946164,122.0
P00020,leg2-descent,1883.6010690277685,1893.1211021902036,直连,,86.33581786274023,122.0
P00107,leg3-cruise,1890.351910545159,1900.085375808385,直连,,90.60822051446725,122.0
P00020,leg2-descent,1893.1211021902036,1902.6411353526385,直连,,85.26999178357808,122.0
P00107,leg3-cruise,1900.085375808385,1909.8188410716111,直连,,89.41525641598506,122.0
P00020,leg2-descent,1902.6411353526385,1912.1611685150733,直连,,84.05484423999417,122.0
P00107,leg3-descent,1909.8188410716111,1919.2938113991352,直连,,88.87532717295403,122.0
P00020,leg2-descent,1912.1611685150733,1921.6812016775082,直连,,82.64161149795646,122.0
P00107,leg3-descent,1919.2938113991352,1928.7687817266592,直连,,88.09619756880535,122.0
P00020,leg2-descent,1921.6812016775082,1931.201234839943,直连,,80.95289147059708,122.0
P00107,leg3-descent,1928.7687817266592,1938.2437520541832,直连,,87.2402306311201,122.0
P00020,leg2-descent,1931.201234839943,1940.7212680023779,直连,,78.85462513877255,122.0
P00107,leg3-descent,1938.2437520541832,1947.7187223817073,直连,,86.29059616830176,122.0
P00020,leg2-descent,1940.7212680023779,1950.2413011648127,直连,,76.08233885116938,122.0
P00107,leg3-descent,1947.7187223817073,1957.1936927092313,直连,,85.22424647785567,122.0
P00020,leg2-descent,1950.2413011648127,1959.7613343272478,直连,,71.98621232342177,122.0
P00107,leg3-descent,1957.1936927092313,1966.6686630367553,直连,,84.0084180272839,122.0
P00020,leg2-descent,1959.7613343272478,1969.2813674896827,直连,,63.972286682761336,122.0
P00107,leg3-descent,1966.6686630367553,1976.1436333642794,直连,,82.59426367590439,122.0
P00020,leg2-descent,1969.2813674896827,1978.8014006521175,直连,,58.22388076026431,122.0
P00107,leg3-descent,1976.1436333642794,2032.9934553294236,直连,,80.90422630065409,122.0
P00011,leg1-climb,2043.0,2138.3591357421874,直连,,58.20256818211544,122.0
P00011,leg1-cruise,2138.3591357421874,2176.9171152361982,直连,,86.95656621762812,122.0
P00057,leg1-climb,2176.0,2185.8531583345853,直连,,54.408071670598915,122.0
P00011,leg1-cruise,2176.9171152361982,2186.556610109701,直连,,96.34146403181907,122.0
P00057,leg1-climb,2185.8531583345853,2195.7063166691705,直连,,67.78035528500521,122.0
P00011,leg1-cruise,2186.556610109701,2196.196104983204,直连,,98.00567651892642,122.0
P00057,leg1-climb,2195.7063166691705,2205.559475003756,直连,,74.68578862985183,122.0
P00011,leg1-cruise,2196.196104983204,2205.8355998567063,直连,,99.42123497195162,122.0
P00057,leg1-climb,2205.559475003756,2215.4126333383415,直连,,78.48360120781685,122.0
P00011,leg1-cruise,2205.8355998567063,2215.475094730209,直连,,100.6484041591911,122.0
P00272,leg1-climb,2212.0,2221.8531583345853,直连,,54.408071670598915,122.0
P00278,leg1-climb,2212.0,2221.8531583345853,直连,,54.408071670598915,122.0
P00057,leg1-climb,2215.4126333383415,2225.2657916729268,直连,,81.11714932841994,122.0
P00011,leg1-cruise,2215.475094730209,2225.114589603712,直连,,101.72938586964953,122.0
P00272,leg1-climb,2221.8531583345853,2231.7063166691705,直连,,67.78035528500521,122.0
P00278,leg1-climb,2221.8531583345853,2231.7063166691705,直连,,67.78035528500521,122.0
P00011,leg1-cruise,2225.114589603712,2229.934337040463,直连,,102.69423829058734,122.0
P00057,leg1-climb,2225.2657916729268,2235.118950007512,直连,,83.13522113644916,122.0
P00011,leg1-cruise,2229.934337040463,2234.7540844772147,直连,,103.14021004513,122.0
P00272,leg1-climb,2231.7063166691705,2241.559475003756,直连,,74.68578862985183,122.0
P00278,leg1-climb,2231.7063166691705,2241.559475003756,直连,,74.68578862985183,122.0
P00011,leg1-cruise,2234.7540844772147,2239.573831913966,直连,,103.56489677245986,122.0
P00057,leg1-climb,2235.118950007512,2244.9721083420973,直连,,84.7716886174435,122.0
P00011,leg1-cruise,2239.573831913966,2244.393579350717,直连,,113.97019460696286,122.0
P00272,leg1-climb,2241.559475003756,2251.4126333383415,直连,,78.48360120781685,122.0
P00278,leg1-climb,2241.559475003756,2251.4126333383415,直连,,78.48360120781685,122.0
P00011,leg1-cruise,2244.393579350717,2249.2133267874688,直连,,114.35776263932149,122.0
P00057,leg1-climb,2244.9721083420973,2254.8252666766825,直连,,86.14817323587165,122.0
P00011,leg1-cruise,2249.2133267874688,2254.03307422422,直连,,114.72905992071485,122.0
P00272,leg1-climb,2251.4126333383415,2261.2657916729268,直连,,81.11714932841994,122.0
P00278,leg1-climb,2251.4126333383415,2261.2657916729268,直连,,81.11714932841994,122.0
P00011,leg1-cruise,2254.03307422422,2258.852821660971,直连,,115.0853757085894,122.0
P00057,leg1-climb,2254.8252666766825,2264.678425011268,直连,,87.33606765300618,122.0
P00011,leg1-cruise,2258.852821660971,2263.6725690977228,直连,,115.42785433653322,122.0
P00272,leg1-climb,2261.2657916729268,2271.118950007512,直连,,83.13522113644916,122.0
P00278,leg1-climb,2261.2657916729268,2271.118950007512,直连,,83.13522113644916,122.0
P00011,leg1-cruise,2263.6725690977228,2268.4923165344744,直连,,115.7575157846188,122.0
P00057,leg1-climb,2264.678425011268,2274.5315833458535,直连,,88.38087655041141,122.0
P00011,leg1-cruise,2268.4923165344744,2273.3120639712256,直连,,116.07527279164911,122.0
P00272,leg1-climb,2271.118950007512,2280.9721083420973,直连,,84.7716886174435,122.0
P00278,leg1-climb,2271.118950007512,2280.9721083420973,直连,,84.7716886174435,122.0
P00011,leg1-cruise,2273.3120639712256,2278.131811407977,直连,,116.38194516997879,122.0
P00057,leg1-climb,2274.5315833458535,2284.3847416804388,直连,,89.31339396132412,122.0
P00011,leg1-cruise,2278.131811407977,2282.9515588447284,直连,,116.67827184437911,122.0
P00272,leg1-climb,2280.9721083420973,2290.8252666766825,直连,,86.14817323587165,122.0
P00278,leg1-climb,2280.9721083420973,2290.8252666766825,直连,,86.14817323587165,122.0
P00011,leg1-cruise,2282.9515588447284,2287.7713062814796,直连,,116.96492102877114,122.0
P00057,leg1-climb,2284.3847416804388,2294.237900015024,直连,,90.15543173420716,122.0
P00011,leg1-cruise,2287.7713062814796,2292.591053718231,直连,,117.24249887105061,122.0
P00272,leg1-climb,2290.8252666766825,2300.678425011268,直连,,87.33606765300618,122.0
P00278,leg1-climb,2290.8252666766825,2300.678425011268,直连,,87.33606765300618,122.0
P00011,leg1-cruise,2292.591053718231,2297.4108011549824,直连,,117.51155683097625,122.0
P00057,leg1-climb,2294.237900015024,2304.0910583496093,直连,,90.92300534208043,122.0
P00011,leg1-cruise,2297.4108011549824,2302.2305485917336,直连,,117.7725980048999,122.0
P00272,leg1-climb,2300.678425011268,2310.5315833458535,直连,,88.38087655041141,122.0
P00278,leg1-climb,2300.678425011268,2310.5315833458535,直连,,88.38087655041141,122.0
P00005,leg1-climb,2302.0,2311.0627127075195,直连,,58.81621869882936,122.0
P00011,leg1-cruise,2302.2305485917336,2307.050296028485,直连,,118.02608257073483,122.0
P00057,leg1-cruise,2304.0910583496093,2314.0336633890556,直连,,91.3977219543404,122.0
P00011,leg1-cruise,2307.050296028485,2311.8700434652364,直连,,118.27243249454028,122.0
P00272,leg1-climb,2310.5315833458535,2320.3847416804388,直连,,89.31339396132412,122.0
P00278,leg1-climb,2310.5315833458535,2320.3847416804388,直连,,89.31339396132412,122.0
P00005,leg1-climb,2311.0627127075195,2320.125425415039,直连,,62.967581480229086,122.0
P00011,leg1-cruise,2311.8700434652364,2316.689790901988,直连,,118.512035614574,122.0
P00057,leg1-cruise,2314.0336633890556,2319.0049659087786,直连,,91.95585665080296,122.0
P00011,leg1-cruise,2316.689790901988,2321.5095383387393,直连,,118.74524919821248,122.0
P00057,leg1-cruise,2319.0049659087786,2323.9762684285015,直连,,92.51662300149978,122.0
P00005,leg1-climb,2320.125425415039,2329.1881381225585,直连,,71.33379743766989,122.0
P00272,leg1-climb,2320.3847416804388,2330.237900015024,直连,,90.15543173420716,122.0
P00278,leg1-climb,2320.3847416804388,2330.237900015024,直连,,90.15543173420716,122.0
P00011,leg1-cruise,2321.5095383387393,2326.3292857754905,直连,,118.97240305066312,122.0
P00057,leg1-cruise,2323.9762684285015,2328.947570948225,直连,,93.16685158391465,122.0
P00011,leg1-cruise,2326.3292857754905,2331.1490332122416,直连,,119.19380224106185,122.0
P00057,leg1-cruise,2328.947570948225,2333.918873467948,直连,,93.86284467063948,122.0
P00005,leg1-climb,2329.1881381225585,2338.250850830078,直连,,75.51513358475091,122.0
P00272,leg1-climb,2330.237900015024,2340.0910583496093,直连,,90.92300534208043,122.0
P00278,leg1-climb,2330.237900015024,2340.0910583496093,直连,,90.92300534208043,122.0
P00011,leg1-cruise,2331.1490332122416,2335.968780648993,直连,,119.40972950070528,122.0
P00057,leg1-cruise,2333.918873467948,2338.890175987671,直连,,94.57315890127902,122.0
P00011,leg1-cruise,2335.968780648993,2340.7885280857445,直连,,119.62044733930797,122.0
P00005,leg1-climb,2338.250850830078,2347.313563537598,直连,,78.32578882182625,122.0
P00057,leg1-cruise,2338.890175987671,2343.861478507394,直连,,95.2773332901668,122.0
P00272,leg1-cruise,2340.0910583496093,2349.827923893,直连,,91.39307306443602,122.0
P00278,leg1-cruise,2340.0910583496093,2349.827923893,直连,,91.39307306443602,122.0
P00011,leg1-cruise,2340.7885280857445,2345.608275522496,直连,,119.8261999179041,122.0
P00057,leg1-cruise,2343.861478507394,2348.832781027117,直连,,95.96313254142076,122.0
P00011,leg1-cruise,2345.608275522496,2350.4280229592473,直连,,120.02721471102086,122.0
P00005,leg1-climb,2347.313563537598,2356.3762762451174,直连,,80.44587982316204,122.0
P00057,leg1-cruise,2348.832781027117,2353.80408354684,直连,,96.62390549690667,122.0
P00272,leg1-cruise,2349.827923893,2359.564789436391,直连,,92.18716110278613,122.0
P00278,leg1-cruise,2349.827923893,2359.564789436391,直连,,92.18716110278613,122.0
P00003,leg1-climb,2350.0,2358.6311549595425,直连,,57.022032010416005,122.0
P00011,leg1-descent,2350.4280229592473,2358.9776628518252,直连,,120.12444801078281,122.0
P00057,leg1-cruise,2353.80408354684,2363.7466885862864,直连,,97.56201655564054,122.0
P00005,leg1-climb,2356.3762762451174,2365.438988952637,直连,,82.14868303046629,122.0
P00003,leg1-climb,2358.6311549595425,2367.2623099190846,直连,,65.5559337732675,122.0
P00011,leg1-descent,2358.9776628518252,2367.5273027444036,直连,,120.12150523207133,122.0
P00272,leg1-cruise,2359.564789436391,2369.3016549797817,直连,,93.43938666207916,122.0
P00278,leg1-cruise,2359.564789436391,2369.3016549797817,直连,,93.43938666207916,122.0
P00057,leg1-cruise,2363.7466885862864,2373.6892936257327,直连,,98.71229849782284,122.0
P00005,leg1-climb,2365.438988952637,2374.5017016601564,直连,,83.57175599751194,122.0
P00003,leg1-climb,2367.2623099190846,2375.893464878627,直连,,73.06691391177228,122.0
P00011,leg1-descent,2367.5273027444036,2376.0769426369816,直连,,120.11881067904758,122.0
P00272,leg1-cruise,2369.3016549797817,2379.0385205231723,直连,,94.82472925816218,122.0
P00278,leg1-cruise,2369.3016549797817,2379.0385205231723,直连,,94.82472925816218,122.0
P00018,leg1-climb,2371.0,2380.314541965061,直连,,55.65795923119984,122.0
P00057,leg1-cruise,2373.6892936257327,2383.6318986651786,直连,,99.75535452156522,122.0
P00005,leg1-cruise,2374.5017016601564,2384.41306023674,直连,,85.04132949562796,122.0
P00003,leg1-climb,2375.893464878627,2384.5246198381697,直连,,77.03365564741476,122.0
P00011,S006-handoff,2376.0769426369816,2385.9277150221487,直连,,120.11755663365312,122.0
P00272,leg1-cruise,2379.0385205231723,2388.7753860665634,直连,,96.17335582161621,122.0
P00278,leg1-cruise,2379.0385205231723,2388.7753860665634,直连,,96.17335582161621,122.0
P00018,leg1-climb,2380.314541965061,2389.6290839301214,直连,,66.86922826520852,122.0
P00057,leg1-cruise,2383.6318986651786,2393.574503704625,直连,,100.70358577078225,122.0
P00005,leg1-cruise,2384.41306023674,2389.3687395250317,直连,,87.87471584473532,122.0
P00003,leg1-climb,2384.5246198381697,2393.155774797712,直连,,79.7466243690645,122.0
P00011,S006-handoff,2385.9277150221487,2395.7784874073163,直连,,120.11755663365312,122.0
P00272,leg1-cruise,2388.7753860665634,2398.512251609954,直连,,97.42386611674715,122.0
P00278,leg1-cruise,2388.7753860665634,2398.512251609954,直连,,97.42386611674715,122.0
P00005,leg1-cruise,2389.3687395250317,2394.324418813324,直连,,89.77149857146799,122.0
P00018,leg1-climb,2389.6290839301214,2398.9436258951823,直连,,74.00910738820309,122.0
P00003,leg1-climb,2393.155774797712,2401.7869297572543,直连,,81.81085065026684,122.0
P00057,leg1-cruise,2393.574503704625,2403.5171087440713,直连,,101.56954672666366,122.0
P00005,leg1-cruise,2394.324418813324,2399.2800981016157,直连,,91.45005320145656,122.0
P00011,S006-handoff,2395.7784874073163,2405.629259792484,直连,,120.11755663365312,122.0
P00272,leg1-cruise,2398.512251609954,2408.2491171533447,直连,,98.5640724659923,122.0
P00278,leg1-cruise,2398.512251609954,2408.2491171533447,直连,,98.5640724659923,122.0
P00018,leg1-climb,2398.9436258951823,2408.2581678602432,直连,,77.87411716140869,122.0
P00005,leg1-cruise,2399.2800981016157,2404.2357773899075,直连,,92.91354311270601,122.0
P00003,leg1-climb,2401.7869297572543,2410.418084716797,直连,,83.47748838814798,122.0
P00057,leg1-cruise,2403.5171087440713,2413.459713783517,直连,,102.3644658997012,122.0
P00005,leg1-cruise,2404.2357773899075,2409.1914566781998,直连,,94.19524990920738,122.0
P00011,S006-handoff,2405.629259792484,2415.480032177651,直连,,120.11755663365312,122.0
P00272,leg1-cruise,2408.2491171533447,2417.985982696736,直连,,99.60002068270131,122.0
P00278,leg1-cruise,2408.2491171533447,2417.985982696736,直连,,99.60002068270131,122.0
P00018,leg1-climb,2408.2581678602432,2417.5727098253037,直连,,80.53952980400848,122.0
P00005,leg1-cruise,2409.1914566781998,2414.1471359664915,直连,,95.32851138606992,122.0
P00003,leg1-cruise,2410.418084716797,2420.060647322646,直连,,85.00041041571998,122.0
P00057,leg1-cruise,2413.459713783517,2423.4023188229635,直连,,103.09793892331471,122.0
P00005,leg1-cruise,2414.1471359664915,2419.1028152547833,直连,,96.34077618903517,122.0
P00011,S006-handoff,2415.480032177651,2425.3308045628182,直连,,120.11755663365312,122.0
P00018,leg1-climb,2417.5727098253037,2426.8872517903646,直连,,82.57619955923667,122.0
P00272,leg1-cruise,2417.985982696736,2427.7228482401265,直连,,100.54310909466149,122.0
P00278,leg1-cruise,2417.985982696736,2427.7228482401265,直连,,100.54310909466149,122.0
P00005,leg1-cruise,2419.1028152547833,2424.058494543075,直连,,97.25357790943872,122.0
P00003,leg1-cruise,2420.060647322646,2424.881928625571,直连,,87.74008757095112,122.0
P00057,leg1-cruise,2423.4023188229635,2433.34492386241,直连,,103.7780268564983,122.0
P00005,leg1-cruise,2424.058494543075,2429.014173831367,直连,,98.0836713061026,122.0
P00003,leg1-cruise,2424.881928625571,2429.7032099284957,直连,,89.60028741611276,122.0
P00011,S006-handoff,2425.3308045628182,2435.181576947986,直连,,120.11755663365312,122.0
P00018,leg1-cruise,2426.8872517903646,2436.7719946856337,直连,,84.41588512374183,122.0
P00272,leg1-cruise,2427.7228482401265,2432.5912810118216,直连,,101.19669109591239,122.0
P00278,leg1-cruise,2427.7228482401265,2432.5912810118216,直连,,101.19669109591239,122.0
P00005,leg1-cruise,2429.014173831367,2433.9698531196586,直连,,98.84416562722254,122.0
P00003,leg1-cruise,2429.7032099284957,2434.52449123142,直连,,91.25728498407109,122.0
P00272,leg1-cruise,2432.5912810118216,2437.459713783517,直连,,101.60944609293651,122.0
P00278,leg1-cruise,2432.5912810118216,2437.459713783517,直连,,101.60944609293651,122.0
P00057,leg1-cruise,2433.34492386241,2443.2875289018557,直连,,104.4114697073244,122.0
P00005,leg1-cruise,2433.9698531196586,2438.9255324079504,直连,,99.54542615128923,122.0
P00003,leg1-cruise,2434.52449123142,2439.345772534345,直连,,92.70765205407807,122.0
P00011,S006-handoff,2435.181576947986,2445.0323493331534,直连,,120.11755663365312,122.0
P00018,leg1-cruise,2436.7719946856337,2441.714366133268,直连,,87.54813435010873,122.0
P00272,leg1-cruise,2437.459713783517,2447.1965793269082,直连,,102.19728216527203,122.0
P00278,leg1-cruise,2437.459713783517,2447.1965793269082,直连,,102.19728216527203,122.0
P00005,leg1-cruise,2438.9255324079504,2443.8812116962426,直连,,100.195747481718,122.0
P00003,leg1-cruise,2439.345772534345,2444.16705383727,直连,,93.98096882631938,122.0
P00018,leg1-cruise,2441.714366133268,2446.6567375809022,直连,,89.55458861321385,122.0
P00057,leg1-cruise,2443.2875289018557,2453.230133941302,直连,,105.00390952503749,122.0
P00005,leg1-cruise,2443.8812116962426,2448.8368909845344,直连,,100.80184772263418,122.0
P00003,leg1-cruise,2444.16705383727,2448.9883351401945,直连,,95.10860803803803,122.0
P00011,S006-handoff,2445.0323493331534,2454.8831217183206,直连,,120.11755663365312,122.0
P00018,leg1-cruise,2446.6567375809022,2451.599109028537,直连,,91.29607589309886,122.0
P00272,leg1-cruise,2447.1965793269082,2456.933444870299,直连,,102.92851563043321,122.0
P00278,leg1-cruise,2447.1965793269082,2456.933444870299,直连,,102.92851563043321,122.0
P00005,leg1-cruise,2448.8368909845344,2453.792570272826,直连,,101.36923114089815,122.0
P00003,leg1-cruise,2448.9883351401945,2453.809616443119,直连,,96.11694797450346,122.0
P00018,leg1-cruise,2451.599109028537,2456.5414804761713,直连,,92.79728400998879,122.0
P00057,leg1-cruise,2453.230133941302,2463.1727389807484,直连,,105.56008843461528,122.0
P00005,leg1-cruise,2453.792570272826,2458.748249561118,直连,,101.90245621576871,122.0
P00003,leg1-cruise,2453.809616443119,2458.630897746044,直连,,97.0269130497981,122.0
P00011,S006-handoff,2454.8831217183206,2464.7338941034877,直连,,120.11755663365312,122.0
P00018,leg1-cruise,2456.5414804761713,2461.4838519238056,直连,,94.10287622104532,122.0
P00272,leg1-cruise,2456.933444870299,2466.6703104136895,直连,,103.60683842533169,122.0
P00278,leg1-cruise,2456.933444870299,2466.6703104136895,直连,,103.60683842533169,122.0
P00003,leg1-cruise,2458.630897746044,2468.2734603518934,直连,,98.24228166730398,122.0
P00005,leg1-cruise,2458.748249561118,2463.7039288494097,直连,,102.40533578793242,122.0
P00018,leg1-cruise,2461.4838519238056,2466.42622337144,直连,,95.25204486937444,122.0
P00057,leg1-cruise,2463.1727389807484,2473.1153440201942,直连,,106.08401386535303,122.0
P00005,leg1-cruise,2463.7039288494097,2468.659608137702,直连,,102.88108821093913,122.0
P00011,S006-handoff,2464.7338941034877,2474.5846664886553,直连,,120.11755663365312,122.0
P00018,leg1-cruise,2466.42622337144,2471.368594819074,直连,,96.27536785277545,122.0
P00272,leg1-cruise,2466.6703104136895,2476.4071759570807,直连,,104.23886767178,122.0
P00278,leg1-cruise,2466.6703104136895,2476.4071759570807,直连,,104.23886767178,122.0
P00003,leg1-cruise,2468.2734603518934,2473.094741654818,直连,,99.3137840058712,122.0
P00005,leg1-cruise,2468.659608137702,2473.6152874259938,直连,,103.33245282403082,122.0
P00018,leg1-cruise,2471.368594819074,2476.310966266709,直连,,97.19613809538747,122.0
P00003,leg1-cruise,2473.094741654818,2477.916022957743,直连,,99.96310880923863,122.0
P00057,leg1-cruise,2473.1153440201942,2483.0579490596406,直连,,106.57909278769405,122.0
P00005,leg1-cruise,2473.6152874259938,2478.5709667142855,直连,,103.76177916818123,122.0
P00011,S006-handoff,2474.5846664886553,2484.435438873823,直连,,120.11755663365312,122.0
P00018,leg1-cruise,2476.310966266709,2481.253337714343,直连,,98.03214916551154,122.0
P00272,leg1-cruise,2476.4071759570807,2486.1440415004713,直连,,104.83015925410793,122.0
P00278,leg1-cruise,2476.4071759570807,2486.1440415004713,直连,,104.83015925410793,122.0
P00003,leg1-cruise,2477.916022957743,2482.7373042606678,直连,,100.5684053150664,122.0
P00005,leg1-cruise,2478.5709667142855,2483.5266460025773,直连,,104.17109666368817,122.0
P00018,leg1-cruise,2481.253337714343,2486.1957091619774,直连,,98.79715127122678,122.0
P00003,leg1-cruise,2482.7373042606678,2487.5585855635923,直连,,101.13513139205992,122.0
P00057,leg1-cruise,2483.0579490596406,2493.000554099087,直连,,107.04823958994866,122.0
P00005,leg1-cruise,2483.5266460025773,2488.482325290869,直连,,104.56216958668267,122.0
P00011,S006-handoff,2484.435438873823,2494.28621125899,直连,,120.11755663365312,122.0
P00272,leg1-cruise,2486.1440415004713,2495.880907043862,直连,,105.38539364056703,122.0
P00278,leg1-cruise,2486.1440415004713,2495.880907043862,直连,,105.38539364056703,122.0
P00018,leg1-cruise,2486.1957091619774,2491.138080609612,直连,,99.50192072680863,122.0
P00003,leg1-cruise,2487.5585855635923,2492.3798668665167,直连,,101.6678122054748,122.0
P00005,leg1-cruise,2488.482325290869,2493.4380045791613,直连,,104.93654086491672,122.0
P00018,leg1-cruise,2491.138080609612,2496.0804520572465,直连,,100.15502474011184,122.0
P00003,leg1-cruise,2492.3798668665167,2497.2011481694417,直连,,102.17023619899416,122.0
P00057,leg1-cruise,2493.000554099087,2502.943159138533,直连,,107.49396251071448,122.0
P00005,leg1-cruise,2493.4380045791613,2498.393683867453,直连,,105.29556728197691,122.0
P00011,S006-handoff,2494.28621125899,2504.136983644157,直连,,120.11755663365312,122.0
P00272,leg1-cruise,2495.880907043862,2505.617772587253,直连,,105.90853331112875,122.0
P00278,leg1-cruise,2495.880907043862,2505.617772587253,直连,,105.90853331112875,122.0
P00018,leg1-cruise,2496.0804520572465,2501.0228235048808,直连,,100.76336759457814,122.0
P00003,leg1-cruise,2497.2011481694417,2502.0224294723666,直连,,102.64560354146188,122.0
P00005,leg1-cruise,2498.393683867453,2503.349363155745,直连,,105.64044801469294,122.0
P00018,leg1-cruise,2501.0228235048808,2505.965194952515,直连,,101.3325840233935,122.0
P00003,leg1-cruise,2502.0224294723666,2506.843710775291,直连,,103.09663980166036,122.0
P00057,leg1-cruise,2502.943159138533,2512.885764177979,直连,,107.91843297338659,122.0
P00005,leg1-cruise,2503.349363155745,2508.3050424440366,直连,,105.97224794909665,122.0
P00011,S006-handoff,2504.136983644157,2513.987756029325,直连,,120.11755663365312,122.0
P00272,leg1-cruise,2505.617772587253,2515.3546381306437,直连,,106.40295190476706,122.0
P00278,leg1-cruise,2505.617772587253,2515.3546381306437,直连,,106.40295190476706,122.0
P00018,leg1-cruise,2505.965194952515,2510.9075664001493,直连,,101.86732602558743,122.0
P00003,leg1-cruise,2506.843710775291,2511.6649920782156,直连,,103.52568394309293,122.0
P00005,leg1-cruise,2508.3050424440366,2513.2607217323284,直连,,106.29191687120037,122.0
P00018,leg1-cruise,2510.9075664001493,2515.849937847784,直连,,102.37147483658536,122.0
P00003,leg1-cruise,2511.6649920782156,2516.4862733811406,直连,,103.9347571556319,122.0
P00057,leg1-cruise,2512.885764177979,2522.8283692174255,直连,,108.32354140135803,122.0
P00005,leg1-cruise,2513.2607217323284,2518.2164010206207,直连,,106.60030537168095,122.0
P00011,S006-handoff,2513.987756029325,2523.8385284144924,直连,,120.11755663365312,122.0
P00272,leg1-cruise,2515.3546381306437,2520.223070902339,直连,,106.75667146415641,122.0
P00278,leg1-cruise,2515.3546381306437,2520.223070902339,直连,,106.75667146415641,122.0
P00018,leg1-cruise,2515.849937847784,2520.7923092954184,直连,,102.84829973179815,122.0
P00003,leg1-cruise,2516.4862733811406,2526.1288359869895,直连,,104.51470549626528,122.0
P00005,leg1-cruise,2518.2164010206207,2523.1720803089124,直连,,106.89817811262363,122.0
P00272,leg1-cruise,2520.223070902339,2525.0915036740344,直连,,106.9849486443737,122.0
P00278,leg1-cruise,2520.223070902339,2525.0915036740344,直连,,106.9849486443737,122.0
P00018,leg1-cruise,2520.7923092954184,2525.7346807430526,直连,,103.30057857490301,122.0
P00057,leg1-cruise,2522.8283692174255,2532.7709742568713,直连,,108.71094236605431,122.0
P00005,leg1-cruise,2523.1720803089124,2528.127759597204,直连,,107.18622496115245,122.0
P00011,S006-handoff,2523.8385284144924,2533.6893007996596,直连,,120.11755663365312,122.0
P00272,leg1-cruise,2525.0915036740344,2529.95993644573,直连,,107.20753707763178,122.0
P00278,leg1-cruise,2525.0915036740344,2529.95993644573,直连,,107.20753707763178,122.0
P00018,leg1-cruise,2525.7346807430526,2530.6770521906874,直连,,103.73069047503738,122.0
P00003,leg1-cruise,2526.1288359869895,2530.9501172899145,直连,,105.05866395228679,122.0
P00005,leg1-cruise,2528.127759597204,2533.083438885496,直连,,117.46507038620575,122.0
P00272,leg1-cruise,2529.95993644573,2534.8283692174255,直连,,107.42470570058698,122.0
P00278,leg1-cruise,2529.95993644573,2534.8283692174255,直连,,107.42470570058698,122.0
P00018,leg1-cruise,2530.6770521906874,2535.6194236383217,直连,,104.14068784403898,122.0
P00003,leg1-cruise,2530.9501172899145,2535.771398592839,直连,,105.40339904545063,122.0
P00057,leg1-cruise,2532.7709742568713,2542.7135792963177,直连,,109.08209130635501,122.0
P00005,leg1-cruise,2533.083438885496,2538.0391181737878,直连,,117.7352814320554,122.0
P00011,S006-handoff,2533.6893007996596,2543.5400731848267,直连,,120.11755663365312,122.0
P00272,leg1-cruise,2534.8283692174255,2544.565234760816,直连,,107.74084071310003,122.0
P00278,leg1-cruise,2534.8283692174255,2544.565234760816,直连,,107.74084071310003,122.0
P00018,leg1-cruise,2535.6194236383217,2540.561795085956,直连,,104.53235304851825,122.0
P00003,leg1-cruise,2535.771398592839,2540.5926798957635,直连,,105.7350693727228,122.0
P00005,leg1-cruise,2538.0391181737878,2542.99479746208,直连,,117.99737451827853,122.0
P00018,leg1-cruise,2540.561795085956,2545.5041665335903,直连,,104.90724340472845,122.0
P00003,leg1-cruise,2540.5926798957635,2545.4139611986884,直连,,106.05462245631917,122.0
P00057,leg1-cruise,2542.7135792963177,2552.656184335764,直连,,109.43827456555468,122.0
P00005,leg1-cruise,2542.99479746208,2547.9504767503718,直连,,118.25182126659739,122.0
P00011,S006-handoff,2543.5400731848267,2553.3908455699943,直连,,120.11755663365312,122.0
P00272,leg1-cruise,2544.565234760816,2554.3021003042068,直连,,108.14559130798675,122.0
P00278,leg1-cruise,2544.565234760816,2554.3021003042068,直连,,108.14559130798675,122.0
P00003,leg1-cruise,2545.4139611986884,2550.2352425016134,直连,,106.36290700827696,122.0
P00018,leg1-cruise,2545.5041665335903,2550.4465379812245,直连,,105.26672725392801,122.0
P00005,leg1-cruise,2547.9504767503718,2552.9061560386635,直连,,118.49905351628793,122.0
P00003,leg1-cruise,2550.2352425016134,2555.056523804538,直连,,106.66068612129688,122.0
P00018,leg1-cruise,2550.4465379812245,2555.3889094288593,直连,,105.61201314129171,122.0
P00057,leg1-cruise,2552.656184335764,2562.59878937521,直连,,109.78063410610582,122.0
P00005,leg1-cruise,2552.9061560386635,2557.8618353269553,直连,,118.7394676595422,122.0
P00011,S006-handoff,2553.3908455699943,2563.241617955162,直连,,120.11755663365312,122.0
P00272,leg1-cruise,2554.3021003042068,2564.038965847598,直连,,108.53267994074108,122.0
P00278,leg1-cruise,2554.3021003042068,2564.038965847598,直连,,108.53267994074108,122.0
P00003,leg1-cruise,2555.056523804538,2559.8778051074623,直连,,106.94864834332445,122.0
P00018,leg1-cruise,2555.3889094288593,2560.3312808764936,直连,,115.9441736103502,122.0
P00005,leg1-cruise,2557.8618353269553,2562.817514615247,直连,,118.97342840406904,122.0
P00003,leg1-cruise,2559.8778051074623,2564.6990864103873,直连,,107.22741702802502,122.0
P00018,leg1-cruise,2560.3312808764936,2565.273652324128,直连,,116.26416475474683,122.0
P00057,leg1-cruise,2562.59878937521,2572.541394414656,直连,,110.1101879634497,122.0
P00005,leg1-cruise,2562.817514615247,2567.7731939035393,直连,,119.2012720511022,122.0
P00011,S006-handoff,2563.241617955162,2573.092390340329,直连,,120.11755663365312,122.0
P00272,leg1-cruise,2564.038965847598,2573.7758313909885,直连,,108.90355469752004,122.0
P00278,leg1-cruise,2564.038965847598,2573.7758313909885,直连,,108.90355469752004,122.0
P00003,leg1-cruise,2564.6990864103873,2574.3416490162367,直连,,117.6295565387082,122.0
P00018,leg1-cruise,2565.273652324128,2570.2160237717626,直连,,116.57284239822326,122.0
P00005,leg1-cruise,2567.7731939035393,2572.728873191831,直连,,119.4233093615336,122.0
P00018,leg1-cruise,2570.2160237717626,2575.158395219397,直连,,116.87097557345402,122.0
P00057,leg1-cruise,2572.541394414656,2582.4839994541026,直连,,110.42784726977006,122.0
P00005,leg1-cruise,2572.728873191831,2577.684552480123,直连,,119.6398280705808,122.0
P00011,S006-handoff,2573.092390340329,2582.943162725496,直连,,120.11755663365312,122.0
P00272,leg1-cruise,2573.7758313909885,2583.512696934379,直连,,109.25949598862675,122.0
P00278,leg1-cruise,2573.7758313909885,2583.512696934379,直连,,109.25949598862675,122.0
P00003,leg1-cruise,2574.3416490162367,2579.162930319161,直连,,118.01397619129874,122.0
P00018,leg1-cruise,2575.158395219397,2580.100766667031,直连,,117.1592578205096,122.0
P00005,leg1-cruise,2577.684552480123,2582.6402317684147,直连,,119.85109510131738,122.0
P00003,leg1-cruise,2579.162930319161,2583.984211622086,直连,,118.26115503353543,122.0
P00018,leg1-cruise,2580.100766667031,2585.0431381146655,直连,,117.43831671296462,122.0
P00057,leg1-cruise,2582.4839994541026,2592.4266044935484,直连,,110.73443050095415,122.0
P00005,leg1-cruise,2582.6402317684147,2587.5959110567064,直连,,120.05735851915853,122.0
P00011,S006-handoff,2582.943162725496,2592.793935110664,直连,,120.11755663365312,122.0
P00272,leg1-cruise,2583.512696934379,2593.2495624777703,直连,,109.60164094817978,122.0
P00278,leg1-cruise,2583.512696934379,2593.2495624777703,直连,,109.60164094817978,122.0
P00003,leg1-cruise,2583.984211622086,2588.805492925011,直连,,118.5015200837075,122.0
P00018,leg1-cruise,2585.0431381146655,2589.9855095622997,直连,,117.70872193359484,122.0
P00005,leg1-cruise,2587.5959110567064,2592.551590344998,直连,,120.25884926281324,122.0
P00003,leg1-cruise,2588.805492925011,2593.6267742279356,直连,,118.7354355981983,122.0
P00018,leg1-cruise,2589.9855095622997,2594.9278810099345,直连,,117.97099215579999,122.0
P00057,leg1-cruise,2592.4266044935484,2602.369209532995,直连,,111.03067546290862,122.0
P00005,leg1-cruise,2592.551590344998,2597.50726963329,直连,,120.45578268155663,122.0
P00011,S006-handoff,2592.793935110664,2602.6447074958314,直连,,120.11755663365312,122.0
P00272,leg1-cruise,2593.2495624777703,2602.986428021161,直连,,109.9310036511351,122.0
P00278,leg1-cruise,2593.2495624777703,2602.986428021161,直连,,109.9310036511351,122.0
P00003,leg1-cruise,2593.6267742279356,2598.44805553086,直连,,118.96323748434452,122.0
P00018,leg1-cruise,2594.9278810099345,2599.870252457569,直连,,118.22560093573581,122.0
P00005,leg1-cruise,2597.50726963329,2602.462948921582,直连,,120.6483599042434,122.0
P00003,leg1-cruise,2598.44805553086,2603.269336833785,直连,,119.18523615806177,122.0
P00018,leg1-cruise,2599.870252457569,2604.8126239052035,直连,,118.47298178048294,122.0
P00057,leg1-cruise,2602.369209532995,2612.311814572441,直连,,111.31724942725921,122.0
P00005,leg1-cruise,2602.462948921582,2607.418628209874,直连,,120.83676906158857,122.0
P00011,S006-handoff,2602.6447074958314,2612.4954798809986,直连,,120.11755663365312,122.0
P00272,leg1-cruise,2602.986428021161,2612.7232935645516,直连,,110.24849195714651,122.0
P00278,leg1-cruise,2602.986428021161,2612.7232935645516,直连,,110.24849195714651,122.0
P00003,leg1-cruise,2603.269336833785,2608.09061813671,直连,,119.40171905138473,122.0
P00018,leg1-cruise,2604.8126239052035,2609.754995352838,直连,,118.71353252627972,122.0
P00005,leg1-cruise,2607.418628209874,2612.3743074981658,直连,,121.02118638020661,122.0
P00003,leg1-cruise,2608.09061813671,2612.9118994396345,直连,,119.61295282007059,122.0
P00018,leg1-cruise,2609.754995352838,2614.697366800472,直连,,118.94761913616522,122.0
P00057,leg1-cruise,2612.311814572441,2622.254419611887,直连,,111.59475774386358,122.0
P00005,leg1-cruise,2612.3743074981658,2617.329986786458,直连,,121.2017771641235,122.0
P00011,S006-handoff,2612.4954798809986,2622.3462522661657,直连,,120.11755663365312,122.0
P00272,leg1-cruise,2612.7232935645516,2617.591726336247,直连,,110.47930945686893,122.0
P00278,leg1-cruise,2612.7232935645516,2617.591726336247,直连,,110.47930945686893,122.0
P00003,leg1-cruise,2612.9118994396345,2617.733180742559,直连,,119.8191852931278,122.0
P00018,leg1-descent,2614.697366800472,2623.447195725903,直连,,119.06064710468922,122.0
P00005,leg1-cruise,2617.329986786458,2622.2856660747498,直连,,121.37869667739787,122.0
P00272,leg1-cruise,2617.591726336247,2622.4601591079427,直连,,110.62988892903829,122.0
P00278,leg1-cruise,2617.591726336247,2622.4601591079427,直连,,110.62988892903829,122.0
P00003,leg1-cruise,2617.733180742559,2622.554462045484,直连,,120.0206471995668,122.0
P00057,leg1-cruise,2622.254419611887,2627.2257221316104,直连,,111.79727284726863,122.0
P00005,leg1-cruise,2622.2856660747498,2627.2413453630415,直连,,121.55209093952259,122.0
P00011,S006-handoff,2622.3462522661657,2632.1970246513333,直连,,120.11755663365312,122.0
P00272,leg1-cruise,2622.4601591079427,2632.1970246513333,直连,,110.85102816464499,122.0
P00278,leg1-cruise,2622.4601591079427,2632.1970246513333,直连,,110.85102816464499,122.0
P00003,leg1-cruise,2622.554462045484,2632.1970246513333,直连,,120.31436199820307,122.0
P00018,leg1-descent,2623.447195725903,2632.1970246513333,直连,,119.057641732233,122.0
P00057,leg1-cruise,2627.2257221316104,2632.1970246513333,直连,,111.92972897552966,122.0
P00005,leg1-cruise,2627.2413453630415,2632.1970246513333,直连,,121.72209744371725,122.0
P00003,leg1-cruise,2632.1970246513333,2632.2580236292333,直连,,120.50599970109769,122.0
P00005,leg1-cruise,2632.1970246513333,2632.2580236292333,直连,,121.8068972359396,122.0
P00011,S006-handoff,2632.1970246513333,2632.2580236292333,直连,,120.11755663365312,122.0
P00018,leg1-descent,2632.1970246513333,2632.2580236292333,直连,,119.0563257299381,122.0
P00057,leg1-cruise,2632.1970246513333,2632.2580236292333,直连,,111.9960140885758,122.0
P00272,leg1-cruise,2632.1970246513333,2632.2580236292333,直连,,110.99631782878083,122.0
P00278,leg1-cruise,2632.1970246513333,2632.2580236292333,直连,,110.99631782878083,122.0
P00003,leg1-cruise,2632.2580236292333,2636.7475715113133,直连,,120.5944368594741,122.0
P00005,leg1-cruise,2632.2580236292333,2641.2371193933936,中继,RU-003,121.95765127280745,122.0
P00011,S006-handoff,2632.2580236292333,2641.2371193933936,直连,,120.11755663365312,122.0
P00018,leg1-descent,2632.2580236292333,2640.1300462890713,直连,,119.05525394632575,122.0
P00057,leg1-cruise,2632.2580236292333,2641.2371193933936,中继,RU-003,112.11384411839512,122.0
P00272,leg1-cruise,2632.2580236292333,2641.2371193933936,直连,,111.12827116116134,122.0
P00278,leg1-cruise,2632.2580236292333,2641.2371193933936,直连,,111.12827116116134,122.0
P00003,leg1-cruise,2636.7475715113133,2641.2371193933936,直连,,120.76634821977908,122.0
P00018,leg1-descent,2640.1300462890713,2648.0020689489097,直连,,119.05344460209619,122.0
P00003,leg1-cruise,2641.2371193933936,2650.216215157554,直连,,121.01801235916123,122.0
P00005,leg1-cruise,2641.2371193933936,2650.216215157554,中继,RU-003,122.24959171959301,122.0
P00011,S006-handoff,2641.2371193933936,2650.216215157554,直连,,120.11755663365312,122.0
P00057,leg1-cruise,2641.2371193933936,2650.216215157554,中继,RU-003,122.34331351229245,122.0
P00272,leg1-cruise,2641.2371193933936,2650.216215157554,直连,,111.38465462368767,122.0
P00278,leg1-cruise,2641.2371193933936,2650.216215157554,直连,,111.38465462368767,122.0
P00018,S011-handoff,2648.0020689489097,2654.726181527898,直连,,119.05269852342448,122.0
P00003,leg1-cruise,2650.216215157554,2654.705763039634,直连,,121.26260382605504,122.0
P00005,leg1-cruise,2650.216215157554,2654.705763039634,中继,RU-003,122.46229223996562,122.0
P00011,S006-handoff,2650.216215157554,2659.195310921714,直连,,120.11755663365312,122.0
P00057,leg1-cruise,2650.216215157554,2659.195310921714,中继,RU-003,122.56692121867202,122.0
P00272,leg1-cruise,2650.216215157554,2659.195310921714,直连,,111.6337566750658,122.0
P00278,leg1-cruise,2650.216215157554,2659.195310921714,直连,,111.6337566750658,122.0
P00003,leg1-cruise,2654.705763039634,2659.195310921714,直连,,121.42192742859069,122.0
P00005,leg1-cruise,2654.705763039634,2659.195310921714,中继,RU-003,122.60125702481278,122.0
P00018,S011-handoff,2654.726181527898,2661.450294106886,直连,,119.05269852342448,122.0
P00003,leg1-cruise,2659.195310921714,2668.174406685874,直连,,121.65557345778245,122.0
P00005,leg1-cruise,2659.195310921714,2663.6848588037938,中继,RU-003,122.73803652802513,122.0
P00011,S006-handoff,2659.195310921714,2668.174406685874,直连,,120.11755663365312,122.0
P00057,leg1-cruise,2659.195310921714,2668.174406685874,中继,RU-003,122.78495705909057,122.0
P00272,leg1-cruise,2659.195310921714,2663.6848588037938,直连,,111.81604568052403,122.0
P00278,leg1-cruise,2659.195310921714,2663.6848588037938,直连,,111.81604568052403,122.0
P00018,S011-handoff,2661.450294106886,2668.174406685874,直连,,119.05269852342448,122.0
P00005,leg1-cruise,2663.6848588037938,2668.174406685874,中继,RU-003,122.87269832069681,122.0
P00272,leg1-cruise,2663.6848588037938,2668.174406685874,直连,,111.93549867506503,122.0
P00278,leg1-cruise,2663.6848588037938,2668.174406685874,直连,,111.93549867506503,122.0
P00003,leg1-cruise,2668.174406685874,2668.1970246513333,直连,,121.80830368202426,122.0
P00005,leg1-cruise,2668.174406685874,2668.1970246513333,中继,RU-003,122.9395893661688,122.0
P00011,S006-handoff,2668.174406685874,2668.1970246513333,直连,,120.11755663365312,122.0
P00018,S011-handoff,2668.174406685874,2668.1970246513333,直连,,119.05269852342448,122.0
P00057,leg1-cruise,2668.174406685874,2668.1970246513333,中继,RU-003,122.89223826644155,122.0
P00272,leg1-cruise,2668.174406685874,2668.1970246513333,直连,,111.99491677984668,122.0
P00278,leg1-cruise,2668.174406685874,2668.1970246513333,直连,,111.99491677984668,122.0
P00003,leg1-cruise,2668.1970246513333,2673.1534057892786,直连,,121.89164380030007,122.0
P00005,leg1-cruise,2668.1970246513333,2673.0063082600177,中继,RU-003,123.01065447906848,122.0
P00011,S006-handoff,2668.1970246513333,2677.6406535591195,直连,,120.11755663365312,122.0
P00018,S011-handoff,2668.1970246513333,2678.188163028496,直连,,119.05269852342448,122.0
P00057,leg1-cruise,2668.1970246513333,2675.053537249949,中继,RU-003,122.9733447856849,122.0
P00272,leg1-cruise,2668.1970246513333,2678.1396296907797,中继,RU-003,112.12473228991843,122.0
P00278,leg1-cruise,2668.1970246513333,2678.1396296907797,中继,RU-003,112.12473228991843,122.0
P00005,leg1-cruise,2673.0063082600177,2677.815591868702,中继,RU-003,123.15041399090262,122.0
P00003,leg1-cruise,2673.1534057892786,2678.1097869272244,中继,RU-003,122.05522718206434,122.0
P00057,leg1-cruise,2675.053537249949,2681.910049848564,中继,RU-003,123.13281395725905,122.0
P00011,S006-handoff,2677.6406535591195,2687.0842824669057,直连,,120.11755663365312,122.0
P00005,leg1-cruise,2677.815591868702,2682.624875477386,中继,RU-003,123.28796297223815,122.0
P00003,leg1-cruise,2678.1097869272244,2683.0661680651697,中继,RU-003,122.21579139497398,122.0
P00272,leg1-cruise,2678.1396296907797,2688.0822347302255,中继,RU-003,122.37816071269854,122.0
P00278,leg1-cruise,2678.1396296907797,2688.0822347302255,中继,RU-003,122.37816071269854,122.0
P00018,S011-handoff,2678.188163028496,2688.1793014056584,直连,,119.05269852342448,122.0
P00057,leg1-descent,2681.910049848564,2691.2513741370685,中继,RU-003,123.20971331785198,122.0
P00005,leg1-cruise,2682.624875477386,2687.4341590860704,中继,RU-003,123.42337017665677,122.0
P00003,leg1-cruise,2683.0661680651697,2688.022549203115,中继,RU-003,122.37344569575004,122.0
P00011,S006-handoff,2687.0842824669057,2696.527911374692,直连,,120.11755663365312,122.0
P00005,leg1-cruise,2687.4341590860704,2692.243442694755,中继,RU-003,123.55670120292197,122.0
P00003,leg1-cruise,2688.022549203115,2692.9789303410607,中继,RU-003,122.52829352459523,122.0
P00272,leg1-cruise,2688.0822347302255,2693.053537249949,中继,RU-003,122.56353048289833,122.0
P00278,leg1-cruise,2688.0822347302255,2693.053537249949,中继,RU-003,122.56353048289833,122.0
P00018,S011-handoff,2688.1793014056584,2698.170439782821,直连,,119.05269852342448,122.0
P00057,leg1-descent,2691.2513741370685,2700.592698425573,中继,RU-003,123.20636803012714,122.0
P00005,leg1-cruise,2692.243442694755,2697.052726303439,中继,RU-003,123.68801868487698,122.0
P00003,leg1-cruise,2692.9789303410607,2697.935311479006,中继,RU-003,122.68043291027534,122.0
P00272,leg1-cruise,2693.053537249949,2698.024839769672,中继,RU-003,122.68496417837505,122.0
P00278,leg1-cruise,2693.053537249949,2698.024839769672,中继,RU-003,122.68496417837505,122.0
P00011,S006-handoff,2696.527911374692,2705.971540282478,直连,,120.11755663365312,122.0
P00005,leg1-cruise,2697.052726303439,2701.8620099121235,中继,RU-003,123.81738246726337,122.0
P00003,leg1-cruise,2697.935311479006,2702.8916926169513,中继,RU-003,122.82995684058915,122.0
P00272,leg1-cruise,2698.024839769672,2707.9674448091178,中继,RU-003,122.8640116044638,122.0
P00278,leg1-cruise,2698.024839769672,2707.9674448091178,中继,RU-003,122.8640116044638,122.0
P00018,S011-handoff,2698.170439782821,2708.1615781599835,直连,,119.05269852342448,122.0
P00057,leg1-descent,2700.592698425573,2709.9340227140774,中继,RU-003,123.20324957776361,122.0
P00005,leg1-cruise,2701.8620099121235,2706.671293520808,中继,RU-003,123.94484976873582,122.0
P00003,leg1-cruise,2702.8916926169513,2707.848073754897,中继,RU-003,122.97695360171755,122.0
P00011,S006-handoff,2705.971540282478,2715.4151691902644,直连,,120.11755663365312,122.0
P00005,leg1-cruise,2706.671293520808,2711.4805771294923,中继,RU-003,124.07047533312242,122.0
P00003,leg1-cruise,2707.848073754897,2712.8044548928424,中继,RU-003,123.12150708951891,122.0
P00272,leg1-cruise,2707.9674448091178,2717.910049848564,中继,RU-003,123.09717847970231,122.0
P00278,leg1-cruise,2707.9674448091178,2717.910049848564,中继,RU-003,123.09717847970231,122.0
P00018,S011-handoff,2708.1615781599835,2718.1527165371463,直连,,119.05269852342448,122.0
P00057,leg1-descent,2709.9340227140774,2719.275347002582,中继,RU-003,123.2003584515223,122.0
P00005,leg1-cruise,2711.4805771294923,2716.2898607381762,中继,RU-003,124.19431156998823,122.0
P00003,leg1-cruise,2712.8044548928424,2717.7608360307877,中继,RU-003,123.26369709551855,122.0
P00011,S006-handoff,2715.4151691902644,2724.8587980980506,直连,,120.11755663365312,122.0
P00005,leg1-cruise,2716.2898607381762,2725.908427955545,中继,RU-003,124.37682018943117,122.0
P00003,leg1-cruise,2717.7608360307877,2722.7172171687334,中继,RU-003,123.40359957001316,122.0
P00272,leg1-descent,2717.910049848564,2727.2513741370685,中继,RU-003,123.20971331785198,122.0
P00278,leg1-descent,2717.910049848564,2727.2513741370685,中继,RU-003,123.20971331785198,122.0
P00018,S011-handoff,2718.1527165371463,2728.1438549143086,直连,,119.05269852342448,122.0
P00057,leg1-descent,2719.275347002582,2728.6166712910863,中继,RU-003,123.19769510712479,122.0
P00003,leg1-cruise,2722.7172171687334,2727.6735983066787,中继,RU-003,123.54128686444476,122.0
P00011,S006-handoff,2724.8587980980506,2734.3024270058368,直连,,120.11755663365312,122.0
P00005,leg1-cruise,2725.908427955545,2730.7177115642294,中继,RU-003,124.55557607981521,122.0
P00272,leg1-descent,2727.2513741370685,2736.592698425573,中继,RU-003,123.20636803012714,122.0
P00278,leg1-descent,2727.2513741370685,2736.592698425573,中继,RU-003,123.20636803012714,122.0
P00003,leg1-cruise,2727.6735983066787,2732.629979444624,中继,RU-003,123.6768279549819,122.0
P00018,S011-handoff,2728.1438549143086,2738.1349932914713,直连,,119.05269852342448,122.0
P00057,leg1-descent,2728.6166712910863,2737.9579955795907,中继,RU-003,123.1952599650152,122.0
P00005,leg1-cruise,2730.7177115642294,2735.5269951729138,中继,RU-003,124.67273680783113,122.0
P00003,leg1-cruise,2732.629979444624,2737.5863605825693,中继,RU-003,123.8102886490226,122.0
P00011,S006-handoff,2734.3024270058368,2743.746055913623,直连,,120.11755663365312,122.0
P00005,leg1-cruise,2735.5269951729138,2740.3362787815977,中继,RU-003,124.78833951676785,122.0
P00272,leg1-descent,2736.592698425573,2745.9340227140774,中继,RU-003,123.20324957776361,122.0
P00278,leg1-descent,2736.592698425573,2745.9340227140774,中继,RU-003,123.20324957776361,122.0
P00003,leg1-cruise,2737.5863605825693,2742.5427417205146,中继,RU-003,123.94173177615727,122.0
P00057,leg1-descent,2737.9579955795907,2747.299319868095,中继,RU-003,123.1930534101401,122.0
P00018,S011-handoff,2738.1349932914713,2748.1261316686337,直连,,119.05269852342448,122.0
P00005,leg1-cruise,2740.3362787815977,2745.145562390282,中继,RU-003,124.90242506450976,122.0
P00003,leg1-cruise,2742.5427417205146,2747.4991228584604,中继,RU-003,124.07121736497444,122.0
P00011,S006-handoff,2743.746055913623,2753.189684821409,直连,,120.11755663365312,122.0
P00005,leg1-cruise,2745.145562390282,2749.9548459989664,中继,RU-003,125.01503272386827,122.0
P00272,leg1-descent,2745.9340227140774,2755.275347002582,中继,RU-003,123.2003584515223,122.0
P00278,leg1-descent,2745.9340227140774,2755.275347002582,中继,RU-003,123.2003584515223,122.0
P00057,S007-handoff,2747.299319868095,2757.299319868095,中继,RU-003,123.19203596345481,122.0
P00003,leg1-cruise,2747.4991228584604,2752.455503996406,中继,RU-003,124.19880280695486,122.0
P00018,S011-handoff,2748.1261316686337,2758.1172700457964,直连,,119.05269852342448,122.0
P00005,leg1-cruise,2749.9548459989664,2754.764129607651,中继,RU-003,125.12620026345039,122.0
P00003,leg1-cruise,2752.455503996406,2757.4118851343515,中继,RU-003,124.32454300855537,122.0
P00011,S006-handoff,2753.189684821409,2762.6333137291954,直连,,120.11755663365312,122.0
P00005,leg1-cruise,2754.764129607651,2764.3826968250196,中继,RU-003,125.29033046942729,122.0
P00272,leg1-descent,2755.275347002582,2764.6166712910863,中继,RU-003,123.19769510712479,122.0
P00278,leg1-descent,2755.275347002582,2764.6166712910863,中继,RU-003,123.19769510712479,122.0
P00057,S007-handoff,2757.299319868095,2767.299319868095,中继,RU-003,123.19203596345481,122.0
P00003,leg1-cruise,2757.4118851343515,2762.3682662722968,中继,RU-003,124.44849053250151,122.0
P00018,S011-handoff,2758.1172700457964,2768.1084084229587,直连,,119.05269852342448,122.0
P00003,leg1-cruise,2762.3682662722968,2767.324647410242,中继,RU-003,124.5706957291849,122.0
P00011,S006-handoff,2762.6333137291954,2772.0769426369816,直连,,120.11755663365312,122.0
P00005,leg1-cruise,2764.3826968250196,2769.191980433704,中继,RU-003,125.4514188455583,122.0
P00272,leg1-descent,2764.6166712910863,2773.9579955795907,中继,RU-003,123.1952599650152,122.0
P00278,leg1-descent,2764.6166712910863,2773.9579955795907,中继,RU-003,123.1952599650152,122.0
P00057,S007-handoff,2767.299319868095,2777.299319868095,中继,RU-003,123.19203596345481,122.0
P00003,leg1-cruise,2767.324647410242,2772.2810285481874,中继,RU-003,124.69120685899125,122.0
P00018,S011-handoff,2768.1084084229587,2778.0995468001215,直连,,119.05269852342448,122.0
P00005,leg1-cruise,2769.191980433704,2774.001264042388,中继,RU-003,125.55717606419671,122.0
P00011,leg2-climb,2772.0769426369816,2778.9166545510443,直连,,120.11881067904758,122.0
P00003,leg1-cruise,2772.2810285481874,2777.237409686133,中继,RU-003,124.81007020629039,122.0
P00272,leg1-descent,2773.9579955795907,2783.299319868095,中继,RU-003,123.1930534101401,122.0
P00278,leg1-descent,2773.9579955795907,2783.299319868095,中继,RU-003,123.1930534101401,122.0
P00005,leg1-cruise,2774.001264042388,2778.8105476510723,中继,RU-003,125.66166193791148,122.0
P00003,leg1-cruise,2777.237409686133,2782.1937908240784,中继,RU-003,124.92733018577316,122.0
P00057,S007-handoff,2777.299319868095,2787.299319868095,中继,RU-003,123.19203596345481,122.0
P00018,S011-handoff,2778.0995468001215,2788.0906851772843,直连,,119.05269852342448,122.0
P00005,leg1-cruise,2778.8105476510723,2783.6198312597567,中继,RU-003,125.76490664834998,122.0
P00011,leg2-climb,2778.9166545510443,2785.7563664651066,直连,,120.12150523207133,122.0
P00003,leg1-cruise,2782.1937908240784,2787.1501719620237,中继,RU-003,125.04302944173133,122.0
P00272,S007-handoff,2783.299319868095,2793.299319868095,中继,RU-003,123.19203596345481,122.0
P00278,S007-handoff,2783.299319868095,2793.299319868095,中继,RU-003,123.19203596345481,122.0
P00005,leg1-cruise,2783.6198312597567,2788.429114868441,中继,RU-003,125.86693931572113,122.0
P00011,leg2-climb,2785.7563664651066,2792.5960783791693,直连,,120.12444801078281,122.0
P00003,leg1-cruise,2787.1501719620237,2792.1065530999695,中继,RU-003,125.15720894083987,122.0
P00057,S007-handoff,2787.299319868095,2797.299319868095,中继,RU-003,123.19203596345481,122.0
P00018,S011-handoff,2788.0906851772843,2798.0818235544466,直连,,119.05269852342448,122.0
P00005,leg1-cruise,2788.429114868441,2793.2383984771254,中继,RU-003,125.96778804796907,122.0
P00003,leg1-cruise,2792.1065530999695,2797.0629342379148,中继,RU-003,125.26990805894637,122.0
P00011,leg2-cruise,2792.5960783791693,2797.4158258159205,直连,,120.02721471102086,122.0
P00005,leg1-cruise,2793.2383984771254,2798.0476820858094,中继,RU-003,126.06747998711221,122.0
P00272,S007-handoff,2793.299319868095,2803.299319868095,中继,RU-003,123.19203596345481,122.0
P00278,S007-handoff,2793.299319868095,2803.299319868095,中继,RU-003,123.19203596345481,122.0
P00003,leg1-cruise,2797.0629342379148,2802.01931537586,中继,RU-003,125.38116466232465,122.0
P00057,S007-handoff,2797.299319868095,2807.299319868095,中继,RU-003,123.19203596345481,122.0
P00011,leg2-cruise,2797.4158258159205,2802.235573252672,直连,,119.8261999179041,122.0
P00005,leg1-cruise,2798.0476820858094,2802.8569656944937,中继,RU-003,126.16604135298329,122.0
P00018,S011-handoff,2798.0818235544466,2808.0729619316094,直连,,119.05269852342448,122.0
P00003,leg1-cruise,2802.01931537586,2806.975696513806,中继,RU-003,125.49101518380556,122.0
P00011,leg2-cruise,2802.235573252672,2807.0553206894238,直连,,119.62044733930797,122.0
P00005,leg1-cruise,2802.8569656944937,2807.666249303178,中继,RU-003,126.26349748450328,122.0
P00272,S007-handoff,2803.299319868095,2813.299319868095,中继,RU-003,123.19203596345481,122.0
P00278,S007-handoff,2803.299319868095,2813.299319868095,中继,RU-003,123.19203596345481,122.0
P00003,leg1-cruise,2806.975696513806,2811.932077651751,中继,RU-003,125.59949469417649,122.0
P00011,leg2-cruise,2807.0553206894238,2811.875068126175,直连,,119.40972950070528,122.0
P00057,S007-handoff,2807.299319868095,2817.299319868095,中继,RU-003,123.19203596345481,122.0
P00005,leg1-cruise,2807.666249303178,2812.4755329118625,中继,RU-003,126.35987287868409,122.0
P00018,S011-handoff,2808.0729619316094,2818.0641003087717,直连,,119.05269852342448,122.0
P00011,leg2-cruise,2811.875068126175,2816.694815562926,直连,,119.19380224106185,122.0
P00003,leg1-cruise,2811.932077651751,2816.8884587896964,中继,RU-003,125.70663696919037,122.0
P00005,leg1-cruise,2812.4755329118625,2817.284816520547,中继,RU-003,126.45519122750198,122.0
P00272,S007-handoff,2813.299319868095,2823.299319868095,中继,RU-003,123.19203596345481,122.0
P00278,S007-handoff,2813.299319868095,2823.299319868095,中继,RU-003,123.19203596345481,122.0
P00011,leg2-cruise,2816.694815562926,2821.5145629996773,直连,,118.97240305066312,122.0
P00003,leg1-cruise,2816.8884587896964,2821.844839927642,中继,RU-003,125.81247455250916,122.0
P00005,leg1-cruise,2817.284816520547,2822.0941001292313,中继,RU-003,126.5494754527582,122.0
P00057,S007-handoff,2817.299319868095,2827.299319868095,中继,RU-003,123.19203596345481,122.0
P00018,S011-handoff,2818.0641003087717,2828.0552386859345,直连,,119.05269852342448,122.0
P00011,leg2-cruise,2821.5145629996773,2826.3343104364285,直连,,118.74524919821248,122.0
P00003,leg1-cruise,2821.844839927642,2826.8012210655875,中继,RU-003,125.91703881486936,122.0
P00005,leg1-cruise,2822.0941001292313,2826.9033837379156,中继,RU-003,126.64274773909423,122.0
P00272,S007-handoff,2823.299319868095,2833.299319868095,中继,RU-003,123.19203596345481,122.0
P00278,S007-handoff,2823.299319868095,2833.299319868095,中继,RU-003,123.19203596345481,122.0
P00011,leg2-cruise,2826.3343104364285,2831.15405787318,直连,,118.512035614574,122.0
P00003,leg1-cruise,2826.8012210655875,2831.7576022035328,中继,RU-003,126.02036000974016,122.0
P00005,leg1-cruise,2826.9033837379156,2831.7126673465996,中继,RU-003,126.73502956524266,122.0
P00057,S007-handoff,2827.299319868095,2837.299319868095,中继,RU-003,123.19203596345481,122.0
P00018,S011-handoff,2828.0552386859345,2838.0463770630968,直连,,119.05269852342448,122.0
P00011,leg2-cruise,2831.15405787318,2835.973805309932,直连,,118.27243249454028,122.0
P00005,leg1-cruise,2831.7126673465996,2836.521950955284,中继,RU-003,126.82634173364758,122.0
P00003,leg1-cruise,2831.7576022035328,2836.7139833414785,中继,RU-003,126.12246732572538,122.0
P00272,S007-handoff,2833.299319868095,2843.299319868095,中继,RU-003,123.19203596345481,122.0
P00278,S007-handoff,2833.299319868095,2843.299319868095,中继,RU-003,123.19203596345481,122.0
P00011,leg2-cruise,2835.973805309932,2840.793552746683,直连,,118.02608257073483,122.0
P00005,leg1-cruise,2836.521950955284,2841.3312345639683,中继,RU-003,126.91670439854495,122.0
P00003,leg1-cruise,2836.7139833414785,2841.670364479424,中继,RU-003,126.22338893592473,122.0
P00057,S007-handoff,2837.299319868095,2847.299319868095,中继,RU-003,123.19203596345481,122.0
P00018,S011-handoff,2838.0463770630968,2848.0375154402595,直连,,119.05269852342448,122.0
P00011,leg2-cruise,2840.793552746683,2845.613300183434,直连,,117.7725980048999,122.0
P00005,leg1-cruise,2841.3312345639683,2846.1405181726527,中继,RU-003,127.00613709260628,122.0
P00003,leg1-cruise,2841.670364479424,2846.626745617369,中继,RU-003,126.32315204447363,122.0
P00272,S007-handoff,2843.299319868095,2853.299319868095,中继,RU-003,123.19203596345481,122.0
P00278,S007-handoff,2843.299319868095,2853.299319868095,中继,RU-003,123.19203596345481,122.0
P00011,leg2-cruise,2845.613300183434,2850.433047620186,直连,,117.51155683097625,122.0
P00005,leg1-cruise,2846.1405181726527,2850.949801781337,中继,RU-003,127.09465875222062,122.0
P00003,leg1-cruise,2846.626745617369,2851.583126755315,中继,RU-003,126.42178293044893,122.0
P00057,S007-handoff,2847.299319868095,2857.299319868095,中继,RU-003,123.19203596345481,122.0
P00018,S011-handoff,2848.0375154402595,2858.028653817422,直连,,119.05269852342448,122.0
P00011,leg2-cruise,2850.433047620186,2855.252795056937,直连,,117.24249887105061,122.0
P00005,leg1-cruise,2850.949801781337,2855.759085390021,中继,RU-003,127.18228774150907,122.0
P00003,leg1-cruise,2851.583126755315,2856.53950789326,中继,RU-003,126.51930698931307,122.0
P00272,S007-handoff,2853.299319868095,2863.299319868095,中继,RU-003,123.19203596345481,122.0
P00278,S007-handoff,2853.299319868095,2863.299319868095,中继,RU-003,123.19203596345481,122.0
P00011,leg2-cruise,2855.252795056937,2860.072542493688,直连,,116.96492102877114,122.0
P00005,leg1-cruise,2855.759085390021,2860.5683689987054,中继,RU-003,127.26904187514629,122.0
P00003,leg1-cruise,2856.53950789326,2861.4958890312055,中继,RU-003,126.61574877206833,122.0
P00057,S007-handoff,2857.299319868095,2867.299319868095,中继,RU-003,123.19203596345481,122.0
P00018,S011-handoff,2858.028653817422,2868.0197921945846,直连,,119.05269852342448,122.0
P00011,leg2-cruise,2860.072542493688,2864.89228993044,直连,,116.67827184437911,122.0
P00005,leg1-cruise,2860.5683689987054,2865.37765260739,中继,RU-003,127.35493844004841,122.0
P00003,leg1-cruise,2861.4958890312055,2866.4522701691512,中继,RU-003,126.7111320222667,122.0
P00272,S007-handoff,2863.299319868095,2873.299319868095,中继,RU-003,123.19203596345481,122.0
P00278,S007-handoff,2863.299319868095,2873.299319868095,中继,RU-003,123.19203596345481,122.0
P00011,leg2-cruise,2864.89228993044,2869.712037367191,直连,,116.38194516997879,122.0
P00005,leg1-cruise,2865.37765260739,2870.186936216074,中继,RU-003,127.43999421600755,122.0
P00003,leg1-cruise,2866.4522701691512,2871.4086513070965,中继,RU-003,126.80547971101382,122.0
P00057,S007-handoff,2867.299319868095,2877.299319868095,中继,RU-003,123.19203596345481,122.0
P00018,S011-handoff,2868.0197921945846,2878.010930571747,直连,,119.05269852342448,122.0
P00011,leg2-cruise,2869.712037367191,2874.531784803942,直连,,116.07527279164911,122.0
P00005,leg1-descent,2870.186936216074,2879.1323616311133,中继,RU-003,127.48199166464359,122.0
P00003,leg1-cruise,2871.4086513070965,2876.365032445042,中继,RU-003,126.89881407009695,122.0
P00272,S007-handoff,2873.299319868095,2883.299319868095,中继,RU-003,123.19203596345481,122.0
P00278,S007-handoff,2873.299319868095,2883.299319868095,中继,RU-003,123.19203596345481,122.0
P00011,leg2-cruise,2874.531784803942,2879.351532240694,直连,,115.7575157846188,122.0
P00003,leg1-cruise,2876.365032445042,2881.3214135829876,中继,RU-003,126.99115662336088,122.0
P00057,S007-handoff,2877.299319868095,2887.299319868095,中继,RU-003,123.19203596345481,122.0
P00018,S011-handoff,2878.010930571747,2888.0020689489097,直连,,119.05269852342448,122.0
P00005,leg1-descent,2879.1323616311133,2888.0777870461525,中继,RU-003,127.4815888297683,122.0
P00011,leg2-cruise,2879.351532240694,2884.1712796774455,直连,,115.42785433653322,122.0
P00003,leg1-cruise,2881.3214135829876,2886.277794720933,中继,RU-003,127.082528216432,122.0
P00272,S007-handoff,2883.299319868095,2893.299319868095,中继,RU-003,123.19203596345481,122.0
P00278,S007-handoff,2883.299319868095,2893.299319868095,中继,RU-003,123.19203596345481,122.0
P00011,leg2-cruise,2884.1712796774455,2888.9910271141966,直连,,115.0853757085894,122.0
P00003,leg1-cruise,2886.277794720933,2891.234175858878,中继,RU-003,127.17294904490379,122.0
P00057,S007-handoff,2887.299319868095,2897.299319868095,中继,RU-003,123.19203596345481,122.0
P00018,leg2-climb,2888.0020689489097,2897.2533751012534,直连,,119.05378128032615,122.0
P00005,leg1-descent,2888.0777870461525,2897.023212461191,中继,RU-003,127.48123623548668,122.0
P00011,leg2-cruise,2888.9910271141966,2893.810774550948,直连,,114.72905992071485,122.0
P00003,leg1-cruise,2891.234175858878,2896.1905569968235,中继,RU-003,127.26243868107159,122.0
P00272,S007-handoff,2893.299319868095,2903.299319868095,中继,RU-003,123.19203596345481,122.0
P00278,S007-handoff,2893.299319868095,2903.299319868095,中继,RU-003,123.19203596345481,122.0
P00011,leg2-cruise,2893.810774550948,2898.6305219876995,直连,,114.35776263932149,122.0
P00003,leg1-cruise,2896.1905569968235,2901.146938134769,中继,RU-003,127.35101609930975,122.0
P00005,leg1-descent,2897.023212461191,2905.9686378762303,中继,RU-003,127.48093389403924,122.0
P00018,leg2-climb,2897.2533751012534,2906.5046812535975,直连,,119.05657740777539,122.0
P00057,S007-handoff,2897.299319868095,2907.299319868095,中继,RU-003,123.19203596345481,122.0
P00011,leg2-cruise,2898.6305219876995,2903.4502694244507,直连,,113.97019460696286,122.0
P00003,leg1-cruise,2901.146938134769,2906.1033192727145,中继,RU-003,127.43869970016726,122.0
P00272,S007-handoff,2903.299319868095,2913.299319868095,中继,RU-003,123.19203596345481,122.0
P00278,S007-handoff,2903.299319868095,2913.299319868095,中继,RU-003,123.19203596345481,122.0
P00011,leg2-cruise,2903.4502694244507,2908.270016861202,直连,,103.56489677245986,122.0
P00005,leg1-descent,2905.9686378762303,2914.9140632912695,中继,RU-003,127.48068181592379,122.0
P00003,leg1-descent,2906.1033192727145,2915.0487446877537,中继,RU-003,127.48193856321288,122.0
P00018,leg2-climb,2906.5046812535975,2915.755987405941,直连,,119.06021294952535,122.0
P00057,S007-handoff,2907.299319868095,2917.299319868095,中继,RU-003,123.19203596345481,122.0
P00011,leg2-cruise,2908.270016861202,2917.9095117347047,直连,,103.14021004513,122.0
P00272,S007-handoff,2913.299319868095,2923.299319868095,中继,RU-003,123.19203596345481,122.0
P00278,S007-handoff,2913.299319868095,2923.299319868095,中继,RU-003,123.19203596345481,122.0
P00005,S002-handoff,2914.9140632912695,2924.6866859661804,中继,RU-003,127.4805746284193,122.0
P00003,leg1-descent,2915.0487446877537,2923.994170102793,中继,RU-003,127.48145071864766,122.0
P00018,leg2-cruise,2915.755987405941,2925.4724818065406,直连,,118.83534537218611,122.0
P00057,S007-handoff,2917.299319868095,2927.299319868095,中继,RU-003,123.19203596345481,122.0
P00011,leg2-cruise,2917.9095117347047,2927.5490066082075,直连,,102.22480278927797,122.0
P00272,S007-handoff,2923.299319868095,2933.299319868095,中继,RU-003,123.19203596345481,122.0
P00278,S007-handoff,2923.299319868095,2933.299319868095,中继,RU-003,123.19203596345481,122.0
P00003,leg1-descent,2923.994170102793,2932.9395955178315,中继,RU-003,127.48104138237362,122.0
P00005,S002-handoff,2924.6866859661804,2934.459308641092,中继,RU-003,127.4805746284193,122.0
P00018,leg2-cruise,2925.4724818065406,2930.3307290068406,直连,,118.48335427275504,122.0
P00057,S007-handoff,2927.299319868095,2937.299319868095,中继,RU-003,123.19203596345481,122.0
P00011,leg2-cruise,2927.5490066082075,2932.368754044959,直连,,101.20506078815782,122.0
P00018,leg2-cruise,2930.3307290068406,2935.1889762071405,直连,,118.2405366753276,122.0
P00011,leg2-cruise,2932.368754044959,2937.1885014817103,直连,,100.6484041591911,122.0
P00003,leg1-descent,2932.9395955178315,2941.8850209328707,中继,RU-003,127.48071057659628,122.0
P00272,S007-handoff,2933.299319868095,2943.299319868095,中继,RU-003,123.19203596345481,122.0
P00278,S007-handoff,2933.299319868095,2943.299319868095,中继,RU-003,123.19203596345481,122.0
P00005,S002-handoff,2934.459308641092,2944.231931316003,中继,RU-003,127.4805746284193,122.0
P00018,leg2-cruise,2935.1889762071405,2940.0472234074405,直连,,117.99075902586274,122.0
P00011,leg2-cruise,2937.1885014817103,2942.0082489184615,直连,,100.05538640038218,122.0
P00057,S007-handoff,2937.299319868095,2947.299319868095,中继,RU-003,123.19203596345481,122.0
P00018,leg2-cruise,2940.0472234074405,2944.90547060774,直连,,117.73361202805566,122.0
P00003,S002-handoff,2941.8850209328707,2951.853219473043,中继,RU-003,127.4805746284193,122.0
P00011,leg2-cruise,2942.0082489184615,2946.8279963552127,直连,,99.42123497195162,122.0
P00272,S007-handoff,2943.299319868095,2953.299319868095,中继,RU-003,123.19203596345481,122.0
P00278,S007-handoff,2943.299319868095,2953.299319868095,中继,RU-003,123.19203596345481,122.0
P00005,S002-handoff,2944.231931316003,2954.004553990914,中继,RU-003,127.4805746284193,122.0
P00018,leg2-cruise,2944.90547060774,2949.76371780804,直连,,117.46864933241068,122.0
P00011,leg2-cruise,2946.8279963552127,2951.647743791964,直连,,98.74026527216103,122.0
P00057,S007-handoff,2947.299319868095,2957.299319868095,中继,RU-003,123.19203596345481,122.0
P00018,leg2-cruise,2949.76371780804,2954.62196500834,直连,,117.19538294414153,122.0
P00011,leg2-cruise,2951.647743791964,2956.4674912287155,直连,,98.00567651892642,122.0
P00003,S002-handoff,2951.853219473043,2961.821418013215,中继,RU-003,127.4805746284193,122.0
P00272,S007-handoff,2953.299319868095,2963.299319868095,中继,RU-003,123.19203596345481,122.0
P00278,S007-handoff,2953.299319868095,2963.299319868095,中继,RU-003,123.19203596345481,122.0
P00005,S002-handoff,2954.004553990914,2963.7771766658248,中继,RU-003,127.4805746284193,122.0
P00018,leg2-cruise,2954.62196500834,2959.4802122086394,直连,,116.9132779003812,122.0
P00011,leg2-cruise,2956.4674912287155,2961.287238665467,直连,,97.20931889527535,122.0
P00057,leg2-climb,2957.299319868095,2966.3811629263632,中继,RU-003,123.1932285501916,122.0
P00018,leg2-cruise,2959.4802122086394,2964.3384594089393,直连,,116.62174607333287,122.0
P00011,leg2-cruise,2961.287238665467,2966.1069861022183,直连,,96.34146403181907,122.0
P00003,S002-handoff,2961.821418013215,2971.789616553387,中继,RU-003,127.4805746284193,122.0
P00272,leg2-climb,2963.299319868095,2972.3811629263632,中继,RU-003,123.1932285501916,122.0
P00278,leg2-climb,2963.299319868095,2972.3811629263632,中继,RU-003,123.1932285501916,122.0
P00005,S002-handoff,2963.7771766658248,2973.549799340736,中继,RU-003,127.4805746284193,122.0
P00018,leg2-cruise,2964.3384594089393,2969.1967066092393,直连,,116.32013892236048,122.0
P00011,leg2-cruise,2966.1069861022183,2970.9267335389695,直连,,95.39068008118143,122.0
P00057,leg2-climb,2966.3811629263632,2975.4630059846318,中继,RU-003,123.19584733491773,122.0
P00018,leg2-cruise,2969.1967066092393,2974.054953809539,直连,,116.00773897483036,122.0
P00011,leg2-cruise,2970.9267335389695,2975.746480975721,直连,,94.34409418631064,122.0
P00003,S002-handoff,2971.789616553387,2981.757815093559,中继,RU-003,127.4805746284193,122.0
P00272,leg2-climb,2972.3811629263632,2981.4630059846318,中继,RU-003,123.19584733491773,122.0
P00278,leg2-climb,2972.3811629263632,2981.4630059846318,中继,RU-003,123.19584733491773,122.0
P00005,S002-handoff,2973.549799340736,2983.322422015647,中继,RU-003,127.4805746284193,122.0
P00018,leg2-cruise,2974.054953809539,2978.9132010098388,直连,,105.68374976040647,122.0
P00057,leg2-climb,2975.4630059846318,2984.5448490429,中继,RU-003,123.19877712436461,122.0
P00011,leg2-cruise,2975.746480975721,2980.5662284124724,直连,,93.18879995114173,122.0
P00018,leg2-cruise,2978.9132010098388,2983.7714482101387,直连,,105.34728385161597,122.0
P00011,leg2-cruise,2980.5662284124724,2985.3859758492235,直连,,91.91640021547957,122.0
P00272,leg2-climb,2981.4630059846318,2990.5448490429,中继,RU-003,123.19877712436461,122.0
P00278,leg2-climb,2981.4630059846318,2990.5448490429,中继,RU-003,123.19877712436461,122.0
P00003,S002-handoff,2981.757815093559,2991.7260136337313,中继,RU-003,127.4805746284193,122.0
P00005,S002-handoff,2983.322422015647,2993.095044690558,中继,RU-003,127.4805746284193,122.0
P00018,leg2-cruise,2983.7714482101387,2993.487942610738,直连,,104.81698676288947,122.0
P00057,leg2-climb,2984.5448490429,2993.626692101168,中继,RU-003,123.2020172884396,122.0
P00011,leg2-cruise,2985.3859758492235,2995.0254707227264,直连,,90.53572307542221,122.0
P00272,leg2-climb,2990.5448490429,2999.626692101168,中继,RU-003,123.2020172884396,122.0
P00278,leg2-climb,2990.5448490429,2999.626692101168,中继,RU-003,123.2020172884396,122.0
P00003,S002-handoff,2991.7260136337313,3001.694212173903,中继,RU-003,127.4805746284193,122.0
P00005,S002-handoff,2993.095044690558,3002.867667365469,中继,RU-003,127.4805746284193,122.0
P00018,leg2-cruise,2993.487942610738,2998.346189811038,直连,,104.25246614392267,122.0
P00057,leg2-climb,2993.626692101168,3002.7085351594365,中继,RU-003,123.2055671314543,122.0
P00011,leg2-cruise,2995.0254707227264,2999.8452181594776,直连,,87.79630729934682,122.0
P00018,leg2-cruise,2998.346189811038,3003.204437011338,直连,,103.8548335829389,122.0
P00272,leg2-climb,2999.626692101168,3008.7085351594365,中继,RU-003,123.2055671314543,122.0
P00278,leg2-climb,2999.626692101168,3008.7085351594365,中继,RU-003,123.2055671314543,122.0
P00011,leg2-cruise,2999.8452181594776,3004.664965596229,直连,,86.95656621762812,122.0
P00003,S002-handoff,3001.694212173903,3011.662410714075,中继,RU-003,127.4805746284193,122.0
P00057,leg2-climb,3002.7085351594365,3011.7903782177045,中继,RU-003,123.20942589261979,122.0
P00005,S002-handoff,3002.867667365469,3012.6402900403805,中继,RU-003,127.4805746284193,122.0
P00018,leg2-cruise,3003.204437011338,3008.062684211638,直连,,103.43830421435788,122.0
P00011,leg2-descent,3004.664965596229,3014.1380385660136,直连,,86.45402333868276,122.0
P00018,leg2-cruise,3008.062684211638,3012.9209314119375,直连,,103.00101259328315,122.0
P00272,leg2-climb,3008.7085351594365,3017.7903782177045,中继,RU-003,123.20942589261979,122.0
P00278,leg2-climb,3008.7085351594365,3017.7903782177045,中继,RU-003,123.20942589261979,122.0
P00003,S002-handoff,3011.662410714075,3021.6306092542472,中继,RU-003,127.4805746284193,122.0
P00057,leg2-cruise,3011.7903782177045,3021.732983257151,中继,RU-003,123.09717847970231,122.0
P00005,S002-handoff,3012.6402900403805,3022.4129127152914,中继,RU-003,127.4805746284193,122.0
P00018,leg2-cruise,3012.9209314119375,3017.779178612237,直连,,102.54080635098337,122.0
P00011,leg2-descent,3014.1380385660136,3023.611111535798,直连,,85.62831942752968,122.0
P00018,leg2-cruise,3017.779178612237,3022.637425812537,直连,,102.05518511450013,122.0
P00272,leg2-cruise,3017.7903782177045,3026.5329832571506,中继,RU-003,123.11105228721345,122.0
P00278,leg2-cruise,3017.7903782177045,3026.5329832571506,中继,RU-003,123.11105228721345,122.0
P00003,S002-handoff,3021.6306092542472,3031.5988077944194,中继,RU-003,127.4805746284193,122.0
P00057,leg2-cruise,3021.732983257151,3031.675588296597,中继,RU-003,122.8640116044638,122.0
P00005,S002-handoff,3022.4129127152914,3032.1855353902024,中继,RU-003,127.4805746284193,122.0
P00018,leg2-cruise,3022.637425812537,3027.495673012837,直连,,101.54122258775963,122.0
P00011,leg2-descent,3023.611111535798,3033.0841845055825,直连,,84.71579641751052,122.0
P00272,leg2-cruise,3026.5329832571506,3035.275588296597,中继,RU-003,122.90668741646584,122.0
P00278,leg2-cruise,3026.5329832571506,3035.275588296597,中继,RU-003,122.90668741646584,122.0
P00018,leg2-cruise,3027.495673012837,3032.353920213137,直连,,100.99546604903665,122.0
P00003,S002-handoff,3031.5988077944194,3041.5670063345915,中继,RU-003,127.4805746284193,122.0
P00057,leg2-cruise,3031.675588296597,3036.64689081632,中继,RU-003,122.68496417837505,122.0
P00005,S002-handoff,3032.1855353902024,3041.9581580651134,中继,RU-003,127.4805746284193,122.0
P00018,leg2-cruise,3032.353920213137,3037.212167413437,直连,,100.41380518220424,122.0
P00011,leg2-descent,3033.0841845055825,3042.557257475367,直连,,83.69602835332248,122.0
P00272,leg2-cruise,3035.275588296597,3044.018193336043,中继,RU-003,122.69743246738035,122.0
P00278,leg2-cruise,3035.275588296597,3044.018193336043,中继,RU-003,122.69743246738035,122.0
P00057,leg2-cruise,3036.64689081632,3041.618193336043,中继,RU-003,122.56353048289833,122.0
P00018,leg2-cruise,3037.212167413437,3042.0704146137364,直连,,99.7912987346273,122.0
P00003,S002-handoff,3041.5670063345915,3051.5352048747636,中继,RU-003,127.4805746284193,122.0
P00057,leg2-cruise,3041.618193336043,3051.5607983754894,中继,RU-003,122.37816071269854,122.0
P00005,S002-handoff,3041.9581580651134,3051.730780740025,中继,RU-003,127.4805746284193,122.0
P00018,leg2-cruise,3042.0704146137364,3046.9286618140363,直连,,99.12194243881244,122.0
P00011,leg2-descent,3042.557257475367,3052.0303304451513,直连,,82.54040780092427,122.0
P00272,leg2-cruise,3044.018193336043,3052.7607983754897,中继,RU-003,122.48304950836062,122.0
P00278,leg2-cruise,3044.018193336043,3052.7607983754897,中继,RU-003,122.48304950836062,122.0
P00018,leg2-cruise,3046.9286618140363,3051.7869090143363,直连,,98.39835416643984,122.0
P00003,S002-handoff,3051.5352048747636,3061.5034034149357,中继,RU-003,127.4805746284193,122.0
P00057,leg2-cruise,3051.5607983754894,3061.5034034149357,中继,RU-003,112.12473228991843,122.0
P00005,S002-handoff,3051.730780740025,3061.5034034149357,中继,RU-003,127.4805746284193,122.0
P00018,leg2-cruise,3051.7869090143363,3056.645156214636,直连,,97.6113413841685,122.0
P00011,leg2-descent,3052.0303304451513,3061.5034034149357,直连,,81.20709333954156,122.0
P00272,leg2-cruise,3052.7607983754897,3061.5034034149357,中继,RU-003,122.26328295645942,122.0
P00278,leg2-cruise,3052.7607983754897,3061.5034034149357,中继,RU-003,122.26328295645942,122.0
P00018,leg2-cruise,3056.645156214636,3061.5034034149357,直连,,96.74930076166531,122.0
P00003,S002-handoff,3061.5034034149357,3067.5034034149357,中继,RU-003,127.4805746284193,122.0
P00005,S002-handoff,3061.5034034149357,3067.5034034149357,中继,RU-003,127.4805746284193,122.0
P00011,leg2-descent,3061.5034034149357,3067.5034034149357,直连,,79.9424125604366,122.0
P00018,leg2-cruise,3061.5034034149357,3067.5034034149357,直连,,95.67878488609092,122.0
P00057,leg2-cruise,3061.5034034149357,3064.5034034149357,直连,,111.95575461468134,122.0
P00272,leg2-cruise,3061.5034034149357,3067.5034034149357,中继,RU-003,112.07360233313453,122.0
P00278,leg2-cruise,3061.5034034149357,3067.5034034149357,中继,RU-003,112.07360233313453,122.0
P00057,leg2-cruise,3064.5034034149357,3067.5034034149357,直连,,111.87629942170015,122.0
P00003,S002-handoff,3067.5034034149357,3077.0352048747636,中继,RU-003,127.4805746284193,122.0
P00005,S002-handoff,3067.5034034149357,3077.380101504285,中继,RU-003,127.4805746284193,122.0
P00011,leg2-descent,3067.5034034149357,3076.896817058107,直连,,78.46999709942644,122.0
P00018,leg2-cruise,3067.5034034149357,3072.011240790075,直连,,94.51014083683683,122.0
P00057,leg2-cruise,3067.5034034149357,3077.2641902725636,直连,,111.70488002939949,122.0
P00272,leg2-cruise,3067.5034034149357,3072.474705934659,直连,,111.92972897552966,122.0
P00278,leg2-cruise,3067.5034034149357,3072.474705934659,直连,,111.92972897552966,122.0
P00018,leg2-cruise,3072.011240790075,3076.519078165214,直连,,93.37822174374092,122.0
P00272,leg2-cruise,3072.474705934659,3077.446008454382,直连,,111.79727284726863,122.0
P00278,leg2-cruise,3072.474705934659,3077.446008454382,直连,,111.79727284726863,122.0
P00018,leg2-cruise,3076.519078165214,3081.026915540353,直连,,92.09852074773114,122.0
P00011,leg2-descent,3076.896817058107,3086.2902307012782,直连,,76.25090132900709,122.0
P00003,S002-handoff,3077.0352048747636,3086.5670063345915,中继,RU-003,127.4805746284193,122.0
P00057,leg2-cruise,3077.2641902725636,3082.144583701378,直连,,111.50398025645109,122.0
P00005,S002-handoff,3077.380101504285,3087.2567995936342,中继,RU-003,127.4805746284193,122.0
P00272,leg2-cruise,3077.446008454382,3087.388613493828,直连,,111.59475774386358,122.0
P00278,leg2-cruise,3077.446008454382,3087.388613493828,直连,,111.59475774386358,122.0
P00018,leg2-cruise,3081.026915540353,3085.5347529154924,直连,,90.63817416621804,122.0
P00057,leg2-cruise,3082.144583701378,3087.024977130192,直连,,111.36744353528009,122.0
P00018,leg2-cruise,3085.5347529154924,3090.0425902906313,直连,,88.9647989844241,122.0
P00011,leg2-descent,3086.2902307012782,3095.68364434445,直连,,73.26278635335785,122.0
P00003,S002-handoff,3086.5670063345915,3096.0988077944194,中继,RU-003,127.4805746284193,122.0
P00057,leg2-cruise,3087.024977130192,3096.78576398782,直连,,111.15856927767908,122.0
P00005,S002-handoff,3087.2567995936342,3097.1334976829835,中继,RU-003,127.4805746284193,122.0
P00272,leg2-cruise,3087.388613493828,3097.3312185332743,直连,,111.31724942725921,122.0
P00278,leg2-cruise,3087.388613493828,3097.3312185332743,直连,,111.31724942725921,122.0
P00018,leg2-cruise,3090.0425902906313,3103.5661024160486,直连,,87.07685088476029,122.0
P00011,leg2-descent,3095.68364434445,3105.077057987621,直连,,68.67089950901808,122.0
P00003,S002-handoff,3096.0988077944194,3105.6306092542472,中继,RU-003,127.4805746284193,122.0
P00057,leg2-cruise,3096.78576398782,3106.5465508454477,直连,,110.87210554004689,122.0
P00005,S002-handoff,3097.1334976829835,3107.0101957723327,中继,RU-003,127.4805746284193,122.0
P00272,leg2-cruise,3097.3312185332743,3107.2738235727206,直连,,111.03067546290862,122.0
P00278,leg2-cruise,3097.3312185332743,3107.2738235727206,直连,,111.03067546290862,122.0
P00018,leg2-descent,3103.5661024160486,3113.14677415154,直连,,82.70492023245711,122.0
P00011,leg2-descent,3105.077057987621,3114.4704716307924,直连,,58.309546733617594,122.0
P00003,S002-handoff,3105.6306092542472,3115.162410714075,中继,RU-003,127.4805746284193,122.0
P00057,leg2-cruise,3106.5465508454477,3116.3073377030755,直连,,110.57598245629646,122.0
P00005,S002-handoff,3107.0101957723327,3116.886893861682,中继,RU-003,127.4805746284193,122.0
P00272,leg2-cruise,3107.2738235727206,3117.2164286121665,直连,,110.73443050095415,122.0
P00278,leg2-cruise,3107.2738235727206,3117.2164286121665,直连,,110.73443050095415,122.0
P00018,leg2-descent,3113.14677415154,3122.7274458870306,直连,,81.01795013814755,122.0
P00011,leg2-descent,3114.4704716307924,3123.8638852739637,直连,,60.56573747939075,122.0
P00003,S002-handoff,3115.162410714075,3124.694212173903,中继,RU-003,127.4805746284193,122.0
P00057,leg2-cruise,3116.3073377030755,3126.068124560704,直连,,110.2695344455085,122.0
P00005,S002-handoff,3116.886893861682,3126.7635919510312,中继,RU-003,127.4805746284193,122.0
P00272,leg2-cruise,3117.2164286121665,3127.159033651613,直连,,110.42784726977006,122.0
P00278,leg2-cruise,3117.2164286121665,3127.159033651613,直连,,110.42784726977006,122.0
P00018,leg2-descent,3122.7274458870306,3132.308117622522,直连,,78.92238937998609,122.0
P00003,S002-handoff,3124.694212173903,3134.2260136337313,中继,RU-003,127.4805746284193,122.0
P00057,leg2-cruise,3126.068124560704,3135.8289114183317,直连,,109.95202570914336,122.0
P00005,S002-handoff,3126.7635919510312,3136.6402900403805,中继,RU-003,127.4805746284193,122.0
P00272,leg2-cruise,3127.159033651613,3137.1016386910587,直连,,110.1101879634497,122.0
P00278,leg2-cruise,3127.159033651613,3137.1016386910587,直连,,110.1101879634497,122.0
P00018,leg2-descent,3132.308117622522,3141.8887893580127,直连,,76.1548411561258,122.0
P00003,S002-handoff,3134.2260136337313,3143.757815093559,中继,RU-003,127.4805746284193,122.0
P00057,leg2-cruise,3135.8289114183317,3145.5896982759596,直连,,109.62264016885779,122.0
P00005,S002-handoff,3136.6402900403805,3146.5169881297297,中继,RU-003,127.4805746284193,122.0
P00272,leg2-cruise,3137.1016386910587,3147.044243730505,直连,,109.78063410610582,122.0
P00278,leg2-cruise,3137.1016386910587,3147.044243730505,直连,,109.78063410610582,122.0
P00018,leg2-descent,3141.8887893580127,3151.469461093504,直连,,72.06915322469158,122.0
P00003,S002-handoff,3143.757815093559,3153.289616553387,中继,RU-003,127.4805746284193,122.0
P00057,leg2-cruise,3145.5896982759596,3155.3504851335874,直连,,109.28046957434603,122.0
P00005,S002-handoff,3146.5169881297297,3156.393686219079,中继,RU-003,127.4805746284193,122.0
P00272,leg2-cruise,3147.044243730505,3156.9868487699514,直连,,109.43827456555468,122.0
P00278,leg2-cruise,3147.044243730505,3156.9868487699514,直连,,109.43827456555468,122.0
P00018,leg2-descent,3151.469461093504,3161.0501328289947,直连,,64.09718747516446,122.0
P00003,S002-handoff,3153.289616553387,3162.821418013215,中继,RU-003,127.4805746284193,122.0
P00057,leg2-cruise,3155.3504851335874,3165.1112719912157,直连,,108.92449937792722,122.0
P00005,S002-handoff,3156.393686219079,3166.270384308428,中继,RU-003,127.4805746284193,122.0
P00272,leg2-cruise,3156.9868487699514,3166.9294538093973,直连,,109.08209130635501,122.0
P00278,leg2-cruise,3156.9868487699514,3166.9294538093973,直连,,109.08209130635501,122.0
P00018,leg2-descent,3161.0501328289947,3170.630804564486,直连,,58.14221678885386,122.0
P00003,S002-handoff,3162.821418013215,3172.353219473043,中继,RU-003,127.4805746284193,122.0
P00057,leg2-cruise,3165.1112719912157,3174.8720588488436,直连,,108.55359186923653,122.0
P00005,S002-handoff,3166.270384308428,3176.147082397777,中继,RU-003,127.4805746284193,122.0
P00272,leg2-cruise,3166.9294538093973,3176.8720588488436,直连,,108.71094236605431,122.0
P00278,leg2-cruise,3166.9294538093973,3176.8720588488436,直连,,108.71094236605431,122.0
P00003,S002-handoff,3172.353219473043,3181.8850209328707,中继,RU-003,127.4805746284193,122.0
P00057,leg2-cruise,3174.8720588488436,3179.7524522776575,直连,,108.26484400625434,122.0
P00005,S002-handoff,3176.147082397777,3186.0237804871263,中继,RU-003,127.4805746284193,122.0
P00272,leg2-cruise,3176.8720588488436,3186.81466388829,直连,,108.32354140135803,122.0
P00278,leg2-cruise,3176.8720588488436,3186.81466388829,直连,,108.32354140135803,122.0
P00057,leg2-cruise,3179.7524522776575,3184.6328457064715,直连,,108.06698460183986,122.0
P00003,leg2-climb,3181.8850209328707,3191.8243825051363,中继,RU-003,127.48076025657136,122.0
P00057,leg2-cruise,3184.6328457064715,3189.5132391352854,直连,,107.86461359988405,122.0
P00005,S002-handoff,3186.0237804871263,3195.9004785764755,中继,RU-003,127.4805746284193,122.0
P00272,leg2-cruise,3186.81466388829,3196.757268927736,直连,,107.91843297338659,122.0
P00278,leg2-cruise,3186.81466388829,3196.757268927736,直连,,107.91843297338659,122.0
P00057,leg2-cruise,3189.5132391352854,3194.3936325641,直连,,107.65752561298225,122.0
P00003,leg2-climb,3191.8243825051363,3201.763744077402,中继,RU-003,127.48123623548668,122.0
P00057,leg2-cruise,3194.3936325641,3204.1544194217277,直连,,107.33756539756581,122.0
P00005,S002-handoff,3195.9004785764755,3205.7771766658248,中继,RU-003,127.4805746284193,122.0
P00272,leg2-cruise,3196.757268927736,3206.699873967182,直连,,107.49396251071448,122.0
P00278,leg2-cruise,3196.757268927736,3206.699873967182,直连,,107.49396251071448,122.0
P00003,leg2-climb,3201.763744077402,3211.7031056496676,中继,RU-003,127.4818518048909,122.0
P00057,leg2-cruise,3204.1544194217277,3213.9152062793555,直连,,106.89226414150657,122.0
P00005,S002-handoff,3205.7771766658248,3215.653874755174,中继,RU-003,127.4805746284193,122.0
P00272,leg2-cruise,3206.699873967182,3216.6424790066285,直连,,107.04823958994866,122.0
P00278,leg2-cruise,3206.699873967182,3216.6424790066285,直连,,107.04823958994866,122.0
P00003,leg2-cruise,3211.7031056496676,3216.6599579952267,中继,RU-003,127.43869555304553,122.0
P00057,leg2-cruise,3213.9152062793555,3223.6759931369834,直连,,106.42361047366693,122.0
P00005,S002-handoff,3215.653874755174,3225.5305728445232,中继,RU-003,127.4805746284193,122.0
P00272,leg2-cruise,3216.6424790066285,3226.5850840460744,直连,,106.57909278769405,122.0
P00278,leg2-cruise,3216.6424790066285,3226.5850840460744,直连,,106.57909278769405,122.0
P00003,leg2-cruise,3216.6599579952267,3226.573662686345,中继,RU-003,127.35100353176088,122.0
P00057,leg2-cruise,3223.6759931369834,3233.4367799946117,直连,,105.92911304475051,122.0
P00005,S002-handoff,3225.5305728445232,3235.4072709338725,中继,RU-003,127.4805746284193,122.0
P00003,leg2-cruise,3226.573662686345,3231.530515031904,中继,RU-003,127.17291911348377,122.0
P00272,leg2-cruise,3226.5850840460744,3236.5276890855207,直连,,106.08401386535303,122.0
P00278,leg2-cruise,3226.5850840460744,3236.5276890855207,直连,,106.08401386535303,122.0
P00003,leg2-cruise,3231.530515031904,3236.4873673774637,中继,RU-003,127.08248933063213,122.0
P00057,leg2-cruise,3233.4367799946117,3243.1975668522396,直连,,105.40587957782832,122.0
P00005,S002-handoff,3235.4072709338725,3245.2839690232217,中继,RU-003,127.4805746284193,122.0
P00003,leg2-cruise,3236.4873673774637,3241.444219723023,中继,RU-003,126.99110859387565,122.0
P00272,leg2-cruise,3236.5276890855207,3246.4702941249666,直连,,105.56008843461528,122.0
P00278,leg2-cruise,3236.5276890855207,3246.4702941249666,直连,,105.56008843461528,122.0
P00003,leg2-cruise,3241.444219723023,3246.401072068582,中继,RU-003,126.89875670155783,122.0
P00057,leg2-cruise,3243.1975668522396,3252.9583537098674,直连,,104.8505324633938,122.0
P00005,S002-handoff,3245.2839690232217,3255.160667112571,中继,RU-003,127.4805746284193,122.0
P00003,leg2-cruise,3246.401072068582,3251.357924414141,中继,RU-003,126.80541280172665,122.0
P00272,leg2-cruise,3246.4702941249666,3256.412899164413,直连,,105.00390952503749,122.0
P00278,leg2-cruise,3246.4702941249666,3256.412899164413,直连,,105.00390952503749,122.0
P00003,leg2-cruise,3251.357924414141,3256.3147767597,中继,RU-003,126.71105536393502,122.0
P00057,leg2-cruise,3252.9583537098674,3262.7191405674953,直连,,104.25910386949222,122.0
P00005,S002-handoff,3255.160667112571,3265.0373652019202,中继,RU-003,127.4805746284193,122.0
P00003,leg2-cruise,3256.3147767597,3261.2716291052593,中继,RU-003,126.61566214950385,122.0
P00272,leg2-cruise,3256.412899164413,3266.3555042038593,直连,,104.4114697073244,122.0
P00278,leg2-cruise,3256.412899164413,3266.3555042038593,直连,,104.4114697073244,122.0
P00003,leg2-cruise,3261.2716291052593,3266.2284814508184,中继,RU-003,126.5192101801285,122.0
P00057,leg2-cruise,3262.7191405674953,3272.4799274251236,直连,,103.6269059907012,122.0
P00005,S002-handoff,3265.0373652019202,3274.9140632912695,中继,RU-003,127.4805746284193,122.0
P00003,leg2-cruise,3266.2284814508184,3271.1853337963776,中继,RU-003,126.42167570473072,122.0
P00272,leg2-cruise,3266.3555042038593,3276.298109243305,直连,,103.7780268564983,122.0
P00278,leg2-cruise,3266.3555042038593,3276.298109243305,直连,,103.7780268564983,122.0
P00003,leg2-cruise,3271.1853337963776,3276.1421861419367,中继,RU-003,126.32303416444279,122.0
P00057,leg2-cruise,3272.4799274251236,3282.2407142827515,直连,,102.94837269619943,122.0
P00005,leg2-climb,3274.9140632912695,3283.8594887063086,中继,RU-003,127.48071057659628,122.0
P00003,leg2-cruise,3276.1421861419367,3281.099038487496,中继,RU-003,126.22326015557091,122.0
P00272,leg2-cruise,3276.298109243305,3286.2407142827515,直连,,103.09793892331471,122.0
P00278,leg2-cruise,3276.298109243305,3286.2407142827515,直连,,103.09793892331471,122.0
P00003,leg2-cruise,3281.099038487496,3286.055890833055,中继,RU-003,126.12232739042413,122.0
P00057,leg2-cruise,3282.2407142827515,3287.1211077115654,直连,,102.40512157399947,122.0
P00005,leg2-climb,3283.8594887063086,3292.804914121348,中继,RU-003,127.48104138237362,122.0
P00003,leg2-cruise,3286.055890833055,3291.0127431786145,中继,RU-003,126.02020865584585,122.0
P00272,leg2-cruise,3286.2407142827515,3296.183319322198,直连,,102.3644658997012,122.0
P00278,leg2-cruise,3286.2407142827515,3296.183319322198,直连,,102.3644658997012,122.0
P00057,leg2-cruise,3287.1211077115654,3292.0015011403793,直连,,102.02482574121784,122.0
P00003,leg2-cruise,3291.0127431786145,3295.9695955241737,中继,RU-003,125.91687576928345,122.0
P00057,leg2-cruise,3292.0015011403793,3301.7622879980077,直连,,101.42450151479704,122.0
P00005,leg2-climb,3292.804914121348,3301.7503395363865,中继,RU-003,127.48145071864766,122.0
P00003,leg2-cruise,3295.9695955241737,3300.926447869733,中继,RU-003,125.81229953222677,122.0
P00272,leg2-cruise,3296.183319322198,3306.1259243616437,直连,,101.56954672666366,122.0
P00278,leg2-cruise,3296.183319322198,3306.1259243616437,直连,,101.56954672666366,122.0
P00003,leg2-cruise,3300.926447869733,3305.883300215292,中继,RU-003,125.70644968080985,122.0
P00005,leg2-climb,3301.7503395363865,3310.6957649514256,中继,RU-003,127.48193856321288,122.0
P00057,leg2-cruise,3301.7622879980077,3311.5230748556355,直连,,100.56190040163756,122.0
P00003,leg2-cruise,3305.883300215292,3310.840152560851,中继,RU-003,125.59929483338817,122.0
P00272,leg2-cruise,3306.1259243616437,3316.06852940109,直连,,100.70358577078225,122.0
P00278,leg2-cruise,3306.1259243616437,3316.06852940109,直连,,100.70358577078225,122.0
P00005,leg2-cruise,3310.6957649514256,3315.657773997322,中继,RU-003,127.43865016854316,122.0
P00003,leg2-cruise,3310.840152560851,3315.79700490641,中继,RU-003,125.4908024348461,122.0
P00057,leg2-cruise,3311.5230748556355,3321.2838617132634,直连,,99.6182002287187,122.0
P00005,leg2-cruise,3315.657773997322,3320.6197830432175,中继,RU-003,127.35086599654248,122.0
P00003,leg2-cruise,3315.79700490641,3320.7538572519693,中继,RU-003,125.38093869738984,122.0
P00272,leg2-cruise,3316.06852940109,3326.0111344405364,直连,,99.75535452156522,122.0
P00278,leg2-cruise,3316.06852940109,3326.0111344405364,直连,,99.75535452156522,122.0
P00005,leg2-cruise,3320.6197830432175,3325.581792089113,中继,RU-003,127.26218594513178,122.0
P00003,leg2-cruise,3320.7538572519693,3325.710709597529,中继,RU-003,125.26966853757622,122.0
P00057,leg2-cruise,3321.2838617132634,3331.0446485708912,直连,,98.58140756050756,122.0
P00005,leg2-cruise,3325.581792089113,3330.543801135009,中继,RU-003,127.17259154972204,122.0
P00003,leg2-cruise,3325.710709597529,3330.667561943088,中继,RU-003,125.15695550925858,122.0
P00272,leg2-cruise,3326.0111344405364,3335.9537394799822,直连,,98.71229849782284,122.0
P00278,leg2-cruise,3326.0111344405364,3335.9537394799822,直连,,98.71229849782284,122.0
P00005,leg2-cruise,3330.543801135009,3335.5058101809045,中继,RU-003,127.08206376922195,122.0
P00003,leg2-cruise,3330.667561943088,3335.624414288647,中继,RU-003,125.04276173214168,122.0
P00057,leg2-cruise,3331.0446485708912,3340.8054354285196,直连,,97.44000625390774,122.0
P00005,leg2-cruise,3335.5058101809045,3340.4678192268,中继,RU-003,126.99058296179844,122.0
P00003,leg2-cruise,3335.624414288647,3340.5812666342063,中继,RU-003,124.92704781560951,122.0
P00272,leg2-cruise,3335.9537394799822,3345.8963445194286,直连,,97.56201655564054,122.0
P00278,leg2-cruise,3335.9537394799822,3345.8963445194286,直连,,97.56201655564054,122.0
P00005,leg2-cruise,3340.4678192268,3345.429828272696,中继,RU-003,126.8981288593507,122.0
P00003,leg2-cruise,3340.5812666342063,3345.5381189797654,中继,RU-003,124.80977277741493,122.0
P00057,leg2-cruise,3340.8054354285196,3350.5662222861474,直连,,96.18776855126116,122.0
P00005,leg2-cruise,3345.429828272696,3350.391837318592,中继,RU-003,126.80468054061367,122.0
P00003,leg2-cruise,3345.5381189797654,3350.4949713253245,中继,RU-003,124.69089395684212,122.0
P00272,leg2-cruise,3345.8963445194286,3350.8676470391515,直连,,96.62390549690667,122.0
P00278,leg2-cruise,3345.8963445194286,3350.8676470391515,直连,,96.62390549690667,122.0
P00005,leg2-cruise,3350.391837318592,3355.353846364488,中继,RU-003,126.7102164028064,122.0
P00003,leg2-cruise,3350.4949713253245,3355.4518236708836,中继,RU-003,124.57036692185663,122.0
P00057,leg2-cruise,3350.5662222861474,3360.3270091437753,直连,,94.83662653901446,122.0
P00272,leg2-cruise,3350.8676470391515,3355.8389495588744,直连,,95.96313254142076,122.0
P00278,leg2-cruise,3350.8676470391515,3355.8389495588744,直连,,95.96313254142076,122.0
P00005,leg2-cruise,3355.353846364488,3360.315855410384,中继,RU-003,126.61471413171881,122.0
P00003,leg2-cruise,3355.4518236708836,3360.4086760164428,中继,RU-003,124.4481453697661,122.0
P00272,leg2-cruise,3355.8389495588744,3360.810252078598,直连,,95.2773332901668,122.0
P00278,leg2-cruise,3355.8389495588744,3360.810252078598,直连,,95.2773332901668,122.0
P00005,leg2-cruise,3360.315855410384,3365.2778644562795,中继,RU-003,126.51815067014755,122.0
P00057,leg2-cruise,3360.3270091437753,3370.087796001403,直连,,93.44774086547112,122.0
P00003,leg2-cruise,3360.4086760164428,3365.365528362002,中继,RU-003,124.3241810208159,122.0
P00272,leg2-cruise,3360.810252078598,3365.781554598321,直连,,94.57315890127902,122.0
P00278,leg2-cruise,3360.810252078598,3365.781554598321,直连,,94.57315890127902,122.0
P00005,leg2-cruise,3365.2778644562795,3370.239873502175,中继,RU-003,126.42050218455876,122.0
P00003,leg2-cruise,3365.365528362002,3370.322380707561,中继,RU-003,124.19842350411312,122.0
P00272,leg2-cruise,3365.781554598321,3370.7528571180437,直连,,93.86284467063948,122.0
P00278,leg2-cruise,3365.781554598321,3370.7528571180437,直连,,93.86284467063948,122.0
P00057,leg2-cruise,3370.087796001403,3379.8485828590315,直连,,92.19117576536405,122.0
P00005,leg2-cruise,3370.239873502175,3375.201882548071,中继,RU-003,126.3217440298619,122.0
P00003,leg2-cruise,3370.322380707561,3375.27923305312,中继,RU-003,124.07082023522487,122.0
P00272,leg2-cruise,3370.7528571180437,3375.724159637767,直连,,93.16685158391465,122.0
P00278,leg2-cruise,3370.7528571180437,3375.724159637767,直连,,93.16685158391465,122.0
P00005,leg2-cruise,3375.201882548071,3380.1638915939666,中继,RU-003,126.221850712164,122.0
P00003,leg2-cruise,3375.27923305312,3380.2360853986797,中继,RU-003,123.94131628468763,122.0
P00272,leg2-cruise,3375.724159637767,3380.69546215749,直连,,92.51662300149978,122.0
P00278,leg2-cruise,3375.724159637767,3380.69546215749,直连,,92.51662300149978,122.0
P00057,leg2-cruise,3379.8485828590315,3389.6093697166593,直连,,91.39360885026493,122.0
P00005,leg2-cruise,3380.1638915939666,3385.1259006398623,中继,RU-003,126.1207958493635,122.0
P00003,leg2-cruise,3380.2360853986797,3385.192937744239,中继,RU-003,123.80985423661384,122.0
P00272,leg2-cruise,3380.69546215749,3385.666764677213,直连,,91.95585665080296,122.0
P00278,leg2-cruise,3380.69546215749,3385.666764677213,直连,,91.95585665080296,122.0
P00005,leg2-cruise,3385.1259006398623,3390.0879096857584,中继,RU-003,126.01855212943182,122.0
P00003,leg2-cruise,3385.192937744239,3390.149790089798,中继,RU-003,123.67637403650315,122.0
P00272,leg2-cruise,3385.666764677213,3395.6093697166593,直连,,91.3977219543404,122.0
P00278,leg2-cruise,3385.666764677213,3395.6093697166593,直连,,91.3977219543404,122.0
P00057,leg2-descent,3389.6093697166593,3398.1840337909234,直连,,91.02336069415848,122.0
P00005,leg2-cruise,3390.0879096857584,3395.0499187316545,中继,RU-003,125.91509126622014,122.0
P00003,leg2-cruise,3390.149790089798,3395.106642435357,中继,RU-003,123.54081282722875,122.0
P00005,leg2-cruise,3395.0499187316545,3400.01192777755,中继,RU-003,125.81038395260663,122.0
P00003,leg2-cruise,3395.106642435357,3400.0634947809162,中继,RU-003,123.40310477210409,122.0
P00272,leg2-descent,3395.6093697166593,3404.6131444699677,直连,,91.01017307191024,122.0
P00278,leg2-descent,3395.6093697166593,3404.6131444699677,直连,,91.01017307191024,122.0
P00057,leg2-descent,3398.1840337909234,3406.7586978651875,直连,,90.48007794566973,122.0
P00005,leg2-cruise,3400.01192777755,3404.973936823446,中继,RU-003,125.70439981079922,122.0
P00003,leg2-cruise,3400.0634947809162,3405.0203471264754,中继,RU-003,123.26318086377474,122.0
P00272,leg2-descent,3404.6131444699677,3413.6169192232755,直连,,90.4378911553174,122.0
P00278,leg2-descent,3404.6131444699677,3413.6169192232755,直连,,90.4378911553174,122.0
P00005,leg2-cruise,3404.973936823446,3409.9359458693416,中继,RU-003,125.59710733957711,122.0
P00003,leg2-cruise,3405.0203471264754,3409.9771994720345,中继,RU-003,123.1209687175637,122.0
P00057,leg2-descent,3406.7586978651875,3415.3333619394516,直连,,89.9005333876163,122.0
P00005,leg2-cruise,3409.9359458693416,3414.8979549152373,中继,RU-003,125.48847385824486,122.0
P00003,leg2-cruise,3409.9771994720345,3414.9340518175936,中继,RU-003,122.97639234771972,122.0
P00272,leg2-descent,3413.6169192232755,3422.6206939765834,直连,,89.82522739994715,122.0
P00278,leg2-descent,3413.6169192232755,3422.6206939765834,直连,,89.82522739994715,122.0
P00005,leg2-cruise,3414.8979549152373,3419.859963961133,中继,RU-003,125.37846544705013,122.0
P00003,leg2-cruise,3414.9340518175936,3419.8909041631528,中继,RU-003,122.82937192484971,122.0
P00057,leg2-descent,3415.3333619394516,3423.9080260137157,直连,,89.27953796835226,122.0
P00005,leg2-cruise,3419.859963961133,3424.8219730070286,中继,RU-003,125.26704688379294,122.0
P00003,leg2-cruise,3419.8909041631528,3424.8477565087123,中继,RU-003,122.67982351261028,122.0
P00272,leg2-descent,3422.6206939765834,3431.6244687298918,直连,,89.16604728690699,122.0
P00278,leg2-descent,3422.6206939765834,3431.6244687298918,直连,,89.16604728690699,122.0
P00057,leg2-descent,3423.9080260137157,3432.48269008798,直连,,88.61070238110608,122.0
P00005,leg2-cruise,3424.8219730070286,3429.783982052925,中继,RU-003,125.15418157633619,122.0
P00003,leg2-cruise,3424.8477565087123,3429.8046088542715,中继,RU-003,122.52765878149222,122.0
P00005,leg2-cruise,3429.783982052925,3434.745991098821,中继,RU-003,125.03983149068209,122.0
P00003,leg2-cruise,3429.8046088542715,3434.7614611998306,中继,RU-003,122.3727846972575,122.0
P00272,leg2-descent,3431.6244687298918,3440.6282434832,直连,,88.45270267475439,122.0
P00278,leg2-descent,3431.6244687298918,3440.6282434832,直连,,88.45270267475439,122.0
P00057,leg2-descent,3432.48269008798,3441.057354162244,直连,,87.88603573967951,122.0
P00005,leg2-cruise,3434.745991098821,3439.7080001447166,中继,RU-003,124.92395707427897,122.0
P00003,leg2-cruise,3434.7614611998306,3439.7183135453897,中继,RU-003,122.21510318132377,122.0
P00005,leg2-cruise,3439.7080001447166,3444.6700091906123,中继,RU-003,124.80651717415972,122.0
P00003,leg2-cruise,3439.7183135453897,3444.675165890949,中继,RU-003,122.0545107399727,122.0
P00272,leg2-descent,3440.6282434832,3449.632018236508,直连,,87.67548885390065,122.0
P00278,leg2-descent,3440.6282434832,3449.632018236508,直连,,87.67548885390065,122.0
P00057,leg2-descent,3441.057354162244,3449.632018236508,直连,,87.09536109148111,122.0
P00005,leg2-cruise,3444.6700091906123,3449.632018236508,中继,RU-003,124.68746894949425,122.0
P00003,leg2-cruise,3444.675165890949,3454.581651201596,直连,,121.8908980589188,122.0
P00005,leg2-cruise,3449.632018236508,3454.581651201596,中继,RU-003,124.56691935104243,122.0
P00057,leg2-descent,3449.632018236508,3459.0006803864762,直连,,86.18297099135556,122.0
P00272,leg2-descent,3449.632018236508,3459.5312841666837,直连,,86.77711179936423,122.0
P00278,leg2-descent,3449.632018236508,3459.5312841666837,直连,,86.77711179936423,122.0
P00003,leg2-cruise,3454.581651201596,3459.5312841666837,直连,,121.55451796223278,122.0
P00005,leg2-cruise,3454.581651201596,3459.5312841666837,中继,RU-003,124.44482831443933,122.0
P00057,leg2-descent,3459.0006803864762,3468.3693425364445,直连,,85.11536398611196,122.0
P00003,leg2-cruise,3459.5312841666837,3464.4809171317715,直连,,121.38138615181722,122.0
P00005,leg2-cruise,3459.5312841666837,3464.4809171317715,中继,RU-003,124.32099822896569,122.0
P00272,leg2-descent,3459.5312841666837,3469.4305500968594,直连,,85.72451469393575,122.0
P00278,leg2-descent,3459.5312841666837,3469.4305500968594,直连,,85.72451469393575,122.0
P00003,leg2-cruise,3464.4809171317715,3469.4305500968594,直连,,121.20473985809863,122.0
P00005,leg2-cruise,3464.4809171317715,3469.4305500968594,中继,RU-003,124.19537888735915,122.0
P00057,leg2-descent,3468.3693425364445,3477.7380046864128,直连,,83.89790013080224,122.0
P00003,leg2-cruise,3469.4305500968594,3474.3801830619477,直连,,121.02443373670768,122.0
P00005,leg2-cruise,3469.4305500968594,3474.3801830619477,中继,RU-003,124.06791787846947,122.0
P00272,leg2-descent,3469.4305500968594,3479.3298160270356,直连,,84.52653890949233,122.0
P00278,leg2-descent,3469.4305500968594,3479.3298160270356,直连,,84.52653890949233,122.0
P00003,leg2-cruise,3474.3801830619477,3479.3298160270356,直连,,120.84031325622308,122.0
P00005,leg2-cruise,3474.3801830619477,3479.3298160270356,中继,RU-003,123.93856045649265,122.0
P00057,leg2-descent,3477.7380046864128,3487.106666836381,直连,,82.48153156012344,122.0
P00003,leg2-cruise,3479.3298160270356,3484.2794489921234,直连,,120.6522139090149,122.0
P00005,leg2-cruise,3479.3298160270356,3484.2794489921234,中继,RU-003,123.80724940036703,122.0
P00272,leg2-descent,3479.3298160270356,3489.2290819572113,直连,,83.13649211247358,122.0
P00278,leg2-descent,3479.3298160270356,3489.2290819572113,直连,,83.13649211247358,122.0
P00003,leg2-cruise,3484.2794489921234,3489.2290819572113,直连,,120.45996033569965,122.0
P00005,leg2-cruise,3484.2794489921234,3489.2290819572113,中继,RU-003,123.67392486244442,122.0
P00057,leg2-descent,3487.106666836381,3496.4753289863493,直连,,80.78832779248985,122.0
P00003,leg2-cruise,3489.2290819572113,3494.178714922299,直连,,120.26336535165147,122.0
P00005,leg2-cruise,3489.2290819572113,3494.178714922299,中继,RU-003,123.53852420541538,122.0
P00272,leg2-descent,3489.2290819572113,3499.128347887387,直连,,81.48080271783773,122.0
P00278,leg2-descent,3489.2290819572113,3499.128347887387,直连,,81.48080271783773,122.0
P00003,leg2-cruise,3494.178714922299,3499.128347887387,直连,,120.06222886212662,122.0
P00005,leg2-cruise,3494.178714922299,3499.128347887387,中继,RU-003,123.40098182641013,122.0
P00057,leg2-descent,3496.4753289863493,3505.8439911363175,直连,,78.6831228052738,122.0
P00003,leg2-cruise,3499.128347887387,3504.077980852475,直连,,119.85633665041325,122.0
P00005,leg2-cruise,3499.128347887387,3504.077980852475,中继,RU-003,123.26122896702127,122.0
P00272,leg2-descent,3499.128347887387,3509.0276138175627,直连,,79.43337213110416,122.0
P00278,leg2-descent,3499.128347887387,3509.0276138175627,直连,,79.43337213110416,122.0
P00003,leg2-cruise,3504.077980852475,3509.0276138175627,直连,,119.64545902080458,122.0
P00005,leg2-cruise,3504.077980852475,3509.0276138175627,中继,RU-003,123.11919350788614,122.0
P00057,leg2-descent,3505.8439911363175,3515.212653286286,直连,,75.89866679629591,122.0
P00003,leg2-cruise,3509.0276138175627,3513.9772467826506,直连,,119.42934927506268,122.0
P00005,leg2-cruise,3509.0276138175627,3513.9772467826506,中继,RU-003,122.97479974630961,122.0
P00272,leg2-descent,3509.0276138175627,3518.9268797477384,直连,,76.7494377409304,122.0
P00278,leg2-descent,3509.0276138175627,3518.9268797477384,直连,,76.7494377409304,122.0
P00003,leg2-cruise,3513.9772467826506,3518.9268797477384,直连,,119.2077419973323,122.0
P00005,leg2-cruise,3513.9772467826506,3518.9268797477384,中继,RU-003,122.82796815519453,122.0
P00057,leg2-descent,3515.212653286286,3524.581315436254,直连,,71.7756448835376,122.0
P00003,leg2-cruise,3518.9268797477384,3523.8765127128263,直连,,118.98035111798036,122.0
P00005,leg2-cruise,3518.9268797477384,3523.8765127128263,中继,RU-003,122.67861512139909,122.0
P00272,leg2-descent,3518.9268797477384,3528.8261456779146,直连,,72.84501390651086,122.0
P00278,leg2-descent,3518.9268797477384,3528.8261456779146,直连,,72.84501390651086,122.0
P00003,leg2-cruise,3523.8765127128263,3528.8261456779146,直连,,118.74686772134754,122.0
P00005,leg2-cruise,3523.8765127128263,3528.8261456779146,中继,RU-003,122.52665266135232,122.0
P00057,leg2-descent,3524.581315436254,3533.9499775862223,直连,,63.65242876391023,122.0
P00003,leg2-cruise,3528.8261456779146,3533.7757786430025,直连,,118.50695755589228,122.0
P00005,leg2-cruise,3528.8261456779146,3533.7757786430025,中继,RU-003,122.37198811153276,122.0
P00272,leg2-descent,3528.8261456779146,3538.7254116080903,直连,,65.56374720702055,122.0
P00278,leg2-descent,3528.8261456779146,3538.7254116080903,直连,,65.56374720702055,122.0
P00003,leg2-cruise,3533.7757786430025,3538.7254116080903,直连,,118.26025819703037,122.0
P00005,leg2-cruise,3533.7757786430025,3538.7254116080903,中继,RU-003,122.21452379109583,122.0
P00057,leg2-descent,3533.9499775862223,3543.3186397361906,直连,,58.42444818819898,122.0
P00003,leg2-cruise,3538.7254116080903,3543.675044573178,直连,,118.00637580320779,122.0
P00005,leg2-cruise,3538.7254116080903,3543.675044573178,中继,RU-003,122.05415663359375,122.0
P00272,leg2-descent,3538.7254116080903,3548.624677538266,直连,,55.458023118479026,122.0
P00278,leg2-descent,3538.7254116080903,3548.624677538266,直连,,55.458023118479026,122.0
P00003,leg2-cruise,3543.675044573178,3548.624677538266,直连,,117.74488139345293,122.0
P00005,leg2-cruise,3543.675044573178,3548.624677538266,直连,,121.89077778432834,122.0
P00003,leg2-cruise,3548.624677538266,3553.5860419966198,直连,,117.47498209802944,122.0
P00005,leg2-cruise,3548.624677538266,3553.581529883825,直连,,121.72414955927545,122.0
P00272,leg2-descent,3548.624677538266,3549.3186397361906,直连,,65.68968072625788,122.0
P00278,leg2-descent,3548.624677538266,3549.3186397361906,直连,,65.68968072625788,122.0
P00005,leg2-cruise,3553.581529883825,3558.5383822293843,直连,,121.55414291044859,122.0
P00003,leg2-cruise,3553.5860419966198,3558.5474064549735,直连,,107.19613356282917,122.0
P00005,leg2-cruise,3558.5383822293843,3563.4952345749434,直连,,121.38074849482098,122.0
P00003,leg2-cruise,3558.5474064549735,3563.508770913327,直连,,106.90808328446575,122.0
P00005,leg2-cruise,3563.4952345749434,3568.4520869205026,直连,,121.20382881843098,122.0
P00003,leg2-cruise,3563.508770913327,3568.470135371681,直连,,106.61020674876848,122.0
P00005,leg2-cruise,3568.4520869205026,3573.4089392660617,直连,,121.02323786097466,122.0
P00003,leg2-cruise,3568.470135371681,3573.4314998300347,直连,,106.30181403512509,122.0
P00005,leg2-cruise,3573.4089392660617,3578.3657916116213,直连,,120.83882035748952,122.0
P00003,leg2-cruise,3573.4314998300347,3578.3928642883884,直连,,105.98214041780248,122.0
P00005,leg2-cruise,3578.3657916116213,3583.3226439571804,直连,,120.65041100294316,122.0
P00003,leg2-cruise,3578.3928642883884,3583.354228746742,直连,,105.65033522993043,122.0
P00005,leg2-cruise,3583.3226439571804,3588.2794963027395,直连,,120.45783356961053,122.0
P00003,leg2-cruise,3583.354228746742,3588.315593205096,直连,,105.30544859368226,122.0
P00005,leg2-cruise,3588.2794963027395,3593.2363486482986,直连,,120.26089992552389,122.0
P00003,leg2-cruise,3588.315593205096,3593.2769576634496,直连,,104.94641551157956,122.0
P00005,leg2-cruise,3593.2363486482986,3598.1932009938578,直连,,120.05940894044411,122.0
P00003,leg2-cruise,3593.2769576634496,3598.2383221218033,直连,,104.5720366704833,122.0
P00005,leg2-cruise,3598.1932009938578,3603.150053339417,直连,,119.8531452635254,122.0
P00003,leg2-cruise,3598.2383221218033,3603.199686580157,直连,,104.18095511868917,122.0
P00005,leg2-cruise,3603.150053339417,3608.106905684976,直连,,119.64187795430895,122.0
P00003,leg2-cruise,3603.199686580157,3608.161051038511,直连,,103.77162771922228,122.0
P00005,leg2-cruise,3608.106905684976,3613.0637580305356,直连,,119.42535894539617,122.0
P00003,leg2-cruise,3608.161051038511,3613.1224154968645,直连,,103.34228993298188,122.0
P00005,leg2-cruise,3613.0637580305356,3618.0206103760947,直连,,119.2033213114766,122.0
P00003,leg2-cruise,3613.1224154968645,3618.0837799552182,直连,,102.89091200562089,122.0
P00005,leg2-cruise,3618.0206103760947,3622.977462721654,直连,,118.97547731479243,122.0
P00003,leg2-cruise,3618.0837799552182,3623.045144413572,直连,,102.4151439667558,122.0
P00005,leg2-cruise,3622.977462721654,3627.934315067213,直连,,118.74151619156223,122.0
P00003,leg2-cruise,3623.045144413572,3628.0065088719257,直连,,101.9122459179974,122.0
P00005,leg2-cruise,3627.934315067213,3632.891167412772,直连,,118.50110163725203,122.0
P00003,leg2-cruise,3628.0065088719257,3632.9678733302794,直连,,101.3789987672131,122.0
P00005,leg2-cruise,3632.891167412772,3637.8480197583312,直连,,118.25386894037278,122.0
P00003,leg2-cruise,3632.9678733302794,3637.929237788633,直连,,100.81158868249724,122.0
P00005,leg2-cruise,3637.8480197583312,3642.8048721038904,直连,,117.99942170438437,122.0
P00003,leg2-cruise,3637.929237788633,3642.890602246987,直连,,100.2054558306201,122.0
P00005,leg2-cruise,3642.8048721038904,3647.7617244494495,直连,,117.73732808499174,122.0
P00003,leg2-cruise,3642.890602246987,3647.8519667053406,直连,,99.55509405808576,122.0
P00005,leg2-cruise,3647.7617244494495,3652.7185767950086,直连,,117.4671164546464,122.0
P00003,leg2-cruise,3647.8519667053406,3652.8133311636943,直连,,98.85378257251048,122.0
P00005,leg2-cruise,3652.7185767950086,3657.675429140568,直连,,107.18827038698302,122.0
P00003,leg2-cruise,3652.8133311636943,3657.774695622048,直连,,98.0932228417455,122.0
P00005,leg2-cruise,3657.675429140568,3662.6322814861273,直连,,106.90022282979645,122.0
P00003,leg2-cruise,3657.774695622048,3662.736060080402,直连,,97.26304367790149,122.0
P00005,leg2-cruise,3662.6322814861273,3667.5891338316865,直连,,106.60234930479344,122.0
P00003,leg2-cruise,3662.736060080402,3667.6974245387555,直连,,96.3501266471994,122.0
P00005,leg2-cruise,3667.5891338316865,3672.5459861772456,直连,,106.29395993380777,122.0
P00003,leg2-cruise,3667.6974245387555,3672.6587889971092,直连,,95.33770216812756,122.0
P00005,leg2-cruise,3672.5459861772456,3677.5028385228047,直连,,105.97429004159913,122.0
P00003,leg2-cruise,3672.6587889971092,3677.620153455463,直连,,94.20421169769769,122.0
P00005,leg2-cruise,3677.5028385228047,3682.459690868364,直连,,105.64248902174391,122.0
P00003,leg2-cruise,3677.620153455463,3682.5815179138167,直连,,92.92216260310671,122.0
P00005,leg2-cruise,3682.459690868364,3687.416543213923,直连,,105.2976070692678,122.0
P00003,leg2-cruise,3682.5815179138167,3687.5428823721704,直连,,91.45813592103144,122.0
P00005,leg2-cruise,3687.416543213923,3692.373395559482,直连,,104.93857927510673,122.0
P00003,leg2-cruise,3687.5428823721704,3692.504246830524,直连,,89.7786958573688,122.0
P00005,leg2-cruise,3692.373395559482,3697.3302479050412,直连,,104.56420643427464,122.0
P00003,leg2-cruise,3692.504246830524,3697.465611288878,直连,,87.88040001480913,122.0
P00005,leg2-cruise,3697.3302479050412,3702.287100250601,直连,,104.17313172844253,122.0
P00003,leg2-cruise,3697.465611288878,3707.3883402055853,直连,,85.04307661754734,122.0
P00005,leg2-cruise,3702.287100250601,3712.200804941719,直连,,103.76381218663542,122.0
P00003,leg2-descent,3707.3883402055853,3716.451052913105,直连,,83.57175599751194,122.0
P00005,leg2-cruise,3712.200804941719,3717.157657287278,直连,,102.88311611439504,122.0
P00003,leg2-descent,3716.451052913105,3725.5137656206243,直连,,82.14868303046629,122.0
P00005,leg2-cruise,3717.157657287278,3727.0713619783965,直连,,102.40736046494779,122.0
P00003,leg2-descent,3725.5137656206243,3734.576478328144,直连,,80.44587982316204,122.0
P00005,leg2-cruise,3727.0713619783965,3736.9850666695147,直连,,101.37124743929772,122.0
P00003,leg2-descent,3734.576478328144,3743.6391910356633,直连,,78.32578882182625,122.0
P00005,leg2-cruise,3736.9850666695147,3746.8987713606334,直连,,100.19775153281839,122.0
P00003,leg2-descent,3743.6391910356633,3752.7019037431833,直连,,75.51513358475091,122.0
P00005,leg2-cruise,3746.8987713606334,3756.8124760517517,直连,,98.84615079370035,122.0
P00003,leg2-descent,3752.7019037431833,3761.7646164507028,直连,,71.33379743766989,122.0
P00005,leg2-cruise,3756.8124760517517,3761.769328397311,直连,,97.25553184242507,122.0
P00009,leg1-climb,3760.0,3769.8377878639913,直连,,57.78715799352545,122.0
P00003,leg2-descent,3761.7646164507028,3770.8273291582223,直连,,62.967581480229065,122.0
P00005,leg2-cruise,3761.769328397311,3771.683033088429,直连,,96.34270629921781,122.0
P00009,leg1-climb,3769.8377878639913,3779.675575727983,直连,,64.60769433629503,122.0
P00003,leg2-descent,3770.8273291582223,3779.8900418657418,直连,,58.81621869882939,122.0
P00005,leg2-cruise,3771.683033088429,3781.5967377795478,直连,,94.19709972496159,122.0
P00009,leg1-climb,3779.675575727983,3789.513363591974,直连,,72.41229255603298,122.0
P00005,leg2-cruise,3781.5967377795478,3791.510442470666,直连,,91.45172143330682,122.0
P00009,leg1-climb,3789.513363591974,3799.351151455966,直连,,76.45571014570143,122.0
P00005,leg2-cruise,3791.510442470666,3806.3809995073434,直连,,87.87588877116872,122.0
P00009,leg1-climb,3799.351151455966,3809.188939319957,直连,,79.20398698872128,122.0
P00005,leg2-descent,3806.3809995073434,3815.443712214863,直连,,83.70203514878814,122.0
P00009,leg1-climb,3809.188939319957,3819.026727183949,直连,,81.28851928514254,122.0
P00005,leg2-descent,3815.443712214863,3824.5064249223824,直连,,82.60060539027981,122.0
P00009,leg1-climb,3819.026727183949,3828.86451504794,直连,,82.9683470038326,122.0
P00005,leg2-descent,3824.5064249223824,3833.569137629902,直连,,81.33894249348711,122.0
P00009,leg1-climb,3828.86451504794,3838.702302911932,直连,,84.37535251611908,122.0
P00005,leg2-descent,3833.569137629902,3842.6318503374214,直连,,79.86235756880029,122.0
P00009,leg1-climb,3838.702302911932,3848.540090775923,直连,,85.58589593940135,122.0
P00005,leg2-descent,3842.6318503374214,3851.694563044941,直连,,78.08228390767965,122.0
P00009,leg1-climb,3848.540090775923,3858.377878639915,直连,,86.64817958554178,122.0
P00005,leg2-descent,3851.694563044941,3860.757275752461,直连,,75.84081988613714,122.0
P00009,leg1-climb,3858.377878639915,3868.215666503906,直连,,87.59458885927577,122.0
P00005,leg2-descent,3860.757275752461,3869.8199884599803,直连,,72.81181900314034,122.0
P00009,leg1-cruise,3868.215666503906,3878.1460029673694,直连,,88.39950010195224,122.0
P00030,leg1-climb,3869.0,3878.0818271213107,直连,,56.14690637486086,122.0
P00005,leg2-descent,3869.8199884599803,3878.8827011675,直连,,68.12129058668637,122.0
P00030,leg1-climb,3878.0818271213107,3887.1636542426213,直连,,66.44393381693283,122.0
P00009,leg1-cruise,3878.1460029673694,3883.1111711991016,直连,,89.9415160682766,122.0
P00005,leg2-descent,3878.8827011675,3887.9454138750193,直连,,57.186553106945894,122.0
P00009,leg1-cruise,3883.1111711991016,3888.0763394308333,直连,,91.21763636207842,122.0
P00030,leg1-climb,3887.1636542426213,3896.2454813639324,直连,,73.69960056864687,122.0
P00005,leg2-descent,3887.9454138750193,3897.008126582539,直连,,60.83241723397051,122.0
P00009,leg1-cruise,3888.0763394308333,3898.0066758942967,直连,,92.48696591046098,122.0
P00030,leg1-climb,3896.2454813639324,3905.327308485243,直连,,77.59694866756882,122.0
P00009,leg1-cruise,3898.0066758942967,3907.9370123577605,直连,,94.78365360872156,122.0
P00030,leg1-climb,3905.327308485243,3914.4091356065537,直连,,80.27756706568833,122.0
P00009,leg1-cruise,3907.9370123577605,3917.867348821224,直连,,96.71505276021344,122.0
P00030,leg1-climb,3914.4091356065537,3923.4909627278644,直连,,82.32307378017022,122.0
P00009,leg1-cruise,3917.867348821224,3927.7976852846878,直连,,98.34287500376402,122.0
P00030,leg1-climb,3923.4909627278644,3932.5727898491755,直连,,83.97750685635847,122.0
P00009,leg1-cruise,3927.7976852846878,3932.7628535164195,直连,,99.73661085743754,122.0
P00030,leg1-climb,3932.5727898491755,3941.654616970486,直连,,85.36666880989422,122.0
P00009,leg1-cruise,3932.7628535164195,3942.693189979883,直连,,100.36304185086225,122.0
P00030,leg1-climb,3941.654616970486,3950.736444091797,直连,,86.56398768736526,122.0
P00009,leg1-cruise,3942.693189979883,3952.6235264433467,直连,,101.50126934083328,122.0
P00030,leg1-cruise,3950.736444091797,3960.5606396628405,直连,,87.54759480609417,122.0
P00009,leg1-cruise,3952.6235264433467,3962.5538629068105,直连,,102.5130889289379,122.0
P00030,leg1-cruise,3960.5606396628405,3965.472737448362,直连,,89.33055326601138,122.0
P00009,leg1-cruise,3962.5538629068105,3967.5190311385422,直连,,103.42279788484709,122.0
P00030,leg1-cruise,3965.472737448362,3970.3848352338837,直连,,90.7444552722526,122.0
P00009,leg1-cruise,3967.5190311385422,3972.484199370274,直连,,103.8452200019996,122.0
P00030,leg1-cruise,3970.3848352338837,3975.2969330194055,直连,,92.11326336813129,122.0
P00009,leg1-cruise,3972.484199370274,3977.4493676020056,直连,,104.24855258174799,122.0
P00030,leg1-cruise,3975.2969330194055,3980.2090308049274,直连,,93.3775898404115,122.0
P00009,leg1-cruise,3977.4493676020056,3982.4145358337373,直连,,104.63440450446237,122.0
P00030,leg1-cruise,3980.2090308049274,3985.121128590449,直连,,94.52733542319365,122.0
P00009,leg1-cruise,3982.4145358337373,3987.379704065469,直连,,105.00419464972116,122.0
P00030,leg1-cruise,3985.121128590449,3990.033226375971,直连,,95.57001760219372,122.0
P00009,leg1-cruise,3987.379704065469,3992.3448722972007,直连,,105.35917984044623,122.0
P00030,leg1-cruise,3990.033226375971,3994.945324161493,直连,,96.51798223037905,122.0
P00009,leg1-cruise,3992.3448722972007,3997.310040528933,直连,,105.7004780005654,122.0
P00030,leg1-cruise,3994.945324161493,3999.8574219470142,直连,,97.3837488911487,122.0
P00009,leg1-cruise,3997.310040528933,4002.2752087606646,直连,,106.02908743719729,122.0
P00030,leg1-cruise,3999.8574219470142,4004.769519732536,直连,,98.17852378395649,122.0
P00009,leg1-cruise,4002.2752087606646,4007.2403769923962,直连,,106.3459029734391,122.0
P00030,leg1-cruise,4004.769519732536,4009.681617518058,直连,,98.91188796853753,122.0
P00009,leg1-cruise,4007.2403769923962,4012.2055452241284,直连,,106.65172951110124,122.0
P00030,leg1-cruise,4009.681617518058,4014.5937153035798,直连,,99.59189275499078,122.0
P00009,leg1-cruise,4012.2055452241284,4017.17071345586,直连,,106.94729348670668,122.0
P00030,leg1-cruise,4014.5937153035798,4019.5058130891016,直连,,100.22527147480814,122.0
P00009,leg1-cruise,4017.17071345586,4022.135881687592,直连,,107.23325259263243,122.0
P00030,leg1-cruise,4019.5058130891016,4024.4179108746234,直连,,100.81766150204196,122.0
P00009,leg1-cruise,4022.135881687592,4027.1010499193235,直连,,107.5102040629023,122.0
P00030,leg1-cruise,4024.4179108746234,4029.3300086601453,直连,,101.37380162007327,122.0
P00009,leg1-cruise,4027.1010499193235,4032.066218151055,直连,,107.77869176600413,122.0
P00030,leg1-cruise,4029.3300086601453,4034.2421064456666,直连,,101.89769682447194,122.0
P00009,leg1-cruise,4032.066218151055,4037.0313863827873,直连,,108.03921230163168,122.0
P00030,leg1-cruise,4034.2421064456666,4039.1542042311885,直连,,102.39275228254871,122.0
P00009,leg1-cruise,4037.0313863827873,4041.996554614519,直连,,108.29222026210765,122.0
P00030,leg1-cruise,4039.1542042311885,4044.0663020167103,直连,,102.8618810256615,122.0
P00009,leg1-cruise,4041.996554614519,4046.9617228462507,直连,,108.53813279025465,122.0
P00030,leg1-cruise,4044.0663020167103,4048.978399802232,直连,,103.30759025662475,122.0
P00009,leg1-cruise,4046.9617228462507,4051.926891077983,直连,,108.77733354222242,122.0
P00030,leg1-cruise,4048.978399802232,4053.890497587754,直连,,103.73205059783058,122.0
P00009,leg1-cruise,4051.926891077983,4056.8920593097146,直连,,109.01017614504237,122.0
P00030,leg1-cruise,4053.890497587754,4058.802595373276,直连,,104.1371518458597,122.0
P00009,leg1-cruise,4056.8920593097146,4061.8572275414463,直连,,109.23698722344098,122.0
P00030,leg1-cruise,4058.802595373276,4068.626790944319,直连,,104.7120684254671,122.0
P00009,leg1-cruise,4061.8572275414463,4071.7875640049097,直连,,109.45806905809636,122.0
P00030,leg1-cruise,4068.626790944319,4073.538888729841,直连,,105.25187663565563,122.0
P00009,leg1-cruise,4071.7875640049097,4076.752732236642,直连,,109.88414617651694,122.0
P00030,leg1-cruise,4073.538888729841,4078.4509865153627,直连,,105.59423669086638,122.0
P00009,leg1-cruise,4076.752732236642,4081.7179004683735,直连,,110.08964405057769,122.0
P00030,leg1-cruise,4078.4509865153627,4083.3630843008846,直连,,105.92379231953949,122.0
P00009,leg1-cruise,4081.7179004683735,4086.683068700105,直连,,110.29042132344503,122.0
P00030,leg1-cruise,4083.3630843008846,4088.2751820864064,直连,,106.24145447782129,122.0
P00009,leg1-cruise,4086.683068700105,4091.6482369318373,直连,,110.48668874848093,122.0
P00030,leg1-cruise,4088.2751820864064,4093.187279871928,直连,,106.54804149520172,122.0
P00009,leg1-cruise,4091.6482369318373,4096.613405163569,直连,,110.67864335406315,122.0
P00030,leg1-cruise,4093.187279871928,4098.09937765745,直连,,106.84429105506752,122.0
P00009,leg1-cruise,4096.613405163569,4101.578573395301,直连,,110.8664696032257,122.0
P00030,leg1-cruise,4098.09937765745,4103.0114754429715,直连,,107.13087032588608,122.0
P00009,leg1-cruise,4101.578573395301,4106.543741627032,直连,,111.05034043405841,122.0
P00030,leg1-cruise,4103.0114754429715,4107.923573228493,直连,,107.40838457018563,122.0
P00009,leg1-cruise,4106.543741627032,4111.508909858764,直连,,111.23041819520401,122.0
P00030,leg1-cruise,4107.923573228493,4112.835671014015,直连,,107.67738449397292,122.0
P00009,leg1-cruise,4111.508909858764,4116.474078090496,直连,,111.40685548882831,122.0
P00030,leg1-cruise,4112.835671014015,4117.747768799537,直连,,107.9383725487387,122.0
P00009,leg1-cruise,4116.474078090496,4121.4392463222275,直连,,111.57979593175621,122.0
P00030,leg1-cruise,4117.747768799537,4122.659866585059,直连,,108.19180835812303,122.0
P00009,leg1-cruise,4121.4392463222275,4126.404414553959,直连,,111.7493748440944,122.0
P00030,leg1-cruise,4122.659866585059,4127.571964370581,直连,,108.43811340968615,122.0
P00009,leg1-cruise,4126.404414553959,4131.369582785692,直连,,111.91571987342323,122.0
P00030,leg1-cruise,4127.571964370581,4132.4840621561025,直连,,108.67767512688471,122.0
P00009,leg1-cruise,4131.369582785692,4136.3347510174235,直连,,112.07895156163053,122.0
P00030,leg1-cruise,4132.4840621561025,4137.396159941624,直连,,108.91085041611345,122.0
P00009,leg1-cruise,4136.3347510174235,4141.299919249155,直连,,112.23918386057511,122.0
P00030,leg1-cruise,4137.396159941624,4142.308257727145,直连,,109.1379687672542,122.0
P00009,leg1-cruise,4141.299919249155,4146.265087480887,直连,,112.39652460198673,122.0
P00030,leg1-cruise,4142.308257727145,4147.220355512667,直连,,109.35933497303863,122.0
P00009,leg1-cruise,4146.265087480887,4156.19542394435,直连,,112.62733601713106,122.0
P00030,leg1-cruise,4147.220355512667,4157.044551083711,直连,,109.57523152166074,122.0
P00009,leg1-cruise,4156.19542394435,4161.160592176082,直连,,112.85219274992461,122.0
P00030,leg1-cruise,4157.044551083711,4161.956648869233,直连,,109.9916465042937,122.0
P00009,leg1-cruise,4161.160592176082,4166.125760407814,直连,,112.99893744112033,122.0
P00030,leg1-cruise,4161.956648869233,4166.868746654754,直连,,110.19263621556594,122.0
P00009,leg1-cruise,4166.125760407814,4171.090928639545,直连,,113.14325173105625,122.0
P00030,leg1-cruise,4166.868746654754,4176.692942225798,直连,,110.4857008039254,122.0
P00009,leg1-cruise,4171.090928639545,4181.02126510301,直连,,113.28521457161926,122.0
P00030,leg1-cruise,4176.692942225798,4181.60504001132,直连,,110.76924183299954,122.0
P00009,leg1-cruise,4181.02126510301,4185.986433334741,直连,,113.56238307677364,122.0
P00030,leg1-cruise,4181.60504001132,4186.517137796842,直连,,110.95327542960163,122.0
P00009,leg1-cruise,4185.986433334741,4190.951601566473,直连,,113.6977286999131,122.0
P00030,leg1-cruise,4186.517137796842,4191.429235582364,直连,,111.13350599750267,122.0
P00009,leg1-cruise,4190.951601566473,4195.916769798205,直连,,113.83100321024028,122.0
P00030,leg1-cruise,4191.429235582364,4196.341333367885,直连,,111.31008692976016,122.0
P00009,leg1-cruise,4195.916769798205,4200.8819380299365,直连,,113.9622688759197,122.0
P00030,leg1-cruise,4196.341333367885,4201.253431153407,直连,,111.48316255721036,122.0
P00009,leg1-cruise,4200.8819380299365,4205.847106261668,直连,,114.0915852056367,122.0
P00030,leg1-cruise,4201.253431153407,4206.165528938928,直连,,111.65286884588122,122.0
P00009,leg1-cruise,4205.847106261668,4210.812274493401,直连,,114.21900910887189,122.0
P00030,leg1-cruise,4206.165528938928,4211.07762672445,直连,,111.81933402881883,122.0
P00009,leg1-cruise,4210.812274493401,4215.7774427251325,直连,,114.34459504472889,122.0
P00030,leg1-cruise,4211.07762672445,4215.989724509972,直连,,111.98267917957985,122.0
P00009,leg1-cruise,4215.7774427251325,4220.742610956864,直连,,114.46839516029374,122.0
P00030,leg1-cruise,4215.989724509972,4220.901822295494,直连,,112.14301873371214,122.0
P00009,leg1-cruise,4220.742610956864,4225.707779188596,直连,,114.59045941937964,122.0
P00030,leg1-cruise,4220.901822295494,4225.813920081016,直连,,112.3004609637505,122.0
P00009,leg1-cruise,4225.707779188596,4230.672947420328,直连,,114.71083572245759,122.0
P00030,leg1-cruise,4225.813920081016,4230.726017866537,直连,,112.45510841262006,122.0
P00009,leg1-cruise,4230.672947420328,4235.638115652059,直连,,114.82957001848266,122.0
P00030,leg1-cruise,4230.726017866537,4235.638115652059,直连,,112.60705828970539,122.0
P00014,leg1-climb,4232.0,4235.638115652059,直连,,63.30720130522914,122.0
P00009,leg1-cruise,4235.638115652059,4235.796713622597,直连,,114.89020582789827,122.0
P00014,leg1-climb,4235.638115652059,4235.796713622597,直连,,58.990887667040774,122.0
P00030,leg1-cruise,4235.638115652059,4235.796713622597,直连,,112.68446121561207,122.0
P00009,leg1-cruise,4235.796713622597,4240.7565952553105,直连,,114.9503602194053,122.0
P00014,leg1-climb,4235.796713622597,4244.359978705137,直连,,52.59137207261831,122.0
P00030,leg1-cruise,4235.796713622597,4240.711545855887,直连,,112.76122352800827,122.0
P00030,leg1-cruise,4240.711545855887,4245.626378089177,中继,RU-004,112.90805077459436,122.0
P00009,leg1-cruise,4240.7565952553105,4245.716476888025,中继,RU-004,125.06577066527821,122.0
P00014,leg1-climb,4244.359978705137,4252.923243787677,直连,,69.57485975759572,122.0
P00030,leg1-cruise,4245.626378089177,4250.541210322466,中继,RU-004,123.05244353214181,122.0
P00009,leg1-cruise,4245.716476888025,4250.676358520739,中继,RU-004,125.17967068339712,122.0
P00030,leg1-cruise,4250.541210322466,4255.456042555756,中继,RU-004,123.1944810150185,122.0
P00009,leg1-cruise,4250.676358520739,4255.6362401534525,中继,RU-004,125.292099223891,122.0
P00014,leg1-climb,4252.923243787677,4261.486508870217,直连,,74.95800572076448,122.0
P00030,leg1-cruise,4255.456042555756,4260.370874789045,中继,RU-004,123.33423864257736,122.0
P00009,leg1-cruise,4255.6362401534525,4260.596121786166,中继,RU-004,125.40309375221905,122.0
P00030,leg1-cruise,4260.370874789045,4265.2857070223345,中继,RU-004,123.4717882771837,122.0
P00009,leg1-cruise,4260.596121786166,4265.55600341888,中继,RU-004,125.51269032354007,122.0
P00014,leg1-climb,4261.486508870217,4270.049773952758,直连,,78.25650840745064,122.0
P00030,leg1-cruise,4265.2857070223345,4270.200539255624,中继,RU-004,123.60719844391332,122.0
P00009,leg1-cruise,4265.55600341888,4270.5158850515945,中继,RU-004,125.62092365249383,122.0
P00014,leg1-climb,4270.049773952758,4278.613039035298,直连,,80.64143113282461,122.0
P00030,leg1-cruise,4270.200539255624,4275.115371488914,中继,RU-004,123.74053453358498,122.0
P00009,leg1-cruise,4270.5158850515945,4275.475766684308,中继,RU-004,125.72782717872364,122.0
P00030,leg1-cruise,4275.115371488914,4280.0302037222045,中继,RU-004,123.87185899061933,122.0
P00009,leg1-cruise,4275.475766684308,4280.435648317021,中继,RU-004,125.83343312845382,122.0
P00014,leg1-climb,4278.613039035298,4287.176304117838,直连,,82.51059691128643,122.0
P00030,leg1-cruise,4280.0302037222045,4284.945035955494,中继,RU-004,124.00123148705796,122.0
P00009,leg1-cruise,4280.435648317021,4285.395529949736,中继,RU-004,125.93777257239897,122.0
P00030,leg1-cruise,4284.945035955494,4289.859868188783,中继,RU-004,124.12870908395476,122.0
P00009,leg1-cruise,4285.395529949736,4290.35541158245,中继,RU-004,126.04087548026456,122.0
P00014,leg1-cruise,4287.176304117838,4296.958663764359,直连,,84.29680039593663,122.0
P00030,leg1-cruise,4289.859868188783,4294.774700422073,中继,RU-004,124.25434638120969,122.0
P00009,leg1-cruise,4290.35541158245,4295.315293215163,中继,RU-004,126.14277077207817,122.0
P00030,leg1-cruise,4294.774700422073,4299.689532655362,中继,RU-004,124.37819565683046,122.0
P00009,leg1-cruise,4295.315293215163,4300.275174847877,中继,RU-004,126.2434863665691,122.0
P00014,leg1-cruise,4296.958663764359,4301.849843587619,直连,,87.4438721283953,122.0
P00030,leg1-cruise,4299.689532655362,4304.604364888652,中继,RU-004,124.50030699650041,122.0
P00009,leg1-cruise,4300.275174847877,4305.235056480591,中继,RU-004,126.34304922679222,122.0
P00014,leg1-cruise,4301.849843587619,4306.74102341088,直连,,89.45550267548676,122.0
P00030,leg1-cruise,4304.604364888652,4314.434029355231,中继,RU-004,124.68031986815595,122.0
P00009,leg1-cruise,4305.235056480591,4310.194938113305,中继,RU-004,126.44148540319242,122.0
P00014,leg1-cruise,4306.74102341088,4311.63220323414,直连,,91.19989882662571,122.0
P00009,leg1-cruise,4310.194938113305,4315.154819746019,中继,RU-004,126.53882007427015,122.0
P00014,leg1-cruise,4311.63220323414,4316.523383057401,直连,,92.70282914046328,122.0
P00030,leg1-cruise,4314.434029355231,4324.263693821811,中继,RU-004,124.91468624651866,122.0
P00009,leg1-cruise,4315.154819746019,4320.114701378732,中继,RU-004,126.63507758501014,122.0
P00014,leg1-cruise,4316.523383057401,4321.414562880661,直连,,94.00950371310928,122.0
P00009,leg1-cruise,4320.114701378732,4325.0745830114465,中继,RU-004,126.7302814832231,122.0
P00014,leg1-cruise,4321.414562880661,4326.305742703921,直连,,95.15938958848105,122.0
P00030,leg1-cruise,4324.263693821811,4329.1785260551005,中继,RU-004,125.08640873256691,122.0
P00009,leg1-cruise,4325.0745830114465,4330.034464644161,中继,RU-004,126.824454553923,122.0
P00014,leg1-cruise,4326.305742703921,4331.196922527182,直连,,96.18320940795647,122.0
P00030,leg1-cruise,4329.1785260551005,4334.09335828839,中继,RU-004,125.19903571300087,122.0
P00009,leg1-cruise,4330.034464644161,4334.994346276874,中继,RU-004,126.91761885188185,122.0
P00014,leg1-cruise,4331.196922527182,4336.088102350443,直连,,97.10433672163296,122.0
P00030,leg1-cruise,4334.09335828839,4339.008190521679,中继,RU-004,125.3102231560904,122.0
P00009,leg1-cruise,4334.994346276874,4339.954227909588,中继,RU-004,127.0097957324636,122.0
P00014,leg1-cruise,4336.088102350443,4340.979282173703,直连,,97.94061240182258,122.0
P00030,leg1-cruise,4339.008190521679,4343.923022754969,中继,RU-004,125.42000734174988,122.0
P00009,leg1-cruise,4339.954227909588,4344.914109542302,中继,RU-004,127.10100588085072,122.0
P00014,leg1-cruise,4340.979282173703,4345.870461996963,直连,,98.70581571129202,122.0
P00030,leg1-cruise,4343.923022754969,4348.837854988258,中继,RU-004,125.52842319742696,122.0
P00009,leg1-cruise,4344.914109542302,4349.873991175016,中继,RU-004,127.1912693397609,122.0
P00014,leg1-cruise,4345.870461996963,4350.761641820223,直连,,99.41074153392165,122.0
P00030,leg1-cruise,4348.837854988258,4353.7526872215485,中继,RU-004,125.63550436440842,122.0
P00009,leg1-cruise,4349.873991175016,4354.83387280773,中继,RU-004,127.28060553575098,122.0
P00014,leg1-cruise,4350.761641820223,4355.652821643484,直连,,100.06396936165515,122.0
P00030,leg1-cruise,4353.7526872215485,4358.667519454839,中继,RU-004,125.74128326011353,122.0
P00009,leg1-cruise,4354.83387280773,4359.793754440443,中继,RU-004,127.36903330418437,122.0
P00014,leg1-cruise,4355.652821643484,4360.544001466744,直连,,100.67241185085949,122.0
P00030,leg1-cruise,4358.667519454839,4363.582351688128,中继,RU-004,125.8457911366665,122.0
P00009,leg1-cruise,4359.793754440443,4364.753636073157,中继,RU-004,127.45657091295189,122.0
P00014,leg1-cruise,4360.544001466744,4365.435181290004,直连,,101.24170959282945,122.0
P00030,leg1-cruise,4363.582351688128,4368.497183921418,中继,RU-004,125.94905813601522,122.0
P00009,leg1-cruise,4364.753636073157,4369.713517705872,中继,RU-004,127.54323608501576,122.0
P00014,leg1-cruise,4365.435181290004,4370.326361113264,直连,,101.77651878039151,122.0
P00030,leg1-cruise,4368.497183921418,4373.412016154707,中继,RU-004,126.05111334182877,122.0
P00009,leg1-cruise,4369.713517705872,4374.673399338585,中继,RU-004,127.62904601984476,122.0
P00014,leg1-cruise,4370.326361113264,4375.217540936525,直连,,102.28072371287145,122.0
P00030,leg1-cruise,4373.412016154707,4383.241680621286,中继,RU-004,126.201985185597,122.0
P00009,leg1-cruise,4374.673399338585,4384.593162604013,中继,RU-004,127.75619374281203,122.0
P00014,leg1-cruise,4375.217540936525,4384.999900583046,直连,,102.75759594485905,122.0
P00030,leg1-cruise,4383.241680621286,4388.156512854575,中继,RU-004,126.35028416825858,122.0
P00009,leg1-descent,4384.593162604013,4394.034227396222,中继,RU-004,127.8396019212693,122.0
P00014,leg1-cruise,4384.999900583046,4389.891080406306,直连,,103.6400614983101,122.0
P00030,leg1-cruise,4388.156512854575,4393.071345087866,中继,RU-004,126.44776352548584,122.0
P00014,leg1-cruise,4389.891080406306,4394.782260229566,直连,,104.05008868955355,122.0
P00030,leg1-cruise,4393.071345087866,4397.986177321156,中继,RU-004,126.54416225128062,122.0
P00009,leg1-descent,4394.034227396222,4403.475292188431,中继,RU-004,127.8389692112617,122.0
P00014,leg1-cruise,4394.782260229566,4399.673440052828,直连,,104.44177981123944,122.0
P00030,leg1-cruise,4397.986177321156,4402.901009554445,中继,RU-004,126.63950401533546,122.0
P00014,leg1-cruise,4399.673440052828,4404.564619876088,直连,,104.81669282188803,122.0
P00030,leg1-cruise,4402.901009554445,4412.730674021024,中继,RU-004,126.78058475274054,122.0
P00009,leg1-descent,4403.475292188431,4412.916356980641,中继,RU-004,127.83838799157868,122.0
P00014,leg1-cruise,4404.564619876088,4414.346979522608,直连,,105.17619657847864,122.0
P00030,leg1-cruise,4412.730674021024,4417.645506254314,中继,RU-004,126.91941290341273,122.0
P00009,leg1-descent,4412.916356980641,4422.35742177285,中继,RU-004,127.83785828290769,122.0
P00014,leg1-cruise,4414.346979522608,4419.238159345869,直连,,115.85367610379032,122.0
P00030,leg1-cruise,4417.645506254314,4422.560338487603,中继,RU-004,127.01074863208333,122.0
P00014,leg1-cruise,4419.238159345869,4424.129339169129,直连,,116.17368113241078,122.0
P00009,leg1-descent,4422.35742177285,4431.798486565059,中继,RU-004,127.83738010410832,122.0
P00030,leg1-cruise,4422.560338487603,4427.4751707208925,中继,RU-004,127.10113485338768,122.0
P00014,leg1-cruise,4424.129339169129,4429.020518992389,直连,,116.48237118698401,122.0
P00030,leg1-cruise,4427.4751707208925,4432.390002954183,中继,RU-004,127.1905910864723,122.0
P00014,leg1-cruise,4429.020518992389,4433.91169881565,直连,,116.78051549497086,122.0
P00009,leg1-descent,4431.798486565059,4441.239551357268,中继,RU-004,127.8369534722101,122.0
P00030,leg1-cruise,4432.390002954183,4437.304835187473,中继,RU-004,127.27913625529814,122.0
P00014,leg1-cruise,4433.91169881565,4438.80287863891,直连,,117.06880776011612,122.0
P00030,leg1-cruise,4437.304835187473,4442.219667420763,中继,RU-004,127.36678871257439,122.0
P00014,leg1-cruise,4438.80287863891,4443.694058462171,直连,,117.34787569431475,122.0
P00009,leg1-descent,4441.239551357268,4450.680616149478,中继,RU-004,127.83657840241057,122.0
P00030,leg1-cruise,4442.219667420763,4447.134499654052,中继,RU-004,127.45356626250027,122.0
P00014,leg1-cruise,4443.694058462171,4448.585238285431,直连,,117.61828909788396,122.0
P00030,leg1-cruise,4447.134499654052,4452.049331887341,中继,RU-004,127.53948618238587,122.0
P00014,leg1-cruise,4448.585238285431,4453.476418108691,直连,,117.88056674461147,122.0
P00009,leg1-descent,4450.680616149478,4460.1216809416865,中继,RU-004,127.8362549080733,122.0
P00030,leg1-cruise,4452.049331887341,4456.964164120631,中继,RU-004,127.62456524322045,122.0
P00014,leg1-cruise,4453.476418108691,4458.367597931952,直连,,118.13518227680555,122.0
P00030,leg1-cruise,4456.964164120631,4461.87899635392,中继,RU-004,127.70881972924961,122.0
P00014,leg1-cruise,4458.367597931952,4463.258777755213,直连,,118.38256927582623,122.0
P00009,leg1-descent,4460.1216809416865,4469.562745733896,中继,RU-004,127.83598300072649,122.0
P00030,leg1-cruise,4461.87899635392,4466.79382858721,中继,RU-004,127.7922654566129,122.0
P00014,leg1-cruise,4463.258777755213,4473.041137401733,直连,,118.74095787097,122.0
P00030,leg1-cruise,4466.79382858721,4471.7086608205,中继,RU-004,127.87491779110059,122.0
P00009,S004-handoff,4469.562745733896,4478.557109383081,中继,RU-004,127.83586639527485,122.0
P00030,leg1-cruise,4471.7086608205,4476.62349305379,中继,RU-004,127.95679166507504,122.0
P00014,leg1-cruise,4473.041137401733,4477.932317224993,直连,,119.08518197925402,122.0
P00030,leg1-cruise,4476.62349305379,4481.53832528708,中继,RU-004,128.03790159360892,122.0
P00014,leg1-cruise,4477.932317224993,4482.823497048254,直连,,119.30733115829038,122.0
P00009,S004-handoff,4478.557109383081,4487.551473032267,中继,RU-004,127.83586639527485,122.0
P00030,leg1-cruise,4481.53832528708,4486.453157520369,中继,RU-004,128.11826168987636,122.0
P00014,leg1-cruise,4482.823497048254,4487.714676871514,直连,,119.52395354775173,122.0
P00030,leg1-cruise,4486.453157520369,4491.367989753659,中继,RU-004,128.19788567984313,122.0
P00009,S004-handoff,4487.551473032267,4496.545836681452,中继,RU-004,127.83586639527485,122.0
P00014,leg1-cruise,4487.714676871514,4492.605856694774,直连,,119.73531684700113,122.0
P00030,leg1-descent,4491.367989753659,4499.52873633569,中继,RU-004,128.23712948451592,122.0
P00014,leg1-cruise,4492.605856694774,4497.497036518034,直连,,119.94166980796439,122.0
P00009,S004-handoff,4496.545836681452,4505.540200330637,中继,RU-004,127.83586639527485,122.0
P00014,leg1-cruise,4497.497036518034,4502.388216341295,直连,,120.14324397823023,122.0
P00030,leg1-descent,4499.52873633569,4507.689482917721,中继,RU-004,128.23657795710423,122.0
P00014,leg1-cruise,4502.388216341295,4507.279396164556,直连,,120.34025524862679,122.0
P00009,S004-handoff,4505.540200330637,4514.534563979822,中继,RU-004,127.83586639527485,122.0
P00014,leg1-cruise,4507.279396164556,4512.170575987816,直连,,120.53290523096342,122.0
P00030,leg1-descent,4507.689482917721,4515.8502294997525,中继,RU-004,128.2360813100873,122.0
P00014,leg1-cruise,4512.170575987816,4517.061755811076,直连,,120.72138248776409,122.0
P00009,S004-handoff,4514.534563979822,4523.528927629008,中继,RU-004,127.83586639527485,122.0
P00030,leg1-descent,4515.8502294997525,4524.010976081783,中继,RU-004,128.23563956230262,122.0
P00014,leg1-cruise,4517.061755811076,4526.844115457598,直连,,120.90586363264774,122.0
P00009,S004-handoff,4523.528927629008,4532.523291278193,中继,RU-004,127.83586639527485,122.0
P00030,leg1-descent,4524.010976081783,4532.171722663815,中继,RU-004,128.23525273050964,122.0
P00014,leg1-cruise,4526.844115457598,4536.626475104118,直连,,121.26349011889212,122.0
P00030,S008-handoff,4532.171722663815,4541.517654927378,中继,RU-004,128.23507991277862,122.0
P00009,S004-handoff,4532.523291278193,4541.517654927378,中继,RU-004,127.83586639527485,122.0
P00014,leg1-cruise,4536.626475104118,4541.517654927378,直连,,121.60699372721658,122.0
P00009,S004-handoff,4541.517654927378,4551.337203133637,中继,RU-004,127.83586639527485,122.0
P00014,leg1-cruise,4541.517654927378,4546.408834750639,直连,,121.77378913094003,122.0
P00030,S008-handoff,4541.517654927378,4551.072610533875,中继,RU-004,128.23507991277862,122.0
P00014,leg1-cruise,4546.408834750639,4551.300014573899,中继,RU-004,121.93744609050815,122.0
P00030,S008-handoff,4551.072610533875,4560.627566140372,中继,RU-004,128.23507991277862,122.0
P00014,leg1-cruise,4551.300014573899,4556.191194397159,中继,RU-004,122.09808037525721,122.0
P00009,S004-handoff,4551.337203133637,4561.156751339895,中继,RU-004,127.83586639527485,122.0
P00014,leg1-cruise,4556.191194397159,4561.08237422042,中继,RU-004,122.25580147297396,122.0
P00030,S008-handoff,4560.627566140372,4570.1825217468695,中继,RU-004,128.23507991277862,122.0
P00014,leg1-cruise,4561.08237422042,4565.97355404368,中继,RU-004,122.41071303569954,122.0
P00009,S004-handoff,4561.156751339895,4570.976299546152,中继,RU-004,127.83586639527485,122.0
P00014,leg1-cruise,4565.97355404368,4570.864733866941,中继,RU-004,122.56291328673377,122.0
P00030,S008-handoff,4570.1825217468695,4579.737477353367,中继,RU-004,128.23507991277862,122.0
P00014,leg1-cruise,4570.864733866941,4575.755913690201,中继,RU-004,122.71249539279307,122.0
P00009,S004-handoff,4570.976299546152,4580.795847752411,中继,RU-004,127.83586639527485,122.0
P00014,leg1-cruise,4575.755913690201,4580.647093513461,中继,RU-004,122.85954780486459,122.0
P00030,S008-handoff,4579.737477353367,4589.292432959864,中继,RU-004,128.23507991277862,122.0
P00014,leg1-cruise,4580.647093513461,4585.538273336722,中继,RU-004,123.00415457083115,122.0
P00009,S004-handoff,4580.795847752411,4590.615395958669,中继,RU-004,127.83586639527485,122.0
P00014,leg1-cruise,4585.538273336722,4590.429453159983,中继,RU-004,123.14639562265594,122.0
P00030,S008-handoff,4589.292432959864,4598.84738856636,中继,RU-004,128.23507991277862,122.0
P00014,leg1-cruise,4590.429453159983,4595.320632983243,中继,RU-004,123.28634704053479,122.0
P00009,S004-handoff,4590.615395958669,4600.434944164927,中继,RU-004,127.83586639527485,122.0
P00014,leg1-cruise,4595.320632983243,4600.211812806503,中继,RU-004,123.42408129623246,122.0
P00030,S008-handoff,4598.84738856636,4608.402344172857,中继,RU-004,128.23507991277862,122.0
P00014,leg1-cruise,4600.211812806503,4605.102992629763,中继,RU-004,123.55966747750654,122.0
P00009,S004-handoff,4600.434944164927,4610.254492371185,中继,RU-004,127.83586639527485,122.0
P00014,leg1-cruise,4605.102992629763,4609.994172453024,中继,RU-004,123.69317149536668,122.0
P00030,S008-handoff,4608.402344172857,4617.957299779354,中继,RU-004,128.23507991277862,122.0
P00014,leg1-cruise,4609.994172453024,4614.885352276284,中继,RU-004,123.82465627572984,122.0
P00009,S004-handoff,4610.254492371185,4620.074040577443,中继,RU-004,127.83586639527485,122.0
P00014,leg1-cruise,4614.885352276284,4619.776532099544,中继,RU-004,123.95418193683868,122.0
P00030,S008-handoff,4617.957299779354,4627.512255385851,中继,RU-004,128.23507991277862,122.0
P00014,leg1-cruise,4619.776532099544,4624.667711922804,中继,RU-004,124.08180595371152,122.0
P00009,S004-handoff,4620.074040577443,4629.8935887837015,中继,RU-004,127.83586639527485,122.0
P00014,leg1-cruise,4624.667711922804,4629.5588917460655,中继,RU-004,124.20758331073095,122.0
P00030,S008-handoff,4627.512255385851,4637.067210992348,中继,RU-004,128.23507991277862,122.0
P00014,leg1-cruise,4629.5588917460655,4634.450071569326,中继,RU-004,124.33156664338517,122.0
P00009,S004-handoff,4629.8935887837015,4639.71313698996,中继,RU-004,127.83586639527485,122.0
P00014,leg1-cruise,4634.450071569326,4639.341251392586,中继,RU-004,124.45380637008202,122.0
P00030,S008-handoff,4637.067210992348,4646.622166598845,中继,RU-004,128.23507991277862,122.0
P00014,leg1-cruise,4639.341251392586,4644.232431215846,中继,RU-004,124.57435081484768,122.0
P00009,S004-handoff,4639.71313698996,4649.532685196217,中继,RU-004,127.83586639527485,122.0
P00014,leg1-cruise,4644.232431215846,4649.123611039106,中继,RU-004,124.69324632165586,122.0
P00030,S008-handoff,4646.622166598845,4656.177122205342,中继,RU-004,128.23507991277862,122.0
P00014,leg1-cruise,4649.123611039106,4654.014790862368,中继,RU-004,124.81053736107583,122.0
P00009,S004-handoff,4649.532685196217,4659.352233402476,中继,RU-004,127.83586639527485,122.0
P00014,leg1-cruise,4654.014790862368,4658.905970685628,中继,RU-004,124.92626662982772,122.0
P00030,S008-handoff,4656.177122205342,4665.732077811839,中继,RU-004,128.23507991277862,122.0
P00014,leg1-cruise,4658.905970685628,4663.797150508888,中继,RU-004,125.04047514382842,122.0
P00009,S004-handoff,4659.352233402476,4669.171781608734,中继,RU-004,127.83586639527485,122.0
P00014,leg1-cruise,4663.797150508888,4668.688330332148,中继,RU-004,125.15320232520963,122.0
P00030,S008-handoff,4665.732077811839,4675.287033418336,中继,RU-004,128.23507991277862,122.0
P00014,leg1-descent,4668.688330332148,4677.118851979284,中继,RU-004,125.20863053121289,122.0
P00009,S004-handoff,4669.171781608734,4678.991329814992,中继,RU-004,127.83586639527485,122.0
P00030,S008-handoff,4675.287033418336,4684.841989024833,中继,RU-004,128.23507991277862,122.0
P00014,leg1-descent,4677.118851979284,4685.549373626419,中继,RU-004,125.20793517560105,122.0
P00009,S004-handoff,4678.991329814992,4688.81087802125,中继,RU-004,127.83586639527485,122.0
P00030,S008-handoff,4684.841989024833,4694.3969446313295,中继,RU-004,128.23507991277862,122.0
P00014,leg1-descent,4685.549373626419,4693.979895273555,中继,RU-004,125.20735749522541,122.0
P00009,S004-handoff,4688.81087802125,4698.630426227508,中继,RU-004,127.83586639527485,122.0
P00014,S009-handoff,4693.979895273555,4703.979895273555,中继,RU-004,125.20711279830486,122.0
P00030,S008-handoff,4694.3969446313295,4703.9519002378265,中继,RU-004,128.23507991277862,122.0
P00009,S004-handoff,4698.630426227508,4708.449974433766,中继,RU-004,127.83586639527485,122.0
P00030,S008-handoff,4703.9519002378265,4713.506855844324,中继,RU-004,128.23507991277862,122.0
P00014,S009-handoff,4703.979895273555,4713.979895273555,中继,RU-004,125.20711279830486,122.0
P00009,S004-handoff,4708.449974433766,4718.269522640025,中继,RU-004,127.83586639527485,122.0
P00030,S008-handoff,4713.506855844324,4723.061811450821,中继,RU-004,128.23507991277862,122.0
P00014,S009-handoff,4713.979895273555,4723.979895273555,中继,RU-004,125.20711279830486,122.0
P00009,S004-handoff,4718.269522640025,4728.089070846282,中继,RU-004,127.83586639527485,122.0
P00030,S008-handoff,4723.061811450821,4732.616767057318,中继,RU-004,128.23507991277862,122.0
P00014,S009-handoff,4723.979895273555,4733.979895273555,中继,RU-004,125.20711279830486,122.0
P00009,S004-handoff,4728.089070846282,4737.90861905254,中继,RU-004,127.83586639527485,122.0
P00030,S008-handoff,4732.616767057318,4742.171722663815,中继,RU-004,128.23507991277862,122.0
P00014,S009-handoff,4733.979895273555,4743.979895273555,中继,RU-004,125.20711279830486,122.0
P00009,S004-handoff,4737.90861905254,4747.728167258799,中继,RU-004,127.83586639527485,122.0
P00030,leg2-climb,4742.171722663815,4750.67250035343,中继,RU-004,128.23529808074372,122.0
P00014,S009-handoff,4743.979895273555,4753.979895273555,中继,RU-004,125.20711279830486,122.0
P00009,S004-handoff,4747.728167258799,4757.547715465057,中继,RU-004,127.83586639527485,122.0
P00030,leg2-climb,4750.67250035343,4759.173278043047,中继,RU-004,128.2357987831089,122.0
P00014,S009-handoff,4753.979895273555,4763.979895273555,中继,RU-004,125.20711279830486,122.0
P00009,S004-handoff,4757.547715465057,4767.3672636713145,中继,RU-004,127.83586639527485,122.0
P00030,leg2-climb,4759.173278043047,4767.674055732663,中继,RU-004,128.23638528211953,122.0
P00014,S009-handoff,4763.979895273555,4773.979895273555,中继,RU-004,125.20711279830486,122.0
P00009,S004-handoff,4767.3672636713145,4777.186811877573,中继,RU-004,127.83586639527485,122.0
P00030,leg2-climb,4767.674055732663,4776.174833422278,中继,RU-004,128.23705754301272,122.0
P00014,S009-handoff,4773.979895273555,4783.979895273555,中继,RU-004,125.20711279830486,122.0
P00030,leg2-cruise,4776.174833422278,4781.089665655569,中继,RU-004,128.19788567984313,122.0
P00009,S004-handoff,4777.186811877573,4787.006360083831,中继,RU-004,127.83586639527485,122.0
P00030,leg2-cruise,4781.089665655569,4786.004497888858,中继,RU-004,128.11826168987636,122.0
P00014,S009-handoff,4783.979895273555,4793.979895273555,中继,RU-004,125.20711279830486,122.0
P00030,leg2-cruise,4786.004497888858,4790.919330122148,中继,RU-004,128.03790159360892,122.0
P00009,S004-handoff,4787.006360083831,4796.8259082900895,中继,RU-004,127.83586639527485,122.0
P00030,leg2-cruise,4790.919330122148,4795.834162355437,中继,RU-004,127.95679166507504,122.0
P00014,S009-handoff,4793.979895273555,4803.979895273555,中继,RU-004,125.20711279830486,122.0
P00030,leg2-cruise,4795.834162355437,4800.748994588726,中继,RU-004,127.87491779110059,122.0
P00009,S004-handoff,4796.8259082900895,4806.645456496347,中继,RU-004,127.83586639527485,122.0
P00030,leg2-cruise,4800.748994588726,4805.663826822017,中继,RU-004,127.7922654566129,122.0
P00014,S009-handoff,4803.979895273555,4813.979895273555,中继,RU-004,125.20711279830486,122.0
P00030,leg2-cruise,4805.663826822017,4810.578659055306,中继,RU-004,127.70881972924961,122.0
P00009,S004-handoff,4806.645456496347,4816.465004702605,中继,RU-004,127.83586639527485,122.0
P00030,leg2-cruise,4810.578659055306,4815.493491288596,中继,RU-004,127.62456524322045,122.0
P00014,S009-handoff,4813.979895273555,4823.979895273555,中继,RU-004,125.20711279830486,122.0
P00030,leg2-cruise,4815.493491288596,4820.408323521886,中继,RU-004,127.53948618238587,122.0
P00009,S004-handoff,4816.465004702605,4826.284552908864,中继,RU-004,127.83586639527485,122.0
P00030,leg2-cruise,4820.408323521886,4825.323155755175,中继,RU-004,127.45356626250027,122.0
P00014,S009-handoff,4823.979895273555,4833.979895273555,中继,RU-004,125.20711279830486,122.0
P00030,leg2-cruise,4825.323155755175,4830.237987988465,中继,RU-004,127.36678871257439,122.0
P00009,S004-handoff,4826.284552908864,4836.104101115122,中继,RU-004,127.83586639527485,122.0
P00030,leg2-cruise,4830.237987988465,4835.152820221754,中继,RU-004,127.27913625529814,122.0
P00014,S009-handoff,4833.979895273555,4843.979895273555,中继,RU-004,125.20711279830486,122.0
P00030,leg2-cruise,4835.152820221754,4840.067652455044,中继,RU-004,127.1905910864723,122.0
P00009,S004-handoff,4836.104101115122,4845.923649321379,中继,RU-004,127.83586639527485,122.0
P00030,leg2-cruise,4840.067652455044,4844.982484688334,中继,RU-004,127.10113485338768,122.0
P00014,S009-handoff,4843.979895273555,4853.979895273555,中继,RU-004,125.20711279830486,122.0
P00030,leg2-cruise,4844.982484688334,4849.897316921623,中继,RU-004,127.01074863208333,122.0
P00009,S004-handoff,4845.923649321379,4855.743197527638,中继,RU-004,127.83586639527485,122.0
P00030,leg2-cruise,4849.897316921623,4854.812149154913,中继,RU-004,126.91941290341273,122.0
P00014,S009-handoff,4853.979895273555,4863.979895273555,中继,RU-004,125.20711279830486,122.0
P00030,leg2-cruise,4854.812149154913,4864.6418136214925,中继,RU-004,126.78058475274054,122.0
P00009,S004-handoff,4855.743197527638,4865.562745733896,中继,RU-004,127.83586639527485,122.0
P00014,S009-handoff,4863.979895273555,4873.979895273555,中继,RU-004,125.20711279830486,122.0
P00030,leg2-cruise,4864.6418136214925,4869.556645854782,中继,RU-004,126.63950401533546,122.0
P00009,leg2-climb,4865.562745733896,4875.273555234454,中继,RU-004,127.83601868585879,122.0
P00030,leg2-cruise,4869.556645854782,4874.471478088071,中继,RU-004,126.54416225128062,122.0
P00014,S009-handoff,4873.979895273555,4883.979895273555,中继,RU-004,125.20711279830486,122.0
P00030,leg2-cruise,4874.471478088071,4879.386310321361,中继,RU-004,126.44776352548584,122.0
P00009,leg2-climb,4875.273555234454,4884.984364735012,中继,RU-004,127.83638723235934,122.0
P00030,leg2-cruise,4879.386310321361,4884.301142554651,中继,RU-004,126.35028416825858,122.0
P00014,S009-handoff,4883.979895273555,4893.979895273555,中继,RU-004,125.20711279830486,122.0
P00030,leg2-cruise,4884.301142554651,4894.13080702123,中继,RU-004,126.201985185597,122.0
P00009,leg2-climb,4884.984364735012,4894.6951742355695,中继,RU-004,127.8368410473528,122.0
P00014,S009-handoff,4893.979895273555,4903.979895273555,中继,RU-004,125.20711279830486,122.0
P00030,leg2-cruise,4894.13080702123,4899.04563925452,中继,RU-004,126.05111334182877,122.0
P00009,leg2-climb,4894.6951742355695,4904.405983736128,中继,RU-004,127.83738010410832,122.0
P00030,leg2-cruise,4899.04563925452,4908.875303721099,中继,RU-004,125.94905813601522,122.0
P00014,S009-handoff,4903.979895273555,4913.979895273555,中继,RU-004,125.20711279830486,122.0
P00009,leg2-climb,4904.405983736128,4914.116793236686,中继,RU-004,127.83800437088259,122.0
P00030,leg2-cruise,4908.875303721099,4918.704968187679,中继,RU-004,125.74128326011353,122.0
P00014,S009-handoff,4913.979895273555,4923.979895273555,中继,RU-004,125.20711279830486,122.0
P00009,leg2-climb,4914.116793236686,4923.827602737244,中继,RU-004,127.83871381092604,122.0
P00030,leg2-cruise,4918.704968187679,4928.5346326542585,中继,RU-004,125.52842319742696,122.0
P00009,leg2-climb,4923.827602737244,4933.538412237802,中继,RU-004,127.83950838249001,122.0
P00014,S009-handoff,4923.979895273555,4933.979895273555,中继,RU-004,125.20711279830486,122.0
P00030,leg2-cruise,4928.5346326542585,4938.364297120837,中继,RU-004,125.3102231560904,122.0
P00009,leg2-cruise,4933.538412237802,4943.359181969356,中继,RU-004,127.75703345501047,122.0
P00014,leg2-climb,4933.979895273555,4941.005329979501,中继,RU-004,125.20735749522541,122.0
P00030,leg2-cruise,4938.364297120837,4943.279129354127,中继,RU-004,125.08640873256691,122.0
P00014,leg2-climb,4941.005329979501,4948.030764685447,中继,RU-004,125.20793517560105,122.0
P00030,leg2-cruise,4943.279129354127,4953.1087938207065,中继,RU-004,124.91468624651866,122.0
P00009,leg2-cruise,4943.359181969356,4948.2695668351325,中继,RU-004,127.63117606486456,122.0
P00014,leg2-climb,4948.030764685447,4955.056199391393,中继,RU-004,125.20863053121289,122.0
P00009,leg2-cruise,4948.2695668351325,4953.179951700909,中继,RU-004,127.54624756904498,122.0
P00030,leg2-cruise,4953.1087938207065,4962.938458287285,中继,RU-004,124.68031986815595,122.0
P00009,leg2-cruise,4953.179951700909,4958.090336566686,中继,RU-004,127.46048140097233,122.0
P00014,leg2-cruise,4955.056199391393,4959.849318776515,中继,RU-004,125.15432495706426,122.0
P00009,leg2-cruise,4958.090336566686,4963.000721432463,中继,RU-004,127.37386089088685,122.0
P00014,leg2-cruise,4959.849318776515,4964.642438161637,中继,RU-004,125.04388655748478,122.0
P00030,leg2-cruise,4962.938458287285,4967.853290520576,中继,RU-004,124.50030699650041,122.0
P00009,leg2-cruise,4963.000721432463,4967.91110629824,中继,RU-004,127.28636886702657,122.0
P00014,leg2-cruise,4964.642438161637,4969.435557546758,中继,RU-004,124.9320267470339,122.0
P00030,leg2-cruise,4967.853290520576,4972.768122753865,中继,RU-004,124.37819565683046,122.0
P00009,leg2-cruise,4967.91110629824,4972.821491164017,中继,RU-004,127.1979876352905,122.0
P00014,leg2-cruise,4969.435557546758,4974.22867693188,中继,RU-004,124.81870848630153,122.0
P00030,leg2-cruise,4972.768122753865,4977.6829549871545,中继,RU-004,124.25434638120969,122.0
P00009,leg2-cruise,4972.821491164017,4977.731876029794,中继,RU-004,127.10869895786122,122.0
P00014,leg2-cruise,4974.22867693188,4979.021796317002,中继,RU-004,124.70389327003106,122.0
P00030,leg2-cruise,4977.6829549871545,4982.597787220444,中继,RU-004,124.12870908395476,122.0
P00009,leg2-cruise,4977.731876029794,4982.642260895571,中继,RU-004,127.0184840307291,122.0
P00014,leg2-cruise,4979.021796317002,4983.8149157021235,中继,RU-004,124.5875410487915,122.0
P00030,leg2-cruise,4982.597787220444,4987.512619453733,中继,RU-004,124.00123148705796,122.0
P00009,leg2-cruise,4982.642260895571,4987.552645761349,中继,RU-004,126.92732346003787,122.0
P00014,leg2-cruise,4983.8149157021235,4988.608035087245,中继,RU-004,124.46961014536079,122.0
P00030,leg2-cruise,4987.512619453733,4992.427451687024,中继,RU-004,123.87185899061933,122.0
P00009,leg2-cruise,4987.552645761349,4992.463030627126,中继,RU-004,126.83519723718953,122.0
P00014,leg2-cruise,4988.608035087245,4993.401154472367,中继,RU-004,124.3500571653604,122.0
P00030,leg2-cruise,4992.427451687024,4997.342283920313,中继,RU-004,123.74053453358498,122.0
P00009,leg2-cruise,4992.463030627126,4997.3734154929025,中继,RU-004,126.74208471262077,122.0
P00014,leg2-cruise,4993.401154472367,4998.194273857489,中继,RU-004,124.22883690169056,122.0
P00030,leg2-cruise,4997.342283920313,5002.2571161536025,中继,RU-004,123.60719844391332,122.0
P00009,leg2-cruise,4997.3734154929025,5002.283800358679,中继,RU-004,126.64796456816663,122.0
P00014,leg2-cruise,4998.194273857489,5002.987393242611,中继,RU-004,124.10590223222067,122.0
P00030,leg2-cruise,5002.2571161536025,5007.171948386893,中继,RU-004,123.4717882771837,122.0
P00009,leg2-cruise,5002.283800358679,5007.194185224456,中继,RU-004,126.55281478792303,122.0
P00014,leg2-cruise,5002.987393242611,5007.780512627733,中继,RU-004,123.98120401017026,122.0
P00030,leg2-cruise,5007.171948386893,5012.086780620182,中继,RU-004,123.33423864257736,122.0
P00009,leg2-cruise,5007.194185224456,5012.104570090233,中继,RU-004,126.45661262750943,122.0
P00014,leg2-cruise,5007.780512627733,5012.573632012854,中继,RU-004,123.8546909465397,122.0
P00030,leg2-cruise,5012.086780620182,5017.001612853472,中继,RU-004,123.1944810150185,122.0
P00009,leg2-cruise,5012.104570090233,5017.01495495601,中继,RU-004,126.35933458161328,122.0
P00014,leg2-cruise,5012.573632012854,5017.366751397976,中继,RU-004,123.72630948387815,122.0
P00030,leg2-cruise,5017.001612853472,5021.916445086761,中继,RU-004,123.05244353214181,122.0
P00009,leg2-cruise,5017.01495495601,5021.925339821787,中继,RU-004,126.26095634972064,122.0
P00014,leg2-cruise,5017.366751397976,5022.159870783097,中继,RU-004,123.59600366063992,122.0
P00030,leg2-cruise,5021.916445086761,5026.8312773200505,中继,RU-004,112.90805077459368,122.0
P00009,leg2-cruise,5021.925339821787,5026.835724687564,中继,RU-004,126.16145279989024,122.0
P00014,leg2-cruise,5022.159870783097,5026.952990168219,中继,RU-004,123.46371496524684,122.0
P00030,leg2-cruise,5026.8312773200505,5031.746109553341,直连,,112.76122352800827,122.0
P00009,leg2-cruise,5026.835724687564,5031.746109553341,中继,RU-004,126.06079793045026,122.0
P00014,leg2-cruise,5026.952990168219,5031.746109553341,中继,RU-004,123.32938217891757,122.0
P00009,leg2-cruise,5031.746109553341,5040.159570427145,中继,RU-004,125.92235052409846,122.0
P00014,leg2-cruise,5031.746109553341,5035.952839990243,中继,RU-004,123.20134904751625,122.0
P00030,leg2-cruise,5031.746109553341,5040.159570427145,直连,,112.55809881637023,122.0
P00014,leg2-cruise,5035.952839990243,5040.159570427145,中继,RU-004,123.07992843515524,122.0
P00009,leg2-cruise,5040.159570427145,5048.573031300948,中继,RU-004,125.74429452914256,122.0
P00014,leg2-cruise,5040.159570427145,5048.573031300948,中继,RU-004,122.89455778095451,122.0
P00030,leg2-cruise,5040.159570427145,5048.573031300948,直连,,112.29469868060814,122.0
P00009,leg2-cruise,5048.573031300948,5056.986492174752,中继,RU-004,125.56251839898586,122.0
P00014,leg2-cruise,5048.573031300948,5056.986492174752,中继,RU-004,122.64108460396973,122.0
P00030,leg2-cruise,5048.573031300948,5056.986492174752,直连,,112.09178716630542,122.0
P00009,leg2-cruise,5056.986492174752,5065.399953048556,中继,RU-004,125.37686364920137,122.0
P00014,leg2-cruise,5056.986492174752,5065.399953048556,中继,RU-004,122.38000043661135,122.0
P00030,leg2-cruise,5056.986492174752,5065.399953048556,直连,,111.7427343966309,122.0
P00009,leg2-cruise,5065.399953048556,5069.606683485457,中继,RU-004,125.23497610471193,122.0
P00014,leg2-cruise,5065.399953048556,5069.606683485457,中继,RU-004,122.17891111999748,122.0
P00030,leg2-cruise,5065.399953048556,5073.813413922359,直连,,111.4530643841618,122.0
P00009,leg2-cruise,5069.606683485457,5073.813413922359,中继,RU-004,115.1390826704954,122.0
P00014,leg2-cruise,5069.606683485457,5073.813413922359,中继,RU-004,122.04222108270716,122.0
P00009,leg2-cruise,5073.813413922359,5082.226874796163,中继,RU-004,114.99323179442283,122.0
P00014,leg2-cruise,5073.813413922359,5082.226874796163,直连,,121.8330715931471,122.0
P00030,leg2-cruise,5073.813413922359,5082.226874796163,直连,,111.15343779921338,122.0
P00009,leg2-cruise,5082.226874796163,5082.493459189755,直连,,114.891479229478,122.0
P00014,leg2-cruise,5082.226874796163,5082.493459189755,直连,,121.68624474758622,122.0
P00030,leg2-cruise,5082.226874796163,5082.493459189755,直连,,110.99475638579875,122.0
P00009,leg2-cruise,5082.493459189755,5087.458627421487,直连,,114.82957001848266,122.0
P00014,leg2-cruise,5082.493459189755,5087.379512390062,直连,,121.59789864386205,122.0
P00030,leg2-cruise,5082.493459189755,5092.256497518688,直连,,110.89926070377086,122.0
P00014,leg2-cruise,5087.379512390062,5092.265565590369,直连,,121.42784279179159,122.0
P00009,leg2-cruise,5087.458627421487,5092.423795653219,直连,,114.71083572245759,122.0
P00030,leg2-cruise,5092.256497518688,5097.138016683155,直连,,110.52724737025734,122.0
P00014,leg2-cruise,5092.265565590369,5097.1516187906755,直连,,121.25439614014893,122.0
P00009,leg2-cruise,5092.423795653219,5097.3889638849505,直连,,114.59045941937964,122.0
P00030,leg2-cruise,5097.138016683155,5102.019535847621,直连,,110.33511843231109,122.0
P00014,leg2-cruise,5097.1516187906755,5102.037671990982,直连,,121.07742094304395,122.0
P00009,leg2-cruise,5097.3889638849505,5102.354132116682,直连,,114.46839516029374,122.0
P00030,leg2-cruise,5102.019535847621,5106.901055012087,直连,,110.1386645409853,122.0
P00014,leg2-cruise,5102.037671990982,5106.923725191289,直连,,120.89677090154292,122.0
P00009,leg2-cruise,5102.354132116682,5107.319300348414,直连,,114.34459504472889,122.0
P00030,leg2-cruise,5106.901055012087,5111.782574176554,直连,,109.93768752331627,122.0
P00014,leg2-cruise,5106.923725191289,5111.8097783915955,直连,,120.71229044190467,122.0
P00009,leg2-cruise,5107.319300348414,5112.2844685801465,直连,,114.21900910887189,122.0
P00030,leg2-cruise,5111.782574176554,5116.66409334102,直连,,109.73197534343697,122.0
P00014,leg2-cruise,5111.8097783915955,5116.695831591902,直连,,120.52381391614452,122.0
P00009,leg2-cruise,5112.2844685801465,5117.249636811878,直连,,114.0915852056367,122.0
P00030,leg2-cruise,5116.66409334102,5121.545612505486,直连,,109.52130078666352,122.0
P00014,leg2-cruise,5116.695831591902,5121.581884792209,直连,,120.3311647147899,122.0
P00009,leg2-cruise,5117.249636811878,5122.21480504361,直连,,113.9622688759197,122.0
P00030,leg2-cruise,5121.545612505486,5126.427131669952,直连,,109.30541998472977,122.0
P00014,leg2-cruise,5121.581884792209,5126.4679379925155,直连,,120.13415427994923,122.0
P00009,leg2-cruise,5122.21480504361,5127.179973275342,直连,,113.83100321024028,122.0
P00030,leg2-cruise,5126.427131669952,5131.308650834419,直连,,109.08407075873038,122.0
P00014,leg2-cruise,5126.4679379925155,5131.353991192822,直连,,119.93258100499274,122.0
P00009,leg2-cruise,5127.179973275342,5132.145141507073,直连,,113.6977286999131,122.0
P00030,leg2-cruise,5131.308650834419,5136.190169998885,直连,,108.8569707523035,122.0
P00014,leg2-cruise,5131.353991192822,5136.240044393129,直连,,119.72622900489537,122.0
P00009,leg2-cruise,5132.145141507073,5137.110309738805,直连,,113.56238307677364,122.0
P00030,leg2-cruise,5136.190169998885,5141.071689163352,直连,,108.62381532260146,122.0
P00014,leg2-cruise,5136.240044393129,5141.126097593436,直连,,119.51486673859407,122.0
P00009,leg2-cruise,5137.110309738805,5142.075477970537,直连,,113.42490114039569,122.0
P00030,leg2-cruise,5141.071689163352,5145.953208327818,直连,,108.38427515072816,122.0
P00014,leg2-cruise,5141.126097593436,5146.012150793742,直连,,119.29824546153134,122.0
P00009,leg2-cruise,5142.075477970537,5147.040646202269,直连,,113.28521457161926,122.0
P00030,leg2-cruise,5145.953208327818,5150.834727492284,直连,,108.13799352603027,122.0
P00014,leg2-cruise,5146.012150793742,5150.898203994049,直连,,119.07609748266313,122.0
P00009,leg2-cruise,5147.040646202269,5152.005814434001,直连,,113.14325173105625,122.0
P00030,leg2-cruise,5150.834727492284,5160.597765821217,直连,,107.75507467034853,122.0
P00014,leg2-cruise,5150.898203994049,5155.7842571943565,直连,,118.84813419565984,122.0
P00009,leg2-cruise,5152.005814434001,5156.970982665733,直连,,112.99893744112033,122.0
P00014,leg2-cruise,5155.7842571943565,5160.670310394663,直连,,118.61404384833628,122.0
P00009,leg2-cruise,5156.970982665733,5161.936150897464,直连,,112.85219274992461,122.0
P00030,leg2-cruise,5160.597765821217,5165.479284985684,直连,,107.35465373623326,122.0
P00014,leg2-cruise,5160.670310394663,5170.442416795276,直连,,118.2506742289373,122.0
P00009,leg2-cruise,5161.936150897464,5171.866487360928,直连,,112.62733601713106,122.0
P00030,leg2-cruise,5165.479284985684,5175.242323314616,直连,,107.07717307357397,122.0
P00014,leg2-cruise,5170.442416795276,5175.328469995582,直连,,117.87148994655232,122.0
P00009,leg2-cruise,5171.866487360928,5176.831655592659,直连,,112.39652460198673,122.0
P00030,leg2-cruise,5175.242323314616,5180.123842479083,直连,,106.49442216007998,122.0
P00014,leg2-cruise,5175.328469995582,5180.214523195889,直连,,117.60921427934518,122.0
P00009,leg2-cruise,5176.831655592659,5181.796823824391,直连,,112.23918386057511,122.0
P00030,leg2-cruise,5180.123842479083,5185.005361643549,直连,,106.18788052491405,122.0
P00014,leg2-cruise,5180.214523195889,5185.100576396197,直连,,117.33880304614321,122.0
P00009,leg2-cruise,5181.796823824391,5186.761992056123,直连,,112.07895156163053,122.0
P00030,leg2-cruise,5185.005361643549,5189.886880808015,直连,,105.87026889302567,122.0
P00014,leg2-cruise,5185.100576396197,5189.986629596503,直连,,117.05973749841937,122.0
P00009,leg2-cruise,5186.761992056123,5191.7271602878545,直连,,111.91571987342323,122.0
P00030,leg2-cruise,5189.886880808015,5194.768399972481,直连,,105.54076973862303,122.0
P00014,leg2-cruise,5189.986629596503,5194.872682796809,直连,,116.77144786543474,122.0
P00009,leg2-cruise,5191.7271602878545,5196.692328519586,直连,,111.7493748440944,122.0
P00030,leg2-cruise,5194.768399972481,5199.649919136948,直连,,105.19847307165647,122.0
P00014,leg2-cruise,5194.872682796809,5199.758735997116,直连,,116.47330647010328,122.0
P00009,leg2-cruise,5196.692328519586,5201.657496751319,直连,,111.57979593175621,122.0
P00030,leg2-cruise,5199.649919136948,5204.531438301414,直连,,104.84236223911019,122.0
P00014,leg2-cruise,5199.758735997116,5204.644789197422,直连,,116.16461964986192,122.0
P00009,leg2-cruise,5201.657496751319,5206.6226649830505,直连,,111.40685548882831,122.0
P00030,leg2-cruise,5204.531438301414,5209.412957465881,直连,,104.47129696410396,122.0
P00014,leg2-cruise,5204.644789197422,5209.530842397729,直连,,115.84461822627298,122.0
P00009,leg2-cruise,5206.6226649830505,5211.587833214782,直连,,111.23041819520401,122.0
P00030,leg2-cruise,5209.412957465881,5214.294476630347,直连,,104.0839929748739,122.0
P00014,leg2-cruise,5209.530842397729,5214.416895598037,直连,,105.5124462010133,122.0
P00009,leg2-cruise,5211.587833214782,5216.553001446514,直连,,111.05034043405841,122.0
P00030,leg2-cruise,5214.294476630347,5219.175995794813,直连,,103.67899740018734,122.0
P00014,leg2-cruise,5214.416895598037,5219.302948798343,直连,,105.167147269981,122.0
P00009,leg2-cruise,5216.553001446514,5221.518169678246,直连,,110.8664696032257,122.0
P00030,leg2-cruise,5219.175995794813,5224.05751495928,直连,,103.25465888072794,122.0
P00014,leg2-cruise,5219.302948798343,5224.1890019986495,直连,,104.80764863408336,122.0
P00009,leg2-cruise,5221.518169678246,5226.483337909977,直连,,110.67864335406315,122.0
P00030,leg2-cruise,5224.05751495928,5228.939034123746,直连,,102.80909105182361,122.0
P00014,leg2-cruise,5224.1890019986495,5229.075055198956,直连,,104.43274143539473,122.0
P00009,leg2-cruise,5226.483337909977,5231.448506141709,直连,,110.48668874848093,122.0
P00030,leg2-cruise,5228.939034123746,5238.702072452679,直连,,102.09610579799114,122.0
P00014,leg2-cruise,5229.075055198956,5233.961108399262,直连,,104.04105694671058,122.0
P00009,leg2-cruise,5231.448506141709,5236.413674373441,直连,,110.29042132344503,122.0
P00014,leg2-cruise,5233.961108399262,5238.8471615995695,直连,,103.63103737114062,122.0
P00009,leg2-cruise,5236.413674373441,5241.378842605172,直连,,110.08964405057674,122.0
P00030,leg2-cruise,5238.702072452679,5243.583591617145,直连,,101.32160405400234,122.0
P00014,leg2-cruise,5238.8471615995695,5243.733214799877,直连,,103.20089973753933,122.0
P00009,leg2-cruise,5241.378842605172,5246.344010836905,直连,,109.88414617651694,122.0
P00030,leg2-cruise,5243.583591617145,5248.465110781612,直连,,100.76574288505044,122.0
P00014,leg2-cruise,5243.733214799877,5248.619268000183,直连,,102.74859086539351,122.0
P00009,leg2-cruise,5246.344010836905,5251.309179068637,直连,,109.67370192740533,122.0
P00030,leg2-cruise,5248.465110781612,5253.346629946078,直连,,100.17369200317346,122.0
P00014,leg2-cruise,5248.619268000183,5253.50532120049,直连,,102.27173065651398,122.0
P00009,leg2-cruise,5251.309179068637,5256.274347300368,直连,,109.45806905809636,122.0
P00030,leg2-cruise,5253.346629946078,5258.228149110544,直连,,99.54073086562707,122.0
P00014,leg2-cruise,5253.50532120049,5258.391374400796,直连,,101.76753995781031,122.0
P00009,leg2-cruise,5256.274347300368,5261.2395155321,直连,,109.23698722344098,122.0
P00030,leg2-cruise,5258.228149110544,5263.10966827501,直连,,98.86124760152131,122.0
P00014,leg2-cruise,5258.391374400796,5263.277427601102,直连,,101.23274778827131,122.0
P00009,leg2-cruise,5261.2395155321,5266.204683763832,直连,,109.01017614504237,122.0
P00030,leg2-cruise,5263.10966827501,5267.9911874394775,直连,,98.128545272895,122.0
P00014,leg2-cruise,5263.277427601102,5268.16348080141,直连,,100.66347061965102,122.0
P00009,leg2-cruise,5266.204683763832,5271.1698519955635,直连,,108.77733354222242,122.0
P00030,leg2-cruise,5267.9911874394775,5272.872706603944,直连,,97.33462566347177,122.0
P00014,leg2-cruise,5268.16348080141,5273.049534001717,直连,,100.05505331463333,122.0
P00009,leg2-cruise,5271.1698519955635,5276.135020227295,直连,,108.53813279025465,122.0
P00030,leg2-cruise,5272.872706603944,5277.75422576841,直连,,96.46998700129494,122.0
P00014,leg2-cruise,5273.049534001717,5277.935587202023,直连,,99.40185675631704,122.0
P00009,leg2-cruise,5276.135020227295,5281.100188459027,直连,,108.29222026210765,122.0
P00030,leg2-cruise,5277.75422576841,5282.635744932876,直连,,95.52354431310138,122.0
P00014,leg2-cruise,5277.935587202023,5282.82164040233,直连,,98.69697039578438,122.0
P00009,leg2-cruise,5281.100188459027,5286.065356690759,直连,,108.03921230163168,122.0
P00030,leg2-cruise,5282.635744932876,5287.517264097342,直连,,94.4829673160402,122.0
P00014,leg2-cruise,5282.82164040233,5287.707693602637,直连,,97.93181783318342,122.0
P00009,leg2-cruise,5286.065356690759,5291.030524922491,直连,,107.77869176600413,122.0
P00030,leg2-cruise,5287.517264097342,5292.398783261809,直连,,93.33620939605503,122.0
P00014,leg2-cruise,5287.707693602637,5292.593746802943,直连,,97.09560885921583,122.0
P00009,leg2-cruise,5291.030524922491,5295.995693154223,直连,,107.5102040629023,122.0
P00030,leg2-cruise,5292.398783261809,5297.280302426275,直连,,92.0762199475165,122.0
P00014,leg2-cruise,5292.593746802943,5297.47980000325,直连,,96.17457152593649,122.0
P00009,leg2-cruise,5295.995693154223,5300.960861385955,直连,,107.23325259263243,122.0
P00030,leg2-cruise,5297.280302426275,5302.161821590742,直连,,90.71376605450784,122.0
P00014,leg2-cruise,5297.47980000325,5302.365853203557,直连,,95.15087687195276,122.0
P00009,leg2-cruise,5300.960861385955,5305.926029617686,直连,,106.94729348670668,122.0
P00030,leg2-cruise,5302.161821590742,5307.043340755208,直连,,89.3088927335084,122.0
P00014,leg2-cruise,5302.365853203557,5307.251906403863,直连,,94.00117165254493,122.0
P00009,leg2-cruise,5305.926029617686,5310.891197849418,直连,,106.65172951110124,122.0
P00030,leg2-cruise,5307.043340755208,5316.806379084141,直连,,87.54237969753005,122.0
P00014,leg2-cruise,5307.251906403863,5312.13795960417,直连,,92.69476969024619,122.0
P00009,leg2-cruise,5310.891197849418,5315.85636608115,直连,,106.3459029734391,122.0
P00014,leg2-cruise,5312.13795960417,5317.024012804477,直连,,91.19227317578094,122.0
P00009,leg2-cruise,5315.85636608115,5320.821534312881,直连,,106.02908743719729,122.0
P00030,leg2-descent,5316.806379084141,5326.614752375156,直连,,86.61973145445742,122.0
P00014,leg2-cruise,5317.024012804477,5321.910066004783,直连,,89.44860994242532,122.0
P00009,leg2-cruise,5320.821534312881,5325.786702544613,直连,,105.7004780005654,122.0
P00014,leg2-cruise,5321.910066004783,5326.79611920509,直连,,87.43828442031683,122.0
P00009,leg2-cruise,5325.786702544613,5330.751870776345,直连,,105.35917984044623,122.0
P00030,leg2-descent,5326.614752375156,5336.4231256661715,直连,,85.55713048944209,122.0
P00014,leg2-cruise,5326.79611920509,5336.568225605703,直连,,84.29495591366916,122.0
P00009,leg2-cruise,5330.751870776345,5340.682207239809,直连,,105.00419464972116,122.0
P00030,leg2-descent,5336.4231256661715,5346.231498957188,直连,,84.34617482106333,122.0
P00014,leg2-descent,5336.568225605703,5346.027020597333,直连,,82.57720499539775,122.0
P00009,leg2-cruise,5340.682207239809,5350.612543703272,直连,,104.24855258174799,122.0
P00014,leg2-descent,5346.027020597333,5355.485815588962,直连,,80.88669118866858,122.0
P00030,leg2-descent,5346.231498957188,5356.039872248203,直连,,82.93861204965933,122.0
P00009,leg2-cruise,5350.612543703272,5355.577711935004,直连,,103.42279788484709,122.0
P00014,leg2-descent,5355.485815588962,5364.944610580592,直连,,78.7856500512816,122.0
P00009,leg2-cruise,5355.577711935004,5360.542880166736,直连,,102.97945347699726,122.0
P00030,leg2-descent,5356.039872248203,5365.848245539219,直连,,81.2579892110131,122.0
P00009,leg2-cruise,5360.542880166736,5365.5080483984675,直连,,102.5130889289379,122.0
P00014,leg2-descent,5364.944610580592,5374.403405572221,直连,,76.00850023879948,122.0
P00009,leg2-cruise,5365.5080483984675,5370.473216630199,直连,,102.02129096611317,122.0
P00030,leg2-descent,5365.848245539219,5375.656618830234,直连,,79.17223031957147,122.0
P00009,leg2-cruise,5370.473216630199,5375.438384861931,直连,,101.50126934083328,122.0
P00014,leg2-descent,5374.403405572221,5383.862200563851,直连,,71.90163970838591,122.0
P00009,leg2-cruise,5375.438384861931,5380.4035530936635,直连,,100.94978163144609,122.0
P00030,leg2-descent,5375.656618830234,5385.464992121249,直连,,76.42181341719191,122.0
P00009,leg2-cruise,5380.4035530936635,5385.368721325395,直连,,100.36304185086225,122.0
P00014,leg2-descent,5383.862200563851,5393.32099555548,直连,,63.8443012922359,122.0
P00009,leg2-cruise,5385.368721325395,5390.333889557127,直连,,99.73661085743754,122.0
P00030,leg2-descent,5385.464992121249,5395.273365412266,直连,,72.37371652610503,122.0
P00009,leg2-cruise,5390.333889557127,5395.299057788859,直连,,99.06526869936755,122.0
P00014,leg2-descent,5393.32099555548,5402.77979054711,直连,,58.30558030638234,122.0
P00030,leg2-descent,5395.273365412266,5405.081738703281,直连,,64.55078853857704,122.0
P00009,leg2-cruise,5395.299057788859,5405.229394252322,直连,,98.34287500376402,122.0
P00030,leg2-descent,5405.081738703281,5414.890111994297,直连,,57.82852039441622,122.0
P00009,leg2-cruise,5405.229394252322,5449.915908337908,直连,,96.71505276021344,122.0
P00009,leg2-descent,5449.915908337908,5585.185491467791,直连,,87.69013342428786,122.0
P00041,leg1-climb,5588.0,5607.293517252604,直连,,54.90851079815346,122.0
P00275,leg1-climb,5604.0,5613.853158334586,直连,,54.408071670594474,122.0
P00041,leg1-climb,5607.293517252604,5616.9402758789065,直连,,74.43267298805122,122.0
P00275,leg1-climb,5613.853158334586,5623.7063166691705,直连,,67.78035528500516,122.0
P00041,leg1-climb,5616.9402758789065,5626.587034505208,直连,,78.25507047712536,122.0
P00275,leg1-climb,5623.7063166691705,5633.559475003756,直连,,74.6857886298518,122.0
P00041,leg1-climb,5626.587034505208,5636.2337931315105,直连,,80.9003188059744,122.0
P00044,leg1-climb,5630.0,5639.6467586263025,直连,,58.052332203533766,122.0
P00275,leg1-climb,5633.559475003756,5643.412633338341,直连,,78.4836012078168,122.0
P00041,leg1-climb,5636.2337931315105,5645.880551757813,直连,,82.92523207845943,122.0
P00044,leg1-climb,5639.6467586263025,5649.293517252604,直连,,64.23129580096962,122.0
P00275,leg1-climb,5643.412633338341,5653.265791672927,直连,,81.11714932841991,122.0
P00041,leg1-climb,5645.880551757813,5655.527310384115,直连,,84.56618844836736,122.0
P00044,leg1-climb,5649.293517252604,5658.9402758789065,直连,,72.15865338221036,122.0
P00275,leg1-climb,5653.265791672927,5663.1189500075125,直连,,83.13522113644913,122.0
P00041,leg1-climb,5655.527310384115,5665.174069010417,直连,,85.9458448225713,122.0
P00044,leg1-climb,5658.9402758789065,5668.587034505208,直连,,76.23317457050274,122.0
P00275,leg1-climb,5663.1189500075125,5672.972108342097,直连,,84.77168861744347,122.0
P00041,leg1-climb,5665.174069010417,5674.820827636719,直连,,87.1360994053847,122.0
P00044,leg1-climb,5668.587034505208,5678.2337931315105,直连,,78.99564504974266,122.0
P00275,leg1-climb,5672.972108342097,5682.825266676683,直连,,86.14817323587174,122.0
P00041,leg1-climb,5674.820827636719,5684.467586263021,直连,,88.18273304997624,122.0
P00044,leg1-climb,5678.2337931315105,5687.880551757812,直连,,81.0883036909768,122.0
P00275,leg1-climb,5682.825266676683,5692.678425011269,直连,,87.33606765300615,122.0
P00041,leg1-climb,5684.467586263021,5694.114344889324,直连,,89.11670342352008,122.0
P00044,leg1-climb,5687.880551757812,5697.527310384115,直连,,82.7733957321784,122.0
P00275,leg1-climb,5692.678425011269,5702.5315833458535,直连,,88.38087655041143,122.0
P00041,leg1-climb,5694.114344889324,5703.761103515625,直连,,89.95992549374427,122.0
P00044,leg1-climb,5697.527310384115,5707.174069010416,直连,,84.18408912653264,122.0
P00275,leg1-climb,5702.5315833458535,5712.384741680439,直连,,89.31339396132417,122.0
P00041,leg1-climb,5703.761103515625,5713.407862141928,直连,,90.72848294502944,122.0
P00044,leg1-climb,5707.174069010416,5716.820827636719,直连,,85.39735988929216,122.0
P00275,leg1-climb,5712.384741680439,5722.237900015024,直连,,90.15543173420711,122.0
P00041,leg1-climb,5713.407862141928,5723.054620768229,直连,,91.43452950887679,122.0
P00044,leg1-climb,5716.820827636719,5726.467586263021,直连,,86.46174236508743,122.0
P00275,leg1-climb,5722.237900015024,5732.09105834961,直连,,90.92300534208039,122.0
P00041,leg1-climb,5723.054620768229,5732.701379394532,直连,,92.08747343883735,122.0
P00044,leg1-climb,5726.467586263021,5736.114344889323,直连,,87.40981676997849,122.0
P00275,leg1-cruise,5732.09105834961,5742.029055072036,直连,,91.39761681557526,122.0
P00041,leg1-cruise,5732.701379394532,5742.620881539839,直连,,92.48522926859455,122.0
P00044,leg1-climb,5736.114344889323,5745.761103515625,直连,,88.26451625618456,122.0
P00275,leg1-cruise,5742.029055072036,5746.998053433248,直连,,91.95527875227253,122.0
P00041,leg1-cruise,5742.620881539839,5747.580632612492,直连,,92.92384710329515,122.0
P00044,leg1-climb,5745.761103515625,5755.407862141927,直连,,89.0425957511543,122.0
P00275,leg1-cruise,5746.998053433248,5751.967051794461,直连,,92.51562747933426,122.0
P00041,leg1-cruise,5747.580632612492,5752.540383685146,直连,,93.37623903339852,122.0
P00275,leg1-cruise,5751.967051794461,5756.936050155675,直连,,93.16543469076095,122.0
P00041,leg1-cruise,5752.540383685146,5757.500134757799,直连,,93.91431993930081,122.0
P00044,leg1-climb,5755.407862141927,5765.054620768229,直连,,89.75666946253962,122.0
P00275,leg1-cruise,5756.936050155675,5761.905048516887,直连,,93.86104141839277,122.0
P00041,leg1-cruise,5757.500134757799,5762.459885830453,直连,,94.50488471394607,122.0
P00275,leg1-cruise,5761.905048516887,5766.8740468781,直连,,94.57102023913217,122.0
P00041,leg1-cruise,5762.459885830453,5767.419636903106,直连,,95.1215587406097,122.0
P00044,leg1-climb,5765.054620768229,5774.701379394531,直连,,90.41647205731866,122.0
P00275,leg1-cruise,5766.8740468781,5771.843045239313,直连,,95.274912073207,122.0
P00041,leg1-cruise,5767.419636903106,5772.3793879757595,直连,,95.745256981679,122.0
P00275,leg1-cruise,5771.843045239313,5776.8120436005265,直连,,95.96047683631777,122.0
P00041,leg1-cruise,5772.3793879757595,5782.2988901210665,直连,,96.66718528673658,122.0
P00044,leg1-climb,5774.701379394531,5784.348138020833,直连,,91.0296734698302,122.0
P00275,leg1-cruise,5776.8120436005265,5791.719038684164,直连,,96.62105631219305,122.0
P00041,leg1-cruise,5782.2988901210665,5792.2183922663735,直连,,97.83695049685417,122.0
P00044,leg1-climb,5784.348138020833,5793.994896647135,直连,,91.60242445135643,122.0
P00275,leg1-cruise,5791.719038684164,5801.65703540659,直连,,98.70899982041627,122.0
P00041,leg1-cruise,5792.2183922663735,5802.1378944116805,直连,,98.92038897531604,122.0
P00028,leg1-climb,5793.0,5802.081827121311,直连,,56.146906374860976,122.0
P00044,leg1-climb,5793.994896647135,5803.641655273437,直连,,92.13973304737473,122.0
P00275,leg1-cruise,5801.65703540659,5811.595032129016,直连,,99.75190041391252,122.0
P00028,leg1-climb,5802.081827121311,5811.163654242621,直连,,66.44393381693273,122.0
P00041,leg1-cruise,5802.1378944116805,5812.057396556987,直连,,99.9157582317372,122.0
P00044,leg1-cruise,5803.641655273437,5813.503320462522,直连,,92.43092104504997,122.0
P00028,leg1-climb,5811.163654242621,5820.245481363932,直连,,73.69960056864704,122.0
P00275,leg1-cruise,5811.595032129016,5821.5330288514415,直连,,100.70001935702709,122.0
P00041,leg1-cruise,5812.057396556987,5821.9768987022935,直连,,100.82920521804104,122.0
P00044,leg1-cruise,5813.503320462522,5823.364985651609,直连,,93.18611465768146,122.0
P00028,leg1-climb,5820.245481363932,5829.3273084852435,直连,,77.59694866756877,122.0
P00275,leg1-cruise,5821.5330288514415,5831.471025573867,直连,,101.5658971105063,122.0
P00041,leg1-cruise,5821.9768987022935,5831.8964008476005,直连,,101.66921540206968,122.0
P00044,leg1-cruise,5823.364985651609,5833.226650840694,直连,,94.56099291712277,122.0
P00028,leg1-climb,5829.3273084852435,5838.409135606554,直连,,80.27756706568827,122.0
P00275,leg1-cruise,5831.471025573867,5841.409022296293,直连,,102.36075321682205,122.0
P00041,leg1-cruise,5831.8964008476005,5841.8159029929075,直连,,102.44436019217216,122.0
P00044,leg1-cruise,5833.226650840694,5843.088316029779,直连,,96.10347550538131,122.0
P00028,leg1-climb,5838.409135606554,5847.490962727865,直连,,82.32307378017035,122.0
P00275,leg1-cruise,5841.409022296293,5851.347019018719,直连,,103.09417744885772,122.0
P00041,leg1-cruise,5841.8159029929075,5851.735405138214,直连,,103.16247256272176,122.0
P00044,leg1-cruise,5843.088316029779,5848.019148624322,直连,,97.58842488804234,122.0
P00028,leg1-climb,5847.490962727865,5856.572789849176,直连,,83.97750685635842,122.0
P00044,leg1-cruise,5848.019148624322,5852.949981218865,直连,,98.28420769629574,122.0
P00275,leg1-cruise,5851.347019018719,5861.285015741145,直连,,103.77422694368411,122.0
P00041,leg1-cruise,5851.735405138214,5861.654907283521,直连,,103.83042064585096,122.0
P00044,leg1-cruise,5852.949981218865,5857.880813813408,直连,,98.94553906422077,122.0
P00028,leg1-climb,5856.572789849176,5865.654616970486,直连,,85.36666880989418,122.0
P00044,leg1-cruise,5857.880813813408,5862.81164640795,直连,,99.57276619679457,122.0
P00275,leg1-cruise,5861.285015741145,5871.223012463571,直连,,104.40763902234701,122.0
P00041,leg1-cruise,5861.654907283521,5871.574409428828,直连,,104.45412005710794,122.0
P00044,leg1-cruise,5862.81164640795,5867.7424790024925,直连,,100.16728198145718,122.0
P00028,leg1-climb,5865.654616970486,5874.736444091797,直连,,86.56398768736533,122.0
P00044,leg1-cruise,5867.7424790024925,5872.6733115970355,直连,,100.73098163127057,122.0
P00275,leg1-cruise,5871.223012463571,5881.161009185997,直连,,105.00005385185368,122.0
P00041,leg1-cruise,5871.574409428828,5881.493911574135,直连,,105.03863143553008,122.0
P00044,leg1-cruise,5872.6733115970355,5877.604144191579,直连,,101.26595003232141,122.0
P00028,leg1-cruise,5874.736444091797,5884.4895233601055,直连,,87.54153294349929,122.0
P00044,leg1-cruise,5877.604144191579,5882.534976786121,直连,,101.77428683372884,122.0
P00275,leg1-cruise,5881.161009185997,5891.099005908422,直连,,105.55621221134409,122.0
P00041,leg1-cruise,5881.493911574135,5891.413413719442,直连,,105.58827893365336,122.0
P00044,leg1-cruise,5882.534976786121,5887.465809380664,直连,,102.25801276122388,122.0
P00028,leg1-cruise,5884.4895233601055,5889.366062994261,直连,,89.30536805402996,122.0
P00044,leg1-cruise,5887.465809380664,5892.396641975207,直连,,102.71902332041478,122.0
P00028,leg1-cruise,5889.366062994261,5894.242602628415,直连,,90.70876614716421,122.0
P00275,leg1-cruise,5891.099005908422,5901.037002630847,直连,,106.08012054957423,122.0
P00041,leg1-cruise,5891.413413719442,5901.332915864749,直连,,106.10676411906434,122.0
P00044,leg1-cruise,5892.396641975207,5897.327474569749,直连,,103.15906978158026,122.0
P00028,leg1-cruise,5894.242602628415,5899.119142262569,直连,,92.07017966359561,122.0
P00044,leg1-cruise,5897.327474569749,5902.258307164292,直连,,103.57975554032774,122.0
P00028,leg1-cruise,5899.119142262569,5903.995681896723,直连,,93.32945799130762,122.0
P00275,leg1-cruise,5901.037002630847,5910.974999353273,直连,,106.5751851102702,122.0
P00041,leg1-cruise,5901.332915864749,5911.252418010056,直连,,106.59726645203658,122.0
P00044,leg1-cruise,5902.258307164292,5907.189139758835,直连,,103.98254082905346,122.0
P00028,leg1-cruise,5903.995681896723,5908.872221530877,直连,,94.47572555755495,122.0
P00044,leg1-cruise,5907.189139758835,5912.119972353377,直连,,104.36875165662525,122.0
P00028,leg1-cruise,5908.872221530877,5913.748761165031,直连,,95.51595680318484,122.0
P00275,leg1-cruise,5910.974999353273,5920.912996075699,直连,,107.0443197346535,122.0
P00041,leg1-cruise,5911.252418010056,5921.171920155363,直连,,107.06252853481158,122.0
P00044,leg1-cruise,5912.119972353377,5917.05080494792,直连,,104.73959058242329,122.0
P00028,leg1-cruise,5913.748761165031,5918.625300799185,直连,,96.4621494090278,122.0
P00044,leg1-cruise,5917.05080494792,5921.981637542463,直连,,105.0961479601635,122.0
P00028,leg1-cruise,5918.625300799185,5923.5018404333405,直连,,97.32660265472158,122.0
P00275,leg1-cruise,5920.912996075699,5930.850992798125,直连,,107.49003224357307,122.0
P00041,leg1-cruise,5921.171920155363,5931.09142230067,直连,,107.50492710074263,122.0
P00044,leg1-cruise,5921.981637542463,5926.912470137006,直连,,105.43941289989225,122.0
P00028,leg1-cruise,5923.5018404333405,5928.378380067495,直连,,98.12038163824862,122.0
P00044,leg1-cruise,5926.912470137006,5931.843302731549,直连,,105.77028355966743,122.0
P00028,leg1-cruise,5928.378380067495,5933.254919701649,直连,,98.85297512223151,122.0
P00275,leg1-cruise,5930.850992798125,5940.788989520551,直连,,107.91449373726923,122.0
P00041,leg1-cruise,5931.09142230067,5941.010924445977,直连,,107.92653162702636,122.0
P00044,leg1-cruise,5931.843302731549,5936.774135326092,直连,,106.08957659127745,122.0
P00028,leg1-cruise,5933.254919701649,5938.131459335803,直连,,99.5323726064536,122.0
P00044,leg1-cruise,5936.774135326092,5941.704967920634,直连,,106.398035687414,122.0
P00028,leg1-cruise,5938.131459335803,5943.007998969957,直连,,100.1652650515114,122.0
P00275,leg1-cruise,5940.788989520551,5950.726986242977,直连,,108.31959438616526,122.0
P00041,leg1-cruise,5941.010924445977,5950.930426591284,直连,,108.32915258605516,122.0
P00044,leg1-cruise,5941.704967920634,5946.635800515177,直连,,106.69633924617116,122.0
P00028,leg1-cruise,5943.007998969957,5947.884538604112,直连,,100.75726013814457,122.0
P00044,leg1-cruise,5946.635800515177,5951.56663310972,直连,,106.98510720474354,122.0
P00028,leg1-cruise,5947.884538604112,5952.761078238266,直连,,101.31307541137255,122.0
P00275,leg1-cruise,5950.726986242977,5960.6649829654025,直连,,108.70698856148672,122.0
P00041,leg1-cruise,5950.930426591284,5960.849928736591,直连,,108.71438117693575,122.0
P00044,leg1-cruise,5951.56663310972,5956.497465704262,直连,,107.26490711110593,122.0
P00028,leg1-cruise,5952.761078238266,5962.5141575065745,直连,,102.08752225294305,122.0
P00044,leg1-cruise,5956.497465704262,5961.428298298805,直连,,107.53625950810573,122.0
P00275,leg1-cruise,5960.6649829654025,5970.602979687828,直连,,109.07813154208944,122.0
P00041,leg1-cruise,5960.849928736591,5970.769430881898,直连,,109.08362211192265,122.0
P00044,leg1-cruise,5961.428298298805,5966.359130893348,直连,,107.79964270348297,122.0
P00028,leg1-cruise,5962.5141575065745,5967.390697140729,直连,,102.80046492845176,122.0
P00044,leg1-cruise,5966.359130893348,5971.28996348789,直连,,108.05549699546545,122.0
P00028,leg1-cruise,5967.390697140729,5972.267236774883,直连,,103.246009487345,122.0
P00275,leg1-cruise,5970.602979687828,5980.540976410254,直连,,109.43430954215475,122.0
P00041,leg1-cruise,5970.769430881898,5980.688933027204,直连,,109.43812076029386,122.0
P00044,leg1-cruise,5971.28996348789,5976.2207960824335,直连,,108.30422841764344,122.0
P00028,leg1-cruise,5972.267236774883,5977.143776409037,直连,,103.67032795834581,122.0
P00044,leg1-cruise,5976.2207960824335,5981.1516286769765,直连,,108.54621206062058,122.0
P00028,leg1-cruise,5977.143776409037,5982.020316043191,直连,,104.07530614161382,122.0
P00275,leg1-cruise,5980.540976410254,5990.47897313268,直连,,109.77666441909037,122.0
P00041,leg1-cruise,5980.688933027204,5990.608435172511,直连,,109.77898570917824,122.0
P00044,leg1-cruise,5981.1516286769765,5986.082461271519,直连,,108.78179502167296,122.0
P00028,leg1-cruise,5982.020316043191,5986.896855677345,直连,,104.46259494965337,122.0
P00044,leg1-cruise,5986.082461271519,5991.013293866062,直连,,109.01129902750733,122.0
P00028,leg1-cruise,5986.896855677345,5991.7733953115,直连,,104.83364689647576,122.0
P00275,leg1-cruise,5990.47897313268,6000.416969855106,直连,,110.10621412217203,122.0
P00041,leg1-cruise,5990.608435172511,6000.527937317818,直连,,110.1072075957198,122.0
P00044,leg1-cruise,5991.013293866062,5995.944126460605,直连,,109.23502276989414,122.0
P00028,leg1-cruise,5991.7733953115,5996.649934945654,直连,,105.18974596561819,122.0
P00044,leg1-cruise,5995.944126460605,6000.874959055147,直连,,109.45324398894662,122.0
P00028,leg1-cruise,5996.649934945654,6001.526474579809,直连,,105.53203219940158,122.0
P00275,leg1-cruise,6000.416969855106,6010.354966577531,直连,,110.42386971239739,122.0
P00041,leg1-cruise,6000.527937317818,6010.447439463125,直连,,110.42367489699286,122.0
P00044,leg1-cruise,6000.874959055147,6005.805791649689,直连,,109.66622133437185,122.0
P00028,leg1-cruise,6001.526474579809,6006.403014213963,直连,,105.86152205845647,122.0
P00044,leg1-cruise,6005.805791649689,6010.736624244232,直连,,109.8741960312174,122.0
P00028,leg1-cruise,6006.403014213963,6011.279553848117,直连,,106.17912537385921,122.0
P00275,leg1-cruise,6010.354966577531,6020.292963299957,直连,,110.73044960644275,122.0
P00041,leg1-cruise,6010.447439463125,6015.407190535779,直连,,110.65379545853726,122.0
P00044,leg1-cruise,6010.736624244232,6015.667456838775,直连,,110.0773933732866,122.0
P00028,leg1-cruise,6011.279553848117,6016.156093482272,直连,,106.48565953916217,122.0
P00041,leg1-cruise,6015.407190535779,6020.366941608432,直连,,110.80393977062423,122.0
P00044,leg1-cruise,6015.667456838775,6020.598289433318,直连,,110.27602406430596,122.0
P00028,leg1-cruise,6016.156093482272,6021.032633116426,直连,,106.78186145415619,122.0
P00026,leg1-climb,6017.0,6025.608990037932,直连,,57.062878979109406,122.0
P00275,leg1-cruise,6020.292963299957,6030.2309600223825,直连,,111.02669156063726,122.0
P00041,leg1-cruise,6020.366941608432,6025.326692681086,直连,,110.95156925089616,122.0
P00044,leg1-cruise,6020.598289433318,6025.529122027861,直连,,110.47028542454493,122.0
P00028,leg1-cruise,6021.032633116426,6025.90917275058,直连,,107.06839762735079,122.0
P00041,leg1-cruise,6025.326692681086,6030.286443753739,直连,,111.09676554879285,122.0
P00044,leg1-cruise,6025.529122027861,6030.4599546224035,直连,,110.66036247820617,122.0
P00026,leg1-climb,6025.608990037932,6034.217980075864,直连,,65.50982753188434,122.0
P00028,leg1-cruise,6025.90917275058,6030.785712384734,直连,,107.34587276233069,122.0
P00275,leg1-cruise,6030.2309600223825,6040.168956744808,直连,,111.31326280485106,122.0
P00041,leg1-cruise,6030.286443753739,6035.246194826393,直连,,111.23960646000671,122.0
P00044,leg1-cruise,6030.4599546224035,6035.390787216946,直连,,110.8464289350532,122.0
P00028,leg1-cruise,6030.785712384734,6040.538791653043,直连,,107.746286317375,122.0
P00026,leg1-climb,6034.217980075864,6042.826970113796,直连,,73.0345757358178,122.0
P00041,leg1-cruise,6035.246194826393,6040.205945899046,直连,,111.38016616138539,122.0
P00044,leg1-cruise,6035.390787216946,6040.321619811489,直连,,111.02864807810109,122.0
P00275,leg1-cruise,6040.168956744808,6050.106953467234,直连,,111.59076865358841,122.0
P00041,leg1-cruise,6040.205945899046,6045.1656969717,直连,,111.51851542852799,122.0
P00044,leg1-cruise,6040.321619811489,6045.252452406032,直连,,111.20717356761719,122.0
P00028,leg1-cruise,6040.538791653043,6045.415331287197,直连,,108.12919872545594,122.0
P00026,leg1-climb,6042.826970113796,6051.435960151728,直连,,77.00498649875308,122.0
P00041,leg1-cruise,6045.1656969717,6050.125448044353,直连,,111.65472183751369,122.0
P00044,leg1-cruise,6045.252452406032,6050.183285000575,直连,,111.38215017055151,122.0
P00028,leg1-cruise,6045.415331287197,6050.291870921352,直连,,108.37547649387207,122.0
P00275,leg1-cruise,6050.106953467234,6060.04495018966,直连,,111.85975985707992,122.0
P00041,leg1-cruise,6050.125448044353,6055.085199117007,直连,,111.78884995216542,122.0
P00044,leg1-cruise,6050.183285000575,6055.114117595118,直连,,111.55371442337793,122.0
P00028,leg1-cruise,6050.291870921352,6055.168410555506,直连,,108.6150131191613,122.0
P00026,leg1-climb,6051.435960151728,6060.04495018966,直连,,79.71965515102849,122.0
P00041,leg1-cruise,6055.085199117007,6060.04495018966,直连,,121.92096149802042,122.0
P00044,leg1-cruise,6055.114117595118,6060.04495018966,直连,,111.72199523530958,122.0
P00028,leg1-cruise,6055.168410555506,6060.04495018966,直连,,108.84816527975904,122.0
P00026,leg1-climb,6060.04495018966,6060.197024651333,直连,,80.83163013909146,122.0
P00028,leg1-cruise,6060.04495018966,6060.197024651333,直连,,108.96599116771485,122.0
P00041,leg1-cruise,6060.04495018966,6060.197024651333,直连,,121.98827472076887,122.0
P00044,leg1-cruise,6060.04495018966,6060.197024651333,直连,,121.8074885080534,122.0
P00275,leg1-cruise,6060.04495018966,6060.197024651333,直连,,111.99321764551821,122.0
P00026,leg1-climb,6060.197024651333,6060.496029191099,直连,,80.88520337654914,122.0
P00028,leg1-cruise,6060.197024651333,6060.496029191099,直连,,108.97648324594476,122.0
P00041,leg1-cruise,6060.197024651333,6060.496029191099,直连,,121.9941898953577,122.0
P00044,leg1-cruise,6060.197024651333,6060.496029191099,直连,,121.81503551871614,122.0
P00275,leg1-cruise,6060.197024651333,6060.496029191099,直连,,111.99913669353069,122.0
P00026,leg1-climb,6060.496029191099,6070.426097634249,直连,,82.01901115005637,122.0
P00028,leg1-cruise,6060.496029191099,6065.461063412675,直连,,109.09800264396276,122.0
P00041,leg1-cruise,6060.496029191099,6070.426097634249,中继,RU-005,122.12726905510782,122.0
P00044,leg1-cruise,6060.496029191099,6065.461063412675,直连,,121.90263230205463,122.0
P00275,leg1-cruise,6060.496029191099,6070.378833322592,中继,RU-005,112.13168898286735,122.0
P00028,leg1-cruise,6065.461063412675,6070.426097634249,直连,,109.32273651148553,122.0
P00044,leg1-cruise,6065.461063412675,6070.426097634249,中继,RU-005,122.06553354005885,122.0
P00010,leg1-climb,6066.0,6075.935544433594,直连,,57.648261461862205,122.0
P00275,leg1-cruise,6070.378833322592,6080.261637454085,中继,RU-005,122.38341761541686,122.0
P00026,leg1-climb,6070.426097634249,6080.3561660773985,直连,,83.87057010712616,122.0
P00028,leg1-cruise,6070.426097634249,6075.391131855824,直连,,109.54183542757517,122.0
P00041,leg1-cruise,6070.426097634249,6080.3561660773985,中继,RU-005,122.38002484054697,122.0
P00044,leg1-cruise,6070.426097634249,6075.391131855824,中继,RU-005,122.22546761382624,122.0
P00028,leg1-cruise,6075.391131855824,6080.3561660773985,直连,,109.75557349940307,122.0
P00044,leg1-cruise,6075.391131855824,6080.3561660773985,中继,RU-005,122.38253954530363,122.0
P00010,leg1-climb,6075.935544433594,6085.871088867188,直连,,64.79418090036506,122.0
P00275,leg1-cruise,6080.261637454085,6085.203039519832,中继,RU-005,122.56757462328586,122.0
P00026,leg1-climb,6080.3561660773985,6090.2862345205485,直连,,85.39595026878555,122.0
P00028,leg1-cruise,6080.3561660773985,6085.321200298973,直连,,109.96420541689227,122.0
P00041,leg1-cruise,6080.3561660773985,6090.2862345205485,中继,RU-005,122.62570282661439,122.0
P00044,leg1-cruise,6080.3561660773985,6085.321200298973,中继,RU-005,122.53684893695919,122.0
P00275,leg1-cruise,6085.203039519832,6090.1444415855785,中继,RU-005,122.68822756088488,122.0
P00028,leg1-cruise,6085.321200298973,6090.2862345205485,直连,,110.16796823451787,122.0
P00044,leg1-cruise,6085.321200298973,6090.2862345205485,中继,RU-005,122.6884903342191,122.0
P00010,leg1-climb,6085.871088867188,6095.806633300781,直连,,72.5392792905325,122.0
P00275,leg1-cruise,6090.1444415855785,6100.027245717071,中继,RU-005,122.8661432520355,122.0
P00026,leg1-climb,6090.2862345205485,6100.216302963699,直连,,86.6930422315351,122.0
P00028,leg1-cruise,6090.2862345205485,6095.251268742124,直连,,110.3670829544133,122.0
P00041,leg1-cruise,6090.2862345205485,6100.216302963699,中继,RU-005,122.86468490502644,122.0
P00044,leg1-cruise,6090.2862345205485,6095.251268742124,中继,RU-005,122.83755355848378,122.0
P00028,leg1-cruise,6095.251268742124,6100.216302963699,直连,,110.56175593663093,122.0
P00044,leg1-cruise,6095.251268742124,6100.216302963699,中继,RU-005,122.9841240134614,122.0
P00010,leg1-climb,6095.806633300781,6105.742177734375,直连,,76.56742174374384,122.0
P00275,leg1-cruise,6100.027245717071,6109.910049848564,中继,RU-005,123.0978703897601,122.0
P00026,leg1-climb,6100.216302963699,6110.146371406849,直连,,87.82136547812594,122.0
P00028,leg1-cruise,6100.216302963699,6105.181337185273,直连,,110.75218015864053,122.0
P00041,leg1-cruise,6100.216302963699,6110.146371406849,中继,RU-005,123.09732315747237,122.0
P00044,leg1-cruise,6100.216302963699,6105.181337185273,中继,RU-005,123.1282829673382,122.0
P00028,leg1-cruise,6105.181337185273,6110.146371406849,直连,,110.93853634286684,122.0
P00044,leg1-cruise,6105.181337185273,6110.146371406849,中继,RU-005,123.27010781302936,122.0
P00010,leg1-climb,6105.742177734375,6115.6777221679695,直连,,79.30870085577789,122.0
P00275,leg1-descent,6109.910049848564,6119.8873826033705,中继,RU-005,123.20959571106503,122.0
P00026,leg1-climb,6110.146371406849,6120.076439849998,直连,,88.819824418892,122.0
P00028,leg1-cruise,6110.146371406849,6115.111405628423,直连,,111.12099396845814,122.0
P00041,leg1-cruise,6110.146371406849,6120.076439849998,中继,RU-005,123.3239428503266,122.0
P00044,leg1-cruise,6110.146371406849,6115.111405628423,中继,RU-005,123.40967230845578,122.0
P00028,leg1-cruise,6115.111405628423,6120.076439849998,直连,,111.29971218119884,122.0
P00044,leg1-cruise,6115.111405628423,6120.076439849998,中继,RU-005,123.5470467986637,122.0
P00010,leg1-climb,6115.6777221679695,6125.613266601563,直连,,81.38921901612474,122.0
P00275,leg1-descent,6119.8873826033705,6129.864715358177,中继,RU-005,123.20603913945526,122.0
P00026,leg1-climb,6120.076439849998,6130.006508293148,直连,,89.71525077129505,122.0
P00028,leg1-cruise,6120.076439849998,6125.041474071573,直连,,111.47484061355917,122.0
P00041,leg1-cruise,6120.076439849998,6130.006508293148,中继,RU-005,123.54484506616764,122.0
P00044,leg1-cruise,6120.076439849998,6125.041474071573,中继,RU-005,123.68229842141028,122.0
P00028,leg1-cruise,6125.041474071573,6130.006508293148,直连,,111.64652012531246,122.0
P00044,leg1-cruise,6125.041474071573,6130.006508293148,中继,RU-005,123.81549129761397,122.0
P00010,leg1-climb,6125.613266601563,6135.548811035156,直连,,83.06644334302965,122.0
P00275,leg1-descent,6129.864715358177,6139.842048112984,中继,RU-005,123.20274140165313,122.0
P00026,leg1-climb,6130.006508293148,6139.936576736298,直连,,90.52693371981613,122.0
P00028,leg1-cruise,6130.006508293148,6134.971542514722,直连,,111.8148834737058,122.0
P00041,leg1-cruise,6130.006508293148,6139.936576736298,中继,RU-005,123.76030902319751,122.0
P00044,leg1-cruise,6130.006508293148,6134.971542514722,中继,RU-005,123.94668670799855,122.0
P00028,leg1-cruise,6134.971542514722,6139.936576736298,直连,,111.98005592107316,122.0
P00044,leg1-cruise,6134.971542514722,6139.936576736298,中继,RU-005,124.07594325712122,122.0
P00010,leg1-climb,6135.548811035156,6145.48435546875,直连,,84.4716236632006,122.0
P00275,leg1-descent,6139.842048112984,6149.819380867791,中继,RU-005,123.19970308983909,122.0
P00026,leg1-climb,6139.936576736298,6149.866645179447,直连,,91.26920627333016,122.0
P00028,leg1-cruise,6139.936576736298,6144.901610957872,直连,,112.14215578673043,122.0
P00041,leg1-cruise,6139.936576736298,6144.901610957872,中继,RU-005,123.91849487385912,122.0
P00044,leg1-cruise,6139.936576736298,6144.901610957872,中继,RU-005,124.20331702579972,122.0
P00028,leg1-cruise,6144.901610957872,6149.866645179447,直连,,112.30129494915671,122.0
P00041,leg1-cruise,6144.901610957872,6149.866645179447,中继,RU-005,124.02238486651147,122.0
P00044,leg1-cruise,6144.901610957872,6149.866645179447,中继,RU-005,124.32886171292759,122.0
P00010,leg1-cruise,6145.48435546875,6152.640534545673,直连,,85.47228764600331,122.0
P00275,leg1-descent,6149.819380867791,6159.796713622597,中继,RU-005,123.1969247505382,122.0
P00026,leg1-climb,6149.866645179447,6159.796713622597,直连,,91.9530100436299,122.0
P00028,leg1-cruise,6149.866645179447,6154.8316794010225,直连,,112.45757930372137,122.0
P00041,leg1-cruise,6149.866645179447,6159.796713622597,中继,RU-005,124.17594178033116,122.0
P00044,leg1-cruise,6149.866645179447,6154.8316794010225,中继,RU-005,124.45262876755652,122.0
P00010,leg1-cruise,6152.640534545673,6159.796713622597,直连,,87.67824337261793,122.0
P00028,leg1-cruise,6154.8316794010225,6159.796713622597,直连,,112.61110918058698,122.0
P00044,leg1-cruise,6154.8316794010225,6159.796713622597,中继,RU-005,124.57466751199496,122.0
P00010,leg1-cruise,6159.796713622597,6169.435517326806,直连,,90.63442505961797,122.0
P00026,leg1-climb,6159.796713622597,6165.033085123698,直连,,92.44119912946212,122.0
P00028,leg1-cruise,6159.796713622597,6164.6161154747015,直连,,112.75978586716265,122.0
P00041,leg1-cruise,6159.796713622597,6164.740999640255,中继,RU-005,124.32663985865108,122.0
P00044,leg1-cruise,6159.796713622597,6164.716584635744,中继,RU-005,124.69448159065024,122.0
P00275,leg1-descent,6159.796713622597,6167.548016745346,中继,RU-005,123.19467484090111,122.0
P00028,leg1-cruise,6164.6161154747015,6169.435517326806,中继,RU-005,112.90380921254454,122.0
P00044,leg1-cruise,6164.716584635744,6169.636455648891,中继,RU-005,124.81213832709165,122.0
P00041,leg1-cruise,6164.740999640255,6169.685285657912,中继,RU-005,124.42540626083348,122.0
P00026,leg1-cruise,6165.033085123698,6169.944204313368,直连,,92.63621545837688,122.0
P00275,leg1-descent,6167.548016745346,6175.299319868095,中继,RU-005,123.19287618371789,122.0
P00010,leg1-cruise,6169.435517326806,6174.254919178911,直连,,92.80247663485625,122.0
P00028,leg1-cruise,6169.435517326806,6174.254919178911,中继,RU-005,123.04548942803486,122.0
P00044,leg1-cruise,6169.636455648891,6174.5563266620375,中继,RU-005,124.92823133150651,122.0
P00041,leg1-cruise,6169.685285657912,6179.573857693225,中继,RU-005,124.57149409918105,122.0
P00026,leg1-cruise,6169.944204313368,6174.855323503037,直连,,92.88886601298138,122.0
P00010,leg1-cruise,6174.254919178911,6179.074321031016,直连,,94.04550408544897,122.0
P00028,leg1-cruise,6174.254919178911,6179.074321031016,中继,RU-005,123.18490134531,122.0
P00044,leg1-cruise,6174.5563266620375,6179.476197675184,中继,RU-005,125.0428013912581,122.0
P00026,leg1-cruise,6174.855323503037,6179.766442692706,直连,,93.3539346465527,122.0
P00275,S007-handoff,6175.299319868095,6185.299319868095,中继,RU-005,123.19203596345481,122.0
P00010,leg1-cruise,6179.074321031016,6183.89372288312,直连,,95.1534026720547,122.0
P00028,leg1-cruise,6179.074321031016,6183.89372288312,中继,RU-005,123.32211627628068,122.0
P00044,leg1-cruise,6179.476197675184,6184.396068688331,中继,RU-005,125.1558877273345,122.0
P00041,leg1-cruise,6179.573857693225,6189.46242972854,中继,RU-005,124.76255446330707,122.0
P00026,leg1-cruise,6179.766442692706,6184.677561882375,直连,,93.96969221801876,122.0
P00010,leg1-cruise,6183.89372288312,6188.7131247352245,直连,,96.14837634379873,122.0
P00028,leg1-cruise,6183.89372288312,6188.7131247352245,中继,RU-005,123.45720222989553,122.0
P00044,leg1-cruise,6184.396068688331,6189.315939701478,中继,RU-005,125.26752807307197,122.0
P00026,leg1-cruise,6184.677561882375,6189.588681072044,直连,,94.67470335706405,122.0
P00275,S007-handoff,6185.299319868095,6195.299319868095,中继,RU-005,123.19203596345481,122.0
P00010,leg1-cruise,6188.7131247352245,6193.532526587329,直连,,97.04899163817018,122.0
P00028,leg1-cruise,6188.7131247352245,6198.351928439434,中继,RU-005,123.6559805080873,122.0
P00044,leg1-cruise,6189.315939701478,6194.235810714625,中继,RU-005,125.37775874805423,122.0
P00041,leg1-cruise,6189.46242972854,6199.351001763855,中继,RU-005,124.94952538078148,122.0
P00026,leg1-cruise,6189.588681072044,6194.499800261714,直连,,95.4203223535508,122.0
P00010,leg1-cruise,6193.532526587329,6198.351928439434,直连,,97.87025141932544,122.0
P00044,leg1-cruise,6194.235810714625,6199.155681727772,中继,RU-005,125.48661472747492,122.0
P00026,leg1-cruise,6194.499800261714,6199.410919451384,直连,,96.17325970762545,122.0
P00275,S007-handoff,6195.299319868095,6205.299319868095,中继,RU-005,123.19203596345481,122.0
P00010,leg1-cruise,6198.351928439434,6203.171330291539,直连,,98.62418817944274,122.0
P00028,leg1-cruise,6198.351928439434,6203.171330291539,中继,RU-005,123.85032087694465,122.0
P00044,leg1-cruise,6199.155681727772,6204.075552740919,中继,RU-005,125.59412970734871,122.0
P00041,leg1-cruise,6199.351001763855,6209.239573799168,中继,RU-005,125.13257728433994,122.0
P00026,leg1-cruise,6199.410919451384,6204.322038641053,直连,,96.91301618295407,122.0
P00010,leg1-cruise,6203.171330291539,6207.990732143643,直连,,99.32048110786859,122.0
P00028,leg1-cruise,6203.171330291539,6207.990732143643,中继,RU-005,123.9775116609473,122.0
P00044,leg1-cruise,6204.075552740919,6208.995423754066,中继,RU-005,125.70033616580938,122.0
P00026,leg1-cruise,6204.322038641053,6209.233157830722,直连,,97.62812299360378,122.0
P00275,S007-handoff,6205.299319868095,6215.299319868095,中继,RU-005,123.19203596345481,122.0
P00010,leg1-cruise,6207.990732143643,6212.810133995748,直连,,99.96697347797793,122.0
P00028,leg1-cruise,6207.990732143643,6212.810133995748,中继,RU-005,124.10287048593923,122.0
P00044,leg1-cruise,6208.995423754066,6213.915294767213,中继,RU-005,125.80526542082791,122.0
P00026,leg1-cruise,6209.233157830722,6214.144277020391,直连,,98.31292882462009,122.0
P00041,leg1-cruise,6209.239573799168,6214.183859816825,中继,RU-005,125.26739100746185,122.0
P00010,leg1-cruise,6212.810133995748,6217.629535847853,直连,,100.57007803212356,122.0
P00028,leg1-cruise,6212.810133995748,6217.629535847853,中继,RU-005,124.2264492720727,122.0
P00044,leg1-cruise,6213.915294767213,6218.83516578036,中继,RU-005,125.908947684539,122.0
P00026,leg1-cruise,6214.144277020391,6219.05539621006,直连,,98.96531657770139,122.0
P00041,leg1-cruise,6214.183859816825,6219.128145834483,中继,RU-005,125.35612395979707,122.0
P00275,S007-handoff,6215.299319868095,6225.299319868095,中继,RU-005,123.19203596345481,122.0
P00010,leg1-cruise,6217.629535847853,6227.268339552062,直连,,101.40471300452066,122.0
P00028,leg1-cruise,6217.629535847853,6227.268339552062,中继,RU-005,124.40858813767025,122.0
P00044,leg1-cruise,6218.83516578036,6223.755036793506,中继,RU-005,126.01141211446537,122.0
P00026,leg1-cruise,6219.05539621006,6223.96651539973,直连,,99.58521799820058,122.0
P00041,leg1-cruise,6219.128145834483,6229.0167178697975,中继,RU-005,125.48755470226361,122.0
P00044,leg1-cruise,6223.755036793506,6228.674907806653,中继,RU-005,126.11268686181076,122.0
P00026,leg1-cruise,6223.96651539973,6228.8776345894,直连,,100.17369266958055,122.0
P00275,S007-handoff,6225.299319868095,6235.299319868095,中继,RU-005,123.19203596345481,122.0
P00010,leg1-cruise,6227.268339552062,6232.087741404166,直连,,102.16774895487697,122.0
P00028,leg1-cruise,6227.268339552062,6232.087741404166,中继,RU-005,124.58699272374177,122.0
P00044,leg1-cruise,6228.674907806653,6233.5947788198,中继,RU-005,126.21279911702784,122.0
P00026,leg1-cruise,6228.8776345894,6233.788753779069,直连,,100.73237359958053,122.0
P00041,leg1-cruise,6229.0167178697975,6238.905289905111,中继,RU-005,125.65977238931931,122.0
P00010,leg1-cruise,6232.087741404166,6236.907143256271,直连,,102.64224424954162,122.0
P00028,leg1-cruise,6232.087741404166,6236.907143256271,中继,RU-005,124.70392885377338,122.0
P00044,leg1-cruise,6233.5947788198,6238.514649832947,中继,RU-005,126.31177515286788,122.0
P00026,leg1-cruise,6233.788753779069,6238.699872968738,直连,,101.26314100767296,122.0
P00275,S007-handoff,6235.299319868095,6245.299319868095,中继,RU-005,123.19203596345481,122.0
P00010,leg1-cruise,6236.907143256271,6241.726545108376,直连,,103.09257502162995,122.0
P00028,leg1-cruise,6236.907143256271,6241.726545108376,中继,RU-005,124.81931423140459,122.0
P00044,leg1-cruise,6238.514649832947,6243.434520846094,中继,RU-005,126.40964036502933,122.0
P00026,leg1-cruise,6238.699872968738,6243.6109921584075,直连,,101.76793498544124,122.0
P00041,leg1-cruise,6238.905289905111,6243.849575922768,中继,RU-005,125.78674119258648,122.0
P00010,leg1-cruise,6241.726545108376,6246.54594696048,直连,,103.52104560585803,122.0
P00028,leg1-cruise,6241.726545108376,6246.54594696048,中继,RU-005,124.93318938092692,122.0
P00044,leg1-cruise,6243.434520846094,6248.35439185924,中继,RU-005,126.50641931061877,122.0
P00026,leg1-cruise,6243.6109921584075,6248.522111348077,直连,,102.24865154941838,122.0
P00041,leg1-cruise,6243.849575922768,6248.793861940426,中继,RU-005,125.87037203253169,122.0
P00275,S007-handoff,6245.299319868095,6255.299319868095,中继,RU-005,123.19203596345481,122.0
P00010,leg1-cruise,6246.54594696048,6251.365348812585,直连,,103.92965072943925,122.0
P00028,leg1-cruise,6246.54594696048,6251.365348812585,中继,RU-005,125.04559326122227,122.0
P00044,leg1-cruise,6248.35439185924,6253.274262872388,中继,RU-005,126.6021357445074,122.0
P00026,leg1-cruise,6248.522111348077,6253.433230537747,直连,,102.70708826971921,122.0
P00041,leg1-cruise,6248.793861940426,6258.68243397574,中继,RU-005,125.99433400085879,122.0
P00010,leg1-cruise,6251.365348812585,6256.184750664689,直连,,104.32012773469492,122.0
P00028,leg1-cruise,6251.365348812585,6256.184750664689,中继,RU-005,125.15656334522785,122.0
P00044,leg1-cruise,6253.274262872388,6258.194133885535,中继,RU-005,126.69681265377187,122.0
P00026,leg1-cruise,6253.433230537747,6258.344349727417,直连,,103.14491904597577,122.0
P00275,S007-handoff,6255.299319868095,6265.299319868095,中继,RU-005,123.19203596345481,122.0
P00010,leg1-cruise,6256.184750664689,6261.004152516794,直连,,104.69399841846074,122.0
P00028,leg1-cruise,6256.184750664689,6261.004152516794,中继,RU-005,125.26613569444548,122.0
P00044,leg1-cruise,6258.194133885535,6263.114004898682,中继,RU-005,126.79047229029176,122.0
P00026,leg1-cruise,6258.344349727417,6263.255468917086,直连,,103.5636857439182,122.0
P00041,leg1-cruise,6258.68243397574,6268.571006011054,中继,RU-005,126.15692294439441,122.0
P00010,leg1-cruise,6261.004152516794,6265.823554368899,直连,,105.05260282595637,122.0
P00028,leg1-cruise,6261.004152516794,6265.823554368899,中继,RU-005,125.37434502883318,122.0
P00044,leg1-cruise,6263.114004898682,6268.0338759118285,中继,RU-005,126.88313620166105,122.0
P00026,leg1-cruise,6263.255468917086,6268.166588106755,直连,,103.96479932485198,122.0
P00275,S007-handoff,6265.299319868095,6275.299319868095,中继,RU-005,123.19203596345481,122.0
P00010,leg1-cruise,6265.823554368899,6275.462358073108,直连,,105.56444256623939,122.0
P00028,leg1-cruise,6265.823554368899,6270.642956221003,中继,RU-005,125.48122479243516,122.0
P00044,leg1-cruise,6268.0338759118285,6272.953746924975,中继,RU-005,126.97482526048618,122.0
P00026,leg1-cruise,6268.166588106755,6273.077707296424,直连,,104.34954606793359,122.0
P00041,leg1-cruise,6268.571006011054,6273.515292028711,中继,RU-005,126.27690592947195,122.0
P00028,leg1-cruise,6270.642956221003,6275.462358073108,中继,RU-005,125.58680721505709,122.0
P00044,leg1-cruise,6272.953746924975,6277.873617938122,中继,RU-005,127.06555969217965,122.0
P00026,leg1-cruise,6273.077707296424,6277.988826486093,直连,,104.71909627598046,122.0
P00041,leg1-cruise,6273.515292028711,6278.459578046369,中继,RU-005,126.35598716575461,122.0
P00275,S007-handoff,6275.299319868095,6285.299319868095,中继,RU-005,123.19203596345481,122.0
P00010,leg1-cruise,6275.462358073108,6280.281759925212,直连,,106.04803656101939,122.0
P00028,leg1-cruise,6275.462358073108,6280.281759925212,中继,RU-005,125.6911233702559,122.0
P00044,leg1-cruise,6277.873617938122,6282.793488951269,中继,RU-005,127.15535910136018,122.0
P00026,leg1-cruise,6277.988826486093,6282.899945675763,直连,,105.0745139380446,122.0
P00041,leg1-cruise,6278.459578046369,6288.348150081683,中继,RU-005,126.47328027950964,122.0
P00010,leg1-cruise,6280.281759925212,6285.101161777317,直连,,106.35620691257988,122.0
P00028,leg1-cruise,6280.281759925212,6285.101161777317,中继,RU-005,125.79420322991771,122.0
P00044,leg1-cruise,6282.793488951269,6287.713359964416,中继,RU-005,127.24424249690081,122.0
P00026,leg1-cruise,6282.899945675763,6287.811064865433,直连,,105.4167664756878,122.0
P00010,leg1-cruise,6285.101161777317,6289.920563629422,直连,,106.65389415894865,122.0
P00028,leg1-cruise,6285.101161777317,6289.920563629422,中继,RU-005,125.89607571566177,122.0
P00275,S007-handoff,6285.299319868095,6295.299319868095,中继,RU-005,123.19203596345481,122.0
P00044,leg1-descent,6287.713359964416,6297.017699055399,中继,RU-005,127.2877208365493,122.0
P00026,leg1-cruise,6287.811064865433,6292.722184055102,直连,,105.74673409432364,122.0
P00041,leg1-cruise,6288.348150081683,6298.236722116997,中继,RU-005,126.62725612487685,122.0
P00010,leg1-cruise,6289.920563629422,6294.739965481526,直连,,106.94178330078499,122.0
P00028,leg1-cruise,6289.920563629422,6294.739965481526,中继,RU-005,125.99676874727614,122.0
P00026,leg1-cruise,6292.722184055102,6297.633303244771,直连,,106.06521849707624,122.0
P00010,leg1-cruise,6294.739965481526,6299.559367333632,直连,,107.22049475769695,122.0
P00028,leg1-cruise,6294.739965481526,6299.559367333632,中继,RU-005,126.09630928840113,122.0
P00275,S007-handoff,6295.299319868095,6305.299319868095,中继,RU-005,123.19203596345481,122.0
P00044,leg1-descent,6297.017699055399,6306.322038146382,中继,RU-005,127.28651195937634,122.0
P00026,leg1-cruise,6297.633303244771,6302.54442243444,直连,,106.3729508587037,122.0
P00041,leg1-cruise,6298.236722116997,6308.125294152312,中继,RU-005,126.77855944630316,122.0
P00010,leg1-cruise,6299.559367333632,6304.378769185736,直连,,107.49059218711487,122.0
P00028,leg1-cruise,6299.559367333632,6304.378769185736,中继,RU-005,126.19472338964533,122.0
P00026,leg1-cruise,6302.54442243444,6307.455541624109,直连,,106.67059903814213,122.0
P00010,leg1-cruise,6304.378769185736,6309.19817103784,直连,,107.75258916218803,122.0
P00028,leg1-cruise,6304.378769185736,6309.19817103784,中继,RU-005,126.29203622929333,122.0
P00275,S007-handoff,6305.299319868095,6315.299319868095,中继,RU-005,123.19203596345481,122.0
P00044,leg1-descent,6306.322038146382,6315.626377237365,中继,RU-005,127.28535964855564,122.0
P00026,leg1-cruise,6307.455541624109,6312.366660813779,直连,,106.95877405378029,122.0
P00041,leg1-cruise,6308.125294152312,6318.013866187626,中继,RU-005,126.92728109676149,122.0
P00010,leg1-cruise,6309.19817103784,6314.017572889945,直连,,108.00695490158901,122.0
P00028,leg1-cruise,6309.19817103784,6314.017572889945,中继,RU-005,126.388272151777,122.0
P00026,leg1-cruise,6312.366660813779,6317.277780003449,直连,,107.23803586911602,122.0
P00010,leg1-cruise,6314.017572889945,6318.836974742049,直连,,108.2541192072733,122.0
P00028,leg1-cruise,6314.017572889945,6318.836974742049,中继,RU-005,126.48345470405289,122.0
P00275,S007-handoff,6315.299319868095,6325.299319868095,中继,RU-005,123.19203596345481,122.0
P00044,leg1-descent,6315.626377237365,6324.930716328348,中继,RU-005,127.2842639492121,122.0
P00026,leg1-cruise,6317.277780003449,6322.188899193118,直连,,107.50889854715842,122.0
P00041,leg1-cruise,6318.013866187626,6327.90243822294,中继,RU-005,127.07350739002955,122.0
P00010,leg1-cruise,6318.836974742049,6323.656376594154,直连,,108.49447673733813,122.0
P00028,leg1-cruise,6318.836974742049,6323.656376594154,中继,RU-005,126.57760667001823,122.0
P00026,leg1-cruise,6322.188899193118,6327.100018382787,直连,,107.77183483509306,122.0
P00010,leg1-cruise,6323.656376594154,6333.295180298363,直连,,108.84303709597062,122.0
P00028,leg1-cruise,6323.656376594154,6328.475778446258,中继,RU-005,126.670750103088,122.0
P00044,leg1-descent,6324.930716328348,6334.235055419331,中继,RU-005,127.28322490427968,122.0
P00275,S007-handoff,6325.299319868095,6335.299319868095,中继,RU-005,123.19203596345481,122.0
P00026,leg1-cruise,6327.100018382787,6332.011137572456,直连,,108.0272802393417,122.0
P00041,leg1-cruise,6327.90243822294,6337.791010258255,中继,RU-005,127.2173203970625,122.0
P00028,leg1-cruise,6328.475778446258,6333.295180298363,中继,RU-005,126.76290635706144,122.0
P00026,leg1-cruise,6332.011137572456,6336.9222567621255,直连,,108.27563664761641,122.0
P00010,leg1-cruise,6333.295180298363,6338.114582150468,直连,,109.17820279295292,122.0
P00028,leg1-cruise,6333.295180298363,6338.114582150468,中继,RU-005,126.8540961153728,122.0
P00044,leg1-descent,6334.235055419331,6343.539394510314,中继,RU-005,127.2822425544957,122.0
P00275,S007-handoff,6335.299319868095,6345.299319868095,中继,RU-005,123.19203596345481,122.0
P00026,leg1-cruise,6336.9222567621255,6341.8333759517955,直连,,108.51727554980545,122.0
P00041,leg1-descent,6337.791010258255,6346.787552539622,中继,RU-005,127.28759207976746,122.0
P00010,leg1-cruise,6338.114582150468,6342.933984002572,直连,,109.3946973483456,122.0
P00028,leg1-cruise,6338.114582150468,6342.933984002572,中继,RU-005,126.94433941882964,122.0
P00026,leg1-cruise,6341.8333759517955,6346.744495141465,直连,,108.75254090455084,122.0
P00010,leg1-cruise,6342.933984002572,6347.753385854678,直连,,109.60594595405767,122.0
P00028,leg1-cruise,6342.933984002572,6347.753385854678,中继,RU-005,127.03365569193372,122.0
P00044,leg1-descent,6343.539394510314,6352.843733601298,中继,RU-005,127.28131693839563,122.0
P00275,S007-handoff,6345.299319868095,6355.299319868095,中继,RU-005,123.19203596345481,122.0
P00026,leg1-cruise,6346.744495141465,6351.6556143311345,直连,,108.98175169322336,122.0
P00041,leg1-descent,6346.787552539622,6355.78409482099,中继,RU-005,127.28614523340833,122.0
P00010,leg1-cruise,6347.753385854678,6352.572787706782,直连,,109.81219596786596,122.0
P00028,leg1-cruise,6347.753385854678,6352.572787706782,中继,RU-005,127.12206376787347,122.0
P00026,leg1-cruise,6351.6556143311345,6356.566733520804,直连,,109.20520419834246,122.0
P00010,leg1-cruise,6352.572787706782,6357.3921895588865,直连,,110.01367771290231,122.0
P00028,leg1-cruise,6352.572787706782,6362.211591410991,中继,RU-005,127.25301281849295,122.0
P00044,leg1-descent,6352.843733601298,6362.14807269228,中继,RU-005,127.28044809230802,122.0
P00275,leg2-climb,6355.299319868095,6364.392817140042,中继,RU-005,123.19323013062677,122.0
P00041,leg1-descent,6355.78409482099,6364.780637102357,中继,RU-005,127.28478104182808,122.0
P00026,leg1-cruise,6356.566733520804,6361.477852710473,直连,,109.42317403899234,122.0
P00010,leg1-cruise,6357.3921895588865,6362.211591410991,直连,,110.2106060016706,122.0
P00026,leg1-cruise,6361.477852710473,6366.388971900142,直连,,109.63591799196578,122.0
P00044,leg1-descent,6362.14807269228,6371.452411783263,中继,RU-005,127.27963605034974,122.0
P00010,leg1-cruise,6362.211591410991,6367.030993263095,直连,,110.40318149388659,122.0
P00028,leg1-cruise,6362.211591410991,6367.030993263095,中继,RU-005,127.3820187651225,122.0
P00275,leg2-climb,6364.392817140042,6373.486314411988,中继,RU-005,123.19585267581317,122.0
P00041,leg1-descent,6364.780637102357,6373.7771793837255,中继,RU-005,127.28349958308709,122.0
P00026,leg1-cruise,6366.388971900142,6371.300091089812,直连,,109.84367562371769,122.0
P00010,leg1-cruise,6367.030993263095,6371.850395115201,直连,,110.59159190937812,122.0
P00028,leg1-cruise,6367.030993263095,6371.850395115201,中继,RU-005,127.46697136446848,122.0
P00026,leg1-cruise,6371.300091089812,6376.211210279482,直连,,110.04667075518212,122.0
P00044,leg1-descent,6371.452411783263,6380.756750874247,中继,RU-005,127.27888084442155,122.0
P00010,leg1-cruise,6371.850395115201,6376.669796967305,直连,,110.77601311414261,122.0
P00028,leg1-cruise,6371.850395115201,6376.669796967305,中继,RU-005,127.55110185380983,122.0
P00275,leg2-climb,6373.486314411988,6382.579811683935,中继,RU-005,123.19878702325522,122.0
P00041,leg1-descent,6373.7771793837255,6382.773721665093,中继,RU-005,127.28230093056382,122.0
P00026,leg1-cruise,6376.211210279482,6381.122329469151,直连,,110.24511277868031,122.0
P00010,leg1-cruise,6376.669796967305,6381.4891988194095,直连,,110.95661009513208,122.0
P00028,leg1-cruise,6376.669796967305,6381.4891988194095,中继,RU-005,127.63442597799965,122.0
P00044,leg1-descent,6380.756750874247,6390.061089965229,中继,RU-005,127.27818250420393,122.0
P00026,leg1-cruise,6381.122329469151,6386.03344865882,直连,,110.4391978438773,122.0
P00010,leg1-cruise,6381.4891988194095,6391.128002523619,直连,,111.22067163736675,122.0
P00028,leg1-cruise,6381.4891988194095,6386.308600671515,中继,RU-005,127.716959034264,122.0
P00275,leg2-climb,6382.579811683935,6391.673308955881,中继,RU-005,123.202032540262,122.0
P00041,leg1-descent,6382.773721665093,6391.770263946461,中继,RU-005,127.28118515294089,122.0
P00026,leg1-cruise,6386.03344865882,6390.944567848489,直连,,120.62910992750533,122.0
P00028,leg1-cruise,6386.308600671515,6391.128002523619,中继,RU-005,127.79871588899259,122.0
P00044,leg1-descent,6390.061089965229,6399.365429056213,中继,RU-005,127.27754105715319,122.0
P00026,leg1-cruise,6390.944567848489,6395.855687038158,直连,,120.81502179987304,122.0
P00010,leg1-cruise,6391.128002523619,6395.947404375724,直连,,111.47696019865504,122.0
P00028,leg1-cruise,6391.128002523619,6395.947404375724,中继,RU-005,127.87971099375378,122.0
P00275,leg2-climb,6391.673308955881,6400.766806227828,中继,RU-005,123.20558852821105,122.0
P00041,leg1-descent,6391.770263946461,6400.766806227828,中继,RU-005,127.28015231419198,122.0
P00026,leg1-cruise,6395.855687038158,6400.766806227828,直连,,120.9970958994918,122.0
P00010,leg1-cruise,6395.947404375724,6400.766806227828,直连,,111.64372151792772,122.0
P00028,leg1-cruise,6395.947404375724,6400.766806227828,中继,RU-005,127.95995840057607,122.0
P00044,S003-handoff,6399.365429056213,6400.766806227828,中继,RU-005,127.27724167653642,122.0
P00010,leg1-cruise,6400.766806227828,6405.450027440409,直连,,121.80505774145371,122.0
P00026,leg1-cruise,6400.766806227828,6405.450027440409,直连,,121.17138676027814,122.0
P00028,leg1-cruise,6400.766806227828,6408.067397990744,中继,RU-005,128.05982268629566,122.0
P00041,leg1-descent,6400.766806227828,6410.13324865299,中继,RU-005,127.27918381790116,122.0
P00044,S003-handoff,6400.766806227828,6410.13324865299,中继,RU-005,127.27724167653642,122.0
P00275,leg2-climb,6400.766806227828,6409.7903782177045,中继,RU-005,123.20943876818414,122.0
P00010,leg1-cruise,6405.450027440409,6410.13324865299,中继,RU-005,121.9612081972534,122.0
P00026,leg1-cruise,6405.450027440409,6410.13324865299,直连,,121.33827470922061,122.0
P00028,leg1-cruise,6408.067397990744,6415.3679897536595,中继,RU-005,128.17862705169443,122.0
P00275,leg2-cruise,6409.7903782177045,6419.499691078152,中继,RU-005,123.09987741327654,122.0
P00010,leg1-cruise,6410.13324865299,6414.816469865571,中继,RU-005,122.11460655272921,122.0
P00026,leg1-cruise,6410.13324865299,6414.816469865571,直连,,121.5020581297627,122.0
P00041,leg1-descent,6410.13324865299,6419.499691078152,中继,RU-005,127.2782849477356,122.0
P00044,S003-handoff,6410.13324865299,6419.499691078152,中继,RU-005,127.27724167653642,122.0
P00010,leg1-cruise,6414.816469865571,6419.499691078152,中继,RU-005,122.2653479520176,122.0
P00026,leg1-cruise,6414.816469865571,6419.499691078152,直连,,121.66284890022122,122.0
P00028,leg1-descent,6415.3679897536595,6419.499691078152,中继,RU-005,128.23727407544482,122.0
P00010,leg1-cruise,6419.499691078152,6427.500433545509,中继,RU-005,122.46540577934047,122.0
P00026,leg1-cruise,6419.499691078152,6427.500433545509,中继,RU-005,121.87600826603772,122.0
P00028,leg1-descent,6419.499691078152,6428.667698974568,中继,RU-005,128.236809483083,122.0
P00041,leg1-descent,6419.499691078152,6427.112665531692,中继,RU-005,127.27754804038679,122.0
P00044,S003-handoff,6419.499691078152,6427.500433545509,中继,RU-005,127.27724167653642,122.0
P00275,leg2-cruise,6419.499691078152,6427.500433545509,中继,RU-005,122.89258532215487,122.0
P00041,S003-handoff,6427.112665531692,6435.210350002503,中继,RU-005,127.27724167653642,122.0
P00010,leg1-cruise,6427.500433545509,6435.5011760128655,中继,RU-005,122.71140008086809,122.0
P00026,leg1-cruise,6427.500433545509,6435.5011760128655,中继,RU-005,122.13774961052765,122.0
P00044,S003-handoff,6427.500433545509,6435.5011760128655,中继,RU-005,127.27724167653642,122.0
P00275,leg2-cruise,6427.500433545509,6435.5011760128655,中继,RU-005,122.70097049022652,122.0
P00028,leg1-descent,6428.667698974568,6437.835706870984,中继,RU-005,128.2362287042987,122.0
P00041,S003-handoff,6435.210350002503,6443.3080344733135,中继,RU-005,127.27724167653642,122.0
P00010,leg1-cruise,6435.5011760128655,6443.501918480222,中继,RU-005,122.95063042707848,122.0
P00026,leg1-cruise,6435.5011760128655,6443.501918480222,中继,RU-005,122.3919169293597,122.0
P00044,S003-handoff,6435.5011760128655,6443.501918480222,中继,RU-005,127.27724167653642,122.0
P00275,leg2-cruise,6435.5011760128655,6443.501918480222,中继,RU-005,122.50506465567818,122.0
P00028,leg1-descent,6437.835706870984,6447.003714767399,中继,RU-005,128.2357172061485,122.0
P00041,S003-handoff,6443.3080344733135,6451.405718944125,中继,RU-005,127.27724167653642,122.0
P00010,leg1-cruise,6443.501918480222,6451.502660947579,中继,RU-005,123.18345827188044,122.0
P00026,leg1-cruise,6443.501918480222,6451.502660947579,中继,RU-005,122.63893169450446,122.0
P00044,S003-handoff,6443.501918480222,6451.502660947579,中继,RU-005,127.27724167653642,122.0
P00275,leg2-cruise,6443.501918480222,6451.502660947579,中继,RU-005,122.3046727976174,122.0
P00028,leg1-descent,6447.003714767399,6456.171722663816,中继,RU-005,128.23527501312256,122.0
P00041,S003-handoff,6451.405718944125,6459.503403414936,中继,RU-005,127.27724167653642,122.0
P00010,leg1-cruise,6451.502660947579,6459.503403414936,中继,RU-005,123.41021689180059,122.0
P00026,leg1-cruise,6451.502660947579,6459.503403414936,中继,RU-005,122.87918151280245,122.0
P00044,S003-handoff,6451.502660947579,6459.503403414936,中继,RU-005,127.27724167653642,122.0
P00275,leg2-cruise,6451.502660947579,6459.503403414936,中继,RU-005,112.09958640801561,122.0
P00028,S008-handoff,6456.171722663816,6459.503403414936,中继,RU-005,128.23507991277862,122.0
P00010,leg1-cruise,6459.503403414936,6464.43452351458,中继,RU-005,123.58925249579436,122.0
P00026,leg1-cruise,6459.503403414936,6464.358128185146,中继,RU-005,123.06753845515179,122.0
P00028,S008-handoff,6459.503403414936,6469.364583383639,中继,RU-005,128.23507991277862,122.0
P00041,S003-handoff,6459.503403414936,6469.370584643644,中继,RU-005,127.27724167653642,122.0
P00044,S003-handoff,6459.503403414936,6469.381698286738,中继,RU-005,127.27724167653642,122.0
P00275,leg2-cruise,6459.503403414936,6464.474705934659,直连,,111.92972897552966,122.0
P00026,leg1-cruise,6464.358128185146,6469.2128529553565,中继,RU-005,123.20716449237639,122.0
P00010,leg1-cruise,6464.43452351458,6469.365643614225,中继,RU-005,123.72335593537161,122.0
P00275,leg2-cruise,6464.474705934659,6469.446008454382,直连,,111.79727284726863,122.0
P00026,leg1-cruise,6469.2128529553565,6474.067577725567,中继,RU-005,123.34460037758478,122.0
P00028,S008-handoff,6469.364583383639,6479.225763352342,中继,RU-005,128.23507991277862,122.0
P00010,leg1-cruise,6469.365643614225,6479.227883813513,中继,RU-005,123.92071223439797,122.0
P00041,S003-handoff,6469.370584643644,6479.2377658723535,中继,RU-005,127.27724167653642,122.0
P00044,S003-handoff,6469.381698286738,6479.25999315854,中继,RU-005,127.27724167653642,122.0
P00275,leg2-cruise,6469.446008454382,6479.388613493828,直连,,111.59475774386358,122.0
P00026,leg1-cruise,6474.067577725567,6483.777027265989,中继,RU-005,123.4799131748358,122.0
P00028,S008-handoff,6479.225763352342,6489.0869433210455,中继,RU-005,128.23507991277862,122.0
P00010,leg1-cruise,6479.227883813513,6484.159003913157,中继,RU-005,124.11368937820025,122.0
P00041,S003-handoff,6479.2377658723535,6489.104947101062,中继,RU-005,127.27724167653642,122.0
P00044,S003-handoff,6479.25999315854,6489.138288030343,中继,RU-005,127.27724167653642,122.0
P00275,leg2-cruise,6479.388613493828,6489.331218533274,直连,,111.31724942725921,122.0
P00026,leg1-cruise,6483.777027265989,6488.631752036199,中继,RU-005,123.74442289972394,122.0
P00010,leg1-cruise,6484.159003913157,6489.0901240128005,中继,RU-005,124.24000222610161,122.0
P00026,leg1-cruise,6488.631752036199,6493.486476806409,中继,RU-005,123.87373960776156,122.0
P00028,S008-handoff,6489.0869433210455,6498.948123289749,中继,RU-005,128.23507991277862,122.0
P00010,leg1-cruise,6489.0901240128005,6494.021244112445,中继,RU-005,124.36450666846444,122.0
P00041,S003-handoff,6489.104947101062,6498.97212832977,中继,RU-005,127.27724167653642,122.0
P00044,S003-handoff,6489.138288030343,6499.016582902144,中继,RU-005,127.27724167653642,122.0
P00275,leg2-cruise,6489.331218533274,6499.27382357272,直连,,111.03067546290862,122.0
P00026,leg1-cruise,6493.486476806409,6498.34120157662,中继,RU-005,124.00117310334134,122.0
P00010,leg1-cruise,6494.021244112445,6498.952364212089,中继,RU-005,124.48725369678475,122.0
P00026,leg1-cruise,6498.34120157662,6503.195926346831,中继,RU-005,124.12677704889057,122.0
P00028,S008-handoff,6498.948123289749,6508.809303258452,中继,RU-005,128.23507991277862,122.0
P00010,leg1-descent,6498.952364212089,6508.33885626008,中继,RU-005,124.54747938087219,122.0
P00041,S003-handoff,6498.97212832977,6508.839309558479,中继,RU-005,127.27724167653642,122.0
P00044,S003-handoff,6499.016582902144,6508.894877773947,中继,RU-005,127.27724167653642,122.0
P00275,leg2-cruise,6499.27382357272,6509.216428612167,直连,,110.73443050095415,122.0
P00026,leg1-cruise,6503.195926346831,6512.9053758872515,中继,RU-005,124.25060286213245,122.0
P00010,leg1-descent,6508.33885626008,6517.725348308071,中继,RU-005,124.54655250855966,122.0
P00028,S008-handoff,6508.809303258452,6518.670483227155,中继,RU-005,128.23507991277862,122.0
P00041,S003-handoff,6508.839309558479,6518.706490787188,中继,RU-005,127.27724167653642,122.0
P00044,S003-handoff,6508.894877773947,6518.77317264575,中继,RU-005,127.27724167653642,122.0
P00275,leg2-cruise,6509.216428612167,6519.159033651613,直连,,110.42784726977006,122.0
P00026,leg1-cruise,6512.9053758872515,6517.760100657462,中继,RU-005,124.4931152661011,122.0
P00010,leg1-descent,6517.725348308071,6527.111840356062,中继,RU-005,124.54573426508396,122.0
P00026,leg1-cruise,6517.760100657462,6522.614825427672,中继,RU-005,124.61189453130588,122.0
P00028,S008-handoff,6518.670483227155,6528.531663195859,中继,RU-005,128.23507991277862,122.0
P00041,S003-handoff,6518.706490787188,6528.573672015897,中继,RU-005,127.27724167653642,122.0
P00044,S003-handoff,6518.77317264575,6528.651467517551,中继,RU-005,127.27724167653642,122.0
P00275,leg2-cruise,6519.159033651613,6529.101638691059,直连,,110.1101879634497,122.0
P00026,leg1-cruise,6522.614825427672,6527.469550197883,中继,RU-005,124.72908121982522,122.0
P00010,leg1-descent,6527.111840356062,6536.498332404054,中继,RU-005,124.54502471189024,122.0
P00026,leg1-cruise,6527.469550197883,6532.324274968094,中继,RU-005,124.8447172095263,122.0
P00028,S008-handoff,6528.531663195859,6538.392843164563,中继,RU-005,128.23507991277862,122.0
P00041,S003-handoff,6528.573672015897,6538.440853244605,中继,RU-005,127.27724167653642,122.0
P00044,S003-handoff,6528.651467517551,6538.529762389354,中继,RU-005,127.27724167653642,122.0
P00275,leg2-cruise,6529.101638691059,6539.044243730505,直连,,109.78063410610582,122.0
P00026,leg1-cruise,6532.324274968094,6537.178999738304,中继,RU-005,124.95884275804075,122.0
P00010,leg1-descent,6536.498332404054,6545.884824452045,中继,RU-005,124.54442390228347,122.0
P00026,leg1-cruise,6537.178999738304,6542.033724508514,中继,RU-005,125.07149658476585,122.0
P00028,S008-handoff,6538.392843164563,6548.254023133266,中继,RU-005,128.23507991277862,122.0
P00041,S003-handoff,6538.440853244605,6548.3080344733135,中继,RU-005,127.27724167653642,122.0
P00044,S003-handoff,6538.529762389354,6548.4080572611565,中继,RU-005,127.27724167653642,122.0
P00275,leg2-cruise,6539.044243730505,6548.986848769951,直连,,109.43827456555468,122.0
P00026,leg1-cruise,6542.033724508514,6546.888449278725,中继,RU-005,125.1827159477659,122.0
P00010,leg1-descent,6545.884824452045,6555.271316500036,中继,RU-005,124.54393188141522,122.0
P00026,leg1-cruise,6546.888449278725,6551.7431740489355,中继,RU-005,125.29253671596508,122.0
P00028,S008-handoff,6548.254023133266,6558.115203101969,中继,RU-005,128.23507991277862,122.0
P00041,S003-handoff,6548.3080344733135,6558.175215702023,中继,RU-005,127.27724167653642,122.0
P00044,S003-handoff,6548.4080572611565,6558.286352132958,中继,RU-005,127.27724167653642,122.0
P00275,leg2-cruise,6548.986848769951,6558.929453809397,直连,,109.08209130635501,122.0
P00026,leg1-cruise,6551.7431740489355,6556.597898819146,中继,RU-005,125.40099343695441,122.0
P00010,leg1-descent,6555.271316500036,6564.657808548027,中继,RU-005,124.5435486862723,122.0
P00026,leg1-cruise,6556.597898819146,6561.452623589357,中继,RU-005,125.50811940074685,122.0
P00028,S008-handoff,6558.115203101969,6567.9763830706725,中继,RU-005,128.23507991277862,122.0
P00041,S003-handoff,6558.175215702023,6568.042396930731,中继,RU-005,127.27724167653642,122.0
P00044,S003-handoff,6558.286352132958,6568.164647004761,中继,RU-005,127.27724167653642,122.0
P00275,leg2-cruise,6558.929453809397,6568.872058848843,直连,,108.71094236605431,122.0
P00026,leg1-cruise,6561.452623589357,6566.307348359567,中继,RU-005,125.613946699749,122.0
P00010,S005-handoff,6564.657808548027,6574.5578085480265,中继,RU-005,124.54339790767136,122.0
P00026,leg1-descent,6566.307348359567,6576.037273896676,中继,RU-005,125.6651700292926,122.0
P00028,S008-handoff,6567.9763830706725,6577.837563039376,中继,RU-005,128.23507991277862,122.0
P00041,S003-handoff,6568.042396930731,6577.90957815944,中继,RU-005,127.27724167653642,122.0
P00044,S003-handoff,6568.164647004761,6578.0429418765625,中继,RU-005,127.27724167653642,122.0
P00275,leg2-cruise,6568.872058848843,6578.81466388829,直连,,108.32354140135803,122.0
P00010,S005-handoff,6574.5578085480265,6584.457808548027,中继,RU-005,124.54339790767136,122.0
P00026,leg1-descent,6576.037273896676,6585.767199433786,中继,RU-005,125.66284889434968,122.0
P00028,S008-handoff,6577.837563039376,6587.698743008079,中继,RU-005,128.23507991277862,122.0
P00041,S003-handoff,6577.90957815944,6587.776759388149,中继,RU-005,127.27724167653642,122.0
P00044,S003-handoff,6578.0429418765625,6587.921236748365,中继,RU-005,127.27724167653642,122.0
P00275,leg2-cruise,6578.81466388829,6588.757268927736,直连,,107.91843297338659,122.0
P00010,S005-handoff,6584.457808548027,6594.357808548027,中继,RU-005,124.54339790767136,122.0
P00026,leg1-descent,6585.767199433786,6595.497124970896,中继,RU-005,125.66066786177842,122.0
P00028,S008-handoff,6587.698743008079,6597.559922976782,中继,RU-005,128.23507991277862,122.0
P00041,S003-handoff,6587.776759388149,6597.643940616857,中继,RU-005,127.27724167653642,122.0
P00044,S003-handoff,6587.921236748365,6597.799531620168,中继,RU-005,127.27724167653642,122.0
P00275,leg2-cruise,6588.757268927736,6598.699873967182,直连,,107.49396251071448,122.0
P00010,S005-handoff,6594.357808548027,6604.257808548027,中继,RU-005,124.54339790767136,122.0
P00026,leg1-descent,6595.497124970896,6605.227050508005,中继,RU-005,125.65862714336379,122.0
P00028,S008-handoff,6597.559922976782,6607.4211029454855,中继,RU-005,128.23507991277862,122.0
P00041,S003-handoff,6597.643940616857,6607.511121845566,中继,RU-005,127.27724167653642,122.0
P00044,S003-handoff,6597.799531620168,6607.677826491969,中继,RU-005,127.27724167653642,122.0
P00275,leg2-cruise,6598.699873967182,6608.6424790066285,直连,,107.04823958994866,122.0
P00010,S005-handoff,6604.257808548027,6614.157808548027,中继,RU-005,124.54339790767136,122.0
P00026,S015-handoff,6605.227050508005,6615.227050508005,中继,RU-005,125.65765946448572,122.0
P00028,S008-handoff,6607.4211029454855,6617.282282914189,中继,RU-005,128.23507991277862,122.0
P00041,S003-handoff,6607.511121845566,6617.378303074274,中继,RU-005,127.27724167653642,122.0
P00044,S003-handoff,6607.677826491969,6617.556121363772,中继,RU-005,127.27724167653642,122.0
P00275,leg2-cruise,6608.6424790066285,6618.585084046074,直连,,106.57909278769405,122.0
P00010,S005-handoff,6614.157808548027,6624.0578085480265,中继,RU-005,124.54339790767136,122.0
P00026,S015-handoff,6615.227050508005,6625.227050508005,中继,RU-005,125.65765946448572,122.0
P00028,S008-handoff,6617.282282914189,6627.143462882892,中继,RU-005,128.23507991277862,122.0
P00041,S003-handoff,6617.378303074274,6627.245484302984,中继,RU-005,127.27724167653642,122.0
P00044,S003-handoff,6617.556121363772,6627.434416235574,中继,RU-005,127.27724167653642,122.0
P00275,leg2-cruise,6618.585084046074,6628.52768908552,直连,,106.08401386535303,122.0
P00010,S005-handoff,6624.0578085480265,6633.957808548027,中继,RU-005,124.54339790767136,122.0
P00026,S015-handoff,6625.227050508005,6635.227050508005,中继,RU-005,125.65765946448572,122.0
P00028,S008-handoff,6627.143462882892,6637.004642851596,中继,RU-005,128.23507991277862,122.0
P00041,S003-handoff,6627.245484302984,6637.112665531692,中继,RU-005,127.27724167653642,122.0
P00044,S003-handoff,6627.434416235574,6637.312711107376,中继,RU-005,127.27724167653642,122.0
P00275,leg2-cruise,6628.52768908552,6638.470294124966,直连,,105.56008843461528,122.0
P00010,S005-handoff,6633.957808548027,6643.857808548027,中继,RU-005,124.54339790767136,122.0
P00026,S015-handoff,6635.227050508005,6645.227050508005,中继,RU-005,125.65765946448572,122.0
P00028,S008-handoff,6637.004642851596,6646.865822820299,中继,RU-005,128.23507991277862,122.0
P00041,leg2-climb,6637.112665531692,6646.417004622675,中继,RU-005,127.27769608376369,122.0
P00044,S003-handoff,6637.312711107376,6647.191005979179,中继,RU-005,127.27724167653642,122.0
P00275,leg2-cruise,6638.470294124966,6648.412899164413,直连,,105.00390952503749,122.0
P00010,S005-handoff,6643.857808548027,6653.757808548027,中继,RU-005,124.54339790767136,122.0
P00026,S015-handoff,6645.227050508005,6655.227050508005,中继,RU-005,125.65765946448572,122.0
P00041,leg2-climb,6646.417004622675,6655.721343713658,中继,RU-005,127.27870092709622,122.0
P00028,S008-handoff,6646.865822820299,6656.727002789003,中继,RU-005,128.23507991277862,122.0
P00044,S003-handoff,6647.191005979179,6657.069300850981,中继,RU-005,127.27724167653642,122.0
P00275,leg2-cruise,6648.412899164413,6658.355504203859,直连,,104.4114697073244,122.0
P00010,S005-handoff,6653.757808548027,6663.657808548027,中继,RU-005,124.54339790767136,122.0
P00026,S015-handoff,6655.227050508005,6665.227050508005,中继,RU-005,125.65765946448572,122.0
P00041,leg2-climb,6655.721343713658,6665.025682804641,中继,RU-005,127.2798337336697,122.0
P00028,S008-handoff,6656.727002789003,6666.588182757706,中继,RU-005,128.23507991277862,122.0
P00044,S003-handoff,6657.069300850981,6666.947595722783,中继,RU-005,127.27724167653642,122.0
P00275,leg2-cruise,6658.355504203859,6668.298109243305,直连,,103.7780268564983,122.0
P00010,S005-handoff,6663.657808548027,6673.5578085480265,中继,RU-005,124.54339790767136,122.0
P00041,leg2-climb,6665.025682804641,6674.330021895625,中继,RU-005,127.28109440331454,122.0
P00026,S015-handoff,6665.227050508005,6675.227050508005,中继,RU-005,125.65765946448572,122.0
P00028,S008-handoff,6666.588182757706,6676.449362726409,中继,RU-005,128.23507991277862,122.0
P00044,S003-handoff,6666.947595722783,6676.825890594586,中继,RU-005,127.27724167653642,122.0
P00275,leg2-cruise,6668.298109243305,6678.2407142827515,直连,,103.09793892331471,122.0
P00010,S005-handoff,6673.5578085480265,6683.457808548027,中继,RU-005,124.54339790767136,122.0
P00041,leg2-climb,6674.330021895625,6683.634360986607,中继,RU-005,127.28248282462644,122.0
P00026,S015-handoff,6675.227050508005,6685.227050508005,中继,RU-005,125.65765946448572,122.0
P00028,S008-handoff,6676.449362726409,6686.310542695112,中继,RU-005,128.23507991277862,122.0
P00044,S003-handoff,6676.825890594586,6686.704185466388,中继,RU-005,127.27724167653642,122.0
P00275,leg2-cruise,6678.2407142827515,6688.183319322197,直连,,102.3644658997012,122.0
P00010,S005-handoff,6683.457808548027,6693.357808548027,中继,RU-005,124.54339790767136,122.0
P00041,leg2-climb,6683.634360986607,6692.9387000775905,中继,RU-005,127.28399887499907,122.0
P00026,S015-handoff,6685.227050508005,6695.227050508005,中继,RU-005,125.65765946448572,122.0
P00028,S008-handoff,6686.310542695112,6696.171722663816,中继,RU-005,128.23507991277862,122.0
P00044,S003-handoff,6686.704185466388,6696.58248033819,中继,RU-005,127.27724167653642,122.0
P00275,leg2-cruise,6688.183319322197,6698.125924361643,直连,,101.56954672666366,122.0
P00041,leg2-climb,6692.9387000775905,6702.243039168573,中继,RU-005,127.28564242066012,122.0
P00010,S005-handoff,6693.357808548027,6703.257808548027,中继,RU-005,124.54339790767136,122.0
P00026,S015-handoff,6695.227050508005,6705.227050508005,中继,RU-005,125.65765946448572,122.0
P00028,leg2-climb,6696.171722663816,6704.672500353432,中继,RU-005,128.23529808074372,122.0
P00044,S003-handoff,6696.58248033819,6706.460775209992,中继,RU-005,127.27724167653642,122.0
P00275,leg2-cruise,6698.125924361643,6708.06852940109,直连,,100.70358577078225,122.0
P00041,leg2-climb,6702.243039168573,6711.547378259556,中继,RU-005,127.28741331671051,122.0
P00010,S005-handoff,6703.257808548027,6713.157808548027,中继,RU-005,124.54339790767136,122.0
P00028,leg2-climb,6704.672500353432,6713.1732780430475,中继,RU-005,128.2357987831089,122.0
P00026,S015-handoff,6705.227050508005,6715.227050508005,中继,RU-005,125.65765946448572,122.0
P00044,S003-handoff,6706.460775209992,6716.3390700817945,中继,RU-005,127.27724167653642,122.0
P00275,leg2-cruise,6708.06852940109,6718.011134440536,直连,,99.75535452156522,122.0
P00041,leg2-cruise,6711.547378259556,6721.340190091477,中继,RU-005,127.21801099205078,122.0
P00010,S005-handoff,6713.157808548027,6723.0578085480265,中继,RU-005,124.54339790767136,122.0
P00028,leg2-climb,6713.1732780430475,6721.674055732663,中继,RU-005,128.23638528211953,122.0
P00026,S015-handoff,6715.227050508005,6725.227050508005,中继,RU-005,125.65765946448572,122.0
P00044,S003-handoff,6716.3390700817945,6726.217364953597,中继,RU-005,127.27724167653642,122.0
P00275,leg2-cruise,6718.011134440536,6727.953739479982,直连,,98.71229849782284,122.0
P00041,leg2-cruise,6721.340190091477,6731.133001923398,中继,RU-005,127.07561348116097,122.0
P00028,leg2-climb,6721.674055732663,6730.174833422279,中继,RU-005,128.23705754301272,122.0
P00010,S005-handoff,6723.0578085480265,6732.957808548027,中继,RU-005,124.54339790767136,122.0
P00026,S015-handoff,6725.227050508005,6735.227050508005,中继,RU-005,125.65765946448572,122.0
P00044,S003-handoff,6726.217364953597,6736.095659825399,中继,RU-005,127.27724167653642,122.0
P00275,leg2-cruise,6727.953739479982,6737.896344519428,直连,,97.56201655564054,122.0
P00028,leg2-cruise,6730.174833422279,6735.089665655569,中继,RU-005,128.19788567984313,122.0
P00041,leg2-cruise,6731.133001923398,6740.925813755319,中继,RU-005,126.93085034400542,122.0
P00010,S005-handoff,6732.957808548027,6742.857808548027,中继,RU-005,124.54339790767136,122.0
P00028,leg2-cruise,6735.089665655569,6740.004497888858,中继,RU-005,128.11826168987636,122.0
P00026,S015-handoff,6735.227050508005,6745.227050508005,中继,RU-005,125.65765946448572,122.0
P00044,S003-handoff,6736.095659825399,6745.973954697201,中继,RU-005,127.27724167653642,122.0
P00275,leg2-cruise,6737.896344519428,6742.867647039151,直连,,96.62390549692022,122.0
P00028,leg2-cruise,6740.004497888858,6744.919330122148,中继,RU-005,128.03790159360892,122.0
P00041,leg2-cruise,6740.925813755319,6750.71862558724,中继,RU-005,126.78364194868058,122.0
P00010,S005-handoff,6742.857808548027,6752.757808548027,中继,RU-005,124.54339790767136,122.0
P00275,leg2-cruise,6742.867647039151,6747.838949558874,直连,,95.96313254142076,122.0
P00028,leg2-cruise,6744.919330122148,6749.834162355438,中继,RU-005,127.95679166507504,122.0
P00026,S015-handoff,6745.227050508005,6755.227050508005,中继,RU-005,125.65765946448572,122.0
P00044,S003-handoff,6745.973954697201,6755.852249569003,中继,RU-005,127.27724167653642,122.0
P00275,leg2-cruise,6747.838949558874,6752.810252078598,直连,,95.2773332901668,122.0
P00028,leg2-cruise,6749.834162355438,6754.748994588728,中继,RU-005,127.87491779110059,122.0
P00041,leg2-cruise,6750.71862558724,6760.511437419161,中继,RU-005,126.63390458912257,122.0
P00010,S005-handoff,6752.757808548027,6762.657808548027,中继,RU-005,124.54339790767136,122.0
P00275,leg2-cruise,6752.810252078598,6757.78155459832,直连,,94.57315890127902,122.0
P00028,leg2-cruise,6754.748994588728,6759.663826822018,中继,RU-005,127.7922654566129,122.0
P00026,S015-handoff,6755.227050508005,6765.227050508005,中继,RU-005,125.65765946448572,122.0
P00044,S003-handoff,6755.852249569003,6765.730544440806,中继,RU-005,127.27724167653642,122.0
P00275,leg2-cruise,6757.78155459832,6762.752857118043,直连,,93.86284467063948,122.0
P00028,leg2-cruise,6759.663826822018,6764.578659055307,中继,RU-005,127.70881972924961,122.0
P00041,leg2-cruise,6760.511437419161,6770.304249251081,中继,RU-005,126.48155020350671,122.0
P00010,S005-handoff,6762.657808548027,6772.5578085480265,中继,RU-005,124.54339790767136,122.0
P00275,leg2-cruise,6762.752857118043,6767.724159637766,直连,,93.16685158391465,122.0
P00028,leg2-cruise,6764.578659055307,6769.4934912885965,中继,RU-005,127.62456524322045,122.0
P00026,S015-handoff,6765.227050508005,6775.227050508005,中继,RU-005,125.65765946448572,122.0
P00044,S003-handoff,6765.730544440806,6775.608839312608,中继,RU-005,127.27724167653642,122.0
P00275,leg2-cruise,6767.724159637766,6772.69546215749,直连,,92.51662300149978,122.0
P00028,leg2-cruise,6769.4934912885965,6774.408323521886,中继,RU-005,127.53948618238587,122.0
P00041,leg2-cruise,6770.304249251081,6775.200655167042,中继,RU-005,126.36551139626576,122.0
P00010,S005-handoff,6772.5578085480265,6782.457808548027,中继,RU-005,124.54339790767136,122.0
P00275,leg2-cruise,6772.69546215749,6777.666764677213,直连,,91.95585665080296,122.0
P00028,leg2-cruise,6774.408323521886,6779.323155755175,中继,RU-005,127.45356626250027,122.0
P00041,leg2-cruise,6775.200655167042,6780.097061083003,中继,RU-005,126.2872852990069,122.0
P00026,S015-handoff,6775.227050508005,6785.227050508005,中继,RU-005,125.65765946448572,122.0
P00044,S003-handoff,6775.608839312608,6785.48713418441,中继,RU-005,127.27724167653642,122.0
P00275,leg2-cruise,6777.666764677213,6787.609369716659,直连,,91.3977219543404,122.0
P00028,leg2-cruise,6779.323155755175,6784.237987988465,中继,RU-005,127.36678871257439,122.0
P00041,leg2-cruise,6780.097061083003,6789.889872914923,中继,RU-005,126.16861446313443,122.0
P00010,S005-handoff,6782.457808548027,6792.357808548027,中继,RU-005,124.54339790767136,122.0
P00028,leg2-cruise,6784.237987988465,6789.152820221755,中继,RU-005,127.27913625529814,122.0
P00026,S015-handoff,6785.227050508005,6795.227050508005,中继,RU-005,125.65765946448572,122.0
P00044,S003-handoff,6785.48713418441,6795.365429056213,中继,RU-005,127.27724167653642,122.0
P00275,leg2-descent,6787.609369716659,6797.21619909288,直连,,90.991605818801,122.0
P00028,leg2-cruise,6789.152820221755,6794.067652455045,中继,RU-005,127.1905910864723,122.0
P00041,leg2-cruise,6789.889872914923,6799.682684746845,中继,RU-005,126.00783231025369,122.0
P00010,S005-handoff,6792.357808548027,6802.257808548027,中继,RU-005,124.54339790767136,122.0
P00028,leg2-cruise,6794.067652455045,6798.982484688335,中继,RU-005,127.10113485338768,122.0
P00026,S015-handoff,6795.227050508005,6805.227050508005,中继,RU-005,125.65765946448572,122.0
P00044,leg2-climb,6795.365429056213,6805.2900574199275,中继,RU-005,127.27764401298235,122.0
P00275,leg2-descent,6797.21619909288,6806.8230284691,直连,,90.37825509323234,122.0
P00028,leg2-cruise,6798.982484688335,6803.897316921624,中继,RU-005,127.01074863208333,122.0
P00041,leg2-cruise,6799.682684746845,6804.579090662804,中继,RU-005,125.88527040563115,122.0
P00010,S005-handoff,6802.257808548027,6812.157808548027,中继,RU-005,124.54339790767136,122.0
P00028,leg2-cruise,6803.897316921624,6808.812149154914,中继,RU-005,126.91941290341273,122.0
P00041,leg2-cruise,6804.579090662804,6809.475496578765,中继,RU-005,125.80259527423071,122.0
P00026,S015-handoff,6805.227050508005,6815.227050508005,中继,RU-005,125.65765946448572,122.0
P00044,leg2-climb,6805.2900574199275,6815.214685783643,中继,RU-005,127.27852456433072,122.0
P00275,leg2-descent,6806.8230284691,6816.429857845321,直连,,89.71827961395948,122.0
P00028,leg2-cruise,6808.812149154914,6818.6418136214925,中继,RU-005,126.78058475274054,122.0
P00041,leg2-cruise,6809.475496578765,6819.268308410686,中继,RU-005,125.67709482769058,122.0
P00010,S005-handoff,6812.157808548027,6822.0578085480265,中继,RU-005,124.54339790767136,122.0
P00044,leg2-climb,6815.214685783643,6825.139314147358,中继,RU-005,127.27950623491944,122.0
P00026,S015-handoff,6815.227050508005,6825.227050508005,中继,RU-005,125.65765946448572,122.0
P00275,leg2-descent,6816.429857845321,6826.036687221542,直连,,89.00400338661983,122.0
P00028,leg2-cruise,6818.6418136214925,6823.556645854782,中继,RU-005,126.63950401533546,122.0
P00041,leg2-cruise,6819.268308410686,6829.061120242607,中继,RU-005,125.50690277724752,122.0
P00010,S005-handoff,6822.0578085480265,6831.957808548027,中继,RU-005,124.54339790767136,122.0
P00028,leg2-cruise,6823.556645854782,6828.471478088072,中继,RU-005,126.54416225128062,122.0
P00044,leg2-climb,6825.139314147358,6835.063942511074,中继,RU-005,127.28058895615204,122.0
P00026,S015-handoff,6825.227050508005,6835.227050508005,中继,RU-005,125.65765946448572,122.0
P00275,leg2-descent,6826.036687221542,6835.643516597763,直连,,88.22568341219537,122.0
P00028,leg2-cruise,6828.471478088072,6833.3863103213625,中继,RU-005,126.44776352548584,122.0
P00041,leg2-cruise,6829.061120242607,6838.853932074528,中继,RU-005,125.33332573835071,122.0
P00010,S005-handoff,6831.957808548027,6841.857808548027,中继,RU-005,124.54339790767136,122.0
P00028,leg2-cruise,6833.3863103213625,6838.301142554652,中继,RU-005,126.35028416825858,122.0
P00044,leg2-climb,6835.063942511074,6844.988570874789,中继,RU-005,127.28177265241285,122.0
P00026,S015-handoff,6835.227050508005,6845.227050508005,中继,RU-005,125.65765946448572,122.0
P00275,leg2-descent,6835.643516597763,6845.250345973984,直连,,87.37069370408004,122.0
P00028,leg2-cruise,6838.301142554652,6843.215974787941,中继,RU-005,126.25169970678019,122.0
P00041,leg2-cruise,6838.853932074528,6848.646743906449,中继,RU-005,125.1562270619513,122.0
P00010,S005-handoff,6841.857808548027,6851.757808548027,中继,RU-005,124.54339790767136,122.0
P00028,leg2-cruise,6843.215974787941,6848.130807021231,中继,RU-005,126.15198482840364,122.0
P00044,leg2-climb,6844.988570874789,6854.913199238505,中继,RU-005,127.2830572410846,122.0
P00026,leg2-climb,6845.227050508005,6853.33532178893,中继,RU-005,125.65862714336379,122.0
P00275,leg2-descent,6845.250345973984,6854.857175350204,直连,,86.42226212088201,122.0
P00028,leg2-cruise,6848.130807021231,6853.04563925452,中继,RU-005,126.05111334182877,122.0
P00041,leg2-cruise,6848.646743906449,6858.43955573837,中继,RU-005,124.97546170143488,122.0
P00010,S005-handoff,6851.757808548027,6861.657808548027,中继,RU-005,124.54339790767136,122.0
P00028,leg2-cruise,6853.04563925452,6857.96047148781,中继,RU-005,125.94905813601522,122.0
P00026,leg2-climb,6853.33532178893,6861.443593069855,中继,RU-005,125.66066786177842,122.0
P00275,leg2-descent,6854.857175350204,6864.464004726425,直连,,85.35742931796278,122.0
P00044,leg2-climb,6854.913199238505,6864.8378276022195,中继,RU-005,127.28444263256758,122.0
P00028,leg2-cruise,6857.96047148781,6862.875303721099,中继,RU-005,125.8457911366665,122.0
P00041,leg2-cruise,6858.43955573837,6868.23236757029,中继,RU-005,124.79087551444978,122.0
P00026,leg2-climb,6861.443593069855,6869.5518643507785,中继,RU-005,125.66284889434968,122.0
P00010,S005-handoff,6861.657808548027,6871.5578085480265,中继,RU-005,124.54339790767136,122.0
P00028,leg2-cruise,6862.875303721099,6867.790135954389,中继,RU-005,125.74128326011353,122.0
P00275,leg2-descent,6864.464004726425,6874.070834102646,直连,,84.14357317684747,122.0
P00044,leg2-climb,6864.8378276022195,6874.762455965935,中继,RU-005,127.28592873030037,122.0
P00028,leg2-cruise,6867.790135954389,6872.70496818768,中继,RU-005,125.63550436440842,122.0
P00041,leg2-cruise,6868.23236757029,6878.0251794022115,中继,RU-005,124.60230449110142,122.0
P00026,leg2-climb,6869.5518643507785,6877.660135631703,中继,RU-005,125.6651700292926,122.0
P00010,S005-handoff,6871.5578085480265,6881.457808548027,中继,RU-005,124.54339790767136,122.0
P00028,leg2-cruise,6872.70496818768,6877.619800420969,中继,RU-005,125.52842319742696,122.0
P00275,leg2-descent,6874.070834102646,6883.677663478866,直连,,82.73208788439439,122.0
P00044,leg2-climb,6874.762455965935,6884.68708432965,中继,RU-005,127.28751543078232,122.0
P00028,leg2-cruise,6877.619800420969,6882.5346326542585,中继,RU-005,125.42000734174988,122.0
P00026,leg2-cruise,6877.660135631703,6882.573134446324,中继,RU-005,125.61331535872893,122.0
P00041,leg2-cruise,6878.0251794022115,6887.817991234132,中继,RU-005,124.4095738991185,122.0
P00010,S005-handoff,6881.457808548027,6891.357808548027,中继,RU-005,124.54339790767136,122.0
P00028,leg2-cruise,6882.5346326542585,6887.449464887548,中继,RU-005,125.3102231560904,122.0
P00026,leg2-cruise,6882.573134446324,6887.4861332609435,中继,RU-005,125.50620213471686,122.0
P00275,leg2-descent,6883.677663478866,6893.284492855087,直连,,81.04586472849084,122.0
P00044,leg2-cruise,6884.68708432965,6889.280676385272,中继,RU-005,127.24717433289389,122.0
P00028,leg2-cruise,6887.449464887548,6892.364297120837,中继,RU-005,125.19903571300087,122.0
P00026,leg2-cruise,6887.4861332609435,6892.399132075563,中继,RU-005,125.39775829791384,122.0
P00041,leg2-cruise,6887.817991234132,6897.6108030660525,中继,RU-005,124.21249733510436,122.0
P00044,leg2-cruise,6889.280676385272,6893.874268440894,中继,RU-005,127.16424175703659,122.0
P00010,S005-handoff,6891.357808548027,6901.257808548027,中继,RU-005,124.54339790767136,122.0
P00028,leg2-cruise,6892.364297120837,6897.279129354127,中继,RU-005,125.08640873256691,122.0
P00026,leg2-cruise,6892.399132075563,6897.312130890183,中继,RU-005,125.28795055704272,122.0
P00275,leg2-descent,6893.284492855087,6902.891322231308,直连,,78.95145839021484,122.0
P00044,leg2-cruise,6893.874268440894,6898.4678604965175,中继,RU-005,127.08051226242912,122.0
P00028,leg2-cruise,6897.279129354127,6902.193961587416,中继,RU-005,124.9723045117832,122.0
P00026,leg2-cruise,6897.312130890183,6902.225129704802,中继,RU-005,125.17674436282138,122.0
P00041,leg2-cruise,6897.6108030660525,6907.403614897974,中继,RU-005,124.01087566929101,122.0
P00044,leg2-cruise,6898.4678604965175,6903.06145255214,中继,RU-005,126.99597044000276,122.0
P00010,S005-handoff,6901.257808548027,6911.157808548027,中继,RU-005,124.54339790767136,122.0
P00028,leg2-cruise,6902.193961587416,6907.1087938207065,中继,RU-005,124.85668384926821,122.0
P00026,leg2-cruise,6902.225129704802,6907.138128519423,中继,RU-005,125.06410384416526,122.0
P00275,leg2-descent,6902.891322231308,6912.498151607529,直连,,76.18593057806281,122.0
P00044,leg2-cruise,6903.06145255214,6907.655044607762,中继,RU-005,126.91060043102578,122.0
P00028,leg2-cruise,6907.1087938207065,6916.938458287286,中继,RU-005,124.68031986815595,122.0
P00026,leg2-cruise,6907.138128519423,6912.051127334043,中继,RU-005,124.94999174032478,122.0
P00041,leg2-cruise,6907.403614897974,6917.1964267298945,中继,RU-005,123.80449586931428,122.0
P00044,leg2-cruise,6907.655044607762,6912.248636663384,中继,RU-005,126.8243859095133,122.0
P00010,S005-handoff,6911.157808548027,6921.0578085480265,中继,RU-005,124.54339790767136,122.0
P00026,leg2-cruise,6912.051127334043,6916.964126148662,中继,RU-005,124.83436932862055,122.0
P00044,leg2-cruise,6912.248636663384,6916.842228719006,中继,RU-005,126.73731006375309,122.0
P00275,leg2-descent,6912.498151607529,6922.10498098375,直连,,72.10468834535067,122.0
P00044,leg2-cruise,6916.842228719006,6921.435820774628,中继,RU-005,126.64935557692257,122.0
P00028,leg2-cruise,6916.938458287286,6921.853290520576,中继,RU-005,124.50030699650041,122.0
P00026,leg2-cruise,6916.964126148662,6921.877124963283,中继,RU-005,124.71719634747471,122.0
P00041,leg2-cruise,6917.1964267298945,6926.989238561816,中继,RU-005,123.59312968606021,122.0
P00010,S005-handoff,6921.0578085480265,6930.957808548027,中继,RU-005,124.54339790767136,122.0
P00044,leg2-cruise,6921.435820774628,6926.02941283025,中继,RU-005,126.56050460673151,122.0
P00028,leg2-cruise,6921.853290520576,6926.768122753865,中继,RU-005,124.37819565683046,122.0
P00026,leg2-cruise,6921.877124963283,6926.790123777902,中继,RU-005,124.59843091433406,122.0
P00275,leg2-descent,6922.10498098375,6931.71181035997,直连,,64.15051631185352,122.0
P00044,leg2-cruise,6926.02941283025,6930.623004885873,中继,RU-005,126.47073876403266,122.0
P00028,leg2-cruise,6926.768122753865,6931.6829549871545,中继,RU-005,124.25434638120969,122.0
P00026,leg2-cruise,6926.790123777902,6931.703122592522,中继,RU-005,124.47802943809413,122.0
P00041,leg2-cruise,6926.989238561816,6936.782050393736,中继,RU-005,123.37653218196897,122.0
P00044,leg2-cruise,6930.623004885873,6935.2165969414955,中继,RU-005,126.38003909034005,122.0
P00010,S005-handoff,6930.957808548027,6940.857808548027,中继,RU-005,124.54339790767136,122.0
P00028,leg2-cruise,6931.6829549871545,6936.597787220444,中继,RU-005,124.12870908395476,122.0
P00026,leg2-cruise,6931.703122592522,6936.616121407142,中继,RU-005,124.35594652556667,122.0
P00275,leg2-descent,6931.71181035997,6941.318639736191,直连,,58.106750999048344,122.0
P00044,leg2-cruise,6935.2165969414955,6939.810188997118,中继,RU-005,126.28838603417509,122.0
P00028,leg2-cruise,6936.597787220444,6941.512619453733,中继,RU-005,124.00123148705796,122.0
P00026,leg2-cruise,6936.616121407142,6941.529120221761,中继,RU-005,124.23213488151691,122.0
P00041,leg2-cruise,6936.782050393736,6946.574862225657,中继,RU-005,123.15444007879285,122.0
P00044,leg2-cruise,6939.810188997118,6944.403781052741,中继,RU-005,126.19575942619701,122.0
P00010,S005-handoff,6940.857808548027,6950.757808548027,中继,RU-005,124.54339790767136,122.0
P00028,leg2-cruise,6941.512619453733,6946.427451687024,中继,RU-005,123.87185899061933,122.0
P00026,leg2-cruise,6941.529120221761,6946.442119036382,中继,RU-005,124.10654520172724,122.0
P00044,leg2-cruise,6944.403781052741,6948.997373108363,中继,RU-005,126.10213845300161,122.0
P00028,leg2-cruise,6946.427451687024,6951.342283920314,中继,RU-005,123.74053453358498,122.0
P00026,leg2-cruise,6946.442119036382,6951.3551178510015,中继,RU-005,123.97912605850843,122.0
P00041,leg2-cruise,6946.574862225657,6956.367674057578,中继,RU-005,122.92656989785151,122.0
P00044,leg2-cruise,6948.997373108363,6953.590965163985,中继,RU-005,126.00750162953318,122.0
P00010,S005-handoff,6950.757808548027,6960.657808548027,中继,RU-005,124.54339790767136,122.0
P00028,leg2-cruise,6951.342283920314,6956.257116153603,中继,RU-005,123.60719844391332,122.0
P00026,leg2-cruise,6951.3551178510015,6956.268116665621,中继,RU-005,123.84982377799274,122.0
P00044,leg2-cruise,6953.590965163985,6958.184557219607,中继,RU-005,125.9118267700085,122.0
P00028,leg2-cruise,6956.257116153603,6961.171948386893,中继,RU-005,123.4717882771837,122.0
P00026,leg2-cruise,6956.268116665621,6961.181115480242,中继,RU-005,123.71858230853863,122.0
P00041,leg2-cruise,6956.367674057578,6966.160485889499,中继,RU-005,122.69261586113642,122.0
P00044,leg2-cruise,6958.184557219607,6962.778149275229,中继,RU-005,125.81509095726041,122.0
P00010,leg2-climb,6960.657808548027,6969.020575549798,中继,RU-005,124.54356754791495,122.0
P00028,leg2-cruise,6961.171948386893,6966.086780620182,中继,RU-005,123.33423864257736,122.0
P00026,leg2-cruise,6961.181115480242,6966.094114294861,中继,RU-005,123.58534307943488,122.0
P00044,leg2-cruise,6962.778149275229,6967.371741330851,中继,RU-005,125.71727051038425,122.0
P00028,leg2-cruise,6966.086780620182,6971.001612853472,中继,RU-005,123.1944810150185,122.0
P00026,leg2-cruise,6966.094114294861,6971.007113109481,中继,RU-005,123.4500448490518,122.0
P00041,leg2-cruise,6966.160485889499,6975.95329772142,中继,RU-005,122.45224751585732,122.0
P00044,leg2-cruise,6967.371741330851,6971.9653333864735,中继,RU-005,125.61834095060644,122.0
P00010,leg2-climb,6969.020575549798,6977.3833425515695,中继,RU-005,124.54400807887666,122.0
P00028,leg2-cruise,6971.001612853472,6975.916445086761,中继,RU-005,123.05244353214181,122.0
P00026,leg2-cruise,6971.007113109481,6975.920111924101,中继,RU-005,123.31262354150476,122.0
P00044,leg2-cruise,6971.9653333864735,6976.558925442097,中继,RU-005,125.51827696521332,122.0
P00028,leg2-cruise,6975.916445086761,6980.8312773200505,中继,RU-005,112.90805077459436,122.0
P00026,leg2-cruise,6975.920111924101,6980.83311073872,中继,RU-005,123.17301207076108,122.0
P00041,leg2-cruise,6975.95329772142,6985.746109553341,中继,RU-005,122.20510703811702,122.0
P00044,leg2-cruise,6976.558925442097,6981.152517497719,中继,RU-005,125.41705236944082,122.0
P00010,leg2-climb,6977.3833425515695,6985.746109553341,中继,RU-005,124.54458357492632,122.0
P00028,leg2-cruise,6980.8312773200505,6985.746109553341,直连,,112.76122352800827,122.0
P00026,leg2-cruise,6980.83311073872,6985.746109553341,中继,RU-005,123.03114015105601,122.0
P00044,leg2-cruise,6981.152517497719,6985.746109553341,中继,RU-005,125.31464006617225,122.0
P00010,leg2-climb,6985.746109553341,6989.29343832815,中继,RU-005,124.54507562345803,122.0
P00026,leg2-cruise,6985.746109553341,6989.29343832815,中继,RU-005,122.90711911796785,122.0
P00028,leg2-cruise,6985.746109553341,6989.29343832815,直连,,112.63280938651383,122.0
P00041,leg2-cruise,6985.746109553341,6989.29343832815,中继,RU-005,122.03270045407535,122.0
P00044,leg2-cruise,6985.746109553341,6989.29343832815,中继,RU-005,125.22287572474515,122.0
P00010,leg2-climb,6989.29343832815,6997.269680224359,中继,RU-005,124.54561679739483,122.0
P00026,leg2-cruise,6989.29343832815,6993.690232651271,中继,RU-005,122.78904615776065,122.0
P00028,leg2-cruise,6989.29343832815,6998.087026974392,直连,,112.44207429752066,122.0
P00041,leg2-cruise,6989.29343832815,6998.087026974392,直连,,121.87013630989725,122.0
P00044,leg2-cruise,6989.29343832815,6993.690232651271,中继,RU-005,125.13239012901289,122.0
P00026,leg2-cruise,6993.690232651271,6998.087026974392,中继,RU-005,122.65646677893795,122.0
P00044,leg2-cruise,6993.690232651271,6998.087026974392,中继,RU-005,125.03112312996772,122.0
P00010,leg2-climb,6997.269680224359,7005.245922120568,中继,RU-005,124.54647157476565,122.0
P00026,leg2-cruise,6998.087026974392,7002.483821297513,中继,RU-005,122.52185296180143,122.0
P00028,leg2-cruise,6998.087026974392,7002.483821297513,直连,,112.23348464154891,122.0
P00041,leg2-cruise,6998.087026974392,7006.880615620634,直连,,111.63313991010513,122.0
P00044,leg2-cruise,6998.087026974392,7006.880615620634,中继,RU-005,124.8769861525824,122.0
P00026,leg2-cruise,7002.483821297513,7006.880615620634,中继,RU-005,122.38514198108193,122.0
P00028,leg2-cruise,7002.483821297513,7006.880615620634,直连,,112.09159775323488,122.0
P00010,leg2-climb,7005.245922120568,7013.222164016777,中继,RU-005,124.54744892070116,122.0
P00026,leg2-cruise,7006.880615620634,7015.674204266876,中继,RU-005,122.1759989066971,122.0
P00028,leg2-cruise,7006.880615620634,7015.674204266876,直连,,111.87433909836234,122.0
P00041,leg2-cruise,7006.880615620634,7015.674204266876,直连,,111.3895770407822,122.0
P00044,leg2-cruise,7006.880615620634,7015.674204266876,中继,RU-005,124.66714554689413,122.0
P00010,leg2-cruise,7013.222164016777,7018.844978464947,中继,RU-005,124.47870102733603,122.0
P00026,leg2-cruise,7015.674204266876,7024.467792913118,中继,RU-005,121.88916231372949,122.0
P00028,leg2-cruise,7015.674204266876,7024.467792913118,直连,,111.57597037496039,122.0
P00041,leg2-cruise,7015.674204266876,7024.467792913118,直连,,111.13907855124414,122.0
P00044,leg2-cruise,7015.674204266876,7020.070998589997,中继,RU-005,124.50638991140819,122.0
P00010,leg2-cruise,7018.844978464947,7024.467792913118,中继,RU-005,124.33845774007682,122.0
P00044,leg2-cruise,7020.070998589997,7024.467792913118,中继,RU-005,124.39755269684446,122.0
P00010,leg2-cruise,7024.467792913118,7029.2977889735575,中继,RU-005,124.20604179427492,122.0
P00026,leg2-cruise,7024.467792913118,7029.2977889735575,直连,,121.66035179488271,122.0
P00028,leg2-cruise,7024.467792913118,7029.2977889735575,直连,,111.33761408207592,122.0
P00041,leg2-cruise,7024.467792913118,7029.2977889735575,直连,,110.9400138397762,122.0
P00044,leg2-cruise,7024.467792913118,7029.2977889735575,中继,RU-005,124.28187771344652,122.0
P00010,leg2-cruise,7029.2977889735575,7034.1277850339975,中继,RU-005,124.08185031615807,122.0
P00026,leg2-cruise,7029.2977889735575,7034.1277850339975,直连,,121.49442641804167,122.0
P00028,leg2-cruise,7029.2977889735575,7034.1277850339975,直连,,111.1645667776895,122.0
P00041,leg2-cruise,7029.2977889735575,7034.1277850339975,直连,,110.79608809817113,122.0
P00044,leg2-cruise,7029.2977889735575,7034.1277850339975,中继,RU-005,124.15910887990943,122.0
P00010,leg2-cruise,7034.1277850339975,7038.957781094437,中继,RU-005,123.95585966124894,122.0
P00026,leg2-cruise,7034.1277850339975,7038.957781094437,直连,,121.32531238444179,122.0
P00028,leg2-cruise,7034.1277850339975,7038.957781094437,直连,,110.98801579632541,122.0
P00041,leg2-cruise,7034.1277850339975,7043.787777154877,直连,,110.57569520087873,122.0
P00044,leg2-cruise,7034.1277850339975,7038.957781094437,中继,RU-005,124.0345916421624,122.0
P00010,leg2-cruise,7038.957781094437,7043.787777154877,中继,RU-005,123.82801700271041,122.0
P00026,leg2-cruise,7038.957781094437,7043.787777154877,直连,,121.15288654164948,122.0
P00028,leg2-cruise,7038.957781094437,7043.787777154877,直连,,110.80781693900602,122.0
P00044,leg2-cruise,7038.957781094437,7043.787777154877,中继,RU-005,123.90827584464469,122.0
P00010,leg2-cruise,7043.787777154877,7048.617773215317,中继,RU-005,123.69826715561769,122.0
P00026,leg2-cruise,7043.787777154877,7048.617773215317,直连,,120.97701857903336,122.0
P00028,leg2-cruise,7043.787777154877,7048.617773215317,直连,,110.62381695837303,122.0
P00041,leg2-cruise,7043.787777154877,7053.447769275757,直连,,110.27300297886069,122.0
P00044,leg2-cruise,7043.787777154877,7048.617773215317,中继,RU-005,123.7801091588563,122.0
P00010,leg2-cruise,7048.617773215317,7053.447769275757,中继,RU-005,123.56655243469412,122.0
P00026,leg2-cruise,7048.617773215317,7053.447769275757,直连,,120.79757047254185,122.0
P00028,leg2-cruise,7048.617773215317,7053.447769275757,直连,,110.4358527892047,122.0
P00044,leg2-cruise,7048.617773215317,7053.447769275757,中继,RU-005,123.65003695705374,122.0
P00010,leg2-cruise,7053.447769275757,7058.277765336197,中继,RU-005,123.43281250116482,122.0
P00026,leg2-cruise,7053.447769275757,7058.277765336197,直连,,120.61439587581606,122.0
P00028,leg2-cruise,7053.447769275757,7058.277765336197,直连,,110.24375069579808,122.0
P00041,leg2-cruise,7053.447769275757,7063.107761396637,直连,,109.95956719571514,122.0
P00044,leg2-cruise,7053.447769275757,7058.277765336197,中继,RU-005,123.51800217670193,122.0
P00010,leg2-cruise,7058.277765336197,7063.107761396637,中继,RU-005,123.29698419772961,122.0
P00026,leg2-cruise,7058.277765336197,7063.107761396637,直连,,110.42733945144971,122.0
P00028,leg2-cruise,7058.277765336197,7063.107761396637,直连,,110.04732532526286,122.0
P00044,leg2-cruise,7058.277765336197,7063.107761396637,中继,RU-005,123.38394517490967,122.0
P00010,leg2-cruise,7063.107761396637,7067.937757457077,中继,RU-005,123.15900137051577,122.0
P00026,leg2-cruise,7063.107761396637,7067.937757457077,直连,,110.23623613544473,122.0
P00028,leg2-cruise,7063.107761396637,7072.767753517517,直连,,109.74414419736756,122.0
P00041,leg2-cruise,7063.107761396637,7072.767753517517,直连,,109.63461247164975,122.0
P00044,leg2-cruise,7063.107761396637,7067.937757457077,中继,RU-005,123.24780357190168,122.0
P00010,leg2-cruise,7067.937757457077,7072.767753517517,中继,RU-005,123.01879467677401,122.0
P00026,leg2-cruise,7067.937757457077,7072.767753517517,直连,,110.0409103269124,122.0
P00044,leg2-cruise,7067.937757457077,7072.767753517517,中继,RU-005,123.10951208257976,122.0
P00010,leg2-cruise,7072.767753517517,7077.597749577957,中继,RU-005,122.8762913769225,122.0
P00026,leg2-cruise,7072.767753517517,7077.597749577957,直连,,109.84117499407678,122.0
P00028,leg2-cruise,7072.767753517517,7077.597749577957,直连,,109.43005877452194,122.0
P00041,leg2-cruise,7072.767753517517,7082.427745638397,直连,,109.29727833845432,122.0
P00044,leg2-cruise,7072.767753517517,7077.597749577957,中继,RU-005,122.96900233504522,122.0
P00010,leg2-cruise,7077.597749577957,7082.427745638397,中继,RU-005,122.73141510938656,122.0
P00026,leg2-cruise,7077.597749577957,7082.427745638397,直连,,109.63683068637596,122.0
P00028,leg2-cruise,7077.597749577957,7082.427745638397,直连,,109.21421487942273,122.0
P00044,leg2-cruise,7077.597749577957,7082.427745638397,中继,RU-005,122.82620267491276,122.0
P00010,leg2-cruise,7082.427745638397,7087.257741698837,中继,RU-005,122.58408564650439,122.0
P00026,leg2-cruise,7082.427745638397,7087.257741698837,直连,,109.42766444106016,122.0
P00028,leg2-cruise,7082.427745638397,7087.257741698837,直连,,108.99290518475286,122.0
P00041,leg2-cruise,7082.427745638397,7092.087737759277,直连,,108.94660668613393,122.0
P00044,leg2-cruise,7082.427745638397,7087.257741698837,中继,RU-005,122.6810379540203,122.0
P00010,leg2-cruise,7087.257741698837,7092.087737759277,中继,RU-005,122.43421862955452,122.0
P00026,leg2-cruise,7087.257741698837,7092.087737759277,直连,,109.2134485711014,122.0
P00028,leg2-cruise,7087.257741698837,7092.087737759277,直连,,108.76584760033622,122.0
P00044,leg2-cruise,7087.257741698837,7092.087737759277,中继,RU-005,122.53342930206964,122.0
P00010,leg2-cruise,7092.087737759277,7096.917733819717,中继,RU-005,122.28172528073395,122.0
P00026,leg2-cruise,7092.087737759277,7096.917733819717,直连,,108.99393931937634,122.0
P00028,leg2-cruise,7092.087737759277,7096.917733819717,直连,,108.5327377847681,122.0
P00041,leg2-cruise,7092.087737759277,7101.747729880157,直连,,108.58152689736612,122.0
P00044,leg2-cruise,7092.087737759277,7096.917733819717,中继,RU-005,122.38329387955987,122.0
P00010,leg2-cruise,7096.917733819717,7101.747729880157,中继,RU-005,122.12651208963837,122.0
P00026,leg2-cruise,7096.917733819717,7101.747729880157,直连,,108.76887536199976,122.0
P00028,leg2-cruise,7096.917733819717,7101.747729880157,直连,,108.29324676162989,122.0
P00044,leg2-cruise,7096.917733819717,7101.747729880157,中继,RU-005,122.23054461011395,122.0
P00010,leg2-cruise,7101.747729880157,7106.577725940597,中继,RU-005,121.96848047149787,122.0
P00026,leg2-cruise,7101.747729880157,7106.577725940597,直连,,108.53797614129863,122.0
P00028,leg2-cruise,7101.747729880157,7106.577725940597,直连,,108.04701821076145,122.0
P00041,leg2-cruise,7101.747729880157,7106.577725940597,直连,,108.29754482487495,122.0
P00044,leg2-cruise,7101.747729880157,7106.577725940597,中继,RU-005,122.07508989018653,122.0
P00010,leg2-cruise,7106.577725940597,7111.407722001037,直连,,121.80752639406043,122.0
P00026,leg2-cruise,7106.577725940597,7111.407722001037,直连,,108.30094000619538,122.0
P00028,leg2-cruise,7106.577725940597,7111.407722001037,直连,,107.79366538046413,122.0
P00041,leg2-cruise,7106.577725940597,7111.407722001037,直连,,108.1030723063302,122.0
P00044,leg2-cruise,7106.577725940597,7111.407722001037,中继,RU-005,121.91683327381593,122.0
P00010,leg2-cruise,7111.407722001037,7111.904415102967,直连,,121.71748371689618,122.0
P00026,leg2-cruise,7111.407722001037,7111.904415102967,直连,,108.1674919684998,122.0
P00028,leg2-cruise,7111.407722001037,7111.904415102967,直连,,107.65076330004052,122.0
P00041,leg2-cruise,7111.407722001037,7111.904415102967,直连,,107.99399718647057,122.0
P00044,leg2-cruise,7111.407722001037,7111.904415102967,直连,,121.82833256768,122.0
P00010,leg2-cruise,7111.904415102967,7116.804141211758,直连,,111.62530253184828,122.0
P00026,leg2-cruise,7111.904415102967,7116.817061684278,直连,,108.02990367166743,122.0
P00028,leg2-cruise,7111.904415102967,7116.870101477378,直连,,107.50176018241335,122.0
P00041,leg2-cruise,7111.904415102967,7116.779000674878,直连,,107.88264448481003,122.0
P00044,leg2-cruise,7111.904415102967,7116.84392229369,直连,,121.73708378759194,122.0
P00041,leg2-cruise,7116.779000674878,7121.653586246791,直连,,107.67692332739058,122.0
P00010,leg2-cruise,7116.804141211758,7121.703867320549,直连,,111.45537191109251,122.0
P00026,leg2-cruise,7116.817061684278,7121.7297082655905,直连,,107.7744535775204,122.0
P00044,leg2-cruise,7116.84392229369,7121.783429484415,直连,,111.56879595667058,122.0
P00028,leg2-cruise,7116.870101477378,7121.83578785179,直连,,107.22418855761154,122.0
P00041,leg2-cruise,7121.653586246791,7126.528171818703,直连,,107.46636715713873,122.0
P00010,leg2-cruise,7121.703867320549,7126.60359342934,直连,,111.28205833815177,122.0
P00026,leg2-cruise,7121.7297082655905,7126.642354846903,直连,,107.51151216503006,122.0
P00044,leg2-cruise,7121.783429484415,7126.72293667514,直连,,111.39722426149402,122.0
P00028,leg2-cruise,7121.83578785179,7126.801474226202,直连,,106.93754605320943,122.0
P00041,leg2-cruise,7126.528171818703,7131.402757390615,直连,,107.25075162193212,122.0
P00010,leg2-cruise,7126.60359342934,7131.503319538132,直连,,111.10522471873912,122.0
P00026,leg2-cruise,7126.642354846903,7131.555001428214,直连,,107.24064387308212,122.0
P00044,leg2-cruise,7126.72293667514,7131.662443865864,直连,,111.22223975832514,122.0
P00028,leg2-cruise,7126.801474226202,7131.767160600613,直连,,106.64122658612622,122.0
P00041,leg2-cruise,7131.402757390615,7141.15192853444,直连,,106.91731333678409,122.0
P00010,leg2-cruise,7131.503319538132,7136.403045646923,直连,,110.92472547453963,122.0
P00026,leg2-cruise,7131.555001428214,7136.467648009526,直连,,106.96137589102644,122.0
P00044,leg2-cruise,7131.662443865864,7136.6019510565875,直连,,111.04370587261057,122.0
P00028,leg2-cruise,7131.767160600613,7136.732846975025,直连,,106.33456201897313,122.0
P00010,leg2-cruise,7136.403045646923,7141.302771755714,直连,,110.74040583038,122.0
P00026,leg2-cruise,7136.467648009526,7141.380294590838,直连,,106.673194081938,122.0
P00044,leg2-cruise,7136.6019510565875,7141.541458247312,直连,,110.86147779527839,122.0
P00028,leg2-cruise,7136.732846975025,7141.698533349437,直连,,106.01681351785356,122.0
P00041,leg2-cruise,7141.15192853444,7150.9010996782645,直连,,106.45264141603859,122.0
P00010,leg2-cruise,7141.302771755714,7146.202497864506,直连,,110.55210102516097,122.0
P00026,leg2-cruise,7141.380294590838,7146.292941172151,直连,,106.37553839582247,122.0
P00044,leg2-cruise,7141.541458247312,7146.480965438037,直连,,110.67540181940774,122.0
P00028,leg2-cruise,7141.698533349437,7146.664219723849,直连,,105.68716137896412,122.0
P00010,leg2-cruise,7146.202497864506,7151.102223973297,直连,,110.35963543656248,122.0
P00026,leg2-cruise,7146.292941172151,7151.205587753462,直连,,106.06779771262201,122.0
P00044,leg2-cruise,7146.480965438037,7151.420472628761,直连,,110.48531461018925,122.0
P00028,leg2-cruise,7146.664219723849,7151.62990609826,直连,,105.34469299399906,122.0
P00041,leg2-cruise,7150.9010996782645,7160.650270822089,直连,,105.96283360574849,122.0
P00010,leg2-cruise,7151.102223973297,7156.001950082089,直连,,110.16282160802447,122.0
P00026,leg2-cruise,7151.205587753462,7156.118234334774,直连,,105.74930405329346,122.0
P00044,leg2-cruise,7151.420472628761,7156.359979819485,直连,,110.29104240023011,122.0
P00028,leg2-cruise,7151.62990609826,7156.595592472671,直连,,104.98838854084352,122.0
P00010,leg2-cruise,7156.001950082089,7160.90167619088,直连,,109.96145916463183,122.0
P00026,leg2-cruise,7156.118234334774,7161.030880916086,直连,,105.41932610050341,122.0
P00044,leg2-cruise,7156.359979819485,7161.299487010209,直连,,110.092400101072,122.0
P00028,leg2-cruise,7156.595592472671,7161.5612788470835,直连,,104.61710387851866,122.0
P00041,leg2-cruise,7160.650270822089,7170.399441965913,直连,,105.4451729460495,122.0
P00010,leg2-cruise,7160.90167619088,7165.801402299671,直连,,109.75533360241819,122.0
P00026,leg2-cruise,7161.030880916086,7165.9435274973985,直连,,105.07706198095372,122.0
P00044,leg2-cruise,7161.299487010209,7166.238994200934,直连,,109.88919032062746,122.0
P00028,leg2-cruise,7161.5612788470835,7166.526965221496,直连,,104.22954998630108,122.0
P00010,leg2-cruise,7165.801402299671,7170.701128408463,直连,,109.54421493296338,122.0
P00026,leg2-cruise,7165.9435274973985,7170.85617407871,直连,,104.72163128496346,122.0
P00044,leg2-cruise,7166.238994200934,7171.178501391658,直连,,109.68120227469504,122.0
P00028,leg2-cruise,7166.526965221496,7171.492651595907,直连,,103.82426810648572,122.0
P00041,leg2-cruise,7170.399441965913,7180.148613109737,直连,,104.89651381787394,122.0
P00010,leg2-cruise,7170.701128408463,7180.500580626045,直连,,109.21762948608311,122.0
P00026,leg2-cruise,7170.85617407871,7175.768820660021,直连,,104.35206634437263,122.0
P00044,leg2-cruise,7171.178501391658,7176.118008582382,直连,,109.46821057908699,122.0
P00028,leg2-cruise,7171.492651595907,7176.458337970318,直连,,103.39959951555417,122.0
P00026,leg2-cruise,7175.768820660021,7180.681467241334,直连,,103.96730287058462,122.0
P00044,leg2-cruise,7176.118008582382,7181.057515773106,直连,,109.24997390695533,122.0
P00028,leg2-cruise,7176.458337970318,7181.42402434473,直连,,102.95364854314693,122.0
P00041,leg2-cruise,7180.148613109737,7189.897784253562,直连,,104.31319995735105,122.0
P00010,leg2-cruise,7180.500580626045,7185.400306734837,直连,,108.87833481922968,122.0
P00026,leg2-cruise,7180.681467241334,7185.594113822646,直连,,103.56617019458818,122.0
P00044,leg2-cruise,7181.057515773106,7185.997022963831,直连,,109.02623349362409,122.0
P00028,leg2-cruise,7181.42402434473,7186.389710719142,直连,,102.48423706259769,122.0
P00010,leg2-cruise,7185.400306734837,7190.300032843628,直连,,108.64457668763625,122.0
P00026,leg2-cruise,7185.594113822646,7190.506760403958,直连,,103.14738158666302,122.0
P00044,leg2-cruise,7185.997022963831,7190.936530154555,直连,,108.79671146875785,122.0
P00028,leg2-cruise,7186.389710719142,7191.355397093554,直连,,101.98884816896111,122.0
P00041,leg2-cruise,7189.897784253562,7199.646955397387,直连,,103.69096880303569,122.0
P00010,leg2-cruise,7190.300032843628,7195.19975895242,直连,,108.40438266636646,122.0
P00026,leg2-cruise,7190.506760403958,7195.419406985269,直连,,102.70952552731106,122.0
P00044,leg2-cruise,7190.936530154555,7195.876037345279,直连,,108.56110899263089,122.0
P00028,leg2-cruise,7191.355397093554,7196.321083467966,直连,,101.46455612294307,122.0
P00010,leg2-cruise,7195.19975895242,7200.0994850612105,直连,,108.15739009207658,122.0
P00026,leg2-cruise,7195.419406985269,7200.332053566582,直连,,102.25105945469947,122.0
P00044,leg2-cruise,7195.876037345279,7200.8155445360035,直连,,108.31910416993198,122.0
P00028,leg2-cruise,7196.321083467966,7201.286769842378,直连,,100.9079388734092,122.0
P00041,leg2-cruise,7199.646955397387,7209.396126541211,直连,,103.02484484666381,122.0
P00010,leg2-cruise,7200.0994850612105,7204.999211170002,直连,,107.90320492376424,122.0
P00026,leg2-cruise,7200.332053566582,7205.244700147894,直连,,101.77030859517305,122.0
P00044,leg2-cruise,7200.8155445360035,7205.755051726728,直连,,108.07034971057516,122.0
P00028,leg2-cruise,7201.286769842378,7206.252456216789,直连,,100.31496863932043,122.0
P00010,leg2-cruise,7204.999211170002,7209.898937278794,直连,,107.64139803702189,122.0
P00026,leg2-cruise,7205.244700147894,7210.1573467292055,直连,,101.26547427432196,122.0
P00044,leg2-cruise,7205.755051726728,7210.694558917452,直连,,107.81447030270064,122.0
P00028,leg2-cruise,7206.252456216789,7211.218142591201,直连,,99.68087535466611,122.0
P00041,leg2-cruise,7209.396126541211,7214.2707121131225,直连,,102.49299411924557,122.0
P00010,leg2-cruise,7209.898937278794,7214.798663387584,直连,,107.37150095821133,122.0
P00026,leg2-cruise,7210.1573467292055,7215.069993310517,直连,,100.73465907246128,122.0
P00044,leg2-cruise,7210.694558917452,7215.634066108176,直连,,107.551059657916,122.0
P00028,leg2-cruise,7211.218142591201,7216.183828965613,直连,,98.99997787984202,122.0
P00041,leg2-cruise,7214.2707121131225,7219.145297685035,直连,,102.12155071052763,122.0
P00010,leg2-cruise,7214.798663387584,7219.698389496376,直连,,107.0930009345533,122.0
P00026,leg2-cruise,7215.069993310517,7219.982639891829,直连,,100.17592110750903,122.0
P00044,leg2-cruise,7215.634066108176,7220.573573298901,直连,,107.2796771834049,122.0
P00028,leg2-cruise,7216.183828965613,7221.149515340025,直连,,98.2654803795046,122.0
P00041,leg2-cruise,7219.145297685035,7224.019883256948,直连,,101.73557061117056,122.0
P00010,leg2-cruise,7219.698389496376,7224.598115605168,直连,,106.80533521312249,122.0
P00026,leg2-cruise,7219.982639891829,7224.895286473142,直连,,99.58737787077128,122.0
P00044,leg2-cruise,7220.573573298901,7225.513080489625,直连,,106.99984422948273,122.0
P00028,leg2-cruise,7221.149515340025,7226.115201714436,直连,,97.46924026514905,122.0
P00041,leg2-cruise,7224.019883256948,7228.894468828859,直连,,101.3341033537394,122.0
P00010,leg2-cruise,7224.598115605168,7229.497841713959,直连,,106.50788437268767,122.0
P00026,leg2-cruise,7224.895286473142,7229.807933054453,直连,,98.96739343365115,122.0
P00044,leg2-cruise,7225.513080489625,7230.452587680349,直连,,106.71103985469973,122.0
P00028,leg2-cruise,7226.115201714436,7231.080888088848,直连,,96.6015399851998,122.0
P00041,leg2-cruise,7228.894468828859,7238.643639972684,直连,,100.70066817470304,122.0
P00010,leg2-cruise,7229.497841713959,7234.397567822751,直连,,106.19996451561929,122.0
P00026,leg2-cruise,7229.807933054453,7234.720579635765,直连,,98.31490451941526,122.0
P00044,leg2-cruise,7230.452587680349,7235.392094871073,直连,,106.41269604434403,122.0
P00028,leg2-cruise,7231.080888088848,7236.04657446326,直连,,95.65096428008687,122.0
P00010,leg2-cruise,7234.397567822751,7239.297293931541,直连,,105.88081808013851,122.0
P00026,leg2-cruise,7234.720579635765,7239.633226217077,直连,,97.62997481164516,122.0
P00044,leg2-cruise,7235.392094871073,7240.331602061798,直连,,106.10419231216724,122.0
P00028,leg2-cruise,7236.04657446326,7241.012260837671,直连,,94.60466630042279,122.0
P00041,leg2-cruise,7238.643639972684,7248.392811116509,直连,,99.79233263190358,122.0
P00010,leg2-cruise,7239.297293931541,7244.197020040332,直连,,105.54960297309559,122.0
P00026,leg2-cruise,7239.633226217077,7244.54587279839,直连,,96.91471600048257,122.0
P00044,leg2-cruise,7240.331602061798,7245.271109252522,直连,,105.78484961100172,122.0
P00028,leg2-cruise,7241.012260837671,7245.977947212083,直连,,93.4497810048802,122.0
P00010,leg2-cruise,7244.197020040332,7249.096746149124,直连,,105.20537964553374,122.0
P00026,leg2-cruise,7244.54587279839,7249.458519379701,直连,,96.17477359118301,122.0
P00044,leg2-cruise,7245.271109252522,7250.210616443246,直连,,105.45392347680246,122.0
P00028,leg2-cruise,7245.977947212083,7250.943633586495,直连,,92.17797634792902,122.0
P00041,leg2-cruise,7248.392811116509,7258.141982260333,直连,,98.80389505150785,122.0
P00010,leg2-cruise,7249.096746149124,7253.996472257915,直连,,104.84709563196989,122.0
P00026,leg2-cruise,7249.458519379701,7254.371165961013,直连,,95.42161148482303,122.0
P00044,leg2-cruise,7250.210616443246,7255.15012363397,直连,,105.11059633616159,122.0
P00028,leg2-cruise,7250.943633586495,7255.909319960907,直连,,90.79817506649857,122.0
P00010,leg2-cruise,7253.996472257915,7258.896198366707,直连,,104.47356694111944,122.0
P00026,leg2-cruise,7254.371165961013,7259.283812542325,直连,,94.67572800095165,122.0
P00044,leg2-cruise,7255.15012363397,7260.089630824695,直连,,104.75396892352825,122.0
P00028,leg2-cruise,7255.909319960907,7260.875006335318,直连,,89.36857700478805,122.0
P00041,leg2-cruise,7258.141982260333,7267.891153404157,直连,,97.73002748185596,122.0
P00010,leg2-cruise,7258.896198366707,7263.795924475498,直连,,104.08345550962557,122.0
P00026,leg2-cruise,7259.283812542325,7264.196459123637,直连,,93.9704213412549,122.0
P00044,leg2-cruise,7260.089630824695,7265.029138015419,直连,,104.38305078993213,122.0
P00028,leg2-cruise,7260.875006335318,7270.806379084142,直连,,87.5567974634385,122.0
P00010,leg2-cruise,7263.795924475498,7268.695650584289,直连,,103.67524169526713,122.0
P00026,leg2-cruise,7264.196459123637,7269.109105704949,直连,,93.35436332997394,122.0
P00044,leg2-cruise,7265.029138015419,7269.968645206143,直连,,103.99674995281624,122.0
P00041,leg2-cruise,7267.891153404157,7277.640324547981,直连,,96.57362670754212,122.0
P00010,leg2-cruise,7268.695650584289,7278.495102801872,直连,,103.02511463272717,122.0
P00026,leg2-cruise,7269.109105704949,7274.02175228626,直连,,92.88903778797099,122.0
P00044,leg2-cruise,7269.968645206143,7274.908152396867,直连,,103.59386185812552,122.0
P00028,leg2-descent,7270.806379084142,7280.614752375157,直连,,86.61973145445752,122.0
P00026,leg2-cruise,7274.02175228626,7278.934398867573,直连,,92.63623568815305,122.0
P00044,leg2-cruise,7274.908152396867,7279.847659587592,直连,,103.1730580376498,122.0
P00041,leg2-cruise,7277.640324547981,7287.389495691806,直连,,95.35843027448736,122.0
P00010,leg2-cruise,7278.495102801872,7283.394828910663,直连,,102.32329706102558,122.0
P00026,leg2-descent,7278.934398867573,7288.803271209153,直连,,92.34717470187232,122.0
P00044,leg2-cruise,7279.847659587592,7284.7871667783165,直连,,102.73287520539814,122.0
P00028,leg2-descent,7280.614752375157,7290.423125666172,直连,,85.55713048944199,122.0
P00010,leg2-cruise,7283.394828910663,7288.2945550194545,直连,,101.82247572251626,122.0
P00044,leg2-cruise,7284.7871667783165,7289.72667396904,直连,,102.27170614710434,122.0
P00041,leg2-cruise,7287.389495691806,7297.138666835631,直连,,94.15421010033019,122.0
P00010,leg2-cruise,7288.2945550194545,7293.194281128246,直连,,101.29170902586318,122.0
P00026,leg2-descent,7288.803271209153,7298.6721435507325,直连,,91.81048595601354,122.0
P00044,leg2-cruise,7289.72667396904,7294.666181159764,直连,,101.78779478290846,122.0
P00028,leg2-descent,7290.423125666172,7300.231498957189,直连,,84.34617482106333,122.0
P00010,leg2-cruise,7293.194281128246,7298.094007237038,直连,,100.72729383032691,122.0
P00044,leg2-cruise,7294.666181159764,7299.605688350489,直连,,101.27923950748433,122.0
P00041,leg2-cruise,7297.138666835631,7306.887837979455,直连,,93.11381129236307,122.0
P00010,leg2-cruise,7298.094007237038,7302.993733345829,直连,,100.12482126300362,122.0
P00026,leg2-descent,7298.6721435507325,7308.541015892312,直连,,91.23843927270997,122.0
P00044,leg2-cruise,7299.605688350489,7304.545195541214,直连,,100.74401180984714,122.0
P00028,leg2-descent,7300.231498957189,7310.039872248204,直连,,82.93861204965945,122.0
P00010,leg2-cruise,7302.993733345829,7307.89345945462,直连,,99.47899510126751,122.0
P00044,leg2-cruise,7304.545195541214,7309.484702731937,直连,,100.18000205224538,122.0
P00041,leg2-cruise,7306.887837979455,7316.637009123279,直连,,92.48223506047374,122.0
P00010,leg2-cruise,7307.89345945462,7312.7931855634115,直连,,98.78339295126604,122.0
P00026,leg2-descent,7308.541015892312,7318.409888233892,直连,,90.62604512575511,122.0
P00044,leg2-cruise,7309.484702731937,7314.424209922661,直连,,99.58511249189763,122.0
P00028,leg2-descent,7310.039872248204,7319.8482455392195,直连,,81.25798921101293,122.0
P00010,leg2-cruise,7312.7931855634115,7317.692911672203,直连,,98.03015103102064,122.0
P00044,leg2-cruise,7314.424209922661,7319.363717113386,直连,,98.95743137329424,122.0
P00041,leg2-descent,7316.637009123279,7326.283767749582,直连,,92.13973304737473,122.0
P00010,leg2-cruise,7317.692911672203,7322.592637780994,直连,,97.20954950136195,122.0
P00026,leg2-descent,7318.409888233892,7328.278760575472,直连,,89.96717712516603,122.0
P00044,leg2-cruise,7319.363717113386,7324.303224304111,直连,,98.2955446640295,122.0
P00028,leg2-descent,7319.8482455392195,7329.656618830235,直连,,79.1722303195717,122.0
P00010,leg2-cruise,7322.592637780994,7327.492363889785,直连,,96.30947713813511,122.0
P00044,leg2-cruise,7324.303224304111,7329.2427314948345,直连,,97.59907860617432,122.0
P00041,leg2-descent,7326.283767749582,7335.930526375883,直连,,91.60242445135648,122.0
P00010,leg2-cruise,7327.492363889785,7332.392089998577,直连,,95.31477835103321,122.0
P00026,leg2-descent,7328.278760575472,7338.147632917052,直连,,89.25419804079414,122.0
P00044,leg2-cruise,7329.2427314948345,7334.182238685558,直连,,96.86962165946659,122.0
P00028,leg2-descent,7329.656618830235,7339.46499212125,直连,,76.42181341719161,122.0
P00010,leg2-cruise,7332.392089998577,7337.2918161073685,直连,,94.20658511490686,122.0
P00044,leg2-cruise,7334.182238685558,7339.121745876283,直连,,96.1122471601137,122.0
P00041,leg2-descent,7335.930526375883,7345.577285002186,直连,,91.0296734698302,122.0
P00010,leg2-cruise,7337.2918161073685,7342.19154221616,直连,,92.9620812010712,122.0
P00026,leg2-descent,7338.147632917052,7348.016505258632,直连,,88.47741815858137,122.0
P00044,leg2-cruise,7339.121745876283,7344.061253067008,直连,,95.33791849339684,122.0
P00028,leg2-descent,7339.46499212125,7349.273365412267,直连,,72.37371652610503,122.0
P00010,leg2-cruise,7342.19154221616,7347.091268324951,直连,,91.55629194094473,122.0
P00044,leg2-cruise,7344.061253067008,7349.000760257732,直连,,94.56699178321797,122.0
P00041,leg2-descent,7345.577285002186,7355.224043628487,直连,,90.4164720573186,122.0
P00010,leg2-cruise,7347.091268324951,7351.990994433742,直连,,89.97126021536451,122.0
P00026,leg2-descent,7348.016505258632,7357.8853776002115,直连,,87.62428679933393,122.0
P00044,leg2-cruise,7349.000760257732,7353.940267448455,直连,,93.83352953747098,122.0
P00028,leg2-descent,7349.273365412267,7359.081738703282,直连,,64.55078853857822,122.0
P00010,leg2-cruise,7351.990994433742,7356.890720542534,直连,,88.22973955965745,122.0
P00044,leg2-cruise,7353.940267448455,7358.87977463918,直连,,93.18865672612196,122.0
P00041,leg2-descent,7355.224043628487,7364.87080225479,直连,,89.75666946253962,122.0
P00010,leg2-cruise,7356.890720542534,7366.690172760116,直连,,85.77587868907372,122.0
P00026,leg2-descent,7357.8853776002115,7367.754249941791,直连,,86.67814183976634,122.0
P00044,leg2-cruise,7358.87977463918,7363.819281829905,直连,,92.6985371240184,122.0
P00028,leg2-descent,7359.081738703282,7368.8901119942975,直连,,57.82852039441878,122.0
P00044,leg2-cruise,7363.819281829905,7368.758789020629,直连,,92.4310420742167,122.0
P00041,leg2-descent,7364.87080225479,7374.517560881091,直连,,89.04259575115437,122.0
P00010,leg2-descent,7366.690172760116,7376.6257171937095,直连,,84.60040488341835,122.0
P00026,leg2-descent,7367.754249941791,7377.623122283371,直连,,85.61619126718043,122.0
P00044,leg2-descent,7368.758789020629,7378.624792161165,直连,,92.18697046648366,122.0
P00041,leg2-descent,7374.517560881091,7384.164319507394,直连,,88.26451625618456,122.0
P00010,leg2-descent,7376.6257171937095,7386.561261627304,直连,,83.51236701731824,122.0
P00026,leg2-descent,7377.623122283371,7387.491994624951,直连,,84.40608051945526,122.0
P00044,leg2-descent,7378.624792161165,7388.490795301701,直连,,91.75229016516307,122.0
P00041,leg2-descent,7384.164319507394,7393.811078133695,直连,,87.4098167699784,122.0
P00010,leg2-descent,7386.561261627304,7396.496806060897,直连,,82.2682519360738,122.0
P00026,leg2-descent,7387.491994624951,7397.360866966531,直连,,82.99965981660448,122.0
P00044,leg2-descent,7388.490795301701,7398.356798442237,直连,,91.29470526165954,122.0
P00041,leg2-descent,7393.811078133695,7403.457836759998,直连,,86.46174236508743,122.0
P00010,leg2-descent,7396.496806060897,7406.432350494491,直连,,80.81566069071103,122.0
P00026,leg2-descent,7397.360866966531,7407.229739308111,直连,,81.32066639467057,122.0
P00044,leg2-descent,7398.356798442237,7408.222801582773,直连,,90.81166700913789,122.0
P00041,leg2-descent,7403.457836759998,7413.1045953863,直连,,85.39735988929216,122.0
P00010,leg2-descent,7406.432350494491,7416.367894928085,直连,,79.0703774778178,122.0
P00026,leg2-descent,7407.229739308111,7417.098611649691,直连,,79.23742082262993,122.0
P00044,leg2-descent,7408.222801582773,7418.088804723309,直连,,90.30017604230427,122.0
P00041,leg2-descent,7413.1045953863,7422.751354012602,直连,,84.18408912653277,122.0
P00010,leg2-descent,7416.367894928085,7426.303439361678,直连,,76.88390449662671,122.0
P00026,leg2-descent,7417.098611649691,7426.9674839912705,直连,,76.49138805641117,122.0
P00044,leg2-descent,7418.088804723309,7427.954807863846,直连,,89.75666946253959,122.0
P00041,leg2-descent,7422.751354012602,7432.398112638904,直连,,82.7733957321784,122.0
P00010,leg2-descent,7426.303439361678,7436.238983795272,直连,,73.95488958802795,122.0
P00026,leg2-descent,7426.9674839912705,7436.83635633285,直连,,72.45287326204605,122.0
P00044,leg2-descent,7427.954807863846,7437.820811004382,直连,,89.1768701780031,122.0
P00041,leg2-descent,7432.398112638904,7442.044871265206,直连,,81.08830369097663,122.0
P00010,leg2-descent,7436.238983795272,7446.174528228866,直连,,69.50283613035836,122.0
P00026,leg2-descent,7436.83635633285,7446.70522867443,直连,,64.6674283183492,122.0
P00044,leg2-descent,7437.820811004382,7447.686814144919,直连,,88.55558226620917,122.0
P00041,leg2-descent,7442.044871265206,7451.6916298915085,直连,,78.99564504974266,122.0
P00010,leg2-descent,7446.174528228866,7456.11007266246,直连,,59.88462355502875,122.0
P00026,leg2-descent,7446.70522867443,7456.57410101601,直连,,57.74323227086145,122.0
P00044,leg2-descent,7447.686814144919,7457.552817285455,直连,,87.88640734906649,122.0
P00041,leg2-descent,7451.6916298915085,7461.33838851781,直连,,76.23317457050304,122.0
P00010,leg2-descent,7456.11007266246,7466.045617096053,直连,,60.11003057093611,122.0
P00044,leg2-descent,7457.552817285455,7467.418820425991,直连,,87.16134231098862,122.0
P00041,leg2-descent,7461.33838851781,7470.9851471441125,直连,,72.15865338221036,122.0
P00044,leg2-descent,7467.418820425991,7477.284823566527,直连,,86.37019330661073,122.0
P00041,leg2-descent,7470.9851471441125,7480.631905770414,直连,,64.23129580096838,122.0
P00044,leg2-descent,7477.284823566527,7487.150826707063,直连,,85.4996951725188,122.0
P00041,leg2-descent,7480.631905770414,7490.2786643967165,直连,,58.0523322035338,122.0
P00044,leg2-descent,7487.150826707063,7585.810858112425,直连,,84.53213845054819,122.0
